"state_code","state","id","name","longitude","latitude","primary_category","alternate_categories","address","locality","postcode","region","country","phones","emails","websites","socials","brand","confidence","operating_status","version","source_datasets","source_licenses","source_update_times"
"AR","Arkansas","0033965e-311d-4052-87f0-3b40ffc9e76b","Fred W Dietrich","-92.8319129993734","33.5863500590511","dentist","","206 Van Buren St NW","Camden","71701","AR","US","(870) 836-6802","","http://dietrichfreddds.placeweb.site","https://www.facebook.com/148662081844156","","0.77","","5","Foursquare | Overture","Apache-2.0 | CDLA-Permissive-2.0","2025-08-22T00:00:00.000 | 2026-06-11T11:57:15Z"
"AR","Arkansas","004f8662-70fe-4561-8cb5-2651108b12d6","Ozark Comprehensive Dentistry","-94.18808368","36.32634849","dentist","general_dentistry | cosmetic_dentist","701 S Horsebarn Rd","Rogers","72758-8794","AR","US","+14793724500","toothconnection@gmail.com","http://KeytoHealthDentistry.com/","https://www.facebook.com/245313132255423","","0.9199122190475464","open","8","meta | Overture | Overture-signals","CDLA-Permissive-2.0","2026-04-27T00:00:00.000Z | 2026-06-11T11:57:15Z | 2026-05-12T00:29:08Z | 2026-05-18T13:23:54Z | 2026-05-25T13:08:59Z | 2026-06-01T13:20:32Z | 2026-06-08T13:20:12Z"
"AR","Arkansas","0094c70e-73b4-4651-8e5b-9a34b856e9c8","DDS 4 Arkansas","-90.65762732","35.86091425","dentist","orthodontist | health_and_medical","1804 Old Greensboro Rd","Jonesboro","72405-0003","AR","US","+18703368323","tfry@higginbothamfamilydental.com","http://dds4arkansas.com/","https://www.facebook.com/931777500230015","","0.7759526371955872","","7","meta | Overture","CDLA-Permissive-2.0","2026-04-27T00:00:00.000Z | 2026-06-11T11:57:15Z"
"AR","Arkansas","0283579e-1ed0-4d4b-b3ef-1f307e8fca53","Turcios Jose DDS","-92.40497247","34.75677231","dentist","general_dentistry","315 N Bowman Rd","Little Rock","72211-2735","AR","US","+15012465186","","http://www.healthysmilesarkansas.com","https://www.facebook.com/791918310936394","Healthy Smiles Bowman/Geyer Springs","0.9199122190475464","open","8","meta | Overture | Overture-signals","CDLA-Permissive-2.0","2026-04-27T00:00:00.000Z | 2026-06-11T11:57:15Z | 2026-05-12T00:29:08Z | 2026-05-18T13:23:54Z | 2026-05-25T13:08:59Z | 2026-06-01T13:20:32Z | 2026-06-08T13:20:12Z"
"AR","Arkansas","029b31c0-4a45-40bc-b95a-c4b01f1f9051","Family Dental Care of Rogers","-94.16014015","36.33411289","dentist","general_dentistry | medical_service_organizations","2886 W Walnut St","Rogers","72756-0335","AR","US","+14798885362","","https://familydentalcareofrogers.com/","https://www.facebook.com/416370281832333","Dental Health Society online","0.9902192950248718","open","9","meta | Overture | Overture-signals","CDLA-Permissive-2.0","2026-04-27T00:00:00.000Z | 2026-06-11T11:57:15Z | 2026-05-12T00:29:08Z | 2026-05-18T13:23:54Z | 2026-05-25T13:08:59Z | 2026-06-01T13:20:32Z | 2026-06-08T13:20:12Z"
"AR","Arkansas","03119ed7-fb73-4c18-9159-19bfe677cbf0","Cavity Critters","-90.679978","35.827995","dentist","","2007 E Nettleton Ave","Jonesboro","72401-5286","AR","US","+18708975683","cavitycritters@gmail.com","http://www.cavitycritters.com/","https://www.facebook.com/113075396761008","","0.7377611994743347","","8","meta | Overture","CDLA-Permissive-2.0","2026-04-27T00:00:00.000Z | 2026-06-11T11:57:15Z"
"AR","Arkansas","0315c2e8-c457-4660-bad5-7ca4a1d476ce","T.D. Jennings Family Dentistry","-94.41329684","35.35601444","dentist","doctor | cosmetic_dentist","2910 Jenny Lind Rd","Fort Smith","72901-6733","AR","US","+14797854107","","https://www.bestflowers.com/?srccode=superpages","https://www.facebook.com/397993057345733","","0.9199122190475464","open","6","meta | Overture | Overture-signals","CDLA-Permissive-2.0","2026-04-27T00:00:00.000Z | 2026-06-11T11:57:15Z | 2026-05-12T00:29:08Z | 2026-05-18T13:23:54Z | 2026-05-25T13:08:59Z | 2026-06-01T13:20:32Z | 2026-06-08T13:20:12Z"
"AR","Arkansas","0371f3c0-89a0-4aa9-bb59-6784c0cd030d","Dr. Richard Scarbrough","-90.1888895","35.20212938","dentist","general_dentistry","2551 State Highway 77","Marion","72364-2008","AR","US","+18707393600","","http://www.scarbroughfamilydds.com","https://www.facebook.com/658868457568093","","0.563014030456543","","8","meta | Overture","CDLA-Permissive-2.0","2026-04-27T00:00:00.000Z | 2026-06-11T11:57:15Z"
"AR","Arkansas","03939d9b-4272-4a32-9cfd-202f6e984608","Cox Lewis DDS","-93.14169925","34.46670244","dentist","general_dentistry","1629 Airport Rd","Hot Springs National Park","71913-8069","AR","US","+15017679329","","http://www.hamiltonwestdental.com","https://www.facebook.com/187466474613667","","0.561810314655304","","7","meta | Overture","CDLA-Permissive-2.0","2026-04-27T00:00:00.000Z | 2026-06-11T11:57:15Z"
"AR","Arkansas","03edadb2-6006-4513-96d6-0e6f30f8295e","Rodriguez Dentistry","-94.16342668","36.17217968","dentist","general_dentistry | health_and_medical","1521 Executive Pl","Springdale","72762-4260","AR","US","+14792501516","smiles@dentistrynwa.com","http://www.RodriguezDentistryNWA.com/","https://www.facebook.com/529343270799651","","0.9199122190475464","open","9","meta | Overture | Overture-signals","CDLA-Permissive-2.0","2026-04-27T00:00:00.000Z | 2026-06-11T11:57:15Z | 2026-05-12T00:29:08Z | 2026-05-18T13:23:54Z | 2026-05-25T13:08:59Z | 2026-06-01T13:20:32Z | 2026-06-08T13:20:12Z"
"AR","Arkansas","043501f3-1152-475f-8cdf-6ee55fe83bee","Chuck Kauffman","-92.41485281699","33.8120266919762","dentist","","305 Graham St","Fordyce","71742","AR","US","(870) 352-2880","","http://www.kaufmandental.com","","","0.9199122190475464","open","4","Foursquare | Overture | Overture-signals","Apache-2.0 | CDLA-Permissive-2.0","2025-08-22T00:00:00.000 | 2026-06-11T11:57:15Z | 2026-05-12T00:29:08Z | 2026-05-18T13:23:54Z | 2026-05-25T13:08:59Z | 2026-06-01T13:20:32Z | 2026-06-08T13:20:12Z"
"AR","Arkansas","04d20d2f-1355-47a8-88f7-3a7cec8f37b1","East Point Dental Clinic","-94.339561","35.346139","dentist","cosmetic_dentist | family_practice","8309 Phoenix Ave","Fort Smith","72903-6141","AR","US","+14794847645","","http://www.eastpointdentalclinic.com","https://www.facebook.com/131515610235227","","0.7538877129554749","","7","meta | Overture","CDLA-Permissive-2.0","2026-04-27T00:00:00.000Z | 2026-06-11T11:57:15Z"
"AR","Arkansas","04f79a3b-6e47-4b02-ac15-351f59f97ad2","Dr. Kenneth R. Thompson","-94.20188837","36.34419433","dentist","family_practice | health_and_medical","2701 SE G St","Bentonville","72712-3783","AR","US","+14792735345","","","https://www.facebook.com/168130353198065","","0.9199122190475464","open","7","meta | Overture | Overture-signals","CDLA-Permissive-2.0","2026-04-27T00:00:00.000Z | 2026-06-11T11:57:15Z | 2026-05-12T00:29:08Z | 2026-05-18T13:23:54Z | 2026-05-25T13:08:59Z | 2026-06-01T13:20:32Z | 2026-06-08T13:20:12Z"
"AR","Arkansas","04fd488f-a066-401c-9cc6-3dae44ec4322","J. Scott Parker Dentistry","-93.0596178","34.47262969","dentist","general_dentistry | health_and_medical","3401 Central Ave","Hot Springs","71913-6216","AR","US","+15016242001","dana@scottparkerdds.com","","https://www.facebook.com/116593791786488","","0.9199122190475464","open","9","meta | Overture | Overture-signals","CDLA-Permissive-2.0","2026-04-27T00:00:00.000Z | 2026-06-11T11:57:15Z | 2026-05-12T00:29:08Z | 2026-05-18T13:23:54Z | 2026-05-25T13:08:59Z | 2026-06-01T13:20:32Z | 2026-06-08T13:20:12Z"
"AR","Arkansas","0529dae6-6634-4a66-bf34-d3fe6599cc40","Scarbrough Dentistry","-91.76171967","35.24670907","dentist","general_dentistry | health_and_medical","2011 W Beebe-Capps Expy","Searcy","72143-5014","AR","US","+15012799599","josephrscarbrough@sbcglobal.net","http://www.scarbroughdentistry.com/","https://www.facebook.com/186212638125444","Scarbrough Dentistry","0.9996001777648926","open","9","meta | Overture | Overture-signals","CDLA-Permissive-2.0","2026-04-27T00:00:00.000Z | 2026-06-11T11:57:15Z | 2026-05-12T00:29:08Z"
"AR","Arkansas","058a7e1a-1abd-4393-8eb1-0ece54f8e637","Bartlett Jennifer Hubbard DDS","-93.110416","36.23587","dentist","physical_therapy | health_and_medical","315 W Bower Ave","Harrison","72601-3524","AR","US","+18707417117","","http://www.bartlettfamilydentistry.com/","https://www.facebook.com/570691466412001","","0.5596906542778015","","1","meta | Overture","CDLA-Permissive-2.0","2026-04-27T00:00:00.000Z | 2026-06-11T11:57:15Z"
"AR","Arkansas","05fb11fb-59f9-48ce-99bd-98f96b7498e5","Fusilier Dental Group","-92.996377","34.679111","dentist","","101 Dentista Drive","Hot Springs Village","71909","AR","US","+15015887548","","https://www.fusilierdentalgroup.com/","","","0.9199122190475464","open","8","DAC | Overture | Overture-signals","CDLA-Permissive-2.0","2026-06-10T16:03:35.911Z | 2026-06-11T11:57:15Z | 2026-05-12T00:29:08Z | 2026-05-18T13:23:54Z | 2026-05-25T13:08:59Z | 2026-06-01T13:20:32Z | 2026-06-08T13:20:12Z"
"AR","Arkansas","06635ed7-7504-4360-b029-67d0dc666e10","Northwest Dental Care of West Fork","-94.17850369","35.94347961","dentist","general_dentistry | health_and_medical","439 N Centennial Ave","West Fork","72774-2708","AR","US","+14798392273","officenorthwestdentalcare@gmail.com","http://www.northwestdentalcare.com/","https://www.facebook.com/377609122326155","Northwest Dental Care of West Fork","0.9199122190475464","open","8","meta | Overture | Overture-signals","CDLA-Permissive-2.0","2026-04-27T00:00:00.000Z | 2026-06-11T11:57:15Z | 2026-05-12T00:29:08Z | 2026-05-18T13:23:54Z | 2026-05-25T13:08:59Z | 2026-06-01T13:20:32Z | 2026-06-08T13:20:12Z"
"AR","Arkansas","0672e861-a1f2-4891-83dc-2b5142473151","Gentle Dental","-94.5576055","36.18218885","dentist","general_dentistry | health_and_medical","1675 W Jefferson St","Siloam Springs","72761-3001","AR","US","+14795246182","hello@ilovegentledental.com","http://www.ilovegentledental.com/","https://www.facebook.com/113797212019034","Gentle Dental","0.9902192950248718","open","8","meta | Overture | Overture-signals","CDLA-Permissive-2.0","2026-04-27T00:00:00.000Z | 2026-06-11T11:57:15Z | 2026-05-12T00:29:08Z | 2026-05-18T13:23:54Z | 2026-05-25T13:08:59Z | 2026-06-01T13:20:32Z | 2026-06-08T13:20:12Z"
"AR","Arkansas","076f229c-cfd8-4db6-8c07-802d6c15666a","Dr. Thomas Bush","-92.38754444","34.76551524","dentist","central_government_office | family_practice","1215 Breckenridge Dr","Little Rock","72205-1586","AR","US","+15012279588","","","https://www.facebook.com/374843152583191","","0.8963751196861267","","7","meta | Overture","CDLA-Permissive-2.0","2026-04-27T00:00:00.000Z | 2026-06-11T11:57:15Z"
"AR","Arkansas","0771dd28-4a0f-4d39-a80b-59b9aab0dafc","Jim Moore, DDS, MSD","-92.0073000974212","34.1987787532496","dentist","","3024 S Olive St","Pine Bluff","71603","AR","US","(870) 536-2650","","http://www.jimmooreorthodontics.com","","","0.77","","5","Foursquare | Overture","Apache-2.0 | CDLA-Permissive-2.0","2025-08-22T00:00:00.000 | 2026-06-11T11:57:15Z"
"AR","Arkansas","0783ae09-c351-4943-a733-ea79abdd32ff","dr chason","-91.3669784064812","35.2817533550082","dentist","","216 S 2nd St","Augusta","72006","AR","US","(870) 347-2931","","http://augusta-ar.getbeauty-gethealth.com","","","0.77","","5","Foursquare | Overture","Apache-2.0 | CDLA-Permissive-2.0","2025-08-22T00:00:00.000 | 2026-06-11T11:57:15Z"
"AR","Arkansas","083a20b8-e319-41d4-995f-f5721f16b0e3","Rock Family Dental","-94.1565017007339","36.1158268435958","dentist","","3533 N Shiloh Dr Ste 3","Fayetteville","72703","AR","US","(479) 439-4974","fayettevilleshiloh@rockfamilydental.com","https://rockfamilydental.com/location/fayetteville-ar-dentist/","https://www.twitter.com/arbraces | https://www.facebook.com/1421184531344045","","0.9199122190475464","open","4","Foursquare | Overture | Overture-signals","Apache-2.0 | CDLA-Permissive-2.0","2020-12-22T00:00:00.000 | 2026-06-11T11:57:15Z | 2026-05-12T00:29:08Z | 2026-05-18T13:23:54Z | 2026-05-25T13:08:59Z | 2026-06-01T13:20:32Z | 2026-06-08T13:20:12Z"
"AR","Arkansas","089abe84-30e1-412b-8766-c7706cdf8121","Vilonia Family Dental Care","-92.19671816","35.08627116","dentist","general_dentistry","1163 Main St","Vilonia","72173-8083","AR","US","+15012845790","","https://www.viloniafamilydental.com/","https://www.facebook.com/110368258293311","","0.9970196813344956","","9","meta | Overture","CDLA-Permissive-2.0","2026-04-27T00:00:00.000Z | 2026-06-11T11:57:15Z"
"AR","Arkansas","08cb8ecc-2a4b-4ec8-99da-b9072fa432a8","Brotherton Don DDS","-92.67039959","33.21525541","dentist","medical_service_organizations | cosmetic_dentist","419 Thompson Ave","El Dorado","71730-4553","AR","US","+18708621971","","www.healthgrades.com/dentist/dr-len-brotherton-yc28y","https://www.facebook.com/217445951608270","","0.9199122190475464","open","6","meta | Overture | Overture-signals","CDLA-Permissive-2.0","2026-04-27T00:00:00.000Z | 2026-06-11T11:57:15Z | 2026-05-12T00:29:08Z | 2026-05-18T13:23:54Z | 2026-05-25T13:08:59Z | 2026-06-01T13:20:32Z | 2026-06-08T13:20:12Z"
"AR","Arkansas","09818314-7f43-463a-802d-aaf73c87ca28","Morrison Steve DDS","-91.84472578","33.94164469","dentist","general_dentistry | health_and_medical","112 W Bradley St","Star City","71667-5114","AR","US","+18706285131","","","https://www.facebook.com/122418944482319","","0.9199122190475464","open","7","meta | Overture | Overture-signals","CDLA-Permissive-2.0","2026-04-27T00:00:00.000Z | 2026-06-11T11:57:15Z | 2026-05-12T00:29:08Z | 2026-05-18T13:23:54Z | 2026-05-25T13:08:59Z | 2026-06-01T13:20:32Z | 2026-06-08T13:20:12Z"
"AR","Arkansas","09add93c-9592-4a39-897d-0eece5a32efc","Healthy Smiles","-92.34392942","34.67253801","dentist","general_dentistry | health_and_medical","8517 Geyer Springs Rd","Little Rock","72209-4949","AR","US","+15012465145","office@healthysmilesarkansas.com","http://www.HEALTHYSMILESARKANSAS.COM/","https://www.facebook.com/139280667969","Healthy Smiles Bowman/Geyer Springs","0.9199122190475464","open","9","meta | Overture | Overture-signals","CDLA-Permissive-2.0","2026-04-27T00:00:00.000Z | 2026-06-11T11:57:15Z | 2026-05-12T00:29:08Z | 2026-05-18T13:23:54Z | 2026-05-25T13:08:59Z | 2026-06-01T13:20:32Z | 2026-06-08T13:20:12Z"
"AR","Arkansas","0a46345e-fbff-4438-8f2e-c126ab8b3d37","Dr. Brittany L. McLaughlin, Fort Smith Dentist","-94.3762139","35.35944662","dentist","general_dentistry","2420 S 51st Ct","Fort Smith","72903-3669","AR","US","+14794521738","office@mclaughlindmd.com","https://www.mclaughlindmd.com/","https://www.facebook.com/228312613705428","","0.9199122190475464","open","7","meta | Overture | Overture-signals","CDLA-Permissive-2.0","2026-04-27T00:00:00.000Z | 2026-06-11T11:57:15Z | 2026-05-12T00:29:08Z | 2026-05-18T13:23:54Z | 2026-05-25T13:08:59Z | 2026-06-01T13:20:32Z | 2026-06-08T13:20:12Z"
"AR","Arkansas","0a589ee2-8b44-4a51-b7af-90ea6ff040bb","Fulks Family Dentistry","-92.5812703142735","34.5744155610412","dentist","","1200 Ferguson Dr Ste 4","Benton","72015","AR","US","(501) 778-9222","","http://fulksfamilydentistry.com","","","0.9199122190475464","open","4","Foursquare | Overture | Overture-signals","Apache-2.0 | CDLA-Permissive-2.0","2025-08-05T00:00:00.000 | 2026-06-11T11:57:15Z | 2026-05-12T00:29:08Z | 2026-05-18T13:23:54Z | 2026-05-25T13:08:59Z | 2026-06-01T13:20:32Z | 2026-06-08T13:20:12Z"
"AR","Arkansas","0a61dec7-cc1e-4c6a-8557-c8eeeae2d1d4","Heber Springs Dental Care","-92.02915348","35.49752154","dentist","endodontist | doctor","607 N 2nd St","Heber Springs","72543-2516","AR","US","+15013620550","heberspringsdental@gmail.com","https://www.heberspringsdentalcare.com/","https://www.facebook.com/1650187911893480","","0.9199122190475464","open","7","meta | Overture | Overture-signals","CDLA-Permissive-2.0","2026-04-27T00:00:00.000Z | 2026-06-11T11:57:15Z | 2026-05-12T00:29:08Z | 2026-05-18T13:23:54Z | 2026-05-25T13:08:59Z | 2026-06-01T13:20:32Z | 2026-06-08T13:20:12Z"
"AR","Arkansas","0add1b7f-6b2f-4c20-8c48-30ceb47330c7","Dickinson Dental","-92.40686899","34.74458218","dentist","cosmetic_dentist | general_dentistry","1111 S Bowman Rd","Little Rock","72211-3766","AR","US","+15012232900","dickinsonstaff@yahoo.com","http://www.drlesliedickinson.com/","https://www.facebook.com/315955190828","","0.9199122190475464","open","9","meta | Overture | Overture-signals","CDLA-Permissive-2.0","2026-04-27T00:00:00.000Z | 2026-06-11T11:57:15Z | 2026-05-12T00:29:08Z | 2026-05-18T13:23:54Z | 2026-05-25T13:08:59Z | 2026-06-01T13:20:32Z | 2026-06-08T13:20:12Z"
"AR","Arkansas","0b575795-2277-4d72-a23d-ab20a8147f15","Today's Family Dentistry","-91.7357731472593","35.245650753172","dentist","","400 S Main St #300","Searcy","72143","AR","US","(501) 268-3223","drjaredcoxoffice@yahoo.com","https://drcoxsmile.com","https://www.facebook.com/113276146881214 | https://www.instagram.com/tfdsearcy","","0.77","","3","Foursquare | Overture","Apache-2.0 | CDLA-Permissive-2.0","2021-03-17T00:00:00.000 | 2026-06-11T11:57:15Z"
"AR","Arkansas","0be62a83-ac78-4bf4-b80e-c8625ad5baaf","DMC Dental","-94.16215614","36.13324001","dentist","cosmetic_dentist | general_dentistry","2801 Main Dr","Fayetteville","72704-5264","AR","US","+14794423144","info@drchaneydds.com","http://www.drchaneydds.com/","https://www.facebook.com/488235364720786","","0.9199122190475464","open","7","meta | Overture | Overture-signals","CDLA-Permissive-2.0","2026-04-27T00:00:00.000Z | 2026-06-11T11:57:15Z | 2026-05-12T00:29:08Z | 2026-05-18T13:23:54Z | 2026-05-25T13:08:59Z | 2026-06-01T13:20:32Z | 2026-06-08T13:20:12Z"
"AR","Arkansas","0d511512-14ef-433a-bcf6-42018f9d68d5","Uams Dental Hygiene Clinic","-92.391232","36.325423","dentist","health_and_medical | hospital","421 W Wade Ave","Mountain Home","72653-4622","AR","US","+18704252260","","http://uams.edu","https://www.facebook.com/133187013399354","","0.8096607327461243","open","9","meta | Overture | Overture-signals","CDLA-Permissive-2.0","2026-04-27T00:00:00.000Z | 2026-06-11T11:57:15Z | 2026-06-08T13:20:12Z"
"AR","Arkansas","0d5c8d13-cd3a-4e01-8e26-973a17898cfb","William John William Arnett","-92.03026081","35.4935763","dentist","pediatric_dentist | health_and_medical","210 N 2nd St","Heber Springs","72543-3031","AR","US","+15012060977","","","https://www.facebook.com/316205775157750","","0.796280026435852","","2","meta | Overture","CDLA-Permissive-2.0","2026-04-27T00:00:00.000Z | 2026-06-11T11:57:15Z"
"AR","Arkansas","0d76a484-1668-4013-9658-a198651a8570","Douglas A Carmical PA","-94.145071","36.35157","dentist","health_and_medical","805 N 20th Pl Ste 2","Rogers","72756","AR","US","4796319393","","http://douglascarmicaldds.com/","","","0.85","","7","Microsoft | Overture","CDLA-Permissive-2.0","2013-01-27T23:53:00.250Z | 2026-06-11T11:57:15Z"
"AR","Arkansas","0d8b4341-0492-4fd2-b03c-4978a88320b6","Brien S. Douglas D.D.S.","-93.02426767","34.47434916","dentist","general_dentistry","2212 Malvern Ave","Hot Springs","71901-8043","AR","US","+15016239882","douglasbrien@gmail.com","","https://www.facebook.com/190444007491297","","0.9199122190475464","open","7","meta | Overture | Overture-signals","CDLA-Permissive-2.0","2026-04-27T00:00:00.000Z | 2026-06-11T11:57:15Z | 2026-05-12T00:29:08Z | 2026-05-18T13:23:54Z | 2026-05-25T13:08:59Z | 2026-06-01T13:20:32Z | 2026-06-08T13:20:12Z"
"AR","Arkansas","0dc84f82-a601-499b-8729-e2eb6834ddb2","Ryan Clinton Shearer","-92.22003502","34.78484484","dentist","general_dentistry","3401 Springhill Dr","North Little Rock","72117-2924","AR","US","+15019550155","shearer629@gmail.com","http://springhilldentalnlr.com/","https://www.facebook.com/300865616610391","Springhill Dental - Ryan Shearer, DDS","0.9199122190475464","open","9","meta | Overture | Overture-signals","CDLA-Permissive-2.0","2026-04-27T00:00:00.000Z | 2026-06-11T11:57:15Z | 2026-05-12T00:29:08Z | 2026-05-18T13:23:54Z | 2026-05-25T13:08:59Z | 2026-06-01T13:20:32Z | 2026-06-08T13:20:12Z"
"AR","Arkansas","0dd820ba-c482-420d-bd31-7f0644bcc170","Donny LYNN Quick","-92.4619009156358","35.091552459469","dentist","","2425 Prince St Ste 2","Conway","72034","AR","US","(501) 329-3223","","http://www.arkansasoralsurgery.com","","","0.9199122190475464","open","4","Foursquare | Overture | Overture-signals","Apache-2.0 | CDLA-Permissive-2.0","2025-09-03T00:00:00.000 | 2026-06-11T11:57:15Z | 2026-05-12T00:29:08Z | 2026-05-18T13:23:54Z | 2026-05-25T13:08:59Z | 2026-06-01T13:20:32Z | 2026-06-08T13:20:12Z"
"AR","Arkansas","0ed2bded-3ed6-4e66-96e4-e7b0d9750b0c","Family Dental Care","-90.9735782","36.26279133","dentist","general_dentistry | health_and_medical","412 W Broadway St","Pocahontas","72455-3423","AR","US","+18708924394","holtbaltz@yahoo.com","http://familydentalcaretx.com","https://www.facebook.com/125160217634381","","0.9199122190475464","open","7","meta | Overture | Overture-signals","CDLA-Permissive-2.0","2026-04-27T00:00:00.000Z | 2026-06-11T11:57:15Z | 2026-05-12T00:29:08Z | 2026-05-18T13:23:54Z | 2026-05-25T13:08:59Z | 2026-06-01T13:20:32Z | 2026-06-08T13:20:12Z"
"AR","Arkansas","0f02b6d0-0837-451b-878a-15a5675e4bc6","Anthony Bartels DDS","-90.69225059","35.81253238","dentist","general_dentistry | doctor","811 Windover Rd","Jonesboro","72401-6094","AR","US","+18709329911","financialcoordinator@bartelsfamilydentistry.com","https://www.anthonybartelsdds.com/","https://www.facebook.com/197526923600485","Anthony Bartels, DDS","0.9722161889076233","","10","meta | Overture","CDLA-Permissive-2.0","2026-04-27T00:00:00.000Z | 2026-06-11T11:57:15Z"
"AR","Arkansas","0fdbbad8-1651-4752-b42a-8152a5a1af4a","Family Dental","-90.5002406281017","36.0565957177356","dentist","","1105 W Court St","Paragould","72450","AR","US","(870) 239-4017","","http://www.familydentalassociates.com","","","0.9199122190475464","open","4","Foursquare | Overture | Overture-signals","Apache-2.0 | CDLA-Permissive-2.0","2025-08-22T00:00:00.000 | 2026-06-11T11:57:15Z | 2026-05-12T00:29:08Z | 2026-05-18T13:23:54Z | 2026-05-25T13:08:59Z | 2026-06-01T13:20:32Z | 2026-06-08T13:20:12Z"
"AR","Arkansas","0fdde630-138a-4803-8bf1-5789022ea302","Petkovich Family Dental","-92.3912984684505","36.3427627175923","dentist","","500 Hospital Dr","Mountain Home","72653","AR","US","(870) 497-2256","olivia.geels@aol.com","http://mtnhomedentist.com","https://www.facebook.com/343449119079238","","0.9199122190475464","open","4","Foursquare | Overture | Overture-signals","Apache-2.0 | CDLA-Permissive-2.0","2025-08-22T00:00:00.000 | 2026-06-11T11:57:15Z | 2026-05-12T00:29:08Z | 2026-05-18T13:23:54Z | 2026-05-25T13:08:59Z | 2026-06-01T13:20:32Z | 2026-06-08T13:20:12Z"
"AR","Arkansas","0ff1aeba-c384-434d-8fba-6bd0546bdf16","Monte A. Wheeler DDS PA","-94.21078467","36.17975462","dentist","general_dentistry | doctor","7247 Brooklyn Ave","Springdale","72762-0886","AR","US","+14797569996","contactus@springdaledds.com","https://twitter.com/#!/MonteWheelerDDS","https://www.facebook.com/125810820811623","","0.9199122190475464","open","7","meta | Overture | Overture-signals","CDLA-Permissive-2.0","2026-04-27T00:00:00.000Z | 2026-06-11T11:57:15Z | 2026-05-12T00:29:08Z | 2026-05-18T13:23:54Z | 2026-05-25T13:08:59Z | 2026-06-01T13:20:32Z | 2026-06-08T13:20:12Z"
"AR","Arkansas","108f5221-07d1-4a87-bcb6-ff576932ea97","Clark Family Dentistry","-92.40504423","35.09156125","dentist","general_dentistry | health_and_medical","1600 E Oak St","Conway","72032-4740","AR","US","+15013584101","conway@arsmilecenters.com","http://www.drnickclark.com/","https://www.facebook.com/332735060164856","","0.9199122190475464","open","7","meta | Overture | Overture-signals","CDLA-Permissive-2.0","2026-04-27T00:00:00.000Z | 2026-06-11T11:57:15Z | 2026-05-12T00:29:08Z | 2026-05-18T13:23:54Z | 2026-05-25T13:08:59Z | 2026-06-01T13:20:32Z | 2026-06-08T13:20:12Z"
"AR","Arkansas","10febb46-9cca-4d0d-bed6-6e7f6fb5e8bf","North River Dental","-92.23092079","34.82377722","dentist","general_dentistry | doctor","7522 Sylvan Hills Hwy","Sherwood","72120-4645","AR","US","+15018344800","northriversmiles@gmail.com","http://dacusdental.com/","https://www.facebook.com/302580853217299","","0.9937883019447327","","8","meta | Overture","CDLA-Permissive-2.0","2026-04-27T00:00:00.000Z | 2026-06-11T11:57:15Z"
"AR","Arkansas","11a5ea95-4599-4f36-91b6-cd9dea4e6b54","Family Dental Associates","-91.3391891","34.27891999","dentist","","1703 S Whitehead Dr","De Witt","72042","AR","US","+18709464564","hestirandallen@yahoo.com","https://www.hestirandallen.com/","https://www.facebook.com/225485613989564","","0.9199122190475464","open","8","meta | Overture | Overture-signals","CDLA-Permissive-2.0","2026-04-27T00:00:00.000Z | 2026-06-11T11:57:15Z | 2026-05-12T00:29:08Z | 2026-05-18T13:23:54Z | 2026-05-25T13:08:59Z | 2026-06-01T13:20:32Z | 2026-06-08T13:20:12Z"
"AR","Arkansas","11ad095d-8324-4642-8a7d-94ef63ad6a6d","Dr. Hannah Carter","-92.00458052","34.19062425","dentist","general_dentistry","3801 S Olive St","Pine Bluff","71603-64ND","AR","US","+18705366917","info@garretttaylordds.com","http://www.taylorandcarterfamilydentistry.com/","https://www.facebook.com/282310541869876","","0.9722161889076233","","5","meta | Overture","CDLA-Permissive-2.0","2026-04-27T00:00:00.000Z | 2026-06-11T11:57:15Z"
"AR","Arkansas","123a8b71-e4cc-437a-80d6-a8dddd9ad82e","KIDDS Dental Center","-93.0328215731857","34.4858488365527","dentist","","1911 Malvern Ave Ste B","Hot Springs","71901","AR","US","(501) 623-4433","kiddsdental@cablelynx.com","http://www.kiddsdentalcenter.com","https://www.facebook.com/102882169771837","","0.9199122190475464","open","7","Foursquare | Overture | Overture-signals","Apache-2.0 | CDLA-Permissive-2.0","2025-08-22T00:00:00.000 | 2026-06-11T11:57:15Z | 2026-05-12T00:29:08Z | 2026-05-18T13:23:54Z | 2026-05-25T13:08:59Z | 2026-06-01T13:20:32Z | 2026-06-08T13:20:12Z"
"AR","Arkansas","139ce8c3-3a02-4e45-8a9c-f75ad45fed0f","River Dental","-94.22379255","36.4240735","dentist","cosmetic_dentist","3489 Bella Vista Way","Bella Vista","72714-5740","AR","US","+14794698710","bellavista@riverdentalar.com","https://www.riverdentalar.com/bella-vista/","https://www.facebook.com/108963884997309","River Dental - Springdale","0.9199122190475464","open","8","meta | Overture | Overture-signals","CDLA-Permissive-2.0","2026-04-27T00:00:00.000Z | 2026-06-11T11:57:15Z | 2026-05-12T00:29:08Z | 2026-05-18T13:23:54Z | 2026-05-25T13:08:59Z | 2026-06-01T13:20:32Z | 2026-06-08T13:20:12Z"
"AR","Arkansas","13d91194-9f0b-4984-9ca8-2a0aee4bb79c","McAlister Dental Clinic","-93.744943","36.09631","dentist","doctor | restaurant","945 N Gaskill St","Huntsville","72740-8966","AR","US","+14797382580","","https://doctor.webmd.com/practice/mcalister-dental-clinic-7ccdcbc8-384d-429e-a207-08b534788e27-overview","https://www.facebook.com/648279245608636","","0.9273848533630371","","10","meta | Overture","CDLA-Permissive-2.0","2026-04-27T00:00:00.000Z | 2026-06-11T11:57:15Z"
"AR","Arkansas","1421cf03-b405-4441-9d94-61a11cd33b58","Conway Interfaith Clinic","-92.4199147","35.096825966667","dentist","hospital | health_and_medical","830 N Creek Dr","Conway","72032-4711","AR","US","+15019320559","information@conwayregional.org","https://www.conwayregional.org/locations/conway-regional-interfaith-dental-clinic?y_source=1_MTg1ODE3MTctNDQwLWxvY2F0aW9uLndlYnNpdGU=","https://www.facebook.com/389865374372835","","0.7080792188644409","","5","meta | Overture","CDLA-Permissive-2.0","2026-04-27T00:00:00.000Z | 2026-06-11T11:57:15Z"
"AR","Arkansas","1427dd5d-a313-4bde-bfbb-fddc6b928ac0","Dr. VanDyck Dentistry","-94.55942547","36.18202501","dentist","health_and_medical | medical_service_organizations","460 S Holly St","Siloam Springs","72761-3018","AR","US","+14795240333","vandyckdentistry@gmail.com","http://www.vandyckdentistry.com","https://www.facebook.com/172470636125431","","0.9199122190475464","open","6","meta | Overture | Overture-signals","CDLA-Permissive-2.0","2026-04-27T00:00:00.000Z | 2026-06-11T11:57:15Z | 2026-05-12T00:29:08Z | 2026-05-18T13:23:54Z | 2026-05-25T13:08:59Z | 2026-06-01T13:20:32Z | 2026-06-08T13:20:12Z"
"AR","Arkansas","142cd29b-d061-4dcf-8a56-5133c6eeaa2d","Southard Family Dentistry","-85.631945","38.237387","dentist","","2600 Browns Lane","Jonesboro","72401","AR","US","+18702772720","","","","","1","","3","DAC | Overture","CDLA-Permissive-2.0","2026-06-10T16:03:35.911Z | 2026-06-11T11:57:15Z"
"AR","Arkansas","14621957-7abc-4f81-91a0-25f6038a8fed","Morgan Family Dentistry","-91.79952798","33.22566314","dentist","cosmetic_dentist","303 W Lincoln St","Hamburg","71646-2907","AR","US","+18708532548","","https://www.ident.com/loginReferral.jsp","https://www.facebook.com/488275684373745","","0.9833246469497681","","7","meta | Overture","CDLA-Permissive-2.0","2026-04-27T00:00:00.000Z | 2026-06-11T11:57:15Z"
"AR","Arkansas","14f3a2ad-1b00-4ca6-bfdc-bef4bd38e6c0","Ward Clemmons DDS Implant & Comprehensive Dentistry","-94.39439748","35.34765501","dentist","general_dentistry","3600 Old Greenwood Rd","Fort Smith","72903-5930","AR","US","+14794346894","","http://www.wardclemmonsdds.com/","https://www.facebook.com/168239230041633","","0.9987394601106644","","9","meta | Overture","CDLA-Permissive-2.0","2026-04-27T00:00:00.000Z | 2026-06-11T11:57:15Z"
"AR","Arkansas","1511e8de-06e9-4aee-8a4f-7a45b4768270","Higginbotham Family Dentist","-90.5207594401456","35.6733869158763","dentist","","221 Highway 463 N","Trumann","72472","AR","US","(870) 483-5011","","http://www.higginbothamfamilydental.com","https://www.facebook.com/200558516809872","","0.9199122190475464","open","4","Foursquare | Overture | Overture-signals","Apache-2.0 | CDLA-Permissive-2.0","2025-08-22T00:00:00.000 | 2026-06-11T11:57:15Z | 2026-05-12T00:29:08Z | 2026-05-18T13:23:54Z | 2026-05-25T13:08:59Z | 2026-06-01T13:20:32Z | 2026-06-08T13:20:12Z"
"AR","Arkansas","151348ee-1729-4c81-b9ef-d98630a6b929","Markham Street Dental","-92.38709122","34.75421056","dentist","general_dentistry | cosmetic_dentist","10220 W Markham St","Little Rock","72205-2183","AR","US","+15016667623","info@markhamstdental.com","http://www.markhamstdental.com/","https://www.facebook.com/326237800804996","Markham Street Dental","0.9199122190475464","open","9","meta | Overture | Overture-signals","CDLA-Permissive-2.0","2026-04-27T00:00:00.000Z | 2026-06-11T11:57:15Z | 2026-05-12T00:29:08Z | 2026-05-18T13:23:54Z | 2026-05-25T13:08:59Z | 2026-06-01T13:20:32Z | 2026-06-08T13:20:12Z"
"AR","Arkansas","1592c6a1-ce98-4483-8051-9dac05a62211","My Dentist","-94.3569431503752","35.4597688290568","dentist","","1621 Fayetteville Rd","Van Buren","72956","AR","US","(479) 262-2038","mdvanburen@mydentalmail.com","http://mydentistvanburen.com","https://www.facebook.com/614436668644107","","0.9199122190475464","open","4","Foursquare | Overture | Overture-signals","Apache-2.0 | CDLA-Permissive-2.0","2025-08-22T00:00:00.000 | 2026-06-11T11:57:15Z | 2026-05-12T00:29:08Z | 2026-05-18T13:23:54Z | 2026-05-25T13:08:59Z | 2026-06-01T13:20:32Z | 2026-06-08T13:20:12Z"
"AR","Arkansas","1593dab1-f965-40b6-aac8-9f8e847c6ab2","Dr. Michael Fox Dentist","-92.21673558","34.80114913","dentist","general_dentistry | doctor","5106 McClanahan Dr","North Little Rock","72116-7063","AR","US","+15017539781","","http://dentalways.com/","https://www.facebook.com/238748079581351","Dentalways","0.9868237972259521","","1","meta | Overture","CDLA-Permissive-2.0","2026-04-27T00:00:00.000Z | 2026-06-11T11:57:15Z"
"AR","Arkansas","15c68e4c-f41d-4550-8499-024cd10b3d8d","Lauren Martin, DDS","-92.0050122491856","34.2006824836736","dentist","","2801 S Olive St Ste 36C","Pine Bluff","71603","AR","US","(870) 551-2575","","https://leapkidsdental.com/locations/pine-bluff","","","0.77","","5","Foursquare | Overture","Apache-2.0 | CDLA-Permissive-2.0","2025-09-03T00:00:00.000 | 2026-06-11T11:57:15Z"
"AR","Arkansas","15ea2f64-a087-4f87-875b-b4d57dba35ef","Halley Dental Lab","-94.12266603","36.12013899","dentist","","2680 E Joyce Blvd","Fayetteville","72703-4554","AR","US","+14794422261","","https://halleydentallab.com/contact","https://www.facebook.com/2561029847303042","","0.9199122190475464","open","7","meta | Overture | Overture-signals","CDLA-Permissive-2.0","2026-04-27T00:00:00.000Z | 2026-06-11T11:57:15Z | 2026-05-12T00:29:08Z | 2026-05-18T13:23:54Z | 2026-05-25T13:08:59Z | 2026-06-01T13:20:32Z | 2026-06-08T13:20:12Z"
"AR","Arkansas","16a438e9-2529-4b2b-b3fe-d2a17ace2bc5","Taylor Donald Everett","-92.8295777301497","33.5868857795282","dentist","","604 J A Dooley Womack Dr Ste A","Camden","71701","AR","US","(870) 836-5222","","https://brandeismansion.com","","","0.77","","5","Foursquare | Overture","Apache-2.0 | CDLA-Permissive-2.0","2025-08-22T00:00:00.000 | 2026-06-11T11:57:15Z"
"AR","Arkansas","1723ed23-2794-4aa2-ba49-a39bdd79c86f","Emmalee Beene Gregory","-93.2397324447984","33.2764511711105","dentist","","1018 N Washington","Magnolia","71753","AR","US","(870) 234-5244","","http://www.drgregory.com","https://www.facebook.com/132632863572702","","0.77","","5","Foursquare | Overture","Apache-2.0 | CDLA-Permissive-2.0","2025-08-22T00:00:00.000 | 2026-06-11T11:57:15Z"
"AR","Arkansas","1743f8cd-c63d-4d8a-a5c8-2e07e73e9328","Wade Robertson Family Dentistry","-92.25334155","34.8049182","dentist","general_dentistry | health_and_medical","5401 John F Kennedy Blvd","North Little Rock","72116-6739","AR","US","+15017714500","info@waderobertsonfamilydentistry.com","http://www.waderobertsonfamilydentistry.com/","https://www.facebook.com/260734277390760","","0.9199122190475464","open","7","meta | Overture | Overture-signals","CDLA-Permissive-2.0","2026-04-27T00:00:00.000Z | 2026-06-11T11:57:15Z | 2026-05-12T00:29:08Z | 2026-05-18T13:23:54Z | 2026-05-25T13:08:59Z | 2026-06-01T13:20:32Z | 2026-06-08T13:20:12Z"
"AR","Arkansas","17540fb4-dfe9-47ae-b811-484e850a9639","Ozark Modern Dentistry","-94.15993318","36.25425323","dentist","general_dentistry | cosmetic_dentist","101 Grant Pl","Lowell","72745-7103","AR","US","+14793796262","info@ozarkmoderndentistry.com","http://ozarkmoderndentistry.com/","https://www.facebook.com/109728808216612","","0.9199122190475464","open","7","meta | Overture | Overture-signals","CDLA-Permissive-2.0","2026-04-27T00:00:00.000Z | 2026-06-11T11:57:15Z | 2026-05-12T00:29:08Z | 2026-05-18T13:23:54Z | 2026-05-25T13:08:59Z | 2026-06-01T13:20:32Z | 2026-06-08T13:20:12Z"
"AR","Arkansas","1842afc7-1fe7-4945-8259-bb670adff74d","Culpepper Family Dentistry","-94.1348223586184","36.3391363614225","dentist","","620 N 13th St","Rogers","72756","AR","US","(479) 936-8877","culpepperdentistry@gmail.com","http://www.culpepperfamilydentistry.com","https://www.twitter.com/culpepperdental","","0.9199122190475464","open","4","Foursquare | Overture | Overture-signals","Apache-2.0 | CDLA-Permissive-2.0","2025-08-22T00:00:00.000 | 2026-06-11T11:57:15Z | 2026-05-12T00:29:08Z | 2026-05-18T13:23:54Z | 2026-05-25T13:08:59Z | 2026-06-01T13:20:32Z | 2026-06-08T13:20:12Z"
"AR","Arkansas","18a7f21a-8719-4d49-98a7-368116ccb824","Woodsprings Family Dentistry","-90.72803647","35.81892786","dentist","general_dentistry | doctor","1803 Woodsprings Rd","Jonesboro","72401-0903","AR","US","+18709328488","drsarahyarnelldds@gmail.com","https://www.woodspringsfamilydentistry.com/","https://www.facebook.com/255749187842198","","0.9998164246082306","open","11","meta | Overture | Overture-signals","CDLA-Permissive-2.0","2026-04-27T00:00:00.000Z | 2026-06-11T11:57:15Z | 2026-06-08T13:20:12Z"
"AR","Arkansas","18be26f7-b5ba-47f3-8d10-dcbf607464f8","Orthodontic Specialists of the Ozarks","-91.527546","36.262657","dentist","orthodontist","1995 US 62 412 Hwy","Highland","72542-9262","AR","US","+18708565553","","http://osoortho.com","https://www.facebook.com/402959656445593","","0.5067821741104126","","10","meta | Overture","CDLA-Permissive-2.0","2026-04-27T00:00:00.000Z | 2026-06-11T11:57:15Z"
"AR","Arkansas","18e6278b-6d9e-405e-9ed9-60fdcea805e6","Ronald J. Hill, DDS","-91.5484592","36.2595318","dentist","health_and_medical","1474 Highway 62 412 412","Highland","72542","AR","US","8708564050","","https://rockfamilydental.com/dentist/dr-ron-hill/","","","0.85","","5","Microsoft | Overture","CDLA-Permissive-2.0","2025-06-21T05:02:16.587Z | 2026-06-11T11:57:15Z"
"AR","Arkansas","19298438-f967-42da-a627-455d5059a8e0","Gregg A Alford D.M.D.","-93.06308919","34.46269161","dentist","general_dentistry | cosmetic_dentist","3812 Central Ave","Hot Springs","71913-6920","AR","US","+15015253266","greggalford@cablelynx.com","http://www.drgreggalford.com","https://www.facebook.com/116592638405922","","0.9199122190475464","open","8","meta | Overture | Overture-signals","CDLA-Permissive-2.0","2026-04-27T00:00:00.000Z | 2026-06-11T11:57:15Z | 2026-05-12T00:29:08Z | 2026-05-18T13:23:54Z | 2026-05-25T13:08:59Z | 2026-06-01T13:20:32Z | 2026-06-08T13:20:12Z"
"AR","Arkansas","199ff161-1ca9-46cf-8157-18540562aed6","Thomas Westbrook","-89.9090077","35.93333062","dentist","doctor | health_and_medical","507 Hutson St","Blytheville","72315-2415","AR","US","+18707625274","","http://gentledentalplace.com","https://www.facebook.com/130581653671632","","0.9718244671821594","","7","meta | Overture","CDLA-Permissive-2.0","2026-04-27T00:00:00.000Z | 2026-06-11T11:57:15Z"
"AR","Arkansas","19fb4735-1249-4f43-806e-ef1722402dd7","Harmony Hills Dentistry","-91.816965","35.785615","dentist","health_and_medical","505 ONeal Rd","Batesville","72501-8178","AR","US","+18707930976","shipleydds@yahoo.com","","https://www.facebook.com/609596432508111","","0.9884970188140869","","7","meta | Overture","CDLA-Permissive-2.0","2026-04-27T00:00:00.000Z | 2026-06-11T11:57:15Z"
"AR","Arkansas","1a56a2ab-974b-4bd1-9e58-9afe316b8d6f","David L Brewer","-92.8088446597515","34.3619926409805","dentist","","230 Pine Bluff St","Malvern","72104","AR","US","(501) 337-4908","","http://www.malverndentalcenter.net","https://www.facebook.com/111766175545715","","0.9199122190475464","open","4","Foursquare | Overture | Overture-signals","Apache-2.0 | CDLA-Permissive-2.0","2025-08-22T00:00:00.000 | 2026-06-11T11:57:15Z | 2026-05-12T00:29:08Z | 2026-05-18T13:23:54Z | 2026-05-25T13:08:59Z | 2026-06-01T13:20:32Z | 2026-06-08T13:20:12Z"
"AR","Arkansas","1a7aaf80-61f8-47c9-8a35-f8300e212c05","Fleischner, Van Bebber and Matone Dental Group","-93.02055433","34.46814051","dentist","general_dentistry | doctor","307 Carpenter Dam Rd","Hot Springs","71901-8282","AR","US","+15016243323","hotspringsdental@sbcglobal.net","http://hotspringsdental.com/","https://www.facebook.com/183949221973297","Fleischner Van Bebber Matone, Hot Springs National Park Dental Group","0.9415378570556641","","3","meta | Overture","CDLA-Permissive-2.0","2026-04-27T00:00:00.000Z | 2026-06-11T11:57:15Z"
"AR","Arkansas","1ab399e0-c156-4cd9-96e9-5b23b771b26c","Dr Blaine Leeds","-93.049201965332","35.2491912841797","dentist","","7146 Sr 247, Pottsville, AR 72858","Pottsville","72858","AR","US","(479) 858-7382","askdrleeds@gmail.com","http://www.drblaineleeds.com","","","0.9199122190475464","open","4","Foursquare | Overture | Overture-signals","Apache-2.0 | CDLA-Permissive-2.0","2025-08-22T00:00:00.000 | 2026-06-11T11:57:15Z | 2026-05-12T00:29:08Z | 2026-05-18T13:23:54Z | 2026-05-25T13:08:59Z | 2026-06-01T13:20:32Z | 2026-06-08T13:20:12Z"
"AR","Arkansas","1b149d6a-3349-432c-ab31-d74bbe2fd2c2","Community Dental Clinic","-94.39277394","35.40932697","dentist","general_dentistry","3428 N Armour Ave","Fort Smith","72904-4352","AR","US","+14797826021","communitydental17@gmail.com","https://www.cscdc.net/c-scdc-programs/community-dental-clinic/","https://www.facebook.com/1574974972759509","Community Dental Clinic, Fort Smith","0.9199122190475464","open","8","meta | Overture | Overture-signals","CDLA-Permissive-2.0","2026-04-27T00:00:00.000Z | 2026-06-11T11:57:15Z | 2026-05-12T00:29:08Z | 2026-05-18T13:23:54Z | 2026-05-25T13:08:59Z | 2026-06-01T13:20:32Z | 2026-06-08T13:20:12Z"
"AR","Arkansas","1b1872c2-0c53-4bc4-a566-790f1566215b","Dr. Michael Alley","-92.20616533","34.83231687","dentist","health_and_medical | medical_service_organizations","2800 E Kiehl Ave","Sherwood","72120-3244","AR","US","+15018355900","","https://www.aol.com","https://www.facebook.com/198233686870636","","0.9199122190475464","open","6","meta | Overture | Overture-signals","CDLA-Permissive-2.0","2026-04-27T00:00:00.000Z | 2026-06-11T11:57:15Z | 2026-05-12T00:29:08Z | 2026-05-18T13:23:54Z | 2026-05-25T13:08:59Z | 2026-06-01T13:20:32Z | 2026-06-08T13:20:12Z"
"AR","Arkansas","1b74f8ea-0d95-48cd-8271-373c14ebd205","River Dental","-94.25045577","36.0399739","dentist","general_dentistry | doctor","82 Southwinds Rd","Farmington","72730-8677","AR","US","+14792672266","farmington@riverdentalar.com","https://www.riverdentalar.com/farmington/","https://www.facebook.com/1628165274155919","River Dental - Springdale","0.9199122190475464","open","10","meta | Overture | Overture-signals","CDLA-Permissive-2.0","2026-04-27T00:00:00.000Z | 2026-06-11T11:57:15Z | 2026-05-12T00:29:08Z | 2026-05-18T13:23:54Z | 2026-05-25T13:08:59Z | 2026-06-01T13:20:32Z | 2026-06-08T13:20:12Z"
"AR","Arkansas","1b81688a-6232-45d4-b672-14b871f53205","John F Rommel DDS Family Dentistry","-93.4638690948486","35.4560382612829","dentist","","1204 S Rogers St","Clarksville","72830","AR","US","(479) 754-6424","","http://www.clarksvillecosmeticdentistry.com","","","0.77","","7","Foursquare | Overture","Apache-2.0 | CDLA-Permissive-2.0","2025-08-22T00:00:00.000 | 2026-06-11T11:57:15Z"
"AR","Arkansas","1c00aabb-67ab-45bb-b7d0-2b198b6c8774","J. Parham Dentistry","-94.16047983","36.18895314","dentist","general_dentistry","2707 W Huntsville Ave","Springdale","72762-7723","AR","US","+14797568631","jparhamdentistry@gmail.com","https://www.myspringdaledentist.com/","https://www.facebook.com/293304484166903","","0.9199122190475464","open","8","meta | Overture | Overture-signals","CDLA-Permissive-2.0","2026-04-27T00:00:00.000Z | 2026-06-11T11:57:15Z | 2026-05-12T00:29:08Z | 2026-05-18T13:23:54Z | 2026-05-25T13:08:59Z | 2026-06-01T13:20:32Z | 2026-06-08T13:20:12Z"
"AR","Arkansas","1c272502-27de-4ddf-afb6-50c606bd7da5","Dover Family Dentistry","-92.38096676","36.33637093","dentist","general_dentistry","400 S College St","Mountain Home","72653-3991","AR","US","+18704254777","drmattdoverdds@gmail.com","http://www.DoverFamilyDentistry.org/","https://www.facebook.com/345612535947463","","0.9199122190475464","open","8","meta | Overture | Overture-signals","CDLA-Permissive-2.0","2026-04-27T00:00:00.000Z | 2026-06-11T11:57:15Z | 2026-05-12T00:29:08Z | 2026-05-18T13:23:54Z | 2026-05-25T13:08:59Z | 2026-06-01T13:20:32Z | 2026-06-08T13:20:12Z"
"AR","Arkansas","1c4c6d84-21ab-4d7d-98b0-1178dcd4e0fa","Inman Family Dental Clinic","-91.74774188","34.78720905","dentist","health_and_medical | doctor","518 N Williams St","Carlisle","72024-8505","AR","US","+18705523500","","www.yellowpages.com/carlisle-ar/inman-dental-clinic","https://www.facebook.com/111070115623399","","0.9766343235969543","","9","meta | Overture","CDLA-Permissive-2.0","2026-04-27T00:00:00.000Z | 2026-06-11T11:57:15Z"
"AR","Arkansas","1c65b175-cb8a-4e95-bd30-534a2a962405","Village Dental Group","-92.88931506","34.64067839","dentist","general_dentistry | health_and_medical","1396 Desoto Blvd","Hot Springs Village","71909-7633","AR","US","+15019221045","villagedentalgroup@att.net","http://www.hsvdg.com/","https://www.facebook.com/160509893972312","","0.9199122190475464","open","7","meta | Overture | Overture-signals","CDLA-Permissive-2.0","2026-04-27T00:00:00.000Z | 2026-06-11T11:57:15Z | 2026-05-12T00:29:08Z | 2026-05-18T13:23:54Z | 2026-05-25T13:08:59Z | 2026-06-01T13:20:32Z | 2026-06-08T13:20:12Z"
"AR","Arkansas","1cb503c3-3dad-4cfa-aefe-e33c8c5dc3a0","Timmons Orthodontics","-92.405778255","34.756961049662","dentist","orthodontist | health_and_medical","315 N Bowman Rd","Little Rock","72211-2735","AR","US","+15012233758","","http://www.timmonsortho.com/","https://www.facebook.com/211189552226584","Timmons Orthodontics","0.5857953429222107","","9","meta | Overture","CDLA-Permissive-2.0","2026-04-27T00:00:00.000Z | 2026-06-11T11:57:15Z"
"AR","Arkansas","1cdb6877-821f-4ebb-b3c4-3de5307c12fd","Harris & Reynolds Family Dental","-92.422999","34.6623238","dentist","health_and_medical","9801 Stagecoach Rd","Little Rock","72210","AR","US","5014556100","","https://harrisandreynoldsdental.com/","","","0.85","","7","Microsoft | Overture","CDLA-Permissive-2.0","2022-01-31T22:55:53.883Z | 2026-06-11T11:57:15Z"
"AR","Arkansas","1d529195-6229-4314-809a-639630c19c37","George I. Alexander, DDS","-92.3912229097663","36.3427821627507","dentist","","500 Hospital Dr","Mountain Home","72653","AR","US","(870) 497-2256","mountainhome@rockfamilydental.com","http://mtnhomedentist.com/staff/home/","https://www.facebook.com/343449119079238","","0.9199122190475464","open","4","Foursquare | Overture | Overture-signals","Apache-2.0 | CDLA-Permissive-2.0","2020-10-10T00:00:00.000 | 2026-06-11T11:57:15Z | 2026-05-12T00:29:08Z | 2026-05-18T13:23:54Z | 2026-05-25T13:08:59Z | 2026-06-01T13:20:32Z | 2026-06-08T13:20:12Z"
"AR","Arkansas","1d95dba1-469a-4562-8660-5e2649558eac","Tyrer Dental Care","-90.68723199","35.81364194","dentist","endodontist | health_and_medical","2603 Browns Ln","Jonesboro","72401-7227","AR","US","+18709354060","appointments@tyrerdentalcare.com","http://www.tyrerdentalcare.com/","https://www.facebook.com/322082411172537","Tyrer Dental Care","0.9785863757133484","","7","meta | Overture","CDLA-Permissive-2.0","2026-04-27T00:00:00.000Z | 2026-06-11T11:57:15Z"
"AR","Arkansas","1dcfc763-8b0e-4068-88b7-89c5544135a1","James A. Remerscheid DDS","-94.3724345481086","35.3595713076496","dentist","","2407 S Waldron Rd","Fort Smith","72903","AR","US","(479) 484-1011","xray@ftsmithoralsurg.com","https://www.mercy.net/doctor/james-a-remerscheid-dds/","https://www.twitter.com/mercysaintlouis | https://www.facebook.com/126514604070489","","0.9199122190475464","open","9","Foursquare | Overture | Overture-signals","Apache-2.0 | CDLA-Permissive-2.0","2021-03-17T00:00:00.000 | 2026-06-11T11:57:15Z | 2026-05-12T00:29:08Z | 2026-05-18T13:23:54Z | 2026-05-25T13:08:59Z | 2026-06-01T13:20:32Z | 2026-06-08T13:20:12Z"
"AR","Arkansas","1dcfea16-4b51-4d7f-bba9-c37c62e2e2b4","Sherwood Smile","-92.21988026","34.83274803","dentist","general_dentistry | doctor","1118 E Kiehl Ave","Sherwood","72120-3036","AR","US","+15018345772","","http://www.sherwoodsmile.com/","https://www.facebook.com/108932929146200","","0.9926763772964478","","9","meta | Overture","CDLA-Permissive-2.0","2026-04-27T00:00:00.000Z | 2026-06-11T11:57:15Z"
"AR","Arkansas","1dd290ff-130e-4361-a5d9-b980ffb3044c","Parkes Dental Clinic","-93.1183384","35.36498239","dentist","general_dentistry | medical_service_organizations","7050 Market St","Dover","72837-9096","AR","US","+14799678603","","http://www.beamdentistrybydrparkes.com/","https://www.facebook.com/442604012792813","","0.9199122190475464","open","8","meta | Overture | Overture-signals","CDLA-Permissive-2.0","2026-04-27T00:00:00.000Z | 2026-06-11T11:57:15Z | 2026-05-12T00:29:08Z | 2026-05-18T13:23:54Z | 2026-05-25T13:08:59Z | 2026-06-01T13:20:32Z | 2026-06-08T13:20:12Z"
"AR","Arkansas","1e8abdba-1eb2-4740-9ab0-04a2325ddb4c","Dentalways","-92.21717292","34.80149999","dentist","general_dentistry | cosmetic_dentist","5106 McClanahan Dr","North Little Rock","72116-7063","AR","US","+15017537366","dentalways1@gmail.com","http://www.dentalways.com/","https://www.facebook.com/439538142770019","Dentalways","0.9199122190475464","open","9","meta | Overture | Overture-signals","CDLA-Permissive-2.0","2026-04-27T00:00:00.000Z | 2026-06-11T11:57:15Z | 2026-05-12T00:29:08Z | 2026-05-18T13:23:54Z | 2026-05-25T13:08:59Z | 2026-06-01T13:20:32Z | 2026-06-08T13:20:12Z"
"AR","Arkansas","1ea71a8a-e0b0-4bb2-ab89-d62ac74875f6","Shelton Family Dentistry","-91.63164099","35.76987152","dentist","general_dentistry | medical_service_organizations","1985 Harrison St","Batesville","72501-7309","AR","US","+18707937529","dmgrady3@yahoo.com","http://sheltonfamilydentistry.com/home.html","https://www.facebook.com/1345389932157722","","0.9199122190475464","open","7","meta | Overture | Overture-signals","CDLA-Permissive-2.0","2026-04-27T00:00:00.000Z | 2026-06-11T11:57:15Z | 2026-05-12T00:29:08Z | 2026-05-18T13:23:54Z | 2026-05-25T13:08:59Z | 2026-06-01T13:20:32Z | 2026-06-08T13:20:12Z"
"AR","Arkansas","1efb5fea-6963-4c66-a08c-1e974ada0995","McAlister T Kerry DDS","-94.1590964620789","36.0943712608634","dentist","health_and_medical | fast_food_restaurant","93 W Colt Square Dr","Fayetteville","72703-2851","AR","US","+14794429117","","","https://www.facebook.com/157389097635170","","0.9722161889076233","","9","meta | Overture","CDLA-Permissive-2.0","2026-04-27T00:00:00.000Z | 2026-06-11T11:57:15Z"
"AR","Arkansas","1f431697-c6f7-4840-ac6e-b6fe79035541","Carmical Dentistry","-94.29024095","36.47652258","dentist","general_dentistry | cosmetic_dentist","1198 Forest Hills Blvd","Bella Vista","72715-2391","AR","US","+14795050370","frontdesk@carmicaldentistry.com","https://www.carmicaldentistry.com","https://www.facebook.com/878529338673985","","0.9199122190475464","open","10","meta | Overture | Overture-signals","CDLA-Permissive-2.0","2026-04-27T00:00:00.000Z | 2026-06-11T11:57:15Z | 2026-05-12T00:29:08Z | 2026-05-18T13:23:54Z | 2026-05-25T13:08:59Z | 2026-06-01T13:20:32Z | 2026-06-08T13:20:12Z"
"AR","Arkansas","1fdb705c-e80f-4f1e-95de-0e8bea7f04c0","Inman Dental Clinic","-92.1990969","34.77098283","dentist","health_and_medical | doctor","1802 Highway 161","North Little Rock","72117-3702","AR","US","+15019452500","","https://inman-dental-clinic.business.site","https://www.facebook.com/160132164009829","Azusa Dental Clinic","0.9199122190475464","open","7","meta | Overture | Overture-signals","CDLA-Permissive-2.0","2026-04-27T00:00:00.000Z | 2026-06-11T11:57:15Z | 2026-05-12T00:29:08Z | 2026-05-18T13:23:54Z | 2026-05-25T13:08:59Z | 2026-06-01T13:20:32Z | 2026-06-08T13:20:12Z"
"AR","Arkansas","20e513da-0814-4472-a3e0-944a63372933","Family Dentistry","-94.2217501684151","36.382743898994","dentist","","911 N Walton Blvd Ste B","Bentonville","72712","AR","US","(479) 464-7500","info@bentonvillefamilydentistry.com","http://www.bentonvillefamilydentistry.com","https://www.facebook.com/696501577111755","","0.77","","3","Foursquare | Overture","Apache-2.0 | CDLA-Permissive-2.0","2026-01-06T00:00:00.000 | 2026-06-11T11:57:15Z"
"AR","Arkansas","21189e44-b918-4e13-ab50-7002f6370a7b","Chason Steve D DDS","-91.36682057","35.28177796","dentist","general_dentistry | doctor","216 S 2nd St","Augusta","72006-2603","AR","US","+18703472931","","https://chason-steve-d-dds.hub.biz/","https://www.facebook.com/125765554144466","","0.9800878167152405","","7","meta | Overture","CDLA-Permissive-2.0","2026-04-27T00:00:00.000Z | 2026-06-11T11:57:15Z"
"AR","Arkansas","21bf3661-6d15-42be-a235-5d3eafe8b3ca","Keener Dentistry","-93.12546986","36.25637846","dentist","general_dentistry","2105 1st National Bank Dr","Harrison","72601-6234","AR","US","+18707414868","mkeenerdentistry@gmail.com","http://www.keenerdentistry.com/","https://www.facebook.com/551529644908520","","0.9199122190475464","open","8","meta | Overture | Overture-signals","CDLA-Permissive-2.0","2026-04-27T00:00:00.000Z | 2026-06-11T11:57:15Z | 2026-05-12T00:29:08Z | 2026-05-18T13:23:54Z | 2026-05-25T13:08:59Z | 2026-06-01T13:20:32Z | 2026-06-08T13:20:12Z"
"AR","Arkansas","21ea8c7b-8a67-47e3-94bd-24645bb1b520","John S. Grammer, DMD","-92.180715054359","35.56661683138","dentist","health_and_medical | teeth_whitening","8249 Edgemont Rd","Greers Ferry","72067-9786","AR","US","+15018256670","","","https://www.facebook.com/487952107892270","","0.5889604091644287","","8","meta | Overture","CDLA-Permissive-2.0","2026-04-27T00:00:00.000Z | 2026-06-11T11:57:15Z"
"AR","Arkansas","2263e5b6-85c8-478b-9985-96e34c9078a0","Ocean Dental","-93.0879646800178","34.4882601395134","dentist","","221 Airport Rd Ste G","Hot Springs","71913","AR","US","(501) 321-4963","patient.care@oceandental.net","http://www.oceandental.net","https://www.facebook.com/154656261240053","","0.77","","5","Foursquare | Overture","Apache-2.0 | CDLA-Permissive-2.0","2020-12-31T00:00:00.000 | 2026-06-11T11:57:15Z"
"AR","Arkansas","227a79a5-7521-4d1d-a335-36b849d7dc62","Dental Clinic of Stuttgart","-92.4012949101749","34.3071302222185","dentist","","2202 South Buerkle Street","Sheridan","72150","AR","US","(501) 483-3939","","https://www.thedentalclinicstuttgart.com","","","0.77","","5","Foursquare | Overture","Apache-2.0 | CDLA-Permissive-2.0","2025-08-22T00:00:00.000 | 2026-06-11T11:57:15Z"
"AR","Arkansas","235ad99b-d91c-4e2d-a5aa-05a8e022174d","Russell Gorman DDS","-93.06132095","34.49130589","dentist","general_dentistry | professional_services","308 W Saint Louis St","Hot Springs","71913-4406","AR","US","+15013211977","gormanrussell@sbcglobal.net","","https://www.facebook.com/134110029972590","","0.9199122190475464","open","8","meta | Overture | Overture-signals","CDLA-Permissive-2.0","2026-04-27T00:00:00.000Z | 2026-06-11T11:57:15Z | 2026-05-12T00:29:08Z | 2026-05-18T13:23:54Z | 2026-05-25T13:08:59Z | 2026-06-01T13:20:32Z | 2026-06-08T13:20:12Z"
"AR","Arkansas","23b05ddb-504f-4051-ac76-aca19a3ee844","Neil W. Carmony, D.D.S.","-94.0294953796079","33.4633828192355","dentist","","4115 Jefferson Ave","Texarkana","71854","AR","US","(870) 772-4106","neilcarmony@aol.com","http://www.neilcarmony.com","https://www.facebook.com/123234447748672","","0.77","","5","Foursquare | Overture","Apache-2.0 | CDLA-Permissive-2.0","2025-08-22T00:00:00.000 | 2026-06-11T11:57:15Z"
"AR","Arkansas","23dac440-f7be-4133-a01b-5eb57d201485","Smiles of Arkansas","-94.0296167","33.4659516","dentist","medical_service_organizations | american_restaurant","4415 Jefferson Ave","Texarkana","71854-1517","AR","US","+18707722875","","www.smilesofarkansas.com","https://www.facebook.com/212155746251488","","0.6273970007896423","","9","meta | Overture","CDLA-Permissive-2.0","2026-04-27T00:00:00.000Z | 2026-06-11T11:57:15Z"
"AR","Arkansas","24064cee-64ee-44da-b2cc-89809db10cf1","Rock Family Dental","-94.17709228","36.17551912","dentist","general_dentistry","4224 W Sunset Ave","Springdale","72762-4806","AR","US","+14794394596","info@rockfamilydental.com","https://rockfamilydental.com/location/springdale-ar-dentist","https://www.facebook.com/306279282797870","Rock Family Dental - Highland","0.9902192950248718","open","8","meta | Overture | Overture-signals","CDLA-Permissive-2.0","2026-04-27T00:00:00.000Z | 2026-06-11T11:57:15Z | 2026-05-12T00:29:08Z | 2026-05-18T13:23:54Z | 2026-05-25T13:08:59Z | 2026-06-01T13:20:32Z | 2026-06-08T13:20:12Z"
"AR","Arkansas","241e0d76-1410-4d72-b22a-1e4de72716ed","Mansfield Family Dentistry","-92.12684263","34.87255788","dentist","general_dentistry","809 Marshall Rd","Jacksonville","72076-3744","AR","US","+15019824444","bollenandmansfield@gmail.com","http://bollenandmansfield.com/","https://www.facebook.com/136367929752432","","0.9199122190475464","open","9","meta | Overture | Overture-signals","CDLA-Permissive-2.0","2026-04-27T00:00:00.000Z | 2026-06-11T11:57:15Z | 2026-05-12T00:29:08Z | 2026-05-18T13:23:54Z | 2026-05-25T13:08:59Z | 2026-06-01T13:20:32Z | 2026-06-08T13:20:12Z"
"AR","Arkansas","2492088d-c1ff-4b83-bd9c-112e7a30323a","Family Dental Care","-92.39611978","36.33811751","dentist","general_dentistry | health_and_medical","250 Bucher Dr","Mountain Home","72653-3400","AR","US","+18704257645","","http://www.425smile.com/","https://www.facebook.com/128394307210001","","0.9199122190475464","open","9","meta | Overture | Overture-signals","CDLA-Permissive-2.0","2026-04-27T00:00:00.000Z | 2026-06-11T11:57:15Z | 2026-05-12T00:29:08Z | 2026-05-18T13:23:54Z | 2026-05-25T13:08:59Z | 2026-06-01T13:20:32Z | 2026-06-08T13:20:12Z"
"AR","Arkansas","25101aa5-1e04-4208-b746-2271675f7097","Friddle Dentistry","-94.3762917","35.3603877","dentist","health_and_medical","5008 S U St Ste 101A","Fort Smith","72903","AR","US","4794528800","","https://friddledentistry.com/","","","0.9199122190475464","open","6","Microsoft | Overture | Overture-signals","CDLA-Permissive-2.0","2021-11-16T19:16:20.293Z | 2026-06-11T11:57:15Z | 2026-05-12T00:29:08Z | 2026-05-18T13:23:54Z | 2026-05-25T13:08:59Z | 2026-06-01T13:20:32Z | 2026-06-08T13:20:12Z"
"AR","Arkansas","251f6092-ea83-48aa-b4d3-d8358e2e8421","Michelle Clinton, DDS, MSD","-92.3428673442756","34.7193402200142","dentist","","3700 S University Ave Ste 19","Little Rock","72204","AR","US","(501) 438-0357","lruniversity@westrockortho.com","https://westrockortho.com/location/little-rock-ar-s-university/","https://www.facebook.com/614575235237664","","0.9199122190475464","open","4","Foursquare | Overture | Overture-signals","Apache-2.0 | CDLA-Permissive-2.0","2020-10-10T00:00:00.000 | 2026-06-11T11:57:15Z | 2026-05-12T00:29:08Z | 2026-05-18T13:23:54Z | 2026-05-25T13:08:59Z | 2026-06-01T13:20:32Z | 2026-06-08T13:20:12Z"
"AR","Arkansas","2579e356-a055-4044-9c80-96a41b9b8276","Adventure Kids Dental","-91.7499519","35.24356163","dentist","pediatric_dentist | medical_service_organizations","1207 W Beebe Capps Expy","Searcy","72143-5179","AR","US","+15013053900","adventurekidsdental@yahoo.com","http://www.adventurekidsdental.com/","https://www.facebook.com/806792009419202","","0.9199122190475464","open","7","meta | Overture | Overture-signals","CDLA-Permissive-2.0","2026-04-27T00:00:00.000Z | 2026-06-11T11:57:15Z | 2026-05-12T00:29:08Z | 2026-05-18T13:23:54Z | 2026-05-25T13:08:59Z | 2026-06-01T13:20:32Z | 2026-06-08T13:20:12Z"
"AR","Arkansas","2593783a-9de5-4808-8375-aa6b474cd3b9","Dr Donald Sitzes DDS Family Dentistry","-93.84815951","33.94327271","dentist","general_dentistry | doctor","121 W Howard St","Nashville","71852-2064","AR","US","+18708451901","","http://www.asbde.org/ddsroster/search.php","https://www.facebook.com/336142400134962","","0.9790027737617493","","8","meta | Overture","CDLA-Permissive-2.0","2026-04-27T00:00:00.000Z | 2026-06-11T11:57:15Z"
"AR","Arkansas","26239f40-c12f-4af9-9a88-d1267dacd318","St. Elizabeth Health Center & Dental Clinic","-91.560764","33.983494","dentist","hospital | family_practice","407 S Gould Ave","Gould","71643-5041","AR","US","+18702634317","info@dcsark.org","http://www.dcsark.org/","https://www.facebook.com/1559997144227245","","0.9890978336334229","","4","meta | Overture","CDLA-Permissive-2.0","2026-04-27T00:00:00.000Z | 2026-06-11T11:57:15Z"
"AR","Arkansas","2631f384-929c-4979-91d0-d53f7ee87a08","Dr. Timothy R. Ward, DMD, PLC","-93.48226553839","35.4718519602201","dentist","","1619 W Main St Ste A","Clarksville","72830","AR","US","(479) 754-2042","rhinos1998@yahoo.com","http://www.timothyrwarddmd.com","https://www.facebook.com/953614801340270","","0.77","","5","Foursquare | Overture","Apache-2.0 | CDLA-Permissive-2.0","2025-08-22T00:00:00.000 | 2026-06-11T11:57:15Z"
"AR","Arkansas","2651890b-fcb7-489a-bebc-e35e56f7c0d1","Coy Boyd Jr DDS","-90.72750562","35.81510556","dentist","general_dentistry | health_and_medical","2516 Alexander Dr","Jonesboro","72401-7175","AR","US","+18709309994","","","https://www.facebook.com/240296589346834","","0.9798439741134644","","3","meta | Overture","CDLA-Permissive-2.0","2026-04-27T00:00:00.000Z | 2026-06-11T11:57:15Z"
"AR","Arkansas","26a22bbc-56c2-492e-a498-b60f0157704e","James L. Fish, DDS","-90.6411106","34.5442838","dentist","health_and_medical","400 Plaza","West Helena","72390","AR","US","8703383961","","https://rockfamilydental.com/dentist/dr-james-fish/","","","0.9199122190475464","open","6","Microsoft | Overture | Overture-signals","CDLA-Permissive-2.0","2025-06-21T05:02:21.903Z | 2026-06-11T11:57:15Z | 2026-05-12T00:29:08Z | 2026-05-18T13:23:54Z | 2026-05-25T13:08:59Z | 2026-06-01T13:20:32Z | 2026-06-08T13:20:12Z"
"AR","Arkansas","26a23de7-ac6d-4306-9a58-784e2f402869","New Generation Smiles","-94.13556307","36.25426974","dentist","","114 E Monroe Ave","Lowell","72745-9669","AR","US","+14797700605","ngsmilesar@yahoo.com","","https://www.facebook.com/466492317137468","","0.9199122190475464","open","9","meta | Overture | Overture-signals","CDLA-Permissive-2.0","2026-04-27T00:00:00.000Z | 2026-06-11T11:57:15Z | 2026-05-12T00:29:08Z | 2026-05-18T13:23:54Z | 2026-05-25T13:08:59Z | 2026-06-01T13:20:32Z | 2026-06-08T13:20:12Z"
"AR","Arkansas","26f0ee61-f5ce-4dfc-99cb-60eefbca913e","Bryan Blackshare DDS","-90.284202","36.259455","dentist","medical_service_organizations | health_and_medical","737 E 9th St","Rector","72461-2705","AR","US","+18705953463","","","https://www.facebook.com/177631718917537","","0.7583827376365662","","9","meta | Overture","CDLA-Permissive-2.0","2026-04-27T00:00:00.000Z | 2026-06-11T11:57:15Z"
"AR","Arkansas","26faf320-36ce-4192-ad92-c04b2c6b89d8","My Dentist - Springdale","-94.1702917","36.175129","dentist","health_and_medical","3617 W Sunset Ave","Springdale","72762","AR","US","4792395651","","","","","0.9199122190475464","open","6","Microsoft | Overture | Overture-signals","CDLA-Permissive-2.0","2015-05-14T10:27:53.570Z | 2026-06-11T11:57:15Z | 2026-05-12T00:29:08Z | 2026-05-18T13:23:54Z | 2026-05-25T13:08:59Z | 2026-06-01T13:20:32Z | 2026-06-08T13:20:12Z"
"AR","Arkansas","26fc5b82-fe55-4c02-8d33-0ed2c318f4b6","Dr. James V. Beavers","-92.45870365","35.59327877","dentist","general_dentistry","354 Main St","Clinton","72031-7059","AR","US","+15017457711","","","https://www.facebook.com/105867739200615","","0.9533074498176575","","8","meta | Overture","CDLA-Permissive-2.0","2026-04-27T00:00:00.000Z | 2026-06-11T11:57:15Z"
"AR","Arkansas","2700580b-4837-4420-b7a2-bba2a5f90c53","Dr. John R. Spray","-92.29721211","34.77789301","dentist","hospital | health_and_medical","2200 Fort Roots Dr","North Little Rock","72114","AR","US","+15012571000","","http://va.gov/littlerock","https://www.facebook.com/159331721104207","","0.9199122190475464","open","4","meta | Overture | Overture-signals","CDLA-Permissive-2.0","2026-04-27T00:00:00.000Z | 2026-06-11T11:57:15Z | 2026-05-12T00:29:08Z | 2026-05-18T13:23:54Z | 2026-05-25T13:08:59Z | 2026-06-01T13:20:32Z | 2026-06-08T13:20:12Z"
"AR","Arkansas","271c20d4-53c8-447e-8d08-a3f22baab360","Doyle Family Dental","-91.5486251","35.9440094","dentist","","316 N Main St","Cave City","72521-9700","AR","US","","doylefamilydental@gmail.com","","https://www.facebook.com/104832021749386","","0.9199122190475464","open","2","meta | Overture | Overture-signals","CDLA-Permissive-2.0","2026-04-27T00:00:00.000Z | 2026-06-11T11:57:15Z | 2026-05-25T13:08:59Z | 2026-06-01T13:20:32Z | 2026-06-08T13:20:12Z"
"AR","Arkansas","27e4cccc-23e0-44cc-b91e-db7da8f7856c","Half Moon Oral Maxillofacial And Implant Surgery","-94.3685641","35.3599307","dentist","health_and_medical","2300 S 58th St Ste C Ste C","FORT SMITH","72903","AR","US","4793646889","","https://www.halfmoonoms.com/","","","0.9199122190475464","open","7","Microsoft | Overture | Overture-signals","CDLA-Permissive-2.0","2025-07-07T06:58:00.703Z | 2026-06-11T11:57:15Z | 2026-05-12T00:29:08Z | 2026-05-18T13:23:54Z | 2026-05-25T13:08:59Z | 2026-06-01T13:20:32Z | 2026-06-08T13:20:12Z"
"AR","Arkansas","27f99444-6d33-4d66-b859-bc4b216e3b59","Green Brad H DDS","-94.313375","35.975391","dentist","doctor | health_and_medical","401 E Buchanan St","Prairie Grove","72753-2907","AR","US","+14798461005","info@bradgreendentistry.com","http://www.bradgreendentistry.com/","https://www.facebook.com/149926185086311","Dr Brad Green","0.7334099411964417","","7","meta | Overture","CDLA-Permissive-2.0","2026-04-27T00:00:00.000Z | 2026-06-11T11:57:15Z"
"AR","Arkansas","28171ff1-d23b-40aa-9860-bed82e5fd081","Little Rock Smiles","-92.3410076765819","34.7409101600086","dentist","","5917 W 12th St Ste A","Little Rock","72204","AR","US","(501) 663-3334","decastrodentistry@yahoo.com","http://www.littlerockfamilydentistry.com","","","0.9199122190475464","open","8","Foursquare | Overture | Overture-signals","Apache-2.0 | CDLA-Permissive-2.0","2025-08-22T00:00:00.000 | 2026-06-11T11:57:15Z | 2026-05-12T00:29:08Z | 2026-05-18T13:23:54Z | 2026-05-25T13:08:59Z | 2026-06-01T13:20:32Z | 2026-06-08T13:20:12Z"
"AR","Arkansas","28ba2e9e-8a79-46ba-a4cf-af5684055a06","Conway Endodontics","-92.497641","35.085822","dentist","orthodontist | endodontist","4055 Seraph Dr","Conway","72034-3536","AR","US","+15013297668","mfulmer@conwayendo.com","http://www.conwayendo.com","https://www.facebook.com/158477430853862","","0.9365155696868896","","10","meta | Overture","CDLA-Permissive-2.0","2026-04-27T00:00:00.000Z | 2026-06-11T11:57:15Z"
"AR","Arkansas","28e3c128-788a-46d0-91d4-93b91100e34d","Affordent of Springdale","-94.18999","36.17825","dentist","medical_center | health_and_medical","5320 W Sunset Ave Ste 154","Springdale","72762","AR","US","4799276328","","https://locations.dentalservice.net/springdale-dentures1?utm_source=Bing&utm_medium=Organic_Listing&utm_campaign=","","","0.85","","7","Microsoft | Overture","CDLA-Permissive-2.0","2025-10-04T21:53:47.753Z | 2026-06-11T11:57:15Z"
"AR","Arkansas","2919f60e-0f10-45b1-8b87-e5e30024eb01","Kimes Family Dentistry","-93.90709202","35.14083509","dentist","pediatric_dentist | doctor","1090 E Main St","Booneville","72927-4900","AR","US","+14796752009","","","https://www.facebook.com/238968936847145","","0.9199122190475464","open","8","meta | Overture | Overture-signals","CDLA-Permissive-2.0","2026-04-27T00:00:00.000Z | 2026-06-11T11:57:15Z | 2026-05-12T00:29:08Z | 2026-05-18T13:23:54Z | 2026-05-25T13:08:59Z | 2026-06-01T13:20:32Z | 2026-06-08T13:20:12Z"
"AR","Arkansas","292a68af-043e-4ef7-95cf-dab7342a0a9c","Robert Barnett","-93.03588273","34.49375224","dentist","","102 Ridgeway St","Hot Springs","71901-7100","AR","US","+15016247129","","http://www.robertjbarnettfamilydentistry.net/","https://www.facebook.com/191271677590394","","0.7798476815223694","","7","meta | Overture","CDLA-Permissive-2.0","2026-04-27T00:00:00.000Z | 2026-06-11T11:57:15Z"
"AR","Arkansas","29cbd08f-3837-41e3-968a-42837a4f2614","Booneville Family Dental","-93.93882948","35.14172897","dentist","general_dentistry | doctor","1057 W Main St","Booneville","72927-3403","AR","US","+14796753521","office@boonevillefamilydental.com","https://linktr.ee/boonevillefamilydental","https://www.facebook.com/795094067323860","","0.9199122190475464","open","7","meta | Overture | Overture-signals","CDLA-Permissive-2.0","2026-04-27T00:00:00.000Z | 2026-06-11T11:57:15Z | 2026-05-12T00:29:08Z | 2026-05-18T13:23:54Z | 2026-05-25T13:08:59Z | 2026-06-01T13:20:32Z | 2026-06-08T13:20:12Z"
"AR","Arkansas","2a5a7f8b-88ca-4bd1-a457-afd550d94bba","Hamilton West Dental","-93.14020683","34.46709834","dentist","cosmetic_dentist | general_dentistry","1629 Airport Rd","Hot Springs National Park","71913-8069","AR","US","+15017679329","lcoxdds@att.net","http://www.hamiltonwestdental.com","https://www.facebook.com/179331792105772","","0.9199122190475464","open","8","meta | Overture | Overture-signals","CDLA-Permissive-2.0","2026-04-27T00:00:00.000Z | 2026-06-11T11:57:15Z | 2026-05-12T00:29:08Z | 2026-05-18T13:23:54Z | 2026-05-25T13:08:59Z | 2026-06-01T13:20:32Z | 2026-06-08T13:20:12Z"
"AR","Arkansas","2ae736e6-52bd-4076-8acb-979f7019e182","Tooth Acres","-92.4171601524809","35.1360775156832","dentist","general_dentistry","95 Beaverfork Rd","Conway","72032-9517","AR","US","+15013276529","pascoedds@yahoo.com","http://drstevenpascoe.com/","https://www.facebook.com/1771532019764879","Tooth Acres","0.9199122190475464","open","9","meta | Overture | Overture-signals","CDLA-Permissive-2.0","2026-04-27T00:00:00.000Z | 2026-06-11T11:57:15Z | 2026-05-12T00:29:08Z | 2026-05-18T13:23:54Z | 2026-05-25T13:08:59Z | 2026-06-01T13:20:32Z | 2026-06-08T13:20:12Z"
"AR","Arkansas","2b717e12-e6b0-4f0a-8226-435f7e91b66a","Diamond Lakes Dental","-93.06362247","34.4545629","dentist","health_and_medical","4039 Central Ave Ste B","Hot Springs","71913","AR","US","5016237113","","https://www.hotspringsdentist.org/?utm_source=bing.com&utm_medium=business+profile&utm_campaign","","","0.9199122190475464","open","7","Microsoft | Overture | Overture-signals","CDLA-Permissive-2.0","2025-09-29T21:30:33.317Z | 2026-06-11T11:57:15Z | 2026-05-12T00:29:08Z | 2026-05-18T13:23:54Z | 2026-05-25T13:08:59Z | 2026-06-01T13:20:32Z | 2026-06-08T13:20:12Z"
"AR","Arkansas","2b9e4b4e-6c75-4937-8164-483113681851","North Arkansas Dental Group","-92.40149794","36.31689353","dentist","general_dentistry | medical_service_organizations","2338 US-62 W","Mountain Home","72653-6184","AR","US","+18704244670","","http://www.colemanfamilydentistry.com/","https://www.facebook.com/119351784796619","North Arkansas Dental Group","0.9199122190475464","open","8","meta | Overture | Overture-signals","CDLA-Permissive-2.0","2026-04-27T00:00:00.000Z | 2026-06-11T11:57:15Z | 2026-05-12T00:29:08Z | 2026-05-18T13:23:54Z | 2026-05-25T13:08:59Z | 2026-06-01T13:20:32Z | 2026-06-08T13:20:12Z"
"AR","Arkansas","2bbc4586-724e-4e3d-b36b-8599d6c02494","Dr. Drew W. Toole","-92.04557538","34.20166445","dentist","","4100 W 28th Ave","Pine Bluff","71603-4726","AR","US","+18708794870","","https://www.dentalinsurance.com/dir/dr-drew-toole-dentist-pine...","https://www.facebook.com/164112830289178","DentalInsurance.com","0.9199122190475464","open","10","meta | Overture | Overture-signals","CDLA-Permissive-2.0","2026-04-27T00:00:00.000Z | 2026-06-11T11:57:15Z | 2026-05-12T00:29:08Z | 2026-05-18T13:23:54Z | 2026-05-25T13:08:59Z | 2026-06-01T13:20:32Z | 2026-06-08T13:20:12Z"
"AR","Arkansas","2c7e00e7-bcf4-441a-81b1-2720269aa08f","Nick W Dollar","-93.730154994844","35.2930304180635","dentist","","15 W Main St","Paris","72855","AR","US","(479) 963-3086","","http://www.4799633086.yourcb.com","","","0.9199122190475464","open","4","Foursquare | Overture | Overture-signals","Apache-2.0 | CDLA-Permissive-2.0","2025-08-19T00:00:00.000 | 2026-06-11T11:57:15Z | 2026-05-12T00:29:08Z | 2026-05-18T13:23:54Z | 2026-05-25T13:08:59Z | 2026-06-01T13:20:32Z | 2026-06-08T13:20:12Z"
"AR","Arkansas","2c885d4c-d9db-402a-919b-444df03712a4","Perry Endodontics","-94.15157527","36.33583051","dentist","endodontist | health_and_medical","203 N 24th St","Rogers","72756-3206","AR","US","+14796210226","info@perryendoar.com","http://www.Perryendoar.com/","https://www.facebook.com/878842378930361","","0.9902192950248718","open","6","meta | Overture | Overture-signals","CDLA-Permissive-2.0","2026-04-27T00:00:00.000Z | 2026-06-11T11:57:15Z | 2026-05-12T00:29:08Z | 2026-05-18T13:23:54Z | 2026-05-25T13:08:59Z | 2026-06-01T13:20:32Z | 2026-06-08T13:20:12Z"
"AR","Arkansas","2cc9177e-b340-4dd2-89ca-89b234080693","Parkey and Davis Dental Care","-90.692088556871","35.811479299722","dentist","","906 Enterprise Dr","Jonesboro","72401","AR","US","(870) 932-0330","office@smiles4jonesboro.com","http://www.smiles4jonesboro.com","","","0.77","","5","Foursquare | Overture","Apache-2.0 | CDLA-Permissive-2.0","2025-08-22T00:00:00.000 | 2026-06-11T11:57:15Z"
"AR","Arkansas","2cd30d5f-ecb3-4083-af82-9a7115fde175","Dr. Willis T. Beene, DDS","-93.23897406","33.27302562","dentist","general_dentistry | doctor","615 N Jackson St","Magnolia","71753-2462","AR","US","+18702341110","","","https://www.facebook.com/110597879027775","","0.8790204524993896","","9","meta | Overture","CDLA-Permissive-2.0","2026-04-27T00:00:00.000Z | 2026-06-11T11:57:15Z"
"AR","Arkansas","2d312377-ffa7-457b-b64c-63164d5f0742","Pinney Family Dentistry","-92.2095343328008","34.8171194156851","dentist","","1421 Country Club Rd","Sherwood","72120","AR","US","(501) 835-1130","","http://www.joepinneydentistry.com","","","0.77","","5","Foursquare | Overture","Apache-2.0 | CDLA-Permissive-2.0","2026-03-16T00:00:00.000 | 2026-06-11T11:57:15Z"
"AR","Arkansas","2d42cf41-fe64-4f26-8244-e106373ac913","White Stephen E DDS","-90.1936256888587","36.3843955864928","dentist","","416 W Cherry St","Piggott","72454","AR","US","(870) 598-3981","","https://www.allmondental.com","","","0.9199122190475464","open","4","Foursquare | Overture | Overture-signals","Apache-2.0 | CDLA-Permissive-2.0","2025-08-19T00:00:00.000 | 2026-06-11T11:57:15Z | 2026-05-12T00:29:08Z | 2026-05-18T13:23:54Z | 2026-05-25T13:08:59Z | 2026-06-01T13:20:32Z | 2026-06-08T13:20:12Z"
"AR","Arkansas","2dc401da-ca25-45a7-897c-406e3bd24fcc","Robbins David M","-93.0596935142595","34.4972624161177","dentist","","241 Hobson Ave","Hot Springs","71913","AR","US","(501) 624-6958","","http://davidmrobbins.com","","","0.77","","5","Foursquare | Overture","Apache-2.0 | CDLA-Permissive-2.0","2025-05-23T00:00:00.000 | 2026-06-11T11:57:15Z"
"AR","Arkansas","2de60349-8d44-4c07-8ad4-1314a8520019","Daniel J. Beavers","-94.42369153","35.94886466","dentist","doctor | medical_service_organizations","105 W Park St","Lincoln","72744-8013","AR","US","+14798243247","beavv@pgtc.com","http://danieljbeaversdds.info/","https://www.facebook.com/411301868918686","Daniel J. Beavers, D.D.S, P.A.","0.9199122190475464","open","7","meta | Overture | Overture-signals","CDLA-Permissive-2.0","2026-04-27T00:00:00.000Z | 2026-06-11T11:57:15Z | 2026-05-12T00:29:08Z | 2026-05-18T13:23:54Z | 2026-05-25T13:08:59Z | 2026-06-01T13:20:32Z | 2026-06-08T13:20:12Z"
"AR","Arkansas","2ea56f6d-d7a6-41a7-bf2f-958cf473ac11","Lane Smiles","-92.40145476","34.78889119","dentist","orthodontist","3801 Woodland Heights Rd","Little Rock","72212-2410","AR","US","+15012241004","","www.clearsmilesweek.com","https://www.facebook.com/887611334706372","Clear Smiles Week","0.9199122190475464","open","7","meta | Overture | Overture-signals","CDLA-Permissive-2.0","2026-04-27T00:00:00.000Z | 2026-06-11T11:57:15Z | 2026-05-12T00:29:08Z | 2026-05-18T13:23:54Z | 2026-05-25T13:08:59Z | 2026-06-01T13:20:32Z | 2026-06-08T13:20:12Z"
"AR","Arkansas","2ec9c1fa-c769-4a60-98ec-e9bd2d819210","Rock Family Dental","-91.54861063","36.25945299","dentist","orthodontist","1474 US 62 412 Hwy","Highland","72542-9170","AR","US","+18704972253","info@rockfamilydental.com","https://rockfamilydental.com/location/highland-ar-dentist","https://www.facebook.com/206042076096463","Rock Family Dental - Highland","0.9989559769630432","open","8","meta | Overture | Overture-signals","CDLA-Permissive-2.0","2026-04-27T00:00:00.000Z | 2026-06-11T11:57:15Z | 2026-05-12T00:29:08Z"
"AR","Arkansas","2f0c0928-bcd5-4475-bc3f-2bd3e2026eeb","Joe Miles DDS PA Family Dentistry orthodontics","-91.7959058","33.63160023","dentist","orthodontist | general_dentistry","511 N Hyatt St","Monticello","71655-4029","AR","US","+18703676453","","http://www.36smile.com","https://www.facebook.com/111833637112520","","0.9199122190475464","open","7","meta | Overture | Overture-signals","CDLA-Permissive-2.0","2026-04-27T00:00:00.000Z | 2026-06-11T11:57:15Z | 2026-05-12T00:29:08Z | 2026-05-18T13:23:54Z | 2026-05-25T13:08:59Z | 2026-06-01T13:20:32Z | 2026-06-08T13:20:12Z"
"AR","Arkansas","2fa51b86-17e2-4e94-9b40-7496f3d56435","At Ease Dental","-94.21898564","36.4236058","dentist","general_dentistry | health_and_medical","701 W McNelly Rd","Bentonville","72712","AR","US","+14795539225","ateasebellavista@gmail.com","https://www.ateasedental.com/","https://www.facebook.com/201651984007623","","0.9902192950248718","open","9","meta | Overture | Overture-signals","CDLA-Permissive-2.0","2026-04-27T00:00:00.000Z | 2026-06-11T11:57:15Z | 2026-05-12T00:29:08Z | 2026-05-18T13:23:54Z | 2026-05-25T13:08:59Z | 2026-06-01T13:20:32Z | 2026-06-08T13:20:12Z"
"AR","Arkansas","2ffaf02c-d093-4bed-abe1-8cce42b55e01","Phipps Family Dentistry","-94.29347614","36.36198895","dentist","periodontist | pediatric_dentist","331 Commercial St","Centerton","72719-9791","AR","US","+14792246616","centertondentalclinic@yahoo.com","http://www.Phippsfamilydentistry.com/","https://www.facebook.com/1133540513425789","Phipps Family Dentistry","0.9199122190475464","open","8","meta | Overture | Overture-signals","CDLA-Permissive-2.0","2026-04-27T00:00:00.000Z | 2026-06-11T11:57:15Z | 2026-05-12T00:29:08Z | 2026-05-18T13:23:54Z | 2026-05-25T13:08:59Z | 2026-06-01T13:20:32Z | 2026-06-08T13:20:12Z"
"AR","Arkansas","30857128-095d-4f29-8e6d-9f7ab1c67655","Secure Dentures and Implants","-92.41223266","34.66130876","dentist","general_dentistry","11312 Bass Pro Pkwy","Little Rock","72210-9024","AR","US","+15014434606","littlerock@securesmile.com","http://securedenturesandimplants.com/littlerock","https://www.facebook.com/646511288546715","Secure Dentures and Implants","0.8893216252326965","open","10","meta | Overture | Overture-signals","CDLA-Permissive-2.0","2026-04-27T00:00:00.000Z | 2026-06-11T11:57:15Z | 2026-05-12T00:29:08Z | 2026-06-08T13:20:12Z"
"AR","Arkansas","309bb9cf-cb7b-4995-9d6e-3b6149e1ea87","River Dental","-94.35699","35.46714","dentist","health_and_medical","2025 Fayetteville Rd Ste B","Van Buren","72956","AR","US","4794698744","","https://www.riverdentalar.com/van-buren/","","","0.9199122190475464","open","8","Microsoft | Overture | Overture-signals","CDLA-Permissive-2.0","2025-04-16T01:26:26.853Z | 2026-06-11T11:57:15Z | 2026-05-12T00:29:08Z | 2026-05-18T13:23:54Z | 2026-05-25T13:08:59Z | 2026-06-01T13:20:32Z | 2026-06-08T13:20:12Z"
"AR","Arkansas","30ae99d6-e96a-4f09-9f53-8cc244223ce7","Smile Arkansas","-92.45015623","34.75924558","dentist","general_dentistry | cosmetic_dentist","16524 Chenal Pkwy","Little Rock","72223-5920","AR","US","+15012227527","info@smilearkansas.com","http://smilearkansas.com/","https://www.facebook.com/140529295997208","","0.9199122190475464","open","8","meta | Overture | Overture-signals","CDLA-Permissive-2.0","2026-04-27T00:00:00.000Z | 2026-06-11T11:57:15Z | 2026-05-12T00:29:08Z | 2026-05-18T13:23:54Z | 2026-05-25T13:08:59Z | 2026-06-01T13:20:32Z | 2026-06-08T13:20:12Z"
"AR","Arkansas","30ecf170-57bd-4758-b3ee-48a5cbaf5eb3","Helena Family Dental","-90.6176957052803","34.5361426759053","dentist","","118 Hickory Hills Dr","Helena","72342","AR","US","(870) 338-3961","drstewart@helenadentristry.com","http://www.helenafamilydental.com","https://www.facebook.com/154284827943845","","0.9199122190475464","open","4","Foursquare | Overture | Overture-signals","Apache-2.0 | CDLA-Permissive-2.0","2025-08-19T00:00:00.000 | 2026-06-11T11:57:15Z | 2026-05-12T00:29:08Z | 2026-05-18T13:23:54Z | 2026-05-25T13:08:59Z | 2026-06-01T13:20:32Z | 2026-06-08T13:20:12Z"
"AR","Arkansas","31a771bb-4769-4a5a-a6e4-5f598a43e6c8","Jolly Family Dental West","-92.45426152","34.76805454","dentist","general_dentistry","30 Rahling Cir","Little Rock","72223-9187","AR","US","+15018213133","office@jfdchenal.com","https://www.jollyfamilydentalclinic.com/","https://www.facebook.com/402316349934127","","0.9743457436561584","","1","meta | Overture","CDLA-Permissive-2.0","2026-04-27T00:00:00.000Z | 2026-06-11T11:57:15Z"
"AR","Arkansas","3222f5da-55fc-404c-a621-6de58ef70556","Sandhill Dentistry","-90.98998131","36.2800825","dentist","health_and_medical | medical_service_organizations","2654 N Thomasville St","Pocahontas","72455-1202","AR","US","+18708922010","","","https://www.facebook.com/152684988106947","","0.9199122190475464","open","6","meta | Overture | Overture-signals","CDLA-Permissive-2.0","2026-04-27T00:00:00.000Z | 2026-06-11T11:57:15Z | 2026-05-12T00:29:08Z | 2026-05-18T13:23:54Z | 2026-05-25T13:08:59Z | 2026-06-01T13:20:32Z | 2026-06-08T13:20:12Z"
"AR","Arkansas","3250c99a-cb42-4f42-85ef-5473eff14128","Teale Dentistry","-92.80988164","34.35970365","dentist","doctor | health_and_medical","937 S Main St","Malvern","72104-5220","AR","US","+15013379559","tealedentistry@yahoo.com","http://www.arkansasdentalclinics.com/","https://www.facebook.com/643590552335093","Teale Dentistry","0.9199122190475464","open","8","meta | Overture | Overture-signals","CDLA-Permissive-2.0","2026-04-27T00:00:00.000Z | 2026-06-11T11:57:15Z | 2026-05-12T00:29:08Z | 2026-05-18T13:23:54Z | 2026-05-25T13:08:59Z | 2026-06-01T13:20:32Z | 2026-06-08T13:20:12Z"
"AR","Arkansas","3328cbb6-1967-4a72-99ae-309ab30c2578","Dr. Taylor Everett DDS","-92.851128","33.593686","dentist","doctor | cosmetic_dentist","604 J A Dooley Womack Dr NW","Camden","71701-2730","AR","US","+18708180631","","","https://www.facebook.com/155165234532253","","0.9501783847808838","","3","meta | Overture","CDLA-Permissive-2.0","2026-04-27T00:00:00.000Z | 2026-06-11T11:57:15Z"
"AR","Arkansas","336ed097-7a4a-423f-b4eb-dbfc6f213ee0","Hubbard Dental Care","-93.10798276","36.23542983","dentist","general_dentistry | medical_service_organizations","120 W Bower Ave","Harrison","72601-3521","AR","US","+18707411050","office@hubbarddentalcare.onmicrosoft.com","http://www.hubbarddentalcare.com/","https://www.facebook.com/320416925042","","0.9931280612945557","","9","meta | Overture","CDLA-Permissive-2.0","2026-04-27T00:00:00.000Z | 2026-06-11T11:57:15Z"
"AR","Arkansas","33a0bc19-f4fc-417c-b852-38fe67cfc222","Allen T Scott DDS","-90.49535324","36.05245542","dentist","general_dentistry","700 W Kings Hwy","Paragould","72450","AR","US","+18702150665","","","https://www.facebook.com/216843724995946","","0.9199122190475464","open","8","meta | Overture | Overture-signals","CDLA-Permissive-2.0","2026-04-27T00:00:00.000Z | 2026-06-11T11:57:15Z | 2026-05-12T00:29:08Z | 2026-05-18T13:23:54Z | 2026-05-25T13:08:59Z | 2026-06-01T13:20:32Z | 2026-06-08T13:20:12Z"
"AR","Arkansas","340e466d-16bb-4d56-8892-f7a1f949fe98","Longhills Dentistry","-92.5498019749705","34.6019610854657","dentist","","407 Highway 5 N","Benton","72015","AR","US","(501) 315-3145","longhillsdentistry@yahoo.com","http://longhillsdentistry.com","https://www.facebook.com/152732714744724","","0.77","","5","Foursquare | Overture","Apache-2.0 | CDLA-Permissive-2.0","2022-08-03T00:00:00.000 | 2026-06-11T11:57:15Z"
"AR","Arkansas","341dc3e4-02b1-4fbd-921f-2a4de3ec4060","Maumelle Family Dentistry","-92.40517075","34.85461807","dentist","general_dentistry | doctor","1701 Club Manor Dr","Maumelle","72113-7401","AR","US","+15018511414","maumellefamilydentistry@gmail.com","http://www.maumellefamilydentistry.com/","https://www.facebook.com/183903688856944","","0.9199122190475464","open","7","meta | Overture | Overture-signals","CDLA-Permissive-2.0","2026-04-27T00:00:00.000Z | 2026-06-11T11:57:15Z | 2026-05-12T00:29:08Z | 2026-05-18T13:23:54Z | 2026-05-25T13:08:59Z | 2026-06-01T13:20:32Z | 2026-06-08T13:20:12Z"
"AR","Arkansas","342db0df-5517-45d8-8758-707eed4cd9d3","Revels Edward D DDS","-94.3528599138257","34.0475630500745","dentist","medical_service_organizations | health_and_medical","1316 W Collin Raye Dr","De Queen","71832-2108","AR","US","+18705843212","","https://revels-edward-d-dds.hub.biz/","https://www.facebook.com/122945927763044","","0.7368089556694031","","8","meta | Overture","CDLA-Permissive-2.0","2026-04-27T00:00:00.000Z | 2026-06-11T11:57:15Z"
"AR","Arkansas","349e2ff8-97f0-4071-b857-bd45fbb79b57","Dentures Today","-94.4104661","35.32869766","dentist","prosthodontist | general_dentistry","2307 S Zero St","Fort Smith","72901-8675","AR","US","+14796464499","","http://www.dentures-today.com/","https://www.facebook.com/1603555873273910","Dentures Today","0.9199122190475464","open","8","meta | Overture | Overture-signals","CDLA-Permissive-2.0","2026-04-27T00:00:00.000Z | 2026-06-11T11:57:15Z | 2026-05-12T00:29:08Z | 2026-05-18T13:23:54Z | 2026-05-25T13:08:59Z | 2026-06-01T13:20:32Z | 2026-06-08T13:20:12Z"
"AR","Arkansas","34eb5eb1-d703-4362-aaf4-b881fa168ed8","Ashley L Fields","-92.021659","34.978735","dentist","","24 Spring St Ste B","Cabot","72023","AR","US","(501) 941-5439","","https://www.patrickfieldsdds.com","","","0.9199122190475464","open","4","Foursquare | Overture | Overture-signals","Apache-2.0 | CDLA-Permissive-2.0","2025-08-22T00:00:00.000 | 2026-06-11T11:57:15Z | 2026-05-12T00:29:08Z | 2026-05-18T13:23:54Z | 2026-05-25T13:08:59Z | 2026-06-01T13:20:32Z | 2026-06-08T13:20:12Z"
"AR","Arkansas","34f4ed0c-0b6d-42f8-b9c0-ff235ad1afdb","Sidney L. Smith DDS","-91.5898637607479","35.3000727854192","dentist","","1702 Highway 367 N","Bald Knob","72010","AR","US","(501) 724-6201","slsmithjrdds@cablelynx.com","http://www.whitecountydentist.com","https://www.facebook.com/167767937467028","","0.77","","5","Foursquare | Overture","Apache-2.0 | CDLA-Permissive-2.0","2025-08-22T00:00:00.000 | 2026-06-11T11:57:15Z"
"AR","Arkansas","356cf428-5c59-4087-aea7-51e328be7106","Bishop Family Dentistry","-94.28795818","35.22319588","dentist","general_dentistry","1742 W Center St","Greenwood","72936-3420","AR","US","+14799961717","bbishop@bishopfamilydentistry.com","http://bishopfamilydentistry.com/","https://www.facebook.com/181139515246851","","0.9722161889076233","","9","meta | Overture","CDLA-Permissive-2.0","2026-04-27T00:00:00.000Z | 2026-06-11T11:57:15Z"
"AR","Arkansas","35c8f676-2555-4276-af3b-79adec3750d4","Terry L Watson","-91.5869019889223","36.2506044893803","dentist","","1171 Highway 62 412","Ash Flat","72513","AR","US","(870) 994-7645","","http://allaboutsmilesfamilydental.com","","","0.77","","5","Foursquare | Overture","Apache-2.0 | CDLA-Permissive-2.0","2025-08-22T00:00:00.000 | 2026-06-11T11:57:15Z"
"AR","Arkansas","35eccfce-3c83-4e95-bc79-0836ef0a0507","Fort Smith Pediatric Dental Group","-94.4173137240216","35.3780642224162","dentist","","603 Lexington Ave","Fort Smith","72901","AR","US","(479) 785-5437","","http://www.fspdg.com","","","0.9199122190475464","open","4","Foursquare | Overture | Overture-signals","Apache-2.0 | CDLA-Permissive-2.0","2025-08-22T00:00:00.000 | 2026-06-11T11:57:15Z | 2026-05-12T00:29:08Z | 2026-05-18T13:23:54Z | 2026-05-25T13:08:59Z | 2026-06-01T13:20:32Z | 2026-06-08T13:20:12Z"
"AR","Arkansas","36026b43-b7d5-48a8-a812-4d7f644a2d62","Westrock Orthodontics","-92.00390784","34.20068935","dentist","orthodontist | doctor","2801 S Olive St","Pine Bluff","71603-5413","AR","US","+18707388483","pinebluff@westrockortho.com","https://westrockortho.com/location/pine-bluff-ar/","https://www.facebook.com/309944432480281","Westrock Orthodontics","0.9996194499731064","","10","meta | Overture","CDLA-Permissive-2.0","2026-04-27T00:00:00.000Z | 2026-06-11T11:57:15Z"
"AR","Arkansas","36199990-6fc8-4c45-a3ab-eafd7d44a06b","Aspen Dental","-94.507034","36.181283","dentist","","3555 Highway 412 E Suite 10","Siloam Springs","72761","AR","US","","","https://www.aspendental.com/dentist/ar/siloam-springs/3555-highway-412-e-suite-10/","","Aspen Dental","0.954","","6","AllThePlaces | Overture","CC0-1.0 | CDLA-Permissive-2.0","2026-06-02T15:18:54.000Z | 2026-06-11T11:57:15Z"
"AR","Arkansas","366de18e-e5fe-41bc-974b-6f09cd6a5ee5","Monarch Dental & Orthodontics","-94.14921771","36.12304336","dentist","orthodontist | general_dentistry","637 E Joyce Blvd","Fayetteville","72703-6140","AR","US","+14795211111","20020-mgr@smilebrands.com","https://www.monarchdental.com/dental-office/fayetteville-dentist/20020/?utm_source=generic&utm_medium=profiles&utm_campaign=local_profiles","https://www.facebook.com/266066810467024","Monarch Dental","0.9902192950248718","open","7","meta | Overture | Overture-signals","CDLA-Permissive-2.0","2026-04-27T00:00:00.000Z | 2026-06-11T11:57:15Z | 2026-05-12T00:29:08Z | 2026-05-18T13:23:54Z | 2026-05-25T13:08:59Z | 2026-06-01T13:20:32Z | 2026-06-08T13:20:12Z"
"AR","Arkansas","367cf5bd-96b1-49c7-a5ad-b4d63e9b9e11","James L Lee, Jr, DDS","-94.371677","35.367226","dentist","pediatric_dentist | doctor","1501 S Waldron Rd","Fort Smith","72903-2565","AR","US","+14794528650","","http://jameslleejrdds.com/","https://www.facebook.com/159546344205466","James L Lee, Jr, DDS","0.9795999604463578","","9","meta | Overture","CDLA-Permissive-2.0","2026-04-27T00:00:00.000Z | 2026-06-11T11:57:15Z"
"AR","Arkansas","383a8c72-2ad0-420a-808c-52fb0f0d7cb3","Jonesboro Dental Care","-90.68671043","35.81435438","dentist","general_dentistry","2500 Browns Ln","Jonesboro","72401-6107","AR","US","+18702006095","office@jonesborodentalcare.com","https://www.jonesborodentalcare.com/","https://www.facebook.com/755677414461496","","0.9722161889076233","open","8","meta | Overture | Overture-signals","CDLA-Permissive-2.0","2026-04-27T00:00:00.000Z | 2026-06-11T11:57:15Z | 2026-05-12T00:29:08Z"
"AR","Arkansas","38867b3a-faa8-4097-a5c6-5d4da5a05b76","Wayne Cook","-90.2099522","35.20982681","dentist","cosmetic_dentist | health_and_medical","303 Bancario","Marion","72364-2825","AR","US","+18707398799","contactus@waynecookdds.com","http://Waynecookdds.com/","https://www.facebook.com/353245194746731","","0.9722161889076233","","8","meta | Overture","CDLA-Permissive-2.0","2026-04-27T00:00:00.000Z | 2026-06-11T11:57:15Z"
"AR","Arkansas","38e174f3-38ac-47bf-be07-c02786a434ad","Bold Smiles","-91.70897454","35.25160901","dentist","general_dentistry","407 Llama Dr","Searcy","72143-4736","AR","US","+15012797779","info@boldsmiles.com","https://app.nexhealth.com/appt/bold-smiles?lid=340744","https://www.facebook.com/1650107951754972","","0.9199122190475464","open","6","meta | Overture | Overture-signals","CDLA-Permissive-2.0","2026-04-27T00:00:00.000Z | 2026-06-11T11:57:15Z | 2026-05-12T00:29:08Z | 2026-05-18T13:23:54Z | 2026-05-25T13:08:59Z | 2026-06-01T13:20:32Z | 2026-06-08T13:20:12Z"
"AR","Arkansas","39391e77-75c8-439d-926c-1b222c12d52d","Dr. Lamb Dentist Office","-94.4821519265","36.2676996995","dentist","doctor | hospital","304 E Main St","Gentry","72734-8257","AR","US","","","http://www.healthgrades.com/dentist/dr-william-lamb-2cxwc","https://www.facebook.com/126829210724255","","0.7296513319015503","","1","meta | Overture","CDLA-Permissive-2.0","2026-04-27T00:00:00.000Z | 2026-06-11T11:57:15Z"
"AR","Arkansas","39449e64-f222-4b66-ba7d-a39666cc7608","Monarch Dental","-92.53257514","34.60990451","dentist","general_dentistry","20770 I-30 W","Benton","72019","AR","US","+15017773082","20120-mgr@smilebrands.com","https://www.monarchdental.com/dental-office/benton-dentist/20120/?utm_source=generic&utm_medium=profiles&utm_campaign=local_profiles","https://www.facebook.com/152743171904219","Monarch Dental","0.9902192950248718","open","7","meta | Overture | Overture-signals","CDLA-Permissive-2.0","2026-04-27T00:00:00.000Z | 2026-06-11T11:57:15Z | 2026-05-12T00:29:08Z | 2026-05-18T13:23:54Z | 2026-05-25T13:08:59Z | 2026-06-01T13:20:32Z | 2026-06-08T13:20:12Z"
"AR","Arkansas","399a6af0-07cb-4171-9b0b-75e978f2a4d8","Plaza Carmona Dental Associates","-92.99988755","34.67913061","dentist","general_dentistry | health_and_medical","103 Plaza Carmona Pl","Hot Springs Village","71909-3000","AR","US","+15019222600","pcda@plazacarmonadental.com","http://www.plazacarmonadental.com/","https://www.facebook.com/197445646964631","","0.9199122190475464","open","8","meta | Overture | Overture-signals","CDLA-Permissive-2.0","2026-04-27T00:00:00.000Z | 2026-06-11T11:57:15Z | 2026-05-12T00:29:08Z | 2026-05-18T13:23:54Z | 2026-05-25T13:08:59Z | 2026-06-01T13:20:32Z | 2026-06-08T13:20:12Z"
"AR","Arkansas","3a073bdb-2bac-47e3-bd3d-3bc9400be44e","Today's Family Dentistry","-91.45693","35.12524","dentist","pediatric_dentist | doctor","400 S Main St","Searcy","72143","AR","US","+15012683223","drjaredcoxoffice@yahoo.com","http://www.drcoxsmile.com/","https://www.facebook.com/245928858915730","Today's Family Dentistry","0.9913265109062195","open","7","meta | Overture | Overture-signals","CDLA-Permissive-2.0","2026-04-27T00:00:00.000Z | 2026-06-11T11:57:15Z | 2026-05-12T00:29:08Z | 2026-06-08T13:20:12Z"
"AR","Arkansas","3a0ece04-f008-42fb-a62c-777582dd8bc0","Northwest Arkansas Oral & Maxillofacial Surgery","-94.1560881909836","36.0893746870384","dentist","","2025 N Green Acres Rd","Fayetteville","72703","AR","US","(479) 521-7777","","http://www.nwaoms.com","","","0.77","","3","Foursquare | Overture","Apache-2.0 | CDLA-Permissive-2.0","2025-11-13T00:00:00.000 | 2026-06-11T11:57:15Z"
"AR","Arkansas","3a7cda9f-1d00-4f97-b060-88b70b6969aa","Smiles of Arkansas Dental","-93.58805345","33.65167928","dentist","health_and_medical | cosmetic_dentist","110 W 18th St","Hope","71801-8103","AR","US","+18707776453","","http://www.smilesofarkansas.com","https://www.facebook.com/124763374244968","Smiles Of Arkansas Dental Centers","0.9199122190475464","open","10","meta | Overture | Overture-signals","CDLA-Permissive-2.0","2026-04-27T00:00:00.000Z | 2026-06-11T11:57:15Z | 2026-05-12T00:29:08Z | 2026-05-18T13:23:54Z | 2026-05-25T13:08:59Z | 2026-06-01T13:20:32Z | 2026-06-08T13:20:12Z"
"AR","Arkansas","3ae703e6-0d2a-42cd-9f99-aac9cb702055","Mayflower Family Dentistry","-92.422449","34.965657","dentist","health_and_medical","582 Highway 365 Ste 4","Mayflower","72106","AR","US","5014709900","","","","","0.9199122190475464","open","6","Microsoft | Overture | Overture-signals","CDLA-Permissive-2.0","2013-01-28T01:23:27.610Z | 2026-06-11T11:57:15Z | 2026-05-12T00:29:08Z | 2026-05-18T13:23:54Z | 2026-05-25T13:08:59Z | 2026-06-01T13:20:32Z | 2026-06-08T13:20:12Z"
"AR","Arkansas","3b0e9dc2-fc18-4952-8fc9-9e0d358e3b69","James Thomas Raines","-92.8365499013186","33.5837469884546","dentist","","140 Darnell Ave","Camden","71701","AR","US","(870) 836-6462","","http://www.brickandmortar-brg.com/home","https://www.facebook.com/167604259922780","","0.9199122190475464","open","4","Foursquare | Overture | Overture-signals","Apache-2.0 | CDLA-Permissive-2.0","2025-08-22T00:00:00.000 | 2026-06-11T11:57:15Z | 2026-05-12T00:29:08Z | 2026-05-18T13:23:54Z | 2026-05-25T13:08:59Z | 2026-06-01T13:20:32Z | 2026-06-08T13:20:12Z"
"AR","Arkansas","3b41c092-491b-44a7-89b6-5776eb6f0cb8","Nugent Carmen P DDS","-94.12935264","36.33153955","dentist","doctor | family_practice","1012 W Poplar St","Rogers","72756-4242","AR","US","+14796366660","","http://carabelli.com/","https://www.facebook.com/102821146539984","","0.9199122190475464","open","7","meta | Overture | Overture-signals","CDLA-Permissive-2.0","2026-04-27T00:00:00.000Z | 2026-06-11T11:57:15Z | 2026-05-12T00:29:08Z | 2026-05-18T13:23:54Z | 2026-05-25T13:08:59Z | 2026-06-01T13:20:32Z | 2026-06-08T13:20:12Z"
"AR","Arkansas","3b65460e-cf9c-4e9f-a6d4-0edf60c2396a","Jolly Jr Robert L DDS","-92.26142906","34.78245539","dentist","general_dentistry","3001 John F Kennedy Blvd # A","North Little Rock","72116","AR","US","+15017583096","","","https://www.facebook.com/141362832573678","","0.9199122190475464","open","8","meta | Overture | Overture-signals","CDLA-Permissive-2.0","2026-04-27T00:00:00.000Z | 2026-06-11T11:57:15Z | 2026-05-12T00:29:08Z | 2026-05-18T13:23:54Z | 2026-05-25T13:08:59Z | 2026-06-01T13:20:32Z | 2026-06-08T13:20:12Z"
"AR","Arkansas","3c40a75e-9ad9-4168-a92b-05052bc12846","Affordent of Springdale","-94.1901245117188","36.1777191162109","dentist","medical_center | health_and_medical","5320 W Sunset Ave Ste 154","Springdale","72762","AR","US","4799276328","","http://locations.dentalservice.net/springdale-dentures1","","","0.85","","9","Microsoft | Overture","CDLA-Permissive-2.0","2018-12-10T08:24:41.520Z | 2026-06-11T11:57:15Z"
"AR","Arkansas","3c703aa8-da70-4a27-bf39-623c35235916","Mounts Dental Care","-92.23534009","34.7986378","dentist","general_dentistry | health_and_medical","2512 Crestwood Rd","North Little Rock","72116-7623","AR","US","+15017530166","mountsdentalcare@hotmail.com","http://mountsdentalcare.com/","https://www.facebook.com/298326063513765","","0.9199122190475464","open","8","meta | Overture | Overture-signals","CDLA-Permissive-2.0","2026-04-27T00:00:00.000Z | 2026-06-11T11:57:15Z | 2026-05-12T00:29:08Z | 2026-05-18T13:23:54Z | 2026-05-25T13:08:59Z | 2026-06-01T13:20:32Z | 2026-06-08T13:20:12Z"
"AR","Arkansas","3c730a5f-4cb8-4209-b7dc-d7f3aa3eac9f","NLR Pediatric Dental Group","-92.2332537169155","34.7987462183383","dentist","","4605 Fairway Ave","North Little Rock","72116","AR","US","(501) 771-2990","","http://cnlrpdg.com","https://www.facebook.com/132563386796202","","0.77","","5","Foursquare | Overture","Apache-2.0 | CDLA-Permissive-2.0","2025-08-22T00:00:00.000 | 2026-06-11T11:57:15Z"
"AR","Arkansas","3c947679-f677-41b5-819a-15051c6eea5d","Dr. Sam Strong - General and Cosmetic Dentistry","-92.386039","34.767673","dentist","cosmetic_dentist | health_and_medical","1415 Breckenridge Dr","Little Rock","72227-4864","AR","US","+15012242333","appts@samuelstrong.com","http://www.strongdds.com","https://www.facebook.com/251826504846922","","0.8731755614280701","","6","meta | Overture","CDLA-Permissive-2.0","2026-04-27T00:00:00.000Z | 2026-06-11T11:57:15Z"
"AR","Arkansas","3d5ed025-40a3-4a82-b7cf-b27c97efed30","Andrews Family Dentistry","-90.96556338","36.07446435","dentist","general_dentistry","1121 W Main St","Walnut Ridge","72476-1000","AR","US","+18706375914","office@andrewsfamilydentistry.com","http://www.andrewsfamilydds.com/","https://www.facebook.com/343508212821292","","0.9199122190475464","open","8","meta | Overture | Overture-signals","CDLA-Permissive-2.0","2026-04-27T00:00:00.000Z | 2026-06-11T11:57:15Z | 2026-05-12T00:29:08Z | 2026-05-18T13:23:54Z | 2026-05-25T13:08:59Z | 2026-06-01T13:20:32Z | 2026-06-08T13:20:12Z"
"AR","Arkansas","3d6fb099-ae20-43ed-81f2-bf51c2ef388b","River Dental","-94.2416458905636","36.0415515370857","dentist","","19 West Main Street","Farmington","72730","AR","US","(479) 267-2266","farmington@riverdentalar.com","https://www.riverdentalar.com/farmington/","","","0.77","","5","Foursquare | Overture","Apache-2.0 | CDLA-Permissive-2.0","2025-10-20T00:00:00.000 | 2026-06-11T11:57:15Z"
"AR","Arkansas","3def0ce6-8c13-4e55-a4c2-ae52f31781fb","Comfort Dental","-90.5198516938333","35.6724714297143","dentist","","143 Highway 463 N","Trumann","72472","AR","US","(870) 483-7654","","http://www.comfortdental.com","https://www.facebook.com/112346015494187","","0.9199122190475464","open","4","Foursquare | Overture | Overture-signals","Apache-2.0 | CDLA-Permissive-2.0","2025-08-19T00:00:00.000 | 2026-06-11T11:57:15Z | 2026-05-12T00:29:08Z | 2026-05-18T13:23:54Z | 2026-05-25T13:08:59Z | 2026-06-01T13:20:32Z | 2026-06-08T13:20:12Z"
"AR","Arkansas","3e1207d0-48a0-4feb-805f-af31853cc79b","Cantrell West Dental","-92.41776451","34.79850059","dentist","general_dentistry | health_and_medical","12921 Cantrell Rd","Little Rock","72223-1708","AR","US","+15016643279","info@cantrellwestdental.com","https://www.cantrellwestdental.com/","https://www.facebook.com/319412764744","","0.9199122190475464","open","9","meta | Overture | Overture-signals","CDLA-Permissive-2.0","2026-04-27T00:00:00.000Z | 2026-06-11T11:57:15Z | 2026-05-12T00:29:08Z | 2026-05-18T13:23:54Z | 2026-05-25T13:08:59Z | 2026-06-01T13:20:32Z | 2026-06-08T13:20:12Z"
"AR","Arkansas","3e2ddb16-2565-48de-8907-ff1e7e52f746","Aspen Dental","-92.4994986","34.6180853","dentist","","2302 N Reynolds Rd","Bryant","72022","AR","US","","","https://www.aspendental.com/dentist/ar/bryant/2302-n-reynolds-rd/","","Aspen Dental","0.8","","3","AllThePlaces | Overture","CC0-1.0 | CDLA-Permissive-2.0","2026-06-02T15:18:54.000Z | 2026-06-11T11:57:15Z"
"AR","Arkansas","3e80e318-a336-4780-a488-aeb468a04255","Alisa M. Hopper, D.D.S.","-91.7914335","33.62220192","dentist","health_and_medical | medical_service_organizations","433 S Main St","Monticello","71655-4817","AR","US","+18703677636","","http://hopperalisamdds.placeweb.site","https://www.facebook.com/157943974240269","","0.9199122190475464","open","6","meta | Overture | Overture-signals","CDLA-Permissive-2.0","2026-04-27T00:00:00.000Z | 2026-06-11T11:57:15Z | 2026-05-12T00:29:08Z | 2026-05-18T13:23:54Z | 2026-05-25T13:08:59Z | 2026-06-01T13:20:32Z | 2026-06-08T13:20:12Z"
"AR","Arkansas","3e8c5aa5-56c3-4d6f-97ee-b13d6b3757db","Walnut Ridge Dental Care","-90.96540605","36.07409873","dentist","general_dentistry | health_and_medical","1045 W Main St","Walnut Ridge","72476-1004","AR","US","+18708863338","","https://www.walnutridgedentalcare.com/","https://www.facebook.com/217515192228564","","0.9199122190475464","open","9","meta | Overture | Overture-signals","CDLA-Permissive-2.0","2026-04-27T00:00:00.000Z | 2026-06-11T11:57:15Z | 2026-05-12T00:29:08Z | 2026-05-18T13:23:54Z | 2026-05-25T13:08:59Z | 2026-06-01T13:20:32Z | 2026-06-08T13:20:12Z"
"AR","Arkansas","3e8e9678-bc8f-4b6f-8e0c-3945cfb1fb9d","Carter Davidson Dentistry","-94.11733732","36.08650624","dentist","health_and_medical | doctor","1874 N Hunters Rdg","Fayetteville","72701-2774","AR","US","+14794425092","","http://michaelcarterdds.com/","https://www.facebook.com/238493676198677","","0.9199122190475464","open","9","meta | Overture | Overture-signals","CDLA-Permissive-2.0","2026-04-27T00:00:00.000Z | 2026-06-11T11:57:15Z | 2026-05-12T00:29:08Z | 2026-05-18T13:23:54Z | 2026-05-25T13:08:59Z | 2026-06-01T13:20:32Z | 2026-06-08T13:20:12Z"
"AR","Arkansas","3eeffc28-88fa-4eea-becc-1ae02fc0b34a","Sunset Avenue Dental","-94.17034636","36.17490117","dentist","general_dentistry | health_and_medical","3617 W Sunset Ave","Springdale","72762-4955","AR","US","+14793098682","","https://sunsetavenuedental.com/","https://www.facebook.com/223382381184679","Dental Health Society online","0.9199122190475464","open","8","meta | Overture | Overture-signals","CDLA-Permissive-2.0","2026-04-27T00:00:00.000Z | 2026-06-11T11:57:15Z | 2026-05-12T00:29:08Z | 2026-05-18T13:23:54Z | 2026-05-25T13:08:59Z | 2026-06-01T13:20:32Z | 2026-06-08T13:20:12Z"
"AR","Arkansas","3f7c2dc9-b360-4fdc-b1c9-fde15d01a35b","Hill and Moudy Dentistry","-92.0517911162738","34.9442600507083","dentist","","12 Marlou Dr","Cabot","72023","AR","US","(501) 628-5555","stthill7@yahoo.com","http://www.hillandmoudy.com","https://www.facebook.com/520574231316538","","0.9199122190475464","open","4","Foursquare | Overture | Overture-signals","Apache-2.0 | CDLA-Permissive-2.0","2026-02-04T00:00:00.000 | 2026-06-11T11:57:15Z | 2026-05-12T00:29:08Z | 2026-05-18T13:23:54Z | 2026-05-25T13:08:59Z | 2026-06-01T13:20:32Z | 2026-06-08T13:20:12Z"
"AR","Arkansas","3f87a283-05b4-4bca-af39-44d4838e5c90","Dr. Thomas Pierce DDS","-90.2025827116394","35.2047905450566","dentist","health_and_medical","329 Block St","Marion","72364","AR","US","8707393256","","https://www.marionardentist.com/","","","0.85","","7","Microsoft | Overture","CDLA-Permissive-2.0","2020-07-09T20:39:50.320Z | 2026-06-11T11:57:15Z"
"AR","Arkansas","3fb81db7-5c28-4624-904b-bf4e1d00f365","Monarch Dental","-94.24338587","36.35738529","dentist","general_dentistry | cosmetic_dentist","2805 SW 14th St","Bentonville","72712-1089","AR","US","+14792599130","","https://www.monarchdental.com/dental-office/bentonville-dentist/20140/?utm_source=generic&utm_medium=profiles&utm_campaign=local_profiles","https://www.facebook.com/105213242376675","Monarch Dental","0.9199122190475464","open","8","meta | Overture | Overture-signals","CDLA-Permissive-2.0","2026-04-27T00:00:00.000Z | 2026-06-11T11:57:15Z | 2026-05-12T00:29:08Z | 2026-05-18T13:23:54Z | 2026-05-25T13:08:59Z | 2026-06-01T13:20:32Z | 2026-06-08T13:20:12Z"
"AR","Arkansas","4008e00d-41d2-40bf-a255-fa7e203ed1ae","Criswell Clinic Family Dentistry","-94.34218493","35.43675843","dentist","general_dentistry","1607 Main St","Van Buren","72956-4735","AR","US","+14794747076","info@criswellclinic.com","https://www.groupon.com/biz/van-buren-ar/billy-c-criswell","https://www.facebook.com/205895586200903","","0.9199122190475464","open","9","meta | Overture | Overture-signals","CDLA-Permissive-2.0","2026-04-27T00:00:00.000Z | 2026-06-11T11:57:15Z | 2026-05-12T00:29:08Z | 2026-05-18T13:23:54Z | 2026-05-25T13:08:59Z | 2026-06-01T13:20:32Z | 2026-06-08T13:20:12Z"
"AR","Arkansas","406a3d9d-8194-48b1-8129-bb9cdfba7a83","Winborn Paul L II DDS PA","-94.3550919026317","35.3498462397996","dentist","","3225 S 70th","Ft Smith","72903","AR","US","(479) 478-9955","","http://www.ftsmithdental.com","","","0.77","","5","Foursquare | Overture","Apache-2.0 | CDLA-Permissive-2.0","2024-12-03T00:00:00.000 | 2026-06-11T11:57:15Z"
"AR","Arkansas","406c8a18-7248-4561-b2e7-095af487214b","Wedington Family Dental","-94.20784526","36.07940989","dentist","general_dentistry | doctor","1188 N Salem Rd","Fayetteville","72704-8803","AR","US","+14795270707","","http://www.wedingtonfamilydental.com/","https://www.facebook.com/546737502148821","Wedington Family Dental","0.9902192950248718","open","10","meta | Overture | Overture-signals","CDLA-Permissive-2.0","2026-04-27T00:00:00.000Z | 2026-06-11T11:57:15Z | 2026-05-12T00:29:08Z | 2026-05-18T13:23:54Z | 2026-05-25T13:08:59Z | 2026-06-01T13:20:32Z | 2026-06-08T13:20:12Z"
"AR","Arkansas","407cf149-6dee-448e-9557-055609d5edfc","Maxwell Flemming DDS","-92.0064179249866","34.1911941771969","dentist","","3721 S Olive St, Pine Bluff, AR 71603","Pine Bluff","71603","AR","US","(870) 536-9800","","http://www.maxflemingdds.com","","","0.9199122190475464","open","4","Foursquare | Overture | Overture-signals","Apache-2.0 | CDLA-Permissive-2.0","2025-02-05T00:00:00.000 | 2026-06-11T11:57:15Z | 2026-05-12T00:29:08Z | 2026-05-18T13:23:54Z | 2026-05-25T13:08:59Z | 2026-06-01T13:20:32Z | 2026-06-08T13:20:12Z"
"AR","Arkansas","40a5cede-7dd1-488c-b97a-f777cc09cdd0","Lamar W. Lane, DDS","-92.4013729187936","34.7886388337638","dentist","","3801 Woodland Heights Rd Ste 175","Little Rock","72212","AR","US","(501) 224-1004","lhlane525@aol.com","http://woodlandheightsfamilydental.com","","","0.9199122190475464","open","4","Foursquare | Overture | Overture-signals","Apache-2.0 | CDLA-Permissive-2.0","2025-08-22T00:00:00.000 | 2026-06-11T11:57:15Z | 2026-05-12T00:29:08Z | 2026-05-18T13:23:54Z | 2026-05-25T13:08:59Z | 2026-06-01T13:20:32Z | 2026-06-08T13:20:12Z"
"AR","Arkansas","40cf9a8c-9079-4886-aca6-6871133e3c5d","Higginbotham Family Dental","-89.870807287626","35.9307893898457","dentist","","3710 E Main St","Blytheville","72315","AR","US","(870) 762-1331","amurray@higginbothamfamilydental.com","http://www.higginbothamfamilydental.com","https://www.facebook.com/147750978578088","","0.9199122190475464","open","4","Foursquare | Overture | Overture-signals","Apache-2.0 | CDLA-Permissive-2.0","2025-08-22T00:00:00.000 | 2026-06-11T11:57:15Z | 2026-05-12T00:29:08Z | 2026-05-18T13:23:54Z | 2026-05-25T13:08:59Z | 2026-06-01T13:20:32Z | 2026-06-08T13:20:12Z"
"AR","Arkansas","40db5ee9-f7a3-4006-9334-dcdf584f3abe","Precision Crown & Bridge","-93.14658124","36.22495129","dentist","medical_service_organizations | health_and_medical","2814 Inwood Dr","Harrison","72601-8947","AR","US","+18707436358","precision2814@outlook.com","","https://www.facebook.com/231397713541593","","0.9199122190475464","open","7","meta | Overture | Overture-signals","CDLA-Permissive-2.0","2026-04-27T00:00:00.000Z | 2026-06-11T11:57:15Z | 2026-05-12T00:29:08Z | 2026-05-18T13:23:54Z | 2026-05-25T13:08:59Z | 2026-06-01T13:20:32Z | 2026-06-08T13:20:12Z"
"AR","Arkansas","40f570ee-7291-424c-8484-b848c24d2793","Beth Bowen DDS","-94.15611369","36.08940013","dentist","general_dentistry","2017 N Green Acres Dr","Fayetteville","72703-2646","AR","US","+14793323121","welcome@bethbowendds.com","http://www.bethbowendds.com/","https://www.facebook.com/107373291076696","","0.9199122190475464","open","8","meta | Overture | Overture-signals","CDLA-Permissive-2.0","2026-04-27T00:00:00.000Z | 2026-06-11T11:57:15Z | 2026-05-12T00:29:08Z | 2026-05-18T13:23:54Z | 2026-05-25T13:08:59Z | 2026-06-01T13:20:32Z | 2026-06-08T13:20:12Z"
"AR","Arkansas","41006ab3-607c-43d0-809f-511a7e622e2c","Michael S Nelson DDS","-93.583314","36.376394","dentist","health_and_medical","1122 W Trimble Ave","Berryville","72616-5248","AR","US","+18704234042","nelsonsmiles@yahoo.com","http://www.drnelsonsmiles.com/","https://www.facebook.com/2073721299621529","","0.9461009502410889","","7","meta | Overture","CDLA-Permissive-2.0","2026-04-27T00:00:00.000Z | 2026-06-11T11:57:15Z"
"AR","Arkansas","41142859-a961-44db-853a-734a36beabd4","Paul A Evans DDS","-94.25666236","35.21237816","dentist","pediatric_dentist | doctor","7 W Center St","Greenwood","72936-4804","AR","US","+14799968000","paevans12@yahoo.com","","https://www.facebook.com/133491116714859","","0.9199122190475464","open","6","meta | Overture | Overture-signals","CDLA-Permissive-2.0","2026-04-27T00:00:00.000Z | 2026-06-11T11:57:15Z | 2026-05-12T00:29:08Z | 2026-05-18T13:23:54Z | 2026-05-25T13:08:59Z | 2026-06-01T13:20:32Z | 2026-06-08T13:20:12Z"
"AR","Arkansas","41708c1b-cb9f-4721-96e4-3691bb624ee6","Arkansas Oral & Maxillofacial Surgeons","-92.0809953823131","34.2519029302666","dentist","","6531 Sheridan Rd","White Hall","71602","AR","US","(870) 247-1200","","http://www.facesbypraetzel.com","https://www.facebook.com/108582639265384","","0.77","","5","Foursquare | Overture","Apache-2.0 | CDLA-Permissive-2.0","2022-04-23T00:00:00.000 | 2026-06-11T11:57:15Z"
"AR","Arkansas","4232700f-e35c-429f-bc16-5ad0ce72195b","Market Place Smiles","-90.68097898","35.8262851","dentist","orthodontist | doctor","1503 Marketplace Dr","Jonesboro","72401-5219","AR","US","+18709356140","hendrixfamilydentistry@gmail.com","","https://www.facebook.com/520320061375912","","0.8303325176239014","","5","meta | Overture","CDLA-Permissive-2.0","2026-04-27T00:00:00.000Z | 2026-06-11T11:57:15Z"
"AR","Arkansas","42bcb1ff-920d-43e0-bd6f-afd2e750fc2d","Ronnie Faulkner Pa","-93.63126655","34.55756711","dentist","cosmetic_dentist","138 Highway 270 E","Mt Ida","71957-9409","AR","US","+18708673432","","https://www.dentalinsurance.com/dir/dr-ronnie-faulkner-dentist...","https://www.facebook.com/126199464100848","DentalInsurance.com","0.9645527005195618","","2","meta | Overture","CDLA-Permissive-2.0","2026-04-27T00:00:00.000Z | 2026-06-11T11:57:15Z"
"AR","Arkansas","42cc17ea-d9c9-4c51-8448-ba38a6ef5b3b","Dr. Van O. Parker","-89.90918242","35.93154482","dentist","health_and_medical | medical_service_organizations","522 Lumerate St","Blytheville","72315-2418","AR","US","+18707635546","","https://parker-van-o.hub.biz/","https://www.facebook.com/110419762354197","","0.9199122190475464","open","6","meta | Overture | Overture-signals","CDLA-Permissive-2.0","2026-04-27T00:00:00.000Z | 2026-06-11T11:57:15Z | 2026-05-12T00:29:08Z | 2026-05-18T13:23:54Z | 2026-05-25T13:08:59Z | 2026-06-01T13:20:32Z | 2026-06-08T13:20:12Z"
"AR","Arkansas","42fea01a-1ddd-4dcc-9490-13c90926f757","Restore Modern Dentistry","-94.21009288","36.33874117","dentist","general_dentistry | cosmetic_dentist","3301 S Walton Blvd","Bentonville","72712-5393","AR","US","+14792599060","theteam@restoredental.com","http://www.restoredental.com/","https://www.facebook.com/331744950288613","Restore Modern Dentistry","0.9902192950248718","open","8","meta | Overture | Overture-signals","CDLA-Permissive-2.0","2026-04-27T00:00:00.000Z | 2026-06-11T11:57:15Z | 2026-05-12T00:29:08Z | 2026-05-18T13:23:54Z | 2026-05-25T13:08:59Z | 2026-06-01T13:20:32Z | 2026-06-08T13:20:12Z"
"AR","Arkansas","43ff960e-2e41-469c-8558-28ac6789c8c0","Lance V Glenn DDS","-93.84672147","33.95104127","dentist","general_dentistry | doctor","700 N Main St","Nashville","71852-3948","AR","US","+18708451263","","http://www.nashvillefamilydentistry.com","https://www.facebook.com/110391402356372","Lance V Glenn DDS","0.9433467388153076","","8","meta | Overture","CDLA-Permissive-2.0","2026-04-27T00:00:00.000Z | 2026-06-11T11:57:15Z"
"AR","Arkansas","440bbfeb-2267-40bd-9f09-313871c16623","Northside Dental","-94.38861332","35.39263345","dentist","general_dentistry","1528 N 39th St","Fort Smith","72904-6931","AR","US","+14797834469","dentistryfs@gmail.com","http://www.fortsmithardentist.com/","https://www.facebook.com/104136399218305","","0.9199122190475464","open","7","meta | Overture | Overture-signals","CDLA-Permissive-2.0","2026-04-27T00:00:00.000Z | 2026-06-11T11:57:15Z | 2026-05-12T00:29:08Z | 2026-05-18T13:23:54Z | 2026-05-25T13:08:59Z | 2026-06-01T13:20:32Z | 2026-06-08T13:20:12Z"
"AR","Arkansas","4432aa6d-78f6-4f6c-b508-bcc7bb916e89","D K Dental","-92.23443171","34.79794124","dentist","general_dentistry","2524 Crestwood Rd","North Little Rock","72116-7648","AR","US","+15017537366","","http://www.dentalways.com/","https://www.facebook.com/1411389595798305","Dentalways","0.9199122190475464","open","9","meta | Overture | Overture-signals","CDLA-Permissive-2.0","2026-04-27T00:00:00.000Z | 2026-06-11T11:57:15Z | 2026-05-12T00:29:08Z | 2026-05-18T13:23:54Z | 2026-05-25T13:08:59Z | 2026-06-01T13:20:32Z | 2026-06-08T13:20:12Z"
"AR","Arkansas","44500478-3145-41cd-b13e-8aaa7e5d2f25","Dr. Leslie Cooner","-92.3869967","34.75432816","dentist","doctor","10220 W Markham St","Little Rock","72205-2183","AR","US","+15012276226","","","https://www.facebook.com/188302204555953","","0.9199122190475464","open","7","meta | Overture | Overture-signals","CDLA-Permissive-2.0","2026-04-27T00:00:00.000Z | 2026-06-11T11:57:15Z | 2026-05-12T00:29:08Z | 2026-05-18T13:23:54Z | 2026-05-25T13:08:59Z | 2026-06-01T13:20:32Z | 2026-06-08T13:20:12Z"
"AR","Arkansas","4486aa66-6470-4b16-9763-de3b6fb93bed","Hatley Family Dentistry","-92.37968262","34.75926416","dentist","general_dentistry","9501 N Rodney Parham Rd","Little Rock","72227-6253","AR","US","+15012254128","hatleyfamilydentistry@yahoo.com","","https://www.facebook.com/130376387649180","","0.9199122190475464","open","8","meta | Overture | Overture-signals","CDLA-Permissive-2.0","2026-04-27T00:00:00.000Z | 2026-06-11T11:57:15Z | 2026-05-12T00:29:08Z | 2026-05-18T13:23:54Z | 2026-05-25T13:08:59Z | 2026-06-01T13:20:32Z | 2026-06-08T13:20:12Z"
"AR","Arkansas","449b216c-453e-453a-97ed-61e3f6cb7920","Culpepper Family Dentistry","-94.19044499","36.31260923","dentist","general_dentistry | doctor","5501 W Pinnacle Pointe Dr","Rogers","72758","AR","US","+14799368877","culpepperdentistry@gmail.com","http://www.culpepperfamilydentistry.com/","https://www.facebook.com/179585115553835","","0.9902192950248718","open","9","meta | Overture | Overture-signals","CDLA-Permissive-2.0","2026-04-27T00:00:00.000Z | 2026-06-11T11:57:15Z | 2026-05-12T00:29:08Z | 2026-05-18T13:23:54Z | 2026-05-25T13:08:59Z | 2026-06-01T13:20:32Z | 2026-06-08T13:20:12Z"
"AR","Arkansas","44ccb4d1-b1a7-4db5-bb28-ed1aa40fab80","Deal Family Dental","-92.3994519465829","34.2893845937091","dentist","","1409 S Rock St","Sheridan","72150","AR","US","(870) 942-2020","","http://www.dealfamilydental.com","","","0.9199122190475464","open","4","Foursquare | Overture | Overture-signals","Apache-2.0 | CDLA-Permissive-2.0","2025-08-19T00:00:00.000 | 2026-06-11T11:57:15Z | 2026-05-12T00:29:08Z | 2026-05-18T13:23:54Z | 2026-05-25T13:08:59Z | 2026-06-01T13:20:32Z | 2026-06-08T13:20:12Z"
"AR","Arkansas","44f5b5e2-5a6b-4e67-9e9a-831f6a40ccbc","Affordable Dentures & Implants","-94.18928899","36.17866417","dentist","general_dentistry | prosthodontist","5320 W Sunset Ave","Springdale","72762-4410","AR","US","+14794467978","fda11935@affordabledentures.com","https://www.affordabledentures.com/locations/ar/springdale?utm_source=Facebook&utm_medium=Organic_Listing&utm_campaign=11935","https://www.facebook.com/938312969555220","Affordable Dentures & Implants","0.9199122190475464","open","9","meta | Overture | Overture-signals","CDLA-Permissive-2.0","2026-04-27T00:00:00.000Z | 2026-06-11T11:57:15Z | 2026-05-12T00:29:08Z | 2026-05-18T13:23:54Z | 2026-05-25T13:08:59Z | 2026-06-01T13:20:32Z | 2026-06-08T13:20:12Z"
"AR","Arkansas","45af2767-1751-45b3-b183-1236f4daaa40","Dr. Mike DeRuyter  ""The Airport Dentist""","-93.53155","34.53082","dentist","airport","3447 Highway 270 E","Mt Ida","71957-8092","AR","US","+18704902430","drmike3447@gmail.com","","https://www.facebook.com/106698167722343","","0.8528488278388977","","8","meta | Overture","CDLA-Permissive-2.0","2026-04-27T00:00:00.000Z | 2026-06-11T11:57:15Z"
"AR","Arkansas","4680d2a0-7021-428b-a1d7-5144500bf629","Scott Eichhorn DDS PA","-91.9971907036628","35.4931790044937","dentist","","309 Southridge Blvd #D","Heber Springs","72543","AR","US","(501) 362-0550","scotteichhorndds@yahoo.com","https://heberspringsdentalassociates.com","https://www.facebook.com/917109108367226","","0.77","","5","Foursquare | Overture","Apache-2.0 | CDLA-Permissive-2.0","2025-08-22T00:00:00.000 | 2026-06-11T11:57:15Z"
"AR","Arkansas","47209c79-d74a-4aee-bead-fbe45aca2df3","River Dental","-94.51205978","36.1814124","dentist","general_dentistry | cosmetic_dentist","3105 Highway 412 E","Siloam Springs","72761-8635","AR","US","+14793735113","siloamsprings@riverdentalar.com","https://www.riverdentalar.com/siloamsprings/","https://www.facebook.com/120549859861038","River Dental - Springdale","0.9199122190475464","open","8","meta | Overture | Overture-signals","CDLA-Permissive-2.0","2026-04-27T00:00:00.000Z | 2026-06-11T11:57:15Z | 2026-05-12T00:29:08Z | 2026-05-18T13:23:54Z | 2026-05-25T13:08:59Z | 2026-06-01T13:20:32Z | 2026-06-08T13:20:12Z"
"AR","Arkansas","479e2755-b9f1-4f96-a93c-20cd5edaf5d8","Melanie Looney DDS","-91.62594838","35.76845852","dentist","doctor | health_and_medical","1095 24th St","Batesville","72501-7408","AR","US","+18708349357","melanielooneydds@gmail.com","http://www.asbde.org","https://www.facebook.com/1988776351163329","","0.9199122190475464","open","6","meta | Overture | Overture-signals","CDLA-Permissive-2.0","2026-04-27T00:00:00.000Z | 2026-06-11T11:57:15Z | 2026-05-12T00:29:08Z | 2026-05-18T13:23:54Z | 2026-05-25T13:08:59Z | 2026-06-01T13:20:32Z | 2026-06-08T13:20:12Z"
"AR","Arkansas","47aa3c12-2d35-4eb2-85fc-0c05237e3c4a","Blake Weber, DDS","-92.3616868739857","34.7755787308007","dentist","","7924 Cantrell Rd","Little Rock","72227","AR","US","(501) 225-0113","drblakeweber@gmail.com","http://www.mylittlerockdentist.com","https://www.facebook.com/135732043157357","","0.9199122190475464","open","4","Foursquare | Overture | Overture-signals","Apache-2.0 | CDLA-Permissive-2.0","2025-08-22T00:00:00.000 | 2026-06-11T11:57:15Z | 2026-05-12T00:29:08Z | 2026-05-18T13:23:54Z | 2026-05-25T13:08:59Z | 2026-06-01T13:20:32Z | 2026-06-08T13:20:12Z"
"AR","Arkansas","47dd7465-a46b-4828-aa69-1357dfcd580d","Brookland Dental","-90.58880221","35.91551169","dentist","general_dentistry","8377 Highway 49 N","Brookland","72417-8006","AR","US","+18703935330","brookland.dental@yahoo.com","","https://www.facebook.com/105483344616720","","0.9199122190475464","open","7","meta | Overture | Overture-signals","CDLA-Permissive-2.0","2026-04-27T00:00:00.000Z | 2026-06-11T11:57:15Z | 2026-05-12T00:29:08Z | 2026-05-18T13:23:54Z | 2026-05-25T13:08:59Z | 2026-06-01T13:20:32Z | 2026-06-08T13:20:12Z"
"AR","Arkansas","48a1a32c-5ae1-44d1-8770-a253851648bd","Solera Dental Spa","-94.28867539","36.45613259","dentist","general_dentistry | cosmetic_dentist","600 W Lancashire Blvd","Bella Vista","72715-3027","AR","US","+14798551855","info@soleradentalspa.com","https://soleradentalspa.com/","https://www.facebook.com/226703750770012","","0.9998218780755996","","8","meta | Overture","CDLA-Permissive-2.0","2026-04-27T00:00:00.000Z | 2026-06-11T11:57:15Z"
"AR","Arkansas","48a4221e-e9c2-4632-aaaf-90378dee5ee1","Beller Dental Clinic","-91.64765083","35.77162985","dentist","general_dentistry | medical_service_organizations","635 E Boswell St","Batesville","72501-4608","AR","US","+18706981837","dr.chris.beller@gmail.com","http://www.bellerdentalclinic.com","https://www.facebook.com/230621722215","Beller Dental Clinic","0.9199122190475464","open","10","meta | Overture | Overture-signals","CDLA-Permissive-2.0","2026-04-27T00:00:00.000Z | 2026-06-11T11:57:15Z | 2026-05-12T00:29:08Z | 2026-05-18T13:23:54Z | 2026-05-25T13:08:59Z | 2026-06-01T13:20:32Z | 2026-06-08T13:20:12Z"
"AR","Arkansas","49354118-700f-40d7-910d-e7a7d35c5fc7","Dugan Kevin M.","-92.21772162","34.78343775","dentist","family_practice | medical_service_organizations","3200 Springhill Dr","North Little Rock","72117-2913","AR","US","+15017589191","","","https://www.facebook.com/245007737160","","0.9199122190475464","open","7","meta | Overture | Overture-signals","CDLA-Permissive-2.0","2026-04-27T00:00:00.000Z | 2026-06-11T11:57:15Z | 2026-05-12T00:29:08Z | 2026-05-18T13:23:54Z | 2026-05-25T13:08:59Z | 2026-06-01T13:20:32Z | 2026-06-08T13:20:12Z"
"AR","Arkansas","49f70a6d-3356-4e0c-b735-055cbbdaa655","Dental Creations","-93.1090120932889","36.230307853901","dentist","","112 N Willow St","Harrison","72601","AR","US","(870) 204-6974","","http://www.dentalcreationsofharrison.com","","","0.9199122190475464","open","4","Foursquare | Overture | Overture-signals","Apache-2.0 | CDLA-Permissive-2.0","2025-08-22T00:00:00.000 | 2026-06-11T11:57:15Z | 2026-05-12T00:29:08Z | 2026-05-18T13:23:54Z | 2026-05-25T13:08:59Z | 2026-06-01T13:20:32Z | 2026-06-08T13:20:12Z"
"AR","Arkansas","4a3b2984-5d65-4aa8-a788-0c8a2525d2ac","Steven B. Pascoe, DDS ~ Tooth Acres","-92.417016","35.136518","dentist","health_and_medical","95 Beaverfork Rd","Conway","72032","AR","US","5017649352","","https://www.drstevenpascoe.com/","","","0.9199122190475464","open","6","Microsoft | Overture | Overture-signals","CDLA-Permissive-2.0","2025-02-15T02:00:59.003Z | 2026-06-11T11:57:15Z | 2026-05-12T00:29:08Z | 2026-05-18T13:23:54Z | 2026-05-25T13:08:59Z | 2026-06-01T13:20:32Z | 2026-06-08T13:20:12Z"
"AR","Arkansas","4ac7019a-8f67-45b3-acbb-cdd241b3fe5d","Alice McCormick, DMD","-92.3426418507925","34.7335692813533","dentist","","2001 S University Ave","Little Rock","72204","AR","US","(501) 588-7688","lruniversity@leapkidsdental.com","https://leapkidsdental.com/locations/little-rock-university/","https://www.facebook.com/107049354186991","","0.9199122190475464","open","7","Foursquare | Overture | Overture-signals","Apache-2.0 | CDLA-Permissive-2.0","2020-10-09T00:00:00.000 | 2026-06-11T11:57:15Z | 2026-05-12T00:29:08Z | 2026-05-18T13:23:54Z | 2026-05-25T13:08:59Z | 2026-06-01T13:20:32Z | 2026-06-08T13:20:12Z"
"AR","Arkansas","4ae25fb5-2144-4924-9a65-c411a66b0887","Dr. Andrea M. Denson-Means","-90.78551238","35.01375487","dentist","medical_service_organizations | cosmetic_dentist","420 E Cook Ave","Forrest City","72335-2869","AR","US","+18706334894","","http://andreadensonmeans.placeweb.site","https://www.facebook.com/442829485784753","Dentalplans","0.949164867401123","","7","meta | Overture","CDLA-Permissive-2.0","2026-04-27T00:00:00.000Z | 2026-06-11T11:57:15Z"
"AR","Arkansas","4b149166-ec97-4045-9eb5-26028102c601","Dr. John Holcomb DDS","-94.55923221","36.17874577","dentist","general_dentistry | doctor","740 S Holly St","Siloam Springs","72761-3304","AR","US","+14795494746","johnrholcombdds@gmail.com","http://siloamdental.com/","https://www.facebook.com/193712177374295","John R Holcomb DDS","0.9199122190475464","open","9","meta | Overture | Overture-signals","CDLA-Permissive-2.0","2026-04-27T00:00:00.000Z | 2026-06-11T11:57:15Z | 2026-05-12T00:29:08Z | 2026-05-18T13:23:54Z | 2026-05-25T13:08:59Z | 2026-06-01T13:20:32Z | 2026-06-08T13:20:12Z"
"AR","Arkansas","4b4e07f6-5e53-4043-8d61-b9f0901acf28","arkansas periodontal","-94.3900299072266","35.3709907531738","dentist","","3800 Rogers Ave #3, Fort Smith, AR 72903","Fort Smith","72903","AR","US","(479) 785-4848","","https://www.nwaperio.com","","","0.77","","5","Foursquare | Overture","Apache-2.0 | CDLA-Permissive-2.0","2025-09-03T00:00:00.000 | 2026-06-11T11:57:15Z"
"AR","Arkansas","4b71eb91-b417-4367-8169-9333c48c118c","Impact Oral Surgery","-94.1874979","36.3714336","dentist","health_and_medical","1907 E Central Ave","Bentonville","72712","AR","US","4793735150","","http://www.impactoralsurgery.com/","","","0.9199122190475464","open","6","Microsoft | Overture | Overture-signals","CDLA-Permissive-2.0","2025-06-21T05:09:12.450Z | 2026-06-11T11:57:15Z | 2026-05-12T00:29:08Z | 2026-05-18T13:23:54Z | 2026-05-25T13:08:59Z | 2026-06-01T13:20:32Z | 2026-06-08T13:20:12Z"
"AR","Arkansas","4b73b4d0-7dfb-4fa4-9a07-af79437a0b52","Dental Care of Fayetteville","-94.2012346976128","36.0526403853753","dentist","","2868 W Martin Luther King Blvd","Fayetteville","72704","AR","US","(479) 249-8181","","https://www.colewhitedental.com","https://www.facebook.com/507531336017667","","0.77","","5","Foursquare | Overture","Apache-2.0 | CDLA-Permissive-2.0","2025-05-09T00:00:00.000 | 2026-06-11T11:57:15Z"
"AR","Arkansas","4bdb8ad1-9650-42b2-81a9-e243ab85b66f","Robbins David M","-93.05974505","34.49736372","dentist","health_and_medical | medical_service_organizations","241 Hobson Ave","Hot Springs","71913-3724","AR","US","+15016246958","","http://davidmrobbins.com","https://www.facebook.com/103870663012602","","0.8936720490455627","","7","meta | Overture","CDLA-Permissive-2.0","2026-04-27T00:00:00.000Z | 2026-06-11T11:57:15Z"
"AR","Arkansas","4bfe01bb-e72b-406a-ab27-88bc4a508b62","E. Kyle Dalton, DDS, DABCP, DABCDSM, FAACP, LVIF","-92.4081906671896","34.7499693777128","dentist","","12018 Chenal Pkwy","Little Rock","72211","AR","US","(501) 225-1577","tmjinfo@rockfamilydental.com","https://rockfamilydental.com/locations/little-rock-ar-tmj-sleep-therapy/","https://www.facebook.com/428131874625839","","0.9199122190475464","open","4","Foursquare | Overture | Overture-signals","Apache-2.0 | CDLA-Permissive-2.0","2020-12-28T00:00:00.000 | 2026-06-11T11:57:15Z | 2026-05-12T00:29:08Z | 2026-05-18T13:23:54Z | 2026-05-25T13:08:59Z | 2026-06-01T13:20:32Z | 2026-06-08T13:20:12Z"
"AR","Arkansas","4c8a9f6b-7b16-492c-86cf-27a67ee9574b","Westrock Orthodontics","-91.619221","35.764692","dentist","orthodontist | health_and_medical","2940 Harrison St","Batesville","72501-7513","AR","US","+18703764926","","http://westrockortho.com/","https://www.facebook.com/166769503379260","Westrock Orthodontics - Bartlett","0.5900021195411682","","9","meta | Overture","CDLA-Permissive-2.0","2026-04-27T00:00:00.000Z | 2026-06-11T11:57:15Z"
"AR","Arkansas","4cdbd5ca-dae1-4f2e-9470-a0185a0e8297","Leap Kids Pediatric Dental","-92.0037049883592","34.2006089841149","dentist","","2801 S Olive St Ste 33A","Pine Bluff","71603","AR","US","(870) 534-1200","pinebluff@leapkidsdental.com","http://leapkidsdental.com","https://www.facebook.com/427739707427420","","0.77","","5","Foursquare | Overture","Apache-2.0 | CDLA-Permissive-2.0","2025-09-03T00:00:00.000 | 2026-06-11T11:57:15Z"
"AR","Arkansas","4cdd892d-3efa-4daf-afee-5eb729efba9c","Cloud & Hill Dental Care","-92.440874","34.802492","dentist","","14922 Cantrell Rd","Little Rock","72223","AR","US","(501) 868-3800","info@toothhog.com","http://toothhog.com","https://www.facebook.com/125344927517544","","0.77","","5","Foursquare | Overture","Apache-2.0 | CDLA-Permissive-2.0","2024-12-05T00:00:00.000 | 2026-06-11T11:57:15Z"
"AR","Arkansas","4d4a4632-705b-4cab-9173-3d8eea1ccb75","Dr Watson DDS","-90.4938081808438","36.0528406522475","dentist","","628 W Garland St","Paragould","72450","AR","US","(870) 236-1100","watsondentalcare@gmail.com","http://www.davidwatsondds.com","https://www.facebook.com/358771500866803","","0.77","","5","Foursquare | Overture","Apache-2.0 | CDLA-Permissive-2.0","2025-08-22T00:00:00.000 | 2026-06-11T11:57:15Z"
"AR","Arkansas","4da8001a-ddbe-454f-b457-d093bd93f05f","River Valley Dental","-94.3141213923927","35.3316040899124","dentist","","720 Strozier Ln # A","Barling","72923","AR","US","(479) 452-3900","","http://rvdental.com","","","0.9199122190475464","open","4","Foursquare | Overture | Overture-signals","Apache-2.0 | CDLA-Permissive-2.0","2023-12-02T00:00:00.000 | 2026-06-11T11:57:15Z | 2026-05-12T00:29:08Z | 2026-05-18T13:23:54Z | 2026-05-25T13:08:59Z | 2026-06-01T13:20:32Z | 2026-06-08T13:20:12Z"
"AR","Arkansas","4db0d207-8ff5-424e-af94-461c4c24e83d","Dentist4You","-94.15225049","36.33555927","dentist","general_dentistry | cosmetic_dentist","200 N 24th St","Rogers","72756-3591","AR","US","+14796362100","info@dentist4youar.com","https://linktr.ee/dentist4you","https://www.facebook.com/1296045183879232","","0.9199122190475464","open","7","meta | Overture | Overture-signals","CDLA-Permissive-2.0","2026-04-27T00:00:00.000Z | 2026-06-11T11:57:15Z | 2026-05-12T00:29:08Z | 2026-05-18T13:23:54Z | 2026-05-25T13:08:59Z | 2026-06-01T13:20:32Z | 2026-06-08T13:20:12Z"
"AR","Arkansas","4dd8efe5-cc7e-4fe2-b504-89eb1cca3109","Jeff Powell, DDS. Sherwood Smile","-92.2199266986187","34.8324490503672","dentist","","1118 E Kiehl Ave","Sherwood","72120","AR","US","(501) 834-5775","","http://www.sherwoodsmile.com","https://www.facebook.com/108932929146200","","0.77","","5","Foursquare | Overture","Apache-2.0 | CDLA-Permissive-2.0","2023-02-20T00:00:00.000 | 2026-06-11T11:57:15Z"
"AR","Arkansas","4e17724f-1885-4d1e-9da7-9fa1426910e3","Family Dental Care","-94.3326418733373","35.3450641781255","dentist","","9000 Rogers Ave","Fort Smith","72903","AR","US","(479) 452-8193","","http://fiserfamilydental.com","","","0.9199122190475464","open","4","Foursquare | Overture | Overture-signals","Apache-2.0 | CDLA-Permissive-2.0","2026-02-04T00:00:00.000 | 2026-06-11T11:57:15Z | 2026-05-12T00:29:08Z | 2026-05-18T13:23:54Z | 2026-05-25T13:08:59Z | 2026-06-01T13:20:32Z | 2026-06-08T13:20:12Z"
"AR","Arkansas","4efb85b0-a32b-4df7-83a8-70fd87d21ef3","Stephen A. Scott, DDS","-92.6721094463392","33.2144843794085","dentist","","705 W Faulkner St","El Dorado","71730","AR","US","(870) 534-1200","","https://westrockortho.com/location/el-dorado-ar/","https://www.facebook.com/533778109998354","","0.9199122190475464","open","4","Foursquare | Overture | Overture-signals","Apache-2.0 | CDLA-Permissive-2.0","2025-10-16T00:00:00.000 | 2026-06-11T11:57:15Z | 2026-05-12T00:29:08Z | 2026-05-18T13:23:54Z | 2026-05-25T13:08:59Z | 2026-06-01T13:20:32Z | 2026-06-08T13:20:12Z"
"AR","Arkansas","4f540393-cbed-415d-aaf0-e3b5fd183c35","Lawrence Lance A DDS","-93.146567","35.283448","dentist","health_and_medical | teeth_whitening","1501 W C St","Russellville","72801-2800","AR","US","+14799677000","","","https://www.facebook.com/111184815613170","","0.9253596067428589","","7","meta | Overture","CDLA-Permissive-2.0","2026-04-27T00:00:00.000Z | 2026-06-11T11:57:15Z"
"AR","Arkansas","4f6933d3-886d-400a-85ac-c0731116b4b3","Little Rock Family Dental Care","-92.35120787","34.66953728","dentist","general_dentistry","6600 Baseline Rd","Little Rock","72209-4539","AR","US","+15015146098","","https://www.lrfamilydentalcare.com/southwest-little-rock.html","https://www.facebook.com/102714594818556","Little Rock Family Dental Care","0.9199122190475464","open","9","meta | Overture | Overture-signals","CDLA-Permissive-2.0","2026-04-27T00:00:00.000Z | 2026-06-11T11:57:15Z | 2026-05-12T00:29:08Z | 2026-05-18T13:23:54Z | 2026-05-25T13:08:59Z | 2026-06-01T13:20:32Z | 2026-06-08T13:20:12Z"
"AR","Arkansas","50d0df2e-ae43-419c-88d8-08ca8e0fa4bf","Bartlett Family Dentistry","-93.11041993","36.23571694","dentist","general_dentistry | cosmetic_dentist","315 W Bower Ave","Harrison","72601-3524","AR","US","+18707417117","bartlettdental@bartlettfamilydentistry.com","http://www.bartlettfamilydentistry.com/","https://www.facebook.com/147986235227303","","0.9199122190475464","open","7","meta | Overture | Overture-signals","CDLA-Permissive-2.0","2026-04-27T00:00:00.000Z | 2026-06-11T11:57:15Z | 2026-05-12T00:29:08Z | 2026-05-18T13:23:54Z | 2026-05-25T13:08:59Z | 2026-06-01T13:20:32Z | 2026-06-08T13:20:12Z"
"AR","Arkansas","510fee00-373e-416e-ba48-a603e35956eb","Dr. Clifton C. Higgins","-90.69635997","35.83587559","dentist","general_dentistry | doctor","820 E Matthews Ave","Jonesboro","72401-3081","AR","US","+18709313377","info@cliftonchigginsdds.com","http://www.cliftonchigginsdds.com/","https://www.facebook.com/152541984764678","","0.9924722909927368","","2","meta | Overture","CDLA-Permissive-2.0","2026-04-27T00:00:00.000Z | 2026-06-11T11:57:15Z"
"AR","Arkansas","514f037e-a9ad-4f54-a451-1e069c250ff0","Dr. Daniel S. Debusk","-92.04190095","34.98112213","dentist","medical_service_organizations | health_and_medical","180 Arena Rd","Cabot","72023-7961","AR","US","+15016058878","debuskdds@aol.com","http://debuskdental.com/","https://www.facebook.com/103676704788152","","0.9199122190475464","open","7","meta | Overture | Overture-signals","CDLA-Permissive-2.0","2026-04-27T00:00:00.000Z | 2026-06-11T11:57:15Z | 2026-05-12T00:29:08Z | 2026-05-18T13:23:54Z | 2026-05-25T13:08:59Z | 2026-06-01T13:20:32Z | 2026-06-08T13:20:12Z"
"AR","Arkansas","5192daba-11e3-4db4-8d95-8173b4a5d230","Andrea Baumann, DDS, MS","-90.5224021948097","36.0613517514315","dentist","","2713 Kingshighway","Paragould","72450","AR","US","(870) 565-9825","paragould@westrockortho.com","https://westrockortho.com/location/paragould-ar/","https://www.facebook.com/472902153046120","","0.77","","5","Foursquare | Overture","Apache-2.0 | CDLA-Permissive-2.0","2021-02-17T00:00:00.000 | 2026-06-11T11:57:15Z"
"AR","Arkansas","5198815c-05bd-4b61-a89c-a77054402980","Hilltop Family Dentistry","-90.65852831","35.85606218","dentist","endodontist | pediatric_dentist","3299 E Johnson Ave","Jonesboro","72405-1907","AR","US","+18709331900","hilltopdentistry1@yahoo.com","http://hilltopfamilydentistry.com/","https://www.facebook.com/514413348662835","","0.9902192950248718","open","6","meta | Overture | Overture-signals","CDLA-Permissive-2.0","2026-04-27T00:00:00.000Z | 2026-06-11T11:57:15Z | 2026-05-12T00:29:08Z | 2026-05-18T13:23:54Z | 2026-05-25T13:08:59Z | 2026-06-01T13:20:32Z | 2026-06-08T13:20:12Z"
"AR","Arkansas","51fa4533-ff99-4ecf-a4e0-915685a0810b","Metro Park Dental Arts","-94.18725549","36.32819132","dentist","general_dentistry | health_and_medical","508 S 52nd St","Rogers","72758-8600","AR","US","+14792754953","metroparkdentalarts@yahoo.com","https://metroparkdentalarts.com/","https://www.facebook.com/495378173975157","Park Dental","0.9902192950248718","open","9","meta | Overture | Overture-signals","CDLA-Permissive-2.0","2026-04-27T00:00:00.000Z | 2026-06-11T11:57:15Z | 2026-05-12T00:29:08Z | 2026-05-18T13:23:54Z | 2026-05-25T13:08:59Z | 2026-06-01T13:20:32Z | 2026-06-08T13:20:12Z"
"AR","Arkansas","5202cd70-4b76-454f-9807-ff8f7611ea9e","Dr. Terry L. Boone","-92.08957","34.25605","dentist","pediatric_dentist","7197 Sheridan Rd","White Hall","71602-3261","AR","US","+18702671423","","","https://www.facebook.com/286346328174417","","0.5221650004386902","","10","meta | Overture","CDLA-Permissive-2.0","2026-04-27T00:00:00.000Z | 2026-06-11T11:57:15Z"
"AR","Arkansas","5213b13e-0f39-4ff9-98c9-25797488b684","Arkadelphia Supersmiles","-93.09027545","34.11984864","dentist","pediatric_dentist","280 Professional Park Dr","Arkadelphia","71923-4232","AR","US","+18702462828","","http://www.asbde.org/ddsroster/search.php","https://www.facebook.com/103252222458006","","0.9134252667427063","","9","meta | Overture","CDLA-Permissive-2.0","2026-04-27T00:00:00.000Z | 2026-06-11T11:57:15Z"
"AR","Arkansas","52af84b6-753d-4f84-a587-c59cfe68e92b","Woolsey Family Dentistry","-93.8376535","35.48802757","dentist","general_dentistry","1205 W Commercial St","Ozark","72949-3029","AR","US","+14796672090","","http://www.ozarkfamilydental.com","https://www.facebook.com/294972223855756","","0.9199122190475464","open","9","meta | Overture | Overture-signals","CDLA-Permissive-2.0","2026-04-27T00:00:00.000Z | 2026-06-11T11:57:15Z | 2026-05-12T00:29:08Z | 2026-05-18T13:23:54Z | 2026-05-25T13:08:59Z | 2026-06-01T13:20:32Z | 2026-06-08T13:20:12Z"
"AR","Arkansas","52dc4d47-1969-4075-846b-82a9b695d838","Gravette Family Dental","-94.45362845","36.41679088","dentist","general_dentistry","601 1st Ave SW","Gravette","72736-9388","AR","US","+14796005440","office@gravettedental.com","http://gravettedental.com/","https://www.facebook.com/363006000225903","","0.9814702868461609","","8","meta | Overture","CDLA-Permissive-2.0","2026-04-27T00:00:00.000Z | 2026-06-11T11:57:15Z"
"AR","Arkansas","52e243c1-650d-4346-8749-86d0d86ae1e3","Raines Family Dental","-92.58402575","34.56964479","dentist","general_dentistry","216 E Carpenter St","Benton","72015-3418","AR","US","+15015756300","contact@rainesfamilydental.com","http://www.rainesfamilydental.com/","https://www.facebook.com/107099057585676","","0.9199122190475464","open","8","meta | Overture | Overture-signals","CDLA-Permissive-2.0","2026-04-27T00:00:00.000Z | 2026-06-11T11:57:15Z | 2026-05-12T00:29:08Z | 2026-05-18T13:23:54Z | 2026-05-25T13:08:59Z | 2026-06-01T13:20:32Z | 2026-06-08T13:20:12Z"
"AR","Arkansas","53c9ec0d-ccca-4680-8d5a-1e3f31daa8a0","Steven F Molpus","-92.2362384963308","34.8002028640329","dentist","","2501 Crestwood Rd Ste 302","North Little Rock","72116","AR","US","(501) 771-4631","","http://www.implantdocs.com","","","0.77","","5","Foursquare | Overture","Apache-2.0 | CDLA-Permissive-2.0","2025-08-22T00:00:00.000 | 2026-06-11T11:57:15Z"
"AR","Arkansas","5491e8cc-ac36-4a8b-8e76-dd5fb1941b38","Graham Family Dental","-90.78730857","35.01148215","dentist","general_dentistry","326 N Rosser St","Forrest City","72335","AR","US","+18706334591","grahamfamilydentalfc@gmail.com","http://forrestcitydentist.com/","https://www.facebook.com/100811135213116","","0.9199122190475464","open","7","meta | Overture | Overture-signals","CDLA-Permissive-2.0","2026-04-27T00:00:00.000Z | 2026-06-11T11:57:15Z | 2026-05-12T00:29:08Z | 2026-05-18T13:23:54Z | 2026-05-25T13:08:59Z | 2026-06-01T13:20:32Z | 2026-06-08T13:20:12Z"
"AR","Arkansas","5498d0bc-064c-4d77-a7af-3fa993f52306","V Glenn Lance","-93.8466423593957","33.950930355573","dentist","","700 N Main St # 1","Nashville","71852","AR","US","(870) 845-1263","","http://www.nashvillefamilydentistry.com","https://www.facebook.com/103414046392630","","0.77","","5","Foursquare | Overture","Apache-2.0 | CDLA-Permissive-2.0","2025-08-22T00:00:00.000 | 2026-06-11T11:57:15Z"
"AR","Arkansas","54b2bb2d-4254-4b38-a446-8a4cdb457cc9","Dental Solutions of Central Arkansas","-92.43938336","35.08740109","dentist","general_dentistry | doctor","607 Front St","Conway","72032-5419","AR","US","+15013272586","","https://www.conwayarkansasdentist.com/","https://www.facebook.com/401522187068","Dental Solutions of Central Arkansas, P.A.","0.9199122190475464","open","9","meta | Overture | Overture-signals","CDLA-Permissive-2.0","2026-04-27T00:00:00.000Z | 2026-06-11T11:57:15Z | 2026-05-12T00:29:08Z | 2026-05-18T13:23:54Z | 2026-05-25T13:08:59Z | 2026-06-01T13:20:32Z | 2026-06-08T13:20:12Z"
"AR","Arkansas","5532a75b-8a36-4195-a05c-70f7c2802c54","Neill Hamilton Treece","-94.388440301831","35.3927648112731","dentist","","1528 N 39th St","Fort Smith","72904","AR","US","(479) 783-4469","","http://busybodyfitnesscenters.com","","","0.9199122190475464","open","4","Foursquare | Overture | Overture-signals","Apache-2.0 | CDLA-Permissive-2.0","2025-08-22T00:00:00.000 | 2026-06-11T11:57:15Z | 2026-05-12T00:29:08Z | 2026-05-18T13:23:54Z | 2026-05-25T13:08:59Z | 2026-06-01T13:20:32Z | 2026-06-08T13:20:12Z"
"AR","Arkansas","554af248-42e0-46cf-b4a0-90506f529d21","Dentures Today","-94.2266893347479","35.4855140387016","dentist","","209 Highway 71 N","Alma","72921","AR","US","(479) 632-6110","","http://www.dentures-today.com","","","0.9199122190475464","open","4","Foursquare | Overture | Overture-signals","Apache-2.0 | CDLA-Permissive-2.0","2025-08-19T00:00:00.000 | 2026-06-11T11:57:15Z | 2026-05-12T00:29:08Z | 2026-05-18T13:23:54Z | 2026-05-25T13:08:59Z | 2026-06-01T13:20:32Z | 2026-06-08T13:20:12Z"
"AR","Arkansas","55e7735a-4bfd-4937-8c3a-b7d22ea4b39d","Ronald D Spann DDS","-93.087761328405","34.1192653554936","dentist","","3004 Pine St","Arkadelphia","71923","AR","US","(870) 246-2242","","http://www.drrandalljones.com","","","0.9199122190475464","open","4","Foursquare | Overture | Overture-signals","Apache-2.0 | CDLA-Permissive-2.0","2025-08-19T00:00:00.000 | 2026-06-11T11:57:15Z | 2026-05-12T00:29:08Z | 2026-05-18T13:23:54Z | 2026-05-25T13:08:59Z | 2026-06-01T13:20:32Z | 2026-06-08T13:20:12Z"
"AR","Arkansas","55f7eabc-6cd4-43c6-8950-f46c720e17cb","Motto Clear Aligners","-92.413794","35.065795","dentist","","1125 S Amity Rd","Conway","72032","AR","US","(501) 764-4465","","https://www.aspendental.com/dentist/ar/conway/1125-s-amity-road","","","0.77","","2","Foursquare | Overture","Apache-2.0 | CDLA-Permissive-2.0","2026-02-17T00:00:00.000 | 2026-06-11T11:57:15Z"
"AR","Arkansas","5658c51c-9ecf-4af5-b7a4-69ce85124c05","Neff Dentistry","-94.14615668","36.333191","dentist","general_dentistry","110 S 20th St","Rogers","72758-1101","AR","US","+14796369688","","http://alvinneffdds.com/","https://www.facebook.com/1562998777297984","","0.9199122190475464","open","8","meta | Overture | Overture-signals","CDLA-Permissive-2.0","2026-04-27T00:00:00.000Z | 2026-06-11T11:57:15Z | 2026-05-12T00:29:08Z | 2026-05-18T13:23:54Z | 2026-05-25T13:08:59Z | 2026-06-01T13:20:32Z | 2026-06-08T13:20:12Z"
"AR","Arkansas","569a268a-e233-45d1-b1d7-32be5b9d96c6","Timberland Dental","-92.85089592","33.58602911","dentist","cosmetic_dentist | health_and_medical","135 Cash Rd NW","Camden","71701-3833","AR","US","+18708365003","","","https://www.facebook.com/1862179420745172","","0.9199122190475464","open","6","meta | Overture | Overture-signals","CDLA-Permissive-2.0","2026-04-27T00:00:00.000Z | 2026-06-11T11:57:15Z | 2026-05-12T00:29:08Z | 2026-05-18T13:23:54Z | 2026-05-25T13:08:59Z | 2026-06-01T13:20:32Z | 2026-06-08T13:20:12Z"
"AR","Arkansas","569d6ce9-9a2b-426e-945c-091864a0abd8","Arkansas Dental Centers","-92.45436788","34.76809169","dentist","general_dentistry | doctor","30 Rahling Cir","Little Rock","72223-9187","AR","US","+15018213133","chenal@arsmilecenters.com","https://arkansasdentalcenters.com/locations/chenal-valley-little-rock-ar/","https://www.facebook.com/357197627665977","East Oak Dental Center","0.9941680431365967","","8","meta | Overture","CDLA-Permissive-2.0","2026-04-27T00:00:00.000Z | 2026-06-11T11:57:15Z"
"AR","Arkansas","572433d9-fbd1-4cdb-bd13-6c82887663c6","Michael Wainscott D.D.S","-93.05694952","34.65378407","dentist","health_and_medical","4419 N Highway 7","Hot Springs Village","71909-9304","AR","US","+15019846400","wainscottdds@gmail.com","http://www.wainscottdentistry.com/","https://www.facebook.com/1402940543333293","","0.9571082592010498","","2","meta | Overture","CDLA-Permissive-2.0","2026-04-27T00:00:00.000Z | 2026-06-11T11:57:15Z"
"AR","Arkansas","5730f781-cd5a-4ff9-852a-3c010aa2d45d","UAMS Health - Courtney L. Teasley, RDH - UAMS Delta Dental of Arkansas Foundation Oral Health Clinic","-92.32044616","34.7490819","dentist","doctor | cosmetic_dentist","4301 W Markham St","Little Rock","72205-7101","AR","US","+15015267619","","https://uamshealth.com/location/oral-health-clinic/","https://www.facebook.com/103665782765918","","0.9811956882476807","","3","meta | Overture","CDLA-Permissive-2.0","2026-04-27T00:00:00.000Z | 2026-06-11T11:57:15Z"
"AR","Arkansas","575e8a1d-2ee5-4760-898e-f6ab1a63c031","Kenton A Ross DMD","-94.16292474","36.06409992","dentist","general_dentistry | cosmetic_dentist","106 N Locust Ave","Fayetteville","72701-5114","AR","US","+14799739800","smiles@rossdmd.com","http://rossdmd.com/","https://www.facebook.com/122005434524295","","0.9902192950248718","open","9","meta | Overture | Overture-signals","CDLA-Permissive-2.0","2026-04-27T00:00:00.000Z | 2026-06-11T11:57:15Z | 2026-05-12T00:29:08Z | 2026-05-18T13:23:54Z | 2026-05-25T13:08:59Z | 2026-06-01T13:20:32Z | 2026-06-08T13:20:12Z"
"AR","Arkansas","576db49b-d67f-4cdf-89b9-8c6271695508","Hawkins Rainwater Dental Group","-92.41777117","34.79845346","dentist","general_dentistry | cosmetic_dentist","12921 Cantrell Rd","Little Rock","72223-1708","AR","US","+15012245511","hawkinsrainwaterdental@gmail.com","http://www.c10dental.com/","https://www.facebook.com/300180896670927","Hawkins Rainwater Dental Group","0.9199122190475464","open","8","meta | Overture | Overture-signals","CDLA-Permissive-2.0","2026-04-27T00:00:00.000Z | 2026-06-11T11:57:15Z | 2026-05-12T00:29:08Z | 2026-05-18T13:23:54Z | 2026-05-25T13:08:59Z | 2026-06-01T13:20:32Z | 2026-06-08T13:20:12Z"
"AR","Arkansas","57ef0d72-a599-44a9-9eab-a37c648e42a5","Dr. Andrew Orr","-91.51013155","34.98022749","dentist","family_practice | hospital","405 Ar 11 Hwy N","Des Arc","72040-3140","AR","US","","","www.arcare.net","https://www.facebook.com/133736406779123","","0.9571634531021118","","2","meta | Overture","CDLA-Permissive-2.0","2026-04-27T00:00:00.000Z | 2026-06-11T11:57:15Z"
"AR","Arkansas","5847cb07-f1e4-40b8-8e19-5ad986885b62","Dallas Avenue Dental Care","-94.23188047","34.57922599","dentist","general_dentistry | medical_service_organizations","400 Pine Ave","Mena","71953-4604","AR","US","+14793947800","info@dallasavedental.com","http://www.dallasavenuedental.com/","https://www.facebook.com/439523692799804","","0.9199122190475464","open","8","meta | Overture | Overture-signals","CDLA-Permissive-2.0","2026-04-27T00:00:00.000Z | 2026-06-11T11:57:15Z | 2026-05-12T00:29:08Z | 2026-05-18T13:23:54Z | 2026-05-25T13:08:59Z | 2026-06-01T13:20:32Z | 2026-06-08T13:20:12Z"
"AR","Arkansas","58590323-0202-46bf-b169-b22df357f8b1","Dentures Today","-94.1787935533135","36.3337914400753","dentist","","4404 W Walnut St","Rogers","72756","AR","US","(479) 246-0007","","http://www.dentures-today.com","","","0.9199122190475464","open","4","Foursquare | Overture | Overture-signals","Apache-2.0 | CDLA-Permissive-2.0","2025-08-22T00:00:00.000 | 2026-06-11T11:57:15Z | 2026-05-12T00:29:08Z | 2026-05-18T13:23:54Z | 2026-05-25T13:08:59Z | 2026-06-01T13:20:32Z | 2026-06-08T13:20:12Z"
"AR","Arkansas","58c99269-5fac-4e84-b15e-d3e03d82c6f2","Perryville Family Dental","-92.80027721","35.00992385","dentist","general_dentistry","810 N Fourche Ave","Perryville","72126-8546","AR","US","+15013911274","perryvillefamilydental@mb2dental.com","https://www.perryvillefamilydental.com/","https://www.facebook.com/566886493828854","","0.9199122190475464","open","9","meta | Overture | Overture-signals","CDLA-Permissive-2.0","2026-04-27T00:00:00.000Z | 2026-06-11T11:57:15Z | 2026-05-12T00:29:08Z | 2026-05-18T13:23:54Z | 2026-05-25T13:08:59Z | 2026-06-01T13:20:32Z | 2026-06-08T13:20:12Z"
"AR","Arkansas","5912c1ba-dc58-4be4-be67-78af93db70cc","Sheridan Family Dentistry","-92.398382","34.29055","dentist","orthodontist","1310 S Rock St","Sheridan","72150-7223","AR","US","+18709422756","sfd942@windstream.com","http://www.arsmiles.com","https://www.facebook.com/139879306068967","Arkansas Dentistry & Braces","0.7924456596374512","","8","meta | Overture","CDLA-Permissive-2.0","2026-04-27T00:00:00.000Z | 2026-06-11T11:57:15Z"
"AR","Arkansas","5971919f-b9f2-4fea-bd2f-3430d8bf1f90","Rogers Dental Center","-94.1741308273538","36.3144240338072","dentist","cosmetic_dentist | health_and_medical","3903 Financial Pkwy","Rogers","72758-1471","AR","US","+14796361194","rogers@arsmilecenters.com","https://arkansasdentalcenters.com/locations/rogers-ar","https://www.facebook.com/1759906464228073","","0.9887523055076599","","8","meta | Overture","CDLA-Permissive-2.0","2026-04-27T00:00:00.000Z | 2026-06-11T11:57:15Z"
"AR","Arkansas","59b3722e-2abc-4dd9-bb22-995837344dfc","Helena Family Dental","-90.6409912651075","34.5442876466175","dentist","","400 Plaza","West Helena","72390","AR","US","(870) 709-0625","helena@rockdentalbrands.com","https://www.helenafamilydental.com","https://www.facebook.com/1051260435003575","","0.9199122190475464","open","4","Foursquare | Overture | Overture-signals","Apache-2.0 | CDLA-Permissive-2.0","2025-08-22T00:00:00.000 | 2026-06-11T11:57:15Z | 2026-05-12T00:29:08Z | 2026-05-18T13:23:54Z | 2026-05-25T13:08:59Z | 2026-06-01T13:20:32Z | 2026-06-08T13:20:12Z"
"AR","Arkansas","59b66bf0-8aa7-4930-b89b-f6a69c6c67e9","Hubbard Dental Care","-93.1079505747305","36.2353288567936","dentist","","120 W Bower Ave","Harrison","72601","AR","US","(870) 741-1050","","http://www.hubbarddentalcare.com","","","0.77","","5","Foursquare | Overture","Apache-2.0 | CDLA-Permissive-2.0","2025-08-19T00:00:00.000 | 2026-06-11T11:57:15Z"
"AR","Arkansas","59fdf8ee-e5d2-497b-b4f5-88406c330a03","Grote Family Dental","-94.35257111","35.43470404","dentist","general_dentistry | health_and_medical","611 Jefferson St","Van Buren","72956-5159","AR","US","+14794742701","","http://www.grotefamilydental.com/","https://www.facebook.com/286297884862415","Grote Family Dental","0.9199122190475464","open","9","meta | Overture | Overture-signals","CDLA-Permissive-2.0","2026-04-27T00:00:00.000Z | 2026-06-11T11:57:15Z | 2026-05-12T00:29:08Z | 2026-05-18T13:23:54Z | 2026-05-25T13:08:59Z | 2026-06-01T13:20:32Z | 2026-06-08T13:20:12Z"
"AR","Arkansas","5a5d413c-347f-4b61-b934-f2f6f73ca00e","Half Moon Oral Maxillofacial And Implant Surgery","-94.376119","35.359337","dentist","oral_surgeon | family_practice","2420 S 51st Ct","Fort Smith","72903-3669","AR","US","+14793646889","","https://www.halfmoonoms.com","https://www.facebook.com/1745197252267014","","0.9531184434890747","open","8","meta | Overture | Overture-signals","CDLA-Permissive-2.0","2026-04-27T00:00:00.000Z | 2026-06-11T11:57:15Z | 2026-05-12T00:29:08Z | 2026-06-08T13:20:12Z"
"AR","Arkansas","5aa253df-7660-45d8-bdcf-cf7de6592304","Marion Pediatric Dentistry","-90.210042","35.209654","dentist","pediatric_dentist | medical_service_organizations","303 Bancario","Marion","72364-2825","AR","US","+18707392992","","http://childrensdentalgroupar.com","https://www.facebook.com/1402053526683231","Childrens Dental Group","0.987686597108841","","5","meta | Overture","CDLA-Permissive-2.0","2026-04-27T00:00:00.000Z | 2026-06-11T11:57:15Z"
"AR","Arkansas","5ab40bdc-c078-4cc0-8620-f1825d606fe5","Dr. Ray Colclasure DDS","-92.0083052624895","34.1834758887589","dentist","doctor | hospital","550 W 46th Ave","Pine Bluff","71603-7134","AR","US","+18705364567","","","https://www.facebook.com/120374164679808","","0.5241552591323853","","2","meta | Overture","CDLA-Permissive-2.0","2026-04-27T00:00:00.000Z | 2026-06-11T11:57:15Z"
"AR","Arkansas","5ae01ce5-0e87-460b-9074-fa04e1c89335","Smiles of Arkansas","-94.02580051","33.46090001","dentist","general_dentistry","1621 Arkansas Blvd","Texarkana","71854-1607","AR","US","+18707747645","contact@smilesofarkansas.com","http://www.smilesofarkansas.com","https://www.facebook.com/213820098679957","Smiles Of Arkansas Dental Centers","0.9902192950248718","open","8","meta | Overture | Overture-signals","CDLA-Permissive-2.0","2026-04-27T00:00:00.000Z | 2026-06-11T11:57:15Z | 2026-05-12T00:29:08Z | 2026-05-18T13:23:54Z | 2026-05-25T13:08:59Z | 2026-06-01T13:20:32Z | 2026-06-08T13:20:12Z"
"AR","Arkansas","5b19150c-0001-4fcc-97ac-38e8e73709c6","Coffee Family Dental","-93.59062824","33.66084283","dentist","general_dentistry","901 S Elm St","Hope","71801-6518","AR","US","+18707772577","coffeefamilydental@yahoo.com","http://www.coffeefamilydental.com/","https://www.facebook.com/112546255457924","","0.9199122190475464","open","7","meta | Overture | Overture-signals","CDLA-Permissive-2.0","2026-04-27T00:00:00.000Z | 2026-06-11T11:57:15Z | 2026-05-12T00:29:08Z | 2026-05-18T13:23:54Z | 2026-05-25T13:08:59Z | 2026-06-01T13:20:32Z | 2026-06-08T13:20:12Z"
"AR","Arkansas","5b2e7ea3-c7e1-4a66-a103-9efd24e3e186","Whitlock Orthodontics","-94.156902","36.094496","dentist","orthodontist | hospital","2386 N Green Acres Rd","Fayetteville","72703-2800","AR","US","+14795276998","","http://www.drwhitlock.com","https://www.facebook.com/253671308017843","Whitlock Orthodontics","0.933832585811615","","9","meta | Overture","CDLA-Permissive-2.0","2026-04-27T00:00:00.000Z | 2026-06-11T11:57:15Z"
"AR","Arkansas","5b2fe3e3-696f-4d69-88b2-1cdcdb1b4ec8","Donald Dean Cobb","-92.3512056955074","34.6696283594755","dentist","","6600 Baseline Rd","Little Rock","72209","AR","US","(501) 565-1574","","http://www.doncobbdds.com","","","0.9199122190475464","open","4","Foursquare | Overture | Overture-signals","Apache-2.0 | CDLA-Permissive-2.0","2025-08-22T00:00:00.000 | 2026-06-11T11:57:15Z | 2026-05-12T00:29:08Z | 2026-05-18T13:23:54Z | 2026-05-25T13:08:59Z | 2026-06-01T13:20:32Z | 2026-06-08T13:20:12Z"
"AR","Arkansas","5b391ab8-cc30-4784-ad47-5451cce441a5","Ronald D Gore","-91.2838365034509","35.6051458319823","dentist","","122 Main St","Newport","72112","AR","US","(870) 523-3669","","https://health.usnews.com/dentists/ronald-gore-1805619","","","0.9199122190475464","open","4","Foursquare | Overture | Overture-signals","Apache-2.0 | CDLA-Permissive-2.0","2025-08-22T00:00:00.000 | 2026-06-11T11:57:15Z | 2026-05-12T00:29:08Z | 2026-05-18T13:23:54Z | 2026-05-25T13:08:59Z | 2026-06-01T13:20:32Z | 2026-06-08T13:20:12Z"
"AR","Arkansas","5b7b02ac-eac6-4bb5-8ebd-2feef1b87e57","Griffin Douglas A DDS","-93.14743392","35.28328678","dentist","general_dentistry | doctor","200 N Phoenix Ave","Russellville","72801-2826","AR","US","+14799681655","","","https://www.facebook.com/167970949882183","","0.9199122190475464","open","8","meta | Overture | Overture-signals","CDLA-Permissive-2.0","2026-04-27T00:00:00.000Z | 2026-06-11T11:57:15Z | 2026-05-12T00:29:08Z | 2026-05-18T13:23:54Z | 2026-05-25T13:08:59Z | 2026-06-01T13:20:32Z | 2026-06-08T13:20:12Z"
"AR","Arkansas","5bb72d2b-31cb-4cd6-bbe1-6cdcae0fc704","All About Smiles Family Dental","-91.56122657","36.25885132","dentist","teeth_whitening | health_and_medical","1206 US 62 412 Hwy","Highland","72542-9468","AR","US","","smileteam@allaboutsmilesfamilydental.com","http://www.AllAboutSmilesFamilyDental.com/","https://www.facebook.com/406352938293","","0.9897072315216064","","10","meta | Overture","CDLA-Permissive-2.0","2026-04-27T00:00:00.000Z | 2026-06-11T11:57:15Z"
"AR","Arkansas","5bc2babd-bd58-4827-b3dc-f6cdb63ee013","Angela D Wiggins DDS","-94.40948882","35.29964352","dentist","general_dentistry | health_and_medical","8901 Jenny Lind Rd","Fort Smith","72908-8641","AR","US","+14796488844","","http://angelawigginsdds.com","https://www.facebook.com/378306688879536","Fianna Family Dentistry","0.9199122190475464","open","8","meta | Overture | Overture-signals","CDLA-Permissive-2.0","2026-04-27T00:00:00.000Z | 2026-06-11T11:57:15Z | 2026-05-12T00:29:08Z | 2026-05-18T13:23:54Z | 2026-05-25T13:08:59Z | 2026-06-01T13:20:32Z | 2026-06-08T13:20:12Z"
"AR","Arkansas","5bdbea68-df04-4174-9463-caa1dbb34a63","Hall & Koppel Orthodontics","-93.0654970187187","34.4639571060465","dentist","","136 Files Rd","Hot Springs","71913","AR","US","(501) 525-3238","","https://www.hallandkoppel.com","https://www.facebook.com/173832529310268","","0.77","","5","Foursquare | Overture","Apache-2.0 | CDLA-Permissive-2.0","2025-08-22T00:00:00.000 | 2026-06-11T11:57:15Z"
"AR","Arkansas","5cbfb9a5-89b8-4822-93bc-1be8959dd1b6","Affordable Dentures & Implants","-90.69980932","35.8038922","dentist","general_dentistry | cosmetic_dentist","3206 Elmhurst Dr","Jonesboro","72404","AR","US","+18703804990","fda11946@affordabledentures.com","https://www.affordabledentures.com/locations/ar/jonesboro?utm_source=Facebook&utm_medium=Organic_Listing&utm_campaign=11946","https://www.facebook.com/1968090906789876","Affordable Dentures & Implants","0.9199122190475464","open","9","meta | Overture | Overture-signals","CDLA-Permissive-2.0","2026-04-27T00:00:00.000Z | 2026-06-11T11:57:15Z | 2026-05-12T00:29:08Z | 2026-05-18T13:23:54Z | 2026-05-25T13:08:59Z | 2026-06-01T13:20:32Z | 2026-06-08T13:20:12Z"
"AR","Arkansas","5ed595d3-dd6d-49e9-8908-b9e826854435","Dr Vondran's Office","-92.3976687945898","34.7915304252749","dentist","","4220 N Rodney Parham Rd","Little Rock","72212","AR","US","(501) 224-3421","","http://www.arkansasbraces.com","","","0.9199122190475464","open","4","Foursquare | Overture | Overture-signals","Apache-2.0 | CDLA-Permissive-2.0","2025-08-19T00:00:00.000 | 2026-06-11T11:57:15Z | 2026-05-12T00:29:08Z | 2026-05-18T13:23:54Z | 2026-05-25T13:08:59Z | 2026-06-01T13:20:32Z | 2026-06-08T13:20:12Z"
"AR","Arkansas","5f41ebc5-5764-4b72-85f9-d30b5178d8f8","Rock Family Dental","-92.3722606985799","34.7529437564201","dentist","","8801 W Markham St","Little Rock","72205","AR","US","(501) 223-2232","chase.diemer@rockfamilydental.com","http://rockfamilydental.com","https://www.facebook.com/2132680086957709","","0.9199122190475464","open","4","Foursquare | Overture | Overture-signals","Apache-2.0 | CDLA-Permissive-2.0","2021-03-26T00:00:00.000 | 2026-06-11T11:57:15Z | 2026-05-12T00:29:08Z | 2026-05-18T13:23:54Z | 2026-05-25T13:08:59Z | 2026-06-01T13:20:32Z | 2026-06-08T13:20:12Z"
"AR","Arkansas","6043339d-a0e0-4e62-b406-e625dc24723b","Bold Dental Fayetteville East","-94.11721","36.08658","dentist","health_and_medical | pediatric_dentist","","Fayetteville","","AR","US","+14794440339","hi@bolddental.com","http://www.bolddental.com/fayetteville-east/","https://www.facebook.com/1331295280246053","Bold Dental","0.608308732509613","","7","meta | Overture","CDLA-Permissive-2.0","2026-04-27T00:00:00.000Z | 2026-06-11T11:57:15Z"
"AR","Arkansas","6096a373-eaf2-43a8-80c6-7d9a568754bd","Dorsey Dental Lab Inc.","-94.13507727","36.33633208","dentist","","210 N 13th St","Rogers","72756-3552","AR","US","+14796218885","","http://www.dorseydentallab.com/","https://www.facebook.com/100365805980772","Dorsey Dental Lab, Inc.","0.9199122190475464","open","8","meta | Overture | Overture-signals","CDLA-Permissive-2.0","2026-04-27T00:00:00.000Z | 2026-06-11T11:57:15Z | 2026-05-12T00:29:08Z | 2026-05-18T13:23:54Z | 2026-05-25T13:08:59Z | 2026-06-01T13:20:32Z | 2026-06-08T13:20:12Z"
"AR","Arkansas","60b30512-d71b-4559-a58e-f392b9d87c2f","Dr. Edward E. Sherrill, DDS, Inc.","-92.27294305","34.7798832","dentist","","505 W Pershing Blvd","North Little Rock","72114-2157","AR","US","+15012178700","inquiries@drsherrilldds.net","https://drsherrilldds.net/","https://www.facebook.com/475441366553252","","0.7337418794631958","","2","meta | Overture","CDLA-Permissive-2.0","2026-04-27T00:00:00.000Z | 2026-06-11T11:57:15Z"
"AR","Arkansas","612bd25f-3790-4fa0-a21e-8ff6497bb4e1","D Everett Taylor DDS","-92.7284238283949","33.3640640422063","dentist","","807 Lisbon Ave","Smackover","71762","AR","US","(870) 725-2035","","http://deveretttaylordds.com","","","0.77","","5","Foursquare | Overture","Apache-2.0 | CDLA-Permissive-2.0","2025-08-19T00:00:00.000 | 2026-06-11T11:57:15Z"
"AR","Arkansas","615a5f86-e178-40e6-8e71-62a69d614742","Fort Smith Smiles","-94.35079792","35.35473886","dentist","general_dentistry | cosmetic_dentist","2909 S 74th St","Fort Smith","72903-5156","AR","US","+14793981115","","https://fortsmithsmiles.com/","https://www.facebook.com/156895344000","Dental Health Society online","0.9199122190475464","open","8","meta | Overture | Overture-signals","CDLA-Permissive-2.0","2026-04-27T00:00:00.000Z | 2026-06-11T11:57:15Z | 2026-05-12T00:29:08Z | 2026-05-18T13:23:54Z | 2026-05-25T13:08:59Z | 2026-06-01T13:20:32Z | 2026-06-08T13:20:12Z"
"AR","Arkansas","619a8d5f-e0a9-43c2-9c25-d8655aac2008","Dr. Patrick P. Moseley Jr","-92.41175759","33.81380772","dentist","health_and_medical | doctor","305 N Spring St","Fordyce","71742-3317","AR","US","+18703525161","","http://www.asbde.org/ddsroster/search.php","https://www.facebook.com/161027210584793","","0.9887388944625854","open","9","meta | Overture | Overture-signals","CDLA-Permissive-2.0","2026-04-27T00:00:00.000Z | 2026-06-11T11:57:15Z | 2026-06-08T13:20:12Z"
"AR","Arkansas","61e08221-a68e-484c-9701-e1f83694b26b","Sheridan Dental Center","-92.398376","34.29076417","dentist","general_dentistry | health_and_medical","1310 S Rock St","Sheridan","72150-7223","AR","US","+18709422822","info@sheridanar.dentist","https://dentalcentersofarkansas.com/sheridan-dental-center","https://www.facebook.com/291184707940105","","0.9199122190475464","open","9","meta | Overture | Overture-signals","CDLA-Permissive-2.0","2026-04-27T00:00:00.000Z | 2026-06-11T11:57:15Z | 2026-05-12T00:29:08Z | 2026-05-18T13:23:54Z | 2026-05-25T13:08:59Z | 2026-06-01T13:20:32Z | 2026-06-08T13:20:12Z"
"AR","Arkansas","61fe5966-b584-4b5f-a8d9-d3bc14ba0330","England Family Dental","-94.19060738","36.31739735","dentist","general_dentistry","5215 Village Pkwy","Rogers","72758-8104","AR","US","+14797156845","frontdesk@englandbyrddental.com","http://englandbyrddental.com/","https://www.facebook.com/176737275997691","","0.9199122190475464","open","7","meta | Overture | Overture-signals","CDLA-Permissive-2.0","2026-04-27T00:00:00.000Z | 2026-06-11T11:57:15Z | 2026-05-12T00:29:08Z | 2026-05-18T13:23:54Z | 2026-05-25T13:08:59Z | 2026-06-01T13:20:32Z | 2026-06-08T13:20:12Z"
"AR","Arkansas","6228a6a3-9655-487f-9f73-8384dea85261","Alisa Morgan Hopper","-91.7912746510615","33.6222391776214","dentist","","433 S Main St","Monticello","71655","AR","US","(870) 367-7636","","http://hopperalisamdds.placeweb.site","https://www.facebook.com/157943974240269","","0.9199122190475464","open","4","Foursquare | Overture | Overture-signals","Apache-2.0 | CDLA-Permissive-2.0","2025-08-22T00:00:00.000 | 2026-06-11T11:57:15Z | 2026-05-12T00:29:08Z | 2026-05-18T13:23:54Z | 2026-05-25T13:08:59Z | 2026-06-01T13:20:32Z | 2026-06-08T13:20:12Z"
"AR","Arkansas","62327b15-a0c8-46bc-87cf-cef0be2dcb41","Dr. Christie Jaquess","-94.35599673","34.04611154","dentist","","1347 W Collin Raye Dr","De Queen","71832-2946","AR","US","+18706425034","","","https://www.facebook.com/676271232454289","","0.9199122190475464","open","7","meta | Overture | Overture-signals","CDLA-Permissive-2.0","2026-04-27T00:00:00.000Z | 2026-06-11T11:57:15Z | 2026-05-12T00:29:08Z | 2026-05-18T13:23:54Z | 2026-05-25T13:08:59Z | 2026-06-01T13:20:32Z | 2026-06-08T13:20:12Z"
"AR","Arkansas","6255271f-9e49-435a-b6c9-5b94a65f2732","Summit Dental Hot Springs","-93.05631728","34.49934871","dentist","general_dentistry | medical_service_organizations","1421 Central Ave","Hot Springs","71901-6149","AR","US","+15016238333","info@summitdental.rocks","http://www.summitdental.rocks/","https://www.facebook.com/357413834407663","","0.9902192950248718","open","8","meta | Overture | Overture-signals","CDLA-Permissive-2.0","2026-04-27T00:00:00.000Z | 2026-06-11T11:57:15Z | 2026-05-12T00:29:08Z | 2026-05-18T13:23:54Z | 2026-05-25T13:08:59Z | 2026-06-01T13:20:32Z | 2026-06-08T13:20:12Z"
"AR","Arkansas","6297313c-3402-4185-b40b-1ad80940ed36","Bentonville Smiles","-94.21767384","36.40985862","dentist","general_dentistry | cosmetic_dentist","3109 N Walton Blvd","Bentonville","72712-3944","AR","US","+14792733800","bvillesmiles@gmail.com","http://www.bvillesmiles.com/","https://www.facebook.com/831225206929390","","0.9973418235778808","","9","meta | Overture","CDLA-Permissive-2.0","2026-04-27T00:00:00.000Z | 2026-06-11T11:57:15Z"
"AR","Arkansas","62b2e41c-cf92-4988-9c42-cf7df74bdcd5","Sitzes III Lester DDS","-93.58685848","33.65017893","dentist","general_dentistry | health_and_medical","1819 S Main St","Hope","71801-8117","AR","US","+18707774466","sitzesdentaloffice@yahoo.com","http://www.sitzesdental.com/","https://www.facebook.com/426772114132169","","0.9836797118186951","","9","meta | Overture","CDLA-Permissive-2.0","2026-04-27T00:00:00.000Z | 2026-06-11T11:57:15Z"
"AR","Arkansas","630f673f-6ca5-4a36-9b1d-e6093316a65f","Dalton Designer Smiles","-92.46056","35.0915962797647","dentist","health_and_medical","2415 Prince St","Conway","72034","AR","US","5013276453","","","","","0.9199122190475464","open","6","Microsoft | Overture | Overture-signals","CDLA-Permissive-2.0","2013-01-29T06:17:13.453Z | 2026-06-11T11:57:15Z | 2026-05-12T00:29:08Z | 2026-05-18T13:23:54Z | 2026-05-25T13:08:59Z | 2026-06-01T13:20:32Z | 2026-06-08T13:20:12Z"
"AR","Arkansas","633ae77f-287b-44a1-b32b-69860a6936f3","Wagner & Langston Family Dentistry","-90.66101853","35.85391688","dentist","general_dentistry | health_and_medical","2000 Fielders Rd","Jonesboro","72405-1937","AR","US","+18702300884","office@wlfamilydentistry.com","https://wagnerlangstonfamilydentistry.com/","https://www.facebook.com/121304241224753","","0.9993609726428986","open","7","meta | Overture | Overture-signals","CDLA-Permissive-2.0","2026-04-27T00:00:00.000Z | 2026-06-11T11:57:15Z | 2026-05-12T00:29:08Z"
"AR","Arkansas","63471fe6-8a3b-4c37-a59c-7ef9ebee0067","Ouellette Family Dentistry","-92.49814751","34.62671417","dentist","orthodontist | health_and_medical","5921 AR-5 N","Bryant","72022-8515","AR","US","+15018477999","office@smileark.com","https://ouellettedentistry.com/","https://www.facebook.com/490603494353453","Dr. David Ouellette","0.9994723558425903","","9","meta | Overture","CDLA-Permissive-2.0","2026-04-27T00:00:00.000Z | 2026-06-11T11:57:15Z"
"AR","Arkansas","63ae9fb6-8ae4-437a-bc3b-16c104e7bb10","PreciDent.Arkansas Center for Facial & Dental Medicine","-94.18643108","36.30458581","dentist","oral_surgeon | general_dentistry","3333 S Pinnacle Hills Pkwy","Rogers","72758-8498","AR","US","+14797553000","consults@precidentar.com","https://precident.com/locations/arkansas","https://www.facebook.com/105007782645962","PreciDent.Florida Center for Facial & Dental Medicine","0.9199122190475464","open","2","meta | Overture | Overture-signals","CDLA-Permissive-2.0","2026-04-27T00:00:00.000Z | 2026-06-11T11:57:15Z | 2026-05-25T13:08:59Z | 2026-06-01T13:20:32Z | 2026-06-08T13:20:12Z"
"AR","Arkansas","63f8ca5b-d94d-48ba-9f19-383c64e35565","Fulmer Family Dentistry","-92.44117562","35.08611842","dentist","periodontist","562 Locust Ave","Conway","72034-5349","AR","US","+15013277778","fulmerfamilydental@gmail.com","http://www.fulmerdental.com/","https://www.facebook.com/167885499902775","","0.9199122190475464","open","7","meta | Overture | Overture-signals","CDLA-Permissive-2.0","2026-04-27T00:00:00.000Z | 2026-06-11T11:57:15Z | 2026-05-12T00:29:08Z | 2026-05-18T13:23:54Z | 2026-05-25T13:08:59Z | 2026-06-01T13:20:32Z | 2026-06-08T13:20:12Z"
"AR","Arkansas","641811f3-a7e8-43a5-9ce6-0c873fc28ee6","Mullins Patti J DDS","-91.25208663","35.61822678","dentist","general_dentistry | health_and_medical","1307 Highway 367 N","Newport","72112-2511","AR","US","+18705235483","","","https://www.facebook.com/133752176695779","","0.9592862129211426","","8","meta | Overture","CDLA-Permissive-2.0","2026-04-27T00:00:00.000Z | 2026-06-11T11:57:15Z"
"AR","Arkansas","6529445f-c7f7-42b1-a313-765f599f2ec7","Dr. John C. Udouj, DMD- Perfecting Your Smile","-94.4075439567864","35.301154656234","dentist","","2600 Market Trce","Fort Smith","72908","AR","US","(479) 648-9988","info@perfectingyoursmile.com","http://www.perfectingyoursmile.com","https://www.facebook.com/119479408069105","","0.9199122190475464","open","4","Foursquare | Overture | Overture-signals","Apache-2.0 | CDLA-Permissive-2.0","2025-08-22T00:00:00.000 | 2026-06-11T11:57:15Z | 2026-05-12T00:29:08Z | 2026-05-18T13:23:54Z | 2026-05-25T13:08:59Z | 2026-06-01T13:20:32Z | 2026-06-08T13:20:12Z"
"AR","Arkansas","655bada4-6bf3-4b23-8a03-ff51bb01a581","Cyphers Daniel D DDS","-92.67139693","33.21465926","dentist","general_dentistry | medical_service_organizations","519 W Faulkner St","El Dorado","71730-4518","AR","US","+18708623275","dan.cyphers@gmail.com","http://www.eldodentist.com/","https://www.facebook.com/155661178485157","","0.9928319454193115","","7","meta | Overture","CDLA-Permissive-2.0","2026-04-27T00:00:00.000Z | 2026-06-11T11:57:15Z"
"AR","Arkansas","658eaf2d-c7b8-4aaa-95b5-524a72db8bbc","Meggers Family Dentistry","-92.2685047","34.79892053","dentist","general_dentistry | health_and_medical","4720 Camp Robinson Rd","North Little Rock","72118-3617","AR","US","+15017535564","meggers.xray@gmail.com","http://www.michaelgroundsdds.com","https://www.facebook.com/226322550717927","","0.9199122190475464","open","8","meta | Overture | Overture-signals","CDLA-Permissive-2.0","2026-04-27T00:00:00.000Z | 2026-06-11T11:57:15Z | 2026-05-12T00:29:08Z | 2026-05-18T13:23:54Z | 2026-05-25T13:08:59Z | 2026-06-01T13:20:32Z | 2026-06-08T13:20:12Z"
"AR","Arkansas","65e45d8b-0705-4e05-867c-84312b579c79","Boston Mountain Huntsville Dental Clinic","-93.74301336","36.09477287","dentist","general_dentistry | health_and_medical","932 N Gaskill St","Huntsville","72740-8903","AR","US","+14797381253","","","https://www.facebook.com/212236392148752","","0.7115917801856995","","5","meta | Overture","CDLA-Permissive-2.0","2026-04-27T00:00:00.000Z | 2026-06-11T11:57:15Z"
"AR","Arkansas","669784b8-5840-4de5-aa00-c00f09337521","Infinity Dental & Laser Center","-94.15575846","36.09058673","dentist","general_dentistry | health_and_medical","2101 N Green Acres Rd","Fayetteville","72703-2824","AR","US","+14795214822","drbox@boxbite.com","https://infinitydentalar.com/","https://www.facebook.com/149926615023067","","0.9199122190475464","open","7","meta | Overture | Overture-signals","CDLA-Permissive-2.0","2026-04-27T00:00:00.000Z | 2026-06-11T11:57:15Z | 2026-05-12T00:29:08Z | 2026-05-18T13:23:54Z | 2026-05-25T13:08:59Z | 2026-06-01T13:20:32Z | 2026-06-08T13:20:12Z"
"AR","Arkansas","66b7f208-ba67-4f37-97af-dbd20c1abc0d","R. Lee Hinson Jr DDS PA","-92.37487031","34.74049536","dentist","general_dentistry | cosmetic_dentist","9007 Kanis Rd","Little Rock","72205-6415","AR","US","+15015650949","hinsondentaloffice@gmail.com","http://www.littlerocksmiles.com/","https://www.facebook.com/248972331794041","R. Lee Hinson Jr DDS PA","0.9199122190475464","open","9","meta | Overture | Overture-signals","CDLA-Permissive-2.0","2026-04-27T00:00:00.000Z | 2026-06-11T11:57:15Z | 2026-05-12T00:29:08Z | 2026-05-18T13:23:54Z | 2026-05-25T13:08:59Z | 2026-06-01T13:20:32Z | 2026-06-08T13:20:12Z"
"AR","Arkansas","67214aad-c89e-4d8f-98e5-857d844e4cc9","Farmington Dental and Orthodontics","-94.24771924","36.04181157","dentist","general_dentistry | orthodontist","181 W Main St","Farmington","72730-2945","AR","US","+14792675009","info@farmingtondentalandortho.com","https://www.farmingtondentalcenter.com/","https://www.facebook.com/118954221484531","Farmington Dental and Orthodontics","0.9902192950248718","open","10","meta | Overture | Overture-signals","CDLA-Permissive-2.0","2026-04-27T00:00:00.000Z | 2026-06-11T11:57:15Z | 2026-05-12T00:29:08Z | 2026-05-18T13:23:54Z | 2026-05-25T13:08:59Z | 2026-06-01T13:20:32Z | 2026-06-08T13:20:12Z"
"AR","Arkansas","68372bed-694c-4152-bedd-7385b1148574","Smiles of Arkansas","-94.3384256","34.0379499","dentist","pediatric_dentist | health_and_medical","110 W Dequeen Ave","De Queen","71832-2877","AR","US","+18706427645","","http://www.smilesofarkansas.com/","https://www.facebook.com/241424682629667","Smiles Of Arkansas Dental Centers","0.9199122190475464","open","8","meta | Overture | Overture-signals","CDLA-Permissive-2.0","2026-04-27T00:00:00.000Z | 2026-06-11T11:57:15Z | 2026-05-12T00:29:08Z | 2026-05-18T13:23:54Z | 2026-05-25T13:08:59Z | 2026-06-01T13:20:32Z | 2026-06-08T13:20:12Z"
"AR","Arkansas","6842530d-2608-4738-b548-4fb42fb5d60b","Payne Gregory D DDS","-93.24026995","33.27416243","dentist","general_dentistry | doctor","817 N Washington St","Magnolia","71753-2433","AR","US","+18702341115","","","https://www.facebook.com/192329620838259","","0.9199122190475464","open","2","meta | Overture | Overture-signals","CDLA-Permissive-2.0","2026-04-27T00:00:00.000Z | 2026-06-11T11:57:15Z | 2026-05-25T13:08:59Z | 2026-06-01T13:20:32Z | 2026-06-08T13:20:12Z"
"AR","Arkansas","6861f026-58ee-4c01-83f5-48a9e4ed61a7","Grant J. Fowler D.D.S.","-94.12641941","36.33740656","dentist","health_and_medical | teeth_whitening","815 W Persimmon St","Rogers","72756-3657","AR","US","+14796362291","grantjfowlerdds@yahoo.com","https://grant-j-fowler-dds.business.site/?utm_source=gmb&utm_medium=referral","https://www.facebook.com/103092384404201","","0.9199122190475464","open","7","meta | Overture | Overture-signals","CDLA-Permissive-2.0","2026-04-27T00:00:00.000Z | 2026-06-11T11:57:15Z | 2026-05-12T00:29:08Z | 2026-05-18T13:23:54Z | 2026-05-25T13:08:59Z | 2026-06-01T13:20:32Z | 2026-06-08T13:20:12Z"
"AR","Arkansas","688b9941-1bd1-4ca1-a5a5-a01cf4bb72bc","Vammen Family Dentistry","-92.44316","35.0960388","dentist","general_dentistry | cosmetic_dentist","1219 Front St","Conway","72032-4101","AR","US","+15013293312","localseoclient182@yahoo.com","http://www.jonvammen.com/","https://www.facebook.com/432248666833357","","0.9199122190475464","open","8","meta | Overture | Overture-signals","CDLA-Permissive-2.0","2026-04-27T00:00:00.000Z | 2026-06-11T11:57:15Z | 2026-05-12T00:29:08Z | 2026-05-18T13:23:54Z | 2026-05-25T13:08:59Z | 2026-06-01T13:20:32Z | 2026-06-08T13:20:12Z"
"AR","Arkansas","69234970-13ff-446a-8502-142a75b48353","Murphy Vent S DDS","-94.41730267","35.37800239","dentist","general_dentistry","603 Lexington Ave","Fort Smith","72901-4736","AR","US","+14797855437","","","https://www.facebook.com/122698667788421","","0.9199122190475464","open","8","meta | Overture | Overture-signals","CDLA-Permissive-2.0","2026-04-27T00:00:00.000Z | 2026-06-11T11:57:15Z | 2026-05-12T00:29:08Z | 2026-05-18T13:23:54Z | 2026-05-25T13:08:59Z | 2026-06-01T13:20:32Z | 2026-06-08T13:20:12Z"
"AR","Arkansas","69664816-550d-4e04-a7ed-ebb2612d00d6","Wright Family Dentistry","-90.68794524","35.81375686","dentist","general_dentistry | family_practice","1115 Windover Rd","Jonesboro","72401-6159","AR","US","+18709322300","wfd1115@yahoo.com","https://www.dentistinjonesboroar.com/","https://www.facebook.com/119496388108801","Wright Family Dentistry","0.9199122190475464","open","10","meta | Overture | Overture-signals","CDLA-Permissive-2.0","2026-04-27T00:00:00.000Z | 2026-06-11T11:57:15Z | 2026-05-12T00:29:08Z | 2026-05-18T13:23:54Z | 2026-05-25T13:08:59Z | 2026-06-01T13:20:32Z | 2026-06-08T13:20:12Z"
"AR","Arkansas","697632d4-0bf7-40fe-8e49-5c87c45fc23e","Jonesboro Family Dental","-90.6929792582752","35.8337116886673","dentist","","912 Osler Dr","Jonesboro","72401","AR","US","(870) 201-8864","","https://www.jonesborofamilydental.com","","","0.9199122190475464","open","4","Foursquare | Overture | Overture-signals","Apache-2.0 | CDLA-Permissive-2.0","2025-08-22T00:00:00.000 | 2026-06-11T11:57:15Z | 2026-05-12T00:29:08Z | 2026-05-18T13:23:54Z | 2026-05-25T13:08:59Z | 2026-06-01T13:20:32Z | 2026-06-08T13:20:12Z"
"AR","Arkansas","69c972f2-0518-462d-8879-efc42c10711d","Dr. Daniel - Orthodontist","-92.4122966118727","34.7973585105255","dentist","","12419 Cantrell Rd","Little Rock","72223","AR","US","(501) 223-8442","","https://www.danielortho.com","","","0.77","","5","Foursquare | Overture","Apache-2.0 | CDLA-Permissive-2.0","2025-06-11T00:00:00.000 | 2026-06-11T11:57:15Z"
"AR","Arkansas","6a239d71-a1ec-4814-87b6-a8340b0ffeef","Shelton Family Dentistry","-91.81461053","36.36014063","dentist","general_dentistry","109 Forest Heights Pl","Salem","72576-9751","AR","US","+18708952505","","","https://www.facebook.com/110359374925350","","0.9199122190475464","open","5","meta | Overture | Overture-signals","CDLA-Permissive-2.0","2026-04-27T00:00:00.000Z | 2026-06-11T11:57:15Z | 2026-05-12T00:29:08Z | 2026-05-18T13:23:54Z | 2026-05-25T13:08:59Z | 2026-06-01T13:20:32Z | 2026-06-08T13:20:12Z"
"AR","Arkansas","6a409552-cbee-4eda-aaa7-5aea3f6fb5d6","Mathis Dental","-92.38580068","36.35328858","dentist","general_dentistry","26 Green Valley Dr","Mountain Home","72653-8102","AR","US","+18704256911","","http://www.mathisdental.net","https://www.facebook.com/121223151221351","Mathis Eric DDS","0.9199122190475464","open","9","meta | Overture | Overture-signals","CDLA-Permissive-2.0","2026-04-27T00:00:00.000Z | 2026-06-11T11:57:15Z | 2026-05-12T00:29:08Z | 2026-05-18T13:23:54Z | 2026-05-25T13:08:59Z | 2026-06-01T13:20:32Z | 2026-06-08T13:20:12Z"
"AR","Arkansas","6a64cd44-f096-4add-a904-a14f003836e5","Central Arkansas Oral and Maxillofacial Surgery","-91.73640728","35.24023038","dentist","oral_surgeon | health_and_medical","831 S Main St","Searcy","72143-6857","AR","US","+15012687000","","http://jeffbyramoralsurgery.com","https://www.facebook.com/624084521012485","Sharecare","0.9199122190475464","open","8","meta | Overture | Overture-signals","CDLA-Permissive-2.0","2026-04-27T00:00:00.000Z | 2026-06-11T11:57:15Z | 2026-05-12T00:29:08Z | 2026-05-18T13:23:54Z | 2026-05-25T13:08:59Z | 2026-06-01T13:20:32Z | 2026-06-08T13:20:12Z"
"AR","Arkansas","6a98c063-e436-4cb4-a48a-e83f80509142","Highland Family Dentistry","-91.5484334837258","36.2595558241332","dentist","","1474 Hwy 62-412","Highland","72542","AR","US","(870) 497-2253","info@rockfamilydental.com","https://rockfamilydental.com/location/highland-ar-dentist","https://www.facebook.com/206042076096463","","0.77","","5","Foursquare | Overture","Apache-2.0 | CDLA-Permissive-2.0","2025-08-22T00:00:00.000 | 2026-06-11T11:57:15Z"
"AR","Arkansas","6ab985fc-91f8-4c21-80ea-a94f29b2cdd2","Dr. Larry Powell DDS","-92.886004","34.641","dentist","health_and_medical | physical_therapy","110 Estes Way","Hot Springs Village","71909-7480","AR","US","+15019221045","","","https://www.facebook.com/134653246585680","","0.6554852724075317","","6","meta | Overture","CDLA-Permissive-2.0","2026-04-27T00:00:00.000Z | 2026-06-11T11:57:15Z"
"AR","Arkansas","6b0eec3d-994c-430f-b2b0-2a96f5da5a9a","Dr. Roblee Orthodontics-Springdale","-94.2074538350058","36.1795647569397","dentist","","6879 Isaacs Orchard Rd","Springdale","72762","AR","US","(479) 306-4400","robleeortho@gmail.com","http://robleeortho.com","","","0.9199122190475464","open","4","Foursquare | Overture | Overture-signals","Apache-2.0 | CDLA-Permissive-2.0","2025-08-22T00:00:00.000 | 2026-06-11T11:57:15Z | 2026-05-12T00:29:08Z | 2026-05-18T13:23:54Z | 2026-05-25T13:08:59Z | 2026-06-01T13:20:32Z | 2026-06-08T13:20:12Z"
"AR","Arkansas","6bfe2d8e-cc15-4870-9611-86e50feb047d","Mark W. Chunn","-91.61201623","35.76225656","dentist","orthodontist","259 Eagle Mountain Blvd","Batesville","72501-4232","AR","US","+18706980900","","chunndds.com","https://www.facebook.com/180151958696448","","0.9199122190475464","open","7","meta | Overture | Overture-signals","CDLA-Permissive-2.0","2026-04-27T00:00:00.000Z | 2026-06-11T11:57:15Z | 2026-05-12T00:29:08Z | 2026-05-18T13:23:54Z | 2026-05-25T13:08:59Z | 2026-06-01T13:20:32Z | 2026-06-08T13:20:12Z"
"AR","Arkansas","6c316871-0eaf-47bf-a3cc-4bf42db53355","NWA Dental Care","-94.13527049","36.2523179","dentist","general_dentistry","125 Presidential Dr","Lowell","72745","AR","US","+14798020800","nwadentalcare@gmail.com","https://nwadentalcare.com/","https://www.facebook.com/120358861161871","","0.9199122190475464","open","7","meta | Overture | Overture-signals","CDLA-Permissive-2.0","2026-04-27T00:00:00.000Z | 2026-06-11T11:57:15Z | 2026-05-12T00:29:08Z | 2026-05-18T13:23:54Z | 2026-05-25T13:08:59Z | 2026-06-01T13:20:32Z | 2026-06-08T13:20:12Z"
"AR","Arkansas","6cf33426-2c43-4d15-a34d-76a0009ec7c8","Petkovich Family Dentistry","-92.391308","36.342794","dentist","health_and_medical","500 Hospital Dr","MOUNTAIN HOME","72653","AR","US","8704259757","","","","","0.9199122190475464","open","4","Microsoft | Overture | Overture-signals","CDLA-Permissive-2.0","2025-07-25T00:47:00.693Z | 2026-06-11T11:57:15Z | 2026-05-12T00:29:08Z | 2026-05-18T13:23:54Z | 2026-05-25T13:08:59Z | 2026-06-01T13:20:32Z | 2026-06-08T13:20:12Z"
"AR","Arkansas","6d33f03a-d623-4a07-b862-ac70631f98d6","Aspen Dental","-94.145421","36.125227","dentist","health_and_medical","4089 N Shiloh Dr","Fayetteville","72703","AR","US","4794803786","","https://www.aspendental.com/pricing-offers/offers","","","0.9902192950248718","open","6","Microsoft | Overture | Overture-signals","CDLA-Permissive-2.0","2025-10-04T12:58:43.393Z | 2026-06-11T11:57:15Z | 2026-05-12T00:29:08Z | 2026-05-18T13:23:54Z | 2026-05-25T13:08:59Z | 2026-06-01T13:20:32Z | 2026-06-08T13:20:12Z"
"AR","Arkansas","6d91bf96-c521-4362-b25f-fcf8c6385f47","Ashdown Dental Clinic-Dr. Reese Lunsford","-94.11151062","33.65408353","dentist","general_dentistry","1730 S Constitution Ave","Ashdown","71822-8651","AR","US","+18708985077","ashdown.dentalclinic@yahoo.com","http://ashdowndentalclinic.net/","https://www.facebook.com/180991485371262","","0.9199122190475464","open","10","meta | Overture | Overture-signals","CDLA-Permissive-2.0","2026-04-27T00:00:00.000Z | 2026-06-11T11:57:15Z | 2026-05-12T00:29:08Z | 2026-05-18T13:23:54Z | 2026-05-25T13:08:59Z | 2026-06-01T13:20:32Z | 2026-06-08T13:20:12Z"
"AR","Arkansas","6dd8587a-b1c8-4b29-a005-dfaf940134d8","Lorenz Leif T DDS","-92.38847592","34.75337433","dentist","doctor | family_practice","10319 W Markham St","Little Rock","72205-2186","AR","US","+15012276200","","https://lorenz-leif-dr-dds.hub.biz/","https://www.facebook.com/104471082952228","","0.9199122190475464","open","6","meta | Overture | Overture-signals","CDLA-Permissive-2.0","2026-04-27T00:00:00.000Z | 2026-06-11T11:57:15Z | 2026-05-12T00:29:08Z | 2026-05-18T13:23:54Z | 2026-05-25T13:08:59Z | 2026-06-01T13:20:32Z | 2026-06-08T13:20:12Z"
"AR","Arkansas","6df8bd52-255c-499b-a81b-943acc074979","Lindsey Mickey W DDS","-93.086482","34.12381","dentist","doctor | oral_surgeon","3001 Twin Rivers Dr","Arkadelphia","71923-4219","AR","US","+18702452300","","http://www.yellowpages.com/arkadelphia-ar/mip/lindsey-mickey-w-dds-2268622","https://www.facebook.com/154770197892451","","0.5383983254432678","","10","meta | Overture","CDLA-Permissive-2.0","2026-04-27T00:00:00.000Z | 2026-06-11T11:57:15Z"
"AR","Arkansas","6e4d4d72-7393-4439-8b52-c973cb1d57ac","Summit Dental Care","-94.5051091765831","36.1803666928379","dentist","","3860 Highway 412 E Ste F","Siloam Springs","72761","AR","US","(479) 306-6433","summitdentaldds@gmail.com","http://summitdentalofsiloam.com","https://www.facebook.com/479520218745687","","0.9199122190475464","open","4","Foursquare | Overture | Overture-signals","Apache-2.0 | CDLA-Permissive-2.0","2025-10-03T00:00:00.000 | 2026-06-11T11:57:15Z | 2026-05-12T00:29:08Z | 2026-05-18T13:23:54Z | 2026-05-25T13:08:59Z | 2026-06-01T13:20:32Z | 2026-06-08T13:20:12Z"
"AR","Arkansas","6e4f5cbe-ee0d-4d3c-9bff-94c0cf4ceab4","James K Tyson","-93.5923413908505","33.6533594035586","dentist","","411 W 16th St","Hope","71801","AR","US","(870) 777-5861","","http://tysonjameskdds1.placeweb.site","https://www.facebook.com/134120063307057","","0.77","","5","Foursquare | Overture","Apache-2.0 | CDLA-Permissive-2.0","2025-08-22T00:00:00.000 | 2026-06-11T11:57:15Z"
"AR","Arkansas","6e9cee82-85c8-45c0-a3f0-bc08094ac1d5","Bryan K. Angel, DDS, Pediatric Dentist","-92.0096535083751","34.957391464561","dentist","","906 S Pine St Ste 5","Cabot","72023","AR","US","(501) 438-0281","cabot@leapkidsdental.com","https://leapkidsdental.com/locations/little-rock-ar/","https://www.facebook.com/1178251605519202","","0.9199122190475464","open","4","Foursquare | Overture | Overture-signals","Apache-2.0 | CDLA-Permissive-2.0","2020-10-10T00:00:00.000 | 2026-06-11T11:57:15Z | 2026-05-12T00:29:08Z | 2026-05-18T13:23:54Z | 2026-05-25T13:08:59Z | 2026-06-01T13:20:32Z | 2026-06-08T13:20:12Z"
"AR","Arkansas","6edc1776-d12e-4392-98a9-72da87fc2ff9","G. Hays","-92.58929644","34.56631771","dentist","cosmetic_dentist | hospital","325 Short St","Benton","72015-3748","AR","US","+15017788241","","http://www.cliffhaysdental.com","https://www.facebook.com/155720531108870","Simmons Celita DR Ofc","0.9858598113059998","","1","meta | Overture","CDLA-Permissive-2.0","2026-04-27T00:00:00.000Z | 2026-06-11T11:57:15Z"
"AR","Arkansas","6fd324e4-08ce-4e4c-be2a-bb029278bded","Ashdown Dental Clinic","-94.1347701209711","33.6724572849791","dentist","","370 W Main St","Ashdown","71822","AR","US","(870) 898-5077","","http://ashdowndental.com","","","0.9199122190475464","open","4","Foursquare | Overture | Overture-signals","Apache-2.0 | CDLA-Permissive-2.0","2025-08-22T00:00:00.000 | 2026-06-11T11:57:15Z | 2026-05-12T00:29:08Z | 2026-05-18T13:23:54Z | 2026-05-25T13:08:59Z | 2026-06-01T13:20:32Z | 2026-06-08T13:20:12Z"
"AR","Arkansas","700f820d-0e53-475a-9a90-25aa36c884f1","ASAP Smile Center","-92.39779691","34.74515075","dentist","general_dentistry | health_and_medical","11 Office Park Dr","Little Rock","72211-3843","AR","US","+15012252929","dr.seangore@gmail.com","http://www.asapsmilecenter.com/","https://www.facebook.com/115871955229849","ASAP Smile Center","0.9997832514047623","open","10","meta | Overture | Overture-signals","CDLA-Permissive-2.0","2026-04-27T00:00:00.000Z | 2026-06-11T11:57:15Z | 2026-05-12T00:29:08Z"
"AR","Arkansas","70413228-070d-4d3d-88b1-2967196bdf7f","Dental Health Center of Arkansas","-92.26648985","34.77864022","dentist","pediatric_dentist | oral_surgeon","2550 N Main St","North Little Rock","72114-2316","AR","US","+15018124949","","http://www.healthgrades.com/dentist/dr-raed-musallam-33h42","https://www.facebook.com/341226269334331","","0.9199122190475464","open","6","meta | Overture | Overture-signals","CDLA-Permissive-2.0","2026-04-27T00:00:00.000Z | 2026-06-11T11:57:15Z | 2026-05-12T00:29:08Z | 2026-05-18T13:23:54Z | 2026-05-25T13:08:59Z | 2026-06-01T13:20:32Z | 2026-06-08T13:20:12Z"
"AR","Arkansas","70db0195-5bed-4841-8ed4-c8b5b9844839","Monarch Dental","-92.2194781","34.79703299","dentist","general_dentistry","4909 Warden Rd","North Little Rock","72116-7013","AR","US","+15017913000","20060-mgr@smilebrands.com","https://www.monarchdental.com/dental-office/north-little-rock-dentist/20060/?utm_source=generic&utm_medium=profiles&utm_campaign=local_profiles","https://www.facebook.com/196069074251824","Monarch Dental","0.9999779739141464","","8","meta | Overture","CDLA-Permissive-2.0","2026-04-27T00:00:00.000Z | 2026-06-11T11:57:15Z"
"AR","Arkansas","71cee55c-f056-49b2-9a3b-2e766a482c3b","Rock Family Dental","-91.1943194103152","34.888653281863","dentist","","206 N Main St","Brinkley","72021","AR","US","(870) 734-2700","olivia.geels@axpm.com","http://rockfamilydental.com","https://www.twitter.com/arbraces | https://www.facebook.com/204791596690190","","0.9199122190475464","open","4","Foursquare | Overture | Overture-signals","Apache-2.0 | CDLA-Permissive-2.0","2025-08-05T00:00:00.000 | 2026-06-11T11:57:15Z | 2026-05-12T00:29:08Z | 2026-05-18T13:23:54Z | 2026-05-25T13:08:59Z | 2026-06-01T13:20:32Z | 2026-06-08T13:20:12Z"
"AR","Arkansas","72574e5b-49ae-4830-bf22-9dca8fe62299","Kidz Choice Dental","-94.3463931435654","35.3473004872287","dentist","","7801 Phoenix Ave","Fort Smith","72903","AR","US","(479) 306-6156","fortsmith@leapkidsdental.com","https://www.kidzchoicedental.com","https://www.facebook.com/215774888866357","","0.9199122190475464","open","4","Foursquare | Overture | Overture-signals","Apache-2.0 | CDLA-Permissive-2.0","2025-07-01T00:00:00.000 | 2026-06-11T11:57:15Z | 2026-05-12T00:29:08Z | 2026-05-18T13:23:54Z | 2026-05-25T13:08:59Z | 2026-06-01T13:20:32Z | 2026-06-08T13:20:12Z"
"AR","Arkansas","7266080e-3fa3-4c18-a7af-de4ec50b5bd2","Dietrich Fred DDS","-92.8320529","33.58619875","dentist","general_dentistry | medical_service_organizations","206 Van Buren St NW","Camden","71701-3931","AR","US","+18708366802","","","https://www.facebook.com/148662081844156","","0.7614588737487793","","8","meta | Overture","CDLA-Permissive-2.0","2026-04-27T00:00:00.000Z | 2026-06-11T11:57:15Z"
"AR","Arkansas","7281e934-c0db-4345-8e00-d1ef2aee91f5","All About Smiles","-94.17076286","36.31406229","dentist","general_dentistry","3207 Arapaho Dr","Rogers","72758-1363","AR","US","+14796219700","trish@nwasmiles.com","https://nwasmiles.com/","https://www.facebook.com/254878757717379","All About Smiles","0.9199122190475464","open","9","meta | Overture | Overture-signals","CDLA-Permissive-2.0","2026-04-27T00:00:00.000Z | 2026-06-11T11:57:15Z | 2026-05-12T00:29:08Z | 2026-05-18T13:23:54Z | 2026-05-25T13:08:59Z | 2026-06-01T13:20:32Z | 2026-06-08T13:20:12Z"
"AR","Arkansas","729caa4a-d278-4b3e-bc6d-01536d096ea6","Aspen Dental - Little Rock","-92.4019263387732","34.754347774778","dentist","","11414 West Markham Street Ste A","Little-Rock","72211","AR","US","(501) 404-0529","","https://www.aspendental.com/dentist/ar/little-rock/11414-w-markham-st-ste-a","","","0.77","","5","Foursquare | Overture","Apache-2.0 | CDLA-Permissive-2.0","2025-08-22T00:00:00.000 | 2026-06-11T11:57:15Z"
"AR","Arkansas","72e0d2d8-8565-450b-8c62-7b6a8d50afbe","Bright Ridge Dental","-94.23029799","36.33553057","dentist","general_dentistry | doctor","1603 SW Regional Airport Blvd","Bentonville","72713-7300","AR","US","+14797154277","frontdesk@brightridgedental.com","https://www.mybentonvilledentist.com/","https://www.facebook.com/525530550895431","","0.9722161889076233","","8","meta | Overture","CDLA-Permissive-2.0","2026-04-27T00:00:00.000Z | 2026-06-11T11:57:15Z"
"AR","Arkansas","72ecdaa6-2162-4bd2-9808-ad1c54892c73","Oral surgery of central Arkansas","-92.23674","34.796225","dentist","oral_surgeon | hospital","2504 McCain Blvd","North Little Rock","72116-7612","AR","US","+15017717600","info@oralsurgeryofcentralarkansas.com","http://www.oralsurgeryofcentralarkansas.com","https://www.facebook.com/165931223434563","","0.9199122190475464","open","8","meta | Overture | Overture-signals","CDLA-Permissive-2.0","2026-04-27T00:00:00.000Z | 2026-06-11T11:57:15Z | 2026-05-12T00:29:08Z | 2026-05-18T13:23:54Z | 2026-05-25T13:08:59Z | 2026-06-01T13:20:32Z | 2026-06-08T13:20:12Z"
"AR","Arkansas","72f7e444-90db-4911-a85a-dbee075a669a","Bonds Dentistry","-93.1517479","35.28330631","dentist","doctor | health_and_medical","1919 W Main St","Russellville","72801-2725","AR","US","+14798802311","bondsdentistry@gmail.com","http://www.dentists.russellville.ypeek.com","https://www.facebook.com/709060945852764","","0.9978899139165879","","7","meta | Overture","CDLA-Permissive-2.0","2026-04-27T00:00:00.000Z | 2026-06-11T11:57:15Z"
"AR","Arkansas","731b8912-09cc-46c8-9ede-9d42e41f097a","Lakeside Oral and Maxillofacial Surgery","-93.1390379025632","35.2765178098814","dentist","","319 S Glenwood Ave","Russellville","72801","AR","US","(479) 968-1334","baleoffice@gmail.com","http://www.rivervalleyoralsurgery.com","https://www.facebook.com/121547101282352","","0.9199122190475464","open","4","Foursquare | Overture | Overture-signals","Apache-2.0 | CDLA-Permissive-2.0","2025-08-22T00:00:00.000 | 2026-06-11T11:57:15Z | 2026-05-12T00:29:08Z | 2026-05-18T13:23:54Z | 2026-05-25T13:08:59Z | 2026-06-01T13:20:32Z | 2026-06-08T13:20:12Z"
"AR","Arkansas","73820bf4-177d-4fa9-961f-bb5761fd41f8","Walton Blvd. Dental","-94.2217816","36.3718631","dentist","general_dentistry | health_and_medical","104 S Walton Blvd","Bentonville","72712-3837","AR","US","+14792733757","office@waltonblvddental.com","http://www.waltonblvddental.com/","https://www.facebook.com/875065732511143","","0.9199122190475464","open","7","meta | Overture | Overture-signals","CDLA-Permissive-2.0","2026-04-27T00:00:00.000Z | 2026-06-11T11:57:15Z | 2026-05-12T00:29:08Z | 2026-05-18T13:23:54Z | 2026-05-25T13:08:59Z | 2026-06-01T13:20:32Z | 2026-06-08T13:20:12Z"
"AR","Arkansas","7491b280-2fa7-4191-a242-fabbaa1e422f","Hurricane Creek Dental","-92.50237316","34.62156741","dentist","general_dentistry","612 W Commerce St","Bryant","72022-7517","AR","US","+15013155574","","https://www.bryantarkansasdentist.com/","https://www.facebook.com/626321628009911","","0.9199122190475464","open","7","meta | Overture | Overture-signals","CDLA-Permissive-2.0","2026-04-27T00:00:00.000Z | 2026-06-11T11:57:15Z | 2026-05-12T00:29:08Z | 2026-05-18T13:23:54Z | 2026-05-25T13:08:59Z | 2026-06-01T13:20:32Z | 2026-06-08T13:20:12Z"
"AR","Arkansas","74d826df-b2af-4851-8c28-50656314e4b3","Arkansas Dental Centers","-91.81896431","33.60953371","dentist","general_dentistry","791 Roberts Dr","Monticello","71655-5724","AR","US","+18703673433","monticello@arsmilecenters.com","https://arkansasdentalcenters.com/locations/monticello-ar/","https://www.facebook.com/452433875090550","","0.9199122190475464","open","10","meta | Overture | Overture-signals","CDLA-Permissive-2.0","2026-04-27T00:00:00.000Z | 2026-06-11T11:57:15Z | 2026-05-12T00:29:08Z | 2026-05-18T13:23:54Z | 2026-05-25T13:08:59Z | 2026-06-01T13:20:32Z | 2026-06-08T13:20:12Z"
"AR","Arkansas","753b6114-7ad9-43d7-acc7-8587c018b5f7","Dk Dental","-92.7197936813218","35.1693238624955","dentist","","2 Hospital Dr","Morrilton","72110","AR","US","(501) 354-2554","","http://www.dentalways.com","","","0.9199122190475464","open","4","Foursquare | Overture | Overture-signals","Apache-2.0 | CDLA-Permissive-2.0","2025-08-22T00:00:00.000 | 2026-06-11T11:57:15Z | 2026-05-12T00:29:08Z | 2026-05-18T13:23:54Z | 2026-05-25T13:08:59Z | 2026-06-01T13:20:32Z | 2026-06-08T13:20:12Z"
"AR","Arkansas","75667923-251d-477a-a92e-ef77dbb453a1","Michael L. Thompson","-90.7315350067578","35.8139967781697","dentist","","2737 Paula Dr","Jonesboro","72404","AR","US","(870) 932-0015","perio.office@suddenlinkmail.com","http://www.thompsonperioandimplants.com","","","0.77","","5","Foursquare | Overture","Apache-2.0 | CDLA-Permissive-2.0","2025-08-22T00:00:00.000 | 2026-06-11T11:57:15Z"
"AR","Arkansas","761112f4-401d-429b-923e-84f1d78ae10a","DIL Dental Lab","-92.27433831","34.77889772","dentist","health_and_medical","520 W Pershing Blvd","North Little Rock","72114-2100","AR","US","+15013526580","info@dildentallab.com","https://linktr.ee/dildentallab","https://www.facebook.com/200322046664917","","0.955294668674469","","8","meta | Overture","CDLA-Permissive-2.0","2026-04-27T00:00:00.000Z | 2026-06-11T11:57:15Z"
"AR","Arkansas","761bbf18-3adf-41cc-913d-1a4b8cabe611","Buffington Family Dentistry","-90.18393274","35.14817976","dentist","general_dentistry | health_and_medical","104 E Bond Ave","West Memphis","72301-3108","AR","US","+18707358222","","http://buffingtondentistry.com/","https://www.facebook.com/290733411037912","","0.9199122190475464","open","7","meta | Overture | Overture-signals","CDLA-Permissive-2.0","2026-04-27T00:00:00.000Z | 2026-06-11T11:57:15Z | 2026-05-12T00:29:08Z | 2026-05-18T13:23:54Z | 2026-05-25T13:08:59Z | 2026-06-01T13:20:32Z | 2026-06-08T13:20:12Z"
"AR","Arkansas","761e25c0-d0d5-4424-a0c3-5176130a7b30","Central Dental","-92.4081299884958","34.7499246700574","dentist","","12018 Chenal Pkwy","Little Rock","72211","AR","US","(501) 225-1577","info@centraldental.com","http://www.centraldental.com/location/little-rock-dental-office/","https://www.facebook.com/462628383759899","","0.9199122190475464","open","4","Foursquare | Overture | Overture-signals","Apache-2.0 | CDLA-Permissive-2.0","2025-08-22T00:00:00.000 | 2026-06-11T11:57:15Z | 2026-05-12T00:29:08Z | 2026-05-18T13:23:54Z | 2026-05-25T13:08:59Z | 2026-06-01T13:20:32Z | 2026-06-08T13:20:12Z"
"AR","Arkansas","7640cf90-e2b5-4feb-a8e4-a790be8ee4de","Central Arkansas Family Dentistry","-92.23873533","34.80031796","dentist","general_dentistry","2400 Crestwood Rd","North Little Rock","72116-7067","AR","US","+15017532244","drdanheard@gmail.com","http://www.DrDanHeard.com/","https://www.facebook.com/107338449306307","","0.9788361191749573","","8","meta | Overture","CDLA-Permissive-2.0","2026-04-27T00:00:00.000Z | 2026-06-11T11:57:15Z"
"AR","Arkansas","767afe5a-1ef0-44d9-af6f-a35ebe04868c","Ocean Dental","-92.34302659","34.72451164","dentist","general_dentistry | health_and_medical","3024 S University Ave","Little Rock","72204-6008","AR","US","+15015650606","littlerock.university@oceandental.net","http://www.oceandental.net/","https://www.facebook.com/253766211366789","Ocean Dental Centre","0.9199122190475464","open","8","meta | Overture | Overture-signals","CDLA-Permissive-2.0","2026-04-27T00:00:00.000Z | 2026-06-11T11:57:15Z | 2026-05-12T00:29:08Z | 2026-05-18T13:23:54Z | 2026-05-25T13:08:59Z | 2026-06-01T13:20:32Z | 2026-06-08T13:20:12Z"
"AR","Arkansas","7690c5c3-0ef8-4bdf-8404-8b05b37c53ae","Marcus Black DDS","-94.19365359","36.31511749","dentist","general_dentistry | cosmetic_dentist","2109 S 54th St","Rogers","72758-8195","AR","US","+14794640900","mbfamilydental@toothemail.com","http://marcusdblackdds.com/","https://www.facebook.com/532835570556665","","0.9199122190475464","open","7","meta | Overture | Overture-signals","CDLA-Permissive-2.0","2026-04-27T00:00:00.000Z | 2026-06-11T11:57:15Z | 2026-05-12T00:29:08Z | 2026-05-18T13:23:54Z | 2026-05-25T13:08:59Z | 2026-06-01T13:20:32Z | 2026-06-08T13:20:12Z"
"AR","Arkansas","76a765b8-c20a-4ed1-a321-4a554a535ab5","Dentist in Little Rock","-92.32946291","34.77060862","dentist","health_and_medical | family_practice","2087 N Van Buren St","Little Rock","72207-4739","AR","US","+15012050057","contact@dentistinlittlerock.com","http://dentistinlittlerock.com/","https://www.facebook.com/202441219811412","","0.7029204964637756","","7","meta | Overture","CDLA-Permissive-2.0","2026-04-27T00:00:00.000Z | 2026-06-11T11:57:15Z"
"AR","Arkansas","76d08164-9709-46fd-a8bc-5e5b169f1bf8","Little Rock Dentures and Implants","-92.20111019","34.83225433","dentist","general_dentistry","3006 E Kiehl Ave","Sherwood","72120-3228","AR","US","+15015070877","info@lrdenturesandimplants.com","https://lrdenturesandimplants.com/","https://www.facebook.com/101355392564368","","0.9199122190475464","open","8","meta | Overture | Overture-signals","CDLA-Permissive-2.0","2026-04-27T00:00:00.000Z | 2026-06-11T11:57:15Z | 2026-05-12T00:29:08Z | 2026-05-18T13:23:54Z | 2026-05-25T13:08:59Z | 2026-06-01T13:20:32Z | 2026-06-08T13:20:12Z"
"AR","Arkansas","7719cf10-b705-4237-8c07-5d8a3db2e46b","Cooper Family Dentistry Conway","-92.459798","35.091632","dentist","","8 Medical Ln","Conway","72034-4913","AR","US","+15013270587","","","https://www.facebook.com/1002169053138296","","0.8529802560806274","","8","meta | Overture","CDLA-Permissive-2.0","2026-04-27T00:00:00.000Z | 2026-06-11T11:57:15Z"
"AR","Arkansas","776683ff-e8e5-4b69-beff-2f84b619b659","Arkansas Dental Centers","-91.89999832","34.78514448","dentist","general_dentistry | doctor","123 N Center St","Lonoke","72086-2805","AR","US","+15016766770","lonoke@arsmilecenters.com","https://arkansasdentalcenters.com/locations/lonoke-ar/","https://www.facebook.com/1842851402613183","","0.9199122190475464","open","7","meta | Overture | Overture-signals","CDLA-Permissive-2.0","2026-04-27T00:00:00.000Z | 2026-06-11T11:57:15Z | 2026-05-12T00:29:08Z | 2026-05-18T13:23:54Z | 2026-05-25T13:08:59Z | 2026-06-01T13:20:32Z | 2026-06-08T13:20:12Z"
"AR","Arkansas","77ed36a9-1d7e-4397-8227-9901cff535d9","Diemer Family Dental","-92.27331","34.77848","dentist","oral_surgeon","","North Little Rock","","AR","US","+15017585006","office@diemerfamilydental.com","","https://www.facebook.com/205067030377034","","0.8146039843559265","","7","meta | Overture","CDLA-Permissive-2.0","2026-04-27T00:00:00.000Z | 2026-06-11T11:57:15Z"
"AR","Arkansas","780ce368-0095-45cb-a4ef-da598a127101","Otter Creek Family Dentistry","-92.42717698","34.65857092","dentist","general_dentistry","13500 Otter Creek Pkwy","Little Rock","72210-5792","AR","US","+15019008119","ottercreek@mb2dental.com","https://ottercreekfamilydentistry.com/","https://www.facebook.com/106113408489113","","0.9902192950248718","open","9","meta | Overture | Overture-signals","CDLA-Permissive-2.0","2026-04-27T00:00:00.000Z | 2026-06-11T11:57:15Z | 2026-05-12T00:29:08Z | 2026-05-18T13:23:54Z | 2026-05-25T13:08:59Z | 2026-06-01T13:20:32Z | 2026-06-08T13:20:12Z"
"AR","Arkansas","78263169-af9f-450e-a306-71e1130fe019","Smile Center","-94.13950856","36.18538431","dentist","general_dentistry","920 W Emma Ave","Springdale","72764-4472","AR","US","+14797778563","info@smilecenterspringdale.com","http://smilecenterspringdale.com/","https://www.facebook.com/171809532953107","Smile Center, PA","0.9199122190475464","open","8","meta | Overture | Overture-signals","CDLA-Permissive-2.0","2026-04-27T00:00:00.000Z | 2026-06-11T11:57:15Z | 2026-05-12T00:29:08Z | 2026-05-18T13:23:54Z | 2026-05-25T13:08:59Z | 2026-06-01T13:20:32Z | 2026-06-08T13:20:12Z"
"AR","Arkansas","78315016-5598-4d07-bdac-1ce176744d41","Haven Dental","-93.12585839","36.25656318","dentist","health_and_medical | hospital","2102 1st National Bank Dr","Harrison","72601-6234","AR","US","+18707412820","office@havendental.net","","https://www.facebook.com/167563509974095","","0.9199122190475464","open","8","meta | Overture | Overture-signals","CDLA-Permissive-2.0","2026-04-27T00:00:00.000Z | 2026-06-11T11:57:15Z | 2026-05-12T00:29:08Z | 2026-05-18T13:23:54Z | 2026-05-25T13:08:59Z | 2026-06-01T13:20:32Z | 2026-06-08T13:20:12Z"
"AR","Arkansas","786e9013-c1de-436f-9cac-b85e2b847c77","Flanagin Dental","-92.44233103","35.0889161","dentist","general_dentistry | doctor","800 Locust Ave","Conway","72034-5331","AR","US","+15013274466","celesteflan@gmail.com","http://flanagindental.com/","https://www.facebook.com/147054638658883","","0.9199122190475464","open","8","meta | Overture | Overture-signals","CDLA-Permissive-2.0","2026-04-27T00:00:00.000Z | 2026-06-11T11:57:15Z | 2026-05-12T00:29:08Z | 2026-05-18T13:23:54Z | 2026-05-25T13:08:59Z | 2026-06-01T13:20:32Z | 2026-06-08T13:20:12Z"
"AR","Arkansas","78be4b9a-095f-49c0-bb63-2457e6785e9b","Centerstone Family Dentistry","-92.4580216702852","35.0691110680545","dentist","","2235 Dave Ward Dr","Conway","72034","AR","US","(501) 932-0192","centerstone@salterproperties.com","http://www.centerstonefamilydentistry.com","https://www.facebook.com/118339818239607","","0.9199122190475464","open","4","Foursquare | Overture | Overture-signals","Apache-2.0 | CDLA-Permissive-2.0","2023-09-03T00:00:00.000 | 2026-06-11T11:57:15Z | 2026-05-12T00:29:08Z | 2026-05-18T13:23:54Z | 2026-05-25T13:08:59Z | 2026-06-01T13:20:32Z | 2026-06-08T13:20:12Z"
"AR","Arkansas","790408b3-fa4a-4706-a817-d82261d36704","DeAtley Dental Care","-92.37047313","36.34714832","dentist","general_dentistry","707 N Cardinal Dr","Mountain Home","72653-3274","AR","US","+18704251441","consult@deatleydentalcare.com","http://www.deatleydental.com/","https://www.facebook.com/1352122288148081","DeAtley Dental Care","0.9199122190475464","open","7","meta | Overture | Overture-signals","CDLA-Permissive-2.0","2026-04-27T00:00:00.000Z | 2026-06-11T11:57:15Z | 2026-05-12T00:29:08Z | 2026-05-18T13:23:54Z | 2026-05-25T13:08:59Z | 2026-06-01T13:20:32Z | 2026-06-08T13:20:12Z"
"AR","Arkansas","796b81c5-6ef7-4e78-ad41-f6506790b733","Rock Springs Dental","-93.12610299","36.2558873","dentist","general_dentistry","1515 Rock Springs Rd","Harrison","72601-8804","AR","US","+18707411060","rockspringsdental@yahoo.com","http://www.rocksprings-dental.com/","https://www.facebook.com/100491189349052","","0.9199122190475464","open","7","meta | Overture | Overture-signals","CDLA-Permissive-2.0","2026-04-27T00:00:00.000Z | 2026-06-11T11:57:15Z | 2026-05-12T00:29:08Z | 2026-05-18T13:23:54Z | 2026-05-25T13:08:59Z | 2026-06-01T13:20:32Z | 2026-06-08T13:20:12Z"
"AR","Arkansas","79eb10af-aaf1-4e2c-a6b8-4af917104b4d","Daniel D Cyphers","-92.6714146808434","33.2144964947297","dentist","","519 W Faulkner St","El Dorado","71730","AR","US","(870) 862-3275","","http://www.eldodentist.com","","","0.77","","5","Foursquare | Overture","Apache-2.0 | CDLA-Permissive-2.0","2025-08-22T00:00:00.000 | 2026-06-11T11:57:15Z"
"AR","Arkansas","7a715f8f-51cb-482d-8def-f3beb5193cb9","Lenderman & Meek Dental","-92.454247","35.09004292","dentist","general_dentistry | health_and_medical","841 Donaghey Ave","Conway","72034-5131","AR","US","+15013273800","info@lendermanmeekdental.com","https://lendermanmeekdental.com/","https://www.facebook.com/155426931176636","","0.9199122190475464","open","8","meta | Overture | Overture-signals","CDLA-Permissive-2.0","2026-04-27T00:00:00.000Z | 2026-06-11T11:57:15Z | 2026-05-12T00:29:08Z | 2026-05-18T13:23:54Z | 2026-05-25T13:08:59Z | 2026-06-01T13:20:32Z | 2026-06-08T13:20:12Z"
"AR","Arkansas","7a8ac179-0b1f-44fb-8e68-5bf75d5917c3","Motto Clear Aligners","-92.03835319","34.9796544","dentist","health_and_medical","112 S Rockwood Dr Ste A","Cabot","72023","AR","US","5016289501","","https://www.aspendental.com/dentist/ar/cabot/112-s-rockwood-dr-ste-a/motto-clear-aligners/","","","0.9199122190475464","open","6","Microsoft | Overture | Overture-signals","CDLA-Permissive-2.0","2025-10-04T08:00:22.377Z | 2026-06-11T11:57:15Z | 2026-05-12T00:29:08Z | 2026-05-18T13:23:54Z | 2026-05-25T13:08:59Z | 2026-06-01T13:20:32Z | 2026-06-08T13:20:12Z"
"AR","Arkansas","7ac5dae5-86ce-444e-ae4e-df216aca84a1","GPS Dental","-90.70922119","35.83813227","dentist","professional_services | business_management_services","515 W Washington Ave","Jonesboro","72401-2782","AR","US","+18703335088","contact@gps.dental","https://www.gps.dental/","https://www.facebook.com/1498276716982359","","0.9199122190475464","open","9","meta | Overture | Overture-signals","CDLA-Permissive-2.0","2026-04-27T00:00:00.000Z | 2026-06-11T11:57:15Z | 2026-05-12T00:29:08Z | 2026-05-18T13:23:54Z | 2026-05-25T13:08:59Z | 2026-06-01T13:20:32Z | 2026-06-08T13:20:12Z"
"AR","Arkansas","7addf84d-575a-4ebc-9c09-1e1ad9bd61fe","Bass John Robert DDS","-92.427082","34.658741","dentist","health_and_medical | bar","13500 Otter Creek Pkwy","Little Rock","72210-5792","AR","US","+15014551766","","","https://www.facebook.com/159904224032397","","0.8204718828201294","","7","meta | Overture","CDLA-Permissive-2.0","2026-04-27T00:00:00.000Z | 2026-06-11T11:57:15Z"
"AR","Arkansas","7b2dacff-a823-454d-a4e3-e702ed0f5df9","Luke Fruchey, DMD","-92.4612147751575","35.0917971175133","dentist","","2415 Prince St Ste 100","Conway","72034","AR","US","(501) 327-6453","conway@rockfamilydental.com","https://www.centraldental.com/meet-our-doctors/dr-fruchey-dentist-in-conway-ar/","https://www.facebook.com/1402062950062912","","0.9199122190475464","open","4","Foursquare | Overture | Overture-signals","Apache-2.0 | CDLA-Permissive-2.0","2020-12-01T00:00:00.000 | 2026-06-11T11:57:15Z | 2026-05-12T00:29:08Z | 2026-05-18T13:23:54Z | 2026-05-25T13:08:59Z | 2026-06-01T13:20:32Z | 2026-06-08T13:20:12Z"
"AR","Arkansas","7b4b8ef9-ac73-451b-b83b-182643f435ce","Downtown Dental Care","-92.2710657375215","34.7426438475231","dentist","","623 Main St","Little Rock","72201","AR","US","(501) 374-2929","","http://www.ddclr.com","","","0.9199122190475464","open","4","Foursquare | Overture | Overture-signals","Apache-2.0 | CDLA-Permissive-2.0","2025-10-21T00:00:00.000 | 2026-06-11T11:57:15Z | 2026-05-12T00:29:08Z | 2026-05-18T13:23:54Z | 2026-05-25T13:08:59Z | 2026-06-01T13:20:32Z | 2026-06-08T13:20:12Z"
"AR","Arkansas","7bee8f52-6bcc-43e5-a591-b2d0908194d2","Wise Michael DDS","-91.73428672","35.2495109","dentist","doctor | optometrist","333 E Market Ave","Searcy","72143-5429","AR","US","+15012688634","","http://dare.news.wisc.edu/","https://www.facebook.com/267746673270310","","0.9199122190475464","open","6","meta | Overture | Overture-signals","CDLA-Permissive-2.0","2026-04-27T00:00:00.000Z | 2026-06-11T11:57:15Z | 2026-05-12T00:29:08Z | 2026-05-18T13:23:54Z | 2026-05-25T13:08:59Z | 2026-06-01T13:20:32Z | 2026-06-08T13:20:12Z"
"AR","Arkansas","7c1cf831-4de0-4c6d-8329-5ebdb25261d3","Sullivant Dentistry","-92.37074487","36.3480005","dentist","general_dentistry | doctor","727 N Cardinal Dr","Mountain Home","72653-3253","AR","US","+18704254242","jandcsullivant@suddenlink.net","http://www.toothsolutions.com/","https://www.facebook.com/143160249031452","","0.9199122190475464","open","8","meta | Overture | Overture-signals","CDLA-Permissive-2.0","2026-04-27T00:00:00.000Z | 2026-06-11T11:57:15Z | 2026-05-12T00:29:08Z | 2026-05-18T13:23:54Z | 2026-05-25T13:08:59Z | 2026-06-01T13:20:32Z | 2026-06-08T13:20:12Z"
"AR","Arkansas","7c345a01-59af-46a0-ac30-0f0d15b053f0","Trumann Family Dental","-90.52801841","35.68393306","dentist","general_dentistry","817 AR-463 N","Trumann","72472","AR","US","+18704830543","trumannfamilydental@yahoo.com","http://Trumannfamilydental.com/","https://www.facebook.com/1996207570449282","","0.9991530835628509","open","8","meta | Overture | Overture-signals","CDLA-Permissive-2.0","2026-04-27T00:00:00.000Z | 2026-06-11T11:57:15Z | 2026-05-12T00:29:08Z"
"AR","Arkansas","7c375334-6d7d-4176-b341-7f7df690dcba","Watson Dental Care","-90.49384796","36.0529822","dentist","general_dentistry | health_and_medical","628 W Garland St","Paragould","72450-4213","AR","US","+18702361100","watsondentalcare@gmail.com","http://www.watsondentalcare.com/","https://www.facebook.com/358771500866803","","0.9889879822731018","","8","meta | Overture","CDLA-Permissive-2.0","2026-04-27T00:00:00.000Z | 2026-06-11T11:57:15Z"
"AR","Arkansas","7c3d0e34-c08d-401a-965b-efca424128c7","Jill Sunde, DMD","-92.2392087623851","34.798125111032","dentist","","2411 McCain Blvd","North Little Rock","72116","AR","US","(501) 408-2151","northlittlerock@rockfamilydental.com","https://rockfamilydental.com/dentist/jill-sunde-dmd/","https://www.facebook.com/102527569819583","","0.9199122190475464","open","4","Foursquare | Overture | Overture-signals","Apache-2.0 | CDLA-Permissive-2.0","2020-12-22T00:00:00.000 | 2026-06-11T11:57:15Z | 2026-05-12T00:29:08Z | 2026-05-18T13:23:54Z | 2026-05-25T13:08:59Z | 2026-06-01T13:20:32Z | 2026-06-08T13:20:12Z"
"AR","Arkansas","7ca84d98-72d1-4e12-9758-2c3c57d377f3","Buchanan Street Family Dentistry","-94.31334463","35.97549568","dentist","general_dentistry | health_and_medical","401 E Buchanan St","Prairie Grove","72753-2907","AR","US","+14798461005","info@buchananstreetdentistry.com","http://www.buchananstreetdentistry.com/","https://www.facebook.com/107382215197937","","0.9199122190475464","open","8","meta | Overture | Overture-signals","CDLA-Permissive-2.0","2026-04-27T00:00:00.000Z | 2026-06-11T11:57:15Z | 2026-05-12T00:29:08Z | 2026-05-18T13:23:54Z | 2026-05-25T13:08:59Z | 2026-06-01T13:20:32Z | 2026-06-08T13:20:12Z"
"AR","Arkansas","7cbfb5d3-d115-4119-8305-05af8d66c986","Dk Dental","-92.7993160582011","35.0108095679533","dentist","","130 Houston Ave Ste B","Perryville","72126","AR","US","(501) 889-1909","","http://www.dksmile.com","","","0.9199122190475464","open","4","Foursquare | Overture | Overture-signals","Apache-2.0 | CDLA-Permissive-2.0","2025-08-19T00:00:00.000 | 2026-06-11T11:57:15Z | 2026-05-12T00:29:08Z | 2026-05-18T13:23:54Z | 2026-05-25T13:08:59Z | 2026-06-01T13:20:32Z | 2026-06-08T13:20:12Z"
"AR","Arkansas","7e16f2f4-f246-4348-b2d4-dfac64b54023","Bourns Mike DDS","-92.592384882801","34.574230486818","dentist","orthodontist | cosmetic_dentist","1202 Highway 35 N","Benton","72019-2328","AR","US","+15017760620","","http://www.healthgrades.com/dentist/dr-michael-bourns-xsmrx","https://www.facebook.com/118961404839132","","0.9606615304946899","","1","meta | Overture","CDLA-Permissive-2.0","2026-04-27T00:00:00.000Z | 2026-06-11T11:57:15Z"
"AR","Arkansas","7e4580c7-246b-4637-8e9c-286b88fd8637","Clark Dentistry","-93.2403064","33.27141105","dentist","doctor | family_practice","102 W McNeil St","Magnolia","71753-2817","AR","US","+18702341621","","","https://www.facebook.com/577840149352160","","0.9837438464164734","","7","meta | Overture","CDLA-Permissive-2.0","2026-04-27T00:00:00.000Z | 2026-06-11T11:57:15Z"
"AR","Arkansas","7e4d14f4-6a7f-4800-b0f1-257055923168","Kilpatrick Steven R DDS","-94.35084686","35.3547501","dentist","general_dentistry","2909 S 74th St","Fort Smith","72903-5156","AR","US","+14794527454","","www.fortsmithsmiles.com","https://www.facebook.com/160572477294294","","0.9199122190475464","open","6","meta | Overture | Overture-signals","CDLA-Permissive-2.0","2026-04-27T00:00:00.000Z | 2026-06-11T11:57:15Z | 2026-05-12T00:29:08Z | 2026-05-18T13:23:54Z | 2026-05-25T13:08:59Z | 2026-06-01T13:20:32Z | 2026-06-08T13:20:12Z"
"AR","Arkansas","7e5b8600-b2b9-4389-8cdb-5642d0fb586f","Thompson & Thompson DDS","-92.3478618144694","34.6698595033414","dentist","","6226 Baseline Rd","Little Rock","72209","AR","US","(501) 562-4123","","https://www.kelleyhthompson.com","https://www.facebook.com/175063375881870","","0.77","","5","Foursquare | Overture","Apache-2.0 | CDLA-Permissive-2.0","2025-05-23T00:00:00.000 | 2026-06-11T11:57:15Z"
"AR","Arkansas","7eb34b93-dfc6-4c90-bfea-eac3b4935be1","Keith Smith, DDS","-90.6411238605924","34.5443139327169","dentist","","400 Plaza","West Helena","72390","AR","US","(870) 724-8230","helena@rockdentalbrands.com","https://www.helenafamilydental.com","https://www.facebook.com/1051260435003575","","0.9199122190475464","open","4","Foursquare | Overture | Overture-signals","Apache-2.0 | CDLA-Permissive-2.0","2020-11-18T00:00:00.000 | 2026-06-11T11:57:15Z | 2026-05-12T00:29:08Z | 2026-05-18T13:23:54Z | 2026-05-25T13:08:59Z | 2026-06-01T13:20:32Z | 2026-06-08T13:20:12Z"
"AR","Arkansas","7f1b8a88-b4a0-4ece-8788-0070551b9512","Rock Family Dental","-92.23921224","34.79790458","dentist","general_dentistry | health_and_medical","2411 McCain Blvd","North Little Rock","72116-7571","AR","US","+15019394413","info@rockfamilydental.com","https://rockfamilydental.com/location/north-little-rock-ar/","https://www.facebook.com/102527569819583","Rock Family Dental - Highland","0.9902192950248718","open","8","meta | Overture | Overture-signals","CDLA-Permissive-2.0","2026-04-27T00:00:00.000Z | 2026-06-11T11:57:15Z | 2026-05-12T00:29:08Z | 2026-05-18T13:23:54Z | 2026-05-25T13:08:59Z | 2026-06-01T13:20:32Z | 2026-06-08T13:20:12Z"
"AR","Arkansas","7f3f8fd8-ba56-4e19-92a5-8e35c240d65d","Scott David Stubbs","-94.4821892274092","36.2677479021484","dentist","","304 E Main St","Gentry","72734","AR","US","(479) 736-2800","","http://www.gentryfamilydentistry.com","","","0.9199122190475464","open","4","Foursquare | Overture | Overture-signals","Apache-2.0 | CDLA-Permissive-2.0","2025-10-20T00:00:00.000 | 2026-06-11T11:57:15Z | 2026-05-12T00:29:08Z | 2026-05-18T13:23:54Z | 2026-05-25T13:08:59Z | 2026-06-01T13:20:32Z | 2026-06-08T13:20:12Z"
"AR","Arkansas","7f7365be-61e9-49bc-b383-7bb496c82825","Moon Family Dental","-92.23631926","34.80018314","dentist","general_dentistry","2501 Crestwood Rd","North Little Rock","72116-7615","AR","US","+15017585006","office@fullmoonsmiles.com","http://www.fullmoonsmiles.com/","https://www.facebook.com/101919002721526","","0.9199122190475464","open","6","meta | Overture | Overture-signals","CDLA-Permissive-2.0","2026-04-27T00:00:00.000Z | 2026-06-11T11:57:15Z | 2026-05-12T00:29:08Z | 2026-05-18T13:23:54Z | 2026-05-25T13:08:59Z | 2026-06-01T13:20:32Z | 2026-06-08T13:20:12Z"
"AR","Arkansas","800a2d30-50a8-49b5-8cbd-e71d61887196","Absolute Denture Clinic","-92.19404491","34.82519124","dentist","prosthodontist | general_dentistry","7523 Warden Rd","Sherwood","72120-5042","AR","US","+15013926312","","https://www.absolutedentureclinic.com/","https://www.facebook.com/106826668389399","","0.9199122190475464","open","7","meta | Overture | Overture-signals","CDLA-Permissive-2.0","2026-04-27T00:00:00.000Z | 2026-06-11T11:57:15Z | 2026-05-12T00:29:08Z | 2026-05-18T13:23:54Z | 2026-05-25T13:08:59Z | 2026-06-01T13:20:32Z | 2026-06-08T13:20:12Z"
"AR","Arkansas","800cfb19-61dc-4dd2-8591-86cea4af39da","Michael D. Clark DDS","-92.11681663","34.26696888","dentist","general_dentistry | health_and_medical","9013 Highway 270","White Hall","71602-9487","AR","US","+18706192777","michaelclarkdds@gmail.com","https://www.michaelclarkdentist.net/","https://www.facebook.com/169600669721241","Michael D. Clark, DDS","0.9199122190475464","open","9","meta | Overture | Overture-signals","CDLA-Permissive-2.0","2026-04-27T00:00:00.000Z | 2026-06-11T11:57:15Z | 2026-05-12T00:29:08Z | 2026-05-18T13:23:54Z | 2026-05-25T13:08:59Z | 2026-06-01T13:20:32Z | 2026-06-08T13:20:12Z"
"AR","Arkansas","80349875-c2a4-4dd4-900b-f4938adc6765","Dr. Russell Berry","-90.78964362","35.02085231","dentist","health_and_medical","1220 N Division St","Forrest City","72335-2307","AR","US","+18706334219","russellberrydds@yahoo.com","http://russellberrydds.com/","https://www.facebook.com/104474592416968","","0.9199122190475464","open","8","meta | Overture | Overture-signals","CDLA-Permissive-2.0","2026-04-27T00:00:00.000Z | 2026-06-11T11:57:15Z | 2026-05-12T00:29:08Z | 2026-05-18T13:23:54Z | 2026-05-25T13:08:59Z | 2026-06-01T13:20:32Z | 2026-06-08T13:20:12Z"
"AR","Arkansas","80b70d33-66a0-445d-9fa4-4ce895da4ff9","My Dentist - Rogers","-94.1599703","36.3343861","dentist","health_and_medical","2886 W Walnut St","Rogers","72756","AR","US","4798996444","","","","","0.85","","7","Microsoft | Overture","CDLA-Permissive-2.0","2015-05-14T10:27:52.427Z | 2026-06-11T11:57:15Z"
"AR","Arkansas","80bef546-d534-4f16-b9c3-d22a3c67f61f","East Oak Dental Care","-92.4052137065552","35.0918371762301","dentist","","1600 E Oak St","Conway","72032","AR","US","(501) 358-4489","eastoakdental@gmail.com","http://www.smileconway.com","https://www.twitter.com/eastoakdental | https://www.facebook.com/331471936922856","","0.77","","5","Foursquare | Overture","Apache-2.0 | CDLA-Permissive-2.0","2025-04-24T00:00:00.000 | 2026-06-11T11:57:15Z"
"AR","Arkansas","814044a7-ed76-4c23-9f8e-588a913808ba","Dr. Cliff Hays & Dr. Celita Simmons","-92.58929285","34.56623839","dentist","general_dentistry | doctor","325 Short St","Benton","72015-3748","AR","US","+15017788241","haysdental@sbcglobal.net","http://www.cliffhaysdental.com","https://www.facebook.com/157358000961953","Simmons Celita DR Ofc","0.9199122190475464","open","9","meta | Overture | Overture-signals","CDLA-Permissive-2.0","2026-04-27T00:00:00.000Z | 2026-06-11T11:57:15Z | 2026-05-12T00:29:08Z | 2026-05-18T13:23:54Z | 2026-05-25T13:08:59Z | 2026-06-01T13:20:32Z | 2026-06-08T13:20:12Z"
"AR","Arkansas","81471ea7-38dd-4532-9400-aa7515c424c9","Central Arkansas Dental","-92.12522114","34.87210105","dentist","general_dentistry | cosmetic_dentist","1405 Braden St","Jacksonville","72076-3720","AR","US","+15012412345","bradenrecall@coopersmiles.com","http://www.centralarkansasdental.com","https://www.facebook.com/160784657280056","","0.9199122190475464","open","8","meta | Overture | Overture-signals","CDLA-Permissive-2.0","2026-04-27T00:00:00.000Z | 2026-06-11T11:57:15Z | 2026-05-12T00:29:08Z | 2026-05-18T13:23:54Z | 2026-05-25T13:08:59Z | 2026-06-01T13:20:32Z | 2026-06-08T13:20:12Z"
"AR","Arkansas","81a01479-b19d-426c-95f2-c54dc7a8afe6","Carlisle Robert R DDS","-92.596252","34.563458","dentist","cosmetic_dentist | medical_service_organizations","818 W South St","Benton","72015-4162","AR","US","+15017760564","carlisledentistry@gmail.com","www.mydentistdrcarlisle.com","https://www.facebook.com/152244194827415","","0.8905598521232605","","3","meta | Overture","CDLA-Permissive-2.0","2026-04-27T00:00:00.000Z | 2026-06-11T11:57:15Z"
"AR","Arkansas","81c5db8b-1a22-40a3-8d66-2769012e5d5b","Orthodontic Specialists Of The Ozarks","-92.3884242727226","36.340902121379","dentist","","300 Highway 5 N","Mountain Home","72653","AR","US","(870) 425-5737","","http://osoortho.com","","","0.9199122190475464","open","4","Foursquare | Overture | Overture-signals","Apache-2.0 | CDLA-Permissive-2.0","2025-08-22T00:00:00.000 | 2026-06-11T11:57:15Z | 2026-05-12T00:29:08Z | 2026-05-18T13:23:54Z | 2026-05-25T13:08:59Z | 2026-06-01T13:20:32Z | 2026-06-08T13:20:12Z"
"AR","Arkansas","8266a140-756c-47b4-a3f2-b02912cac63c","Dr. David Vammen","-94.03853026","33.42849335","dentist","health_and_medical | lawyer","505 E 6th St","Texarkana","71854-5322","AR","US","+18707743723","","http://vammendavidwdds1.placeweb.site","https://www.facebook.com/154574854578091","","0.9199122190475464","open","6","meta | Overture | Overture-signals","CDLA-Permissive-2.0","2026-04-27T00:00:00.000Z | 2026-06-11T11:57:15Z | 2026-05-12T00:29:08Z | 2026-05-18T13:23:54Z | 2026-05-25T13:08:59Z | 2026-06-01T13:20:32Z | 2026-06-08T13:20:12Z"
"AR","Arkansas","8287bb0f-5520-433b-8f7b-e13a03d30ef9","Arkadelphia Dentist","-93.0866279","34.12466537","dentist","health_and_medical | medical_service_organizations","2840 Twin Rivers Dr","Arkadelphia","71923-4212","AR","US","+18702469847","","http://www.arkadelphiadentist.com/","https://www.facebook.com/422765971138418","Ross Family Dentistry","0.9938483834266663","open","2","meta | Overture | Overture-signals","CDLA-Permissive-2.0","2026-04-27T00:00:00.000Z | 2026-06-11T11:57:15Z | 2026-05-12T00:29:08Z"
"AR","Arkansas","82bc47da-6f45-4f15-8edf-de2928cde3fa","Good-Ederle Kathleen","-92.33852227","34.75323359","dentist","doctor | health_and_medical","209 N Pierce St","Little Rock","72205-3335","AR","US","+15016646040","kgederle@att.net","","https://www.facebook.com/172425339609209","","0.9623242020606995","","2","meta | Overture","CDLA-Permissive-2.0","2026-04-27T00:00:00.000Z | 2026-06-11T11:57:15Z"
"AR","Arkansas","82bcedfe-049f-47be-86a9-2834f0a11ccb","Searcy Dental Associates","-91.70355705","35.25349569","dentist","general_dentistry | medical_service_organizations","710 Marion St","Searcy","72143-4879","AR","US","+15012683666","searcydental@att.net","http://www.searcydental.com/","https://www.facebook.com/188074871238573","","0.9199122190475464","open","8","meta | Overture | Overture-signals","CDLA-Permissive-2.0","2026-04-27T00:00:00.000Z | 2026-06-11T11:57:15Z | 2026-05-12T00:29:08Z | 2026-05-18T13:23:54Z | 2026-05-25T13:08:59Z | 2026-06-01T13:20:32Z | 2026-06-08T13:20:12Z"
"AR","Arkansas","832f1c06-62fc-4dc3-9f76-7be8e6ac0f33","LC Mitchell, DDS","-90.758425","34.771144","dentist","health_and_medical | medical_service_organizations","23 W Mississippi St","Marianna","72360-2568","AR","US","+18702950256","","","https://www.facebook.com/277926502296224","","0.8761534094810486","","3","meta | Overture","CDLA-Permissive-2.0","2026-04-27T00:00:00.000Z | 2026-06-11T11:57:15Z"
"AR","Arkansas","835d0a2e-19c9-4ea8-9864-15477af794e3","Crestwood Dental Care","-92.23634313","34.80017487","dentist","general_dentistry | health_and_medical","2501 Crestwood Rd","North Little Rock","72116-7615","AR","US","+15015751142","crestwooddc@mydentalmail.com","https://crestwooddentalcare.com/","https://www.facebook.com/154874844549011","Dental Health Society online","0.9998876055181026","","8","meta | Overture","CDLA-Permissive-2.0","2026-04-27T00:00:00.000Z | 2026-06-11T11:57:15Z"
"AR","Arkansas","84cde57a-b648-44bf-8e9a-4ff50b183a6f","Hubbard Dental Clinic","-92.63239002","35.90926151","dentist","orthodontist | pediatric_dentist","201 W Main St","Marshall","72650-7857","AR","US","+18704483191","hdc@hubbardar.com","","https://www.facebook.com/166549376748323","","0.9199122190475464","open","9","meta | Overture | Overture-signals","CDLA-Permissive-2.0","2026-04-27T00:00:00.000Z | 2026-06-11T11:57:15Z | 2026-05-12T00:29:08Z | 2026-05-18T13:23:54Z | 2026-05-25T13:08:59Z | 2026-06-01T13:20:32Z | 2026-06-08T13:20:12Z"
"AR","Arkansas","856e08c5-800a-4dd4-9e99-ca3f3c7a566a","Tyson James K DDS","-93.59237021","33.65365541","dentist","health_and_medical | bar","411 W 16th St","Hope","71801-7104","AR","US","+18707775861","","http://tysonjameskdds1.placeweb.site","https://www.facebook.com/134120063307057","","0.9710069894790649","","7","meta | Overture","CDLA-Permissive-2.0","2026-04-27T00:00:00.000Z | 2026-06-11T11:57:15Z"
"AR","Arkansas","857fb255-fb72-4243-87bc-c08269e71f5b","Massey Donna D DDS","-92.09219494","34.25672494","dentist","general_dentistry | doctor","7215 Sheridan Rd","White Hall","71602-3214","AR","US","+18705354050","","https://local.yahoo.com/info-18308209-massey-donna-d-dds-massey...","https://www.facebook.com/171405239587119","","0.9199122190475464","open","6","meta | Overture | Overture-signals","CDLA-Permissive-2.0","2026-04-27T00:00:00.000Z | 2026-06-11T11:57:15Z | 2026-05-12T00:29:08Z | 2026-05-18T13:23:54Z | 2026-05-25T13:08:59Z | 2026-06-01T13:20:32Z | 2026-06-08T13:20:12Z"
"AR","Arkansas","85aee1dc-468a-4127-8e04-7f093cbd89ab","Arkansas Dentistry & Braces","-90.6385196550272","35.8638194334619","dentist","","4803 E Johnson Ave","Jonesboro","72405","AR","US","(800) 200-7700","","http://www.arsmiles.com","","","0.9199122190475464","open","4","Foursquare | Overture | Overture-signals","Apache-2.0 | CDLA-Permissive-2.0","2025-08-05T00:00:00.000 | 2026-06-11T11:57:15Z | 2026-05-12T00:29:08Z | 2026-05-18T13:23:54Z | 2026-05-25T13:08:59Z | 2026-06-01T13:20:32Z | 2026-06-08T13:20:12Z"
"AR","Arkansas","85d90236-c900-4ba5-a55a-c4f084e4036d","Little Rock Dentistry","-92.3835948901092","34.7468332385162","dentist","","9601 Baptist Health Dr Ste 950","Little Rock","72205","AR","US","(501) 224-6333","info@littlerockdentistry.com","https://www.littlerockdentistry.com","","","0.77","","5","Foursquare | Overture","Apache-2.0 | CDLA-Permissive-2.0","2025-02-18T00:00:00.000 | 2026-06-11T11:57:15Z"
"AR","Arkansas","867dbeba-cb3c-4971-b91d-142dab888503","Heather Adams DDS","-94.18683708","36.29107241","dentist","orthodontist | pediatric_dentist","4799 W Highland Knolls Rd","Rogers","72758-8872","AR","US","+14793400966","officemanager@heatheradamsdentistry.com","https://www.heatheradamsdentistry.com/request-appointment/","https://www.facebook.com/474611286318100","Heather Adams DDS","0.9801075458526611","","8","meta | Overture","CDLA-Permissive-2.0","2026-04-27T00:00:00.000Z | 2026-06-11T11:57:15Z"
"AR","Arkansas","868a5415-583d-49b7-bf4f-b392ff55169e","Saline Family Dental","-92.58140641","34.57451996","dentist","","1200 Ferguson Dr","Benton","72015","AR","US","+15017784746","office@salinefamilydental.com","https://www.salinefamilydental.com/","https://www.facebook.com/118486524522851","","0.9734175801277161","","3","meta | Overture","CDLA-Permissive-2.0","2026-04-27T00:00:00.000Z | 2026-06-11T11:57:15Z"
"AR","Arkansas","86bd5b0c-320c-4eaf-8f74-0754fd142c9b","Phelan Family and Cosmetic Dentistry","-92.580145","34.574438","dentist","doctor | health_and_medical","1112 Military Rd","Benton","72015-2909","AR","US","+15017787129","","http://phelanfamilydentistry.com/","https://www.facebook.com/1173424689363373","Phelan Family and Cosmetic Dentistry","0.9626449942588806","","1","meta | Overture","CDLA-Permissive-2.0","2026-04-27T00:00:00.000Z | 2026-06-11T11:57:15Z"
"AR","Arkansas","86f61926-5a8b-4158-9543-8eb7c42e7a89","Dr. Stephen Modelevsky","-90.4942430653754","36.056386338343","dentist","","631 W Court St","Paragould","72450","AR","US","(870) 236-9000","info@drmodel.com","http://www.drmodel.com","","","0.9199122190475464","open","4","Foursquare | Overture | Overture-signals","Apache-2.0 | CDLA-Permissive-2.0","2025-08-22T00:00:00.000 | 2026-06-11T11:57:15Z | 2026-05-12T00:29:08Z | 2026-05-18T13:23:54Z | 2026-05-25T13:08:59Z | 2026-06-01T13:20:32Z | 2026-06-08T13:20:12Z"
"AR","Arkansas","87190934-cba0-4759-bd52-6a7f25350f5c","Dr. Steven Ray","-92.4053138257752","34.7717579447734","dentist","","11811 Hinson Rd","Little Rock","72212","AR","US","(501) 312-1127","docspray@sbcglobal.net","http://www.docspray.com","https://www.facebook.com/401985063145237","","0.9199122190475464","open","4","Foursquare | Overture | Overture-signals","Apache-2.0 | CDLA-Permissive-2.0","2025-08-22T00:00:00.000 | 2026-06-11T11:57:15Z | 2026-05-12T00:29:08Z | 2026-05-18T13:23:54Z | 2026-05-25T13:08:59Z | 2026-06-01T13:20:32Z | 2026-06-08T13:20:12Z"
"AR","Arkansas","8773f19c-eaa8-4cc0-b94e-250f92dd7e12","Dr. Tara Pappas Scallion","-92.39869379","34.79229912","dentist","general_dentistry","11211 Cantrell Rd","Little Rock","72212-1818","AR","US","+15012239489","taradds@aol.com","http://www.landmarkdentalcenter.com/","https://www.facebook.com/151215584900752","","0.9199122190475464","open","7","meta | Overture | Overture-signals","CDLA-Permissive-2.0","2026-04-27T00:00:00.000Z | 2026-06-11T11:57:15Z | 2026-05-12T00:29:08Z | 2026-05-18T13:23:54Z | 2026-05-25T13:08:59Z | 2026-06-01T13:20:32Z | 2026-06-08T13:20:12Z"
"AR","Arkansas","87a1b211-6ad4-4c78-94df-f20f2eec5cc0","Barnes Family Dental","-94.12323665","36.12077606","dentist","general_dentistry | doctor","2646 E Joyce Blvd","Fayetteville","72703-4435","AR","US","+14794438009","kelliebarnesdds@yahoo.com","http://www.drkellie.com/","https://www.facebook.com/133410143883007","Gray Kellie M DR","0.9199122190475464","open","8","meta | Overture | Overture-signals","CDLA-Permissive-2.0","2026-04-27T00:00:00.000Z | 2026-06-11T11:57:15Z | 2026-05-12T00:29:08Z | 2026-05-18T13:23:54Z | 2026-05-25T13:08:59Z | 2026-06-01T13:20:32Z | 2026-06-08T13:20:12Z"
"AR","Arkansas","87cd8f60-2342-4154-999d-2ae94402cf51","Dr. Bradley J. Slaughter","-91.60955251","35.7698836","dentist","optometrist | doctor","3401 Harrison St","Batesville","72501-8820","AR","US","+18707937520","","","https://www.facebook.com/190567737640407","","0.9199122190475464","open","7","meta | Overture | Overture-signals","CDLA-Permissive-2.0","2026-04-27T00:00:00.000Z | 2026-06-11T11:57:15Z | 2026-05-12T00:29:08Z | 2026-05-18T13:23:54Z | 2026-05-25T13:08:59Z | 2026-06-01T13:20:32Z | 2026-06-08T13:20:12Z"
"AR","Arkansas","89271620-495f-4d07-a0f1-6c120c27aef7","Fish, James L DDS","-91.5579485190376","34.4828822069294","dentist","","2001 S Buerkle St","Stuttgart","72160","AR","US","(870) 673-2687","","http://www.asbde.org/ddsroster/search.php","","","0.77","","5","Foursquare | Overture","Apache-2.0 | CDLA-Permissive-2.0","2025-08-22T00:00:00.000 | 2026-06-11T11:57:15Z"
"AR","Arkansas","896fb65b-bd04-4774-9332-3d73eb47d9ce","Dr Dacus","-92.2306840882421","34.82383426314","dentist","","7522 Highway 107","Sherwood","72120","AR","US","(501) 834-4800","","http://www.dacusdental.com","","","0.9199122190475464","open","4","Foursquare | Overture | Overture-signals","Apache-2.0 | CDLA-Permissive-2.0","2025-12-08T00:00:00.000 | 2026-06-11T11:57:15Z | 2026-05-12T00:29:08Z | 2026-05-18T13:23:54Z | 2026-05-25T13:08:59Z | 2026-06-01T13:20:32Z | 2026-06-08T13:20:12Z"
"AR","Arkansas","89aa0d80-58b8-4721-8745-3c20ac4c5148","Refresh Dental","-94.23030965","36.33546718","dentist","","1603 SW Regional Airport Blvd","Bentonville","72713-7300","AR","US","+14793390081","","https://www.refreshyoursleep.com/","https://www.facebook.com/102943359272918","Refresh Dental","0.9199122190475464","open","5","meta | Overture | Overture-signals","CDLA-Permissive-2.0","2026-04-27T00:00:00.000Z | 2026-06-11T11:57:15Z | 2026-05-12T00:29:08Z | 2026-05-18T13:23:54Z | 2026-05-25T13:08:59Z | 2026-06-01T13:20:32Z | 2026-06-08T13:20:12Z"
"AR","Arkansas","89d0164b-3bbe-440c-95aa-550b429b9e78","Lilliam M Prado DDS","-92.35803224","34.66938746","dentist","general_dentistry | doctor","7301 Baseline Rd","Little Rock","72209-4476","AR","US","+15015621665","faithdentalclinic@hotmail.com","http://WWW.FAITHDENTALCLINIC.COM/","https://www.facebook.com/950168518382377","Faith Dental Clinic","0.9199122190475464","open","8","meta | Overture | Overture-signals","CDLA-Permissive-2.0","2026-04-27T00:00:00.000Z | 2026-06-11T11:57:15Z | 2026-05-12T00:29:08Z | 2026-05-18T13:23:54Z | 2026-05-25T13:08:59Z | 2026-06-01T13:20:32Z | 2026-06-08T13:20:12Z"
"AR","Arkansas","8a1ceaa5-84cb-4468-93a4-d19cc3e90ca8","Central Dental","-92.4612164","35.0919071","dentist","","2415 Prince St Ste 100","Conway","72034","AR","US","(501) 226-1380","conway@rockfamilydental.com","https://www.centraldental.com","https://www.facebook.com/1402062950062912","","0.77","","5","Foursquare | Overture","Apache-2.0 | CDLA-Permissive-2.0","2025-08-22T00:00:00.000 | 2026-06-11T11:57:15Z"
"AR","Arkansas","8a683597-16c7-463b-958c-08e389ed8e10","Motto Clear Aligners","-92.40197169","34.7543381","dentist","health_and_medical","11414 W Markham St Ste A","Little Rock","72211","AR","US","5014040529","","https://www.aspendental.com/dentist/ar/little-rock/11414-w-markham-st-ste-a/motto-clear-aligners/","","","0.9199122190475464","open","6","Microsoft | Overture | Overture-signals","CDLA-Permissive-2.0","2025-10-04T06:30:22.167Z | 2026-06-11T11:57:15Z | 2026-05-12T00:29:08Z | 2026-05-18T13:23:54Z | 2026-05-25T13:08:59Z | 2026-06-01T13:20:32Z | 2026-06-08T13:20:12Z"
"AR","Arkansas","8aafb0d5-56bb-4da3-9772-d1eb0a76a12b","JS Abernathy Dental","-90.687561","35.810144","dentist","orthodontist | health_and_medical","2919 Browns Ln","Jonesboro","72401-7203","AR","US","+18709322644","2919brownslane@gmail.com","http://jsabernathydental.com/","https://www.facebook.com/440778729363847","","0.9822540879249573","","7","meta | Overture","CDLA-Permissive-2.0","2026-04-27T00:00:00.000Z | 2026-06-11T11:57:15Z"
"AR","Arkansas","8b502083-47d3-4468-94a9-fc629a95553f","Arkansas Periodontal Implant Associates","-94.155839","36.088831","dentist","health_and_medical | oral_surgeon","2001 N Green Acres Rd","Fayetteville","72703-2619","AR","US","+14795216400","","http://www.nwaperio.com","https://www.facebook.com/488432211173462","","0.9722161889076233","open","8","meta | Overture | Overture-signals","CDLA-Permissive-2.0","2026-04-27T00:00:00.000Z | 2026-06-11T11:57:15Z | 2026-06-08T13:20:12Z"
"AR","Arkansas","8be4359f-5e4b-40df-b161-7d25157953f3","Brooks Dental","-93.126063512599","36.256560764228","dentist","","2102 First National Dr","Harrison","72601","AR","US","(870) 741-2820","ladbrooks@cox.net","http://www.drbrooksdental.com","https://www.twitter.com/brooksdental_ar | https://www.facebook.com/167563509974095","","0.9199122190475464","open","4","Foursquare | Overture | Overture-signals","Apache-2.0 | CDLA-Permissive-2.0","2025-08-22T00:00:00.000 | 2026-06-11T11:57:15Z | 2026-05-12T00:29:08Z | 2026-05-18T13:23:54Z | 2026-05-25T13:08:59Z | 2026-06-01T13:20:32Z | 2026-06-08T13:20:12Z"
"AR","Arkansas","8d7c7e63-4d7d-456f-a7c8-6ff3cbe541a0","DeRuyter Dental","-93.07001067","34.46484034","dentist","general_dentistry | cosmetic_dentist","321 Section Line Rd","Hot Springs","71913-6482","AR","US","+15015250600","dds3692@att.net","http://theairportdentist.com/","https://www.facebook.com/923267307883838","","0.9199122190475464","open","7","meta | Overture | Overture-signals","CDLA-Permissive-2.0","2026-04-27T00:00:00.000Z | 2026-06-11T11:57:15Z | 2026-05-12T00:29:08Z | 2026-05-18T13:23:54Z | 2026-05-25T13:08:59Z | 2026-06-01T13:20:32Z | 2026-06-08T13:20:12Z"
"AR","Arkansas","8dc53773-9a15-4278-b412-52e457e08355","Timothy C. Rothrock DDS PA","-94.14459691","36.17123747","dentist","general_dentistry | doctor","1308 S Pleasant St","Springdale","72764-6223","AR","US","+14797515071","","www.smilesbyrothrock.com","https://www.facebook.com/117536508308153","","0.9199122190475464","open","7","meta | Overture | Overture-signals","CDLA-Permissive-2.0","2026-04-27T00:00:00.000Z | 2026-06-11T11:57:15Z | 2026-05-12T00:29:08Z | 2026-05-18T13:23:54Z | 2026-05-25T13:08:59Z | 2026-06-01T13:20:32Z | 2026-06-08T13:20:12Z"
"AR","Arkansas","8dfbd32c-6e6a-4322-bf46-4717497413c5","Gary Keener Family Clinic","-92.23203885","34.84174136","dentist","","9509 Highway 107","Sherwood","72120-2634","AR","US","+15018354655","","","https://www.facebook.com/206551039374025","","0.9199122190475464","open","8","meta | Overture | Overture-signals","CDLA-Permissive-2.0","2026-04-27T00:00:00.000Z | 2026-06-11T11:57:15Z | 2026-05-12T00:29:08Z | 2026-05-18T13:23:54Z | 2026-05-25T13:08:59Z | 2026-06-01T13:20:32Z | 2026-06-08T13:20:12Z"
"AR","Arkansas","8e4bb3d7-2dc1-4f80-9dfe-a48bcc7ce708","James Lee Jr., DDS, Pediatric Dentist","-94.3463802804166","35.3473656790697","dentist","","7801 Phoenix Ave","Fort Smith","72903","AR","US","(479) 452-8650","fortsmith@leapkidsdental.com","https://www.kidzchoicedental.com/dr-lee-jr/","https://www.facebook.com/215774888866357","","0.77","","5","Foursquare | Overture","Apache-2.0 | CDLA-Permissive-2.0","2020-10-12T00:00:00.000 | 2026-06-11T11:57:15Z"
"AR","Arkansas","8e4fb7d7-e87e-4e8d-98c1-1d5e41ab77ad","Kosmitis Kim DDS","-92.01709002","34.18634628","dentist","general_dentistry | medical_service_organizations","1406 W 42nd Ave","Pine Bluff","71603-7003","AR","US","+18705351115","","http://www.asbde.org/ddsroster/search.php","https://www.facebook.com/156946197678610","","0.9199122190475464","open","7","meta | Overture | Overture-signals","CDLA-Permissive-2.0","2026-04-27T00:00:00.000Z | 2026-06-11T11:57:15Z | 2026-05-12T00:29:08Z | 2026-05-18T13:23:54Z | 2026-05-25T13:08:59Z | 2026-06-01T13:20:32Z | 2026-06-08T13:20:12Z"
"AR","Arkansas","8f0c442f-1aac-478e-8530-c37ef19467bc","River Dental","-94.14585223","36.33433004","dentist","general_dentistry","2001 W Walnut St","Rogers","72756-3243","AR","US","+14796366807","rogers@riverdentalar.com","https://www.riverdentalar.com/rogers/","https://www.facebook.com/2109570032408896","River Dental - Springdale","0.9199122190475464","open","9","meta | Overture | Overture-signals","CDLA-Permissive-2.0","2026-04-27T00:00:00.000Z | 2026-06-11T11:57:15Z | 2026-05-12T00:29:08Z | 2026-05-18T13:23:54Z | 2026-05-25T13:08:59Z | 2026-06-01T13:20:32Z | 2026-06-08T13:20:12Z"
"AR","Arkansas","8f0d35c5-3db3-4909-98fa-48647ecc3f32","Neaville Family Dentistry","-91.71498983","35.23996015","dentist","general_dentistry | doctor","1901 E Beebe Capps Expy","Searcy","72143-6973","AR","US","+15012706755","susanneaville@exitrealtyofsearcy.com","http://www.neavillefamilydentistry.com/","https://www.facebook.com/312799402124734","","0.9199122190475464","open","10","meta | Overture | Overture-signals","CDLA-Permissive-2.0","2026-04-27T00:00:00.000Z | 2026-06-11T11:57:15Z | 2026-05-12T00:29:08Z | 2026-05-18T13:23:54Z | 2026-05-25T13:08:59Z | 2026-06-01T13:20:32Z | 2026-06-08T13:20:12Z"
"AR","Arkansas","8f160422-bafe-4cc2-a079-5bd58c4b0d82","Katie Guelos Gibson, DDS, MS","-92.2197952192978","34.7967428392375","dentist","","4901 Warden Rd","North Little Rock","72116","AR","US","(501) 408-4137","northlittlerock@westrockortho.com","https://westrockortho.com/location/north-little-rock-ar/","https://www.facebook.com/171262146979039","","0.9199122190475464","open","4","Foursquare | Overture | Overture-signals","Apache-2.0 | CDLA-Permissive-2.0","2025-09-03T00:00:00.000 | 2026-06-11T11:57:15Z | 2026-05-12T00:29:08Z | 2026-05-18T13:23:54Z | 2026-05-25T13:08:59Z | 2026-06-01T13:20:32Z | 2026-06-08T13:20:12Z"
"AR","Arkansas","8f33e51d-8699-4085-a9cd-69ceb6c5c818","Motto Clear Aligners","-91.6841954","35.2507777","dentist","health_and_medical","3680 E Race Ave","Searcy","72143","AR","US","5013806046","","https://www.aspendental.com/dentist/ar/searcy/3680-e-race-street/motto-clear-aligners/","","","0.9199122190475464","open","6","Microsoft | Overture | Overture-signals","CDLA-Permissive-2.0","2025-10-04T05:45:46.193Z | 2026-06-11T11:57:15Z | 2026-05-12T00:29:08Z | 2026-05-18T13:23:54Z | 2026-05-25T13:08:59Z | 2026-06-01T13:20:32Z | 2026-06-08T13:20:12Z"
"AR","Arkansas","902e10ba-1447-499c-bd26-3a3576808d52","Higgs Family Dentistry","-92.4690109262633","35.0919054056035","dentist","","2755 Prince St","Conway","72034","AR","US","(501) 329-7474","","http://www.williamhiggsdds.com","","","0.9199122190475464","open","4","Foursquare | Overture | Overture-signals","Apache-2.0 | CDLA-Permissive-2.0","2025-08-22T00:00:00.000 | 2026-06-11T11:57:15Z | 2026-05-12T00:29:08Z | 2026-05-18T13:23:54Z | 2026-05-25T13:08:59Z | 2026-06-01T13:20:32Z | 2026-06-08T13:20:12Z"
"AR","Arkansas","903bdeba-4a53-4f87-9eec-c6ebf78f9a80","Motto Clear Aligners","-93.107388","35.281586","dentist","","331 Weir Rd","Russellville","72802","AR","US","(479) 208-5733","","https://www.aspendental.com/dentist/ar/russellville/331-weir-rd","","","0.77","","3","Foursquare | Overture","Apache-2.0 | CDLA-Permissive-2.0","2025-12-18T00:00:00.000 | 2026-06-11T11:57:15Z"
"AR","Arkansas","906da438-4379-430c-93d1-7ef97d765f37","Rock Family Dental - Benton","-92.6500425219404","34.6100198813254","dentist","","407 Highway 5 N","Benton","72019","AR","US","(501) 315-3145","","http://rockfamilydental.com","https://www.twitter.com/arbraces | https://www.facebook.com/235811646759436","","0.77","","5","Foursquare | Overture","Apache-2.0 | CDLA-Permissive-2.0","2021-03-26T00:00:00.000 | 2026-06-11T11:57:15Z"
"AR","Arkansas","90723bd3-18ef-4318-a29e-1b8113a2acf6","Montgomery Heathman DDS","-92.362874348573","34.6668424779179","dentist","","9200 Chicot Rd","Little Rock","72209","AR","US","(501) 562-3029","dentaltherapypa@yahoo.com","http://www.interdisciplinarydental.com","","","0.9199122190475464","open","4","Foursquare | Overture | Overture-signals","Apache-2.0 | CDLA-Permissive-2.0","2025-08-22T00:00:00.000 | 2026-06-11T11:57:15Z | 2026-05-12T00:29:08Z | 2026-05-18T13:23:54Z | 2026-05-25T13:08:59Z | 2026-06-01T13:20:32Z | 2026-06-08T13:20:12Z"
"AR","Arkansas","90aa7ad7-658e-43d5-99d0-9712c1017277","Two Rivers Dental Care","-92.4380214","34.8023245","dentist","general_dentistry","14180 Cantrell Rd","Little Rock","72223-1527","AR","US","+15016733905","info@tworiversdentalcare.com","http://tworiversdentalcare.com/","https://www.facebook.com/101840045827308","","0.9199122190475464","open","8","meta | Overture | Overture-signals","CDLA-Permissive-2.0","2026-04-27T00:00:00.000Z | 2026-06-11T11:57:15Z | 2026-05-12T00:29:08Z | 2026-05-18T13:23:54Z | 2026-05-25T13:08:59Z | 2026-06-01T13:20:32Z | 2026-06-08T13:20:12Z"
"AR","Arkansas","90acb9c4-192e-452a-b7f9-78e70c35185e","Dean Dental Solutions","-92.23445476","34.79792941","dentist","general_dentistry | medical_service_organizations","2524 Crestwood Rd","North Little Rock","72116-7648","AR","US","+15017712911","info@deandentalsolutions.com","http://www.deandentalsolutions.com/","https://www.facebook.com/370335103314554","","0.9199122190475464","open","7","meta | Overture | Overture-signals","CDLA-Permissive-2.0","2026-04-27T00:00:00.000Z | 2026-06-11T11:57:15Z | 2026-05-12T00:29:08Z | 2026-05-18T13:23:54Z | 2026-05-25T13:08:59Z | 2026-06-01T13:20:32Z | 2026-06-08T13:20:12Z"
"AR","Arkansas","92a491cd-e291-4490-a601-7f8f60fe8d04","David Julian Bell","-93.0799833985512","34.1240907118729","dentist","","208 N 26th St Ste A","Arkadelphia","71923","AR","US","(870) 246-2583","","http://www.asbde.org/ddsroster/search.php","","","0.9199122190475464","open","4","Foursquare | Overture | Overture-signals","Apache-2.0 | CDLA-Permissive-2.0","2025-10-19T00:00:00.000 | 2026-06-11T11:57:15Z | 2026-05-12T00:29:08Z | 2026-05-18T13:23:54Z | 2026-05-25T13:08:59Z | 2026-06-01T13:20:32Z | 2026-06-08T13:20:12Z"
"AR","Arkansas","93000353-361d-444c-9fef-d4b69b2cc760","CWS Family Dentistry","-92.39855799","34.79100034","dentist","general_dentistry | medical_service_organizations","4200 N Rodney Parham Rd","Little Rock","72212-2458","AR","US","+15012284900","cwsxrays@gmail.com","https://cwsfamilydentistry.com/","https://www.facebook.com/430429493706447","","0.9199122190475464","open","8","meta | Overture | Overture-signals","CDLA-Permissive-2.0","2026-04-27T00:00:00.000Z | 2026-06-11T11:57:15Z | 2026-05-12T00:29:08Z | 2026-05-18T13:23:54Z | 2026-05-25T13:08:59Z | 2026-06-01T13:20:32Z | 2026-06-08T13:20:12Z"
"AR","Arkansas","93212c11-829b-45e8-a358-dc07f5c5090a","Little Rock ProDental","-92.464072","34.80819","dentist","cosmetic_dentist | health_and_medical","6020 Ranch Dr","Little Rock","72223-4635","AR","US","+15018681300","drjoebussell@gmail.com","http://www.littlerockprodental.com/","https://www.facebook.com/140359616033589","Little Rock ProDental","0.9864203929901123","","7","meta | Overture","CDLA-Permissive-2.0","2026-04-27T00:00:00.000Z | 2026-06-11T11:57:15Z"
"AR","Arkansas","934d7126-b391-4de3-8f6a-c81a416227d0","Michael Plyler, D.D.S., P.A.","-93.063756","34.454672","dentist","orthodontist | doctor","4039 Central Ave","Hot Springs National Park","71913-7208","AR","US","+15016237113","jmpdental@yahoo.com","http://hotspringsdentist.org/","https://www.facebook.com/185646938127352","","0.9721863269805908","open","7","meta | Overture | Overture-signals","CDLA-Permissive-2.0","2026-04-27T00:00:00.000Z | 2026-06-11T11:57:15Z | 2026-05-12T00:29:08Z"
"AR","Arkansas","93d233c5-b46a-42d3-8737-e3af52e1f637","Atkins Dental Clinic","-92.93725311","35.24598467","dentist","general_dentistry | cosmetic_dentist","406 N Church St","Atkins","72823-4149","AR","US","+14796621255","","https://mustachioeddds.com/","https://www.facebook.com/102749500139432","","0.9722161889076233","","10","meta | Overture","CDLA-Permissive-2.0","2026-04-27T00:00:00.000Z | 2026-06-11T11:57:15Z"
"AR","Arkansas","948b8fc5-086b-4204-97fc-813a9faeb6de","NWA OMS- Dr. Cross & Dr. Sharma","-94.15908302","36.11679732","dentist","doctor | oral_surgeon","163 W Van Asche Loop","Fayetteville","72703-4974","AR","US","+14799664004","info@nwaoms.com","http://www.nwaoms.com/","https://www.facebook.com/307250122708045","NWA OMS- Dr. Cross & Dr. Sharma","0.9199122190475464","open","9","meta | Overture | Overture-signals","CDLA-Permissive-2.0","2026-04-27T00:00:00.000Z | 2026-06-11T11:57:15Z | 2026-05-12T00:29:08Z | 2026-05-18T13:23:54Z | 2026-05-25T13:08:59Z | 2026-06-01T13:20:32Z | 2026-06-08T13:20:12Z"
"AR","Arkansas","94f01dc1-3de3-493e-a58f-b07049b0adb5","Robert Walton Bassham","-90.7863393622906","35.2321503819482","dentist","","669 Addison Dr","Wynne","72396","AR","US","(870) 238-7570","r.basshamdds@yahoo.com","http://www.demandforce.com/b/dr-robert-w-bassham-wynne","","","0.9199122190475464","open","4","Foursquare | Overture | Overture-signals","Apache-2.0 | CDLA-Permissive-2.0","2025-08-22T00:00:00.000 | 2026-06-11T11:57:15Z | 2026-05-12T00:29:08Z | 2026-05-18T13:23:54Z | 2026-05-25T13:08:59Z | 2026-06-01T13:20:32Z | 2026-06-08T13:20:12Z"
"AR","Arkansas","9509a980-aef3-4869-a1d6-d2dfab699108","Ralph a Teed PA","-91.26444577","35.60792329","dentist","general_dentistry | medical_service_organizations","1200 McLain St","Newport","72112-3550","AR","US","+18705236555","","http://www.teeddental.com","https://www.facebook.com/143189985761653","Teed Dental","0.9199122190475464","open","9","meta | Overture | Overture-signals","CDLA-Permissive-2.0","2026-04-27T00:00:00.000Z | 2026-06-11T11:57:15Z | 2026-05-12T00:29:08Z | 2026-05-18T13:23:54Z | 2026-05-25T13:08:59Z | 2026-06-01T13:20:32Z | 2026-06-08T13:20:12Z"
"AR","Arkansas","967fe391-7c98-4c81-a0ca-484f92fd285a","Sorrells III G w DDS","-90.18459681","35.15354061","dentist","health_and_medical | bar","623 Missouri St","West Memphis","72301","AR","US","+18707325100","","","https://www.facebook.com/160168947339888","","0.9199122190475464","open","6","meta | Overture | Overture-signals","CDLA-Permissive-2.0","2026-04-27T00:00:00.000Z | 2026-06-11T11:57:15Z | 2026-05-12T00:29:08Z | 2026-05-18T13:23:54Z | 2026-05-25T13:08:59Z | 2026-06-01T13:20:32Z | 2026-06-08T13:20:12Z"
"AR","Arkansas","96a2d8f7-bff7-4339-b5f8-32ab8e13df36","Prairie Grove Dental Center","-94.29707051","35.98726165","dentist","general_dentistry","1121 E Heritage Pkwy","Prairie Grove","72753","AR","US","+14794001117","smile@prairiegrovedental.com","https://prairiegrovedentalcenter.com/","https://www.facebook.com/103494391197679","","0.9199122190475464","open","8","meta | Overture | Overture-signals","CDLA-Permissive-2.0","2026-04-27T00:00:00.000Z | 2026-06-11T11:57:15Z | 2026-05-12T00:29:08Z | 2026-05-18T13:23:54Z | 2026-05-25T13:08:59Z | 2026-06-01T13:20:32Z | 2026-06-08T13:20:12Z"
"AR","Arkansas","96d88b39-7d8d-45e5-8bff-7600c56639e3","Greenway Dental Care","-94.1592676","36.11901345","dentist","general_dentistry","3732 N Investment Dr","Fayetteville","72703-5480","AR","US","+14795216292","info@greenwaydentalcare.com","http://www.greenwaydentalcare.com/","https://www.facebook.com/875320979177157","","0.9199122190475464","open","8","meta | Overture | Overture-signals","CDLA-Permissive-2.0","2026-04-27T00:00:00.000Z | 2026-06-11T11:57:15Z | 2026-05-12T00:29:08Z | 2026-05-18T13:23:54Z | 2026-05-25T13:08:59Z | 2026-06-01T13:20:32Z | 2026-06-08T13:20:12Z"
"AR","Arkansas","975e89e1-dca3-4429-b45c-404e2132523f","Ainley Alan Dr DDS","-90.502797","36.045583","dentist","doctor | health_and_medical","1300 Florence St","Paragould","72450-5508","AR","US","+18702393406","","","https://www.facebook.com/154834337889638","","0.7078801989555359","","8","meta | Overture","CDLA-Permissive-2.0","2026-04-27T00:00:00.000Z | 2026-06-11T11:57:15Z"
"AR","Arkansas","97dfe6c1-9a2e-4556-b919-afdc53b0fc95","Smile Dental","-92.4380533570296","34.8023833260384","dentist","","14810 Cantrell Rd Ste 150","Little Rock","72223","AR","US","(501) 673-3905","","http://www.smiledentalar.com","","","0.9199122190475464","open","4","Foursquare | Overture | Overture-signals","Apache-2.0 | CDLA-Permissive-2.0","2025-08-22T00:00:00.000 | 2026-06-11T11:57:15Z | 2026-05-12T00:29:08Z | 2026-05-18T13:23:54Z | 2026-05-25T13:08:59Z | 2026-06-01T13:20:32Z | 2026-06-08T13:20:12Z"
"AR","Arkansas","982ff4cb-c67f-4507-8389-cc1517f0d8ab","Kimberly E Petkovich Dds","-92.391308","36.342794","dentist","health_and_medical","500 Hospital Dr","MOUNTAIN HOME","72653","AR","US","8704259757","","","","","0.9199122190475464","open","4","Microsoft | Overture | Overture-signals","CDLA-Permissive-2.0","2025-07-25T00:47:00.233Z | 2026-06-11T11:57:15Z | 2026-05-12T00:29:08Z | 2026-05-18T13:23:54Z | 2026-05-25T13:08:59Z | 2026-06-01T13:20:32Z | 2026-06-08T13:20:12Z"
"AR","Arkansas","98b33fbe-d590-4969-ae25-465eab01c4a7","Daniel Bird DDS Family Dentistry","-90.1939771692314","35.1445881206547","dentist","","203 S Avalon St","West Memphis","72301","AR","US","(870) 732-2275","daragill@danielbirddds.com","http://www.danielbirddds.com","","","0.9199122190475464","open","4","Foursquare | Overture | Overture-signals","Apache-2.0 | CDLA-Permissive-2.0","2026-02-20T00:00:00.000 | 2026-06-11T11:57:15Z | 2026-05-12T00:29:08Z | 2026-05-18T13:23:54Z | 2026-05-25T13:08:59Z | 2026-06-01T13:20:32Z | 2026-06-08T13:20:12Z"
"AR","Arkansas","98cbd21d-c826-4fb7-be0d-007b442946b7","Keener & Keener","-93.10989718","36.23810616","dentist","health_and_medical | pediatric_dentist","824 N Spring St","Harrison","72601-2941","AR","US","+18707417320","","http://www.asbde.org/ddsroster/search.php","https://www.facebook.com/168507213163925","","0.9445812702178955","","7","meta | Overture","CDLA-Permissive-2.0","2026-04-27T00:00:00.000Z | 2026-06-11T11:57:15Z"
"AR","Arkansas","992b40d9-bdfb-4c18-b7ea-46533b73603f","William Darrel Fain","-93.3790975403936","33.7960866723044","dentist","","419 E 6th St S","Prescott","71857","AR","US","(870) 887-5051","","http://fainwdarreldds.placeweb.site","","","0.9199122190475464","open","4","Foursquare | Overture | Overture-signals","Apache-2.0 | CDLA-Permissive-2.0","2025-08-22T00:00:00.000 | 2026-06-11T11:57:15Z | 2026-05-12T00:29:08Z | 2026-05-18T13:23:54Z | 2026-05-25T13:08:59Z | 2026-06-01T13:20:32Z | 2026-06-08T13:20:12Z"
"AR","Arkansas","9954eb10-d5cc-4bc0-a7a0-9607e739a09e","Dr. Clayton Craig","-94.04075099","35.29758028","dentist","","16 Church St","Charleston","72933-9190","AR","US","+14799652291","","http://www.ftsmithdentistry.com/","https://www.facebook.com/629435674205417","Fort Smith Dentistry","0.9199122190475464","open","8","meta | Overture | Overture-signals","CDLA-Permissive-2.0","2026-04-27T00:00:00.000Z | 2026-06-11T11:57:15Z | 2026-05-12T00:29:08Z | 2026-05-18T13:23:54Z | 2026-05-25T13:08:59Z | 2026-06-01T13:20:32Z | 2026-06-08T13:20:12Z"
"AR","Arkansas","99595749-4b1a-4aea-aa40-f4fa79d5ec53","New Smile Dental","-94.41056503","35.37347164","dentist","health_and_medical","1021 S 21st St","Fort Smith","72901-4007","AR","US","+14794344277","office@newsmiledds.com","https://www.newsmiledds.com/","https://www.facebook.com/140234916027742","","0.9199122190475464","open","7","meta | Overture | Overture-signals","CDLA-Permissive-2.0","2026-04-27T00:00:00.000Z | 2026-06-11T11:57:15Z | 2026-05-12T00:29:08Z | 2026-05-18T13:23:54Z | 2026-05-25T13:08:59Z | 2026-06-01T13:20:32Z | 2026-06-08T13:20:12Z"
"AR","Arkansas","998c737f-e501-49b4-9dfa-ab049bd85af9","Skinner Family Dentistry","-92.22865972","34.83254037","dentist","general_dentistry | doctor","312 E Kiehl Ave","Sherwood","72120-2922","AR","US","+15019922020","","http://www.skinnerfamilydentistry.com/","https://www.facebook.com/191879857498117","","0.9199122190475464","open","9","meta | Overture | Overture-signals","CDLA-Permissive-2.0","2026-04-27T00:00:00.000Z | 2026-06-11T11:57:15Z | 2026-05-12T00:29:08Z | 2026-05-18T13:23:54Z | 2026-05-25T13:08:59Z | 2026-06-01T13:20:32Z | 2026-06-08T13:20:12Z"
"AR","Arkansas","999d34c2-8d95-4488-9b23-f2178b72243f","King Family Dental Care","-92.49860825","35.08408014","dentist","general_dentistry | doctor","405 Hogan Ln","Conway","72034-8202","AR","US","+15013360300","","http://www.kingfamilydental.com/","https://www.facebook.com/187766188080702","King Family Dental Care","0.9199122190475464","open","8","meta | Overture | Overture-signals","CDLA-Permissive-2.0","2026-04-27T00:00:00.000Z | 2026-06-11T11:57:15Z | 2026-05-12T00:29:08Z | 2026-05-18T13:23:54Z | 2026-05-25T13:08:59Z | 2026-06-01T13:20:32Z | 2026-06-08T13:20:12Z"
"AR","Arkansas","9bea2e90-4b5b-4ef4-830a-6becc203d820","Dee Tucker","-92.40253453","34.30473592","dentist","health_and_medical | bar","211 W Holly St","Sheridan","72150-2425","AR","US","+18709423911","","","https://www.facebook.com/165857440107407","","0.7220999002456665","","1","meta | Overture","CDLA-Permissive-2.0","2026-04-27T00:00:00.000Z | 2026-06-11T11:57:15Z"
"AR","Arkansas","9c004129-b2c2-4a63-a5d3-61ff7a165720","Jessica Sliger, DDS","-94.1872051615491","36.3713850072013","dentist","","1909 E Central Ave","Bentonville","72712","AR","US","(479) 273-9302","myvillage@rockdentalbrands.com","http://www.myvillagesmiles.com/office-info/about-our-doctors","https://www.facebook.com/354170104620473","","0.9199122190475464","open","4","Foursquare | Overture | Overture-signals","Apache-2.0 | CDLA-Permissive-2.0","2020-10-09T00:00:00.000 | 2026-06-11T11:57:15Z | 2026-05-12T00:29:08Z | 2026-05-18T13:23:54Z | 2026-05-25T13:08:59Z | 2026-06-01T13:20:32Z | 2026-06-08T13:20:12Z"
"AR","Arkansas","9c2de270-0ba8-4f5b-9d53-24f6f7744563","Mark Risinger, DMD.","-92.67309192","33.21507698","dentist","general_dentistry | doctor","800 Mt Holly Rd","El Dorado","71730-4542","AR","US","+18708628090","","","https://www.facebook.com/158726060844857","","0.8964341282844543","","2","meta | Overture","CDLA-Permissive-2.0","2026-04-27T00:00:00.000Z | 2026-06-11T11:57:15Z"
"AR","Arkansas","9ce784f8-9faa-4313-8a47-9366e3eb192f","Varner Family Dentistry","-94.16310936","36.28618665","dentist","general_dentistry","3612 W Southern Hills Blvd","Rogers","72758-8231","AR","US","+14796363121","","http://www.varnerdentistry.com","https://www.facebook.com/101210969147256","","0.9199122190475464","open","8","meta | Overture | Overture-signals","CDLA-Permissive-2.0","2026-04-27T00:00:00.000Z | 2026-06-11T11:57:15Z | 2026-05-12T00:29:08Z | 2026-05-18T13:23:54Z | 2026-05-25T13:08:59Z | 2026-06-01T13:20:32Z | 2026-06-08T13:20:12Z"
"AR","Arkansas","9d00693a-fd1a-41cb-b1cc-0836aa2c90b2","Arkansas Dental Clinic","-90.66949419","35.82473427","dentist","","1699 Red Wolf Blvd","Jonesboro","72401-5442","AR","US","+18703360543","misty.may76@yahoo.com","https://www.sandlindental.com/","https://www.facebook.com/403283292877649","Arkansas Dental Clinic","0.9902192950248718","open","10","meta | Overture | Overture-signals","CDLA-Permissive-2.0","2026-04-27T00:00:00.000Z | 2026-06-11T11:57:15Z | 2026-05-12T00:29:08Z | 2026-05-18T13:23:54Z | 2026-05-25T13:08:59Z | 2026-06-01T13:20:32Z | 2026-06-08T13:20:12Z"
"AR","Arkansas","9d297cd6-d179-4975-848a-6d9bd2e2f674","Dallas Street Dental","-94.34363213","35.35396","dentist","general_dentistry | cosmetic_dentist","8020 Dallas St","Fort Smith","72903-4277","AR","US","+14794526600","info@dsd.live","https://pay.withcherry.com/dallasstreetdental","https://www.facebook.com/119825537100","","0.9199122190475464","open","8","meta | Overture | Overture-signals","CDLA-Permissive-2.0","2026-04-27T00:00:00.000Z | 2026-06-11T11:57:15Z | 2026-05-12T00:29:08Z | 2026-05-18T13:23:54Z | 2026-05-25T13:08:59Z | 2026-06-01T13:20:32Z | 2026-06-08T13:20:12Z"
"AR","Arkansas","9dd0485b-b717-4e33-9e86-44c221692e99","Aspen Dental","-92.228237","34.791832","dentist","","3913 McCain Blvd, STE C","North Little Rock","72116","AR","US","","","https://www.aspendental.com/dentist/ar/north-little-rock/3913-mccain-blvd-ste-c/","","Aspen Dental","0.8","","2","AllThePlaces | Overture","CC0-1.0 | CDLA-Permissive-2.0","2026-06-02T15:18:54.000Z | 2026-06-11T11:57:15Z"
"AR","Arkansas","9e8ed003-6428-44e0-8de5-a28c61ba71b5","Dr. Zachary Wallace","-93.12516924","36.2509361","dentist","periodontist","127 Industrial Park Rd","Harrison","72601-2205","AR","US","+18707412808","info@wallacefamilydental.com","http://www.wallacefamilydental.com/","https://www.facebook.com/2003058463293420","","0.989985466003418","","2","meta | Overture","CDLA-Permissive-2.0","2026-04-27T00:00:00.000Z | 2026-06-11T11:57:15Z"
"AR","Arkansas","9f431578-0f67-4675-8757-b3a7b184d1ed","Paul w Hance PA","-91.63678375","35.7691306","dentist","general_dentistry","1025 Sidney St","Batesville","72501-7230","AR","US","+18706982121","phancedental@hotmail.com","","https://www.facebook.com/1541137696114761","","0.9199122190475464","open","7","meta | Overture | Overture-signals","CDLA-Permissive-2.0","2026-04-27T00:00:00.000Z | 2026-06-11T11:57:15Z | 2026-05-12T00:29:08Z | 2026-05-18T13:23:54Z | 2026-05-25T13:08:59Z | 2026-06-01T13:20:32Z | 2026-06-08T13:20:12Z"
"AR","Arkansas","a01aa0cf-9691-460c-bc55-d31b400bed64","Dr. Ellen Turney's Dental Clinic","-92.43051723","35.11061105","dentist","general_dentistry","201 Skyline Dr","Conway","72032-3500","AR","US","+15013293598","info@conwaydentistry.com","http://www.conwaydentistry.com/","https://www.facebook.com/138579526184677","","0.9859068393707275","","1","meta | Overture","CDLA-Permissive-2.0","2026-04-27T00:00:00.000Z | 2026-06-11T11:57:15Z"
"AR","Arkansas","a0d55292-c54b-4784-bd28-f5748d890b5c","MC Smiles - Michael Cooper DDS, Lance Lawrence DDS","-93.16494655","35.28585857","dentist","general_dentistry | cosmetic_dentist","110 S Inglewood Ave","Russellville","72801-3353","AR","US","+14799684477","care@mcsmiles.com","http://www.mcsmiles.com/","https://www.facebook.com/157562760960020","","0.9722161889076233","","8","meta | Overture","CDLA-Permissive-2.0","2026-04-27T00:00:00.000Z | 2026-06-11T11:57:15Z"
"AR","Arkansas","a0e9c122-c2c5-4e53-a2f6-dcdf1f59ee07","Seddens Kevin B DDS & Associates","-94.0285877034668","33.4202164806568","dentist","","1401 Dudley St","Texarkana","71854","AR","US","(870) 773-2095","","http://www.seddensdentistry.com","https://www.facebook.com/168778239804811","","0.77","","5","Foursquare | Overture","Apache-2.0 | CDLA-Permissive-2.0","2025-08-19T00:00:00.000 | 2026-06-11T11:57:15Z"
"AR","Arkansas","a0f0f3c7-72ad-4f0c-b7c5-11e237ca0429","Efird Family Dental","-92.81208498","34.36351545","dentist","general_dentistry | medical_service_organizations","306 Ash St","Malvern","72104-3918","AR","US","+15013324979","efirdfamilydental@gmail.com","http://www.efirdfamilydental.com/","https://www.facebook.com/173294472713402","","0.9199122190475464","open","10","meta | Overture | Overture-signals","CDLA-Permissive-2.0","2026-04-27T00:00:00.000Z | 2026-06-11T11:57:15Z | 2026-05-12T00:29:08Z | 2026-05-18T13:23:54Z | 2026-05-25T13:08:59Z | 2026-06-01T13:20:32Z | 2026-06-08T13:20:12Z"
"AR","Arkansas","a1281460-175b-4b22-b558-7687c5c3cab0","Morrilton Family Dental","-92.71884355","35.1678763","dentist","general_dentistry","9 Medical Services Dr","Morrilton","72110-4528","AR","US","+15013548800","weggart@gmail.com","http://www.morriltonfamilydental.com","https://www.facebook.com/213568025334863","","0.9199122190475464","open","11","meta | Overture | Overture-signals","CDLA-Permissive-2.0","2026-04-27T00:00:00.000Z | 2026-06-11T11:57:15Z | 2026-05-12T00:29:08Z | 2026-05-18T13:23:54Z | 2026-05-25T13:08:59Z | 2026-06-01T13:20:32Z | 2026-06-08T13:20:12Z"
"AR","Arkansas","a12f86a8-5425-44d1-87a2-1fd79857b379","Dr. Michael Williams D.D.S.","-89.90454762","35.9324302","dentist","general_dentistry","525 N 2nd St","Blytheville","72315-2101","AR","US","+18707638323","","","https://www.facebook.com/147707631917382","","0.9199122190475464","open","7","meta | Overture | Overture-signals","CDLA-Permissive-2.0","2026-04-27T00:00:00.000Z | 2026-06-11T11:57:15Z | 2026-05-12T00:29:08Z | 2026-05-18T13:23:54Z | 2026-05-25T13:08:59Z | 2026-06-01T13:20:32Z | 2026-06-08T13:20:12Z"
