"state_code","state","id","name","longitude","latitude","primary_category","alternate_categories","address","locality","postcode","region","country","phones","emails","websites","socials","brand","confidence","operating_status","version","source_datasets","source_licenses","source_update_times"
"CT","Connecticut","001ffeca-1292-4e28-adf0-2447727125eb","Signature Smiles Family and Implant Dentistry","-72.53195324","41.78266461","dentist","orthodontist | medical_service_organizations","165 Middle Tpke W","Manchester","06040-4024","CT","US","+18606441095","signaturesmilesct@gmail.com","http://signaturesmilesct.com/","https://www.facebook.com/741802115945610","Signature Smiles Family Dentistry","0.9199122190475464","open","9","meta | Overture | Overture-signals","CDLA-Permissive-2.0","2026-04-27T00:00:00.000Z | 2026-06-11T11:57:15Z | 2026-05-12T00:29:08Z | 2026-05-18T13:23:54Z | 2026-05-25T13:08:59Z | 2026-06-01T13:20:32Z | 2026-06-08T13:20:12Z"
"CT","Connecticut","002cf134-7685-465f-8577-b06ebdb8c9c9","Crest Family Dental","-72.68157994","41.75436637","dentist","general_dentistry | health_and_medical","85 Seymour St","Hartford","06106","CT","US","+18609680259","crestfamilydental@gmail.com","http://www.crestfamilydental.com/","https://www.facebook.com/711495452247287","","0.9199122190475464","open","8","meta | Overture | Overture-signals","CDLA-Permissive-2.0","2026-04-27T00:00:00.000Z | 2026-06-11T11:57:15Z | 2026-05-12T00:29:08Z | 2026-05-18T13:23:54Z | 2026-05-25T13:08:59Z | 2026-06-01T13:20:32Z | 2026-06-08T13:20:12Z"
"CT","Connecticut","00454bd6-ddc9-47d6-a33f-dc9b55c3db83","Pearl Dental","-73.5405032","41.06064576","dentist","general_dentistry | health_and_medical","1055 Summer St","Stamford","06905-5527","CT","US","+12032522000","pearldentalstamforddg@gmail.com","https://www.pearlcares.com/","https://www.facebook.com/502883443132472","Pearl Dental","0.9902192950248718","open","9","meta | Overture | Overture-signals","CDLA-Permissive-2.0","2026-04-27T00:00:00.000Z | 2026-06-11T11:57:15Z | 2026-05-12T00:29:08Z | 2026-05-18T13:23:54Z | 2026-05-25T13:08:59Z | 2026-06-01T13:20:32Z | 2026-06-08T13:20:12Z"
"CT","Connecticut","00600855-2c25-4a56-b8e4-ddfea255a252","Connecticut Family Dental Group","-72.68193556","41.66040821","dentist","general_dentistry","88 New Britain Ave","Rocky Hill","06067-5101","CT","US","+18607565423","mailbox@ctfamilydentalgroup.com","https://dentist-rocky-hill.com/","https://www.facebook.com/250408128386065","","0.9902192950248718","open","8","meta | Overture | Overture-signals","CDLA-Permissive-2.0","2026-04-27T00:00:00.000Z | 2026-06-11T11:57:15Z | 2026-05-12T00:29:08Z | 2026-05-18T13:23:54Z | 2026-05-25T13:08:59Z | 2026-06-01T13:20:32Z | 2026-06-08T13:20:12Z"
"CT","Connecticut","00745147-2af4-49ff-9fc4-60a66260e748","Jordan Dental Health Group","-72.6489136467191","41.8526671189073","dentist","","106 Bloomfield Ave","Windsor","06095","CT","US","(860) 688-2679","dr@drlisajordan.com","https://www.drlisajordan.com","https://www.twitter.com/drlisajordan","","0.9199122190475464","open","4","Foursquare | Overture | Overture-signals","Apache-2.0 | CDLA-Permissive-2.0","2020-09-22T00:00:00.000 | 2026-06-11T11:57:15Z | 2026-05-12T00:29:08Z | 2026-05-18T13:23:54Z | 2026-05-25T13:08:59Z | 2026-06-01T13:20:32Z | 2026-06-08T13:20:12Z"
"CT","Connecticut","00bc620c-ac2b-4854-bdb4-2d3482746f9e","Gletzakos, Peter, DDS - Portland Dental Care LLC","-72.651214","41.563114","dentist","","547 Main St Ste 102","Middletown","06457","CT","US","(860) 346-3081","","https://www.drpetedental.com","","","0.9199122190475464","open","4","Foursquare | Overture | Overture-signals","Apache-2.0 | CDLA-Permissive-2.0","2025-08-22T00:00:00.000 | 2026-06-11T11:57:15Z | 2026-05-12T00:29:08Z | 2026-05-18T13:23:54Z | 2026-05-25T13:08:59Z | 2026-06-01T13:20:32Z | 2026-06-08T13:20:12Z"
"CT","Connecticut","01827139-9a32-49a1-990c-f669e7fbe620","Dental/Medical Office for Rent","-73.064996","41.397803","dentist","health_and_medical","56 Garden St","Seymour","06483-2974","CT","US","","ctdentaloffice@gmail.com","","https://www.facebook.com/244438612336514","","0.7367302179336548","","8","meta | Overture","CDLA-Permissive-2.0","2026-04-27T00:00:00.000Z | 2026-06-11T11:57:15Z"
"CT","Connecticut","0183c879-061f-41c7-bc53-b08af0ae6895","All-on-4 Dental Implants Stamford CT","-73.548673","41.100374","dentist","","838 High Ridge Rd","Stamford","06905-1910","CT","US","+18332330203","","https://dentalimplantsstamford.com/","https://www.facebook.com/108722345628677","","0.7404585480690002","","7","meta | Overture","CDLA-Permissive-2.0","2026-04-27T00:00:00.000Z | 2026-06-11T11:57:15Z"
"CT","Connecticut","01b92b29-c0aa-4bc3-8f19-5351356eea73","Alan P. Friedler DMD, PC","-72.67597","41.28742","dentist","health_and_medical","588 Boston Post Rd","Madison","06443","CT","US","2032457575","","http://www.greatamericansmile.com/","","","0.85","","7","Microsoft | Overture","CDLA-Permissive-2.0","2018-11-20T16:15:56.430Z | 2026-06-11T11:57:15Z"
"CT","Connecticut","01f17b3a-a362-4517-ab03-4424fe09db45","Fairfield Cosmetic & General Dentistry","-73.25475257","41.1426799","dentist","cosmetic_dentist | general_dentistry","1275 Post Rd","Fairfield","06824-6015","CT","US","+12035761918","fcgd1275@gmail.com","https://fairfield-dentistry.com/","https://www.facebook.com/232857576587181","","0.6999030709266663","","10","meta | Overture","CDLA-Permissive-2.0","2026-04-27T00:00:00.000Z | 2026-06-11T11:57:15Z"
"CT","Connecticut","023040ef-e637-44b9-852a-b6bd93e177e2","Goldberg Lloyd DDS","-73.4073995008558","41.1098267101117","dentist","","160 East Ave","Norwalk","06851","CT","US","(203) 838-3161","","http://www.lloydgoldbergdds.com","","","0.9199122190475464","open","4","Foursquare | Overture | Overture-signals","Apache-2.0 | CDLA-Permissive-2.0","2026-02-18T00:00:00.000 | 2026-06-11T11:57:15Z | 2026-05-12T00:29:08Z | 2026-05-18T13:23:54Z | 2026-05-25T13:08:59Z | 2026-06-01T13:20:32Z | 2026-06-08T13:20:12Z"
"CT","Connecticut","0294ee95-c211-44d1-b1ef-813370969167","Dental Center of Westport","-73.360623","41.146324","dentist","cosmetic_dentist | medical_service_organizations","175 Post Rd E","Westport","06880-3415","CT","US","+12032278700","care@dentalcenterwestport.com","https://www.dentalcenterwestport.com/","https://www.facebook.com/572935839484965","","0.9819520115852356","","7","meta | Overture","CDLA-Permissive-2.0","2026-04-27T00:00:00.000Z | 2026-06-11T11:57:15Z"
"CT","Connecticut","02c25a2e-6c01-4eac-9b52-4a296f76e0ba","Benjamin H. Waldman, DDS, FAGD","-73.41745811","41.55353236","dentist","general_dentistry","146 Danbury Rd","New Milford","06776-3427","CT","US","+18603543924","","https://thenewmilforddentist.com/","https://www.facebook.com/308102952396408","Benjamin H. Waldman, DDS, FAGD","0.9199122190475464","open","9","meta | Overture | Overture-signals","CDLA-Permissive-2.0","2026-04-27T00:00:00.000Z | 2026-06-11T11:57:15Z | 2026-05-12T00:29:08Z | 2026-05-18T13:23:54Z | 2026-05-25T13:08:59Z | 2026-06-01T13:20:32Z | 2026-06-08T13:20:12Z"
"CT","Connecticut","03b0737e-b3bb-4b70-bc49-541894157f7e","Amity Family Dental","-72.97784091","41.33595653","dentist","general_dentistry | health_and_medical","59 Amity Rd","New Haven","06515","CT","US","+12033891617","","http://www.amityfamilydental.com/","https://www.facebook.com/154833521218997","","0.9199122190475464","open","8","meta | Overture | Overture-signals","CDLA-Permissive-2.0","2026-04-27T00:00:00.000Z | 2026-06-11T11:57:15Z | 2026-05-12T00:29:08Z | 2026-05-18T13:23:54Z | 2026-05-25T13:08:59Z | 2026-06-01T13:20:32Z | 2026-06-08T13:20:12Z"
"CT","Connecticut","03c1a2b7-fa15-4bea-8474-1dd716066d97","Dental & Vision Associates","-72.69356793","41.71776543","dentist","general_dentistry | optometrist","1402 Berlin Tpke","Wethersfield","06109-1010","CT","US","+18609561396","dentalandvision1402@gmail.com","https://www.dentalandvisionassoc.com","https://www.facebook.com/214615268553673","","0.9902192950248718","open","9","meta | Overture | Overture-signals","CDLA-Permissive-2.0","2026-04-27T00:00:00.000Z | 2026-06-11T11:57:15Z | 2026-05-12T00:29:08Z | 2026-05-18T13:23:54Z | 2026-05-25T13:08:59Z | 2026-06-01T13:20:32Z | 2026-06-08T13:20:12Z"
"CT","Connecticut","03c8c098-b6f5-4fa5-aac8-20f8ab9b1632","Prezioso Dental","-72.9059828","41.42414878","dentist","general_dentistry","3584 Whitney Ave","Hamden","06518-1971","CT","US","+12032811233","","http://www.prezidental.com","https://www.facebook.com/105977522427886","","0.9199122190475464","open","8","meta | Overture | Overture-signals","CDLA-Permissive-2.0","2026-04-27T00:00:00.000Z | 2026-06-11T11:57:15Z | 2026-05-12T00:29:08Z | 2026-05-18T13:23:54Z | 2026-05-25T13:08:59Z | 2026-06-01T13:20:32Z | 2026-06-08T13:20:12Z"
"CT","Connecticut","03ff7f72-20ff-4b01-87a8-1a5ffaa94c43","Hilltop Dental Associates","-73.44980251","41.41466956","dentist","general_dentistry","2 Glen Hill Rd","Danbury","06811-4906","CT","US","+12037979392","hilltopdentaloffice1@gmail.com","http://www.hilltopdanbury.com/","https://www.facebook.com/131489416953114","","0.9989427357912064","","9","meta | Overture","CDLA-Permissive-2.0","2026-04-27T00:00:00.000Z | 2026-06-11T11:57:15Z"
"CT","Connecticut","04136b2d-b51a-4989-8087-3e7ce03f38ae","Gentle Dental Care - Dr. Thomas Peltzer","-72.8618597663207","41.6681713469045","dentist","","87 East St","Plainville","06062","CT","US","(860) 479-2397","gentledentalcare@snet.net","http://www.connecticutsedationdentist.com","https://www.facebook.com/121988071209983","","0.77","","5","Foursquare | Overture","Apache-2.0 | CDLA-Permissive-2.0","2025-08-22T00:00:00.000 | 2026-06-11T11:57:15Z"
"CT","Connecticut","0422ba3f-9e79-4b34-9bac-fe72e7a94c0e","Stafford Dental Associates","-72.32922364","41.96602707","dentist","general_dentistry","72 W Stafford Rd","Stafford","06076-1000","CT","US","+18606845296","stafforddentalassoc@gmail.com","http://stafforddentalassociates.com/","https://www.facebook.com/376862562399809","","0.9978467166423798","","9","meta | Overture","CDLA-Permissive-2.0","2026-04-27T00:00:00.000Z | 2026-06-11T11:57:15Z"
"CT","Connecticut","04885d66-effb-4d76-a90f-3dcb7629b4ba","West Ave Dental","-73.4165711954087","41.1122806346821","dentist","","520 West Ave","Norwalk","06850","CT","US","(203) 939-1460","westavedentalmanager@gmail.com","http://westavenuedental.com","","","0.9199122190475464","open","5","Foursquare | Overture | Overture-signals","Apache-2.0 | CDLA-Permissive-2.0","2025-04-23T00:00:00.000 | 2026-06-11T11:57:15Z | 2026-05-12T00:29:08Z | 2026-05-18T13:23:54Z | 2026-05-25T13:08:59Z | 2026-06-01T13:20:32Z | 2026-06-08T13:20:12Z"
"CT","Connecticut","04dfc493-99c6-4aeb-9508-46314c449aa5","My Creative Dentist","-73.59858306","41.0379531","dentist","general_dentistry | pediatric_dentist","211 E Putnam Ave","Greenwich","06807-2734","CT","US","+12038692884","mygreenwichdentist@gmail.com","https://www.dentist-greenwich.com/index.html","https://www.facebook.com/413155935442954","","0.9199122190475464","open","9","meta | Overture | Overture-signals","CDLA-Permissive-2.0","2026-04-27T00:00:00.000Z | 2026-06-11T11:57:15Z | 2026-05-12T00:29:08Z | 2026-05-18T13:23:54Z | 2026-05-25T13:08:59Z | 2026-06-01T13:20:32Z | 2026-06-08T13:20:12Z"
"CT","Connecticut","05150191-ea12-41bf-8f19-a65fb1a3555e","Michael R. Ellis, DMD","-72.91720919","41.69269316","dentist","general_dentistry | doctor","789 Farmington Ave","Bristol","06010-3919","CT","US","+18605836056","info@michaelellisdental.com","http://www.michaelellisdental.com","https://www.facebook.com/1171049999707845","","0.9199122190475464","open","8","meta | Overture | Overture-signals","CDLA-Permissive-2.0","2026-04-27T00:00:00.000Z | 2026-06-11T11:57:15Z | 2026-05-12T00:29:08Z | 2026-05-18T13:23:54Z | 2026-05-25T13:08:59Z | 2026-06-01T13:20:32Z | 2026-06-08T13:20:12Z"
"CT","Connecticut","05164eeb-736a-4b2b-911a-92d98de6f7cf","Veneers Dentist in Stamford, CT","-73.5338893532753","41.0613845587927","dentist","","44 Strawberry Hill Ave Ste 1","Stamford","06902","CT","US","(203) 504-8745","","https://www.stamforddentalarts.com/dental-veneers","https://www.twitter.com/stamfordentists","","0.77","","5","Foursquare | Overture","Apache-2.0 | CDLA-Permissive-2.0","2025-01-02T00:00:00.000 | 2026-06-11T11:57:15Z"
"CT","Connecticut","052736d2-4ca9-4937-a9d3-b8cbacb1a55f","TMD & Sleep Center","-73.08919071","41.32096794","dentist","general_dentistry | medical_service_organizations","61 Elizabeth St","Derby","06418-1825","CT","US","+12037341626","","https://sofferman-sleep-solutions.hub.biz/","https://www.facebook.com/558131304273287","","0.9199122190475464","open","7","meta | Overture | Overture-signals","CDLA-Permissive-2.0","2026-04-27T00:00:00.000Z | 2026-06-11T11:57:15Z | 2026-05-12T00:29:08Z | 2026-05-18T13:23:54Z | 2026-05-25T13:08:59Z | 2026-06-01T13:20:32Z | 2026-06-08T13:20:12Z"
"CT","Connecticut","0581a838-6f9b-4919-b8f6-2ca9a77f32f7","Alicia C. Almeida","-73.05446208","41.49295485","dentist","health_and_medical | family_practice","305 Church St","Naugatuck","06770-2836","CT","US","+12037295741","smiles@dralmeida.net","http://www.dralmeida.net/","https://www.facebook.com/211927286023344","","0.9199122190475464","open","7","meta | Overture | Overture-signals","CDLA-Permissive-2.0","2026-04-27T00:00:00.000Z | 2026-06-11T11:57:15Z | 2026-05-12T00:29:08Z | 2026-05-18T13:23:54Z | 2026-05-25T13:08:59Z | 2026-06-01T13:20:32Z | 2026-06-08T13:20:12Z"
"CT","Connecticut","05825b22-55e3-43cd-8e3f-0e93f57b3afd","Family and Esthetic Dentistry of Hamden","-72.91361549","41.37965877","dentist","medical_service_organizations | health_and_medical","2559 Dixwell Ave","Hamden","06514-1809","CT","US","+12032480072","contact@hamdendentistry.com","http://www.hamdendentistry.com","https://www.facebook.com/117481834939041","","0.9199122190475464","open","7","meta | Overture | Overture-signals","CDLA-Permissive-2.0","2026-04-27T00:00:00.000Z | 2026-06-11T11:57:15Z | 2026-05-12T00:29:08Z | 2026-05-18T13:23:54Z | 2026-05-25T13:08:59Z | 2026-06-01T13:20:32Z | 2026-06-08T13:20:12Z"
"CT","Connecticut","0583004e-ae2f-427e-b179-6c983f308c98","Soams Dental Care","-73.4989762","41.3891414","dentist","","39 Mill Plain Rd","Danbury","06811","CT","US","(203) 743-1972","kemigerfen@comcast.net","https://www.soamsdental.com","https://www.twitter.com/soamsdental | https://www.facebook.com/116341555092315","","0.77","","6","Foursquare | Overture","Apache-2.0 | CDLA-Permissive-2.0","2025-10-16T00:00:00.000 | 2026-06-11T11:57:15Z"
"CT","Connecticut","05a5e3d6-56c8-4ed5-8587-9dd9255a7f6a","Benusis Amy DMD","-73.45659109","41.39200119","dentist","general_dentistry | health_and_medical","68 West St","Danbury","06810-6531","CT","US","+12037441712","","","https://www.facebook.com/168857053130552","","0.5707013607025146","","2","meta | Overture","CDLA-Permissive-2.0","2026-04-27T00:00:00.000Z | 2026-06-11T11:57:15Z"
"CT","Connecticut","05c3e84c-2165-44c4-99e4-a257fb5998e7","Lighthouse Dental Care","-73.10144882","41.24335681","dentist","general_dentistry | medical_service_organizations","88 Ryders Ln","Stratford","06614-1666","CT","US","+12033085751","lighthouseofc@dentalcarealliance.com","https://www.dentiststratfordct.com/","https://www.facebook.com/355888977884316","","0.9722161889076233","","8","meta | Overture","CDLA-Permissive-2.0","2026-04-27T00:00:00.000Z | 2026-06-11T11:57:15Z"
"CT","Connecticut","05d9e196-82f7-4080-92a0-89754082ee67","Advanced Dental Center","-73.42516911","41.14989871","dentist","general_dentistry | health_and_medical","454 Main Ave","Norwalk","06851-1063","CT","US","+12033645084","drsmilect@gmail.com","https://www.smilenorwalk.com/","https://www.facebook.com/227695677771547","Advanced Dental Center, PC","0.9902192950248718","open","9","meta | Overture | Overture-signals","CDLA-Permissive-2.0","2026-04-27T00:00:00.000Z | 2026-06-11T11:57:15Z | 2026-05-12T00:29:08Z | 2026-05-18T13:23:54Z | 2026-05-25T13:08:59Z | 2026-06-01T13:20:32Z | 2026-06-08T13:20:12Z"
"CT","Connecticut","05f85a28-7ef1-44a8-b971-aae7e1954646","Oms Associates PC","-73.1094210356763","41.8081983646495","dentist","","1 Torrington Office Plz Ste 103","Torrington","06790","CT","US","(860) 482-5779","","http://www.omsassoc.com/torrington-office","","","0.9199122190475464","open","4","Foursquare | Overture | Overture-signals","Apache-2.0 | CDLA-Permissive-2.0","2025-08-19T00:00:00.000 | 2026-06-11T11:57:15Z | 2026-05-12T00:29:08Z | 2026-05-18T13:23:54Z | 2026-05-25T13:08:59Z | 2026-06-01T13:20:32Z | 2026-06-08T13:20:12Z"
"CT","Connecticut","062569f3-d94e-4827-ac96-341c8b287319","DeMartin Dental Associates","-73.25840194","41.13974417","dentist","general_dentistry | health_and_medical","69 Sherman St","Fairfield","06824-5870","CT","US","+12032550468","demartindental@sbcglobal.net","https://www.demartindental.com/","https://www.facebook.com/102237189094145","Demartin Dental Associates PC","0.9949059307575225","","9","meta | Overture","CDLA-Permissive-2.0","2026-04-27T00:00:00.000Z | 2026-06-11T11:57:15Z"
"CT","Connecticut","062a44fb-e449-458f-b270-5155ca0af459","CTSmiles.com","-73.0484658123487","41.2287299801229","dentist","","203 Cherry St","Milford","06460","CT","US","(203) 876-9887","","http://www.ctsmiles.com","","","0.9199122190475464","open","4","Foursquare | Overture | Overture-signals","Apache-2.0 | CDLA-Permissive-2.0","2025-08-19T00:00:00.000 | 2026-06-11T11:57:15Z | 2026-05-12T00:29:08Z | 2026-05-18T13:23:54Z | 2026-05-25T13:08:59Z | 2026-06-01T13:20:32Z | 2026-06-08T13:20:12Z"
"CT","Connecticut","069f0bea-9904-45ec-b1a7-83f975baaaba","Dr. Dental","-72.49855571","41.82827449","dentist","general_dentistry | orthodontist","35 Talcottville Rd","Vernon","06066-5261","CT","US","+18608969000","vernonfd@mydrdental.com","http://mydrdental.com/","https://www.facebook.com/109566991528302","Dr Dental","0.9902192950248718","open","8","meta | Overture | Overture-signals","CDLA-Permissive-2.0","2026-04-27T00:00:00.000Z | 2026-06-11T11:57:15Z | 2026-05-12T00:29:08Z | 2026-05-18T13:23:54Z | 2026-05-25T13:08:59Z | 2026-06-01T13:20:32Z | 2026-06-08T13:20:12Z"
"CT","Connecticut","06e4370e-9500-4a2b-8adf-f49c54aeef07","West Hartford Family Dentistry","-72.7461969406852","41.7853453514435","dentist","","342 N Main St","West Hartford","06117","CT","US","(860) 233-0552","info@whfdentistry.com","http://www.whfdentistry.com","https://www.facebook.com/154412254596624","","0.77","","6","Foursquare | Overture","Apache-2.0 | CDLA-Permissive-2.0","2025-08-22T00:00:00.000 | 2026-06-11T11:57:15Z"
"CT","Connecticut","073e475d-0ff1-4643-8429-80a1a8072562","Pamela Susan Brown","-72.6999965300283","41.2953831587046","dentist","","1575 Boston Post Rd Ste B","Guilford","06437","CT","US","(203) 453-9601","","http://www.2yournewhavendentist.com","","","0.9199122190475464","open","4","Foursquare | Overture | Overture-signals","Apache-2.0 | CDLA-Permissive-2.0","2025-08-22T00:00:00.000 | 2026-06-11T11:57:15Z | 2026-05-12T00:29:08Z | 2026-05-18T13:23:54Z | 2026-05-25T13:08:59Z | 2026-06-01T13:20:32Z | 2026-06-08T13:20:12Z"
"CT","Connecticut","07c7b5a4-a204-4c91-9058-74ef6169c670","DG Dental Center","-73.01078956","41.56281016","dentist","health_and_medical | medical_service_organizations","767 Wolcott St","Waterbury","06705-1324","CT","US","+12037535041","dgdentalcenter@yahoo.com","http://www.DGDentalCenter.com/","https://www.facebook.com/155613437926427","","0.9199122190475464","open","6","meta | Overture | Overture-signals","CDLA-Permissive-2.0","2026-04-27T00:00:00.000Z | 2026-06-11T11:57:15Z | 2026-05-12T00:29:08Z | 2026-05-18T13:23:54Z | 2026-05-25T13:08:59Z | 2026-06-01T13:20:32Z | 2026-06-08T13:20:12Z"
"CT","Connecticut","0809cf22-bd6b-40c7-8099-e105faf42fda","Sensitive Care Cosmetic & Fmly","-73.032714","41.227384","dentist","health_and_medical","55 Old Gate Ln","Milford","06460","CT","US","2038786699","","http://www.sensitivecare.net/","","","0.85","","7","Microsoft | Overture","CDLA-Permissive-2.0","2013-01-29T05:40:19.127Z | 2026-06-11T11:57:15Z"
"CT","Connecticut","0854a18e-2bda-49bb-83cb-609fec23a21b","Madlene Eskarose D.M.D","-71.96206963","41.35103631","dentist","general_dentistry | doctor","12 Roosevelt St","Mystic","06355-2809","CT","US","+18605720593","dreskarose@gmail.com","https://www.patientconnect365.com/Dentists/Connecticut/Mystic/06355/Dr_Madlene_Eskarose_DMD","https://www.facebook.com/452548684883114","","0.9199122190475464","open","8","meta | Overture | Overture-signals","CDLA-Permissive-2.0","2026-04-27T00:00:00.000Z | 2026-06-11T11:57:15Z | 2026-05-12T00:29:08Z | 2026-05-18T13:23:54Z | 2026-05-25T13:08:59Z | 2026-06-01T13:20:32Z | 2026-06-08T13:20:12Z"
"CT","Connecticut","0897f91c-1709-40de-93a8-63cadd4633c2","Stamford Dental Group","-73.53893447","41.06203092","dentist","general_dentistry | medical_service_organizations","47 Oak St","Stamford","06905-5316","CT","US","+12033254700","info@stamforddentalgroup.com","https://stamforddentalgroup.com/","https://www.facebook.com/123087207726364","Stamford Dental Group","0.9902192950248718","open","8","meta | Overture | Overture-signals","CDLA-Permissive-2.0","2026-04-27T00:00:00.000Z | 2026-06-11T11:57:15Z | 2026-05-12T00:29:08Z | 2026-05-18T13:23:54Z | 2026-05-25T13:08:59Z | 2026-06-01T13:20:32Z | 2026-06-08T13:20:12Z"
"CT","Connecticut","09d4ca50-5377-4d1d-a512-7bd4a6ee39d1","Osseo Dental","-72.86563723","41.81380428","dentist","general_dentistry","33 Dale Rd","Avon","06001-3662","CT","US","+18604706060","office@osseo.dental","http://www.osseodentalct.com/","https://www.facebook.com/669187519622111","","0.9199122190475464","open","8","meta | Overture | Overture-signals","CDLA-Permissive-2.0","2026-04-27T00:00:00.000Z | 2026-06-11T11:57:15Z | 2026-05-12T00:29:08Z | 2026-05-18T13:23:54Z | 2026-05-25T13:08:59Z | 2026-06-01T13:20:32Z | 2026-06-08T13:20:12Z"
"CT","Connecticut","0a706e70-c6fd-4097-81ae-606b0ba7aa1e","Quality Dental of Danbury","-73.45665342","41.40603092","dentist","general_dentistry | cosmetic_dentist","53 North St","Danbury","06810-5637","CT","US","+12037432232","leona09@aol.com","http://www.QualityDentalofDanbury.com/","https://www.facebook.com/284021524463","","0.8726426362991333","","9","meta | Overture","CDLA-Permissive-2.0","2026-04-27T00:00:00.000Z | 2026-06-11T11:57:15Z"
"CT","Connecticut","0b351e2c-2882-4014-804f-eade636cf2be","Dental Arts of Vernon","-72.49388784","41.83128983","dentist","cosmetic_dentist | general_dentistry","148 Talcottville Rd","Vernon","06066-4705","CT","US","+18609264789","","https://dentalartsofvernon.com/","https://www.facebook.com/109632090615087","","0.9902192950248718","open","8","meta | Overture | Overture-signals","CDLA-Permissive-2.0","2026-04-27T00:00:00.000Z | 2026-06-11T11:57:15Z | 2026-05-12T00:29:08Z | 2026-05-18T13:23:54Z | 2026-05-25T13:08:59Z | 2026-06-01T13:20:32Z | 2026-06-08T13:20:12Z"
"CT","Connecticut","0b4af216-90b0-4f1b-8d7b-e8a98916a27d","Fairfield Dentistry: Jack Vayner DDS","-73.2623931","41.1412106","dentist","health_and_medical","1735 POST Rd Ste 8","FAIRFIELD","06824","CT","US","2033361275","","https://fairfieldctdentist.com/","","","0.85","","5","Microsoft | Overture","CDLA-Permissive-2.0","2025-09-23T16:03:51.717Z | 2026-06-11T11:57:15Z"
"CT","Connecticut","0b61cd66-3abf-4e79-8091-501c90b4a877","Connecticut Orthodontic Specialists","-72.990625","41.276983","dentist","orthodontist | medical_service_organizations","109 Boston Post Rd","Orange","06477-3235","CT","US","+12037951209","","http://www.connecticutbraces.com/","https://www.facebook.com/243503055715842","","0.898043692111969","","8","meta | Overture","CDLA-Permissive-2.0","2026-04-27T00:00:00.000Z | 2026-06-11T11:57:15Z"
"CT","Connecticut","0b622fe3-ee55-4b50-89a1-db88c6729324","Admire Dental","-72.93922651","41.6852811","dentist","orthodontist | pediatric_dentist","123 Farmington Ave","Bristol","06010-4200","CT","US","+18603782077","bristol@admiredental.com","http://admiredental.com/","https://www.facebook.com/158182394515787","Admire Dental","0.9988166809082031","","8","meta | Overture","CDLA-Permissive-2.0","2026-04-27T00:00:00.000Z | 2026-06-11T11:57:15Z"
"CT","Connecticut","0bb44161-eecc-4743-976c-ede9edd1a1f9","Center Dental Office","-72.73153984","41.76456641","dentist","general_dentistry | medical_service_organizations","836 Farmington Ave","West Hartford","06119-1505","CT","US","+18605234239","info@centerdentaloffice.com","http://www.centerdentaloffice.com/","https://www.facebook.com/112690145476036","Center Dental Office","0.9949158430099487","open","10","meta | Overture | Overture-signals","CDLA-Permissive-2.0","2026-04-27T00:00:00.000Z | 2026-06-11T11:57:15Z | 2026-05-12T00:29:08Z"
"CT","Connecticut","0bc769d2-20e0-4bdd-91f5-05d3236b6bbb","Columbia Dental","-73.40779094","41.11715463","dentist","general_dentistry","91 East Ave","Norwalk","06851-5020","CT","US","+12032990111","norwalk@columbiadental.com","https://www.columbiadental.com/our-locations/norwalk-connecticut-east-ave","https://www.facebook.com/193401060799092","Columbia Dental","0.9199122190475464","open","10","meta | Overture | Overture-signals","CDLA-Permissive-2.0","2026-04-27T00:00:00.000Z | 2026-06-11T11:57:15Z | 2026-05-12T00:29:08Z | 2026-05-18T13:23:54Z | 2026-05-25T13:08:59Z | 2026-06-01T13:20:32Z | 2026-06-08T13:20:12Z"
"CT","Connecticut","0c12bf0e-9895-469f-afce-7daf0099dd06","Wallingford Family Dental","-72.80669618","41.48072767","dentist","general_dentistry | doctor","850 N Main Street Ext","Wallingford","06492-2476","CT","US","+12039491701","","http://www.wallingfordfamilydental.com/","https://www.facebook.com/438690756334835","","0.9667616486549377","","8","meta | Overture","CDLA-Permissive-2.0","2026-04-27T00:00:00.000Z | 2026-06-11T11:57:15Z"
"CT","Connecticut","0c2a5d7d-35ae-4c35-95c1-b065677818b5","Matthew LoPresti, DDS","-73.5436216443085","41.0505105725247","dentist","","75 Tresser Blvd","Stamford","06901","CT","US","(203) 883-9986","stamfordctdentist@gmail.com","http://www.upperwestsidedentistry.com","https://www.twitter.com/drmlopresti","","0.77","","5","Foursquare | Overture","Apache-2.0 | CDLA-Permissive-2.0","2022-05-25T00:00:00.000 | 2026-06-11T11:57:15Z"
"CT","Connecticut","0c5d6e53-ab6c-4cd4-8071-106fbcdeee39","Rocco Carella DMD","-71.90499","41.45318","dentist","hospital | family_practice","391 Norwich Westerly Rd","North Stonington","06359-9992","CT","US","+18605352331","rcarelladds@gmail.com","http://www.carellafamilydentistry.com/","https://www.facebook.com/1539693299633443","","0.8734806180000305","","7","meta | Overture","CDLA-Permissive-2.0","2026-04-27T00:00:00.000Z | 2026-06-11T11:57:15Z"
"CT","Connecticut","0c7b5759-d7ee-4087-a9af-6a7aa837bf32","Colleen Lam Dmd","-72.950762","41.272318","dentist","health_and_medical","369 Main St","WEST HAVEN","06516","CT","US","2039313050","","","","","0.9199122190475464","open","6","Microsoft | Overture | Overture-signals","CDLA-Permissive-2.0","2025-07-25T01:12:42.283Z | 2026-06-11T11:57:15Z | 2026-05-12T00:29:08Z | 2026-05-18T13:23:54Z | 2026-05-25T13:08:59Z | 2026-06-01T13:20:32Z | 2026-06-08T13:20:12Z"
"CT","Connecticut","0cad96ad-e957-4e3d-8f72-db410a5d77d5","Fairfield Family Dentistry","-73.24672184","41.17970635","dentist","general_dentistry | medical_service_organizations","1817 Black Rock Tpke","Fairfield","06825-3515","CT","US","+12033358830","fairfielddmd@gmail.com","https://www.fairfielddmd.com/","https://www.facebook.com/353152708732556","","0.9199122190475464","open","8","meta | Overture | Overture-signals","CDLA-Permissive-2.0","2026-04-27T00:00:00.000Z | 2026-06-11T11:57:15Z | 2026-05-12T00:29:08Z | 2026-05-18T13:23:54Z | 2026-05-25T13:08:59Z | 2026-06-01T13:20:32Z | 2026-06-08T13:20:12Z"
"CT","Connecticut","0cd5e41b-06e3-41ac-b906-5080d6cc28d0","Robert N. Burstein DDS","-72.56630871","41.84806919","dentist","general_dentistry | health_and_medical","15 Morgan Farms Dr","South Windsor","06074-1391","CT","US","+18606444741","info@heritagefamilydentalct.com","http://www.robertbursteindds.com","https://www.facebook.com/363300940419200","Robert Burstein DDS","0.9387004971504211","","9","meta | Overture","CDLA-Permissive-2.0","2026-04-27T00:00:00.000Z | 2026-06-11T11:57:15Z"
"CT","Connecticut","0ce250fd-8e28-47f6-8a88-9ee381d78c3b","Bristol Family Dental","-72.89321368","41.67011698","dentist","general_dentistry | doctor","815 Pine St","Bristol","06010-6955","CT","US","+18605892794","office@bristolfamilydentalct.com","http://www.bristolfamilydentalct.com/","https://www.facebook.com/1467606230136405","","0.9902192950248718","open","8","meta | Overture | Overture-signals","CDLA-Permissive-2.0","2026-04-27T00:00:00.000Z | 2026-06-11T11:57:15Z | 2026-05-12T00:29:08Z | 2026-05-18T13:23:54Z | 2026-05-25T13:08:59Z | 2026-06-01T13:20:32Z | 2026-06-08T13:20:12Z"
"CT","Connecticut","0cf7cffc-7002-4518-8b6b-e033a1fa2fe2","Children's Dental Associates (Colchester)","-72.3264710354977","41.5694730502017","dentist","","35 Halls Hill Rd","Colchester","06415","CT","US","(718) 717-2017","","http://www.childrensdentalnlc.com","https://www.facebook.com/155701514441605","","0.77","","5","Foursquare | Overture","Apache-2.0 | CDLA-Permissive-2.0","2025-11-03T00:00:00.000 | 2026-06-11T11:57:15Z"
"CT","Connecticut","0d10dd74-c4da-4d88-b10b-37ab88c82f7e","Dr. Mark Rubenstein DDS","-72.90051","41.386097","dentist","medical_service_organizations | naturopathic_holistic","2447 Whitney Ave","Hamden","06518-3211","CT","US","+12032880722","","http://rubensteindental.com","https://www.facebook.com/239601556591062","","0.5000911355018616","","7","meta | Overture","CDLA-Permissive-2.0","2026-04-27T00:00:00.000Z | 2026-06-11T11:57:15Z"
"CT","Connecticut","0d1762c8-83a2-42ac-847f-db0f97a390c9","Dr tramposch office","-73.6278520108991","41.026888602328","dentist","","25 Valley Drive, Suite 2A, Greenwich, CT 06831, United States","Greenwich","06831","CT","US","(203) 862-9000","","https://greenwichsmiles.com","","","0.77","","6","Foursquare | Overture","Apache-2.0 | CDLA-Permissive-2.0","2025-06-28T00:00:00.000 | 2026-06-11T11:57:15Z"
"CT","Connecticut","0d9b0496-1f19-466d-a968-1ec9c8a88bd9","University of New Haven Dental Center","-72.96296162","41.29213102","dentist","college_university","419 Orange Ave","West Haven","06516-1918","CT","US","+12039316028","","https://www.newhaven.edu/health-sciences/undergraduate-programs/dental-hygiene/dental-center.php","https://www.facebook.com/100603094634150","","0.9199122190475464","open","5","meta | Overture | Overture-signals","CDLA-Permissive-2.0","2026-04-27T00:00:00.000Z | 2026-06-11T11:57:15Z | 2026-05-12T00:29:08Z | 2026-05-18T13:23:54Z | 2026-05-25T13:08:59Z | 2026-06-01T13:20:32Z | 2026-06-08T13:20:12Z"
"CT","Connecticut","0dad3f0c-9b04-4cce-9a95-89cbc15d5187","Keith E Campbell DMD","-72.5656724891781","41.500109146963","dentist","","212 Saybrook Rd","Higganum","06441","CT","US","(860) 345-2282","drkeithcampbell@hotmail.com","http://www.drkeithcampbell.com","https://www.facebook.com/125881197482712","","0.77","","3","Foursquare | Overture","Apache-2.0 | CDLA-Permissive-2.0","2025-11-03T00:00:00.000 | 2026-06-11T11:57:15Z"
"CT","Connecticut","0dc44321-22ea-4353-b795-61e560a42d5e","Craig Wilson, DDS, LLC","-72.3769738180697","41.2939915770526","dentist","","105 Main St Ste A","Old Saybrook","06475","CT","US","(860) 388-9774","cwilsondds@comcast.net","http://www.doctorwilson.com","https://www.facebook.com/137152662993155","","0.77","","5","Foursquare | Overture","Apache-2.0 | CDLA-Permissive-2.0","2025-08-22T00:00:00.000 | 2026-06-11T11:57:15Z"
"CT","Connecticut","0e37419d-3312-4459-866d-56f969a534e4","Ridgefield Cosmetic & General Dentistry","-73.49494196","41.29128879","dentist","cosmetic_dentist | general_dentistry","65 Danbury Rd","Ridgefield","06877-4058","CT","US","+12034388866","ridgefieldcosmeticdentistry@gmail.com","http://www.ridgefielddentistry.com/","https://www.facebook.com/237404438284","","0.9199122190475464","open","8","meta | Overture | Overture-signals","CDLA-Permissive-2.0","2026-04-27T00:00:00.000Z | 2026-06-11T11:57:15Z | 2026-05-12T00:29:08Z | 2026-05-18T13:23:54Z | 2026-05-25T13:08:59Z | 2026-06-01T13:20:32Z | 2026-06-08T13:20:12Z"
"CT","Connecticut","0e7db7ab-dac6-40e0-90aa-8bef9c33d51a","Cosmetic and Implant Dentistry of Connecticut","-72.91265961","41.34633056","dentist","cosmetic_dentist | general_dentistry","1240 Whitney Ave","Hamden","06517-2813","CT","US","+12033507150","hamden@cidct.com","http://www.cidct.com/","https://www.facebook.com/133780061134","","0.9902192950248718","open","8","meta | Overture | Overture-signals","CDLA-Permissive-2.0","2026-04-27T00:00:00.000Z | 2026-06-11T11:57:15Z | 2026-05-12T00:29:08Z | 2026-05-18T13:23:54Z | 2026-05-25T13:08:59Z | 2026-06-01T13:20:32Z | 2026-06-08T13:20:12Z"
"CT","Connecticut","0ed18be6-0715-43f2-ad5b-d559db4d5aee","Dental Arts of Avon","-72.81987238","41.79983754","dentist","cosmetic_dentist | general_dentistry","9 Avonwood Rd","Avon","06001-2072","CT","US","+18602844411","dartsavon@comcast.net","https://dentalartsofavon.com/","https://www.facebook.com/118878822038148","Dental Arts of Avon","0.9902192950248718","open","8","meta | Overture | Overture-signals","CDLA-Permissive-2.0","2026-04-27T00:00:00.000Z | 2026-06-11T11:57:15Z | 2026-05-12T00:29:08Z | 2026-05-18T13:23:54Z | 2026-05-25T13:08:59Z | 2026-06-01T13:20:32Z | 2026-06-08T13:20:12Z"
"CT","Connecticut","0ed448b4-9ff7-4914-bd93-46f7ac5a1538","Clinton Family Dentistry","-72.50321044","41.27114533","dentist","cosmetic_dentist | general_dentistry","252 E Main St","Clinton","06413-2270","CT","US","+18606692700","clintonfamilydentistry@comcast.net","https://clintonfamilydentistry.net/","https://www.facebook.com/433982797028287","Clinton Family Dentistry","0.9199122190475464","open","9","meta | Overture | Overture-signals","CDLA-Permissive-2.0","2026-04-27T00:00:00.000Z | 2026-06-11T11:57:15Z | 2026-05-12T00:29:08Z | 2026-05-18T13:23:54Z | 2026-05-25T13:08:59Z | 2026-06-01T13:20:32Z | 2026-06-08T13:20:12Z"
"CT","Connecticut","0ef294bc-937c-43cd-86f2-65e1b6307d5b","Pleasant Dental","-73.37385107","41.41396359","dentist","orthodontist | periodontist","184 Mt Pleasant Rd","Newtown","06470-1408","CT","US","+12034260500","contactus@pleasantdental.net","https://www.pleasantdental.net/","https://www.facebook.com/122150581141167","Pleasant Dental","0.9998466716110707","","8","meta | Overture","CDLA-Permissive-2.0","2026-04-27T00:00:00.000Z | 2026-06-11T11:57:15Z"
"CT","Connecticut","0efe55f9-fd3f-4161-96e5-46e247c5078f","West Hartford Family Dental","-72.746382","41.78523052","dentist","general_dentistry | family_practice","342 N Main St","West Hartford","06117-2500","CT","US","+18602330552","info@whfdentistry.com","https://bit.ly/West-Hartford-Family-Dental","https://www.facebook.com/618561234672653","","0.7432248592376709","","1","meta | Overture","CDLA-Permissive-2.0","2026-04-27T00:00:00.000Z | 2026-06-11T11:57:15Z"
"CT","Connecticut","0f149545-6408-467e-ba2b-633738841f21","Comfort Dental","-72.71080476","41.74177759","dentist","general_dentistry | health_and_medical","31 William Shorty Campbell St","Hartford","06106-3401","CT","US","+18602781600","","http://www.comfortdentalct.com","https://www.facebook.com/330408556972504","Comfort Dental","0.9902192950248718","open","7","meta | Overture | Overture-signals","CDLA-Permissive-2.0","2026-04-27T00:00:00.000Z | 2026-06-11T11:57:15Z | 2026-05-12T00:29:08Z | 2026-05-18T13:23:54Z | 2026-05-25T13:08:59Z | 2026-06-01T13:20:32Z | 2026-06-08T13:20:12Z"
"CT","Connecticut","0f776350-351a-4e19-bfbd-25b4a9b10548","Mitchell Milone DMD","-72.6343998339482","41.5465475045759","dentist","","157 Saybrook Rd","Middletown","06457","CT","US","(860) 346-8067","","http://www.middletowndentistct.com","https://www.facebook.com/212576255435758","","0.9902192950248718","open","4","Foursquare | Overture | Overture-signals","Apache-2.0 | CDLA-Permissive-2.0","2025-08-19T00:00:00.000 | 2026-06-11T11:57:15Z | 2026-05-12T00:29:08Z | 2026-05-18T13:23:54Z | 2026-05-25T13:08:59Z | 2026-06-01T13:20:32Z | 2026-06-08T13:20:12Z"
"CT","Connecticut","0f846e7b-645f-4777-89ee-b56f8667d100","Shelton Dental Group","-73.09618251","41.31434031","dentist","pediatric_dentist | medical_service_organizations","169 Center St","Shelton","06484-3241","CT","US","+12039259425","info@sheltondentalgroup.com","https://sheltondentalgroup.com/","https://www.facebook.com/286144554580043","","0.9199122190475464","open","6","meta | Overture | Overture-signals","CDLA-Permissive-2.0","2026-04-27T00:00:00.000Z | 2026-06-11T11:57:15Z | 2026-05-12T00:29:08Z | 2026-05-18T13:23:54Z | 2026-05-25T13:08:59Z | 2026-06-01T13:20:32Z | 2026-06-08T13:20:12Z"
"CT","Connecticut","10038fa2-fbf9-4cdc-8f6c-75bb7646c62d","Janice Yanni DDS","-72.3759262923964","41.8746625223061","dentist","","642 Tolland Stage Rd","Tolland","06084","CT","US","(860) 870-1122","","http://www.yanniorthodontics.com","","","0.9199122190475464","open","4","Foursquare | Overture | Overture-signals","Apache-2.0 | CDLA-Permissive-2.0","2025-08-22T00:00:00.000 | 2026-06-11T11:57:15Z | 2026-05-12T00:29:08Z | 2026-05-18T13:23:54Z | 2026-05-25T13:08:59Z | 2026-06-01T13:20:32Z | 2026-06-08T13:20:12Z"
"CT","Connecticut","101d8c0b-f20b-4c72-82b9-171400ca0a88","Bartolone Cynthia DMD","-73.25209413","41.18216593","dentist","general_dentistry | health_and_medical","2150 Black Rock Tpke","Fairfield","06825-3239","CT","US","+12033332060","","","https://www.facebook.com/168169506532428","","0.9199122190475464","open","7","meta | Overture | Overture-signals","CDLA-Permissive-2.0","2026-04-27T00:00:00.000Z | 2026-06-11T11:57:15Z | 2026-05-12T00:29:08Z | 2026-05-18T13:23:54Z | 2026-05-25T13:08:59Z | 2026-06-01T13:20:32Z | 2026-06-08T13:20:12Z"
"CT","Connecticut","10339d36-8aba-4714-ad4d-e84a55b3a142","Heritage Family Dental","-72.56663703","41.84776967","dentist","general_dentistry","15 Morgan Farms Dr","South Windsor","06074-1391","CT","US","+18606444741","info@heritagefamilydentalct.com","https://linktr.ee/heritagefamilydental","https://www.facebook.com/108303324933248","","0.9640148878097534","","8","meta | Overture","CDLA-Permissive-2.0","2026-04-27T00:00:00.000Z | 2026-06-11T11:57:15Z"
"CT","Connecticut","10478f7a-d05d-480d-9056-aa8aa7be55d3","Admire Dental Hamden","-72.9191509599911","41.3731467949391","dentist","","2300 Dixwell Ave","Hamden","06514","CT","US","(203) 864-3700","","https://www.admiredentalhamden.com","","","0.9199122190475464","open","4","Foursquare | Overture | Overture-signals","Apache-2.0 | CDLA-Permissive-2.0","2025-08-22T00:00:00.000 | 2026-06-11T11:57:15Z | 2026-05-12T00:29:08Z | 2026-05-18T13:23:54Z | 2026-05-25T13:08:59Z | 2026-06-01T13:20:32Z | 2026-06-08T13:20:12Z"
"CT","Connecticut","105a1053-fc62-4c09-bd97-4d04b4788978","Children's Dentistry of Seymour","-73.064965","41.397846","dentist","","56 Garden St","Seymour","06483-2974","CT","US","+12035901578","","https://www.childrensdentistryoftrumbull.com","https://www.facebook.com/428522024013821","","0.9110477566719055","","9","meta | Overture","CDLA-Permissive-2.0","2026-04-27T00:00:00.000Z | 2026-06-11T11:57:15Z"
"CT","Connecticut","10603fa9-c43c-4fe9-bacd-d6527f47f16e","Southern Connecticut Dental Group","-73.16116862","41.46262035","dentist","general_dentistry | cosmetic_dentist","30 Quaker Farms Rd","Southbury","06488-2732","CT","US","+12035804867","southbury@southernctdental.com","http://www.southernctdental.com","https://www.facebook.com/147903515768952","Southern Connecticut Dental Group","0.9199122190475464","open","9","meta | Overture | Overture-signals","CDLA-Permissive-2.0","2026-04-27T00:00:00.000Z | 2026-06-11T11:57:15Z | 2026-05-12T00:29:08Z | 2026-05-18T13:23:54Z | 2026-05-25T13:08:59Z | 2026-06-01T13:20:32Z | 2026-06-08T13:20:12Z"
"CT","Connecticut","1066f380-1b58-4792-8b4a-82ca0ef59525","Markowski Dental Associates","-72.65680639","41.98387019","dentist","general_dentistry | health_and_medical","162 Mountain Rd","Suffield","06078-2091","CT","US","+18606680241","info@markowskidental.com","http://greatsmilenow.com/","https://www.facebook.com/1767480940192592","Markowski Dental Associates","0.9880799651145935","","8","meta | Overture","CDLA-Permissive-2.0","2026-04-27T00:00:00.000Z | 2026-06-11T11:57:15Z"
"CT","Connecticut","10a73567-8c9a-4315-aff5-af4d0f311d4e","Avon Oral, Facial and Dental Implant Surgery","-72.5650191307068","41.9886483602281","dentist","","76 Palomba Dr Unit 1","Enfield","06082","CT","US","(860) 253-9298","","https://www.avonomfs.com","","","0.77","","5","Foursquare | Overture","Apache-2.0 | CDLA-Permissive-2.0","2025-04-25T00:00:00.000 | 2026-06-11T11:57:15Z"
"CT","Connecticut","10c9d97a-33bf-4bd9-9523-d1e05d6dd2f6","NorthStar Dental","-73.4567766","41.40595242","dentist","orthodontist","53 North St","Danbury","06810-5634","CT","US","+12037436083","northstar@northstardentalct.com","","https://www.facebook.com/108591938418610","","0.9199122190475464","open","7","meta | Overture | Overture-signals","CDLA-Permissive-2.0","2026-04-27T00:00:00.000Z | 2026-06-11T11:57:15Z | 2026-05-12T00:29:08Z | 2026-05-18T13:23:54Z | 2026-05-25T13:08:59Z | 2026-06-01T13:20:32Z | 2026-06-08T13:20:12Z"
"CT","Connecticut","114b1013-b502-47ca-a4f1-a4d195326fca","Columbia Dental","-72.92988483","41.30094336","dentist","general_dentistry","46 Prince St","New Haven","06519-1600","CT","US","+12037820111","mycolumbiadental@gmail.com","http://www.columbiadental.com/","https://www.facebook.com/160649890726016","Columbia Dental","0.9902192950248718","open","10","meta | Overture | Overture-signals","CDLA-Permissive-2.0","2026-04-27T00:00:00.000Z | 2026-06-11T11:57:15Z | 2026-05-12T00:29:08Z | 2026-05-18T13:23:54Z | 2026-05-25T13:08:59Z | 2026-06-01T13:20:32Z | 2026-06-08T13:20:12Z"
"CT","Connecticut","11cf6be4-4aa9-4b53-93d9-11caa0cd7fcb","Dental365","-73.54256628","41.05350536","dentist","general_dentistry | cosmetic_dentist","50 W Park Pl","Stamford","06901-2209","CT","US","+12033244252","stamford@godental365.com","https://www.godental365.com/locations/new-york/connecticut/stamford-office/","https://www.facebook.com/2132810740349424","Dental365","0.9902192950248718","open","8","meta | Overture | Overture-signals","CDLA-Permissive-2.0","2026-04-27T00:00:00.000Z | 2026-06-11T11:57:15Z | 2026-05-12T00:29:08Z | 2026-05-18T13:23:54Z | 2026-05-25T13:08:59Z | 2026-06-01T13:20:32Z | 2026-06-08T13:20:12Z"
"CT","Connecticut","11e65945-eb12-46b1-9b2b-0cd3db6a2c82","Quiet Corner Dental","-71.90089719","41.91099205","dentist","general_dentistry | health_and_medical","153 Grove St","Putnam","06260-2115","CT","US","+18609283723","putnumdentist@icloud.com","https://www.quietcornerdental.com/","https://www.facebook.com/180865518767640","","0.9199122190475464","open","8","meta | Overture | Overture-signals","CDLA-Permissive-2.0","2026-04-27T00:00:00.000Z | 2026-06-11T11:57:15Z | 2026-05-12T00:29:08Z | 2026-05-18T13:23:54Z | 2026-05-25T13:08:59Z | 2026-06-01T13:20:32Z | 2026-06-08T13:20:12Z"
"CT","Connecticut","123524fb-d1cc-480e-a6d1-d8f37c2ce801","East Lyme Family & Cosmetic Dentistry","-72.21627121","41.36581628","dentist","cosmetic_dentist | general_dentistry","15 Church Ln","East Lyme","06333-1621","CT","US","+18602138124","eastlymefamily@yahoo.com","http://www.eastlymedentistry.com/","https://www.facebook.com/104984725478320","East Lyme Family & Cosmetic Dentistry","0.9902192950248718","open","8","meta | Overture | Overture-signals","CDLA-Permissive-2.0","2026-04-27T00:00:00.000Z | 2026-06-11T11:57:15Z | 2026-05-12T00:29:08Z | 2026-05-18T13:23:54Z | 2026-05-25T13:08:59Z | 2026-06-01T13:20:32Z | 2026-06-08T13:20:12Z"
"CT","Connecticut","123dc525-4eff-4777-a14c-bfe2107d41a6","New Smile Dental","-73.47270813","41.31513321","dentist","cosmetic_dentist | general_dentistry","890 Ethan Allen Hwy","Ridgefield","06877-2843","CT","US","+12034033110","newsmiledentalllc@gmail.com","https://www.newsmiledentalct.com/","https://www.facebook.com/1374877516120139","New Smile Dental, LLC","0.999735946893692","open","10","meta | Overture | Overture-signals","CDLA-Permissive-2.0","2026-04-27T00:00:00.000Z | 2026-06-11T11:57:15Z | 2026-06-08T13:20:12Z"
"CT","Connecticut","124aa23a-7c58-46c3-9ea5-c230cd2a6013","Modern Dentistry of New England","-72.9476437907786","41.6764639666272","dentist","","225 North Main Street Suite 201","Bristol","06010","CT","US","(860) 582-4485","care@moderndentistryne.com","https://www.moderndentistryne.com/contact/bristol-location/","https://www.facebook.com/724702674310123","","0.77","","5","Foursquare | Overture","Apache-2.0 | CDLA-Permissive-2.0","2020-10-27T00:00:00.000 | 2026-06-11T11:57:15Z"
"CT","Connecticut","130289d2-617f-4683-b02f-c72efaef421e","Northeast Connecticut Dental Associates","-71.915749840614","41.9102851761133","dentist","","227 Pomfret St","Putnam","06260","CT","US","(860) 963-7676","frontdesk@nectdental.com","http://nectdental.com","https://www.facebook.com/140600699439250","","0.77","","5","Foursquare | Overture","Apache-2.0 | CDLA-Permissive-2.0","2025-09-02T00:00:00.000 | 2026-06-11T11:57:15Z"
"CT","Connecticut","1343d309-74e6-4934-97f4-65d1f4327ca9","Lockworks Dental Group","-72.810828","41.284479","dentist","endodontist | orthodontist","1224 Main St","Branford","06405-3778","CT","US","+12034839069","smile@lockworksdentalgroup.com","https://www.lockworksdentalgroup.com/","https://www.facebook.com/312090678908899","Lockworks Dental Group","0.9199122190475464","open","7","meta | Overture | Overture-signals","CDLA-Permissive-2.0","2026-04-27T00:00:00.000Z | 2026-06-11T11:57:15Z | 2026-05-12T00:29:08Z | 2026-05-18T13:23:54Z | 2026-05-25T13:08:59Z | 2026-06-01T13:20:32Z | 2026-06-08T13:20:12Z"
"CT","Connecticut","14a8d1e5-749a-4587-aecb-b825cf2385ed","Smiles of Waterbury","-73.060916536356","41.5549517209702","dentist","","1127 W Main St","Waterbury","06708","CT","US","(203) 527-4614","smileswaterbury@aol.com","http://www.smilesofwaterbury.com","https://www.facebook.com/186693304773337","","0.77","","6","Foursquare | Overture","Apache-2.0 | CDLA-Permissive-2.0","2025-10-16T00:00:00.000 | 2026-06-11T11:57:15Z"
"CT","Connecticut","1508c45d-1e3e-4d29-bb33-bee898dbebe5","Natelli Albert A DDS","-72.8804417","41.601026","dentist","health_and_medical","31 Liberty St","Southington","06489","CT","US","8606280385","","","","","0.9199122190475464","open","6","Microsoft | Overture | Overture-signals","CDLA-Permissive-2.0","2021-09-24T15:23:57.873Z | 2026-06-11T11:57:15Z | 2026-05-12T00:29:08Z | 2026-05-18T13:23:54Z | 2026-05-25T13:08:59Z | 2026-06-01T13:20:32Z | 2026-06-08T13:20:12Z"
"CT","Connecticut","155d7768-b736-4e6d-86f8-64f3f2c46ba1","dobie + rollins orthodontics","-72.9140915532037","41.3800247179723","dentist","","2560 Dixwell Ave","Hamden","06514","CT","US","(203) 288-0900","dobierollinsorthodontics@gmail.com","http://www.dr-orthodontics.com","https://www.facebook.com/967755289926003","","0.77","","5","Foursquare | Overture","Apache-2.0 | CDLA-Permissive-2.0","2025-08-22T00:00:00.000 | 2026-06-11T11:57:15Z"
"CT","Connecticut","1587c484-3597-4f59-bbf9-0a9c779a9b04","Dr. Marc Craig","-72.88200257","41.56299726","dentist","general_dentistry | doctor","1090 Meriden Waterbury Tpke","Cheshire","06410-7130","CT","US","+12032728222","","http://www.marccraiggeneraldentistry.com/","https://www.facebook.com/198751353504682","","0.9242379069328308","","8","meta | Overture","CDLA-Permissive-2.0","2026-04-27T00:00:00.000Z | 2026-06-11T11:57:15Z"
"CT","Connecticut","15c12ee9-0f68-4881-acc4-b587d9c1e127","Dr. Rodney Steller DMD","-72.86416","41.277163","dentist","doctor | health_and_medical","69 Main St","East Haven","06512-2523","CT","US","+12034678100","","https://steller-rodney-e-dmd.hub.biz/","https://www.facebook.com/155893554449048","","0.9722161889076233","","7","meta | Overture","CDLA-Permissive-2.0","2026-04-27T00:00:00.000Z | 2026-06-11T11:57:15Z"
"CT","Connecticut","15c69dc1-63f2-4504-9c40-7d0eb1769331","Quinnipiac Endodontics","-72.789627","41.665704","dentist","health_and_medical | doctor","6 Park Pl","New Britain","06052-1403","CT","US","+18602255555","","http://www.quinnipiacendodontics.com/","https://www.facebook.com/1507733549531716","","0.7918398380279541","","8","meta | Overture","CDLA-Permissive-2.0","2026-04-27T00:00:00.000Z | 2026-06-11T11:57:15Z"
"CT","Connecticut","16113e47-26a2-402f-81c6-5a0cdce4d000","Dental Arts of Darien","-73.46817796","41.07872872","dentist","general_dentistry | medical_service_organizations","800 Post Rd","Darien","06820-4622","CT","US","+12036568079","office@dentalartsofdarien.com","https://www.dentalartsofdarien.com/","https://www.facebook.com/110712349092216","","0.9902192950248718","open","7","meta | Overture | Overture-signals","CDLA-Permissive-2.0","2026-04-27T00:00:00.000Z | 2026-06-11T11:57:15Z | 2026-05-12T00:29:08Z | 2026-05-18T13:23:54Z | 2026-05-25T13:08:59Z | 2026-06-01T13:20:32Z | 2026-06-08T13:20:12Z"
"CT","Connecticut","165dbe61-be93-4542-a4b0-342a4463d1fe","James N Finklea, DDS, FAGD","-73.49665","41.28235","dentist","hospital | naturopathic_holistic","31 Bailey Ave","Ridgefield","06877-4533","CT","US","+12034313901","","http://www.jamesfinkleadds.com/","https://www.facebook.com/186475161801068","","0.5906252861022949","","7","meta | Overture","CDLA-Permissive-2.0","2026-04-27T00:00:00.000Z | 2026-06-11T11:57:15Z"
"CT","Connecticut","166e10ec-05c2-42de-a4b2-88b8fdc05e24","Luciano Marini","-73.07831813","41.54394307","dentist","general_dentistry","26 Lakeside Blvd E","Waterbury","06708-2968","CT","US","+12035759097","","http://waterburysmiles.com","https://www.facebook.com/119868454732047","Waterbury Smiles","0.9199122190475464","open","5","meta | Overture | Overture-signals","CDLA-Permissive-2.0","2026-04-27T00:00:00.000Z | 2026-06-11T11:57:15Z | 2026-05-12T00:29:08Z | 2026-05-18T13:23:54Z | 2026-05-25T13:08:59Z | 2026-06-01T13:20:32Z | 2026-06-08T13:20:12Z"
"CT","Connecticut","168fe514-36a8-4e41-91f8-81dc1307709a","General Denistry Marc Craig","-72.881985","41.563066","dentist","","1090 Meriden Waterbury Tpke","Meriden Waterbury Turnpike","06410","CT","US","(203) 272-8222","","http://marccraiggeneraldentistry.com","","","0.77","","5","Foursquare | Overture","Apache-2.0 | CDLA-Permissive-2.0","2024-09-17T00:00:00.000 | 2026-06-11T11:57:15Z"
"CT","Connecticut","16d6488b-acc7-442e-8fc9-9d8ace2499f6","Avon Wellness Center Dental Associates","-72.82930243","41.81700707","dentist","general_dentistry","100 Simsbury Rd","Avon","06001-3793","CT","US","+18606060066","avonwellnessdentalassociates@gmail.com","http://www.DentalAvon.com/","https://www.facebook.com/207779365994705","","0.9199122190475464","open","9","meta | Overture | Overture-signals","CDLA-Permissive-2.0","2026-04-27T00:00:00.000Z | 2026-06-11T11:57:15Z | 2026-05-12T00:29:08Z | 2026-05-18T13:23:54Z | 2026-05-25T13:08:59Z | 2026-06-01T13:20:32Z | 2026-06-08T13:20:12Z"
"CT","Connecticut","17158c50-caaa-4ec5-9334-68e6eab11fd5","Dr. Efren Cortes","-73.3579715079876","41.139119109414","dentist","","29 Imperial Ave","Westport","06880","CT","US","(203) 222-1444","","http://westportctdentist.com","","","0.77","","3","Foursquare | Overture","Apache-2.0 | CDLA-Permissive-2.0","2025-10-15T00:00:00.000 | 2026-06-11T11:57:15Z"
"CT","Connecticut","17170665-68be-4704-a407-4b8430d25ab5","James Watts","-71.96314119","41.35625359","dentist","general_dentistry | medical_service_organizations","85 Denison Ave","Mystic","06355-2710","CT","US","+18605366446","","http://www.mysticdentist.com/","https://www.facebook.com/475798519126275","","0.9199122190475464","open","9","meta | Overture | Overture-signals","CDLA-Permissive-2.0","2026-04-27T00:00:00.000Z | 2026-06-11T11:57:15Z | 2026-05-12T00:29:08Z | 2026-05-18T13:23:54Z | 2026-05-25T13:08:59Z | 2026-06-01T13:20:32Z | 2026-06-08T13:20:12Z"
"CT","Connecticut","1721a7cc-b2a9-435c-9799-d28d3042acfb","Baujin-Braverman Family Dentistry","-73.1065011555231","41.8094545421087","dentist","","686 E Main St","Torrington","06790","CT","US","(860) 489-9091","","https://www.baujin-braverman.com","https://www.facebook.com/363623670400134","","0.77","","5","Foursquare | Overture","Apache-2.0 | CDLA-Permissive-2.0","2025-08-05T00:00:00.000 | 2026-06-11T11:57:15Z"
"CT","Connecticut","17541861-7345-42fc-bb11-436e0d27bd2b","Pearl Dental of Trumbull","-73.228814","41.295441","dentist","","140 Monroe Tpke","Trumbull","06611-1357","CT","US","+12033723626","","https://pearlcares.com/","https://www.facebook.com/114011610021252","Pearl Dental","0.9655540585517883","","8","meta | Overture","CDLA-Permissive-2.0","2026-04-27T00:00:00.000Z | 2026-06-11T11:57:15Z"
"CT","Connecticut","17545897-fc42-4141-b14b-651865d51a01","Donald J. Drew Orthodontics","-72.7480666468602","41.7850978032377","dentist","","345 N Main St","West Hartford","06117","CT","US","(860) 236-6888","","https://www.westhartfordorthodontics.com","","","0.77","","5","Foursquare | Overture","Apache-2.0 | CDLA-Permissive-2.0","2025-08-22T00:00:00.000 | 2026-06-11T11:57:15Z"
"CT","Connecticut","17c4b79e-aea7-4cc9-9b3f-a5640169beae","Litchfield Hills Family Dental Practice","-73.10231639","41.82734704","dentist","endodontist | orthodontist","241 Kennedy Dr","Torrington","06790-3013","CT","US","+18604960256","litchfieldhillsfamilydental@yahoo.com","http://www.litchfieldhillsfamilydental.com/","https://www.facebook.com/147932465263310","Litchfield Hills Family Dental Practice","0.9199122190475464","open","8","meta | Overture | Overture-signals","CDLA-Permissive-2.0","2026-04-27T00:00:00.000Z | 2026-06-11T11:57:15Z | 2026-05-12T00:29:08Z | 2026-05-18T13:23:54Z | 2026-05-25T13:08:59Z | 2026-06-01T13:20:32Z | 2026-06-08T13:20:12Z"
"CT","Connecticut","18391ebe-3bd7-4ad3-8009-cb771d8e7caa","Bright Dental LLC","-72.71647496","41.75209183","dentist","endodontist | orthodontist","18 Kane St","West Hartford","06119-2109","CT","US","+18602317000","frontdeskwesthartford@gmail.com","http://mydrdental.com/","https://www.facebook.com/242298762576831","Dr Dental","0.770058810710907","","8","meta | Overture","CDLA-Permissive-2.0","2026-04-27T00:00:00.000Z | 2026-06-11T11:57:15Z"
"CT","Connecticut","18750f56-461a-4b95-803b-f0bce5fe089f","Dana Orthodontics","-72.7439406740755","41.7867450529987","dentist","","2446 Albany Ave","West Hartford","06117","CT","US","(860) 222-7623","","http://westhartfordorthodontist.com","","","0.9199122190475464","open","4","Foursquare | Overture | Overture-signals","Apache-2.0 | CDLA-Permissive-2.0","2025-10-21T00:00:00.000 | 2026-06-11T11:57:15Z | 2026-05-12T00:29:08Z | 2026-05-18T13:23:54Z | 2026-05-25T13:08:59Z | 2026-06-01T13:20:32Z | 2026-06-08T13:20:12Z"
"CT","Connecticut","1880be6b-5a6a-42d5-9fc1-f1e228b23f41","Robert Emilio D.D.S. & Associates","-73.4073432786141","41.1142697939865","dentist","","111 East Ave Ste 214","Norwalk","06851","CT","US","(203) 866-7164","","https://www.robertemiliodds.com","https://www.twitter.com/robertemiliodds | https://www.facebook.com/307472812647253","","0.77","","5","Foursquare | Overture","Apache-2.0 | CDLA-Permissive-2.0","2025-08-22T00:00:00.000 | 2026-06-11T11:57:15Z"
"CT","Connecticut","18d34fe0-2910-40c1-841f-56c988fc1ed3","Crestview Dental Associates","-71.8277563518511","41.360663397913","dentist","","33 Crestview Dr","Westerly","02891","CT","US","(401) 596-0319","nfda1@snet.net","http://crestviewdentalassociates.com","https://www.facebook.com/121064094570354","","0.9199122190475464","open","4","Foursquare | Overture | Overture-signals","Apache-2.0 | CDLA-Permissive-2.0","2025-03-13T00:00:00.000 | 2026-06-11T11:57:15Z | 2026-05-12T00:29:08Z | 2026-05-18T13:23:54Z | 2026-05-25T13:08:59Z | 2026-06-01T13:20:32Z | 2026-06-08T13:20:12Z"
"CT","Connecticut","190c31bf-51de-4123-93db-a6e2804c0852","Avon Oral, Facial and Dental Implant Surgery","-72.5735807418823","41.7057573509665","dentist","","2928 Main St Ste 101","Glastonbury","06033","CT","US","(860) 257-6994","","https://www.avonomfs.com","","","0.77","","5","Foursquare | Overture","Apache-2.0 | CDLA-Permissive-2.0","2025-04-25T00:00:00.000 | 2026-06-11T11:57:15Z"
"CT","Connecticut","192cd58f-00a8-4b75-93d9-74b6ac644ea1","Fairfield County Dental & Hygiene Clubs","-73.255742","41.14104","dentist","bar | doctor","1047 Old Post Rd","Fairfield","06824-5906","CT","US","+12032542006","office@sonickdmd.com","http://www.fcdconline.com/","https://www.facebook.com/555843937900730","","0.7912601828575134","","9","meta | Overture","CDLA-Permissive-2.0","2026-04-27T00:00:00.000Z | 2026-06-11T11:57:15Z"
"CT","Connecticut","19373960-ad2e-409f-8919-a196289da5cd","Western Connecticut Dental Arts","-73.40320345","41.60636195","dentist","general_dentistry | medical_service_organizations","120 Park Lane Rd","New Milford","06776-2444","CT","US","+18603509232","info@westconndentalarts.com","https://foursquare.com/venue/22872437","https://www.facebook.com/112345562113232","","0.9199122190475464","open","9","meta | Overture | Overture-signals","CDLA-Permissive-2.0","2026-04-27T00:00:00.000Z | 2026-06-11T11:57:15Z | 2026-05-12T00:29:08Z | 2026-05-18T13:23:54Z | 2026-05-25T13:08:59Z | 2026-06-01T13:20:32Z | 2026-06-08T13:20:12Z"
"CT","Connecticut","196bcb04-f2ed-4c87-aa73-287966fe81dc","Michael G. Monsarrat","-73.47537893","41.72710736","dentist","general_dentistry | doctor","37 N Main St","Kent","06757-1513","CT","US","+18609273519","","http://www.yourkentdentist.com/","https://www.facebook.com/143663558999167","","0.9199122190475464","open","8","meta | Overture | Overture-signals","CDLA-Permissive-2.0","2026-04-27T00:00:00.000Z | 2026-06-11T11:57:15Z | 2026-05-12T00:29:08Z | 2026-05-18T13:23:54Z | 2026-05-25T13:08:59Z | 2026-06-01T13:20:32Z | 2026-06-08T13:20:12Z"
"CT","Connecticut","19af2032-00db-4f15-b8ef-0a5c520235d7","B & B Dentistry, LLC","-73.106432","41.809499","dentist","health_and_medical","686 E Main St","Torrington","06790","CT","US","8604899091","","","","","0.9199122190475464","open","6","Microsoft | Overture | Overture-signals","CDLA-Permissive-2.0","2017-10-05T14:58:13.353Z | 2026-06-11T11:57:15Z | 2026-05-12T00:29:08Z | 2026-05-18T13:23:54Z | 2026-05-25T13:08:59Z | 2026-06-01T13:20:32Z | 2026-06-08T13:20:12Z"
"CT","Connecticut","19b73c63-25d0-4ad6-9ad8-22347cc8f756","Jon C. Rosenblitt","-73.55356934","41.07958221","dentist","general_dentistry","251 Long Ridge Rd","Stamford","06902-1640","CT","US","+12033481632","info@rosenblittdentistry.com","http://www.rosenblittdentistry.com/","https://www.facebook.com/276264599163883","Jon C. Rosenblitt, DMD Family Dentistry","0.9199122190475464","open","8","meta | Overture | Overture-signals","CDLA-Permissive-2.0","2026-04-27T00:00:00.000Z | 2026-06-11T11:57:15Z | 2026-05-12T00:29:08Z | 2026-05-18T13:23:54Z | 2026-05-25T13:08:59Z | 2026-06-01T13:20:32Z | 2026-06-08T13:20:12Z"
"CT","Connecticut","19e047e4-9a4c-4a56-80b4-b705fb8d151f","Child and Adult Orthodontics","-72.5038825","41.27129208","dentist","orthodontist | public_service_and_government","248 E Main St","Clinton","06413-2263","CT","US","+18606691616","samantha@childandadultorthodontics.com","http://www.childandadultorthodontics.com/","https://www.facebook.com/219208071439845","Child and Adult Orthodontics","0.9199122190475464","open","9","meta | Overture | Overture-signals","CDLA-Permissive-2.0","2026-04-27T00:00:00.000Z | 2026-06-11T11:57:15Z | 2026-05-12T00:29:08Z | 2026-05-18T13:23:54Z | 2026-05-25T13:08:59Z | 2026-06-01T13:20:32Z | 2026-06-08T13:20:12Z"
"CT","Connecticut","1a29af55-79a2-453f-9b7d-d1ddfd46763f","Manchester Dentistry","-72.52051336","41.76918861","dentist","general_dentistry | doctor","935 Main St","Manchester","06040-6040","CT","US","+18606430011","info@mymanchesterdentist.com","http://mymanchesterdentist.com/","https://www.facebook.com/1525820551059725","","0.9902192950248718","open","8","meta | Overture | Overture-signals","CDLA-Permissive-2.0","2026-04-27T00:00:00.000Z | 2026-06-11T11:57:15Z | 2026-05-12T00:29:08Z | 2026-05-18T13:23:54Z | 2026-05-25T13:08:59Z | 2026-06-01T13:20:32Z | 2026-06-08T13:20:12Z"
"CT","Connecticut","1a64c5dd-e313-4db2-b8b6-c1bc124a8b1f","McKenna Orthodontics","-72.80717","41.866425","dentist","orthodontist | medical_service_organizations","619 Hopmeadow St","Simsbury","06070-2449","CT","US","+18606519391","smile@orthospecialists.net","http://www.orthospecialists.net","https://www.facebook.com/161546987221506","","0.9933592677116394","","2","meta | Overture","CDLA-Permissive-2.0","2026-04-27T00:00:00.000Z | 2026-06-11T11:57:15Z"
"CT","Connecticut","1aa081fc-08b3-4af1-a0f7-13d4f9ec990e","Family Smile Center","-72.54404809","41.77078957","dentist","general_dentistry | cosmetic_dentist","200 W Center St","Manchester","06040-4864","CT","US","+18606460230","levy@jlevydentistry.com","http://www.jodiclevydds.com/","https://www.facebook.com/275435631196","Family Smile Center","0.9199122190475464","open","9","meta | Overture | Overture-signals","CDLA-Permissive-2.0","2026-04-27T00:00:00.000Z | 2026-06-11T11:57:15Z | 2026-05-12T00:29:08Z | 2026-05-18T13:23:54Z | 2026-05-25T13:08:59Z | 2026-06-01T13:20:32Z | 2026-06-08T13:20:12Z"
"CT","Connecticut","1b03c6c8-1ba1-4e45-9ae5-8163d45aeb54","Robert A. Novelly","-73.40746603","41.11421776","dentist","general_dentistry | cosmetic_dentist","111 East Ave","Norwalk","06851-5014","CT","US","+12038667164","natalie@robertemiliodds.com","https://www.robertemiliodds.com/","https://www.facebook.com/307472812647253","Robert Emilio, D.D.S. & Associates","0.9855469465255737","","9","meta | Overture","CDLA-Permissive-2.0","2026-04-27T00:00:00.000Z | 2026-06-11T11:57:15Z"
"CT","Connecticut","1b1fbfb7-7453-4126-884a-ea1edcc4bf0f","William Riecker","-73.14763164","41.20317648","dentist","periodontist | hospital","2261 Broadbridge Ave","Stratford","06614-3860","CT","US","+12033754633","","http://www.mystratforddentist.com/Contact-Stratford-Dentist.asp","https://www.facebook.com/254102117959922","Stratford Family Dental","0.7657844424247742","","7","meta | Overture","CDLA-Permissive-2.0","2026-04-27T00:00:00.000Z | 2026-06-11T11:57:15Z"
"CT","Connecticut","1b272ea8-8435-4c91-aea0-253745e3927d","Westport Family Dental","-73.34850563","41.14016231","dentist","cosmetic_dentist | doctor","489 Post Rd E","Westport","06880-4435","CT","US","+12032548008","","http://westportfamilydental.com/contact-us.html","https://www.facebook.com/902454266443945","1st Family Dental","0.9887190461158752","","8","meta | Overture","CDLA-Permissive-2.0","2026-04-27T00:00:00.000Z | 2026-06-11T11:57:15Z"
"CT","Connecticut","1b37adb5-58b8-4e5d-9bd4-4076ba8d6278","Mark Longobardi DMD","-72.21396407","41.71401147","dentist","general_dentistry | medical_service_organizations","169 Valley St","Willimantic","06226-2458","CT","US","+18602651023","dentistwillimantic@gmail.com","https://dentist-willimantic.com/","https://www.facebook.com/149146021903522","","0.9992997661530971","","9","meta | Overture","CDLA-Permissive-2.0","2026-04-27T00:00:00.000Z | 2026-06-11T11:57:15Z"
"CT","Connecticut","1b53be6d-4cf9-4098-ad81-20622443c58d","Kennedy Kevin M Dntst","-73.20606","41.205383","dentist","health_and_medical | lawyer","3193 Main St","Bridgeport","06606-4225","CT","US","+12033740848","","http://www.bridgeportsmiles.net/","https://www.facebook.com/160317873988560","","0.9199122190475464","open","8","meta | Overture | Overture-signals","CDLA-Permissive-2.0","2026-04-27T00:00:00.000Z | 2026-06-11T11:57:15Z | 2026-05-12T00:29:08Z | 2026-05-18T13:23:54Z | 2026-05-25T13:08:59Z | 2026-06-01T13:20:32Z | 2026-06-08T13:20:12Z"
"CT","Connecticut","1b5a196b-15a0-4057-9201-230eee38d819","Dr. Martin T. Nweeia, Dentist","-73.4791035303184","41.8796366582921","dentist","","6 New St","Sharon","06069","CT","US","(860) 364-0200","","https://hsdm.harvard.edu","","","0.9199122190475464","open","4","Foursquare | Overture | Overture-signals","Apache-2.0 | CDLA-Permissive-2.0","2025-08-22T00:00:00.000 | 2026-06-11T11:57:15Z | 2026-05-12T00:29:08Z | 2026-05-18T13:23:54Z | 2026-05-25T13:08:59Z | 2026-06-01T13:20:32Z | 2026-06-08T13:20:12Z"
"CT","Connecticut","1b69a9bc-5ec8-43d0-afeb-8bdbb967f57c","Cherry Tree Dental Care","-73.0539692","41.22699494","dentist","general_dentistry","58 Cherry St","Milford","06460-8905","CT","US","+12038780193","cherrytreedental@ymail.com","http://www.cherrytreedentalcare.com","https://www.facebook.com/102321401522368","","0.9199122190475464","open","7","meta | Overture | Overture-signals","CDLA-Permissive-2.0","2026-04-27T00:00:00.000Z | 2026-06-11T11:57:15Z | 2026-05-12T00:29:08Z | 2026-05-18T13:23:54Z | 2026-05-25T13:08:59Z | 2026-06-01T13:20:32Z | 2026-06-08T13:20:12Z"
"CT","Connecticut","1b716eda-b8bb-4405-abba-f9fe667b69b4","Doctors Drouin and Ridolfi","-72.67603823","41.6002958","dentist","endodontist | doctor","26 Shunpike Rd","Cromwell","06416-2442","CT","US","+18606352344","","http://www.drouinridolfi.com/","https://www.facebook.com/125550528035812","","0.5746938586235046","","7","meta | Overture","CDLA-Permissive-2.0","2026-04-27T00:00:00.000Z | 2026-06-11T11:57:15Z"
"CT","Connecticut","1b83be02-ee31-4bee-8f68-93e4d8662011","Madison Dental Spa","-72.59335313","41.28244916","dentist","general_dentistry | cosmetic_dentist","90 Wall St","Madison","06443-3128","CT","US","+12032455101","","https://www.ctdentalspa.com/","https://www.facebook.com/1396068370644188","","0.9199122190475464","open","10","meta | Overture | Overture-signals","CDLA-Permissive-2.0","2026-04-27T00:00:00.000Z | 2026-06-11T11:57:15Z | 2026-05-12T00:29:08Z | 2026-05-18T13:23:54Z | 2026-05-25T13:08:59Z | 2026-06-01T13:20:32Z | 2026-06-08T13:20:12Z"
"CT","Connecticut","1b918737-606d-44a2-82b6-70ac30f9434c","Drs Trepp and Miller, PC","-73.6451328494017","41.0179255140163","dentist","","500 W Putnam Ave","Greenwich","06830","CT","US","(203) 869-2510","","http://www.treppandmiller.com","","","0.77","","5","Foursquare | Overture","Apache-2.0 | CDLA-Permissive-2.0","2023-12-12T00:00:00.000 | 2026-06-11T11:57:15Z"
"CT","Connecticut","1ba4185a-ad65-4bef-b956-3d0bde2f920e","Manchester Dental Arts","-72.51318435","41.77751344","dentist","","229 E Center St","Manchester","06040-5207","CT","US","+18606430688","info@manchesterdentalarts.com","https://manchesterdentalarts.com/","https://www.facebook.com/728762403650425","","0.9199122190475464","open","7","meta | Overture | Overture-signals","CDLA-Permissive-2.0","2026-04-27T00:00:00.000Z | 2026-06-11T11:57:15Z | 2026-05-12T00:29:08Z | 2026-05-18T13:23:54Z | 2026-05-25T13:08:59Z | 2026-06-01T13:20:32Z | 2026-06-08T13:20:12Z"
"CT","Connecticut","1bd4b942-73b6-4577-97d6-56277ab59e3e","Dr. Fernanda Marchi","-73.2544722","41.1424344","dentist","orthodontist | doctor","1275 Post Rd","Fairfield","06824-6015","CT","US","+12032926644","info@bracesfairfield.com","http://www.bracesfairfield.com/","https://www.facebook.com/155402041244245","","0.9199122190475464","open","6","meta | Overture | Overture-signals","CDLA-Permissive-2.0","2026-04-27T00:00:00.000Z | 2026-06-11T11:57:15Z | 2026-05-12T00:29:08Z | 2026-05-18T13:23:54Z | 2026-05-25T13:08:59Z | 2026-06-01T13:20:32Z | 2026-06-08T13:20:12Z"
"CT","Connecticut","1bdafecb-2092-4b3a-a768-8f07e871b69e","Lasting Smiles of Prospect","-72.98379588","41.51246813","dentist","general_dentistry","60 Waterbury Rd","Prospect","06712-1250","CT","US","+12035273855","info@lastingsmilespt.com","https://lastingsmilespt.com/","https://www.facebook.com/110771593634517","","0.9199122190475464","open","7","meta | Overture | Overture-signals","CDLA-Permissive-2.0","2026-04-27T00:00:00.000Z | 2026-06-11T11:57:15Z | 2026-05-12T00:29:08Z | 2026-05-18T13:23:54Z | 2026-05-25T13:08:59Z | 2026-06-01T13:20:32Z | 2026-06-08T13:20:12Z"
"CT","Connecticut","1c1b1577-a6af-4671-8ab9-de3dd0ab1d80","Nova Dental","-72.810308","41.506479","dentist","orthodontist | pediatric_dentist","1241 S Broad St","Wallingford","06492-1737","CT","US","+12036265745","","http://novadentistry.com","https://www.facebook.com/301713896359540","","0.9902192950248718","open","7","meta | Overture | Overture-signals","CDLA-Permissive-2.0","2026-04-27T00:00:00.000Z | 2026-06-11T11:57:15Z | 2026-05-12T00:29:08Z | 2026-05-18T13:23:54Z | 2026-05-25T13:08:59Z | 2026-06-01T13:20:32Z | 2026-06-08T13:20:12Z"
"CT","Connecticut","1c1fde59-3df3-48c1-ad60-82026681ca8c","Wolkoff Alan DDS","-72.97237219","41.55230224","dentist","general_dentistry | doctor","93 Wedgewood Dr","Waterbury","06705-3611","CT","US","+12037532274","","http://www.alanwolkoffdmd.com/","https://www.facebook.com/165035060189180","Wolkoff Alan DMD","0.9961741328239441","","8","meta | Overture","CDLA-Permissive-2.0","2026-04-27T00:00:00.000Z | 2026-06-11T11:57:15Z"
"CT","Connecticut","1c43b4ba-5558-487c-8487-cf67ce637912","Daren Dental","-72.2119577623067","41.3665148939035","dentist","","131 Boston Post Rd","East Lyme","06333","CT","US","(860) 739-3425","","https://www.darendental.com","","","0.77","","5","Foursquare | Overture","Apache-2.0 | CDLA-Permissive-2.0","2024-10-09T00:00:00.000 | 2026-06-11T11:57:15Z"
"CT","Connecticut","1c82c89f-41ca-4791-bb8c-f809e90da373","Connecticut Maxillofacial Association","-72.6149533","41.71563949","dentist","medical_service_organizations","71 Naubuc Ave","Glastonbury","06033-2006","CT","US","+18606333519","","","https://www.facebook.com/155820124458325","","0.9199122190475464","open","6","meta | Overture | Overture-signals","CDLA-Permissive-2.0","2026-04-27T00:00:00.000Z | 2026-06-11T11:57:15Z | 2026-05-12T00:29:08Z | 2026-05-18T13:23:54Z | 2026-05-25T13:08:59Z | 2026-06-01T13:20:32Z | 2026-06-08T13:20:12Z"
"CT","Connecticut","1cbdf83a-4b55-4ed4-bea7-210bd36e94b4","Faigel, Julia O DDS","-73.41886","41.4076907","dentist","health_and_medical","72 Newtown Rd Ste 12","Danbury","06810","CT","US","2037786700","","","","","0.9199122190475464","open","6","Microsoft | Overture | Overture-signals","CDLA-Permissive-2.0","2015-05-14T09:34:29.633Z | 2026-06-11T11:57:15Z | 2026-05-12T00:29:08Z | 2026-05-18T13:23:54Z | 2026-05-25T13:08:59Z | 2026-06-01T13:20:32Z | 2026-06-08T13:20:12Z"
"CT","Connecticut","1cc4e1f0-d9df-4239-acb6-92a654b10781","Children's Dental Associates of NLC","-72.1015147762543","41.357994187048","dentist","","190 Hempstead St","New London","06320","CT","US","(860) 447-3216","children.dental@snet.net","http://www.childrensdentalnlc.com","","","0.77","","5","Foursquare | Overture","Apache-2.0 | CDLA-Permissive-2.0","2025-08-22T00:00:00.000 | 2026-06-11T11:57:15Z"
"CT","Connecticut","1ce49a8c-db5f-453e-b3ba-220d05b514b4","West Main Family Dentistry","-73.06133526","41.55456101","dentist","general_dentistry | medical_service_organizations","1147 W Main St","Waterbury","06708-2737","CT","US","+12037555641","","http://westmainfamilydentistry.com/","https://www.facebook.com/687306081370022","","0.9199122190475464","open","8","meta | Overture | Overture-signals","CDLA-Permissive-2.0","2026-04-27T00:00:00.000Z | 2026-06-11T11:57:15Z | 2026-05-12T00:29:08Z | 2026-05-18T13:23:54Z | 2026-05-25T13:08:59Z | 2026-06-01T13:20:32Z | 2026-06-08T13:20:12Z"
"CT","Connecticut","1d0bdeb9-da9c-4f64-9a3f-f3f461c1fb30","Berlin Family Dental","-72.76993767","41.64293143","dentist","general_dentistry","211 New Britain Rd","Berlin","06037-1360","CT","US","+18602252054","berlinfamilydental@gmail.com","https://www.berlindentalct.com/","https://www.facebook.com/112178708145338","","0.9199122190475464","open","9","meta | Overture | Overture-signals","CDLA-Permissive-2.0","2026-04-27T00:00:00.000Z | 2026-06-11T11:57:15Z | 2026-05-12T00:29:08Z | 2026-05-18T13:23:54Z | 2026-05-25T13:08:59Z | 2026-06-01T13:20:32Z | 2026-06-08T13:20:12Z"
"CT","Connecticut","1d28c73a-3e73-4b8e-a3e5-82413c5c67df","Dental Specialists of Darien","-73.47008793","41.07567142","dentist","","24 Old Kings Hwy S","Darien","06820-4537","CT","US","+12038362744","info@dentalspecialistsofdarien.com","https://dentalspecialistsofdarien.com/","https://www.facebook.com/123164768240228","","0.9902192950248718","open","8","meta | Overture | Overture-signals","CDLA-Permissive-2.0","2026-04-27T00:00:00.000Z | 2026-06-11T11:57:15Z | 2026-05-12T00:29:08Z | 2026-05-18T13:23:54Z | 2026-05-25T13:08:59Z | 2026-06-01T13:20:32Z | 2026-06-08T13:20:12Z"
"CT","Connecticut","1d728bad-81c9-4714-a60e-dff4667d48db","Nova Dental","-72.8410976280575","41.4158772471201","dentist","","521 Washington Ave","North Haven","06473","CT","US","(203) 234-3900","","http://www.novadentistry.com","https://www.facebook.com/286506571414816","","0.9199122190475464","open","4","Foursquare | Overture | Overture-signals","Apache-2.0 | CDLA-Permissive-2.0","2025-08-05T00:00:00.000 | 2026-06-11T11:57:15Z | 2026-05-12T00:29:08Z | 2026-05-18T13:23:54Z | 2026-05-25T13:08:59Z | 2026-06-01T13:20:32Z | 2026-06-08T13:20:12Z"
"CT","Connecticut","1da3049e-c08d-46a9-92dd-84d8e3b5c7dd","Dr. Dawn M. Mikaitis","-73.055802","41.493056","dentist","","","Naugatuck","06770","CT","US","(203) 729-9248","","http://www.dentistnaugatuck.com","","","0.77","","5","Foursquare | Overture","Apache-2.0 | CDLA-Permissive-2.0","2026-01-05T00:00:00.000 | 2026-06-11T11:57:15Z"
"CT","Connecticut","1dd27591-ac06-4312-bc24-52768d46d208","Rocky Hill Dental Group","-72.67786021","41.65903929","dentist","health_and_medical | doctor","412 Cromwell Ave","Rocky Hill","06067-1834","CT","US","+18605631294","","https://smartdentalnetwork.com/location/rocky-hill-dental-group/","https://www.facebook.com/499061106771965","","0.9199122190475464","open","7","meta | Overture | Overture-signals","CDLA-Permissive-2.0","2026-04-27T00:00:00.000Z | 2026-06-11T11:57:15Z | 2026-05-12T00:29:08Z | 2026-05-18T13:23:54Z | 2026-05-25T13:08:59Z | 2026-06-01T13:20:32Z | 2026-06-08T13:20:12Z"
"CT","Connecticut","1df02e31-a05b-4139-9917-9abf71cf07c3","Malik, Rahul DDS","-72.9212437","41.3703837","dentist","health_and_medical","2100 Dixwell Ave Ste 26","Hamden","06514","CT","US","2032883000","","","","","0.9199122190475464","open","6","Microsoft | Overture | Overture-signals","CDLA-Permissive-2.0","2015-05-14T10:17:27.413Z | 2026-06-11T11:57:15Z | 2026-05-12T00:29:08Z | 2026-05-18T13:23:54Z | 2026-05-25T13:08:59Z | 2026-06-01T13:20:32Z | 2026-06-08T13:20:12Z"
"CT","Connecticut","1e2dee5d-2a90-4a27-9e58-2893836d8486","James G. Diette","-73.4668694682697","41.0801889270767","dentist","","722 Post Rd","Darien","06820","CT","US","(203) 656-0404","","http://www.dariencosmeticdentistry.com","","","0.77","","1","Foursquare | Overture","Apache-2.0 | CDLA-Permissive-2.0","2026-03-20T00:00:00.000 | 2026-06-11T11:57:15Z"
"CT","Connecticut","1e2efe0c-7867-486d-bf4b-e4d43661f2ac","Sono Dental Group","-73.42084344","41.09953996","dentist","general_dentistry | cosmetic_dentist","9 Washington St","Norwalk","06854-2704","CT","US","+12038104821","sonodentalgroup@gmail.com","http://www.sonodentalgroup.com/","https://www.facebook.com/206147049596174","Sono Dental Group","0.9904174208641052","","9","meta | Overture","CDLA-Permissive-2.0","2026-04-27T00:00:00.000Z | 2026-06-11T11:57:15Z"
"CT","Connecticut","1e8d8bf4-9a76-4491-b3a0-5aa3f2d05258","Stanley E. Schulman","-72.6908894625648","41.6013865089105","dentist","","75 Berlin Rd","Cromwell","06416","CT","US","(860) 635-1515","jbdeegan@comcast.net","http://www.drstanleyschulman.com","https://www.facebook.com/146292665415644","","0.77","","6","Foursquare | Overture","Apache-2.0 | CDLA-Permissive-2.0","2025-08-22T00:00:00.000 | 2026-06-11T11:57:15Z"
"CT","Connecticut","1ef6b94e-af45-4a27-92db-9a766456cb2a","ClearChoice Dental Implant Center","-72.6658830908114","41.6491007898402","dentist","","175 Capital Blvd Ste 101","Rocky Hill","06067","CT","US","(860) 986-6468","hartfordinfo@clearchoice.com","https://www.clearchoice.com/locations/dental-implants-hartford/","https://www.twitter.com/clearchoice","","0.77","","5","Foursquare | Overture","Apache-2.0 | CDLA-Permissive-2.0","2020-12-15T00:00:00.000 | 2026-06-11T11:57:15Z"
"CT","Connecticut","1f34ea91-50c0-4a45-bfe8-97282326d662","Jeffrey Warren DMD","-73.26261131","41.14114024","dentist","medical_service_organizations | health_and_medical","1735 Post Rd","Fairfield","06824-5700","CT","US","+12032591460","jwarren23@optonline.net","http://drjeffreywarren.com/","https://www.facebook.com/719995414722085","","0.9199122190475464","open","7","meta | Overture | Overture-signals","CDLA-Permissive-2.0","2026-04-27T00:00:00.000Z | 2026-06-11T11:57:15Z | 2026-05-12T00:29:08Z | 2026-05-18T13:23:54Z | 2026-05-25T13:08:59Z | 2026-06-01T13:20:32Z | 2026-06-08T13:20:12Z"
"CT","Connecticut","1fb613ba-1a1b-4ae8-8579-5f2389ae2206","Main Street Advanced Dental & Cosmetics","-73.4520589","41.39439909","dentist","general_dentistry | cosmetic_dentist","209 Main St","Danbury","06810-2624","CT","US","+12037302917","advanceddentaldds@gmail.com","http://mainstreetadvanceddental.com/","https://www.facebook.com/1411240695575072","Main Street Advanced Dental & Cosmetics","0.9781461954116821","","9","meta | Overture","CDLA-Permissive-2.0","2026-04-27T00:00:00.000Z | 2026-06-11T11:57:15Z"
"CT","Connecticut","1ffe7e81-1d19-422b-abb3-36953430dadd","Alice Yang Family Dentistry","-72.81787751","41.47333963","dentist","pediatric_dentist | medical_service_organizations","174 N Plains Industrial Rd","Wallingford","06492-2337","CT","US","+12032650788","info@aliceyangdental.com","http://www.aliceyangdentalcare.com","https://www.facebook.com/115551041815712","","0.9902192950248718","open","7","meta | Overture | Overture-signals","CDLA-Permissive-2.0","2026-04-27T00:00:00.000Z | 2026-06-11T11:57:15Z | 2026-05-12T00:29:08Z | 2026-05-18T13:23:54Z | 2026-05-25T13:08:59Z | 2026-06-01T13:20:32Z | 2026-06-08T13:20:12Z"
"CT","Connecticut","202f8f1e-6903-44ce-bb84-e7fc4a2f4b5a","John Levy Dental","-73.07149551","41.22405323","dentist","pediatric_dentist | doctor","321 Boston Post Rd","Milford","06460-2574","CT","US","+12034335439","levy@levydentalservices.com","http://www.levydentalservices.com/","https://www.facebook.com/107914266365131","","0.9113020300865173","","7","meta | Overture","CDLA-Permissive-2.0","2026-04-27T00:00:00.000Z | 2026-06-11T11:57:15Z"
"CT","Connecticut","20979c76-7696-48ef-a3bb-26b2c99cd082","Fred C Kriegel DR","-73.6685132066491","41.06446118409","dentist","","76 Thunder Mountain Rd","Greenwich","06831","CT","US","(203) 869-0046","","http://www.drfkriegel.com","","","0.9199122190475464","open","4","Foursquare | Overture | Overture-signals","Apache-2.0 | CDLA-Permissive-2.0","2025-08-22T00:00:00.000 | 2026-06-11T11:57:15Z | 2026-05-12T00:29:08Z | 2026-05-18T13:23:54Z | 2026-05-25T13:08:59Z | 2026-06-01T13:20:32Z | 2026-06-08T13:20:12Z"
"CT","Connecticut","20f669f4-eb7d-4ea9-9211-a1ba9fae7889","Albano & Greenwald Family Dentistry","-73.0591075200181","41.5532430168218","dentist","","146 Highland Ave","Waterbury","06708","CT","US","(475) 252-8021","drmickanddina@yahoo.com","https://albanogreenwald.com","https://www.facebook.com/513425368716125","","0.77","","5","Foursquare | Overture","Apache-2.0 | CDLA-Permissive-2.0","2026-03-04T00:00:00.000 | 2026-06-11T11:57:15Z"
"CT","Connecticut","2104b99a-0546-45b0-8a9c-503ae7ef8104","West Hartford Dental","-72.73181001","41.76497965","dentist","cosmetic_dentist | general_dentistry","836 Farmington Ave","West Hartford","06119-1505","CT","US","+18605239916","whdental@hotmail.com","http://www.whartforddental.com/","https://www.facebook.com/132748106766487","","0.9988355517387391","","8","meta | Overture","CDLA-Permissive-2.0","2026-04-27T00:00:00.000Z | 2026-06-11T11:57:15Z"
"CT","Connecticut","210a4743-feee-4be8-8d33-fca5c379c587","Motto Clear Aligners","-72.9725911","41.2712031","dentist","health_and_medical","354 Saw Mill Rd","West Haven","06516","CT","US","2037954772","","https://www.aspendental.com/dentist/ct/west-haven/354-saw-mill-road/motto-clear-aligners/","","","0.9199122190475464","open","6","Microsoft | Overture | Overture-signals","CDLA-Permissive-2.0","2025-10-05T08:01:06.343Z | 2026-06-11T11:57:15Z | 2026-05-12T00:29:08Z | 2026-05-18T13:23:54Z | 2026-05-25T13:08:59Z | 2026-06-01T13:20:32Z | 2026-06-08T13:20:12Z"
"CT","Connecticut","211daf2c-7103-402d-809f-180524eaed6f","David R. Edelson, DMD | Dentist in Plainville, CT","-72.86121","41.6683152","dentist","health_and_medical","92 East St","Plainville","06062","CT","US","8603984966","","https://smartdentalnetwork.com/resources/david-r-edelson-dmd-magd/plainville-dental-group/","","","0.9941087047457695","","8","Microsoft | Overture","CDLA-Permissive-2.0","2025-10-04T07:56:42.310Z | 2026-06-11T11:57:15Z"
"CT","Connecticut","21e53a29-0d25-45de-920a-6ba1bfb7499d","Rolling Hills Dentistry","-73.45665975","41.40600535","dentist","general_dentistry | health_and_medical","53 North St","Danbury","06810-5637","CT","US","+12037430783","info@rollinghillsdentistry.com","https://rollinghillsdentistry.com/","https://www.facebook.com/1234086490051824","","0.9199122190475464","open","9","meta | Overture | Overture-signals","CDLA-Permissive-2.0","2026-04-27T00:00:00.000Z | 2026-06-11T11:57:15Z | 2026-05-12T00:29:08Z | 2026-05-18T13:23:54Z | 2026-05-25T13:08:59Z | 2026-06-01T13:20:32Z | 2026-06-08T13:20:12Z"
"CT","Connecticut","21eabbad-0608-4c1b-8f7c-ded62f3a48d4","Diamond Dental","-73.2728786209487","41.368729690375","dentist","","274 S Main St # C9","Newtown","06470","CT","US","(203) 403-2428","info@diamonddentalct.com","http://www.diamonddentalct.com","https://www.facebook.com/1429815307157070","","0.77","","5","Foursquare | Overture","Apache-2.0 | CDLA-Permissive-2.0","2024-11-22T00:00:00.000 | 2026-06-11T11:57:15Z"
"CT","Connecticut","221cfe55-63e1-452a-842a-7231abf57e59","Lee McNeish DDS","-73.0697029194129","41.548092403659","dentist","","650 Chase Pkwy","Waterbury","06708","CT","US","(203) 596-7788","","http://www.drmcneish.com","https://www.facebook.com/139019982812552","","0.9199122190475464","open","4","Foursquare | Overture | Overture-signals","Apache-2.0 | CDLA-Permissive-2.0","2025-08-12T00:00:00.000 | 2026-06-11T11:57:15Z | 2026-05-12T00:29:08Z | 2026-05-18T13:23:54Z | 2026-05-25T13:08:59Z | 2026-06-01T13:20:32Z | 2026-06-08T13:20:12Z"
"CT","Connecticut","22241224-6642-4a14-b228-1b6f1a0f6e38","Edmonstone Robert L DDS","-72.37624635595","41.2895533032293","dentist","","251 Main St","Old Saybrook","06475","CT","US","(860) 388-0142","admin@edmonstonedental.com","http://www.edmonstonedental.com","https://www.facebook.com/163204703708670","","0.77","","6","Foursquare | Overture","Apache-2.0 | CDLA-Permissive-2.0","2025-08-19T00:00:00.000 | 2026-06-11T11:57:15Z"
"CT","Connecticut","2275677e-f2a4-4a13-9205-eede2b2cbf54","James T Smith Jr PC","-73.12849257","41.80601837","dentist","general_dentistry","148 Migeon Ave","Torrington","06790-4817","CT","US","+18604897974","smile@jtsmithdental.com","http://jtsmithdental.com/","https://www.facebook.com/317733911582503","","0.9199122190475464","open","8","meta | Overture | Overture-signals","CDLA-Permissive-2.0","2026-04-27T00:00:00.000Z | 2026-06-11T11:57:15Z | 2026-05-12T00:29:08Z | 2026-05-18T13:23:54Z | 2026-05-25T13:08:59Z | 2026-06-01T13:20:32Z | 2026-06-08T13:20:12Z"
"CT","Connecticut","229a83c7-2fb9-4f66-bf85-4eb0b55710e1","Fried Dentistry","-72.823439","41.485757","dentist","health_and_medical | oral_surgeon","329 Main St","Wallingford","06492-2273","CT","US","+12032657118","office@fantarelladental.com","http://www.frieddentistry.com/contact.html","https://www.facebook.com/112030505526517","","0.9155564308166504","","7","meta | Overture","CDLA-Permissive-2.0","2026-04-27T00:00:00.000Z | 2026-06-11T11:57:15Z"
"CT","Connecticut","22bddd71-db76-43b8-bfe1-5a5264c763b5","Dr. Doris P. Gonzales","-73.01079747","41.56275299","dentist","health_and_medical | doctor","767 Wolcott St","Waterbury","06705-1324","CT","US","+12037535041","","","https://www.facebook.com/177768715673355","","0.9199122190475464","open","7","meta | Overture | Overture-signals","CDLA-Permissive-2.0","2026-04-27T00:00:00.000Z | 2026-06-11T11:57:15Z | 2026-05-12T00:29:08Z | 2026-05-18T13:23:54Z | 2026-05-25T13:08:59Z | 2026-06-01T13:20:32Z | 2026-06-08T13:20:12Z"
"CT","Connecticut","230274cf-dc6b-48f4-a349-f77446152c43","Market Square Dental Associates","-72.72186558","41.69632542","dentist","general_dentistry | medical_service_organizations","51 Market Sq","Newington","06111-2912","CT","US","+18606670818","marketsquaredentistry@gmail.com","http://www.marketsquaredental.com/","https://www.facebook.com/831141226926711","Market Square","0.9199122190475464","open","9","meta | Overture | Overture-signals","CDLA-Permissive-2.0","2026-04-27T00:00:00.000Z | 2026-06-11T11:57:15Z | 2026-05-12T00:29:08Z | 2026-05-18T13:23:54Z | 2026-05-25T13:08:59Z | 2026-06-01T13:20:32Z | 2026-06-08T13:20:12Z"
"CT","Connecticut","23664204-0a43-4934-bd42-eaeb772badc2","Horizon Dental","-72.87272129","41.63568275","dentist","general_dentistry | medical_service_organizations","685 Queen St","Southington","06489-1547","CT","US","+18608635831","info@horizondentalct.com","http://www.horizondentalct.com/","https://www.facebook.com/304303129644003","Horizon Dental","0.9199122190475464","open","8","meta | Overture | Overture-signals","CDLA-Permissive-2.0","2026-04-27T00:00:00.000Z | 2026-06-11T11:57:15Z | 2026-05-12T00:29:08Z | 2026-05-18T13:23:54Z | 2026-05-25T13:08:59Z | 2026-06-01T13:20:32Z | 2026-06-08T13:20:12Z"
"CT","Connecticut","23892dfa-d4f3-4859-b73f-6786aff9acef","Frederick M Daniels DDS","-72.3345947","41.9282483","dentist","health_and_medical","12 Tolland Tpke","Tolland","06084","CT","US","8608756269","","","","","0.9199122190475464","open","4","Microsoft | Overture | Overture-signals","CDLA-Permissive-2.0","2024-03-19T07:37:56.470Z | 2026-06-11T11:57:15Z | 2026-05-12T00:29:08Z | 2026-05-18T13:23:54Z | 2026-05-25T13:08:59Z | 2026-06-01T13:20:32Z | 2026-06-08T13:20:12Z"
"CT","Connecticut","239c6815-7fdc-46f5-ae2e-4af4260c050b","Weir Ronald DDS","-73.06231478","41.56107229","dentist","general_dentistry","171 Grandview Ave","Waterbury","06708-2517","CT","US","+12035731119","","","https://www.facebook.com/148395778522228","","0.9199122190475464","open","7","meta | Overture | Overture-signals","CDLA-Permissive-2.0","2026-04-27T00:00:00.000Z | 2026-06-11T11:57:15Z | 2026-05-12T00:29:08Z | 2026-05-18T13:23:54Z | 2026-05-25T13:08:59Z | 2026-06-01T13:20:32Z | 2026-06-08T13:20:12Z"
"CT","Connecticut","23c32d7a-4b84-4d67-b8c8-206873f854dd","Dr. Kenneth J Huwer Orthodontics","-73.5333077313843","41.4418827601731","dentist","","3 Route 39, Fieldstone Drive","New Fairfield","06812","CT","US","(203) 746-2429","","http://www.drhuwerorthodontics.com","https://www.facebook.com/660380880818400","","0.77","","5","Foursquare | Overture","Apache-2.0 | CDLA-Permissive-2.0","2025-08-22T00:00:00.000 | 2026-06-11T11:57:15Z"
"CT","Connecticut","241050c2-f0a6-486e-bdf7-840c7f4ad3e5","Enfield Dental Center LLC","-72.58100132","41.99939798","dentist","general_dentistry | medical_service_organizations","115 Elm St","Enfield","06082-3712","CT","US","+18607416644","enfieldental204@gmail.com","http://enfielddentalcenter.com/","https://www.facebook.com/120174064744689","Enfield Dental Center, LLC","0.9882234930992126","","8","meta | Overture","CDLA-Permissive-2.0","2026-04-27T00:00:00.000Z | 2026-06-11T11:57:15Z"
"CT","Connecticut","242f8d97-89d3-48df-861e-79dbc95fc35d","Dr. Dilshad A. Siddigui","-73.25586097","41.30622324","dentist","general_dentistry","181 Main St","Monroe","06468-1110","CT","US","+12034458365","","","https://www.facebook.com/160829910605791","","0.9199122190475464","open","7","meta | Overture | Overture-signals","CDLA-Permissive-2.0","2026-04-27T00:00:00.000Z | 2026-06-11T11:57:15Z | 2026-05-12T00:29:08Z | 2026-05-18T13:23:54Z | 2026-05-25T13:08:59Z | 2026-06-01T13:20:32Z | 2026-06-08T13:20:12Z"
"CT","Connecticut","2451ff7d-8dba-4e51-a9c4-d847ad5ae597","Burstein Dental","-72.5666692426837","41.8478972732659","dentist","","15 Morgan Farms Dr","South Windsor","06074","CT","US","(860) 644-4741","","http://www.robertbursteindds.com","","","0.77","","6","Foursquare | Overture","Apache-2.0 | CDLA-Permissive-2.0","2025-09-26T00:00:00.000 | 2026-06-11T11:57:15Z"
"CT","Connecticut","245d3650-2e4e-46de-9008-a1019e63a289","Dr. Stephen G. Erickson","-72.52130279","41.7742166","dentist","general_dentistry | cosmetic_dentist","599 Main St","Manchester","06040-5156","CT","US","+18606461535","","http://www.smile-more.com/","https://www.facebook.com/132214190138390","Social Smile","0.9543938040733337","","1","meta | Overture","CDLA-Permissive-2.0","2026-04-27T00:00:00.000Z | 2026-06-11T11:57:15Z"
"CT","Connecticut","248918dc-a49e-43a3-9cc7-613340d242b4","Vincent Nicholas Laporta","-72.5218560852363","41.8101362684442","dentist","","360 Tolland Tpke Ste 1C","Manchester","06042","CT","US","(860) 646-1429","","http://laportaperiodontics.com","","","0.9199122190475464","open","4","Foursquare | Overture | Overture-signals","Apache-2.0 | CDLA-Permissive-2.0","2025-08-22T00:00:00.000 | 2026-06-11T11:57:15Z | 2026-05-12T00:29:08Z | 2026-05-18T13:23:54Z | 2026-05-25T13:08:59Z | 2026-06-01T13:20:32Z | 2026-06-08T13:20:12Z"
"CT","Connecticut","24946f64-af7f-47be-ac44-34ddde91711f","Columbia Dental","-72.593752","41.999578","dentist","pediatric_dentist | periodontist","841 Enfield St","Enfield","06082-2970","CT","US","+18602539803","enfield@columbiadental.com","https://www.columbiadental.com/our-locations/enfield-connecticut","https://www.facebook.com/131916374040008","Columbia Dental","0.9199122190475464","open","9","meta | Overture | Overture-signals","CDLA-Permissive-2.0","2026-04-27T00:00:00.000Z | 2026-06-11T11:57:15Z | 2026-05-12T00:29:08Z | 2026-05-18T13:23:54Z | 2026-05-25T13:08:59Z | 2026-06-01T13:20:32Z | 2026-06-08T13:20:12Z"
"CT","Connecticut","24b72bc7-e221-45cd-86de-140f64f86776","Oral & Maxillofacial Surgery","-72.94509514","41.31053157","dentist","oral_surgeon | medical_service_organizations","136 Sherman Ave","New Haven","06511-5209","CT","US","+12038650807","","https://ctcoastalobgyn.com","https://www.facebook.com/138639436183439","","0.9199122190475464","open","6","meta | Overture | Overture-signals","CDLA-Permissive-2.0","2026-04-27T00:00:00.000Z | 2026-06-11T11:57:15Z | 2026-05-12T00:29:08Z | 2026-05-18T13:23:54Z | 2026-05-25T13:08:59Z | 2026-06-01T13:20:32Z | 2026-06-08T13:20:12Z"
"CT","Connecticut","25187194-6bc7-4be4-b700-096446fccf2a","South Windsor Smiles, LLC","-72.555258","41.822132","dentist","","112 Deming Street","South Windsor","06074","CT","US","+18062882111","","","","","0.9199122190475464","open","7","DAC | Overture | Overture-signals","CDLA-Permissive-2.0","2026-06-10T16:03:35.911Z | 2026-06-11T11:57:15Z | 2026-05-12T00:29:08Z | 2026-05-18T13:23:54Z | 2026-05-25T13:08:59Z | 2026-06-01T13:20:32Z | 2026-06-08T13:20:12Z"
"CT","Connecticut","25303f13-f13d-4f88-a015-6ce60ce59b2a","Hartford Dental Associates","-72.76428754","41.75547818","dentist","general_dentistry | cosmetic_dentist","1216 Farmington Ave","West Hartford","06107-2672","CT","US","+18605614378","info@hartforddental.org","http://www.hartforddental.org","https://www.facebook.com/117902514914416","","0.9995592788159847","","9","meta | Overture","CDLA-Permissive-2.0","2026-04-27T00:00:00.000Z | 2026-06-11T11:57:15Z"
"CT","Connecticut","25398bb4-dcbf-48fd-a37d-fa3ac458eaeb","Westville Family Dental","-72.95964029","41.32681899","dentist","general_dentistry","881 Whalley Ave","New Haven","06515-1728","CT","US","+14752655730","info@westvillefamilydental.com","https://www.westvillefamilydental.com/","https://www.facebook.com/1544890945726006","Westville Family Dental","0.9985332804918289","","9","meta | Overture","CDLA-Permissive-2.0","2026-04-27T00:00:00.000Z | 2026-06-11T11:57:15Z"
"CT","Connecticut","255884fa-ff51-4c9e-9258-c3099db45d26","Boatey Maxwell Dr","-72.7938554303935","41.5316116354649","dentist","","415 Broad St","Meriden","06450","CT","US","(203) 634-1515","","http://www.meridenadultandchildrensdental.com","","","0.9199122190475464","open","4","Foursquare | Overture | Overture-signals","Apache-2.0 | CDLA-Permissive-2.0","2025-08-19T00:00:00.000 | 2026-06-11T11:57:15Z | 2026-05-12T00:29:08Z | 2026-05-18T13:23:54Z | 2026-05-25T13:08:59Z | 2026-06-01T13:20:32Z | 2026-06-08T13:20:12Z"
"CT","Connecticut","2577aef6-5d7a-4860-a641-611320d6aa3a","Stonington Dental Associates","-71.87252681","41.36316221","dentist","general_dentistry","20 S Anguilla Rd","Stonington","06379-1447","CT","US","+18605992505","ct@stoningtondental.com","https://www.rictadvanceddentistry.com/","https://www.facebook.com/455114711646370","","0.9990607798099518","","8","meta | Overture","CDLA-Permissive-2.0","2026-04-27T00:00:00.000Z | 2026-06-11T11:57:15Z"
"CT","Connecticut","259a4106-5f6a-47d5-b73c-7acbabc6f8e9","Dawn Cooley's Dentist","-72.8875898582831","41.7587081769722","dentist","","36 Main St","Unionville","06085","CT","US","(860) 673-9770","","http://dawncooleydmd.com","","","0.9199122190475464","open","4","Foursquare | Overture | Overture-signals","Apache-2.0 | CDLA-Permissive-2.0","2024-05-30T00:00:00.000 | 2026-06-11T11:57:15Z | 2026-05-12T00:29:08Z | 2026-05-18T13:23:54Z | 2026-05-25T13:08:59Z | 2026-06-01T13:20:32Z | 2026-06-08T13:20:12Z"
"CT","Connecticut","25d53e98-d021-4009-8915-8b7ae061e855","Dental Associates of Rockville","-72.43239452","41.86389163","dentist","general_dentistry | medical_service_organizations","50 Hale St","Vernon","06066-3840","CT","US","+18608720794","daofrockville@gmail.com","http://www.dentalassociatesofrockville.com/","https://www.facebook.com/2219271001687422","","0.9199122190475464","open","9","meta | Overture | Overture-signals","CDLA-Permissive-2.0","2026-04-27T00:00:00.000Z | 2026-06-11T11:57:15Z | 2026-05-12T00:29:08Z | 2026-05-18T13:23:54Z | 2026-05-25T13:08:59Z | 2026-06-01T13:20:32Z | 2026-06-08T13:20:12Z"
"CT","Connecticut","25f9d322-1850-4d7b-9156-de83a24bb6eb","Brass Mill Mall Dental","-73.02614176","41.55005575","dentist","orthodontist | pediatric_dentist","495 Union St","Waterbury","06706-1200","CT","US","+12035742121","","http://www.ctdrivingschool.net/","https://www.facebook.com/512251205884125","Charters Towers Driving School","0.9796039462089539","","7","meta | Overture","CDLA-Permissive-2.0","2026-04-27T00:00:00.000Z | 2026-06-11T11:57:15Z"
"CT","Connecticut","266ee3c9-7d86-4eaf-9abd-bd2b87917ad2","Venu Chimmiri DDS","-72.572628","41.989995","dentist","doctor | health_and_medical","71 Hazard Ave","Enfield","06082","CT","US","8602724168","","https://www.enfieldfamilydentalcare.com/","","","0.9199122190475464","open","6","Microsoft | Overture | Overture-signals","CDLA-Permissive-2.0","2020-02-12T19:06:05.617Z | 2026-06-11T11:57:15Z | 2026-05-12T00:29:08Z | 2026-05-18T13:23:54Z | 2026-05-25T13:08:59Z | 2026-06-01T13:20:32Z | 2026-06-08T13:20:12Z"
"CT","Connecticut","27074037-a752-4d29-a7a1-08ef7a03bdc6","Nova Dental","-72.70924355","41.60696269","dentist","general_dentistry | health_and_medical","136 Berlin Rd","Cromwell","06416-2600","CT","US","+18603589040","customerservice@novadentistry.com","http://www.novadentistry.com/","https://www.facebook.com/113666287432302","Nova Dental","0.9902192950248718","open","8","meta | Overture | Overture-signals","CDLA-Permissive-2.0","2026-04-27T00:00:00.000Z | 2026-06-11T11:57:15Z | 2026-05-12T00:29:08Z | 2026-05-18T13:23:54Z | 2026-05-25T13:08:59Z | 2026-06-01T13:20:32Z | 2026-06-08T13:20:12Z"
"CT","Connecticut","270f4ada-3403-44d6-9f89-8e25365d8cf2","Hamburg Cove Endodontics","-72.3505994698145","41.3853345157212","dentist","","248 Hamburg Rd","Lyme","06371","CT","US","(860) 434-7434","","http://www.248endo.com","","","0.9199122190475464","open","4","Foursquare | Overture | Overture-signals","Apache-2.0 | CDLA-Permissive-2.0","2025-08-22T00:00:00.000 | 2026-06-11T11:57:15Z | 2026-05-12T00:29:08Z | 2026-05-18T13:23:54Z | 2026-05-25T13:08:59Z | 2026-06-01T13:20:32Z | 2026-06-08T13:20:12Z"
"CT","Connecticut","2729f139-eb57-4528-8119-462c09d6e65d","Rauch Dental Associates","-73.05225006","41.22695463","dentist","general_dentistry","91 Cherry St","Milford","06460-3414","CT","US","+12038745577","themilforddentist@gmail.com","http://www.themilforddentist.com","https://www.facebook.com/117404108319856","","0.9199122190475464","open","9","meta | Overture | Overture-signals","CDLA-Permissive-2.0","2026-04-27T00:00:00.000Z | 2026-06-11T11:57:15Z | 2026-05-12T00:29:08Z | 2026-05-18T13:23:54Z | 2026-05-25T13:08:59Z | 2026-06-01T13:20:32Z | 2026-06-08T13:20:12Z"
"CT","Connecticut","27833c93-2771-4346-83c9-35ca7f914921","Connecticut Smiles","-73.2183","41.22348","dentist","","","Bridgeport","","CT","US","+12033724296","","https://connecticutsmiles.com/","https://www.facebook.com/100225185924109","","0.5742247700691223","","2","meta | Overture","CDLA-Permissive-2.0","2026-04-27T00:00:00.000Z | 2026-06-11T11:57:15Z"
"CT","Connecticut","27a872ef-6100-4665-aeae-8aded059cf75","Howard Levitt, DDS","-73.40329717","41.44974113","dentist","general_dentistry | cosmetic_dentist","2 Old New Milford Rd","Brookfield","06804-2426","CT","US","+12037752225","hlevittdds@gmail.com","https://www.howardlevittdds.com/","https://www.facebook.com/368402007196268","","0.9199122190475464","open","7","meta | Overture | Overture-signals","CDLA-Permissive-2.0","2026-04-27T00:00:00.000Z | 2026-06-11T11:57:15Z | 2026-05-12T00:29:08Z | 2026-05-18T13:23:54Z | 2026-05-25T13:08:59Z | 2026-06-01T13:20:32Z | 2026-06-08T13:20:12Z"
"CT","Connecticut","27c2a532-dd4f-4aef-aee8-e1a7e8977e2a","Spadola & Vincent","-72.89978014","41.50702077","dentist","general_dentistry | cosmetic_dentist","306 Highland Ave","Cheshire","06410-2521","CT","US","+12032729694","contactus@beautifulcheshiresmiles.com","http://www.beautifulcheshiresmiles.com/","https://www.facebook.com/201073923263030","","0.9902192950248718","open","9","meta | Overture | Overture-signals","CDLA-Permissive-2.0","2026-04-27T00:00:00.000Z | 2026-06-11T11:57:15Z | 2026-05-12T00:29:08Z | 2026-05-18T13:23:54Z | 2026-05-25T13:08:59Z | 2026-06-01T13:20:32Z | 2026-06-08T13:20:12Z"
"CT","Connecticut","27c930b4-790e-487c-b849-7276464c1907","McLeanSmiles","-73.22615963","41.20656061","dentist","general_dentistry","3738 Park Ave","Bridgeport","06604-1020","CT","US","+12035499099","","https://mcleansmiles.com/","https://www.facebook.com/638198596632690","McLeanSmiles","0.9994767324030399","","10","meta | Overture","CDLA-Permissive-2.0","2026-04-27T00:00:00.000Z | 2026-06-11T11:57:15Z"
"CT","Connecticut","27edcdbb-f3ae-4853-a313-ed8a992d1eed","Manchester Community Dental","-72.52421716","41.79450271","dentist","general_dentistry | doctor","150 N Main St","Manchester","06042-2086","CT","US","+18606464678","","http://www.ehchc.org","https://www.facebook.com/116830708378100","Manchester Community Dental Services","0.8135848641395569","","5","meta | Overture","CDLA-Permissive-2.0","2026-04-27T00:00:00.000Z | 2026-06-11T11:57:15Z"
"CT","Connecticut","282be523-1541-4dfb-8555-793a73f6480c","Torrington Dental Care","-73.10164084","41.82524055","dentist","general_dentistry | health_and_medical","333 Kennedy Dr","Torrington","06790-3060","CT","US","+18602594073","torrington@42northdental.com","https://www.torringtondentalcare.com/","https://www.facebook.com/187128477967208","","0.9902192950248718","open","9","meta | Overture | Overture-signals","CDLA-Permissive-2.0","2026-04-27T00:00:00.000Z | 2026-06-11T11:57:15Z | 2026-05-12T00:29:08Z | 2026-05-18T13:23:54Z | 2026-05-25T13:08:59Z | 2026-06-01T13:20:32Z | 2026-06-08T13:20:12Z"
"CT","Connecticut","28c67e8c-3064-4fa3-a9d3-c661b31aac01","Smile and Shine Waterbury","-73.01490281","41.54972234","dentist","general_dentistry | health_and_medical","158 Manor Ave","Waterbury","06705-1252","CT","US","+12035273375","","","https://www.facebook.com/1473752022681425","","0.9769257307052612","","8","meta | Overture","CDLA-Permissive-2.0","2026-04-27T00:00:00.000Z | 2026-06-11T11:57:15Z"
"CT","Connecticut","28cda88e-8ad2-41d4-830b-acce266f7181","Viagrande & Katz Associates","-72.7702502629622","41.6404020177378","dentist","","300 New Britain Rd","Kensington","06037","CT","US","(860) 799-4185","richv0007@aol.com","http://www.richardviagrandedmd.com","https://www.facebook.com/852222471467218","","0.9199122190475464","open","4","Foursquare | Overture | Overture-signals","Apache-2.0 | CDLA-Permissive-2.0","2021-02-24T00:00:00.000 | 2026-06-11T11:57:15Z | 2026-05-12T00:29:08Z | 2026-05-18T13:23:54Z | 2026-05-25T13:08:59Z | 2026-06-01T13:20:32Z | 2026-06-08T13:20:12Z"
"CT","Connecticut","297825b7-fdd5-48ed-b382-a3985efcce14","Laro Family Dental","-72.52353046","41.7883013","dentist","general_dentistry | health_and_medical","153 Main St","Manchester","06042-3112","CT","US","+18606495675","drklaro@gmail.com","https://www.larofamilydental.com/","https://www.facebook.com/163314893687399","","0.9573096036911011","","1","meta | Overture","CDLA-Permissive-2.0","2026-04-27T00:00:00.000Z | 2026-06-11T11:57:15Z"
"CT","Connecticut","29bb64f0-7a9e-496e-8756-8e65116666c4","Dental Associates of Kensington","-72.745324","41.62787105","dentist","general_dentistry | cosmetic_dentist","140 Webster Square Rd","Berlin","06037-2329","CT","US","+18608292849","","https://www.dentalassociateskensington.com/","https://www.facebook.com/224295947595739","","0.9903926849365234","","1","meta | Overture","CDLA-Permissive-2.0","2026-04-27T00:00:00.000Z | 2026-06-11T11:57:15Z"
"CT","Connecticut","29cd85f0-6a31-427e-bf96-ce484a5e952f","Directa USA","-73.354003","41.427483","dentist","business_manufacturing_and_supply","64 Barnabas Rd","Newtown","06470-1259","CT","US","+12034912273","infousa@directadental.com","http://www.directausa.com/","https://www.facebook.com/165191360250705","Directa Dental","0.5388858318328857","","8","meta | Overture","CDLA-Permissive-2.0","2026-04-27T00:00:00.000Z | 2026-06-11T11:57:15Z"
"CT","Connecticut","29e4ce72-b9af-435b-afa2-fd53695ff5d4","Kelly Palchik","-73.20704873","41.54812567","dentist","general_dentistry | doctor","84 Main St S","Woodbury","06798-3403","CT","US","+12032632853","kellypalchikdmd@gmail.com","https://kellypalchikdmd.wordpress.com/contact-us","https://www.facebook.com/387295011444360","","0.9199122190475464","open","6","meta | Overture | Overture-signals","CDLA-Permissive-2.0","2026-04-27T00:00:00.000Z | 2026-06-11T11:57:15Z | 2026-05-12T00:29:08Z | 2026-05-18T13:23:54Z | 2026-05-25T13:08:59Z | 2026-06-01T13:20:32Z | 2026-06-08T13:20:12Z"
"CT","Connecticut","2a479667-efad-4294-ba0f-5070be1f38e0","MagicLand Pediatric Dental","-73.010167","41.563774","dentist","pediatric_dentist","815 Wolcott St","Waterbury","06705-1301","CT","US","+14755597908","mlw@prestigedentalnetwork.com","http://www.magiclandpediatricdental.com/","https://www.facebook.com/105449092443867","MagicLand Pediatric Dental","0.9199122190475464","open","9","meta | Overture | Overture-signals","CDLA-Permissive-2.0","2026-04-27T00:00:00.000Z | 2026-06-11T11:57:15Z | 2026-05-12T00:29:08Z | 2026-05-18T13:23:54Z | 2026-05-25T13:08:59Z | 2026-06-01T13:20:32Z | 2026-06-08T13:20:12Z"
"CT","Connecticut","2ad48512-4651-4637-a112-fdf065035327","Dr. Heim And Dr. Carroll","-72.6057458386011","41.7135954170864","dentist","","","Glastonbury","","CT","US","(860) 633-2031","","https://www.glastonburysmiles.com","","","0.77","","3","Foursquare | Overture","Apache-2.0 | CDLA-Permissive-2.0","2025-10-15T00:00:00.000 | 2026-06-11T11:57:15Z"
"CT","Connecticut","2aef9801-94f8-42b2-a7dc-7110a8893801","Oral Surgeons Associates PC","-73.416910171509","41.116429497992","dentist","oral_surgeon | doctor","10 Mott Ave","Norwalk","06850-3320","CT","US","+12038530500","info@norwalkdentalimplant.com","http://www.norwalkdentalimplant.com/","https://www.facebook.com/718711291622568","Oral Surgeons Associates PC","0.9236800074577332","","7","meta | Overture","CDLA-Permissive-2.0","2026-04-27T00:00:00.000Z | 2026-06-11T11:57:15Z"
"CT","Connecticut","2b15d2e4-df72-4fb7-b22c-c3b685b661bb","Jason M. Scully DDS and Francis Zaino DDS, LL","-73.258264997195","41.1397968304965","dentist","","69 Sherman St Ste A","Fairfield","06824","CT","US","(203) 255-1545","contactus@scullyandzainodental.com","http://www.scullyandzainodental.com/reviews.html","","","0.9199122190475464","open","4","Foursquare | Overture | Overture-signals","Apache-2.0 | CDLA-Permissive-2.0","2025-09-09T00:00:00.000 | 2026-06-11T11:57:15Z | 2026-05-12T00:29:08Z | 2026-05-18T13:23:54Z | 2026-05-25T13:08:59Z | 2026-06-01T13:20:32Z | 2026-06-08T13:20:12Z"
"CT","Connecticut","2b258b6e-9db2-4e28-94c9-de003a318ff4","The Dental Center","-72.70620959","41.6895224","dentist","general_dentistry | health_and_medical","2304 Berlin Tpke","Newington","06111-3204","CT","US","+18606661000","bbelldmd@thedentalcenterllc.com","http://www.TheDentalCenterLLC.com/","https://www.facebook.com/313301205258","The Dental Center, LLC","0.9902192950248718","open","8","meta | Overture | Overture-signals","CDLA-Permissive-2.0","2026-04-27T00:00:00.000Z | 2026-06-11T11:57:15Z | 2026-05-12T00:29:08Z | 2026-05-18T13:23:54Z | 2026-05-25T13:08:59Z | 2026-06-01T13:20:32Z | 2026-06-08T13:20:12Z"
"CT","Connecticut","2b78b0d4-8b74-40be-b338-da12918177f9","Gentle Dental Solutions","-72.59906988","41.28222796","dentist","general_dentistry","71 Bradley Rd","Madison","06443-2662","CT","US","+12033188182","general@gentledentalspc.com","http://gentle-dental-solutions-pc.business.site","https://www.facebook.com/1110155015723579","Gentle Dental","0.9199122190475464","open","7","meta | Overture | Overture-signals","CDLA-Permissive-2.0","2026-04-27T00:00:00.000Z | 2026-06-11T11:57:15Z | 2026-05-12T00:29:08Z | 2026-05-18T13:23:54Z | 2026-05-25T13:08:59Z | 2026-06-01T13:20:32Z | 2026-06-08T13:20:12Z"
"CT","Connecticut","2b826fef-8948-410b-b020-4410b15b8b29","Dr. Chan","-73.4293137782852","41.2113010471623","dentist","","","Wilton","06897","CT","US","(203) 762-8405","","http://wiltonfamilydentalcare.com","","","0.77","","3","Foursquare | Overture","Apache-2.0 | CDLA-Permissive-2.0","2025-10-15T00:00:00.000 | 2026-06-11T11:57:15Z"
"CT","Connecticut","2bbc5296-0ebc-4fe0-978b-67a2561404eb","Wright David C. DMD","-73.49700395","41.14705202","dentist","general_dentistry | doctor","33 Seminary St","New Canaan","06840-4502","CT","US","+12039662323","maclean96@aol.com","http://davidcwrightdmd.com/","https://www.facebook.com/186034082215056","","0.878993809223175","","8","meta | Overture","CDLA-Permissive-2.0","2026-04-27T00:00:00.000Z | 2026-06-11T11:57:15Z"
"CT","Connecticut","2c5faa7d-f6c7-47d6-b9b3-b89c9e56d8f4","Sleep Stratford","-73.11622565","41.2232977","dentist","general_dentistry | health_and_medical","4949 Main St","Stratford","06614-1613","CT","US","+12033783240","sleep@sleepstratford.com","https://www.sleepconnecticut.com/","https://www.facebook.com/702201069633015","","0.9199122190475464","open","8","meta | Overture | Overture-signals","CDLA-Permissive-2.0","2026-04-27T00:00:00.000Z | 2026-06-11T11:57:15Z | 2026-05-12T00:29:08Z | 2026-05-18T13:23:54Z | 2026-05-25T13:08:59Z | 2026-06-01T13:20:32Z | 2026-06-08T13:20:12Z"
"CT","Connecticut","2cc415f2-feb9-4c60-a159-c48251547664","Sponzo Thomas S DMD PC","-72.65607238","41.68512351","dentist","general_dentistry","1299 Silas Deane Hwy","Wethersfield","06109-4302","CT","US","+18605630375","doctorsponzo@gmail.com","http://www.drsponzo.com/","https://www.facebook.com/109764035755236","","0.9199122190475464","open","7","meta | Overture | Overture-signals","CDLA-Permissive-2.0","2026-04-27T00:00:00.000Z | 2026-06-11T11:57:15Z | 2026-05-12T00:29:08Z | 2026-05-18T13:23:54Z | 2026-05-25T13:08:59Z | 2026-06-01T13:20:32Z | 2026-06-08T13:20:12Z"
"CT","Connecticut","2cc90698-5c47-4f72-8efe-e37835484144","Impressive Smiles- Jeffrey W. Tepper, D.D.S.","-72.8861520453115","41.7551856102941","dentist","","15 New Britain Ave","Unionville","06085","CT","US","(860) 673-2455","","http://impressivesmiles.net","","","0.77","","5","Foursquare | Overture","Apache-2.0 | CDLA-Permissive-2.0","2025-08-22T00:00:00.000 | 2026-06-11T11:57:15Z"
"CT","Connecticut","2d39973a-8cf8-46dc-9fb7-f312c3139390","Abunasra, Nazeeh DDS","-72.5396127","41.7788519","dentist","health_and_medical","366 Middle Tpke W","Manchester","06040","CT","US","8606450111","","","","","0.9199122190475464","open","6","Microsoft | Overture | Overture-signals","CDLA-Permissive-2.0","2015-05-14T09:06:14.390Z | 2026-06-11T11:57:15Z | 2026-05-12T00:29:08Z | 2026-05-18T13:23:54Z | 2026-05-25T13:08:59Z | 2026-06-01T13:20:32Z | 2026-06-08T13:20:12Z"
"CT","Connecticut","2d5c71c2-d217-49d6-85aa-b93c62f2a41d","South End Dental Center","-73.53276094","41.0645128","dentist","general_dentistry","125 Strawberry Hill Ave","Stamford","06902-2536","CT","US","+12039648486","info@southenddentalcenter.com","https://www.southenddentalcenter.com/","https://www.facebook.com/205896339434175","South End Dental Center","0.9896209239959717","open","2","meta | Overture | Overture-signals","CDLA-Permissive-2.0","2026-04-27T00:00:00.000Z | 2026-06-11T11:57:15Z | 2026-06-08T13:20:12Z"
"CT","Connecticut","2d5decfd-33c1-44db-8608-f38c8edefe93","Connectident","-72.6427773461689","41.7714175531769","dentist","","1011 Main St","East Hartford","06108","CT","US","(860) 528-3350","","https://www.easthartforddentists.com","","","0.9199122190475464","open","4","Foursquare | Overture | Overture-signals","Apache-2.0 | CDLA-Permissive-2.0","2026-02-04T00:00:00.000 | 2026-06-11T11:57:15Z | 2026-05-12T00:29:08Z | 2026-05-18T13:23:54Z | 2026-05-25T13:08:59Z | 2026-06-01T13:20:32Z | 2026-06-08T13:20:12Z"
"CT","Connecticut","2d9e9cbb-6d2e-40db-b2de-12c011e7be03","Clabaugh & Trentalancia, P.C.","-73.540984","41.061421","dentist","prosthodontist | cosmetic_dentist","1177 Summer St","Stamford","06905-5522","CT","US","+12033272540","stamford@mondovidental.com","https://www.dentistofstamford.com","https://www.facebook.com/1919994934985163","OneDent Of Westchester","0.9199122190475464","open","10","meta | Overture | Overture-signals","CDLA-Permissive-2.0","2026-04-27T00:00:00.000Z | 2026-06-11T11:57:15Z | 2026-05-12T00:29:08Z | 2026-05-18T13:23:54Z | 2026-05-25T13:08:59Z | 2026-06-01T13:20:32Z | 2026-06-08T13:20:12Z"
"CT","Connecticut","2de7dc2d-be64-4cf6-add8-736795ac5d86","Pearl Dental","-73.41667025","41.11236779","dentist","general_dentistry","520 West Ave","Norwalk","06850-4034","CT","US","+12039391460","westavedentalmanager@gmail.com","http://www.pearlcares.com/","https://www.facebook.com/102833895796226","Pearl Dental","0.9199122190475464","open","2","meta | Overture | Overture-signals","CDLA-Permissive-2.0","2026-04-27T00:00:00.000Z | 2026-06-11T11:57:15Z | 2026-05-12T00:29:08Z | 2026-05-18T13:23:54Z | 2026-05-25T13:08:59Z | 2026-06-01T13:20:32Z | 2026-06-08T13:20:12Z"
"CT","Connecticut","2df8960a-656f-4466-bd60-5679e890a9f3","Riverwalk Dental Care","-73.42640422","41.13853713","dentist","health_and_medical","351 Main Ave","Norwalk","06851","CT","US","2032868668","","https://www.riverwalkdentalcarect.com/","","","0.9199122190475464","open","9","Microsoft | Overture | Overture-signals","CDLA-Permissive-2.0","2021-04-19T04:59:07.890Z | 2026-06-11T11:57:15Z | 2026-05-12T00:29:08Z | 2026-05-18T13:23:54Z | 2026-05-25T13:08:59Z | 2026-06-01T13:20:32Z | 2026-06-08T13:20:12Z"
"CT","Connecticut","2e0a48c7-539a-4556-b1b3-b33e02e9d409","Tris J Carta","-72.51472608","41.77676024","dentist","general_dentistry | medical_service_organizations","192 E Center St","Manchester","06040-5210","CT","US","+18606462251","office@happysmilesct.com","http://www.happysmilesct.com/","https://www.facebook.com/306600932774383","","0.9994087100625039","","8","meta | Overture","CDLA-Permissive-2.0","2026-04-27T00:00:00.000Z | 2026-06-11T11:57:15Z"
"CT","Connecticut","2e75cd8e-8bf9-4ade-955e-cd04866be456","Shoreline Family Dental","-72.33955548","41.32214784","dentist","general_dentistry | health_and_medical","100 Halls Rd","Old Lyme","06371-1456","CT","US","+18604347279","","https://smartdentalnetwork.com/location/shoreline-family-dental","https://www.facebook.com/535560710124688","","0.9199122190475464","open","7","meta | Overture | Overture-signals","CDLA-Permissive-2.0","2026-04-27T00:00:00.000Z | 2026-06-11T11:57:15Z | 2026-05-12T00:29:08Z | 2026-05-18T13:23:54Z | 2026-05-25T13:08:59Z | 2026-06-01T13:20:32Z | 2026-06-08T13:20:12Z"
"CT","Connecticut","2eadd693-a209-42fe-88be-1455ef4a156a","Robert T. Kroepel, DMD","-73.0642423205573","41.2195420034466","dentist","","243 Broad St Ste 1","Milford","06460","CT","US","(203) 877-1233","","http://dentalcareofmilford.com","https://www.facebook.com/334927343299625","","0.9199122190475464","open","4","Foursquare | Overture | Overture-signals","Apache-2.0 | CDLA-Permissive-2.0","2024-08-27T00:00:00.000 | 2026-06-11T11:57:15Z | 2026-05-12T00:29:08Z | 2026-05-18T13:23:54Z | 2026-05-25T13:08:59Z | 2026-06-01T13:20:32Z | 2026-06-08T13:20:12Z"
"CT","Connecticut","2f5212d5-dece-4538-a879-745509f4d32c","Best Way Dental Services LLC","-72.21580323","41.71252362","dentist","general_dentistry | medical_service_organizations","886 Main St","Willimantic","06226-2340","CT","US","+18604561333","","http://newwaydental.net","https://www.facebook.com/168570136492729","New Way Dental Services LLC","0.9902192950248718","open","9","meta | Overture | Overture-signals","CDLA-Permissive-2.0","2026-04-27T00:00:00.000Z | 2026-06-11T11:57:15Z | 2026-05-12T00:29:08Z | 2026-05-18T13:23:54Z | 2026-05-25T13:08:59Z | 2026-06-01T13:20:32Z | 2026-06-08T13:20:12Z"
"CT","Connecticut","2faf2076-1a00-46b0-8435-cb716e43f256","Greater Waterbury Oral & Maxillofacial Surgeons","-72.899911","41.510351","dentist","oral_surgeon | health_and_medical","435 Highland Ave","Cheshire","06410-2583","CT","US","+12032727700","","http://www.gwoms.com","https://www.facebook.com/245962782809084","Greater Waterbury Oral & Maxillofacial Surgeons","0.9346940517425537","","7","meta | Overture","CDLA-Permissive-2.0","2026-04-27T00:00:00.000Z | 2026-06-11T11:57:15Z"
"CT","Connecticut","2fe3b574-da30-4270-817f-33d5a00bb53c","Haven Dental Care","-72.87142016","41.27918884","dentist","general_dentistry","35 High St","East Haven","06512-2315","CT","US","+12038009909","havendentalcare1@gmail.com","https://havendentalcare1.com/","https://www.facebook.com/582819971584817","","0.9902192950248718","open","8","meta | Overture | Overture-signals","CDLA-Permissive-2.0","2026-04-27T00:00:00.000Z | 2026-06-11T11:57:15Z | 2026-05-12T00:29:08Z | 2026-05-18T13:23:54Z | 2026-05-25T13:08:59Z | 2026-06-01T13:20:32Z | 2026-06-08T13:20:12Z"
"CT","Connecticut","2ffc2cf5-c391-4516-a397-677183482e89","Santo A. Delallo","-73.45612231","41.10106059","dentist","health_and_medical | oral_surgeon","122 W Norwalk Rd","Norwalk","06850-4405","CT","US","+12038558877","","https://delallo-santo-dmd.hub.biz/","https://www.facebook.com/158672274165208","","0.9199122190475464","open","6","meta | Overture | Overture-signals","CDLA-Permissive-2.0","2026-04-27T00:00:00.000Z | 2026-06-11T11:57:15Z | 2026-05-12T00:29:08Z | 2026-05-18T13:23:54Z | 2026-05-25T13:08:59Z | 2026-06-01T13:20:32Z | 2026-06-08T13:20:12Z"
"CT","Connecticut","301ba921-3925-4055-91e4-3ee12bdff7d6","Dr. Nagesh Shrestha","-73.08582678","41.39770101","dentist","general_dentistry | doctor","300 Bank St","Seymour","06483-2727","CT","US","+12038880700","","http://www.drshresthadds.com/","https://www.facebook.com/187254271464942","","0.9902192950248718","open","7","meta | Overture | Overture-signals","CDLA-Permissive-2.0","2026-04-27T00:00:00.000Z | 2026-06-11T11:57:15Z | 2026-05-12T00:29:08Z | 2026-05-18T13:23:54Z | 2026-05-25T13:08:59Z | 2026-06-01T13:20:32Z | 2026-06-08T13:20:12Z"
"CT","Connecticut","303acda2-300d-4a7a-8f3a-87e03dae7ce6","Stefanov Mark E DMD","-73.072376","41.921765","dentist","health_and_medical | family_practice","17 Union St","Winsted","06098-1520","CT","US","+18603796252","","http://ww6.place-web.com","https://www.facebook.com/152850408065250","","0.5655867457389832","","9","meta | Overture","CDLA-Permissive-2.0","2026-04-27T00:00:00.000Z | 2026-06-11T11:57:15Z"
"CT","Connecticut","3091b854-623f-4130-841f-f4370d3be466","OMS Associates","-72.94236718","41.67611636","dentist","general_dentistry | medical_service_organizations","391 Main St","Bristol","06010-5848","CT","US","+18605891055","","http://www.omsassociates.com","https://www.facebook.com/111933255535571","OMS Associates-Oral & Maxillofacial Surgery","0.9199122190475464","open","8","meta | Overture | Overture-signals","CDLA-Permissive-2.0","2026-04-27T00:00:00.000Z | 2026-06-11T11:57:15Z | 2026-05-12T00:29:08Z | 2026-05-18T13:23:54Z | 2026-05-25T13:08:59Z | 2026-06-01T13:20:32Z | 2026-06-08T13:20:12Z"
"CT","Connecticut","315a552a-becd-4e81-9e9c-d6afcf8c012e","Vaughn Family Dentistry","-73.22807158","41.29557986","dentist","cosmetic_dentist | general_dentistry","2 Corporate Dr","Trumbull","06611-1376","CT","US","+12032612511","office@vaughnfamilydentistry.com","https://www.dentistintrumbull.com/","https://www.facebook.com/102620796452203","","0.9998309815824031","","9","meta | Overture","CDLA-Permissive-2.0","2026-04-27T00:00:00.000Z | 2026-06-11T11:57:15Z"
"CT","Connecticut","316176d7-391a-4f77-8ef7-cac2e58c1381","Family Dentistry of Stamford","-73.5332654","41.06572133","dentist","","1 Strawberry Hill Ct","Stamford","06902-2521","CT","US","+12038838330","stamforddental1@gmail.com","http://stamford.dental/","https://www.facebook.com/496791934187768","","0.9199122190475464","open","6","meta | Overture | Overture-signals","CDLA-Permissive-2.0","2026-04-27T00:00:00.000Z | 2026-06-11T11:57:15Z | 2026-05-12T00:29:08Z | 2026-05-18T13:23:54Z | 2026-05-25T13:08:59Z | 2026-06-01T13:20:32Z | 2026-06-08T13:20:12Z"
"CT","Connecticut","3191c1f3-6b0b-4389-9831-ea3c98b52767","Nayaki Gaddipati, DMD","-72.6545128","41.7690594","dentist","health_and_medical","477 Connecticut Blvd","East Hartford","06108","CT","US","8602894080","","https://advanceddentalct.com/","","","0.9199122190475464","open","6","Microsoft | Overture | Overture-signals","CDLA-Permissive-2.0","2023-03-10T06:23:06.730Z | 2026-06-11T11:57:15Z | 2026-05-12T00:29:08Z | 2026-05-18T13:23:54Z | 2026-05-25T13:08:59Z | 2026-06-01T13:20:32Z | 2026-06-08T13:20:12Z"
"CT","Connecticut","31a14c9e-1a80-469c-9016-da30ced54e80","Amazing Smiles","-73.40945388","41.11005198","dentist","cosmetic_dentist | general_dentistry","148 East Ave","Norwalk","06851-5721","CT","US","+12039391616","dro@amazingsmilesnorwalk.com","http://www.amazingsmilesnorwalk.com/","https://www.facebook.com/527132927449695","","0.9902192950248718","open","8","meta | Overture | Overture-signals","CDLA-Permissive-2.0","2026-04-27T00:00:00.000Z | 2026-06-11T11:57:15Z | 2026-05-12T00:29:08Z | 2026-05-18T13:23:54Z | 2026-05-25T13:08:59Z | 2026-06-01T13:20:32Z | 2026-06-08T13:20:12Z"
"CT","Connecticut","31aa17db-628e-438a-9881-eaaf2fec63b2","Lexington Dental Associates","-72.79233704","41.66430338","dentist","general_dentistry | medical_service_organizations","49 Lexington St","New Britain","06052-1416","CT","US","+18602299928","jonkorndmd@gmail.com","http://www.kornfamilydentistry.com","https://www.facebook.com/146468205398102","Lexington Dental Associates-Jonathan S. Korn, DMD","0.9199122190475464","open","9","meta | Overture | Overture-signals","CDLA-Permissive-2.0","2026-04-27T00:00:00.000Z | 2026-06-11T11:57:15Z | 2026-05-12T00:29:08Z | 2026-05-18T13:23:54Z | 2026-05-25T13:08:59Z | 2026-06-01T13:20:32Z | 2026-06-08T13:20:12Z"
"CT","Connecticut","3203be90-f373-4042-b3ee-61dce06ec1ae","Newington Dentistry & Braces","-72.7196648","41.6680934","dentist","health_and_medical","3001 Berlin Tpke","Newington","06111","CT","US","8607484888","","https://www.dentistryandbracesgroup.com/locations/our-connecticut-locations/newington-dentistry-and-braces/","","","0.9199122190475464","open","6","Microsoft | Overture | Overture-signals","CDLA-Permissive-2.0","2025-09-08T01:35:53.157Z | 2026-06-11T11:57:15Z | 2026-05-12T00:29:08Z | 2026-05-18T13:23:54Z | 2026-05-25T13:08:59Z | 2026-06-01T13:20:32Z | 2026-06-08T13:20:12Z"
"CT","Connecticut","32085545-c1bd-4730-9c36-f7254c435a1e","Dr. Michael Israel","-73.0781884624112","41.5440691883278","dentist","","28 Lakeside Blvd E","Waterbury","06708","CT","US","(203) 754-4123","","http://www.ctperioimplantcenter.com","","","0.77","","5","Foursquare | Overture","Apache-2.0 | CDLA-Permissive-2.0","2026-03-17T00:00:00.000 | 2026-06-11T11:57:15Z"
"CT","Connecticut","321dc8a0-69ac-4592-90da-1f4337d8f3e7","Carlone Family Dental","-73.40724813","41.57473361","dentist","general_dentistry","17 Prospect Hill Rd","New Milford","06776-3714","CT","US","+18603545098","","http://carlonefamilydental.com/","https://www.facebook.com/119853354386347","","0.9199122190475464","open","10","meta | Overture | Overture-signals","CDLA-Permissive-2.0","2026-04-27T00:00:00.000Z | 2026-06-11T11:57:15Z | 2026-05-12T00:29:08Z | 2026-05-18T13:23:54Z | 2026-05-25T13:08:59Z | 2026-06-01T13:20:32Z | 2026-06-08T13:20:12Z"
"CT","Connecticut","3258df7b-010a-4891-83fd-8b46d7330a6f","Redding Smile Dentistry - Dr. Ryan Lee","-73.43351169","41.32615058","dentist","general_dentistry | cosmetic_dentist","2 Long Ridge Rd","Redding","06896-1111","CT","US","+12036658723","reddingsmiledentistry@gmail.com","https://www.facebook.com/ReddingSmileDentistry/","https://www.facebook.com/113362573559786","","0.9199122190475464","open","7","meta | Overture | Overture-signals","CDLA-Permissive-2.0","2026-04-27T00:00:00.000Z | 2026-06-11T11:57:15Z | 2026-05-12T00:29:08Z | 2026-05-18T13:23:54Z | 2026-05-25T13:08:59Z | 2026-06-01T13:20:32Z | 2026-06-08T13:20:12Z"
"CT","Connecticut","32ca281a-4340-4201-8427-bc2799849f1b","Cain Edward J DDS","-72.60692737","41.71059099","dentist","general_dentistry | doctor","24 School St","Glastonbury","06033-2241","CT","US","+18606591181","","","https://www.facebook.com/139393519441658","","0.9199122190475464","open","7","meta | Overture | Overture-signals","CDLA-Permissive-2.0","2026-04-27T00:00:00.000Z | 2026-06-11T11:57:15Z | 2026-05-12T00:29:08Z | 2026-05-18T13:23:54Z | 2026-05-25T13:08:59Z | 2026-06-01T13:20:32Z | 2026-06-08T13:20:12Z"
"CT","Connecticut","331123d7-303f-45e8-b198-54a8b0e159ac","Seaside Periodontics LLC","-72.64283455","41.28627265","dentist","periodontist | health_and_medical","51 Boston Post Rd","Madison","06443-2155","CT","US","+12033188327","seasideperio@aol.com","http://nicoleamarquisdmd.com/","https://www.facebook.com/1623252314603282","","0.9199122190475464","open","8","meta | Overture | Overture-signals","CDLA-Permissive-2.0","2026-04-27T00:00:00.000Z | 2026-06-11T11:57:15Z | 2026-05-12T00:29:08Z | 2026-05-18T13:23:54Z | 2026-05-25T13:08:59Z | 2026-06-01T13:20:32Z | 2026-06-08T13:20:12Z"
"CT","Connecticut","33797203-e025-4de8-8eab-5235ef141ced","North Haven Dental Group","-72.86228216","41.38859666","dentist","general_dentistry | medical_service_organizations","17 Broadway","North Haven","06473-2302","CT","US","+12032397645","news@northhavenlibrary.net","http://northhavendentalgroup.com","https://www.facebook.com/151927191514984","","0.9199122190475464","open","8","meta | Overture | Overture-signals","CDLA-Permissive-2.0","2026-04-27T00:00:00.000Z | 2026-06-11T11:57:15Z | 2026-05-12T00:29:08Z | 2026-05-18T13:23:54Z | 2026-05-25T13:08:59Z | 2026-06-01T13:20:32Z | 2026-06-08T13:20:12Z"
"CT","Connecticut","3461d51c-f807-40a4-8524-ba04d567ea29","Hospital Dental Group","-72.68123","41.754531","dentist","doctor | hospital","85 Seymour St","Hartford","06106","CT","US","+18603376211","info@hospitaldentalgroup.com","http://www.HospitalDentalGroup.com/","https://www.facebook.com/201108326086","Hospital Dental Group","0.9654484456777572","","7","meta | Overture","CDLA-Permissive-2.0","2026-04-27T00:00:00.000Z | 2026-06-11T11:57:15Z"
"CT","Connecticut","346254cb-53d3-48cb-b2c3-b5b99de54c0e","Richard Kalmans DDS","-73.5366956747738","41.0643670179477","dentist","","90 Morgan St","Stamford","06905","CT","US","(203) 967-4578","","http://kalmansdental.com","https://www.facebook.com/171875820135689","","0.9199122190475464","open","8","Foursquare | Overture | Overture-signals","Apache-2.0 | CDLA-Permissive-2.0","2021-01-18T00:00:00.000 | 2026-06-11T11:57:15Z | 2026-05-12T00:29:08Z | 2026-05-18T13:23:54Z | 2026-05-25T13:08:59Z | 2026-06-01T13:20:32Z | 2026-06-08T13:20:12Z"
"CT","Connecticut","34a60ebe-78fa-4167-93b4-709feb35cc85","Avon Village Family Dentistry","-72.82790257","41.80944145","dentist","general_dentistry","32 E Main St","Avon","06001-3843","CT","US","+18606781140","info@smileavon.com","http://smileavon.com/","https://www.facebook.com/293602620707403","Bear Creek Family Dentistry","0.9199122190475464","open","8","meta | Overture | Overture-signals","CDLA-Permissive-2.0","2026-04-27T00:00:00.000Z | 2026-06-11T11:57:15Z | 2026-05-12T00:29:08Z | 2026-05-18T13:23:54Z | 2026-05-25T13:08:59Z | 2026-06-01T13:20:32Z | 2026-06-08T13:20:12Z"
"CT","Connecticut","34c713c8-7c13-447d-8046-f766687f1230","Dr. Carol Felder","-73.416028","41.113322","dentist","endodontist | pediatric_dentist","606 West Ave","Norwalk","06850-4011","CT","US","+12038471122","info@drcarolfelder.com","http://www.drcarolfelder.com/","https://www.facebook.com/124953920926460","","0.9734541773796082","","10","meta | Overture","CDLA-Permissive-2.0","2026-04-27T00:00:00.000Z | 2026-06-11T11:57:15Z"
"CT","Connecticut","34c95107-ee4d-4b6f-868c-91e3ac804c7b","Dr. Shukovski","-73.5421162499346","41.061914324353","dentist","","1290 Summer St","Stamford","06905","CT","US","(203) 348-2411","eshukovsky@mac.com","https://www.smilesct.com","https://www.twitter.com/smilesct","","0.9199122190475464","open","4","Foursquare | Overture | Overture-signals","Apache-2.0 | CDLA-Permissive-2.0","2021-04-27T00:00:00.000 | 2026-06-11T11:57:15Z | 2026-05-12T00:29:08Z | 2026-05-18T13:23:54Z | 2026-05-25T13:08:59Z | 2026-06-01T13:20:32Z | 2026-06-08T13:20:12Z"
"CT","Connecticut","35058147-8b03-41d9-8dac-933cee2196d3","Meriden Dental Center","-72.79409","41.51736","dentist","health_and_medical | naturopathic_holistic","164 Scott St","Meriden","06450-7281","CT","US","+12036391400","meridendental@live.com","http://www.demandforce.com/b/miguelrvegadds","https://www.facebook.com/752926961434069","","0.9199122190475464","open","8","meta | Overture | Overture-signals","CDLA-Permissive-2.0","2026-04-27T00:00:00.000Z | 2026-06-11T11:57:15Z | 2026-05-12T00:29:08Z | 2026-05-18T13:23:54Z | 2026-05-25T13:08:59Z | 2026-06-01T13:20:32Z | 2026-06-08T13:20:12Z"
"CT","Connecticut","350f9432-cc99-4ac8-990b-075c8268c935","Michael Kapner","-73.40722265","41.11066924","dentist","general_dentistry | doctor","153 East Ave","Norwalk","06851-5711","CT","US","+12038662886","mokapner@gmail.com","https://www.michaelkapnerdds.com/","https://www.facebook.com/174796222603814","","0.9199122190475464","open","7","meta | Overture | Overture-signals","CDLA-Permissive-2.0","2026-04-27T00:00:00.000Z | 2026-06-11T11:57:15Z | 2026-05-12T00:29:08Z | 2026-05-18T13:23:54Z | 2026-05-25T13:08:59Z | 2026-06-01T13:20:32Z | 2026-06-08T13:20:12Z"
"CT","Connecticut","3586f5f8-903d-46c0-800a-b9a68f8cf959","IKON Dental Group","-72.8690135","41.67069918","dentist","general_dentistry | cosmetic_dentist","58 W Main St","Plainville","06062-1993","CT","US","+18604000196","office@ikondentalgroup.com","http://www.ikondentalgroup.com/","https://www.facebook.com/297637947415587","","0.9199122190475464","open","7","meta | Overture | Overture-signals","CDLA-Permissive-2.0","2026-04-27T00:00:00.000Z | 2026-06-11T11:57:15Z | 2026-05-12T00:29:08Z | 2026-05-18T13:23:54Z | 2026-05-25T13:08:59Z | 2026-06-01T13:20:32Z | 2026-06-08T13:20:12Z"
"CT","Connecticut","358f6e3b-5270-4097-992e-5e919b4c6902","Mamber Judith DDS","-72.79824468","41.53686547","dentist","general_dentistry","130 E Main St","Meriden","06450-5980","CT","US","+12032374519","info@caredentalassociatesct.com","http://Caredentalassociatesct.com/","https://www.facebook.com/211732152180580","","0.9199122190475464","open","6","meta | Overture | Overture-signals","CDLA-Permissive-2.0","2026-04-27T00:00:00.000Z | 2026-06-11T11:57:15Z | 2026-05-12T00:29:08Z | 2026-05-18T13:23:54Z | 2026-05-25T13:08:59Z | 2026-06-01T13:20:32Z | 2026-06-08T13:20:12Z"
"CT","Connecticut","35b1a23a-75e9-49dc-a37d-34ffa29154b5","Elzbieta W. Basil","-72.74175978","41.76272215","dentist","cosmetic_dentist | general_dentistry","10 N Main St","West Hartford","06107-1901","CT","US","+18605612121","dr.e.basil@comcast.net","http://www.doctorbasil.com/","https://www.facebook.com/114333498587095","Dr. Elzbieta W. Basil, DMD","0.9639158844947815","","2","meta | Overture","CDLA-Permissive-2.0","2026-04-27T00:00:00.000Z | 2026-06-11T11:57:15Z"
"CT","Connecticut","35b33cfe-e09f-435e-af44-ed87e0017ede","Vora Dental Care","-72.10354177","41.55373084","dentist","general_dentistry","12 Case St","Norwich","06360-2222","CT","US","+18603190470","office@voradentalcare.com","http://voradentalcare.com/","https://www.facebook.com/114481243608076","Vora Dental Care","0.9199122190475464","open","11","meta | Overture | Overture-signals","CDLA-Permissive-2.0","2026-04-27T00:00:00.000Z | 2026-06-11T11:57:15Z | 2026-05-12T00:29:08Z | 2026-05-18T13:23:54Z | 2026-05-25T13:08:59Z | 2026-06-01T13:20:32Z | 2026-06-08T13:20:12Z"
"CT","Connecticut","36298833-6f0d-4139-a0d9-6c68d5eee3db","Glastonbury Dental Associates","-72.60251216","41.70892689","dentist","general_dentistry | health_and_medical","416 New London Tpke","Glastonbury","06033-2237","CT","US","+18606333671","smiles@glastonburydental.com","https://www.glastonburydental.com","https://www.facebook.com/297433979176","Glastonbury Dental Associates","0.9902192950248718","open","8","meta | Overture | Overture-signals","CDLA-Permissive-2.0","2026-04-27T00:00:00.000Z | 2026-06-11T11:57:15Z | 2026-05-12T00:29:08Z | 2026-05-18T13:23:54Z | 2026-05-25T13:08:59Z | 2026-06-01T13:20:32Z | 2026-06-08T13:20:12Z"
"CT","Connecticut","362e6c53-d96e-4f27-b9e9-2d2286bb5fca","New England Dental","-73.44768405","41.38892236","dentist","general_dentistry | medical_service_organizations","54 Main St","Danbury","06810-3009","CT","US","+12037900111","info@newenglanddentalllc.com","http://newenglanddentalllc.com/","https://www.facebook.com/331937810215906","New England Dental LLC","0.998410364985466","open","10","meta | Overture | Overture-signals","CDLA-Permissive-2.0","2026-04-27T00:00:00.000Z | 2026-06-11T11:57:15Z | 2026-05-12T00:29:08Z"
"CT","Connecticut","36a080bd-fe02-4554-b2d0-6098a38cd76f","Cove Dental","-72.20895849","41.36453557","dentist","general_dentistry | health_and_medical","319 Flanders Rd","East Lyme","06333-1711","CT","US","+18607396915","office@zelmanowdental.com","http://www.eastlymedentist.com/","https://www.facebook.com/118952091506014","","0.9199122190475464","open","7","meta | Overture | Overture-signals","CDLA-Permissive-2.0","2026-04-27T00:00:00.000Z | 2026-06-11T11:57:15Z | 2026-05-12T00:29:08Z | 2026-05-18T13:23:54Z | 2026-05-25T13:08:59Z | 2026-06-01T13:20:32Z | 2026-06-08T13:20:12Z"
"CT","Connecticut","36b841c8-7748-4146-8865-1022d54212bc","Dr. Michael S. Tosatti Denistry For Adults & Children","-72.7594105214399","41.6308220031671","dentist","","1067 Farmington Ave","Kensington","06037","CT","US","(860) 828-1475","","http://matusfamilydentistry.com","","","0.9199122190475464","open","4","Foursquare | Overture | Overture-signals","Apache-2.0 | CDLA-Permissive-2.0","2025-09-30T00:00:00.000 | 2026-06-11T11:57:15Z | 2026-05-12T00:29:08Z | 2026-05-18T13:23:54Z | 2026-05-25T13:08:59Z | 2026-06-01T13:20:32Z | 2026-06-08T13:20:12Z"
"CT","Connecticut","36fce891-b9fa-46ae-8a5e-17c8edfef997","Frank A Ross Jr & Associates","-73.14320121","41.19390001","dentist","medical_service_organizations | hospital","1761 W Broad St","Stratford","06615-5752","CT","US","+12033753763","","http://drjobyjoseph.com","https://www.facebook.com/158525910845899","","0.9199122190475464","open","6","meta | Overture | Overture-signals","CDLA-Permissive-2.0","2026-04-27T00:00:00.000Z | 2026-06-11T11:57:15Z | 2026-05-12T00:29:08Z | 2026-05-18T13:23:54Z | 2026-05-25T13:08:59Z | 2026-06-01T13:20:32Z | 2026-06-08T13:20:12Z"
"CT","Connecticut","371ada4e-6345-473d-9ee0-a33527b262df","Newfield Dental","-73.53264006","41.08029177","dentist","general_dentistry | cosmetic_dentist","579 Newfield Ave","Stamford","06905-3302","CT","US","+12038836967","info@newfielddental.com","http://www.NewfieldDental.com/","https://www.facebook.com/889346107761886","","0.9998414793014526","","9","meta | Overture","CDLA-Permissive-2.0","2026-04-27T00:00:00.000Z | 2026-06-11T11:57:15Z"
"CT","Connecticut","373921f2-4446-404a-9c0f-e9cd865eaae5","Emergency Dental Laboratory","-73.1297073075801","41.1742213864515","dentist","","959 Main Street, STE 007","Stratford","06615","CT","US","(203) 299-1601","","http://www.emergencydenturecare.com","https://www.twitter.com/edentalnorwalk | https://www.facebook.com/101224471699497","","0.77","","5","Foursquare | Overture","Apache-2.0 | CDLA-Permissive-2.0","2021-02-09T00:00:00.000 | 2026-06-11T11:57:15Z"
"CT","Connecticut","37405b46-1667-4b61-8e11-e2c6db6445d9","Pediatric Dentist Darien","-73.4602841503997","41.085471788148","dentist","","330 Post Rd Suite 110","Darien","06820","CT","US","(203) 309-0312","hello@lildente.com","https://pediatricdentistdarien.com","https://www.instagram.com/lildentesmiles","","0.77","","1","Foursquare | Overture","Apache-2.0 | CDLA-Permissive-2.0","2026-03-25T00:00:00.000 | 2026-06-11T11:57:15Z"
"CT","Connecticut","377e0639-3b0f-4a01-b3d7-945ce856cb08","Niantic Dental Associates","-72.21007849","41.35019552","dentist","general_dentistry | health_and_medical","177 Flanders Rd","East Lyme","06357-1203","CT","US","+18607393401","info@nianticdental.com","http://www.Nianticdental.com/","https://www.facebook.com/252397554370","Niantic Dental Associates","0.9199122190475464","open","9","meta | Overture | Overture-signals","CDLA-Permissive-2.0","2026-04-27T00:00:00.000Z | 2026-06-11T11:57:15Z | 2026-05-12T00:29:08Z | 2026-05-18T13:23:54Z | 2026-05-25T13:08:59Z | 2026-06-01T13:20:32Z | 2026-06-08T13:20:12Z"
"CT","Connecticut","37c16bd4-b02d-4ebc-80b4-e4c15a8c1624","Stamford Downtown Dental","-73.54021203","41.06173608","dentist","endodontist | doctor","27 Oak St","Stamford","06905-5304","CT","US","+12039648081","stamforddowntowndental@gmail.com","http://www.stamforddowntowndental.com/","https://www.facebook.com/147184775694907","","0.9199122190475464","open","8","meta | Overture | Overture-signals","CDLA-Permissive-2.0","2026-04-27T00:00:00.000Z | 2026-06-11T11:57:15Z | 2026-05-12T00:29:08Z | 2026-05-18T13:23:54Z | 2026-05-25T13:08:59Z | 2026-06-01T13:20:32Z | 2026-06-08T13:20:12Z"
"CT","Connecticut","3807fc29-f094-402a-8a28-980842216892","Glazer Dental Associates","-72.6801947972522","41.4664993663454","dentist","","16 Main St","Durham","06422","CT","US","(860) 349-3368","","http://www.glazerdental.com","","","0.77","","5","Foursquare | Overture","Apache-2.0 | CDLA-Permissive-2.0","2026-01-20T00:00:00.000 | 2026-06-11T11:57:15Z"
"CT","Connecticut","382f4ea5-8a01-4367-ba70-f358d7825586","Pedro S Garcia PC","-72.94901004","41.27253355","dentist","general_dentistry","328 Main St","West Haven","06516-4425","CT","US","+12039318885","","https://www.carecredit.com/.../Pedro-S-Garcia-DDS","https://www.facebook.com/201086606599244","","0.9902192950248718","open","7","meta | Overture | Overture-signals","CDLA-Permissive-2.0","2026-04-27T00:00:00.000Z | 2026-06-11T11:57:15Z | 2026-05-12T00:29:08Z | 2026-05-18T13:23:54Z | 2026-05-25T13:08:59Z | 2026-06-01T13:20:32Z | 2026-06-08T13:20:12Z"
"CT","Connecticut","38328180-2706-448e-bf47-efc73fbb1cfc","Day Hill Dental","-72.70355105","41.87987451","dentist","general_dentistry | cosmetic_dentist","1060 Day Hill Rd","Windsor","06095-5719","CT","US","+18606885595","frontoffice@dayhilldental.com","https://www.dayhilldental.com/","https://www.facebook.com/341841615228","","0.9199122190475464","open","8","meta | Overture | Overture-signals","CDLA-Permissive-2.0","2026-04-27T00:00:00.000Z | 2026-06-11T11:57:15Z | 2026-05-12T00:29:08Z | 2026-05-18T13:23:54Z | 2026-05-25T13:08:59Z | 2026-06-01T13:20:32Z | 2026-06-08T13:20:12Z"
"CT","Connecticut","388ad709-6817-4f23-be8e-1a7f95a0d13a","Dr Abdollah Nadimi, DDS","-72.989431930162","41.5930630515509","dentist","","503 Wolcott Rd","Wolcott","06716","CT","US","(203) 879-9411","","http://www.nadimidental.com","","","0.9199122190475464","open","4","Foursquare | Overture | Overture-signals","Apache-2.0 | CDLA-Permissive-2.0","2025-08-22T00:00:00.000 | 2026-06-11T11:57:15Z | 2026-05-12T00:29:08Z | 2026-05-18T13:23:54Z | 2026-05-25T13:08:59Z | 2026-06-01T13:20:32Z | 2026-06-08T13:20:12Z"
"CT","Connecticut","38f83842-1d65-4a9f-8b46-76a11b4b3a6c","Ferda Hatiboglu","-72.89715464","41.39129879","dentist","general_dentistry | health_and_medical","295 Washington Ave","Hamden","06518-3025","CT","US","+12032482500","","http://www.hamdendental.com/","https://www.facebook.com/819379138182640","","0.9902192950248718","open","7","meta | Overture | Overture-signals","CDLA-Permissive-2.0","2026-04-27T00:00:00.000Z | 2026-06-11T11:57:15Z | 2026-05-12T00:29:08Z | 2026-05-18T13:23:54Z | 2026-05-25T13:08:59Z | 2026-06-01T13:20:32Z | 2026-06-08T13:20:12Z"
"CT","Connecticut","39222cf0-4f84-404c-bd2f-2dcf79d4be9c","Tryphose Charles, DMD","-73.242301940918","41.1506233215332","dentist","","400 Post Rd","Fairfield","06824","CT","US","(203) 255-2493","","http://www.tcharlesdmd.com","","","0.9199122190475464","open","4","Foursquare | Overture | Overture-signals","Apache-2.0 | CDLA-Permissive-2.0","2025-05-06T00:00:00.000 | 2026-06-11T11:57:15Z | 2026-05-12T00:29:08Z | 2026-05-18T13:23:54Z | 2026-05-25T13:08:59Z | 2026-06-01T13:20:32Z | 2026-06-08T13:20:12Z"
"CT","Connecticut","395d72fa-ecab-403d-b408-5aea38fb200d","Dr. Dental","-73.43933492","41.10202394","dentist","general_dentistry","360 Connecticut Ave","Norwalk","06854-1824","CT","US","+12038310080","drdentalofnorwalk@mydrdental.com","https://www.mydrdental.com/location/connecticut/norwalk/","https://www.facebook.com/349310621810287","Dr Dental","0.9902192950248718","open","8","meta | Overture | Overture-signals","CDLA-Permissive-2.0","2026-04-27T00:00:00.000Z | 2026-06-11T11:57:15Z | 2026-05-12T00:29:08Z | 2026-05-18T13:23:54Z | 2026-05-25T13:08:59Z | 2026-06-01T13:20:32Z | 2026-06-08T13:20:12Z"
"CT","Connecticut","397fac67-4bd7-4821-b5d4-d7b2ff735d69","Campos Dental Studio","-73.031767","41.516287","dentist","health_and_medical | laboratory_testing","180 Crestwood Dr","Naugatuck","06770-2142","CT","US","+12039820494","campos.ds@gmail.com","http://www.camposdentalstudio.com/","https://www.facebook.com/219459451433066","","0.9151896238327026","","5","meta | Overture","CDLA-Permissive-2.0","2026-04-27T00:00:00.000Z | 2026-06-11T11:57:15Z"
"CT","Connecticut","3a0c8df6-4556-4324-8912-1e12b2c77785","Apple Dental: Sanjeevan Virk, DMD","-72.8228111290942","41.5402810261386","dentist","","566 W Main St","Meriden","06451","CT","US","(203) 237-5820","virkdmd@gmail.com","http://www.appledentalct.com","https://www.twitter.com/appledentalvirk | https://www.facebook.com/1136014146468594","","0.77","","5","Foursquare | Overture","Apache-2.0 | CDLA-Permissive-2.0","2021-09-01T00:00:00.000 | 2026-06-11T11:57:15Z"
"CT","Connecticut","3a23662b-eebe-416b-b81c-a45d595c6600","Jason R. Oberhand Family Dentistry","-73.22698983","41.27738237","dentist","general_dentistry","6500 Main St","Trumbull","06611-1312","CT","US","+12032618749","info@jasonoberhanddds.com","http://www.jasonoberhanddds.com/","https://www.facebook.com/412441508819958","Jason Oberhand DDS Family Dentistry","0.9199122190475464","open","8","meta | Overture | Overture-signals","CDLA-Permissive-2.0","2026-04-27T00:00:00.000Z | 2026-06-11T11:57:15Z | 2026-05-12T00:29:08Z | 2026-05-18T13:23:54Z | 2026-05-25T13:08:59Z | 2026-06-01T13:20:32Z | 2026-06-08T13:20:12Z"
"CT","Connecticut","3a2e6fb6-72e9-49f1-9233-7cd21e4266d3","Masis Yeterian, Jr. DMD","-73.5986633300781","41.0379486083984","dentist","","211 E Putnam Ave","Cos Cob","06807","CT","US","(203) 529-4217","","https://www.dentist-greenwich.com","","","0.9199122190475464","open","4","Foursquare | Overture | Overture-signals","Apache-2.0 | CDLA-Permissive-2.0","2025-06-19T00:00:00.000 | 2026-06-11T11:57:15Z | 2026-05-12T00:29:08Z | 2026-05-18T13:23:54Z | 2026-05-25T13:08:59Z | 2026-06-01T13:20:32Z | 2026-06-08T13:20:12Z"
"CT","Connecticut","3a5ccf40-6b2b-49eb-8579-da22367cfa3a","Chase Parkway Dental","-73.07213679","41.54763063","dentist","general_dentistry | medical_center","714 Chase Pkwy","Waterbury","06708-3012","CT","US","+12037571455","office@chaseparkwaydental.com","https://www.chaseparkwaydental.com/","https://www.facebook.com/945925492137994","","0.9902192950248718","open","8","meta | Overture | Overture-signals","CDLA-Permissive-2.0","2026-04-27T00:00:00.000Z | 2026-06-11T11:57:15Z | 2026-05-12T00:29:08Z | 2026-05-18T13:23:54Z | 2026-05-25T13:08:59Z | 2026-06-01T13:20:32Z | 2026-06-08T13:20:12Z"
"CT","Connecticut","3a9aa91e-992b-4f69-8c9d-4f5460554ff7","Henry K Danziger DDS","-73.05458621","41.49273806","dentist","general_dentistry | health_and_medical","297 Church St","Naugatuck","06770-2840","CT","US","+12037290563","danzigerdds@sbcglobal.net","https://www.doctordanziger.com/","https://www.facebook.com/272165462819146","","0.9199122190475464","open","8","meta | Overture | Overture-signals","CDLA-Permissive-2.0","2026-04-27T00:00:00.000Z | 2026-06-11T11:57:15Z | 2026-05-12T00:29:08Z | 2026-05-18T13:23:54Z | 2026-05-25T13:08:59Z | 2026-06-01T13:20:32Z | 2026-06-08T13:20:12Z"
"CT","Connecticut","3ab22775-0478-4641-9423-28a31f49e4d4","Dr. Jack L. Gish & Associates of West Hartford","-72.7315836","41.7649651","dentist","health_and_medical","836 Farmington Ave Ste 105","West Hartford","06119","CT","US","8602651411","","https://drgish.com/dental-offices/west-hartford-dentists","","","0.9199122190475464","open","6","Microsoft | Overture | Overture-signals","CDLA-Permissive-2.0","2018-11-05T17:10:40.823Z | 2026-06-11T11:57:15Z | 2026-05-12T00:29:08Z | 2026-05-18T13:23:54Z | 2026-05-25T13:08:59Z | 2026-06-01T13:20:32Z | 2026-06-08T13:20:12Z"
"CT","Connecticut","3abc3576-5e5c-4652-9d92-8b22aa4efbf6","Monarch Dentistry","-72.90050092","41.38608226","dentist","general_dentistry | health_and_medical","2447 Whitney Ave","Hamden","06518-3211","CT","US","+12032880722","info@monarchdentistryct.com","http://www.monarchdentistryct.com/","https://www.facebook.com/113479304954636","Monarch Dentistry","0.9199122190475464","open","6","meta | Overture | Overture-signals","CDLA-Permissive-2.0","2026-04-27T00:00:00.000Z | 2026-06-11T11:57:15Z | 2026-05-12T00:29:08Z | 2026-05-18T13:23:54Z | 2026-05-25T13:08:59Z | 2026-06-01T13:20:32Z | 2026-06-08T13:20:12Z"
"CT","Connecticut","3abfd616-4700-4f9f-97d6-3154a791178a","Vayner Family Dentistry","-73.225852","41.176873","dentist","cosmetic_dentist | hospital","195 Tunxis Hill Rd","Fairfield","06825","CT","US","+12032865660","","http://www.tolkanddommudental.com/","https://www.facebook.com/299228417153534","","0.871111273765564","","8","meta | Overture","CDLA-Permissive-2.0","2026-04-27T00:00:00.000Z | 2026-06-11T11:57:15Z"
"CT","Connecticut","3aef60a8-eb98-4862-930f-946fe0ea880f","Premier Dental of Connecticut in Danbury","-73.455981","41.408408","dentist","","2 Stony Hill Road, Suite 101","Bethel","06801","CT","US","(203) 951-5179","","https://premierdentalconnecticut.com/locations/danbury/","https://www.facebook.com/236446066708038","","0.77","","5","Foursquare | Overture","Apache-2.0 | CDLA-Permissive-2.0","2023-08-18T00:00:00.000 | 2026-06-11T11:57:15Z"
"CT","Connecticut","3b01690d-a382-4c85-ab7e-eaab23ed18d1","New Image Dental","-72.74371","41.75734","dentist","general_dentistry","69 S Main St","West Hartford","06107-2410","CT","US","+18602322000","info@newimage-dental.com","http://newimage-dental.com/","https://www.facebook.com/100103635249788","","0.9199122190475464","open","9","meta | Overture | Overture-signals","CDLA-Permissive-2.0","2026-04-27T00:00:00.000Z | 2026-06-11T11:57:15Z | 2026-05-12T00:29:08Z | 2026-05-18T13:23:54Z | 2026-05-25T13:08:59Z | 2026-06-01T13:20:32Z | 2026-06-08T13:20:12Z"
"CT","Connecticut","3b579a41-fb32-4626-a54b-cdf3ff742386","Mark S Roisman DMD","-73.36144852","41.14545096","dentist","endodontist | health_and_medical","225 Main St","Westport","06880-3216","CT","US","+12032276338","office@mywestportdentist.com","http://www.mywestportdentist.com/","https://www.facebook.com/1637261453181686","","0.9199122190475464","open","7","meta | Overture | Overture-signals","CDLA-Permissive-2.0","2026-04-27T00:00:00.000Z | 2026-06-11T11:57:15Z | 2026-05-12T00:29:08Z | 2026-05-18T13:23:54Z | 2026-05-25T13:08:59Z | 2026-06-01T13:20:32Z | 2026-06-08T13:20:12Z"
"CT","Connecticut","3bc21e6e-4bfa-44aa-a9d0-8d435c500fac","Columbia Dental","-72.53697075","41.77281893","dentist","general_dentistry","401 Center St","Manchester","06040-3924","CT","US","+18606450111","abbas.mohammadi@columbiadental.com","http://columbiadental.com","https://www.facebook.com/183065425746699","Columbia Dental","0.9199122190475464","open","10","meta | Overture | Overture-signals","CDLA-Permissive-2.0","2026-04-27T00:00:00.000Z | 2026-06-11T11:57:15Z | 2026-05-12T00:29:08Z | 2026-05-18T13:23:54Z | 2026-05-25T13:08:59Z | 2026-06-01T13:20:32Z | 2026-06-08T13:20:12Z"
"CT","Connecticut","3bd2438c-0a1a-45a8-893a-e28b0da93a07","Coastal Connecticut Dentistry","-72.1630698650958","41.3730816379995","dentist","","112 Cross Rd","Waterford","06385","CT","US","(860) 447-1787","","https://www.coastalctdental.com","https://www.facebook.com/437787459575023","","0.77","","1","Foursquare | Overture","Apache-2.0 | CDLA-Permissive-2.0","2026-04-11T00:00:00.000 | 2026-06-11T11:57:15Z"
"CT","Connecticut","3bd8eb06-d1de-4592-bf57-ad074074244b","New Canaan Dental Care","-73.496853","41.145066","dentist","oral_surgeon | health_and_medical","43 Pine St","New Canaan","06840-5409","CT","US","+12039669696","newcanaandentalcare@gmail.com.com","http://www.newcanaandentalcare.com/","https://www.facebook.com/1270969236355994","","0.9470601677894592","","1","meta | Overture","CDLA-Permissive-2.0","2026-04-27T00:00:00.000Z | 2026-06-11T11:57:15Z"
"CT","Connecticut","3c35ceb9-b37b-40ae-be48-30b238b66ce5","Farmington Valley Dental","-72.79741516","41.73600977","dentist","general_dentistry | cosmetic_dentist","270 Farmington Ave","Farmington","06032-1909","CT","US","+18606778500","info@farmingtonvalleydental.com","https://www.farmingtonvalleydental.com/","https://www.facebook.com/794538690591497","","0.9199122190475464","open","7","meta | Overture | Overture-signals","CDLA-Permissive-2.0","2026-04-27T00:00:00.000Z | 2026-06-11T11:57:15Z | 2026-05-12T00:29:08Z | 2026-05-18T13:23:54Z | 2026-05-25T13:08:59Z | 2026-06-01T13:20:32Z | 2026-06-08T13:20:12Z"
"CT","Connecticut","3c622252-ae07-4e2d-97f8-561ccfb33d7c","Middlesex Dental Associates","-72.6413130877875","41.5500909165658","dentist","","282 Main Street Ext","Middletown","06457","CT","US","(860) 344-9096","info@middlesexdentalassociates.com","http://www.middlesexdmds.com","","","0.9199122190475464","open","4","Foursquare | Overture | Overture-signals","Apache-2.0 | CDLA-Permissive-2.0","2025-08-28T00:00:00.000 | 2026-06-11T11:57:15Z | 2026-05-12T00:29:08Z | 2026-05-18T13:23:54Z | 2026-05-25T13:08:59Z | 2026-06-01T13:20:32Z | 2026-06-08T13:20:12Z"
"CT","Connecticut","3c7aa764-5c95-49be-9bb6-3f471587d5de","Horn & Caye LLC","-72.52103969","41.77413294","dentist","general_dentistry | medical_service_organizations","599 Main St","Manchester","06040-5156","CT","US","+18606471565","smiles@hornandcayellc.com","http://www.hornandcayellc.com","https://www.facebook.com/801668396552362","","0.9199122190475464","open","7","meta | Overture | Overture-signals","CDLA-Permissive-2.0","2026-04-27T00:00:00.000Z | 2026-06-11T11:57:15Z | 2026-05-12T00:29:08Z | 2026-05-18T13:23:54Z | 2026-05-25T13:08:59Z | 2026-06-01T13:20:32Z | 2026-06-08T13:20:12Z"
"CT","Connecticut","3c8e2183-d805-4a8e-85e6-cab33dbd6816","Naval Base Dental Clinic","-72.088473","41.399518","dentist","general_dentistry | health_and_medical","New London Naval Sub Base","Groton","06340","CT","US","","","","https://www.facebook.com/251707621523490","","0.9600745439529419","","3","meta | Overture","CDLA-Permissive-2.0","2026-04-27T00:00:00.000Z | 2026-06-11T11:57:15Z"
"CT","Connecticut","3cbc90f1-34c8-487b-a7f2-410f86bfbba4","Bridgeport Dentists","-73.20402317","41.20299211","dentist","doctor","2992 Main St","Bridgeport","06606-4226","CT","US","+12038730708","","http://www.bridgeportdentists.com/","https://www.facebook.com/618053848345470","","0.9199122190475464","open","6","meta | Overture | Overture-signals","CDLA-Permissive-2.0","2026-04-27T00:00:00.000Z | 2026-06-11T11:57:15Z | 2026-05-12T00:29:08Z | 2026-05-18T13:23:54Z | 2026-05-25T13:08:59Z | 2026-06-01T13:20:32Z | 2026-06-08T13:20:12Z"
"CT","Connecticut","3cef2aef-b2bb-43ef-84cd-dfeb09a68789","Aspen Dental","-72.7658401286071","41.7166770830798","dentist","","1600 South East Road","Farmington","06032","CT","US","(860) 676-0050","","https://www.aspendental.com/dentist/ct/farmington/1600-south-east-road","https://www.twitter.com/aspendental | https://www.facebook.com/164690783570921","","0.77","","9","Foursquare | Overture","Apache-2.0 | CDLA-Permissive-2.0","2026-01-06T00:00:00.000 | 2026-06-11T11:57:15Z"
"CT","Connecticut","3d10a6e0-c759-4476-95ec-fa61752842c6","Wallingford Dental Associates","-72.81618889","41.45689988","dentist","endodontist | pediatric_dentist","205 N Main St","Wallingford","06492-3711","CT","US","+12032651250","wallingforddental205@gmail.com","http://www.wallingforddentalassociates.com/","https://www.facebook.com/478694712164903","Wallingford Dental Associates","0.9902192950248718","open","8","meta | Overture | Overture-signals","CDLA-Permissive-2.0","2026-04-27T00:00:00.000Z | 2026-06-11T11:57:15Z | 2026-05-12T00:29:08Z | 2026-05-18T13:23:54Z | 2026-05-25T13:08:59Z | 2026-06-01T13:20:32Z | 2026-06-08T13:20:12Z"
"CT","Connecticut","3d3bdc78-9fbd-4ef3-8bc3-c5427c2700f3","Dr. Hinchey","-72.5460245131505","41.6793926071177","dentist","","2249 New London Turnpike","Glastonbury","06073","CT","US","(860) 357-5028","","https://dochincheydmd.com","https://www.twitter.com/drhincheydmd | https://www.facebook.com/876232905764925","","0.77","","5","Foursquare | Overture","Apache-2.0 | CDLA-Permissive-2.0","2024-09-27T00:00:00.000 | 2026-06-11T11:57:15Z"
"CT","Connecticut","3d4b2118-9814-4ad5-b386-8970faf3d909","Joseph Statkevich DMD","-73.0387696951161","41.5574284039742","dentist","","80 Phoenix Ave Ste 202","Waterbury","06702","CT","US","(203) 574-3343","","http://www.staywellhealth.org","https://www.facebook.com/158667024183662","","0.77","","5","Foursquare | Overture","Apache-2.0 | CDLA-Permissive-2.0","2025-05-29T00:00:00.000 | 2026-06-11T11:57:15Z"
"CT","Connecticut","3d5cdb6e-45a6-41c1-97be-d917dc000ee2","Ablow Karen S DMD","-72.60350729","41.28891884","dentist","general_dentistry | doctor","145 Durham Rd","Madison","06443-2656","CT","US","+12032457926","","","https://www.facebook.com/138935056154954","","0.9199122190475464","open","7","meta | Overture | Overture-signals","CDLA-Permissive-2.0","2026-04-27T00:00:00.000Z | 2026-06-11T11:57:15Z | 2026-05-12T00:29:08Z | 2026-05-18T13:23:54Z | 2026-05-25T13:08:59Z | 2026-06-01T13:20:32Z | 2026-06-08T13:20:12Z"
"CT","Connecticut","3d7ecb3a-8a71-4f06-97b3-5a8538f65d12","Dental Associates of Connecticut","-73.46129971","41.41557511","dentist","general_dentistry","36 Padanaram Rd","Danbury","06811-4824","CT","US","+12037485717","info@dentalassociates.us","http://www.DentalAssociates.us/","https://www.facebook.com/187022885223399","Dental Associates of CT","0.9997894143164158","","11","meta | Overture","CDLA-Permissive-2.0","2026-04-27T00:00:00.000Z | 2026-06-11T11:57:15Z"
"CT","Connecticut","3d8e7740-7991-4239-a479-8dee8640d459","Cherry Dental","-72.91301294","41.34554016","dentist","general_dentistry","1220 Whitney Ave","Hamden","06517-2862","CT","US","+12032871307","cherrydentalcare@gmail.com","https://drbirminghamhamden.com/","https://www.facebook.com/372569249959527","","0.9902192950248718","open","8","meta | Overture | Overture-signals","CDLA-Permissive-2.0","2026-04-27T00:00:00.000Z | 2026-06-11T11:57:15Z | 2026-05-12T00:29:08Z | 2026-05-18T13:23:54Z | 2026-05-25T13:08:59Z | 2026-06-01T13:20:32Z | 2026-06-08T13:20:12Z"
"CT","Connecticut","3e255d53-dbfe-48be-a996-8e1f90e40445","NP Family Dental","-73.41269198","41.3716311","dentist","general_dentistry","8 School St","Bethel","06801-1846","CT","US","+12037927370","dr.tqnguyendds@gmail.com","http://Npfamily-dental.com/","https://www.facebook.com/103135869252334","","0.9199122190475464","open","7","meta | Overture | Overture-signals","CDLA-Permissive-2.0","2026-04-27T00:00:00.000Z | 2026-06-11T11:57:15Z | 2026-05-12T00:29:08Z | 2026-05-18T13:23:54Z | 2026-05-25T13:08:59Z | 2026-06-01T13:20:32Z | 2026-06-08T13:20:12Z"
"CT","Connecticut","3e55826c-5277-417e-9e18-b75a95ccb209","Saybrook Family Dental Care","-72.376385","41.295871","dentist","health_and_medical","56 Main St","Old Saybrook","06475","CT","US","8603882806","","https://www.saybrookdental.com/","","","0.9199122190475464","open","9","Microsoft | Overture | Overture-signals","CDLA-Permissive-2.0","2022-10-06T18:47:38.737Z | 2026-06-11T11:57:15Z | 2026-05-12T00:29:08Z | 2026-05-18T13:23:54Z | 2026-05-25T13:08:59Z | 2026-06-01T13:20:32Z | 2026-06-08T13:20:12Z"
"CT","Connecticut","3e84530a-8500-4763-a877-215b97a23d4d","Motto Clear Aligners","-72.7662552","41.7108559","dentist","","458 Hartford Rd","New Britain","06053","CT","US","8606760050","","https://www.aspendental.com/dentist/ct/new-britain/458-hartford-road/motto-clear-aligners/","","","0.9199122190475464","open","4","Microsoft | Overture | Overture-signals","CDLA-Permissive-2.0","2025-10-03T21:05:47.313Z | 2026-06-11T11:57:15Z | 2026-05-12T00:29:08Z | 2026-05-18T13:23:54Z | 2026-05-25T13:08:59Z | 2026-06-01T13:20:32Z | 2026-06-08T13:20:12Z"
"CT","Connecticut","3f10fbc8-cde3-4314-88f1-23fcc3d102d1","Motto Clear Aligners","-72.5803724","41.9909439","dentist","","25 Hazard Ave","Enfield","06082","CT","US","8607450777","","https://www.aspendental.com/dentist/ct/enfield/25-hazard-ave/motto-clear-aligners/","","","0.9199122190475464","open","7","Microsoft | Overture | Overture-signals","CDLA-Permissive-2.0","2025-10-04T07:00:50.877Z | 2026-06-11T11:57:15Z | 2026-05-12T00:29:08Z | 2026-05-18T13:23:54Z | 2026-05-25T13:08:59Z | 2026-06-01T13:20:32Z | 2026-06-08T13:20:12Z"
"CT","Connecticut","3f18e7ce-f715-48f9-88d4-7557fbbad3a0","Hamden Dental Arts","-72.90095908","41.38202382","dentist","general_dentistry | cosmetic_dentist","2319 Whitney Ave","Hamden","06518-3509","CT","US","+12032487400","info@hamdendentalarts.com","https://www.hamdendentalarts.com/","https://www.facebook.com/479200032098272","","0.998261445760727","","6","meta | Overture","CDLA-Permissive-2.0","2026-04-27T00:00:00.000Z | 2026-06-11T11:57:15Z"
"CT","Connecticut","3f2bce83-9a68-4871-aef1-d9f9e4394854","Fairfield Periodontics, LLC","-73.2512972467498","41.1447615658941","dentist","","71 Beach Road","Fairfield","06824","CT","US","(203) 255-7771","","https://fairfieldperiodontics.com","https://www.twitter.com/fairfieldperio | https://www.facebook.com/1010720382318454","","0.77","","5","Foursquare | Overture","Apache-2.0 | CDLA-Permissive-2.0","2022-11-25T00:00:00.000 | 2026-06-11T11:57:15Z"
"CT","Connecticut","3f2d664c-267e-4ddc-9288-b132534634d1","Dr. John Turick","-72.06169061","41.35594338","dentist","general_dentistry","397 Long Hill Rd","Groton","06340-3812","CT","US","+18604498211","","https://turick-john-t-dmd.hub.biz/","https://www.facebook.com/161463600541987","","0.9843221306800842","","1","meta | Overture","CDLA-Permissive-2.0","2026-04-27T00:00:00.000Z | 2026-06-11T11:57:15Z"
"CT","Connecticut","3f7da23f-ea77-4178-95d0-308b75f6d754","Stamford Orthodontic Associates","-73.520878","41.069006","dentist","orthodontist | medical_service_organizations","456 Glenbrook Rd","Stamford","06906-1800","CT","US","+12032522181","stamford@ctbraces.com","http://www.ctbraces.com/","https://www.facebook.com/123067564459496","Stratford Orthodontics","0.9199122190475464","open","8","meta | Overture | Overture-signals","CDLA-Permissive-2.0","2026-04-27T00:00:00.000Z | 2026-06-11T11:57:15Z | 2026-05-12T00:29:08Z | 2026-05-18T13:23:54Z | 2026-05-25T13:08:59Z | 2026-06-01T13:20:32Z | 2026-06-08T13:20:12Z"
"CT","Connecticut","3f90b14c-037f-4f09-98ed-1b57bf90f3ea","Goldfeder Richard M DMD","-72.40922107","41.28644258","dentist","general_dentistry | cosmetic_dentist","1480 Boston Post Rd","Old Saybrook","06475-1750","CT","US","+18603883110","drgoldfeder@snet.net","http://www.goldfederdmd.com/","https://www.facebook.com/165421126817704","","0.9199122190475464","open","9","meta | Overture | Overture-signals","CDLA-Permissive-2.0","2026-04-27T00:00:00.000Z | 2026-06-11T11:57:15Z | 2026-05-12T00:29:08Z | 2026-05-18T13:23:54Z | 2026-05-25T13:08:59Z | 2026-06-01T13:20:32Z | 2026-06-08T13:20:12Z"
"CT","Connecticut","3fd6269e-8d28-4dc8-9d5f-6faf1fd26b46","A+ Dental Care","-73.201556988709","41.1989903876609","dentist","","2660 Main St Ste 217","Bridgeport","06606","CT","US","(203) 576-1608","","http://www.drmadera.com","https://www.facebook.com/165782443433717","","0.77","","5","Foursquare | Overture","Apache-2.0 | CDLA-Permissive-2.0","2025-10-16T00:00:00.000 | 2026-06-11T11:57:15Z"
"CT","Connecticut","40136116-f201-49c2-90e1-f1ec34961f05","Kiss Orthodontics","-72.861037","41.672546","dentist","orthodontist | doctor","20 Pine St","Plainville","06062-1941","CT","US","+18607472703","lrkdmd@comcast.net","http://www.kisssmiles.com/","https://www.facebook.com/128535867565697","","0.6820928454399109","","7","meta | Overture","CDLA-Permissive-2.0","2026-04-27T00:00:00.000Z | 2026-06-11T11:57:15Z"
"CT","Connecticut","4056af9a-39b9-4d44-b3e1-d241c7656c44","Hamden Dental Care","-72.90015575","41.40712332","dentist","pediatric_dentist | cosmetic_dentist","3074 Whitney Ave","Hamden","06518-2324","CT","US","+12035620234","info@hamden.dental","https://hamdendentalcare.com/","https://www.facebook.com/388770874486984","","0.9199122190475464","open","7","meta | Overture | Overture-signals","CDLA-Permissive-2.0","2026-04-27T00:00:00.000Z | 2026-06-11T11:57:15Z | 2026-05-12T00:29:08Z | 2026-05-18T13:23:54Z | 2026-05-25T13:08:59Z | 2026-06-01T13:20:32Z | 2026-06-08T13:20:12Z"
"CT","Connecticut","4074f16f-f1ba-433f-9f81-ee8151e099ca","Astra Dental","-73.13205468","41.19428141","dentist","general_dentistry","2499 Main St","Stratford","06615-5843","CT","US","+12035519090","info@astradentalct.com","http://www.astradentalct.com/","https://www.facebook.com/110025975405372","","0.9640818238258362","","8","meta | Overture","CDLA-Permissive-2.0","2026-04-27T00:00:00.000Z | 2026-06-11T11:57:15Z"
"CT","Connecticut","408cb436-e3c8-4c87-8cec-436bfd71552d","Nickalus Stevens DMD","-72.237357","41.721849","dentist","endodontist | pediatric_dentist","1581 Main St","Willimantic","06226-1129","CT","US","+18604563214","","http://www.jstevensdds.com","https://www.facebook.com/189428987745353","Smile Solutions Dental Excellence","0.958591878414154","","8","meta | Overture","CDLA-Permissive-2.0","2026-04-27T00:00:00.000Z | 2026-06-11T11:57:15Z"
"CT","Connecticut","40b7428b-23d1-4474-8b51-26daaf361400","Connecticut Dental Associates","-72.95600301","41.2965152","dentist","health_and_medical | periodontist","145 Boston Post Rd","West Haven","06516-2058","CT","US","+12038890278","ctdentalonline@hotmail.com","http://www.CTdentalonline.com/","https://www.facebook.com/334014200017934","Ctdentalonline","0.9902192950248718","open","8","meta | Overture | Overture-signals","CDLA-Permissive-2.0","2026-04-27T00:00:00.000Z | 2026-06-11T11:57:15Z | 2026-05-12T00:29:08Z | 2026-05-18T13:23:54Z | 2026-05-25T13:08:59Z | 2026-06-01T13:20:32Z | 2026-06-08T13:20:12Z"
"CT","Connecticut","4156c13d-b4b9-4eae-bdaa-81ed78417559","Ortho Care Specialists","-73.21870154","41.22409482","dentist","family_practice","4747 Main St","Bridgeport","06606-1804","CT","US","+12033720649","","http://www.orthocarespecialists.net/","https://www.facebook.com/166151990063955","Rago Thomas A MD","0.9199122190475464","open","7","meta | Overture | Overture-signals","CDLA-Permissive-2.0","2026-04-27T00:00:00.000Z | 2026-06-11T11:57:15Z | 2026-05-12T00:29:08Z | 2026-05-18T13:23:54Z | 2026-05-25T13:08:59Z | 2026-06-01T13:20:32Z | 2026-06-08T13:20:12Z"
"CT","Connecticut","41760379-9e67-4f94-bc2a-e7f4080ba171","Signature Smiles","-72.6832039","41.7781063","dentist","health_and_medical | hospital","90 Brook St","Hartford","06120-2517","CT","US","","","","https://www.facebook.com/990331137723424","","0.6628919839859009","","7","meta | Overture","CDLA-Permissive-2.0","2026-04-27T00:00:00.000Z | 2026-06-11T11:57:15Z"
"CT","Connecticut","419a34ec-17a3-4175-91f1-3951cd3031d6","Pristine Air Technologies","-72.88794","41.38986","dentist","health_and_medical","1885 Ridge Rd","North Haven","06473-2022","CT","US","+12036457431","","","https://www.facebook.com/2047860598825968","","0.6445741057395935","","7","meta | Overture","CDLA-Permissive-2.0","2026-04-27T00:00:00.000Z | 2026-06-11T11:57:15Z"
"CT","Connecticut","42572ebc-c1fe-48cc-9c83-bc360a74cc06","David E. Moskow, DMD","-72.62721","41.73553","dentist","health_and_medical | medical_service_organizations","170 Main St","East Hartford","06118-3234","CT","US","+18605683366","david.moskow@snet.net","http://compdentalct.com/","https://www.facebook.com/466691860026976","Comprehensive Dental Associates of Central Connecticut","0.8001459836959839","","8","meta | Overture","CDLA-Permissive-2.0","2026-04-27T00:00:00.000Z | 2026-06-11T11:57:15Z"
"CT","Connecticut","429061c6-e2be-4cbb-9fe5-a4b0ee92f1f8","McKenna Orthodontics","-73.07552188","41.92662636","dentist","orthodontist | doctor","10 Hinsdale Ave","Winsted","06098-1133","CT","US","+18603799871","","http://www.orthospecialists.net","https://www.facebook.com/163278360357105","McKenna Orthodontics PC","0.9624063372612","","8","meta | Overture","CDLA-Permissive-2.0","2026-04-27T00:00:00.000Z | 2026-06-11T11:57:15Z"
"CT","Connecticut","42b84a83-c502-4137-9c32-893cac589a01","Middlebury Smiles","-73.0854113","41.53209893","dentist","cosmetic_dentist | general_dentistry","819 Straits Tpke","Middlebury","06762-2847","CT","US","+12035987920","info@middleburysmilesct.com","https://www.middleburysmilesct.com/","https://www.facebook.com/161020554239486","","0.9199122190475464","open","9","meta | Overture | Overture-signals","CDLA-Permissive-2.0","2026-04-27T00:00:00.000Z | 2026-06-11T11:57:15Z | 2026-05-12T00:29:08Z | 2026-05-18T13:23:54Z | 2026-05-25T13:08:59Z | 2026-06-01T13:20:32Z | 2026-06-08T13:20:12Z"
"CT","Connecticut","42f7f200-5e7e-4dfc-a965-0d08a94c7a58","Legacy Family Dental","-73.14326684","41.19382164","dentist","general_dentistry | family_practice","1761 W Broad St","Stratford","06615-5752","CT","US","+12033753763","","http://lfdentalct.com/","https://www.facebook.com/105088510930007","","0.9902192950248718","open","8","meta | Overture | Overture-signals","CDLA-Permissive-2.0","2026-04-27T00:00:00.000Z | 2026-06-11T11:57:15Z | 2026-05-12T00:29:08Z | 2026-05-18T13:23:54Z | 2026-05-25T13:08:59Z | 2026-06-01T13:20:32Z | 2026-06-08T13:20:12Z"
"CT","Connecticut","430d2796-2ec2-47fd-8318-51d93add2a50","Park Street Family Dental","-72.6841694150735","41.7582507390592","dentist","","456 Park St","Hartford","06106","CT","US","(860) 293-2000","parkstfamilydental@gmail.com","http://www.parkstreetfamilydental.com","","","0.9199122190475464","open","8","Foursquare | Overture | Overture-signals","Apache-2.0 | CDLA-Permissive-2.0","2025-08-22T00:00:00.000 | 2026-06-11T11:57:15Z | 2026-05-12T00:29:08Z | 2026-05-18T13:23:54Z | 2026-05-25T13:08:59Z | 2026-06-01T13:20:32Z | 2026-06-08T13:20:12Z"
"CT","Connecticut","43620b5d-a7db-41e7-8b53-c67eced9deaa","Savin Dental Care","-72.95155054","41.27021352","dentist","general_dentistry","654 Savin Ave","West Haven","06516-4965","CT","US","+12039337135","savindentalcare@gmail.com","http://www.savindentalcare.com/","https://www.facebook.com/161610073863589","","0.9988923758268357","","9","meta | Overture","CDLA-Permissive-2.0","2026-04-27T00:00:00.000Z | 2026-06-11T11:57:15Z"
"CT","Connecticut","4374dbfb-389f-4c74-9a06-88e3f9bee8ad","Natural Dentistry","-72.8045759","41.7244559","dentist","general_dentistry | naturopathic_holistic","10 Birdseye Rd","Farmington","06032","CT","US","+18606772242","info@naturaldentistrycenter.com","https://naturaldentistrycenter.com/","https://www.facebook.com/1015186051846398","Natural Dentistry + Ceramic Implants by Dr. Yuriy May","0.9199122190475464","open","9","meta | Overture | Overture-signals","CDLA-Permissive-2.0","2026-04-27T00:00:00.000Z | 2026-06-11T11:57:15Z | 2026-05-12T00:29:08Z | 2026-05-18T13:23:54Z | 2026-05-25T13:08:59Z | 2026-06-01T13:20:32Z | 2026-06-08T13:20:12Z"
"CT","Connecticut","437820e5-4ca7-4394-941c-89718c145a74","Admire Dental Branford","-72.83205","41.27394","dentist","general_dentistry | cosmetic_dentist","1060 W Main St","Branford","06405-3441","CT","US","+12038643750","branford@admiredental.com","https://admiredentalbranford.com/","https://www.facebook.com/109136187519862","","0.9199122190475464","open","8","meta | Overture | Overture-signals","CDLA-Permissive-2.0","2026-04-27T00:00:00.000Z | 2026-06-11T11:57:15Z | 2026-05-12T00:29:08Z | 2026-05-18T13:23:54Z | 2026-05-25T13:08:59Z | 2026-06-01T13:20:32Z | 2026-06-08T13:20:12Z"
"CT","Connecticut","43d3b8e8-aa38-4bb0-9daf-56b36e100ac3","Sasha Drexler Dentistry","-73.255024","41.142301","dentist","general_dentistry | doctor","1305 Post Rd","Fairfield","06824-6016","CT","US","+12032555999","office@sashadrexlerdentistry.com","https://www.sashadrexlerdentistry.com/","https://www.facebook.com/128601103836431","","0.9969848549365997","","9","meta | Overture","CDLA-Permissive-2.0","2026-04-27T00:00:00.000Z | 2026-06-11T11:57:15Z"
"CT","Connecticut","43fbdc53-8c39-457d-8852-6e320096d14f","Dr Jack Levine","-72.919938","41.310845","dentist","health_and_medical | pediatric_dentist","375 Orange St","New Haven","06511-6406","CT","US","+12036247571","orangestreetsmiles@prodigy.net","http://www.orangestreetsmiles.com","https://www.facebook.com/136093706487659","","0.8833541870117188","","9","meta | Overture","CDLA-Permissive-2.0","2026-04-27T00:00:00.000Z | 2026-06-11T11:57:15Z"
"CT","Connecticut","449c61d8-6e54-4975-8bf8-7b5eec2e40e3","Dental Associates","-73.3058981743663","41.4144083000992","dentist","","11 Church Hill Rd","Newtown","06470","CT","US","(203) 426-5891","tcng@dentalassociates.us","http://www.dentalassociates.us","","","0.9199122190475464","open","4","Foursquare | Overture | Overture-signals","Apache-2.0 | CDLA-Permissive-2.0","2026-02-03T00:00:00.000 | 2026-06-11T11:57:15Z | 2026-05-12T00:29:08Z | 2026-05-18T13:23:54Z | 2026-05-25T13:08:59Z | 2026-06-01T13:20:32Z | 2026-06-08T13:20:12Z"
"CT","Connecticut","44f07d92-8cbd-411c-bf1c-431e57c00a95","The Smile Studio Dentistry","-72.6752323187805","41.7639504586759","dentist","","1 Gold St","Hartford","06103","CT","US","(860) 728-5264","smilestudio@hartford-dentistry.com","https://thesmilestudiodentistry.com","https://www.facebook.com/100386881600089","","0.77","","5","Foursquare | Overture","Apache-2.0 | CDLA-Permissive-2.0","2025-09-03T00:00:00.000 | 2026-06-11T11:57:15Z"
"CT","Connecticut","45576b5f-086d-46c2-9e23-ab7d41dd3ef4","Dr. Monica Cipes","-72.7282399740834","41.7650513991688","dentist","","798 Farmington Ave","West Hartford","06119","CT","US","(860) 233-1589","","http://www.cipespediatricdentistry.com","https://www.facebook.com/134676533249451","","0.77","","6","Foursquare | Overture","Apache-2.0 | CDLA-Permissive-2.0","2026-01-30T00:00:00.000 | 2026-06-11T11:57:15Z"
"CT","Connecticut","45675767-9807-439f-aa4b-dc3ea098a208","Stamford General Dentist","-73.536295","41.06254","dentist","health_and_medical | hospital","144 Morgan St","Stamford","06905-5433","CT","US","+12039673571","ejzskier@optonline.net","http://www.stamfordgeneraldentist.com/","https://www.facebook.com/443445232350518","","0.9876005589962006","","9","meta | Overture","CDLA-Permissive-2.0","2026-04-27T00:00:00.000Z | 2026-06-11T11:57:15Z"
"CT","Connecticut","45e43400-a9f6-4120-be81-b0d268ee2bd0","Aspen Dental","-73.4189","41.15925","dentist","","652 Main Avenue","Norwalk","06851","CT","US","","","https://www.aspendental.com/dentist/ct/norwalk/652-main-avenue/","","Aspen Dental","0.954","","5","AllThePlaces | Overture","CC0-1.0 | CDLA-Permissive-2.0","2026-06-02T15:18:54.000Z | 2026-06-11T11:57:15Z"
"CT","Connecticut","45f516bd-35ac-44ac-a5a7-c7b3c520f49c","Morganti Anthony DDS","-72.9294516","41.68884469","dentist","health_and_medical | medical_service_organizations","424 Farmington Ave","Bristol","06010-3908","CT","US","+18605829193","","","https://www.facebook.com/162425803784924","","0.9199122190475464","open","6","meta | Overture | Overture-signals","CDLA-Permissive-2.0","2026-04-27T00:00:00.000Z | 2026-06-11T11:57:15Z | 2026-05-12T00:29:08Z | 2026-05-18T13:23:54Z | 2026-05-25T13:08:59Z | 2026-06-01T13:20:32Z | 2026-06-08T13:20:12Z"
"CT","Connecticut","469b4110-31ae-479f-8d5e-2c1ef22729d8","Wilton Dental Associates","-73.43359608","41.1947083","dentist","general_dentistry | medical_service_organizations","44 Old Ridgefield Rd","Wilton","06897-3014","CT","US","+12037610223","dentistswilton@gmail.com","http://www.wiltondentalassoc.com","https://www.facebook.com/160001887355902","Wilton Dental Associates","0.9996543114483356","open","9","meta | Overture | Overture-signals","CDLA-Permissive-2.0","2026-04-27T00:00:00.000Z | 2026-06-11T11:57:15Z | 2026-05-12T00:29:08Z | 2026-06-08T13:20:12Z"
"CT","Connecticut","474099a7-b453-4926-a637-43b15b640c0c","Bristol Family Dental","-72.9207867483518","41.6910503312571","dentist","","4 Morris Ave","Bristol","06010","CT","US","(860) 589-2794","office@bristolfamilydentalct.com","https://www.bristolfamilydentalct.com","https://www.facebook.com/1467606230136405","","0.9199122190475464","open","4","Foursquare | Overture | Overture-signals","Apache-2.0 | CDLA-Permissive-2.0","2025-08-05T00:00:00.000 | 2026-06-11T11:57:15Z | 2026-05-12T00:29:08Z | 2026-05-18T13:23:54Z | 2026-05-25T13:08:59Z | 2026-06-01T13:20:32Z | 2026-06-08T13:20:12Z"
"CT","Connecticut","474ab43b-8995-4273-a631-6bbb0efedfa4","Monroe Smiles","-73.25078072","41.30562314","dentist","doctor | health_and_medical","500 Purdy Hill Rd","Monroe","06468-1661","CT","US","+12034520239","jdcdmd@sbcglobal.net","http://www.healthysmilesmonroe.com/","https://www.facebook.com/718997728122531","Healthy Smiles Dental Group, LLC","0.9199122190475464","open","9","meta | Overture | Overture-signals","CDLA-Permissive-2.0","2026-04-27T00:00:00.000Z | 2026-06-11T11:57:15Z | 2026-05-12T00:29:08Z | 2026-05-18T13:23:54Z | 2026-05-25T13:08:59Z | 2026-06-01T13:20:32Z | 2026-06-08T13:20:12Z"
"CT","Connecticut","47871764-394c-4d75-a64d-41cea96c6ccc","Affinity Dental Center","-72.10121016","41.48548346","dentist","general_dentistry | health_and_medical","14 Gallivan Ln","Montville","06382-1208","CT","US","+18603670688","affinitydental@frontier.com","https://affinitydentalcenterct.com/","https://www.facebook.com/139101696121784","","0.9199122190475464","open","8","meta | Overture | Overture-signals","CDLA-Permissive-2.0","2026-04-27T00:00:00.000Z | 2026-06-11T11:57:15Z | 2026-05-12T00:29:08Z | 2026-05-18T13:23:54Z | 2026-05-25T13:08:59Z | 2026-06-01T13:20:32Z | 2026-06-08T13:20:12Z"
"CT","Connecticut","4794d0bb-94f5-4ae5-867e-2bab844ad40b","Dr. Alan Brugg","-73.6294000085652","41.0272306706039","dentist","","18 Field Point Rd, Greenwich, CT, 06830","Greenwich","06830","CT","US","(203) 869-8000","","https://www.dentalby.com/dentist-usa/dr-alan-h-brugg-dmd-greenwich.by","","","0.77","","6","Foursquare | Overture","Apache-2.0 | CDLA-Permissive-2.0","2025-05-30T00:00:00.000 | 2026-06-11T11:57:15Z"
"CT","Connecticut","47a944fc-9297-4ac3-bec6-0bc9e22ed4d7","Big Little Smiles Pediatric Dentistry & Orthodontics","-73.5374861955643","41.064049904765","dentist","","95 Morgan St Apt 1B","Stamford","06905","CT","US","(203) 903-9789","","https://biglittlesmileskids.com","https://www.instagram.com/biglittlesmilesct","","0.9199122190475464","open","4","Foursquare | Overture | Overture-signals","Apache-2.0 | CDLA-Permissive-2.0","2025-06-07T00:00:00.000 | 2026-06-11T11:57:15Z | 2026-05-12T00:29:08Z | 2026-05-18T13:23:54Z | 2026-05-25T13:08:59Z | 2026-06-01T13:20:32Z | 2026-06-08T13:20:12Z"
"CT","Connecticut","47c04b9e-362c-48e0-8b74-ccb80dd231ef","Smile By Design Windsor","-72.662086","41.872229","dentist","orthodontist | pediatric_dentist","697 Poquonock Ave","Windsor","06095-2249","CT","US","+18602190933","info_windsor@smilebydesignct.com","https://www.smilebydesignct.com/","https://www.facebook.com/411289892594204","","0.9635095596313477","","7","meta | Overture","CDLA-Permissive-2.0","2026-04-27T00:00:00.000Z | 2026-06-11T11:57:15Z"
"CT","Connecticut","47e1f35f-09d7-4c68-893d-a2279744ab60","Tannenbaum Lawrence DDS","-73.05453077","41.49276477","dentist","general_dentistry | doctor","305 Church St","Naugatuck","06770-2836","CT","US","+12037295741","","http://www.dralmeida.net","https://www.facebook.com/319447694769776","","0.9199122190475464","open","7","meta | Overture | Overture-signals","CDLA-Permissive-2.0","2026-04-27T00:00:00.000Z | 2026-06-11T11:57:15Z | 2026-05-12T00:29:08Z | 2026-05-18T13:23:54Z | 2026-05-25T13:08:59Z | 2026-06-01T13:20:32Z | 2026-06-08T13:20:12Z"
"CT","Connecticut","47e28e9e-98ee-4063-9cf7-dabe583192c8","Dentist in Bristol","-72.948633","41.668378","dentist","orthodontist | health_and_medical","37 West St","Bristol","06010-6266","CT","US","+18605608685","","http://bristoldentistgroup.com/","https://www.facebook.com/140908369340528","","0.7504838705062866","","9","meta | Overture","CDLA-Permissive-2.0","2026-04-27T00:00:00.000Z | 2026-06-11T11:57:15Z"
"CT","Connecticut","48148e11-72ce-403c-8fe3-8810d357ed00","Dr Jackqueline Mclean","-73.539723","41.060487","dentist","health_and_medical | hospital","23 Hoyt St","Stamford","06905-5604","CT","US","+12033276717","drmcleanj@yahoo.com","http://www.mcleansmiles.com/","https://www.facebook.com/965266880241893","McLeanSmiles","0.8609114289283752","","10","meta | Overture","CDLA-Permissive-2.0","2026-04-27T00:00:00.000Z | 2026-06-11T11:57:15Z"
"CT","Connecticut","485e756d-d65b-4102-9874-5aaf2c10c78a","David A. Rosh, Dmd, Pc","-73.5441044382196","41.0593239231674","dentist","","1450 Washington Blvd Ste 105","Stamford","06902","CT","US","(203) 359-2244","reptracker@davidaroshdmd.com","https://www.roshdental.com","https://www.facebook.com/289080307882819","","0.9199122190475464","open","9","Foursquare | Overture | Overture-signals","Apache-2.0 | CDLA-Permissive-2.0","2023-03-02T00:00:00.000 | 2026-06-11T11:57:15Z | 2026-05-12T00:29:08Z | 2026-05-18T13:23:54Z | 2026-05-25T13:08:59Z | 2026-06-01T13:20:32Z | 2026-06-08T13:20:12Z"
"CT","Connecticut","48744c49-bd8e-43fa-9fa2-5373ff290738","ComfyDent dental lab","-72.9000395014794","41.6727081496681","dentist","prosthodontist | laboratory_testing","28 Bingham St","Bristol","06010-7006","CT","US","+18606568152","info@comfydentllc.com","http://www.comfydentllc.com/","https://www.facebook.com/465737753799981","","0.8313932418823242","","2","meta | Overture","CDLA-Permissive-2.0","2026-04-27T00:00:00.000Z | 2026-06-11T11:57:15Z"
"CT","Connecticut","4915d285-a0ad-4dfe-a8b6-1c0ffc4cda3c","Dental Associate Group","-73.23235913","41.22844235","dentist","general_dentistry | health_and_medical","4154 Madison Ave","Trumbull","06611-3563","CT","US","+12033740000","info@dentalassociategroup.com","http://www.dentalassociategroup.com/","https://www.facebook.com/666045086739057","","0.9199122190475464","open","8","meta | Overture | Overture-signals","CDLA-Permissive-2.0","2026-04-27T00:00:00.000Z | 2026-06-11T11:57:15Z | 2026-05-12T00:29:08Z | 2026-05-18T13:23:54Z | 2026-05-25T13:08:59Z | 2026-06-01T13:20:32Z | 2026-06-08T13:20:12Z"
"CT","Connecticut","4969412f-91eb-432f-b316-ad695497bf65","James T. Aris, DMD, FAGD, Dentist - IAHCP","-73.4323281","41.1947474","dentist","health_and_medical | doctor","67 Old Ridgefield Rd","Wilton","06897-3018","CT","US","+12037625100","","http://www.james-aris.info/","https://www.facebook.com/282368281913295","","0.7014541029930115","","5","meta | Overture","CDLA-Permissive-2.0","2026-04-27T00:00:00.000Z | 2026-06-11T11:57:15Z"
"CT","Connecticut","49c42c69-d7c2-4468-baf6-357a31fd1474","Whittle Ernest J DDS","-73.56687645","41.02973703","dentist","general_dentistry","284 Sound Beach Ave","Old Greenwich","06870-1633","CT","US","+12036374660","","http://whittleernestjdds.placeweb.site","https://www.facebook.com/157146767658646","","0.9199122190475464","open","8","meta | Overture | Overture-signals","CDLA-Permissive-2.0","2026-04-27T00:00:00.000Z | 2026-06-11T11:57:15Z | 2026-05-12T00:29:08Z | 2026-05-18T13:23:54Z | 2026-05-25T13:08:59Z | 2026-06-01T13:20:32Z | 2026-06-08T13:20:12Z"
"CT","Connecticut","49c5da10-1041-459a-9c32-e0d589136212","Premier Dental PC","-72.7880021","41.53878106","dentist","general_dentistry | cosmetic_dentist","727 Broad St","Meriden","06450-4341","CT","US","+12032351415","premierdentalpc@gmail.com","http://www.premierdentalpc.com/","https://www.facebook.com/460143947472583","Premier Dental PC","0.9199122190475464","open","8","meta | Overture | Overture-signals","CDLA-Permissive-2.0","2026-04-27T00:00:00.000Z | 2026-06-11T11:57:15Z | 2026-05-12T00:29:08Z | 2026-05-18T13:23:54Z | 2026-05-25T13:08:59Z | 2026-06-01T13:20:32Z | 2026-06-08T13:20:12Z"
"CT","Connecticut","4a151667-3a8d-4921-a26f-ca661914f6ae","North Haven Dentists","-72.87013719","41.35657501","dentist","general_dentistry","323 Universal Dr N","North Haven","06473-3154","CT","US","+14752711689","northhavendentists@gmail.com","https://www.northhavendentists.com/","https://www.facebook.com/1996856507099112","","0.9199122190475464","open","9","meta | Overture | Overture-signals","CDLA-Permissive-2.0","2026-04-27T00:00:00.000Z | 2026-06-11T11:57:15Z | 2026-05-12T00:29:08Z | 2026-05-18T13:23:54Z | 2026-05-25T13:08:59Z | 2026-06-01T13:20:32Z | 2026-06-08T13:20:12Z"
"CT","Connecticut","4a44d75d-4990-480d-bf51-5003fedc8b79","Dental Associates of CT","-73.1208434075251","41.277213275666","dentist","","680 Bridgeport Ave","Shelton","06484","CT","US","(203) 380-0660","","http://www.dentalassociates.us","","","0.77","","5","Foursquare | Overture","Apache-2.0 | CDLA-Permissive-2.0","2025-08-22T00:00:00.000 | 2026-06-11T11:57:15Z"
"CT","Connecticut","4a5572c9-d846-4af2-aa03-ffa32491bcbc","Dr. Mark E. Stefanov","-73.0724002596086","41.9215652730905","dentist","","17 Union St","Winsted","06098","CT","US","(860) 379-6252","","http://ww6.place-web.com","https://www.facebook.com/152850408065250","","0.9199122190475464","open","4","Foursquare | Overture | Overture-signals","Apache-2.0 | CDLA-Permissive-2.0","2025-08-22T00:00:00.000 | 2026-06-11T11:57:15Z | 2026-05-12T00:29:08Z | 2026-05-18T13:23:54Z | 2026-05-25T13:08:59Z | 2026-06-01T13:20:32Z | 2026-06-08T13:20:12Z"
"CT","Connecticut","4a5c33ce-5e47-4edb-8132-2a4ba5ecf2c8","Dr Darren K Martinez Office","-73.5412596971854","41.0656157859116","dentist","","1675 Bedford St","Stamford","06905","CT","US","(203) 348-7034","","https://www.drdarrenmartinez.com","","","0.9199122190475464","open","4","Foursquare | Overture | Overture-signals","Apache-2.0 | CDLA-Permissive-2.0","2025-05-23T00:00:00.000 | 2026-06-11T11:57:15Z | 2026-05-12T00:29:08Z | 2026-05-18T13:23:54Z | 2026-05-25T13:08:59Z | 2026-06-01T13:20:32Z | 2026-06-08T13:20:12Z"
"CT","Connecticut","4a5f8199-e19a-4b3f-ad3b-c817063b15c0","Jose Juan M. DDS","-72.79463564","41.53086012","dentist","general_dentistry | family_practice","377 Broad St","Meriden","06450-5875","CT","US","+12036860442","","","https://www.facebook.com/114936916860355","","0.9199122190475464","open","7","meta | Overture | Overture-signals","CDLA-Permissive-2.0","2026-04-27T00:00:00.000Z | 2026-06-11T11:57:15Z | 2026-05-12T00:29:08Z | 2026-05-18T13:23:54Z | 2026-05-25T13:08:59Z | 2026-06-01T13:20:32Z | 2026-06-08T13:20:12Z"
"CT","Connecticut","4a9b3d72-c32c-4060-ab91-e8402bddc9b2","West Hill Family Dental","-72.68341104","41.66005717","dentist","general_dentistry | cosmetic_dentist","132 New Britain Ave","Rocky Hill","06067-1133","CT","US","+18605633303","info@westhillfamilydental.com","https://www.westhillfamilydental.com","https://www.facebook.com/298210320307411","","0.9902192950248718","open","8","meta | Overture | Overture-signals","CDLA-Permissive-2.0","2026-04-27T00:00:00.000Z | 2026-06-11T11:57:15Z | 2026-05-12T00:29:08Z | 2026-05-18T13:23:54Z | 2026-05-25T13:08:59Z | 2026-06-01T13:20:32Z | 2026-06-08T13:20:12Z"
"CT","Connecticut","4ab859eb-53a9-4638-95cd-7058a126563a","Shoreline Endodontics LLC","-72.05181213","41.37180025","dentist","endodontist | medical_service_organizations","491 Gold Star Hwy","Groton","06340-6226","CT","US","+18604462357","info@shorelineendo.com","http://www.shorelineendo.com/","https://www.facebook.com/147694111954610","","0.9199122190475464","open","8","meta | Overture | Overture-signals","CDLA-Permissive-2.0","2026-04-27T00:00:00.000Z | 2026-06-11T11:57:15Z | 2026-05-12T00:29:08Z | 2026-05-18T13:23:54Z | 2026-05-25T13:08:59Z | 2026-06-01T13:20:32Z | 2026-06-08T13:20:12Z"
"CT","Connecticut","4b4cf53a-dd30-4314-8d9b-9dd00e5fedc0","Jill Simon","-73.1083100187518","41.4252377563185","dentist","","318 Oxford Rd","Oxford","06478","CT","US","(203) 888-0811","","http://www.smiledentalcenter.net","","","0.9199122190475464","open","4","Foursquare | Overture | Overture-signals","Apache-2.0 | CDLA-Permissive-2.0","2025-08-22T00:00:00.000 | 2026-06-11T11:57:15Z | 2026-05-12T00:29:08Z | 2026-05-18T13:23:54Z | 2026-05-25T13:08:59Z | 2026-06-01T13:20:32Z | 2026-06-08T13:20:12Z"
"CT","Connecticut","4b50f4f4-7b8d-4b5a-b70b-a3a53d28c9b7","Professional Endodontics","-72.1006721242677","41.3476059467969","dentist","endodontist | health_and_medical","70 Howard St","New London","06320-4937","CT","US","+18604472572","office@pro-endo.com","http://www.pro-endo.com","https://www.facebook.com/158457574176920","","0.9199122190475464","open","7","meta | Overture | Overture-signals","CDLA-Permissive-2.0","2026-04-27T00:00:00.000Z | 2026-06-11T11:57:15Z | 2026-05-12T00:29:08Z | 2026-05-18T13:23:54Z | 2026-05-25T13:08:59Z | 2026-06-01T13:20:32Z | 2026-06-08T13:20:12Z"
"CT","Connecticut","4bacb35c-bf31-4df8-9b78-2a8686bea96c","Glastonbury Dental Center","-72.58597306","41.72257108","dentist","general_dentistry | medical_service_organizations","195 Eastern Blvd","Glastonbury","06033-4312","CT","US","+18602898219","glastonburydc@gmail.com","http://GlastonburyDentalCenter.com/","https://www.facebook.com/450168745171432","","0.9962267845869064","","9","meta | Overture","CDLA-Permissive-2.0","2026-04-27T00:00:00.000Z | 2026-06-11T11:57:15Z"
"CT","Connecticut","4bb9abed-bfc5-4c81-9aa1-698ab6ca9b1f","Star Dental","-72.86875","41.27576","dentist","orthodontist | medical_service_organizations","300 Hemingway Ave","East Haven","06512-3000","CT","US","+12034695644","stardental12@gmail.com","http://www.12monthsmiles.com/","https://www.facebook.com/162087483853910","12 Month Smiles","0.9199122190475464","open","7","meta | Overture | Overture-signals","CDLA-Permissive-2.0","2026-04-27T00:00:00.000Z | 2026-06-11T11:57:15Z | 2026-05-12T00:29:08Z | 2026-05-18T13:23:54Z | 2026-05-25T13:08:59Z | 2026-06-01T13:20:32Z | 2026-06-08T13:20:12Z"
"CT","Connecticut","4bea0afd-4632-4acd-a59a-e0ccdf265fac","Family Dentistry Of Derby","-73.07622166","41.31072899","dentist","pediatric_dentist | cosmetic_dentist","115 New Haven Ave","Derby","06418-2154","CT","US","+12037519657","derbydentistry115@gmail.com","http://ww16.place-web.com/?sub1=20210422-1124-48d7-8ba3-897257744bbf","https://www.facebook.com/112247261615688","","0.9199122190475464","open","6","meta | Overture | Overture-signals","CDLA-Permissive-2.0","2026-04-27T00:00:00.000Z | 2026-06-11T11:57:15Z | 2026-05-12T00:29:08Z | 2026-05-18T13:23:54Z | 2026-05-25T13:08:59Z | 2026-06-01T13:20:32Z | 2026-06-08T13:20:12Z"
"CT","Connecticut","4c7ad00c-72f3-4818-8a89-50340de58e13","Coastal Dental Care of Milford","-73.04769577","41.22880328","dentist","general_dentistry | doctor","203 Cherry St","Milford","06460-3501","CT","US","+12038740000","cdcmilford@mydentalmail.com","https://www.coastaldentalcareofmilford.com/","https://www.facebook.com/103094126447690","","0.9902192950248718","open","9","meta | Overture | Overture-signals","CDLA-Permissive-2.0","2026-04-27T00:00:00.000Z | 2026-06-11T11:57:15Z | 2026-05-12T00:29:08Z | 2026-05-18T13:23:54Z | 2026-05-25T13:08:59Z | 2026-06-01T13:20:32Z | 2026-06-08T13:20:12Z"
"CT","Connecticut","4c8cfda4-281c-4b72-9fbc-94d502a73ccc","Downtown Dental CT - Norwalk","-73.42268595","41.1281324","dentist","general_dentistry","205 Main St","Norwalk","06851-3530","CT","US","+12038571900","downtowndentalpc@gmail.com","https://downtowndentalct.com/?y_source=1_MTM0NTMxNTAtNTU5LWxvY2F0aW9uLndlYnNpdGU%3D","https://www.facebook.com/100841997927289","DowntownDental CT","0.9902192950248718","open","10","meta | Overture | Overture-signals","CDLA-Permissive-2.0","2026-04-27T00:00:00.000Z | 2026-06-11T11:57:15Z | 2026-05-12T00:29:08Z | 2026-05-18T13:23:54Z | 2026-05-25T13:08:59Z | 2026-06-01T13:20:32Z | 2026-06-08T13:20:12Z"
"CT","Connecticut","4c97f364-237c-4aef-ad99-5a896b7e5277","Bloomfield Dental Care","-72.71497907","41.81587327","dentist","general_dentistry","317 Cottage Grove Rd","Bloomfield","06002-3148","CT","US","+18602166073","bloomfieldctdental@gmail.com","http://www.bloomfieldctdental.com/","https://www.facebook.com/1329521437087992","Bloomfield Dental Care","0.9199122190475464","open","8","meta | Overture | Overture-signals","CDLA-Permissive-2.0","2026-04-27T00:00:00.000Z | 2026-06-11T11:57:15Z | 2026-05-12T00:29:08Z | 2026-05-18T13:23:54Z | 2026-05-25T13:08:59Z | 2026-06-01T13:20:32Z | 2026-06-08T13:20:12Z"
"CT","Connecticut","4cc09676-a16b-4472-a966-4e5098c0ccc7","Care Dental Center","-72.67707054","41.74557106","dentist","general_dentistry | cosmetic_dentist","191 Franklin Ave","Hartford","06114-1373","CT","US","+18602967460","www.caredentalcenterct@gmail.com","http://www.caredentalcenterct.com/","https://www.facebook.com/168063756542589","","0.9902192950248718","open","8","meta | Overture | Overture-signals","CDLA-Permissive-2.0","2026-04-27T00:00:00.000Z | 2026-06-11T11:57:15Z | 2026-05-12T00:29:08Z | 2026-05-18T13:23:54Z | 2026-05-25T13:08:59Z | 2026-06-01T13:20:32Z | 2026-06-08T13:20:12Z"
"CT","Connecticut","4ccca5e0-0ec3-42ba-a192-4a9844c187f8","Family Dental Care of Rocky Hill","-72.67964598","41.64789725","dentist","general_dentistry","825 Cromwell Ave","Rocky Hill","06067-3013","CT","US","+18607219002","office@familydentalcarect.com","https://www.familydentalcarect.com/","https://www.facebook.com/1015691261799143","","0.9902192950248718","open","8","meta | Overture | Overture-signals","CDLA-Permissive-2.0","2026-04-27T00:00:00.000Z | 2026-06-11T11:57:15Z | 2026-05-12T00:29:08Z | 2026-05-18T13:23:54Z | 2026-05-25T13:08:59Z | 2026-06-01T13:20:32Z | 2026-06-08T13:20:12Z"
"CT","Connecticut","4ce72adf-3829-496f-98af-c68a9f3e79da","Malgorzata Schoenborn D.M.D.","-72.72642562","41.76481906","dentist","","779 Farmington Ave","West Hartford","06119-1659","CT","US","+18605237474","gosiaschoenborn@gmail.com","","https://www.facebook.com/104904462930947","","0.9199122190475464","open","7","meta | Overture | Overture-signals","CDLA-Permissive-2.0","2026-04-27T00:00:00.000Z | 2026-06-11T11:57:15Z | 2026-05-12T00:29:08Z | 2026-05-18T13:23:54Z | 2026-05-25T13:08:59Z | 2026-06-01T13:20:32Z | 2026-06-08T13:20:12Z"
"CT","Connecticut","4cf45892-6e01-47f4-aa18-242afb2de8e5","Dental Associates of Shelton","-73.08979865","41.31164227","dentist","general_dentistry","190 Coram Ave","Shelton","06484-3347","CT","US","+12039244115","mcaserta@sheltondental.net","http://www.sheltondentalct.com/","https://www.facebook.com/866795540093420","","0.9199122190475464","open","8","meta | Overture | Overture-signals","CDLA-Permissive-2.0","2026-04-27T00:00:00.000Z | 2026-06-11T11:57:15Z | 2026-05-12T00:29:08Z | 2026-05-18T13:23:54Z | 2026-05-25T13:08:59Z | 2026-06-01T13:20:32Z | 2026-06-08T13:20:12Z"
"CT","Connecticut","4cfcbdce-ab66-4ad9-becf-946cbb42ca24","Amazing Smile Family Dentistry","-72.61461739","41.77882553","dentist","general_dentistry","580 Burnside Ave","East Hartford","06108-3579","CT","US","+18602829000","","http://www.prestigedentalnetwork.com","https://www.facebook.com/170098730020937","Prestige Dental Network","0.9199122190475464","open","8","meta | Overture | Overture-signals","CDLA-Permissive-2.0","2026-04-27T00:00:00.000Z | 2026-06-11T11:57:15Z | 2026-05-12T00:29:08Z | 2026-05-18T13:23:54Z | 2026-05-25T13:08:59Z | 2026-06-01T13:20:32Z | 2026-06-08T13:20:12Z"
"CT","Connecticut","4d173952-8b1c-4d26-b355-896784b0dbf3","Child & Adult Orthodontics Madison","-72.5994816335607","41.2811177084369","dentist","","25 Durham Rd","Madison","06443","CT","US","(203) 245-2600","","http://www.childandadultorthodontics.com","","","0.77","","5","Foursquare | Overture","Apache-2.0 | CDLA-Permissive-2.0","2025-08-31T00:00:00.000 | 2026-06-11T11:57:15Z"
"CT","Connecticut","4d2e8f10-a4f4-4fa3-b1c6-92073e7cf1a6","Dental Center of Huntington","-73.14543982","41.29454766","dentist","general_dentistry | medical_center","66 Huntington St","Shelton","06484-5250","CT","US","+12039251911","info@nealgraber.com","https://www.dentalcenterofhuntington.com/","https://www.facebook.com/524419274691785","","0.9199122190475464","open","8","meta | Overture | Overture-signals","CDLA-Permissive-2.0","2026-04-27T00:00:00.000Z | 2026-06-11T11:57:15Z | 2026-05-12T00:29:08Z | 2026-05-18T13:23:54Z | 2026-05-25T13:08:59Z | 2026-06-01T13:20:32Z | 2026-06-08T13:20:12Z"
"CT","Connecticut","4d58a271-abc1-4470-90ac-4a55c7236eff","Tend Dental Westport","-73.3173446","41.1392236","dentist","health_and_medical","1375 Post Rd E","Westport","06880","CT","US","8604530302","","https://www.hellotend.com/studios/connecticut/westport","","","0.9199122190475464","open","9","Microsoft | Overture | Overture-signals","CDLA-Permissive-2.0","2025-08-28T18:31:09.173Z | 2026-06-11T11:57:15Z | 2026-05-12T00:29:08Z | 2026-05-18T13:23:54Z | 2026-05-25T13:08:59Z | 2026-06-01T13:20:32Z | 2026-06-08T13:20:12Z"
"CT","Connecticut","4e93ba85-c307-4dd2-a095-5cbffa25b812","Figen A. Baydur","-73.24674629","41.17969346","dentist","general_dentistry | doctor","1817 Black Rock Tpke","Fairfield","06825-3515","CT","US","+12033330050","","https://baydur-figen-dmd.hub.biz/","https://www.facebook.com/141443225901959","","0.9199122190475464","open","9","meta | Overture | Overture-signals","CDLA-Permissive-2.0","2026-04-27T00:00:00.000Z | 2026-06-11T11:57:15Z | 2026-05-12T00:29:08Z | 2026-05-18T13:23:54Z | 2026-05-25T13:08:59Z | 2026-06-01T13:20:32Z | 2026-06-08T13:20:12Z"
"CT","Connecticut","4f179db7-d091-46ee-9165-519a5048bb8b","Laura A Miller, DDS","-72.602998","41.288877","dentist","general_dentistry","141 Durham Rd","Madison","06443-2655","CT","US","+12032459607","drmiller@wisdomdoc.com","http://www.madisonctdentist.com/","https://www.facebook.com/115414868520402","","0.9199122190475464","open","6","meta | Overture | Overture-signals","CDLA-Permissive-2.0","2026-04-27T00:00:00.000Z | 2026-06-11T11:57:15Z | 2026-05-12T00:29:08Z | 2026-05-18T13:23:54Z | 2026-05-25T13:08:59Z | 2026-06-01T13:20:32Z | 2026-06-08T13:20:12Z"
"CT","Connecticut","4f3aecfa-d06d-4234-b6c1-6d3f3cf4362e","Smart Dental LLC","-72.96478046","41.32890122","dentist","general_dentistry | health_and_medical","1045 Whalley Ave","New Haven","06515-1787","CT","US","+12033896701","smartdentalnewhaven@gmail.com","http://www.smartdentalct.com","https://www.facebook.com/189737107841152","","0.9902192950248718","open","8","meta | Overture | Overture-signals","CDLA-Permissive-2.0","2026-04-27T00:00:00.000Z | 2026-06-11T11:57:15Z | 2026-05-12T00:29:08Z | 2026-05-18T13:23:54Z | 2026-05-25T13:08:59Z | 2026-06-01T13:20:32Z | 2026-06-08T13:20:12Z"
"CT","Connecticut","4f839b08-f2b7-46a5-89e6-a114de970a86","Purple dental","-72.5839264795082","41.7059643402689","dentist","","2963 Main St, Glastonbury, CT 06033, USA","Glastonbury","06033","CT","US","(860) 327-6453","sam@purpledentalct.com","","https://www.instagram.com/purpledentalllc","","0.77","","1","Foursquare | Overture","Apache-2.0 | CDLA-Permissive-2.0","2026-03-26T00:00:00.000 | 2026-06-11T11:57:15Z"
"CT","Connecticut","4fad7676-1ec4-484b-a9b9-2c7f99a274d9","Premier Dental of Connecticut","-72.76655886","41.75417115","dentist","general_dentistry | health_and_medical","1245 Farmington Ave","West Hartford","06107-2667","CT","US","+18605132259","","https://www.premierdentalconnecticut.com/dentist-office/west-hartford-ct-06107","https://www.facebook.com/469683759891298","Premier Dental of Connecticut","0.9199122190475464","open","8","meta | Overture | Overture-signals","CDLA-Permissive-2.0","2026-04-27T00:00:00.000Z | 2026-06-11T11:57:15Z | 2026-05-12T00:29:08Z | 2026-05-18T13:23:54Z | 2026-05-25T13:08:59Z | 2026-06-01T13:20:32Z | 2026-06-08T13:20:12Z"
"CT","Connecticut","5010c11a-b7f4-4b87-9376-058eaf80d6bb","Collins Road Family Dental || Dentist in Bristol CT","-72.91350106","41.69446217","dentist","general_dentistry","11 Collins Rd","Bristol","06010-3873","CT","US","+18605894577","collinsroadfamilydental@gmail.com","http://www.collinsroadfamilydental.com/","https://www.facebook.com/103866048175309","","0.9199122190475464","open","8","meta | Overture | Overture-signals","CDLA-Permissive-2.0","2026-04-27T00:00:00.000Z | 2026-06-11T11:57:15Z | 2026-05-12T00:29:08Z | 2026-05-18T13:23:54Z | 2026-05-25T13:08:59Z | 2026-06-01T13:20:32Z | 2026-06-08T13:20:12Z"
"CT","Connecticut","502b258f-a8c2-4dc5-9e14-432a2eb9d268","Artistic Dental Medicine Dr. Baujin & Dr. Sanchez","-73.106522","41.809477","dentist","medical_service_organizations | health_and_medical","686 E Main St","Torrington","06790-3978","CT","US","+18604899091","dental686@molardmd.com","https://www.artisticdentalmedicine.com/","https://www.facebook.com/363623670400134","","0.9733337759971619","","9","meta | Overture","CDLA-Permissive-2.0","2026-04-27T00:00:00.000Z | 2026-06-11T11:57:15Z"
"CT","Connecticut","50503acc-ae02-4e14-b05b-23180ee69902","Stratford Orthodontics","-73.13143","41.20445","dentist","orthodontist | health_and_medical","3226 Main St","Stratford","06614-4819","CT","US","+12033758332","newpatients@ctbraces.com","http://www.ctbraces.com/","https://www.facebook.com/529062733867381","Stratford Orthodontics","0.9863494038581848","","7","meta | Overture","CDLA-Permissive-2.0","2026-04-27T00:00:00.000Z | 2026-06-11T11:57:15Z"
"CT","Connecticut","50587c8c-e499-4af6-bea2-191cae4c6e49","McKay Family Dentistry","-72.10357826","41.46701815","dentist","general_dentistry | health_and_medical","1536 Norwich New London Tpke","Uncasville","06382-1626","CT","US","+18608483262","info@mckayfamilydentistry.com","https://www.mckayfamilydentistry.com/","https://www.facebook.com/1422861594497675","","0.9902192950248718","open","8","meta | Overture | Overture-signals","CDLA-Permissive-2.0","2026-04-27T00:00:00.000Z | 2026-06-11T11:57:15Z | 2026-05-12T00:29:08Z | 2026-05-18T13:23:54Z | 2026-05-25T13:08:59Z | 2026-06-01T13:20:32Z | 2026-06-08T13:20:12Z"
"CT","Connecticut","505cc01e-b5c2-4e72-a777-1ebe207f6a3d","Lasalle Family Dental","-72.74485184","41.75862658","dentist","general_dentistry","125 Lasalle Rd","West Hartford","06107-2311","CT","US","+18605210594","info@lasallefamilydental.com","https://lasallefamilydental.com/","https://www.facebook.com/103472684370652","","0.9199122190475464","open","10","meta | Overture | Overture-signals","CDLA-Permissive-2.0","2026-04-27T00:00:00.000Z | 2026-06-11T11:57:15Z | 2026-05-12T00:29:08Z | 2026-05-18T13:23:54Z | 2026-05-25T13:08:59Z | 2026-06-01T13:20:32Z | 2026-06-08T13:20:12Z"
"CT","Connecticut","5076caf7-56a0-4772-a28e-8535128eefbc","Michael Gabor, DMD","-72.67766051","41.65887546","dentist","general_dentistry","412 Cromwell Ave","Rocky Hill","06067-1834","CT","US","+18605631294","","","https://www.facebook.com/195929410430379","","0.9199122190475464","open","4","meta | Overture | Overture-signals","CDLA-Permissive-2.0","2026-04-27T00:00:00.000Z | 2026-06-11T11:57:15Z | 2026-05-12T00:29:08Z | 2026-05-18T13:23:54Z | 2026-05-25T13:08:59Z | 2026-06-01T13:20:32Z | 2026-06-08T13:20:12Z"
"CT","Connecticut","507a6b8e-d196-454d-b5e2-2247f869ab84","Reservoir Commons Dental Associates","-72.19716617","41.74239662","dentist","general_dentistry","203 Storrs Rd","Mansfield Center","06250-1638","CT","US","+18607533620","drs.rosenandliang@att.net","http://reservoircommonsdental.com/","https://www.facebook.com/159454864120507","","0.9199122190475464","open","9","meta | Overture | Overture-signals","CDLA-Permissive-2.0","2026-04-27T00:00:00.000Z | 2026-06-11T11:57:15Z | 2026-05-12T00:29:08Z | 2026-05-18T13:23:54Z | 2026-05-25T13:08:59Z | 2026-06-01T13:20:32Z | 2026-06-08T13:20:12Z"
"CT","Connecticut","507cce75-5007-4364-a9b2-9a1b117e11c0","Karen L Daly LLC","-72.32538862","41.57522821","dentist","general_dentistry | medical_service_organizations","188 Norwich Ave","Colchester","06415-1256","CT","US","+18605373521","","http://www.dentalartsofcolchester.com/","https://www.facebook.com/137656622949094","","0.9199122190475464","open","7","meta | Overture | Overture-signals","CDLA-Permissive-2.0","2026-04-27T00:00:00.000Z | 2026-06-11T11:57:15Z | 2026-05-12T00:29:08Z | 2026-05-18T13:23:54Z | 2026-05-25T13:08:59Z | 2026-06-01T13:20:32Z | 2026-06-08T13:20:12Z"
"CT","Connecticut","50a05a71-cf45-4558-9d26-30965e63e448","Maria Chartz DMD","-73.21333","41.49592","dentist","doctor | health_and_medical","685 Main St N","Southbury","06488-1806","CT","US","+12032648500","dr.chartzoulakis@gmail.com","http://mariachartzdmd.com/","https://www.facebook.com/170741896611445","","0.9319358468055725","","2","meta | Overture","CDLA-Permissive-2.0","2026-04-27T00:00:00.000Z | 2026-06-11T11:57:15Z"
"CT","Connecticut","50e61ede-7a36-48fe-baed-0feab0f6e6c5","Sutton Dental & Braces","-72.78353456","41.67015443","dentist","general_dentistry | orthodontist","105 Myrtle St","New Britain","06051-1859","CT","US","+18603211071","contactsutton@suttondentalgroup.com","https://suttondentalgroup.com/","https://www.facebook.com/176082246604770","Sutton Dental","0.9902192950248718","open","9","meta | Overture | Overture-signals","CDLA-Permissive-2.0","2026-04-27T00:00:00.000Z | 2026-06-11T11:57:15Z | 2026-05-12T00:29:08Z | 2026-05-18T13:23:54Z | 2026-05-25T13:08:59Z | 2026-06-01T13:20:32Z | 2026-06-08T13:20:12Z"
"CT","Connecticut","5180ddb6-be61-42b7-9441-f7860a0083c4","William Fessler Family Dentistry","-73.40787353","41.11440132","dentist","general_dentistry","116 East Ave","Norwalk","06851-5758","CT","US","+12038383939","invisalign@wfesslerdds.com","https://www.wfesslerdds.com/","https://www.facebook.com/113805081306180","","0.9199122190475464","open","7","meta | Overture | Overture-signals","CDLA-Permissive-2.0","2026-04-27T00:00:00.000Z | 2026-06-11T11:57:15Z | 2026-05-12T00:29:08Z | 2026-05-18T13:23:54Z | 2026-05-25T13:08:59Z | 2026-06-01T13:20:32Z | 2026-06-08T13:20:12Z"
"CT","Connecticut","518abf4d-36db-4151-a098-adce99480487","Children's Dentistry of Gales Ferry","-72.07390031","41.41187905","dentist","general_dentistry","1527 Route 12","Gales Ferry","06335-1800","CT","US","+18604647204","","https://www.childrensdentistrygalesferry.com/","https://www.facebook.com/284866678766712","","0.9199122190475464","open","7","meta | Overture | Overture-signals","CDLA-Permissive-2.0","2026-04-27T00:00:00.000Z | 2026-06-11T11:57:15Z | 2026-05-12T00:29:08Z | 2026-05-18T13:23:54Z | 2026-05-25T13:08:59Z | 2026-06-01T13:20:32Z | 2026-06-08T13:20:12Z"
"CT","Connecticut","51abb482-1526-44ff-a14c-603631e5aba0","All Smiles Dental","-72.21827838","41.71313313","dentist","","1003 Main St","Willimantic","06226-2111","CT","US","+18604509237","allsmiles1003@gmail.com","https://www.demandforce.com/b/allsmilesdentalct","https://www.facebook.com/105543944689813","","0.9199122190475464","open","7","meta | Overture | Overture-signals","CDLA-Permissive-2.0","2026-04-27T00:00:00.000Z | 2026-06-11T11:57:15Z | 2026-05-12T00:29:08Z | 2026-05-18T13:23:54Z | 2026-05-25T13:08:59Z | 2026-06-01T13:20:32Z | 2026-06-08T13:20:12Z"
"CT","Connecticut","51c72f99-4bbd-43d9-9f1f-7e6dfa0188ae","Greenwich Dental Group","-73.62919275","41.02758728","dentist","general_dentistry | doctor","18 Field Point Rd","Greenwich","06830-5338","CT","US","+12038693984","frontdeskct@dentalinformation.com","http://www.greenwichdentalgroup.com/","https://www.facebook.com/461754807236054","","0.9902192950248718","open","8","meta | Overture | Overture-signals","CDLA-Permissive-2.0","2026-04-27T00:00:00.000Z | 2026-06-11T11:57:15Z | 2026-05-12T00:29:08Z | 2026-05-18T13:23:54Z | 2026-05-25T13:08:59Z | 2026-06-01T13:20:32Z | 2026-06-08T13:20:12Z"
"CT","Connecticut","51fdc15b-70cf-4f56-b8f3-7d5c72c1eaed","Serene Smiles of Hamden","-72.91412756","41.38000929","dentist","general_dentistry | pediatric_dentist","2560 Dixwell Ave","Hamden","06514-1851","CT","US","+12037642564","dair2bfree@aol.com","http://www.serenesmilesofhamden.com/","https://www.facebook.com/148550391854322","","0.9199122190475464","open","7","meta | Overture | Overture-signals","CDLA-Permissive-2.0","2026-04-27T00:00:00.000Z | 2026-06-11T11:57:15Z | 2026-05-12T00:29:08Z | 2026-05-18T13:23:54Z | 2026-05-25T13:08:59Z | 2026-06-01T13:20:32Z | 2026-06-08T13:20:12Z"
"CT","Connecticut","521caf4e-a0d3-420a-9a26-7cf9c6fa72a2","Bright Smiles LLC","-72.69781525","41.7588339","dentist","health_and_medical","1200 Park St","Hartford","06106","CT","US","8609513800","","https://brightdentalct.com/","","","0.9199122190475464","open","8","Microsoft | Overture | Overture-signals","CDLA-Permissive-2.0","2025-02-28T09:12:33.343Z | 2026-06-11T11:57:15Z | 2026-05-12T00:29:08Z | 2026-05-18T13:23:54Z | 2026-05-25T13:08:59Z | 2026-06-01T13:20:32Z | 2026-06-08T13:20:12Z"
"CT","Connecticut","522c7fb7-d291-4e7c-8647-852f74ac4629","Brick Walk Dental Care","-73.2547820359468","41.142939850688","dentist","health_and_medical","1275 Post Rd Ste 2","Fairfield","06824","CT","US","2033199998","","http://www.drbenschultz.com/","","","0.9282403498888016","","6","Microsoft | Overture","CDLA-Permissive-2.0","2013-07-22T21:48:24.467Z | 2026-06-11T11:57:15Z"
"CT","Connecticut","524977e8-4bd1-4b37-9a20-654f994ec146","Kousournas Steven K DMD","-72.61511889","41.77840797","dentist","general_dentistry | health_and_medical","567 Burnside Ave","East Hartford","06108-3533","CT","US","+18602919676","","http://www.smilesbydrsteve.com/","https://www.facebook.com/162943397068111","","0.9797024130821228","","8","meta | Overture","CDLA-Permissive-2.0","2026-04-27T00:00:00.000Z | 2026-06-11T11:57:15Z"
"CT","Connecticut","525ca7ee-7d60-47ed-bec4-019fb1d9e0a1","Ryan Dental","-72.95125062","41.269371","dentist","doctor | medical_service_organizations","622 Savin Ave","West Haven","06516-4936","CT","US","+12039337095","kellyr@ramradiology.com","http://www.marktryandmd.com","https://www.facebook.com/226142417509618","","0.9990980063676834","","7","meta | Overture","CDLA-Permissive-2.0","2026-04-27T00:00:00.000Z | 2026-06-11T11:57:15Z"
"CT","Connecticut","5271e797-e0e7-4967-a22b-21c4789bd524","Norwalk Dental Arts","-73.41696804","41.11627719","dentist","general_dentistry | cosmetic_dentist","10 Mott Ave","Norwalk","06850-3320","CT","US","+12038549565","","http://www.norwalkdentalarts.com/","https://www.facebook.com/235804353211576","","0.9995753595530987","","8","meta | Overture","CDLA-Permissive-2.0","2026-04-27T00:00:00.000Z | 2026-06-11T11:57:15Z"
"CT","Connecticut","528eb4d1-3b3f-4681-9235-9ae104c9ae46","Weiss Advanced Dentistry","-72.87797491","41.60243984","dentist","general_dentistry | cosmetic_dentist","51 N Main St","Southington","06489-2515","CT","US","+18604063181","hweissdds@gmail.com","http://www.southingtonsmiles.com/","https://www.facebook.com/111078224607722","","0.9199122190475464","open","7","meta | Overture | Overture-signals","CDLA-Permissive-2.0","2026-04-27T00:00:00.000Z | 2026-06-11T11:57:15Z | 2026-05-12T00:29:08Z | 2026-05-18T13:23:54Z | 2026-05-25T13:08:59Z | 2026-06-01T13:20:32Z | 2026-06-08T13:20:12Z"
"CT","Connecticut","52e5a4d7-a903-40b5-a3b6-23bd6dd85789","Five Month Braces","-73.22047681","41.22464038","dentist","orthodontist | health_and_medical","4699 Main St","Bridgeport","06606","CT","US","+12033740700","","http://youtu.be/Ovo8pmRTJCw","https://www.facebook.com/640175672691009","","0.9199122190475464","open","7","meta | Overture | Overture-signals","CDLA-Permissive-2.0","2026-04-27T00:00:00.000Z | 2026-06-11T11:57:15Z | 2026-05-12T00:29:08Z | 2026-05-18T13:23:54Z | 2026-05-25T13:08:59Z | 2026-06-01T13:20:32Z | 2026-06-08T13:20:12Z"
"CT","Connecticut","530cd50a-de41-449f-acc2-90ba1bbbb913","Norwich Smiles Family Dentistry","-72.09674588","41.517735","dentist","general_dentistry | medical_service_organizations","514 W Main St","Norwich","06360-5321","CT","US","+18608895166","receptionist@norwichsmiles.net","http://www.norwichsmiles.net/","https://www.facebook.com/196806897023844","Norwich Family & Cosmetic Dentistry","0.9199122190475464","open","9","meta | Overture | Overture-signals","CDLA-Permissive-2.0","2026-04-27T00:00:00.000Z | 2026-06-11T11:57:15Z | 2026-05-12T00:29:08Z | 2026-05-18T13:23:54Z | 2026-05-25T13:08:59Z | 2026-06-01T13:20:32Z | 2026-06-08T13:20:12Z"
"CT","Connecticut","5332c1e0-91fc-4af2-b7eb-ccfc0fc030ac","Randall Wing","-72.55935738","41.84451015","dentist","pediatric_dentist","1050 Sullivan Ave","South Windsor","06074-2000","CT","US","+18606436942","","","https://www.facebook.com/164390636979843","","0.5871756076812744","","7","meta | Overture","CDLA-Permissive-2.0","2026-04-27T00:00:00.000Z | 2026-06-11T11:57:15Z"
"CT","Connecticut","53f49edf-1e3e-4805-acb3-6ceca8957b96","Family Dentistry of Bridgeport","-73.21545909","41.18034679","dentist","oral_surgeon | cosmetic_dentist","90 Brooklawn Ave","Bridgeport","06604-2010","CT","US","+12033344837","","https://www.carecredit.com/.../Family-Dentistry-of-Bridgeport-PC","https://www.facebook.com/413741065313978","","0.9902192950248718","open","6","meta | Overture | Overture-signals","CDLA-Permissive-2.0","2026-04-27T00:00:00.000Z | 2026-06-11T11:57:15Z | 2026-05-12T00:29:08Z | 2026-05-18T13:23:54Z | 2026-05-25T13:08:59Z | 2026-06-01T13:20:32Z | 2026-06-08T13:20:12Z"
"CT","Connecticut","5408b037-df7c-48a6-b991-2544b78b0373","Dr Rothman & Cammarano DMD","-72.98401431","41.34433678","dentist","general_dentistry | cosmetic_dentist","1 Bradley Rd","Woodbridge","06525-2235","CT","US","+12035624143","dmdsjr@aol.com","http://www.RothmanDentist.com/","https://www.facebook.com/1617042485228514","","0.975904107093811","","9","meta | Overture","CDLA-Permissive-2.0","2026-04-27T00:00:00.000Z | 2026-06-11T11:57:15Z"
"CT","Connecticut","545c0dcf-d3b9-4db7-a7e1-4b699e47abd6","Downtown Dental","-73.1892896","41.17845252","dentist","general_dentistry | doctor","1023 Main St","Bridgeport","06604-4221","CT","US","+12033670400","downtowndentalpc@gmail.com","https://downtowndentalct.com/","https://www.facebook.com/292839070898729","DowntownDental CT","0.9902192950248718","open","9","meta | Overture | Overture-signals","CDLA-Permissive-2.0","2026-04-27T00:00:00.000Z | 2026-06-11T11:57:15Z | 2026-05-12T00:29:08Z | 2026-05-18T13:23:54Z | 2026-05-25T13:08:59Z | 2026-06-01T13:20:32Z | 2026-06-08T13:20:12Z"
"CT","Connecticut","54757791-1923-490f-9c16-6f7848194539","Seidner Jacob J DDS","-72.85846713","41.39243332","dentist","health_and_medical | doctor","70 Washington Ave","North Haven","06473-1703","CT","US","+12032391567","","http://seidnerjacobjdds.placeweb.site","https://www.facebook.com/162914317059538","","0.9902192950248718","open","7","meta | Overture | Overture-signals","CDLA-Permissive-2.0","2026-04-27T00:00:00.000Z | 2026-06-11T11:57:15Z | 2026-05-12T00:29:08Z | 2026-05-18T13:23:54Z | 2026-05-25T13:08:59Z | 2026-06-01T13:20:32Z | 2026-06-08T13:20:12Z"
"CT","Connecticut","54ab4615-d43f-4ddf-ae51-5eba25fe5d7c","Portland Dental Care LLC","-72.63855","41.57472","dentist","cosmetic_dentist | health_and_medical","255 Main St","Portland","06480-1857","CT","US","+18603424502","info@drpetedental.com","https://www.drpetedental.com/","https://www.facebook.com/1533366353651587","","0.987496018409729","","2","meta | Overture","CDLA-Permissive-2.0","2026-04-27T00:00:00.000Z | 2026-06-11T11:57:15Z"
"CT","Connecticut","54b4bcfa-bf27-47ba-97c6-fee2a3a94d18","Chatham Dental Center Advanced Dentistry","-72.5089116592027","41.5800681878192","dentist","","33 W High St","East Hampton","06424","CT","US","(860) 267-4900","doctor@chathamdentalcare.com","https://www.dentistofeasthampton.com","https://www.facebook.com/449403115164798","","0.9199122190475464","open","4","Foursquare | Overture | Overture-signals","Apache-2.0 | CDLA-Permissive-2.0","2025-08-22T00:00:00.000 | 2026-06-11T11:57:15Z | 2026-05-12T00:29:08Z | 2026-05-18T13:23:54Z | 2026-05-25T13:08:59Z | 2026-06-01T13:20:32Z | 2026-06-08T13:20:12Z"
"CT","Connecticut","54c23b7b-92c2-41d8-8983-de56378b6ea1","Halitosis Treatment Center","-72.85180361","41.37436908","dentist","general_dentistry | health_and_medical","219 Maple Ave","North Haven","06473-3324","CT","US","+12032399427","","","https://www.facebook.com/1609531062663907","","0.9199122190475464","open","7","meta | Overture | Overture-signals","CDLA-Permissive-2.0","2026-04-27T00:00:00.000Z | 2026-06-11T11:57:15Z | 2026-05-12T00:29:08Z | 2026-05-18T13:23:54Z | 2026-05-25T13:08:59Z | 2026-06-01T13:20:32Z | 2026-06-08T13:20:12Z"
"CT","Connecticut","54cb8fd8-8de5-450f-b55e-25f3b80d0d88","Murray Kaizer Dental Lab","-72.87300755","41.70415882","dentist","","24 Spring Ln","Farmington","06032-3349","CT","US","+18606777700","info@murraykaizer.com","http://www.murraykaizer.com/","https://www.facebook.com/107605402652860","","0.9199122190475464","open","7","meta | Overture | Overture-signals","CDLA-Permissive-2.0","2026-04-27T00:00:00.000Z | 2026-06-11T11:57:15Z | 2026-05-12T00:29:08Z | 2026-05-18T13:23:54Z | 2026-05-25T13:08:59Z | 2026-06-01T13:20:32Z | 2026-06-08T13:20:12Z"
"CT","Connecticut","54dcb0c2-a20c-40c4-aff9-bfcb952233ce","Dr. Dental","-73.11692224","41.20297162","dentist","orthodontist | general_dentistry","200 E Main St","Stratford","06614-5114","CT","US","+12033788500","janiecej@familydentalnewengland.com","http://www.mydrdental.com/location/connecticut/stratford/","https://www.facebook.com/189639224230532","Dr Dental","0.9902192950248718","open","8","meta | Overture | Overture-signals","CDLA-Permissive-2.0","2026-04-27T00:00:00.000Z | 2026-06-11T11:57:15Z | 2026-05-12T00:29:08Z | 2026-05-18T13:23:54Z | 2026-05-25T13:08:59Z | 2026-06-01T13:20:32Z | 2026-06-08T13:20:12Z"
"CT","Connecticut","550106ac-7ff6-40d7-81f0-b50bc0442cc1","Middlesex Dental","-73.489460942725","41.0677696061739","dentist","","106 Noroton Ave","Darien","06820","CT","US","(203) 655-9922","norotondental@optimum.net","https://dentist-darien.com","https://www.facebook.com/296031107176865","","0.9199122190475464","open","4","Foursquare | Overture | Overture-signals","Apache-2.0 | CDLA-Permissive-2.0","2025-06-15T00:00:00.000 | 2026-06-11T11:57:15Z | 2026-05-12T00:29:08Z | 2026-05-18T13:23:54Z | 2026-05-25T13:08:59Z | 2026-06-01T13:20:32Z | 2026-06-08T13:20:12Z"
"CT","Connecticut","55160f7a-aa11-4dfa-98d0-06425e613e70","Thomas M Goebel","-72.0526553003236","41.3722742753377","dentist","","491 Gold Star Hwy Ste 200","Groton","06340","CT","US","(860) 446-2357","","http://www.shorelineendo.com","","","0.9199122190475464","open","4","Foursquare | Overture | Overture-signals","Apache-2.0 | CDLA-Permissive-2.0","2024-05-20T00:00:00.000 | 2026-06-11T11:57:15Z | 2026-05-12T00:29:08Z | 2026-05-18T13:23:54Z | 2026-05-25T13:08:59Z | 2026-06-01T13:20:32Z | 2026-06-08T13:20:12Z"
"CT","Connecticut","553f09c6-4054-4a26-9173-38d4c81a3571","Fairfield Pediatric Dentistry","-73.0738953","41.22031509","dentist","pediatric_dentist | orthodontist","209 Boston Post Rd","Milford","06460-3161","CT","US","+12037839994","fpdentistry1@yahoo.com","http://Fairfieldpediatricdentistry.com/","https://www.facebook.com/733786826744466","Fairfield Pediatric Dentistry, LLC","0.9199122190475464","open","8","meta | Overture | Overture-signals","CDLA-Permissive-2.0","2026-04-27T00:00:00.000Z | 2026-06-11T11:57:15Z | 2026-05-12T00:29:08Z | 2026-05-18T13:23:54Z | 2026-05-25T13:08:59Z | 2026-06-01T13:20:32Z | 2026-06-08T13:20:12Z"
"CT","Connecticut","560026ee-092b-4564-94a9-b83e5281519c","Burnside Dental Care, P.C.","-72.6471067965031","41.7681621328737","dentist","","270 Burnside Ave","East Hartford","06108","CT","US","(860) 200-2329","","https://burnsidedentalcare.com","","","0.77","","5","Foursquare | Overture","Apache-2.0 | CDLA-Permissive-2.0","2024-10-19T00:00:00.000 | 2026-06-11T11:57:15Z"
"CT","Connecticut","564ece13-95d3-4e10-900b-de2124068716","Avon Family Dentistry","-72.86457421","41.81260285","dentist","general_dentistry | medical_service_organizations","44 Dale Rd","Avon","06001-4315","CT","US","+18606776405","info@avonfamilydentistry.net","http://www.avonfamilydentistry.net/","https://www.facebook.com/105871198219133","Avon Family Dentistry","0.9199122190475464","open","9","meta | Overture | Overture-signals","CDLA-Permissive-2.0","2026-04-27T00:00:00.000Z | 2026-06-11T11:57:15Z | 2026-05-12T00:29:08Z | 2026-05-18T13:23:54Z | 2026-05-25T13:08:59Z | 2026-06-01T13:20:32Z | 2026-06-08T13:20:12Z"
"CT","Connecticut","5670cd8d-ba8b-43fd-871b-4f7b085317d7","Catania Mark P DDS","-72.599052","41.282317","dentist","health_and_medical | family_practice","71 Bradley Rd","Madison","06443-2662","CT","US","+12033188182","","","https://www.facebook.com/162711007091514","","0.8452790975570679","","7","meta | Overture","CDLA-Permissive-2.0","2026-04-27T00:00:00.000Z | 2026-06-11T11:57:15Z"
"CT","Connecticut","567eba2d-5280-43c7-aa3b-6343cc30627b","Glastonbury Center for Dental Medicine","-72.5501486665447","41.6810237001025","dentist","doctor | health_and_medical","2249 New London Tpke","South Glastonbury","06073-2627","CT","US","+18606336518","drhinch@sbcglobal.net","http://www.dochincheydmd.com/","https://www.facebook.com/876232905764925","Glastonbury Center for Dental Medicine","0.955024003982544","","8","meta | Overture","CDLA-Permissive-2.0","2026-04-27T00:00:00.000Z | 2026-06-11T11:57:15Z"
"CT","Connecticut","56eaac8a-3aca-4b6c-98aa-d31898090407","Cogguillo Family Dentistry","-73.05430327","41.22671786","dentist","oral_surgeon","65 Cherry St","Milford","06460-3492","CT","US","+12038740000","","http://www.drcogg.info/","https://www.facebook.com/1702239586718002","Christopher C Cogguillo DDS, PC","0.8340994119644165","","7","meta | Overture","CDLA-Permissive-2.0","2026-04-27T00:00:00.000Z | 2026-06-11T11:57:15Z"
"CT","Connecticut","57e90115-12a0-4fcd-a562-48499eca8e94","Quality Dental","-73.44537432","41.09746668","dentist","general_dentistry","550 Connecticut Ave","Norwalk","06854-1743","CT","US","+12038557556","","http://www.qualitydentalct.com","https://www.facebook.com/104479595399155","","0.9902192950248718","open","7","meta | Overture | Overture-signals","CDLA-Permissive-2.0","2026-04-27T00:00:00.000Z | 2026-06-11T11:57:15Z | 2026-05-12T00:29:08Z | 2026-05-18T13:23:54Z | 2026-05-25T13:08:59Z | 2026-06-01T13:20:32Z | 2026-06-08T13:20:12Z"
"CT","Connecticut","57ec1b6a-53d9-4dff-9143-b81a3dbdfda2","North Main Dental Group","-72.94757","41.67659","dentist","general_dentistry | cosmetic_dentist","225 N Main St","Bristol","06010-4926","CT","US","+18605823744","nmdental225@gmail.com","http://thenorthmaindental.com/","https://www.facebook.com/105182055827934","","0.8903891444206238","","8","meta | Overture","CDLA-Permissive-2.0","2026-04-27T00:00:00.000Z | 2026-06-11T11:57:15Z"
"CT","Connecticut","581fe74f-0967-4d08-b0e3-13dba70d4b88","Graniteville Dental Solutions","-72.14428815","41.3473189","dentist","general_dentistry | medical_service_organizations","262 Boston Post Rd","Waterford","06385-2053","CT","US","+18608514739","frontdesk@granitevilledentalsolutions.com","https://www.granitevilledental.com/","https://www.facebook.com/399874670041521","","0.9902192950248718","open","9","meta | Overture | Overture-signals","CDLA-Permissive-2.0","2026-04-27T00:00:00.000Z | 2026-06-11T11:57:15Z | 2026-05-12T00:29:08Z | 2026-05-18T13:23:54Z | 2026-05-25T13:08:59Z | 2026-06-01T13:20:32Z | 2026-06-08T13:20:12Z"
"CT","Connecticut","58924ae5-1b30-4aa9-9139-b487dd0dc41c","Dental Care of Milford","-73.0643304311148","41.2195403501205","dentist","","243 Broad St Ste 1","Milford","06460","CT","US","(203) 877-1233","","http://dentalcareofmilford.com","https://www.facebook.com/106187797621277","","0.9199122190475464","open","4","Foursquare | Overture | Overture-signals","Apache-2.0 | CDLA-Permissive-2.0","2021-02-04T00:00:00.000 | 2026-06-11T11:57:15Z | 2026-05-12T00:29:08Z | 2026-05-18T13:23:54Z | 2026-05-25T13:08:59Z | 2026-06-01T13:20:32Z | 2026-06-08T13:20:12Z"
"CT","Connecticut","5893f1fb-ffd2-4c9e-bf83-cb918226bd5f","Associates in Dentistry","-72.5728119569827","41.9922138095851","dentist","","64 Palomba Dr","Enfield","06082","CT","US","(860) 745-2712","","http://associatedentistry.com","https://www.twitter.com/assoc_dentistry | https://www.facebook.com/215623188821685","","0.9199122190475464","open","4","Foursquare | Overture | Overture-signals","Apache-2.0 | CDLA-Permissive-2.0","2020-09-29T00:00:00.000 | 2026-06-11T11:57:15Z | 2026-05-12T00:29:08Z | 2026-05-18T13:23:54Z | 2026-05-25T13:08:59Z | 2026-06-01T13:20:32Z | 2026-06-08T13:20:12Z"
"CT","Connecticut","58d74ae2-5b99-4811-a570-49ed1f6b164c","Rothman & Cammarano Dmd Drs","-72.9842480037004","41.344622590815","dentist","","1 Bradley Rd","Woodbridge","06525","CT","US","(203) 562-4143","dmdsjr@aol.com","http://www.rothmandentist.com","https://www.facebook.com/1617042485228514","","0.77","","5","Foursquare | Overture","Apache-2.0 | CDLA-Permissive-2.0","2025-05-23T00:00:00.000 | 2026-06-11T11:57:15Z"
"CT","Connecticut","596bcb46-6e1b-4d54-a01f-5d23b04a1e9b","Lance Eric Banwell","-73.2064897573809","41.537791844828","dentist","","387 Main St S","Woodbury","06798","CT","US","(203) 263-5300","","http://www.ct-woodbury.doctors.at","","","0.9199122190475464","open","4","Foursquare | Overture | Overture-signals","Apache-2.0 | CDLA-Permissive-2.0","2025-08-22T00:00:00.000 | 2026-06-11T11:57:15Z | 2026-05-12T00:29:08Z | 2026-05-18T13:23:54Z | 2026-05-25T13:08:59Z | 2026-06-01T13:20:32Z | 2026-06-08T13:20:12Z"
"CT","Connecticut","59a3bf70-8b56-4ec7-8bff-e0c7569addad","Dentalogix","-73.54021392","41.06010354","dentist","general_dentistry | doctor","999 Summer St","Stamford","06905-5513","CT","US","+12035889059","admin@dentalogix.net","http://www.dentalogix.us/","https://www.facebook.com/111683378051021","Dentalogix","0.9199122190475464","open","8","meta | Overture | Overture-signals","CDLA-Permissive-2.0","2026-04-27T00:00:00.000Z | 2026-06-11T11:57:15Z | 2026-05-12T00:29:08Z | 2026-05-18T13:23:54Z | 2026-05-25T13:08:59Z | 2026-06-01T13:20:32Z | 2026-06-08T13:20:12Z"
"CT","Connecticut","5a17074b-4e65-4ddd-93e1-9bd3c29bb7b2","Dental Repair Services LLC","-73.42438315","41.13567899","dentist","professional_services","304 Main Ave","Norwalk","06851-6167","CT","US","+12037227512","luis.mora@dentaltechct.com","https://www.mk-dent.com/","https://www.facebook.com/570083352847011","ד""ר מישל קסוס ד""ר נתנאלה שחר רפואת שיניים אסתטית","0.9199122190475464","open","8","meta | Overture | Overture-signals","CDLA-Permissive-2.0","2026-04-27T00:00:00.000Z | 2026-06-11T11:57:15Z | 2026-05-12T00:29:08Z | 2026-05-18T13:23:54Z | 2026-05-25T13:08:59Z | 2026-06-01T13:20:32Z | 2026-06-08T13:20:12Z"
"CT","Connecticut","5a413284-7dbc-493e-bae5-e48019fcb6e5","Dental Solutions","-72.60445836","41.71247769","dentist","health_and_medical | cosmetic_dentist","131 New London Tpke","Glastonbury","06033-2246","CT","US","+18608912557","dentalsolutions@mydentalmail.com","https://dentalsolutionsonline.com/","https://www.facebook.com/226937678712","Dental Solutions","0.9902192950248718","open","8","meta | Overture | Overture-signals","CDLA-Permissive-2.0","2026-04-27T00:00:00.000Z | 2026-06-11T11:57:15Z | 2026-05-12T00:29:08Z | 2026-05-18T13:23:54Z | 2026-05-25T13:08:59Z | 2026-06-01T13:20:32Z | 2026-06-08T13:20:12Z"
"CT","Connecticut","5a53d5b5-39a8-456e-b51d-32a0c09207a7","David L. Fried D.M.D.","-72.8234405621171","41.485865780116","dentist","","329 Main St Ste 212","Yalesville","06492","CT","US","(203) 265-7118","","http://www.frieddentistry.com","","","0.9199122190475464","open","4","Foursquare | Overture | Overture-signals","Apache-2.0 | CDLA-Permissive-2.0","2024-01-24T00:00:00.000 | 2026-06-11T11:57:15Z | 2026-05-12T00:29:08Z | 2026-05-18T13:23:54Z | 2026-05-25T13:08:59Z | 2026-06-01T13:20:32Z | 2026-06-08T13:20:12Z"
"CT","Connecticut","5afd7a6c-1a3b-4b78-8506-5f644e3be4d8","Litchfield Center Dental","-73.18932335","41.74662457","dentist","cosmetic_dentist | general_dentistry","3 West St","Litchfield","06759-3501","CT","US","+18605675502","litchfieldcenterdental@gmail.com","http://www.litchfieldcenterdental.com/","https://www.facebook.com/183664752207266","","0.9199122190475464","open","9","meta | Overture | Overture-signals","CDLA-Permissive-2.0","2026-04-27T00:00:00.000Z | 2026-06-11T11:57:15Z | 2026-05-12T00:29:08Z | 2026-05-18T13:23:54Z | 2026-05-25T13:08:59Z | 2026-06-01T13:20:32Z | 2026-06-08T13:20:12Z"
"CT","Connecticut","5b02057d-0d02-4fde-9085-7b48d56c2f77","Dr. Polina P. Simanovich","-72.7879485","41.53884913","dentist","general_dentistry","727 Broad St","Meriden","06450-4341","CT","US","+12032351415","","http://Www.premierdentalpc.com/","https://www.facebook.com/182906438459312","Premier Dental PC","0.9199122190475464","open","8","meta | Overture | Overture-signals","CDLA-Permissive-2.0","2026-04-27T00:00:00.000Z | 2026-06-11T11:57:15Z | 2026-05-12T00:29:08Z | 2026-05-18T13:23:54Z | 2026-05-25T13:08:59Z | 2026-06-01T13:20:32Z | 2026-06-08T13:20:12Z"
"CT","Connecticut","5b0306c2-c0ad-47f3-91b2-4c3e22405fe3","Pleasant Valley Holistic& Implant Dentistry","-72.5928167","41.81375751","dentist","general_dentistry | doctor","678 Pleasant Valley Rd","South Windsor","06074-3464","CT","US","+18605007370","","","https://www.facebook.com/100643176242457","","0.9199122190475464","open","8","meta | Overture | Overture-signals","CDLA-Permissive-2.0","2026-04-27T00:00:00.000Z | 2026-06-11T11:57:15Z | 2026-05-12T00:29:08Z | 2026-05-18T13:23:54Z | 2026-05-25T13:08:59Z | 2026-06-01T13:20:32Z | 2026-06-08T13:20:12Z"
"CT","Connecticut","5b0f8ded-0240-4ec0-bfbc-6286acdf79f5","Family Dentistry","-73.1065011555231","41.8094545421087","dentist","","686 E Main St","Torrington","06790","CT","US","(860) 489-9091","","http://www.baujin-braverman.com","","","0.77","","5","Foursquare | Overture","Apache-2.0 | CDLA-Permissive-2.0","2026-03-09T00:00:00.000 | 2026-06-11T11:57:15Z"
"CT","Connecticut","5bd30fbe-9f9c-4dfd-aeee-dc80542c4bed","Northwest Corner Dental Partners","-73.14315651","41.78512618","dentist","general_dentistry","55 Peck Rd","Torrington","06790-6106","CT","US","+18604828588","info@nwcdental.com","http://www.NWCDental.com/","https://www.facebook.com/142827012552912","","0.9199122190475464","open","7","meta | Overture | Overture-signals","CDLA-Permissive-2.0","2026-04-27T00:00:00.000Z | 2026-06-11T11:57:15Z | 2026-05-12T00:29:08Z | 2026-05-18T13:23:54Z | 2026-05-25T13:08:59Z | 2026-06-01T13:20:32Z | 2026-06-08T13:20:12Z"
"CT","Connecticut","5bd7dd52-e23d-4029-ac92-a88ff84620a4","Dental Associates of Southern New England","-72.9432769","41.27850624","dentist","general_dentistry | health_and_medical","98 Elm St","West Haven","06516-3879","CT","US","+12039336974","dentalassociatesofsne@yahoo.com","http://www.dentalassociatesofsouthernnewengland.com","https://www.facebook.com/161084100578516","","0.972623348236084","","8","meta | Overture","CDLA-Permissive-2.0","2026-04-27T00:00:00.000Z | 2026-06-11T11:57:15Z"
"CT","Connecticut","5bdbf3bb-bcec-411c-a9a8-3ac0a0f5f085","TMJ Headache Treatment Center","-73.45671702","41.40600233","dentist","hospital","53 North St","Danbury","06810-5637","CT","US","+12037796064","","http://www.tmjheadachetreatment.net/","https://www.facebook.com/1866364983596317","","0.9199122190475464","open","8","meta | Overture | Overture-signals","CDLA-Permissive-2.0","2026-04-27T00:00:00.000Z | 2026-06-11T11:57:15Z | 2026-05-12T00:29:08Z | 2026-05-18T13:23:54Z | 2026-05-25T13:08:59Z | 2026-06-01T13:20:32Z | 2026-06-08T13:20:12Z"
"CT","Connecticut","5be72a88-20ad-4e48-884b-434677a36ccb","Meriden Adult & Children's Dental","-72.793855","41.531612","dentist","adult_entertainment | campus_building","415 Broad St","Meriden","06450-5972","CT","US","+12036341515","macdental14@gmail.com","http://meridenadultandchildrensdental.com.composesite.com","https://www.facebook.com/130035150766933","","0.8154771327972412","","10","meta | Overture","CDLA-Permissive-2.0","2026-04-27T00:00:00.000Z | 2026-06-11T11:57:15Z"
"CT","Connecticut","5bed8914-246a-40a7-996d-f98b460998cd","Comfortable Care Dentistry","-73.0481237581496","41.2292786379153","dentist","","203 Cherry St","Milford","06460","CT","US","(800) 917-5269","cindy@ctsmiles.com","http://www.ctsmiles.com","https://www.twitter.com/ctsmiles1 | https://www.facebook.com/167763579907010","","0.9199122190475464","open","4","Foursquare | Overture | Overture-signals","Apache-2.0 | CDLA-Permissive-2.0","2023-10-18T00:00:00.000 | 2026-06-11T11:57:15Z | 2026-05-12T00:29:08Z | 2026-05-18T13:23:54Z | 2026-05-25T13:08:59Z | 2026-06-01T13:20:32Z | 2026-06-08T13:20:12Z"
"CT","Connecticut","5c442a33-5df6-4e4e-b70a-30403c7423cc","Dr. Lisbeth Steen DMD","-72.899582","41.40896","dentist","medical_service_organizations | health_and_medical","3129 Whitney Ave","Hamden","06518-2359","CT","US","+12032308787","","","https://www.facebook.com/104302176301845","","0.7927828431129456","","8","meta | Overture","CDLA-Permissive-2.0","2026-04-27T00:00:00.000Z | 2026-06-11T11:57:15Z"
"CT","Connecticut","5c4ebb31-ea25-41a3-bc72-f560b2bf508b","Central CT Pediatric Dentistry & Orthodontics","-72.39515","41.287221","dentist","orthodontist | pediatric_dentist","1180 Boston Post Rd","Old Saybrook","06475-4405","CT","US","+18605100260","ellvan_3@hotmail.com","http://www.ccpd.net","https://www.facebook.com/149893245378336","","0.9549888968467712","","8","meta | Overture","CDLA-Permissive-2.0","2026-04-27T00:00:00.000Z | 2026-06-11T11:57:15Z"
"CT","Connecticut","5c6d52bb-0896-46a0-ad93-dc9b980f8354","GD Dentistry of Stamford","-73.5387921798974","41.0528564197743","dentist","","70 Mill River St","Stamford","06902","CT","US","(203) 998-7888","","https://gddentistry.com","","","0.77","","5","Foursquare | Overture","Apache-2.0 | CDLA-Permissive-2.0","2026-02-19T00:00:00.000 | 2026-06-11T11:57:15Z"
"CT","Connecticut","5cae93c0-df61-47e4-990b-43d20976729d","Radiant Smiles of Rocky Hill","-72.68102528","41.65545228","dentist","cosmetic_dentist | general_dentistry","15 Rhodes Rd","Rocky Hill","06067-1856","CT","US","+18605442057","smiles@radiantsmilesrh.com","http://www.radiantsmilesrh.com/","https://www.facebook.com/107223569307005","","0.9199122190475464","open","8","meta | Overture | Overture-signals","CDLA-Permissive-2.0","2026-04-27T00:00:00.000Z | 2026-06-11T11:57:15Z | 2026-05-12T00:29:08Z | 2026-05-18T13:23:54Z | 2026-05-25T13:08:59Z | 2026-06-01T13:20:32Z | 2026-06-08T13:20:12Z"
"CT","Connecticut","5cc24fdd-e404-4aa4-941d-7a60042b9663","Health Centered Dentistry: Gary J. Ross, DMD","-73.0024108","41.39262995","dentist","general_dentistry | doctor","11 Village Ln","Bethany","06524-3416","CT","US","+12032856399","","https://www.dentist-bethanyct.com/","https://www.facebook.com/245698475634570","","0.9199122190475464","open","9","meta | Overture | Overture-signals","CDLA-Permissive-2.0","2026-04-27T00:00:00.000Z | 2026-06-11T11:57:15Z | 2026-05-12T00:29:08Z | 2026-05-18T13:23:54Z | 2026-05-25T13:08:59Z | 2026-06-01T13:20:32Z | 2026-06-08T13:20:12Z"
"CT","Connecticut","5ce5f864-db7b-44b0-8d13-9566c46862ea","Easton Dental","-72.80746121","41.49001734","dentist","general_dentistry","950 Yale Ave","Wallingford","06492-1858","CT","US","+12037937084","eastondental4545@gmail.com","https://easton-dental.com/#/home","https://www.facebook.com/105065915673975","","0.9199122190475464","open","9","meta | Overture | Overture-signals","CDLA-Permissive-2.0","2026-04-27T00:00:00.000Z | 2026-06-11T11:57:15Z | 2026-05-12T00:29:08Z | 2026-05-18T13:23:54Z | 2026-05-25T13:08:59Z | 2026-06-01T13:20:32Z | 2026-06-08T13:20:12Z"
"CT","Connecticut","5d18843f-b039-4c27-956e-de32e4b2241f","Mathew's Family Dental Center","-72.51916572","41.77675274","dentist","cosmetic_dentist | general_dentistry","99 E Center St","Manchester","06040-5250","CT","US","+18606461360","","https://www.mathewsdentistry.com/","https://www.facebook.com/1417611591802584","","0.9902192950248718","open","9","meta | Overture | Overture-signals","CDLA-Permissive-2.0","2026-04-27T00:00:00.000Z | 2026-06-11T11:57:15Z | 2026-05-12T00:29:08Z | 2026-05-18T13:23:54Z | 2026-05-25T13:08:59Z | 2026-06-01T13:20:32Z | 2026-06-08T13:20:12Z"
"CT","Connecticut","5d6db199-02ef-433f-b7e9-cbc6aa69ab9e","Authentic Smiles","-73.033909","41.242312","dentist","","59 Turnpike Square","Milford","06461","CT","US","+12033018235","","https://www.authenticsmilesmilford.com/","","","0.9199122190475464","open","9","DAC | Overture | Overture-signals","CDLA-Permissive-2.0","2026-06-10T16:03:35.911Z | 2026-06-11T11:57:15Z | 2026-05-12T00:29:08Z | 2026-05-18T13:23:54Z | 2026-05-25T13:08:59Z | 2026-06-01T13:20:32Z | 2026-06-08T13:20:12Z"
"CT","Connecticut","5d835e1c-f6db-4caf-83ec-3d08f7e643a4","SmileOra Dental Care","-72.59381536","42.01305325","dentist","","430 Enfield St","Enfield","06082-2481","CT","US","+18602657890","sunnysmiles@smileora.net","https://www.smileoradentalcare.net/","https://www.facebook.com/109495548442698","","0.9902192950248718","open","7","meta | Overture | Overture-signals","CDLA-Permissive-2.0","2026-04-27T00:00:00.000Z | 2026-06-11T11:57:15Z | 2026-05-12T00:29:08Z | 2026-05-18T13:23:54Z | 2026-05-25T13:08:59Z | 2026-06-01T13:20:32Z | 2026-06-08T13:20:12Z"
"CT","Connecticut","5dbe3fc0-3a57-43b9-a5f0-1ec9aa3ed502","Center For Dental Excellence","-73.20634846","41.74538569","dentist","general_dentistry","340 Bantam Rd","Litchfield","06759-3318","CT","US","+18605678684","","","https://www.facebook.com/107521954984744","Center for Dental Excellence","0.9199122190475464","open","8","meta | Overture | Overture-signals","CDLA-Permissive-2.0","2026-04-27T00:00:00.000Z | 2026-06-11T11:57:15Z | 2026-05-12T00:29:08Z | 2026-05-18T13:23:54Z | 2026-05-25T13:08:59Z | 2026-06-01T13:20:32Z | 2026-06-08T13:20:12Z"
"CT","Connecticut","5dc853d5-4837-4d75-a2e4-bab3c5844afd","Fairfield Dental Care","-73.248171","41.148456","dentist","","1 Eliot Pl","Fairfield","06824-5143","CT","US","+12032552070","fairfielddentalcare@hotmail.com","http://www.aestheticsmilesofconnecticut.com/","https://www.facebook.com/119759234770762","","0.8292458653450012","","7","meta | Overture","CDLA-Permissive-2.0","2026-04-27T00:00:00.000Z | 2026-06-11T11:57:15Z"
"CT","Connecticut","5e140c41-4347-473d-82df-3beaea64d058","Mondovi Dental - Windsor","-72.64443937","41.85156566","dentist","general_dentistry | cosmetic_dentist","230 Broad St","Windsor","06095-2925","CT","US","+18606884634","","https://mondovidental.com/locations/connecticut-dental-centers/windsor-ct/","https://www.facebook.com/2324071784506718","","0.9902192950248718","open","8","meta | Overture | Overture-signals","CDLA-Permissive-2.0","2026-04-27T00:00:00.000Z | 2026-06-11T11:57:15Z | 2026-05-12T00:29:08Z | 2026-05-18T13:23:54Z | 2026-05-25T13:08:59Z | 2026-06-01T13:20:32Z | 2026-06-08T13:20:12Z"
"CT","Connecticut","5e846080-e59e-4252-8b74-cf1579b55b80","Thomaston Dental Associates","-73.08222144","41.67081264","dentist","general_dentistry | health_and_medical","10 Marine St","Thomaston","06787-1470","CT","US","+18602835770","","https://www.thomastondentist.com","https://www.facebook.com/492281994163226","","0.9199122190475464","open","8","meta | Overture | Overture-signals","CDLA-Permissive-2.0","2026-04-27T00:00:00.000Z | 2026-06-11T11:57:15Z | 2026-05-12T00:29:08Z | 2026-05-18T13:23:54Z | 2026-05-25T13:08:59Z | 2026-06-01T13:20:32Z | 2026-06-08T13:20:12Z"
"CT","Connecticut","5e9791bb-c804-44a1-933e-2d7f732f7b5a","Dr Michael Mattie DDS","-72.8515761186703","41.3743574943927","dentist","","212 Maple Ave","North Haven","06473","CT","US","(203) 239-9427","","https://drmichaelmattie.com/files/index.htm","","","0.9199122190475464","open","5","Foursquare | Overture | Overture-signals","Apache-2.0 | CDLA-Permissive-2.0","2025-12-09T00:00:00.000 | 2026-06-11T11:57:15Z | 2026-05-12T00:29:08Z | 2026-05-18T13:23:54Z | 2026-05-25T13:08:59Z | 2026-06-01T13:20:32Z | 2026-06-08T13:20:12Z"
"CT","Connecticut","5f07bf23-a84e-49d2-912a-b0cc24e2bc54","Sutton Dental & Braces","-73.18781875","41.20105587","dentist","general_dentistry | orthodontist","144 Boston Ave","Bridgeport","06610-1604","CT","US","+14752656522","contactsutton@suttondentalgroup.com","https://suttondentalgroup.com/","https://www.facebook.com/844475142389370","Sutton Dental","0.9902192950248718","open","10","meta | Overture | Overture-signals","CDLA-Permissive-2.0","2026-04-27T00:00:00.000Z | 2026-06-11T11:57:15Z | 2026-05-12T00:29:08Z | 2026-05-18T13:23:54Z | 2026-05-25T13:08:59Z | 2026-06-01T13:20:32Z | 2026-06-08T13:20:12Z"
"CT","Connecticut","5f0eb7c3-70e3-4633-b0b6-d3366a2f68bb","Peter A. Gardell DDS P.C.","-73.54020335","41.06006238","dentist","doctor","999 Summer St","Stamford","06905-5513","CT","US","+12039750633","peteragardelldds@gmail.com","http://petergardelldds.com/","https://www.facebook.com/1731300790482684","","0.9199122190475464","open","7","meta | Overture | Overture-signals","CDLA-Permissive-2.0","2026-04-27T00:00:00.000Z | 2026-06-11T11:57:15Z | 2026-05-12T00:29:08Z | 2026-05-18T13:23:54Z | 2026-05-25T13:08:59Z | 2026-06-01T13:20:32Z | 2026-06-08T13:20:12Z"
"CT","Connecticut","5ffabbad-2c42-448d-b8e1-69f259867f1d","Family Practice Dentistry of Ridgefield","-73.44418152","41.2679399","dentist","cosmetic_dentist | health_and_medical","710 Branchville Rd","Ridgefield","06877-6129","CT","US","+12035449060","info@dentalridgefield.com","https://dentalridgefield.com/","https://www.facebook.com/1429692894024301","","0.9199122190475464","open","8","meta | Overture | Overture-signals","CDLA-Permissive-2.0","2026-04-27T00:00:00.000Z | 2026-06-11T11:57:15Z | 2026-05-12T00:29:08Z | 2026-05-18T13:23:54Z | 2026-05-25T13:08:59Z | 2026-06-01T13:20:32Z | 2026-06-08T13:20:12Z"
"CT","Connecticut","6017c08d-e1c1-4481-926c-39edfcbc00f5","Michael Lazarus, D.M.D","-73.532743","41.064458","dentist","pediatric_dentist | health_and_medical","125 Strawberry Hill Ave","Stamford","06902-2536","CT","US","+12033244252","dentiststamford411@gmail.com","https://www.dentist-stamford.com/","https://www.facebook.com/170368486306885","","0.7450082302093506","","9","meta | Overture","CDLA-Permissive-2.0","2026-04-27T00:00:00.000Z | 2026-06-11T11:57:15Z"
"CT","Connecticut","6045d249-69d8-4369-85a4-4aba6491d403","Gregory J. Schmitt","-73.06505492","41.21773178","dentist","general_dentistry | health_and_medical","2068 Bridgeport Ave","Milford","06460-4634","CT","US","+12038743003","office@gregoryjschmittdmd.com","https://gregoryjschmittdmd.com/","https://www.facebook.com/179063368872078","","0.9996098920106887","","9","meta | Overture","CDLA-Permissive-2.0","2026-04-27T00:00:00.000Z | 2026-06-11T11:57:15Z"
"CT","Connecticut","609bb9bd-9565-4f52-a8ba-c031971e197b","Simsbury Orthodontics, LLC","-72.8009492718355","41.8798272268342","dentist","","927 Hopmeadow St","Simsbury","06070","CT","US","(860) 651-9568","jd@embracingyoursmile.com","","https://www.facebook.com/337928819628319","","0.77","","5","Foursquare | Overture","Apache-2.0 | CDLA-Permissive-2.0","2025-10-28T00:00:00.000 | 2026-06-11T11:57:15Z"
"CT","Connecticut","60aa57b0-418a-4bf3-b8db-9db3e2f3e8a1","Dr. Krutiben Patel","-72.37636716","41.29585788","dentist","orthodontist | general_dentistry","56 Main St","Old Saybrook","06475-1510","CT","US","+18603882806","office@saybrookdental.com","https://www.saybrookdental.com/","https://www.facebook.com/102301655821149","","0.7445794939994812","","7","meta | Overture","CDLA-Permissive-2.0","2026-04-27T00:00:00.000Z | 2026-06-11T11:57:15Z"
"CT","Connecticut","61e6b77a-475b-4700-b402-76a7d8b7ad2f","Jonathan S. Korn, DMD","-72.7542201991408","41.6724814846616","dentist","","734 New Britain Ave","Newington","06111","CT","US","(860) 665-5540","","http://www.kornfamilydentistry.com","","","0.9199122190475464","open","4","Foursquare | Overture | Overture-signals","Apache-2.0 | CDLA-Permissive-2.0","2025-08-22T00:00:00.000 | 2026-06-11T11:57:15Z | 2026-05-12T00:29:08Z | 2026-05-18T13:23:54Z | 2026-05-25T13:08:59Z | 2026-06-01T13:20:32Z | 2026-06-08T13:20:12Z"
"CT","Connecticut","62061665-d826-4cf7-b4b7-5b27a26a98ed","MaxDental","-73.430859","41.192124","dentist","health_and_medical | cosmetic_dentist","151 Old Ridgefield Rd","Wilton","06897-3058","CT","US","+12037629480","frontdesk@maxdental.org","http://www.youtube.com/MaxDentalCare","https://www.facebook.com/277108725647952","","0.972381055355072","","8","meta | Overture","CDLA-Permissive-2.0","2026-04-27T00:00:00.000Z | 2026-06-11T11:57:15Z"
"CT","Connecticut","62b1edaa-ad3d-4e1e-927c-aa8418be79f4","Dr. Richard Fairbrother","-72.7436078212996","41.7573373425869","dentist","","69 S Main St","West Hartford","06107","CT","US","(860) 232-2000","","http://www.fairbrotherpremierdentistry.com","https://www.facebook.com/103968819670847","","0.9199122190475464","open","4","Foursquare | Overture | Overture-signals","Apache-2.0 | CDLA-Permissive-2.0","2021-10-01T00:00:00.000 | 2026-06-11T11:57:15Z | 2026-05-12T00:29:08Z | 2026-05-18T13:23:54Z | 2026-05-25T13:08:59Z | 2026-06-01T13:20:32Z | 2026-06-08T13:20:12Z"
"CT","Connecticut","62ca4cf7-fc62-4235-8545-8ef0b932e64d","West Side Dental CT","-73.06957864","41.54789993","dentist","pediatric_dentist | doctor","650 Chase Pkwy","Waterbury","06708-3046","CT","US","+12035978878","","http://www.westsidedentalct.com","https://www.facebook.com/1455216761416609","","0.9987301260232926","","8","meta | Overture","CDLA-Permissive-2.0","2026-04-27T00:00:00.000Z | 2026-06-11T11:57:15Z"
"CT","Connecticut","62f88367-8613-41f8-ac2d-09ab79e0925e","Molinaro & Healy Family Practice Dentistry & Laser Dental Care","-73.4442381229426","41.267778099313","dentist","","710 Branchville Rd","Ridgefield","06877","CT","US","(203) 544-8771","","http://www.molinarohealyfamilypracticedentistry.com","https://www.facebook.com/107245149333043","","0.9199122190475464","open","4","Foursquare | Overture | Overture-signals","Apache-2.0 | CDLA-Permissive-2.0","2025-10-20T00:00:00.000 | 2026-06-11T11:57:15Z | 2026-05-12T00:29:08Z | 2026-05-18T13:23:54Z | 2026-05-25T13:08:59Z | 2026-06-01T13:20:32Z | 2026-06-08T13:20:12Z"
"CT","Connecticut","6332bb73-625a-47a3-9845-efc74f170082","Family Dental Group","-73.2285688251973","41.1743789133696","dentist","","320 Kings Hwy E","Fairfield","06825","CT","US","(203) 242-0210","media@conversionwhale.com","http://www.cosmeticdentistfairfield.com","","","0.9199122190475464","open","4","Foursquare | Overture | Overture-signals","Apache-2.0 | CDLA-Permissive-2.0","2025-10-30T00:00:00.000 | 2026-06-11T11:57:15Z | 2026-05-12T00:29:08Z | 2026-05-18T13:23:54Z | 2026-05-25T13:08:59Z | 2026-06-01T13:20:32Z | 2026-06-08T13:20:12Z"
"CT","Connecticut","6332cd1b-e964-4a05-b875-5108512acc00","Connecticut Implant Center","-73.08907","41.320916","dentist","hospital | health_and_medical","63 Elizabeth St","Derby","06418-1825","CT","US","+12037232000","","http://www.connecticutimplantcenter.com/","https://www.facebook.com/528303783910865","","0.802017092704773","","7","meta | Overture","CDLA-Permissive-2.0","2026-04-27T00:00:00.000Z | 2026-06-11T11:57:15Z"
"CT","Connecticut","6379f616-0eb0-4711-a63b-4d3d672e3f5c","Trumbull Dental LLC","-73.23161","41.29652","dentist","endodontist | health_and_medical","115 Technology Dr","Trumbull","06611","CT","US","+12032612880","info@trumbulldental.com","http://www.trumbulldental.com/","https://www.facebook.com/160945413929882","","0.960954487323761","","7","meta | Overture","CDLA-Permissive-2.0","2026-04-27T00:00:00.000Z | 2026-06-11T11:57:15Z"
"CT","Connecticut","63867e32-fd15-406a-953a-c51e594e6372","Carl P. Prota, DMD Family Dentistry","-72.84064551","41.32306825","dentist","general_dentistry | medical_service_organizations","1367 N High St","East Haven","06512-1155","CT","US","+12034688007","carlpprotadmd@yahoo.com","https://www.drprota.com/","https://www.facebook.com/298210693655750","Carl P. Prota, DMD Family Dentistry","0.9953308999538422","","8","meta | Overture","CDLA-Permissive-2.0","2026-04-27T00:00:00.000Z | 2026-06-11T11:57:15Z"
"CT","Connecticut","6393e5c4-447d-4e4f-9705-f9f184837d05","Rejuvenate Dental Arts","-73.41593518","41.37037556","dentist","orthodontist | cosmetic_dentist","14 Elizabeth St","Bethel","06801-2100","CT","US","+12037978070","office@rejuvenatedentalarts.com","https://local.demandforce.com/b/rejuvenatedentalarts","https://www.facebook.com/2223500241313650","","0.9199122190475464","open","10","meta | Overture | Overture-signals","CDLA-Permissive-2.0","2026-04-27T00:00:00.000Z | 2026-06-11T11:57:15Z | 2026-05-12T00:29:08Z | 2026-05-18T13:23:54Z | 2026-05-25T13:08:59Z | 2026-06-01T13:20:32Z | 2026-06-08T13:20:12Z"
"CT","Connecticut","63b40039-10eb-4b37-a391-ec42e6d859b1","Dr. Dental","-73.05548483","41.56078682","dentist","general_dentistry","155 Thomaston Ave","Waterbury","06702-1020","CT","US","+12035759944","regina@mydrdental.com","http://www.mydrdental.com/location/connecticut/waterbury","https://www.facebook.com/198990943469899","Dr Dental","0.9722161889076233","open","9","meta | Overture | Overture-signals","CDLA-Permissive-2.0","2026-04-27T00:00:00.000Z | 2026-06-11T11:57:15Z | 2026-05-12T00:29:08Z"
"CT","Connecticut","63bda202-8144-4188-a238-a8db16abdcbe","Dioguardi Anthony T DMD","-72.931905","41.306055","dentist","medical_service_organizations | health_and_medical","123 York St","New Haven","06511-5614","CT","US","+12037772513","","http://dental123york.com/","https://www.facebook.com/155388164501722","Dioguardi Anthony T DMD","0.9375469088554382","","9","meta | Overture","CDLA-Permissive-2.0","2026-04-27T00:00:00.000Z | 2026-06-11T11:57:15Z"
"CT","Connecticut","644d7178-b164-4acb-9e2b-232b6dd5181b","Cordes Orthodontics","-72.5590732746812","41.988247825391","dentist","","145 Hazard Ave","Enfield","06082","CT","US","(860) 749-1909","dave@cordesorthodontics.com","https://www.cordesorthodontics.com","","","0.9199122190475464","open","4","Foursquare | Overture | Overture-signals","Apache-2.0 | CDLA-Permissive-2.0","2025-05-29T00:00:00.000 | 2026-06-11T11:57:15Z | 2026-05-12T00:29:08Z | 2026-05-18T13:23:54Z | 2026-05-25T13:08:59Z | 2026-06-01T13:20:32Z | 2026-06-08T13:20:12Z"
"CT","Connecticut","64caf261-ba6a-4397-9806-2f599a74e0f5","priceless dental","-72.9834983908839","41.5125454508031","dentist","","60 Waterbury Rd","Prospect","06712","CT","US","(203) 527-3855","contactus@pricelessdentalcare.com","http://www.pricelessdentalcare.com","https://www.facebook.com/220425418078923","","0.9199122190475464","open","4","Foursquare | Overture | Overture-signals","Apache-2.0 | CDLA-Permissive-2.0","2025-10-01T00:00:00.000 | 2026-06-11T11:57:15Z | 2026-05-12T00:29:08Z | 2026-05-18T13:23:54Z | 2026-05-25T13:08:59Z | 2026-06-01T13:20:32Z | 2026-06-08T13:20:12Z"
"CT","Connecticut","651dd4eb-b3a5-47fd-b461-20481ed61f73","Children Family Dentistry and Braces of Rocky Hill","-72.6574733089339","41.6808890496298","dentist","","80 Town Line Rd","Rocky Hill","06067","CT","US","(860) 257-4000","","https://www.dentistryandbraces.com","","","0.9902192950248718","open","4","Foursquare | Overture | Overture-signals","Apache-2.0 | CDLA-Permissive-2.0","2025-09-03T00:00:00.000 | 2026-06-11T11:57:15Z | 2026-05-12T00:29:08Z | 2026-05-18T13:23:54Z | 2026-05-25T13:08:59Z | 2026-06-01T13:20:32Z | 2026-06-08T13:20:12Z"
"CT","Connecticut","66095c8f-c66a-47d1-aed3-36f59cc20468","John T Turick","-72.0615179999205","41.3559045660692","dentist","","397 Long Hill Rd","Groton","06340","CT","US","(860) 449-8211","","http://turickdental.com","","","0.9199122190475464","open","4","Foursquare | Overture | Overture-signals","Apache-2.0 | CDLA-Permissive-2.0","2025-08-22T00:00:00.000 | 2026-06-11T11:57:15Z | 2026-05-12T00:29:08Z | 2026-05-18T13:23:54Z | 2026-05-25T13:08:59Z | 2026-06-01T13:20:32Z | 2026-06-08T13:20:12Z"
"CT","Connecticut","660ca10d-8e8f-4481-8aed-aca981e654ab","Jeffrey Burns","-72.45215304","41.84807937","dentist","cosmetic_dentist | general_dentistry","933 Hartford Tpke","Vernon Rockville","06066-4407","CT","US","+18608704410","drburns@drjeffreyburns.com","http://www.drjeffreyburns.com/","https://www.facebook.com/247119612035343","","0.9199122190475464","open","9","meta | Overture | Overture-signals","CDLA-Permissive-2.0","2026-04-27T00:00:00.000Z | 2026-06-11T11:57:15Z | 2026-05-12T00:29:08Z | 2026-05-18T13:23:54Z | 2026-05-25T13:08:59Z | 2026-06-01T13:20:32Z | 2026-06-08T13:20:12Z"
"CT","Connecticut","663086fd-30cf-43b1-aff8-126c22baf68d","Oral & Maxillofacial Surgical Associates PC","-72.9427626290582","41.3111590997814","dentist","","1423 Chapel St Ste 3B","New Haven","06511","CT","US","(203) 787-6581","","http://ryoung.com","","","0.77","","5","Foursquare | Overture","Apache-2.0 | CDLA-Permissive-2.0","2025-08-22T00:00:00.000 | 2026-06-11T11:57:15Z"
"CT","Connecticut","664430f9-2a2d-4014-a89e-39f966c639d6","Barbara K. Galbreath","-72.6727546","41.766468","dentist","general_dentistry | cosmetic_dentist","50 State House Sq","Hartford","06103-3902","CT","US","+18605602898","barbgalb@aol.com","http://bgalbreathdmd.com/","https://www.facebook.com/1670741783194269","","0.9199122190475464","open","9","meta | Overture | Overture-signals","CDLA-Permissive-2.0","2026-04-27T00:00:00.000Z | 2026-06-11T11:57:15Z | 2026-05-12T00:29:08Z | 2026-05-18T13:23:54Z | 2026-05-25T13:08:59Z | 2026-06-01T13:20:32Z | 2026-06-08T13:20:12Z"
"CT","Connecticut","664e2fdd-1df2-4766-9308-93e0155c7753","Plainville Dental Group","-72.86126972","41.66829082","dentist","general_dentistry | cosmetic_dentist","92 East St","Plainville","06062-2302","CT","US","+18607471004","","https://smartdentalnetwork.com/location/plainville-dental-group/","https://www.facebook.com/158219617544100","","0.9199122190475464","open","7","meta | Overture | Overture-signals","CDLA-Permissive-2.0","2026-04-27T00:00:00.000Z | 2026-06-11T11:57:15Z | 2026-05-12T00:29:08Z | 2026-05-18T13:23:54Z | 2026-05-25T13:08:59Z | 2026-06-01T13:20:32Z | 2026-06-08T13:20:12Z"
"CT","Connecticut","66970c4e-9152-4db7-b87b-1ee780df5b46","Advanced Implant and Cosmetic Dentistry","-73.2542773722955","41.1423708000647","dentist","","1275 Post Rd, Suite 217","Fairfield","06824","CT","US","(203) 576-1918","","https://www.pallaydental.com","https://www.facebook.com/305881902945301","","0.9199122190475464","open","4","Foursquare | Overture | Overture-signals","Apache-2.0 | CDLA-Permissive-2.0","2023-02-21T00:00:00.000 | 2026-06-11T11:57:15Z | 2026-05-12T00:29:08Z | 2026-05-18T13:23:54Z | 2026-05-25T13:08:59Z | 2026-06-01T13:20:32Z | 2026-06-08T13:20:12Z"
"CT","Connecticut","66c67e60-a635-4f09-93f3-a89afb72f4d4","David Martin Sheintop","-72.8784811616994","41.6076822824975","dentist","","256 N Main St","Southington","06489","CT","US","(860) 276-0225","","http://southingtonoms.com","","","0.9199122190475464","open","4","Foursquare | Overture | Overture-signals","Apache-2.0 | CDLA-Permissive-2.0","2025-08-19T00:00:00.000 | 2026-06-11T11:57:15Z | 2026-05-12T00:29:08Z | 2026-05-18T13:23:54Z | 2026-05-25T13:08:59Z | 2026-06-01T13:20:32Z | 2026-06-08T13:20:12Z"
"CT","Connecticut","67b95afd-296c-410e-bddb-1512e4277d3f","Edward Kozinn DMD","-73.16950651","41.22107696","dentist","general_dentistry | doctor","961 Huntington Tpke","Bridgeport","06610-1270","CT","US","+12033726640","","http://www.drkozinn.com/","https://www.facebook.com/171988076184772","","0.9302116632461548","","8","meta | Overture","CDLA-Permissive-2.0","2026-04-27T00:00:00.000Z | 2026-06-11T11:57:15Z"
"CT","Connecticut","67e88e8a-e2e2-47fb-b717-1b912f85ae9d","Family Dentistry","-72.5141579630853","41.2775677705643","dentist","","145 E Main St #R","Clinton","06413","CT","US","(860) 669-2700","clintonfamilydentistry@comcast.net","https://clintonfamilydentistry.net","https://www.facebook.com/146285438749993","","0.9199122190475464","open","4","Foursquare | Overture | Overture-signals","Apache-2.0 | CDLA-Permissive-2.0","2026-01-28T00:00:00.000 | 2026-06-11T11:57:15Z | 2026-05-12T00:29:08Z | 2026-05-18T13:23:54Z | 2026-05-25T13:08:59Z | 2026-06-01T13:20:32Z | 2026-06-08T13:20:12Z"
"CT","Connecticut","681b5639-88ba-4a8c-8afc-09d2d143b71d","Alan Wolkoff, DMD","-72.9724039489575","41.5521466284926","dentist","","93 Wedgewood Dr","Waterbury","06705","CT","US","(203) 753-2274","","http://alanwolkoffdmd.com","https://www.facebook.com/165035060189180","","0.77","","5","Foursquare | Overture","Apache-2.0 | CDLA-Permissive-2.0","2025-10-17T00:00:00.000 | 2026-06-11T11:57:15Z"
"CT","Connecticut","68c6fe2d-a83d-4ae2-8d13-3957bb54d3d0","Manchester Family Dental","-72.52050522","41.76911172","dentist","general_dentistry | cosmetic_dentist","945 Main St","Manchester","06040-6036","CT","US","+18606435350","mc@manchesterfd.com","https://manchesterfd.com/","https://www.facebook.com/118397539493","","0.9902192950248718","open","8","meta | Overture | Overture-signals","CDLA-Permissive-2.0","2026-04-27T00:00:00.000Z | 2026-06-11T11:57:15Z | 2026-05-12T00:29:08Z | 2026-05-18T13:23:54Z | 2026-05-25T13:08:59Z | 2026-06-01T13:20:32Z | 2026-06-08T13:20:12Z"
"CT","Connecticut","698d26ba-f40b-497e-9563-7c647f0d0029","Bright Smile America Dental Center","-72.7350054075565","41.8171807034773","dentist","","719 Cottage Grove Rd","Bloomfield","06002","CT","US","(860) 242-5005","brightsmileamericadentalcenter@yahoo.com","http://www.smileamerica1.com","https://www.twitter.com/brightsmile_usa | https://www.facebook.com/165919106767813","","0.77","","5","Foursquare | Overture","Apache-2.0 | CDLA-Permissive-2.0","2025-08-19T00:00:00.000 | 2026-06-11T11:57:15Z"
"CT","Connecticut","6a17a461-4f4d-467c-9c67-1213b4383030","The Harmony Dental Group","-73.4065488","41.10982702","dentist","general_dentistry | cosmetic_dentist","161 East Ave","Norwalk","06851-5710","CT","US","+12033543193","theharmonydentalgroup@gmail.com","http://www.youtube.com/HarmonyDocs","https://www.facebook.com/215445008467873","","0.9902192950248718","open","8","meta | Overture | Overture-signals","CDLA-Permissive-2.0","2026-04-27T00:00:00.000Z | 2026-06-11T11:57:15Z | 2026-05-12T00:29:08Z | 2026-05-18T13:23:54Z | 2026-05-25T13:08:59Z | 2026-06-01T13:20:32Z | 2026-06-08T13:20:12Z"
"CT","Connecticut","6a8d954b-4c13-4452-b5f9-9b476d193a16","St Francis Dental Group","-72.69862655","41.77289778","dentist","general_dentistry","1000 Asylum Ave","Hartford","06105-1701","CT","US","+18607144995","","https://www.trinityhealthofne.org/find-a-service-or-specialty","https://www.facebook.com/477091035737233","","0.9902192950248718","open","7","meta | Overture | Overture-signals","CDLA-Permissive-2.0","2026-04-27T00:00:00.000Z | 2026-06-11T11:57:15Z | 2026-05-12T00:29:08Z | 2026-05-18T13:23:54Z | 2026-05-25T13:08:59Z | 2026-06-01T13:20:32Z | 2026-06-08T13:20:12Z"
"CT","Connecticut","6abbdfeb-2cd0-417b-8518-6ada6789d9fb","Smile Direct Club","-72.92403","41.30575","dentist","health_and_medical","139 Orange St Fl 4, Located inside Known Coworking","New Haven","06510","CT","US","8006884010","","https://smiledirectclub.com/smileshops/new-haven?utm_source=bing&utm_medium=organic&utm_campaign=bing&utm_content=newhaven","","","0.9199122190475464","open","6","Microsoft | Overture | Overture-signals","CDLA-Permissive-2.0","2023-02-22T20:01:16.607Z | 2026-06-11T11:57:15Z | 2026-05-12T00:29:08Z | 2026-05-18T13:23:54Z | 2026-05-25T13:08:59Z | 2026-06-01T13:20:32Z | 2026-06-08T13:20:12Z"
"CT","Connecticut","6ae4fb12-10f4-4737-8bdb-ee85fce546fe","Ace Dental Associates","-73.0043942","41.55271612","dentist","general_dentistry | cosmetic_dentist","447 Meriden Rd","Waterbury","06705-2244","CT","US","+12037539503","info@acedentalct.com","https://acedentalct.com/","https://www.facebook.com/474344626297734","","0.983302652835846","","3","meta | Overture","CDLA-Permissive-2.0","2026-04-27T00:00:00.000Z | 2026-06-11T11:57:15Z"
"CT","Connecticut","6af7b0ea-a246-4ff1-a842-89e122fdb889","Fairbrother Premier Dentistry: Richard J. Fairbrother DMD","-72.7437099","41.75734","dentist","health_and_medical | medical_service_organizations","69 S Main St","West Hartford","06107-2410","CT","US","+18602322000","","","https://www.facebook.com/1006418086103673","","0.8905971646308899","","9","meta | Overture","CDLA-Permissive-2.0","2026-04-27T00:00:00.000Z | 2026-06-11T11:57:15Z"
"CT","Connecticut","6b2a1ff6-1490-4cb2-ab48-4a311dad808f","Coastal Dental Solutions","-72.60334326","41.28927099","dentist","general_dentistry | cosmetic_dentist","141 Durham Rd","Madison","06443-2655","CT","US","+12039028434","madisonctdentist@gmail.com","https://coastaldentalsolutions.com/","https://www.facebook.com/103156379097176","","0.9199122190475464","open","7","meta | Overture | Overture-signals","CDLA-Permissive-2.0","2026-04-27T00:00:00.000Z | 2026-06-11T11:57:15Z | 2026-05-12T00:29:08Z | 2026-05-18T13:23:54Z | 2026-05-25T13:08:59Z | 2026-06-01T13:20:32Z | 2026-06-08T13:20:12Z"
"CT","Connecticut","6b8fdd98-b3bf-412e-b206-e20a9d1d8f4a","Reidville Dentistry & Implants","-72.99661707","41.53869341","dentist","general_dentistry | cosmetic_dentist","464 Reidville Dr","Waterbury","06705-2644","CT","US","+12035759120","reidvilledental@gmail.com","http://reidvilledentistry.com/","https://www.facebook.com/1619609174987235","","0.9902192950248718","open","9","meta | Overture | Overture-signals","CDLA-Permissive-2.0","2026-04-27T00:00:00.000Z | 2026-06-11T11:57:15Z | 2026-05-12T00:29:08Z | 2026-05-18T13:23:54Z | 2026-05-25T13:08:59Z | 2026-06-01T13:20:32Z | 2026-06-08T13:20:12Z"
"CT","Connecticut","6be15fa2-a8cc-4d8e-bafd-ee03529452e7","Life Long Dental Care","-73.05476224","41.22699567","dentist","general_dentistry | health_and_medical","1 Cherry St","Milford","06460-3482","CT","US","+12038784757","lifelongdentalcarect@gmail.com","https://lifelongdentalcarect.com/milford-dental-practice?y_source=1_MTE1OTM1OTktNTU5LWxvY2F0aW9uLndlYnNpdGU%3D","https://www.facebook.com/414448452338864","Life Long Dental Care","0.9199122190475464","open","8","meta | Overture | Overture-signals","CDLA-Permissive-2.0","2026-04-27T00:00:00.000Z | 2026-06-11T11:57:15Z | 2026-05-12T00:29:08Z | 2026-05-18T13:23:54Z | 2026-05-25T13:08:59Z | 2026-06-01T13:20:32Z | 2026-06-08T13:20:12Z"
"CT","Connecticut","6bfefef3-f613-4aa6-903c-1440bb3e26af","Windsor Locks Dental Care","-72.66646704","41.9243487","dentist","general_dentistry | doctor","73 Old County Rd","Windsor Locks","06096-1564","CT","US","+18606279784","christina@windsorlocksdental.com","http://www.windsorlocksdental.com/","https://www.facebook.com/145900308795294","","0.9199122190475464","open","8","meta | Overture | Overture-signals","CDLA-Permissive-2.0","2026-04-27T00:00:00.000Z | 2026-06-11T11:57:15Z | 2026-05-12T00:29:08Z | 2026-05-18T13:23:54Z | 2026-05-25T13:08:59Z | 2026-06-01T13:20:32Z | 2026-06-08T13:20:12Z"
"CT","Connecticut","6c2d3929-07ef-46b3-98ed-4a09f9812390","Waterford Dental Health","-72.13278363","41.3442043","dentist","general_dentistry | cosmetic_dentist","177 Boston Post Rd","Waterford","06385-2803","CT","US","+18604472235","kpndmd@hotmail.com","http://www.waterforddentalhealth.com/","https://www.facebook.com/715887191810448","","0.9902192950248718","open","8","meta | Overture | Overture-signals","CDLA-Permissive-2.0","2026-04-27T00:00:00.000Z | 2026-06-11T11:57:15Z | 2026-05-12T00:29:08Z | 2026-05-18T13:23:54Z | 2026-05-25T13:08:59Z | 2026-06-01T13:20:32Z | 2026-06-08T13:20:12Z"
"CT","Connecticut","6c7a051c-bb13-44e9-8b5f-acc3a55f33f2","Westport Dental Associates","-73.36930374","41.12838956","dentist","general_dentistry | health_and_medical","329 Riverside Ave","Westport","06880-4824","CT","US","+12032273709","info@westportdental.com","https://www.westportdental.com/","https://www.facebook.com/145691418792943","Westport Dental Associates","0.9199122190475464","open","8","meta | Overture | Overture-signals","CDLA-Permissive-2.0","2026-04-27T00:00:00.000Z | 2026-06-11T11:57:15Z | 2026-05-12T00:29:08Z | 2026-05-18T13:23:54Z | 2026-05-25T13:08:59Z | 2026-06-01T13:20:32Z | 2026-06-08T13:20:12Z"
"CT","Connecticut","6c89879d-684f-48fc-b988-86d61f2398b5","Smile Dental Center","-73.089113","41.320861","dentist","medical_service_organizations | hospital","61 Elizabeth St","Derby","06418-1825","CT","US","+12037127726","smiledentalcenterct@gmail.com","http://smiledentalcenterct.com/","https://www.facebook.com/244584848914291","Smile Dental Center","0.8977543824911117","","7","meta | Overture","CDLA-Permissive-2.0","2026-04-27T00:00:00.000Z | 2026-06-11T11:57:15Z"
"CT","Connecticut","6cb07f99-79f4-44b3-8187-6d4fcf2407ce","Dr. Arnold Benak","-72.14429","41.34717","dentist","doctor | health_and_medical","262 Boston Post Rd","Waterford","06385-2053","CT","US","+18604430861","","http://www.granitevilledental.com/","https://www.facebook.com/1012355548811446","","0.9480342268943787","","7","meta | Overture","CDLA-Permissive-2.0","2026-04-27T00:00:00.000Z | 2026-06-11T11:57:15Z"
"CT","Connecticut","6d0d03be-cdb7-40f5-a68c-61f056ba8f87","James P. Fitzgerald, DMD","-72.448474","41.98226","dentist","","48 South Road","Somers","06071","CT","US","+18602651016","","http://www.jamespfitzgeralddmd.com/","","","0.9199122190475464","open","8","DAC | Overture | Overture-signals","CDLA-Permissive-2.0","2026-06-10T16:03:35.911Z | 2026-06-11T11:57:15Z | 2026-05-12T00:29:08Z | 2026-05-18T13:23:54Z | 2026-05-25T13:08:59Z | 2026-06-01T13:20:32Z | 2026-06-08T13:20:12Z"
"CT","Connecticut","6d310b44-4c42-4095-ae82-58d5389ede42","Bridgeport Dental Partners","-73.18571081","41.20271766","dentist","general_dentistry | health_and_medical","161 Boston Ave","Bridgeport","06610-1662","CT","US","+12038730598","bridgeportdentalpartners@gmail.com","http://www.longridgedental.com/bridgeport-dental-partners","https://www.facebook.com/1620231874864560","Bridgeport Dental Partners","0.9902192950248718","open","10","meta | Overture | Overture-signals","CDLA-Permissive-2.0","2026-04-27T00:00:00.000Z | 2026-06-11T11:57:15Z | 2026-05-12T00:29:08Z | 2026-05-18T13:23:54Z | 2026-05-25T13:08:59Z | 2026-06-01T13:20:32Z | 2026-06-08T13:20:12Z"
"CT","Connecticut","6d3e884a-f04a-451c-86ba-24855dbe0193","Wilton Dental Care","-73.43075097","41.19291768","dentist","health_and_medical | hospital","134 Old Ridgefield Rd","Wilton","06897-3048","CT","US","+12037628586","","https://www.wiltondentalcare.net/contact","https://www.facebook.com/212639972675989","","0.9946857208013534","","8","meta | Overture","CDLA-Permissive-2.0","2026-04-27T00:00:00.000Z | 2026-06-11T11:57:15Z"
"CT","Connecticut","6d48ef8c-affe-4c85-8bef-afe189130983","Thomas P. Thalody, D.D.S., LLC","-72.9974267091686","41.2289099374382","dentist","","302 Merwin Ave","Milford","06460","CT","US","(203) 877-2644","merddswin@yahoo.com","https://www.milfordsmilecare.com","https://www.twitter.com/drthomasthalody | https://www.facebook.com/374378059282829","","0.77","","3","Foursquare | Overture","Apache-2.0 | CDLA-Permissive-2.0","2026-02-15T00:00:00.000 | 2026-06-11T11:57:15Z"
"CT","Connecticut","6d812a1b-fedd-4282-a054-4a82487837a2","Essex Family Dentistry","-72.40957046","41.3443966","dentist","general_dentistry | medical_service_organizations","66 Plains Rd","Essex","06426-1501","CT","US","+18607679403","efdteam@essexfamilydentistry.net","http://essexfamilydentistry.net/","https://www.facebook.com/276016970188","","0.9199122190475464","open","8","meta | Overture | Overture-signals","CDLA-Permissive-2.0","2026-04-27T00:00:00.000Z | 2026-06-11T11:57:15Z | 2026-05-12T00:29:08Z | 2026-05-18T13:23:54Z | 2026-05-25T13:08:59Z | 2026-06-01T13:20:32Z | 2026-06-08T13:20:12Z"
"CT","Connecticut","6db60993-de68-4612-a4e4-761a6c02f94c","Pediatric Dental Associates of Southbury","-73.2167078618207","41.4764212411919","dentist","","1 Pomperaug Office Park Ste 206","Southbury","06488","CT","US","(203) 264-1497","pediatricdental@kidstoothcare.com","http://www.kidstoothcare.com","https://www.facebook.com/178578458828175","","0.77","","5","Foursquare | Overture","Apache-2.0 | CDLA-Permissive-2.0","2025-08-19T00:00:00.000 | 2026-06-11T11:57:15Z"
