"state_code","state","id","name","longitude","latitude","primary_category","alternate_categories","address","locality","postcode","region","country","phones","emails","websites","socials","brand","confidence","operating_status","version","source_datasets","source_licenses","source_update_times"
"ID","Idaho","00f60e86-108a-40a7-a726-106c3fd84f26","Emmett Dental Group","-116.50018783","43.87164368","dentist","general_dentistry | medical_service_organizations","507 S Washington Ave","Emmett","83617-3522","ID","US","+12083656313","emmettdental@hotmail.com","http://www.emmettdental.com/","https://www.facebook.com/153556261348218","","0.9199122190475464","open","7","meta | Overture | Overture-signals","CDLA-Permissive-2.0","2026-04-27T00:00:00.000Z | 2026-06-11T11:57:15Z | 2026-05-12T00:29:08Z | 2026-05-18T13:23:54Z | 2026-05-25T13:08:59Z | 2026-06-01T13:20:32Z | 2026-06-08T13:20:12Z"
"ID","Idaho","0163679c-044f-4a01-b605-fecb31104df3","Boise Valley Orthodontics","-116.59362427751","43.5899868067553","dentist","","621 N Midland Blvd # 102","Nampa","83651","ID","US","(208) 649-5721","","http://www.boisevalleyortho.com","","","0.9199122190475464","open","4","Foursquare | Overture | Overture-signals","Apache-2.0 | CDLA-Permissive-2.0","2025-08-22T00:00:00.000 | 2026-06-11T11:57:15Z | 2026-05-12T00:29:08Z | 2026-05-18T13:23:54Z | 2026-05-25T13:08:59Z | 2026-06-01T13:20:32Z | 2026-06-08T13:20:12Z"
"ID","Idaho","01afeec4-6893-4bac-9df8-4d4560629bb2","Kyle J. Siemen","-112.45448937","42.88746243","dentist","general_dentistry | health_and_medical","333 W Cedar St","Pocatello","83201-5045","ID","US","+12082336912","sagedental@qwestoffice.net","http://www.sage-dental.com/","https://www.facebook.com/512839195395121","Sage Dental Pocatello Kyle J. Siemen, DMD","0.9199122190475464","open","9","meta | Overture | Overture-signals","CDLA-Permissive-2.0","2026-04-27T00:00:00.000Z | 2026-06-11T11:57:15Z | 2026-05-12T00:29:08Z | 2026-05-18T13:23:54Z | 2026-05-25T13:08:59Z | 2026-06-01T13:20:32Z | 2026-06-08T13:20:12Z"
"ID","Idaho","01b9b5f1-92e3-40fd-b9fc-0010e14b27c8","Northwest Dental Center","-116.28525082","43.62698418","dentist","general_dentistry | medical_service_organizations","8300 W Northview St","Boise","83704-7132","ID","US","+12083144416","office@nwdentalcenter.com","http://nwdentalcenter.com/","https://www.facebook.com/198369863586698","","0.9902192950248718","open","7","meta | Overture | Overture-signals","CDLA-Permissive-2.0","2026-04-27T00:00:00.000Z | 2026-06-11T11:57:15Z | 2026-05-12T00:29:08Z | 2026-05-18T13:23:54Z | 2026-05-25T13:08:59Z | 2026-06-01T13:20:32Z | 2026-06-08T13:20:12Z"
"ID","Idaho","01f42504-af2a-49b3-9b3b-61309efb5c6f","Glenn Richey, DDS","-116.328939","46.500311","dentist","","13826 Highway 12","Orofino","83544-9117","ID","US","+12084764413","","","https://www.facebook.com/1555235984742536","","0.582554817199707","","8","meta | Overture","CDLA-Permissive-2.0","2026-04-27T00:00:00.000Z | 2026-06-11T11:57:15Z"
"ID","Idaho","02a41982-58a1-42f9-b573-90da5462aa6c","Scott E. Hayhurst Family and Cosmetic Dentistry","-116.27383772","43.6264338","dentist","pediatric_dentist | endodontist","7337 W Northview St","Boise","83704-7360","ID","US","+12083767721","front1@boisedentistsmiles.com","http://www.boisedentistsmiles.com/","https://www.facebook.com/155295311203206","Scott E. Hayhurst DMD Boise Dentist","0.9183015823364258","","8","meta | Overture","CDLA-Permissive-2.0","2026-04-27T00:00:00.000Z | 2026-06-11T11:57:15Z"
"ID","Idaho","02d8859d-1e1d-4d1d-911c-020a4cd9917e","Brian W. Charles","-116.09466808","44.9123091","dentist","cosmetic_dentist","509 Pine St","McCall","83638-5017","ID","US","+12086347653","www.brianwcharlesdentistry@hotmail.com","http://www.mccalldentistry.com/","https://www.facebook.com/456341434480843","","0.9199122190475464","open","7","meta | Overture | Overture-signals","CDLA-Permissive-2.0","2026-04-27T00:00:00.000Z | 2026-06-11T11:57:15Z | 2026-05-12T00:29:08Z | 2026-05-18T13:23:54Z | 2026-05-25T13:08:59Z | 2026-06-01T13:20:32Z | 2026-06-08T13:20:12Z"
"ID","Idaho","0313e66f-6299-4a3b-b798-b18843fc2b51","Idaho Family Dental Center, PLLC","-116.796519","47.72997","dentist","health_and_medical","509 W Hanley Ave Ste 201","Coeur d'Alene","83815","ID","US","2086675447","","https://www.idahofamilydentalcenter.com/","","","0.9199122190475464","open","7","Microsoft | Overture | Overture-signals","CDLA-Permissive-2.0","2025-08-19T01:48:36.620Z | 2026-06-11T11:57:15Z | 2026-05-12T00:29:08Z | 2026-05-18T13:23:54Z | 2026-05-25T13:08:59Z | 2026-06-01T13:20:32Z | 2026-06-08T13:20:12Z"
"ID","Idaho","0316d0c0-1677-4c98-9a55-6f9480070181","Dr Cullums Oral & Facial Surgery","-116.806533","47.692616","dentist","doctor | health_and_medical","1859 N Lakewood Dr","Coeur D'Alene","83814-2636","ID","US","","","","https://www.facebook.com/254616974614130","","0.9099302887916565","","7","meta | Overture","CDLA-Permissive-2.0","2026-04-27T00:00:00.000Z | 2026-06-11T11:57:15Z"
"ID","Idaho","03938bbb-5669-4f8b-a445-f57061bae968","Maplewood Dental","-117.008534380383","46.40384082358","dentist","","1606 17th St","Lewiston","83501","ID","US","(208) 743-0141","perezdmd@cableone.net","http://www.maplewooddental.net","","","0.77","","5","Foursquare | Overture","Apache-2.0 | CDLA-Permissive-2.0","2025-09-30T00:00:00.000 | 2026-06-11T11:57:15Z"
"ID","Idaho","03d8b99f-b050-4ae6-b8ca-3f441000dbb2","Dille Dental Family and Cosmetic Dentistry","-116.96102152","44.2454754","dentist","cosmetic_dentist | general_dentistry","513 E Main St","Weiser","83672-2225","ID","US","+12085491732","dilledental@gmail.com","http://dilledental.com/","https://www.facebook.com/315645555309829","Dille Dental","0.9199122190475464","open","9","meta | Overture | Overture-signals","CDLA-Permissive-2.0","2026-04-27T00:00:00.000Z | 2026-06-11T11:57:15Z | 2026-05-12T00:29:08Z | 2026-05-18T13:23:54Z | 2026-05-25T13:08:59Z | 2026-06-01T13:20:32Z | 2026-06-08T13:20:12Z"
"ID","Idaho","04e720bc-4966-4690-be79-92bfed45e8bc","Poole & Willis Orthodontics","-111.876331751402","42.0956566937914","dentist","","29 S State St","Preston","83263","ID","US","(208) 852-1866","","https://smilesbywillis.com","","","0.9199122190475464","open","4","Foursquare | Overture | Overture-signals","Apache-2.0 | CDLA-Permissive-2.0","2025-08-19T00:00:00.000 | 2026-06-11T11:57:15Z | 2026-05-12T00:29:08Z | 2026-05-18T13:23:54Z | 2026-05-25T13:08:59Z | 2026-06-01T13:20:32Z | 2026-06-08T13:20:12Z"
"ID","Idaho","0502033e-0284-41dc-9a8f-bbf9082dee99","Guymon Orthodontics - Boise","-116.33463","43.64768","dentist","orthodontist | medical_service_organizations","4725 N Cloverdale Rd","Boise","83713-4911","ID","US","+12088980000","info@meridianortho.com","http://www.meridianortho.com/","https://www.facebook.com/112663045457417","Guymon Orthodontics - Boise","0.9199122190475464","open","9","meta | Overture | Overture-signals","CDLA-Permissive-2.0","2026-04-27T00:00:00.000Z | 2026-06-11T11:57:15Z | 2026-05-12T00:29:08Z | 2026-05-18T13:23:54Z | 2026-05-25T13:08:59Z | 2026-06-01T13:20:32Z | 2026-06-08T13:20:12Z"
"ID","Idaho","05c92c22-86de-4225-9b88-6e1f385ce539","Allen Dental","-111.99298069","43.46322906","dentist","general_dentistry | cosmetic_dentist","3815 Washington Pkwy E","Idaho Falls","83404-7591","ID","US","+12085294500","office@allendentalidahofalls.com","http://www.allendentalidahofalls.com/","https://www.facebook.com/205258666202709","Allen Dental","0.9983084380626679","","9","meta | Overture","CDLA-Permissive-2.0","2026-04-27T00:00:00.000Z | 2026-06-11T11:57:15Z"
"ID","Idaho","075149fc-b4a9-4e0c-b339-7ff5242d5eef","Spirit Lake Family Dental","-116.86836718","47.97263133","dentist","general_dentistry | health_and_medical","6070 W Jackson St","Spirit Lake","83869-7742","ID","US","+12086236400","spiritlakedental@gmail.com","http://www.spiritlakefamilydental.com/","https://www.facebook.com/100288834716551","Spirit Lake Family Dental","0.9199122190475464","open","9","meta | Overture | Overture-signals","CDLA-Permissive-2.0","2026-04-27T00:00:00.000Z | 2026-06-11T11:57:15Z | 2026-05-12T00:29:08Z | 2026-05-18T13:23:54Z | 2026-05-25T13:08:59Z | 2026-06-01T13:20:32Z | 2026-06-08T13:20:12Z"
"ID","Idaho","07a83d0b-ac91-4387-b092-690fa2dd39f2","Simms Family Dentistry","-116.33385191","43.64748663","dentist","general_dentistry | health_and_medical","4700 N Cloverdale Rd","Boise","83713","ID","US","+12083768573","drmikesimms@live.com","http://www.dentist-boise.net/","https://www.facebook.com/103082459757552","","0.9199122190475464","open","9","meta | Overture | Overture-signals","CDLA-Permissive-2.0","2026-04-27T00:00:00.000Z | 2026-06-11T11:57:15Z | 2026-05-12T00:29:08Z | 2026-05-18T13:23:54Z | 2026-05-25T13:08:59Z | 2026-06-01T13:20:32Z | 2026-06-08T13:20:12Z"
"ID","Idaho","0823456c-f072-46c9-a6d0-fb31200b811a","Two Rivers Dentistry Family & Cosmetic Dentistry - McCall","-116.09808804","44.90971104","dentist","general_dentistry | doctor","307 E Park St","McCall","83638-3863","ID","US","+12086349711","","http://www.tworiversdentist.com/","https://www.facebook.com/108382966268493","Two Rivers Family And Cosmetic Dentistry - Caldwell","0.9382513761520386","","2","meta | Overture","CDLA-Permissive-2.0","2026-04-27T00:00:00.000Z | 2026-06-11T11:57:15Z"
"ID","Idaho","084e13fc-be67-4c8a-b6b4-dc8f1d6c46df","Sandpoint Dental Care","-116.56758235","48.27037676","dentist","general_dentistry | health_and_medical","311 S Division Ave","Sandpoint","83864-2710","ID","US","+12082637597","corinna@steveandersondds.com","http://www.steveandersondds.com","https://www.facebook.com/154495687921185","","0.9199122190475464","open","7","meta | Overture | Overture-signals","CDLA-Permissive-2.0","2026-04-27T00:00:00.000Z | 2026-06-11T11:57:15Z | 2026-05-12T00:29:08Z | 2026-05-18T13:23:54Z | 2026-05-25T13:08:59Z | 2026-06-01T13:20:32Z | 2026-06-08T13:20:12Z"
"ID","Idaho","08634803-3050-42c0-8f4b-93e1a8b21270","Kootenai Family Dental","-116.79153599","47.68875369","dentist","general_dentistry","1420 Lincoln Way","Coeur D'Alene","83814-2360","ID","US","+12086648283","front@kfd.dentist","http://kootenaifamilydental.com/","https://www.facebook.com/384307938293494","Kootenai Family Dental","0.9199122190475464","open","10","meta | Overture | Overture-signals","CDLA-Permissive-2.0","2026-04-27T00:00:00.000Z | 2026-06-11T11:57:15Z | 2026-05-12T00:29:08Z | 2026-05-18T13:23:54Z | 2026-05-25T13:08:59Z | 2026-06-01T13:20:32Z | 2026-06-08T13:20:12Z"
"ID","Idaho","08d6657c-c656-4750-a359-c92fedee09ea","Smile Labs of Nampa","-116.57218734","43.54559769","dentist","general_dentistry | cosmetic_dentist","2412 12th Ave Rd","Nampa","83686-6300","ID","US","+12086061280","nampa.mysmilelabs@yahoo.com","https://nampa.mysmilelabs.com/our-process/","https://www.facebook.com/109934751745082","Smile Labs","0.9199122190475464","open","8","meta | Overture | Overture-signals","CDLA-Permissive-2.0","2026-04-27T00:00:00.000Z | 2026-06-11T11:57:15Z | 2026-05-12T00:29:08Z | 2026-05-18T13:23:54Z | 2026-05-25T13:08:59Z | 2026-06-01T13:20:32Z | 2026-06-08T13:20:12Z"
"ID","Idaho","09524383-c4df-45a1-948d-536e16a506ac","Motto Clear Aligners","-116.9974383","46.3956483","dentist","health_and_medical","2360 Thain Grade","Lewiston","83501","ID","US","2087171966","","https://www.aspendental.com/dentist/id/lewiston/2360-thain-grade/motto-clear-aligners/","","","0.9199122190475464","open","6","Microsoft | Overture | Overture-signals","CDLA-Permissive-2.0","2025-10-03T21:12:42.063Z | 2026-06-11T11:57:15Z | 2026-05-12T00:29:08Z | 2026-05-18T13:23:54Z | 2026-05-25T13:08:59Z | 2026-06-01T13:20:32Z | 2026-06-08T13:20:12Z"
"ID","Idaho","09f74c8b-a3b5-457f-9316-cca5ddd373f6","Southern Idaho Periodontist","-114.479115","42.598732","dentist","periodontist","2064 Washington St N","Twin Falls","83301-3071","ID","US","+12087341515","joelnewtondds@gmail.com","https://southernidahoperiodontist.com/","https://www.facebook.com/109776678518513","","0.800129771232605","","9","meta | Overture","CDLA-Permissive-2.0","2026-04-27T00:00:00.000Z | 2026-06-11T11:57:15Z"
"ID","Idaho","0a4e7a89-984e-4970-8ea4-047de3f68610","The Family Dental Center","-112.35118339","43.19252056","dentist","general_dentistry | medical_service_organizations","625 W Bridge St","Blackfoot","83221-2018","ID","US","+12087852685","frontdesk@drpaulhansendds.com","http://www.drpaulhansendds.com","https://www.facebook.com/143140315732752","","0.9199122190475464","open","9","meta | Overture | Overture-signals","CDLA-Permissive-2.0","2026-04-27T00:00:00.000Z | 2026-06-11T11:57:15Z | 2026-05-12T00:29:08Z | 2026-05-18T13:23:54Z | 2026-05-25T13:08:59Z | 2026-06-01T13:20:32Z | 2026-06-08T13:20:12Z"
"ID","Idaho","0af71e35-94ab-4ccf-bdf1-b7459fe93322","European Denture Center","-116.313","43.620957","dentist","medical_service_organizations","10480 W Garverdale Ct","Boise","83704-5411","ID","US","+12085845433","edc01@live.com","https://eurodenture.com/","https://www.facebook.com/452115518688142","European Denture Center","0.9199122190475464","open","9","meta | Overture | Overture-signals","CDLA-Permissive-2.0","2026-04-27T00:00:00.000Z | 2026-06-11T11:57:15Z | 2026-05-12T00:29:08Z | 2026-05-18T13:23:54Z | 2026-05-25T13:08:59Z | 2026-06-01T13:20:32Z | 2026-06-08T13:20:12Z"
"ID","Idaho","0b0e481f-534f-4f2a-ab50-65a1b5c266bd","Two Rivers Family Dentistry- Lewiston,ID","-116.98142035985","46.3805862593486","dentist","endodontist","937 Bryden Ave","Lewiston","83501-5007","ID","US","+12087462668","lewiston.tworivers@gmail.com","https://www.lewistontworiversdentistry.com/","https://www.facebook.com/105654281672951","","0.9276007413864136","","9","meta | Overture","CDLA-Permissive-2.0","2026-04-27T00:00:00.000Z | 2026-06-11T11:57:15Z"
"ID","Idaho","0cdc38f7-c6c1-464c-a9ed-57880d384ca8","Priest River Dental","-116.90094998","48.18084237","dentist","general_dentistry | health_and_medical","6509 Highway 2","Priest River","83856-6633","ID","US","+12084482694","doctor@priestriverdental.com","http://www.priestriverdental.com/","https://www.facebook.com/236961722995142","","0.9199122190475464","open","7","meta | Overture | Overture-signals","CDLA-Permissive-2.0","2026-04-27T00:00:00.000Z | 2026-06-11T11:57:15Z | 2026-05-12T00:29:08Z | 2026-05-18T13:23:54Z | 2026-05-25T13:08:59Z | 2026-06-01T13:20:32Z | 2026-06-08T13:20:12Z"
"ID","Idaho","0ce0df8a-8322-4690-bb10-f6a0d5a5cba5","Sawtooth Dental","-114.48871749","42.58712128","dentist","health_and_medical | medical_service_organizations","1437 Park View Dr","Twin Falls","83301-3362","ID","US","+12087334515","sawtoothdental@yahoo.com","http://Sawtoothdental.com/","https://www.facebook.com/366230581507","Sawtooth Dental","0.9199122190475464","open","8","meta | Overture | Overture-signals","CDLA-Permissive-2.0","2026-04-27T00:00:00.000Z | 2026-06-11T11:57:15Z | 2026-05-12T00:29:08Z | 2026-05-18T13:23:54Z | 2026-05-25T13:08:59Z | 2026-06-01T13:20:32Z | 2026-06-08T13:20:12Z"
"ID","Idaho","0d67870f-1e84-43fa-abc3-1135b6688607","Driscoll Dental","-112.83998803","42.94295671","dentist","general_dentistry | health_and_medical","81 W Washington Ave","Aberdeen","83210-4801","ID","US","+12083974198","office@driscolldental.com","http://driscolldental.com/","https://www.facebook.com/1090383774353447","","0.9199122190475464","open","9","meta | Overture | Overture-signals","CDLA-Permissive-2.0","2026-04-27T00:00:00.000Z | 2026-06-11T11:57:15Z | 2026-05-12T00:29:08Z | 2026-05-18T13:23:54Z | 2026-05-25T13:08:59Z | 2026-06-01T13:20:32Z | 2026-06-08T13:20:12Z"
"ID","Idaho","0daadbee-16f0-4341-b2ef-ad79144c1d61","Canyon Falls Dental PC","-114.51712947","42.72403341","dentist","general_dentistry | medical_service_organizations","143 E Main St","Jerome","83338-2332","ID","US","+12083247007","info@canyonfallsdental.com","http://canyonfallsdental.com/","https://www.facebook.com/123738014489309","","0.9199122190475464","open","8","meta | Overture | Overture-signals","CDLA-Permissive-2.0","2026-04-27T00:00:00.000Z | 2026-06-11T11:57:15Z | 2026-05-12T00:29:08Z | 2026-05-18T13:23:54Z | 2026-05-25T13:08:59Z | 2026-06-01T13:20:32Z | 2026-06-08T13:20:12Z"
"ID","Idaho","0db58372-f9f8-4ed7-ba13-92c5dc12ea88","Willow Creek Dental","-112.04819057","43.51276012","dentist","general_dentistry | cosmetic_dentist","1380 Latah Ave","Idaho Falls","83402-4989","ID","US","+12085520919","info@willowcreekdental.com","http://www.willowcreekdental.com/","https://www.facebook.com/174832165377","Willow Creek Dental","0.9199122190475464","open","9","meta | Overture | Overture-signals","CDLA-Permissive-2.0","2026-04-27T00:00:00.000Z | 2026-06-11T11:57:15Z | 2026-05-12T00:29:08Z | 2026-05-18T13:23:54Z | 2026-05-25T13:08:59Z | 2026-06-01T13:20:32Z | 2026-06-08T13:20:12Z"
"ID","Idaho","0e29ff42-756b-4c7e-957c-f550c7939d0a","Carl Holm","-112.44813219","42.88793796","dentist","health_and_medical | hospital","350 E Cedar St","Pocatello","83201-3709","ID","US","+12082332525","carlbholmdds@gmail.com","http://www.drcarlholm.com/","https://www.facebook.com/291622604296024","","0.9199122190475464","open","7","meta | Overture | Overture-signals","CDLA-Permissive-2.0","2026-04-27T00:00:00.000Z | 2026-06-11T11:57:15Z | 2026-05-12T00:29:08Z | 2026-05-18T13:23:54Z | 2026-05-25T13:08:59Z | 2026-06-01T13:20:32Z | 2026-06-08T13:20:12Z"
"ID","Idaho","0e96558b-9187-40cd-938a-cd4287ec6f50","Infinity Dental","-114.371323","42.534165","dentist","","622 Center St W","Kimberly","83341","ID","US","(208) 423-5001","","http://www.infinitydental.net","","","0.77","","3","Foursquare | Overture","Apache-2.0 | CDLA-Permissive-2.0","2025-08-19T00:00:00.000 | 2026-06-11T11:57:15Z"
"ID","Idaho","0f434a6d-2190-4fb9-9c63-ab542c2d3939","Sutton Stephen V DDS","-112.124690390054","42.4303066284664","dentist","","15 W 1st N","Downey","83234","ID","US","(208) 897-5000","","http://marshvalleydental.com","","","0.9199122190475464","open","4","Foursquare | Overture | Overture-signals","Apache-2.0 | CDLA-Permissive-2.0","2025-08-22T00:00:00.000 | 2026-06-11T11:57:15Z | 2026-05-12T00:29:08Z | 2026-05-18T13:23:54Z | 2026-05-25T13:08:59Z | 2026-06-01T13:20:32Z | 2026-06-08T13:20:12Z"
"ID","Idaho","1047e89c-93db-445d-9890-5ed7f42035e0","7 Day Dental Smiles","-116.94753914","47.7180858","dentist","general_dentistry | health_and_medical","105 E 10th Ave","Post Falls","83854-5125","ID","US","+12087738388","cris@7daydentalsmiles.com","https://www.7daydentalsmiles.com/","https://www.facebook.com/175417785970983","7 Day Dental Smiles","0.9902192950248718","open","9","meta | Overture | Overture-signals","CDLA-Permissive-2.0","2026-04-27T00:00:00.000Z | 2026-06-11T11:57:15Z | 2026-05-12T00:29:08Z | 2026-05-18T13:23:54Z | 2026-05-25T13:08:59Z | 2026-06-01T13:20:32Z | 2026-06-08T13:20:12Z"
"ID","Idaho","1052755e-64ae-4fe0-a2b0-96d19ccd5664","1-First Choice Dental","-114.478644255701","42.5975164207847","dentist","","142 River Vista Pl","Twin Falls","83301","ID","US","(208) 734-7246","romriellpros@gmail.com","http://myfirstchoicedental.com","","","0.9199122190475464","open","4","Foursquare | Overture | Overture-signals","Apache-2.0 | CDLA-Permissive-2.0","2025-10-17T00:00:00.000 | 2026-06-11T11:57:15Z | 2026-05-12T00:29:08Z | 2026-05-18T13:23:54Z | 2026-05-25T13:08:59Z | 2026-06-01T13:20:32Z | 2026-06-08T13:20:12Z"
"ID","Idaho","114e88a9-96d7-43df-b8e2-beb92ab68608","Public Denture","-116.67454811","43.65488845","dentist","prosthodontist | general_dentistry","2124 Blaine St","Caldwell","83605-4426","ID","US","+12084540311","info@newsmiledentures.com","http://newsmiledentures.com/","https://www.facebook.com/426422171064418","Public Denture","0.9827266931533813","","10","meta | Overture","CDLA-Permissive-2.0","2026-04-27T00:00:00.000Z | 2026-06-11T11:57:15Z"
"ID","Idaho","11f42e8c-69bb-4844-80fd-a4d78dc6b938","Triple R Denture Clinic & Laboratory","-116.780429868389","47.6838254581202","dentist","","1028 N 4th St","Coeur d'Alene","83814","ID","US","(208) 667-9314","rowe.jody@triplerdentures.com","http://www.coeurdalenedentures.com","https://www.facebook.com/764245760297417","","0.77","","5","Foursquare | Overture","Apache-2.0 | CDLA-Permissive-2.0","2025-05-29T00:00:00.000 | 2026-06-11T11:57:15Z"
"ID","Idaho","1208f7ea-543e-4d4f-bd79-f812e82a615b","Evan Smith, DDS","-116.200744","43.622485","dentist","doctor","801 N 10th St","Boise","83702-5423","ID","US","+12083434986","","https://www.dentistinboiseid.com/","https://www.facebook.com/1469519256645087","","0.7409366369247437","","8","meta | Overture","CDLA-Permissive-2.0","2026-04-27T00:00:00.000Z | 2026-06-11T11:57:15Z"
"ID","Idaho","12865151-bae2-4867-ab5d-c629a4458a36","Canyon Dental","-116.615615041713","43.6127080371471","dentist","","11136 Moss Ln","Nampa","83651","ID","US","(208) 466-0515","","http://www.trhs.org","","","0.9199122190475464","open","4","Foursquare | Overture | Overture-signals","Apache-2.0 | CDLA-Permissive-2.0","2025-08-22T00:00:00.000 | 2026-06-11T11:57:15Z | 2026-05-12T00:29:08Z | 2026-05-18T13:23:54Z | 2026-05-25T13:08:59Z | 2026-06-01T13:20:32Z | 2026-06-08T13:20:12Z"
"ID","Idaho","1374a540-7606-4f48-baf7-3423c26819f0","Dr. Corbin Stringfellow, DMD","-112.4500433","42.8959452","dentist","health_and_medical","115 E Chapel Rd","Pocatello","83201","ID","US","2082323500","","http://www.yellowstone.dental/","","","0.9199122190475464","open","7","Microsoft | Overture | Overture-signals","CDLA-Permissive-2.0","2024-05-15T19:43:56.213Z | 2026-06-11T11:57:15Z | 2026-05-12T00:29:08Z | 2026-05-18T13:23:54Z | 2026-05-25T13:08:59Z | 2026-06-01T13:20:32Z | 2026-06-08T13:20:12Z"
"ID","Idaho","13b893f8-caac-48a8-88f3-e1898dcbc27d","Center For Contemporary Dentistry","-116.155967518747","43.5737103133967","dentist","","3157 S Bown Way","Boise","83706","ID","US","(208) 342-8000","james.osterkamp@gmail.com","http://www.centerforcontemporarydentistry.com","","","0.9199122190475464","open","4","Foursquare | Overture | Overture-signals","Apache-2.0 | CDLA-Permissive-2.0","2025-08-22T00:00:00.000 | 2026-06-11T11:57:15Z | 2026-05-12T00:29:08Z | 2026-05-18T13:23:54Z | 2026-05-25T13:08:59Z | 2026-06-01T13:20:32Z | 2026-06-08T13:20:12Z"
"ID","Idaho","1487e255-24f0-454c-ba47-9e82eaa8226d","Time To Smile Dental, Evan Hathaway DDS and Kyle Pelletier DMD","-116.339025","43.689444","dentist","doctor | health_and_medical","1217 E Iron Eagle Dr","Eagle","83616","ID","US","2083771161","","http://www.sedationdentistboise.com/","","","0.9199122190475464","open","8","Microsoft | Overture | Overture-signals","CDLA-Permissive-2.0","2025-08-25T06:04:35.983Z | 2026-06-11T11:57:15Z | 2026-05-12T00:29:08Z | 2026-05-18T13:23:54Z | 2026-05-25T13:08:59Z | 2026-06-01T13:20:32Z | 2026-06-08T13:20:12Z"
"ID","Idaho","14c4f145-0861-4dbe-b837-1df66905ab74","Horizon Dental","-116.24615239","43.58959183","dentist","general_dentistry | health_and_medical","5213 W Overland Rd","Boise","83705-2637","ID","US","+12083452325","info@horizondentalbench.com","https://horizondentalbench.com/","https://www.facebook.com/379322495606060","","0.9902192950248718","open","7","meta | Overture | Overture-signals","CDLA-Permissive-2.0","2026-04-27T00:00:00.000Z | 2026-06-11T11:57:15Z | 2026-05-12T00:29:08Z | 2026-05-18T13:23:54Z | 2026-05-25T13:08:59Z | 2026-06-01T13:20:32Z | 2026-06-08T13:20:12Z"
"ID","Idaho","14e6b1d5-671a-49fa-92a8-ceaf56129a6f","Motto Clear Aligners","-112.4667964","42.9084084","dentist","health_and_medical","4165 Yellowstone Ave Ste C","Pocatello","83202","ID","US","2084254344","","https://www.aspendental.com/dentist/id/pocatello/4165-yellowstone-ave-suite-c/motto-clear-aligners/","","","0.9199122190475464","open","7","Microsoft | Overture | Overture-signals","CDLA-Permissive-2.0","2025-10-03T21:17:30.560Z | 2026-06-11T11:57:15Z | 2026-05-12T00:29:08Z | 2026-05-18T13:23:54Z | 2026-05-25T13:08:59Z | 2026-06-01T13:20:32Z | 2026-06-08T13:20:12Z"
"ID","Idaho","1562c897-86f3-47ee-9682-cdf489d50c73","Modern Smiles - Dentist Pocatello","-112.45022213","42.90855989","dentist","general_dentistry","1800 Flandro Dr","Pocatello","83202-4912","ID","US","+12082037587","modernsmilespocatello@gmail.com","http://www.idahosmilemaker.com/","https://www.facebook.com/454588994605692","","0.9947768449783325","","8","meta | Overture","CDLA-Permissive-2.0","2026-04-27T00:00:00.000Z | 2026-06-11T11:57:15Z"
"ID","Idaho","15c5ebae-a309-47e4-9745-1c2a1b3d3432","Dr. Brooks Uniat","-116.69796507","43.65285804","dentist","general_dentistry","1913 S Kimball Ave","Caldwell","83605-4829","ID","US","+12084590113","","http://www.caldwellfamilydentistry.com","https://www.facebook.com/110715085659672","Caldwell Family Dentistry","0.9199122190475464","open","9","meta | Overture | Overture-signals","CDLA-Permissive-2.0","2026-04-27T00:00:00.000Z | 2026-06-11T11:57:15Z | 2026-05-12T00:29:08Z | 2026-05-18T13:23:54Z | 2026-05-25T13:08:59Z | 2026-06-01T13:20:32Z | 2026-06-08T13:20:12Z"
"ID","Idaho","16914a57-e268-46ab-b092-d4a47da280d5","Alligator Pediatric Dentistry","-112.021825838024","43.4679528703034","dentist","","3365 S Holmes Ave","Ammon","83404","ID","US","(208) 542-1333","promotions@alligatordentist.com","https://www.alligatordentist.com","","","0.9199122190475464","open","4","Foursquare | Overture | Overture-signals","Apache-2.0 | CDLA-Permissive-2.0","2024-10-18T00:00:00.000 | 2026-06-11T11:57:15Z | 2026-05-12T00:29:08Z | 2026-05-18T13:23:54Z | 2026-05-25T13:08:59Z | 2026-06-01T13:20:32Z | 2026-06-08T13:20:12Z"
"ID","Idaho","16f17e87-bfc7-411b-aeb7-901f42955329","Elevate Dental Studio Jeffrey R. Roth DMD","-114.31257","43.51656","dentist","orthodontist","408 S Main St","Hailey","83333-8300","ID","US","+12087887766","melinda@elevatehaileydental.com","https://www.instagram.com/elevatedentalidaho/","https://www.facebook.com/128939890297319","","0.9909942507743835","","8","meta | Overture","CDLA-Permissive-2.0","2026-04-27T00:00:00.000Z | 2026-06-11T11:57:15Z"
"ID","Idaho","17b98cdd-255f-4ed5-bf9c-5a9528b39834","Hannah M Ingram, DDS","-116.79742","47.69672","dentist","health_and_medical","943 W Ironwood Dr Ste 200","Coeur D Alene","83814","ID","US","8554336825","","https://locations.willamettedental.com/id/coeur-d-alene/943-w-ironwood-drive-hannah-ingram","","","0.9199122190475464","open","6","Microsoft | Overture | Overture-signals","CDLA-Permissive-2.0","2024-06-20T11:29:48.237Z | 2026-06-11T11:57:15Z | 2026-05-12T00:29:08Z | 2026-05-18T13:23:54Z | 2026-05-25T13:08:59Z | 2026-06-01T13:20:32Z | 2026-06-08T13:20:12Z"
"ID","Idaho","18a544b7-9631-4664-967c-efccad3448e7","Schofield Dental","-116.79187116","47.75278944","dentist","general_dentistry | doctor","8912 N Hess St","Hayden","83835-9183","ID","US","+12087624331","ryongschofieddds@gmail.com","http://www.schofielddental.com/","https://www.facebook.com/889872287775485","","0.9199122190475464","open","7","meta | Overture | Overture-signals","CDLA-Permissive-2.0","2026-04-27T00:00:00.000Z | 2026-06-11T11:57:15Z | 2026-05-12T00:29:08Z | 2026-05-18T13:23:54Z | 2026-05-25T13:08:59Z | 2026-06-01T13:20:32Z | 2026-06-08T13:20:12Z"
"ID","Idaho","1a4105c1-9f23-4685-a882-52cc585913d3","Von J Kunz Family Dentistry","-112.356969049347","43.1991846445005","dentist","","600 Jensen Grove Dr","Blackfoot","83221","ID","US","(208) 785-1590","vjkunzoffice@gmail.com","http://kunzdental.com","https://www.facebook.com/694854793955981","","0.77","","5","Foursquare | Overture","Apache-2.0 | CDLA-Permissive-2.0","2025-08-22T00:00:00.000 | 2026-06-11T11:57:15Z"
"ID","Idaho","1a717e1f-0e26-48f2-b791-ebe2e74cb324","Riverbend Family Dental","-116.35781592","43.5994656","dentist","general_dentistry","2947 E Magic View Dr","Meridian","83642-3561","ID","US","+19862563244","contact@riverbendfamilydentist.com","http://www.riverbendfamilydentist.com/","https://www.facebook.com/300618317439572","","0.9902192950248718","open","9","meta | Overture | Overture-signals","CDLA-Permissive-2.0","2026-04-27T00:00:00.000Z | 2026-06-11T11:57:15Z | 2026-05-12T00:29:08Z | 2026-05-18T13:23:54Z | 2026-05-25T13:08:59Z | 2026-06-01T13:20:32Z | 2026-06-08T13:20:12Z"
"ID","Idaho","1abb5212-3191-46fc-b48d-fd35db4d1368","Dr Errol K Ormond DDS","-112.45286123","42.88716594","dentist","general_dentistry | doctor","675 Yellowstone Ave","Pocatello","83201-4511","ID","US","+12084784449","smilemakerspocatello@gmail.com","http://www.smilemakerspocatello.com/","https://www.facebook.com/189634532902","Errol K Ormond - Pocatello, ID Dentist","0.9199122190475464","open","8","meta | Overture | Overture-signals","CDLA-Permissive-2.0","2026-04-27T00:00:00.000Z | 2026-06-11T11:57:15Z | 2026-05-12T00:29:08Z | 2026-05-18T13:23:54Z | 2026-05-25T13:08:59Z | 2026-06-01T13:20:32Z | 2026-06-08T13:20:12Z"
"ID","Idaho","1b58f448-dfd3-47ea-b6f6-b05ae278e41f","Ryan K Harris, DMD","-116.293343863147","43.6119225364086","dentist","","8950 W Emerald St Ste 108","Boise","83704","ID","US","(855) 433-6825","","https://locations.willamettedental.com/id/boise/8950-w-emerald-street/ryan-harris.html","https://www.twitter.com/wdgdental","","0.9199122190475464","open","4","Foursquare | Overture | Overture-signals","Apache-2.0 | CDLA-Permissive-2.0","2021-02-24T00:00:00.000 | 2026-06-11T11:57:15Z | 2026-05-12T00:29:08Z | 2026-05-18T13:23:54Z | 2026-05-25T13:08:59Z | 2026-06-01T13:20:32Z | 2026-06-08T13:20:12Z"
"ID","Idaho","1b6aee1e-1ecc-4778-8f72-2a928161c3eb","Eagle River Smiles","-116.39805651","43.69588782","dentist","cosmetic_dentist | general_dentistry","27 N Fisher Park Way","Eagle","83616-4795","ID","US","+12089060190","aaronbaird34@gmail.com","https://eagleriversmiles.com/","https://www.facebook.com/111982077053238","Eagle River Smiles","0.9199122190475464","open","10","meta | Overture | Overture-signals","CDLA-Permissive-2.0","2026-04-27T00:00:00.000Z | 2026-06-11T11:57:15Z | 2026-05-12T00:29:08Z | 2026-05-18T13:23:54Z | 2026-05-25T13:08:59Z | 2026-06-01T13:20:32Z | 2026-06-08T13:20:12Z"
"ID","Idaho","1b787a70-7163-4ab1-aff4-cfbb869c97b4","LIFESmiles Family and Cosmetic Dentistry","-116.34568188","43.64794236","dentist","general_dentistry | cosmetic_dentist","13108 W Persimmon Ln","Boise","83713","ID","US","+12083772160","businessoffice1@lifesmilesdds.com","http://www.lifesmilesdds.com/","https://www.facebook.com/154058201295987","LIFESmiles Family & Cosmetic Dentistry","0.9991051524877548","","9","meta | Overture","CDLA-Permissive-2.0","2026-04-27T00:00:00.000Z | 2026-06-11T11:57:15Z"
"ID","Idaho","1b8584c0-da90-4f45-942c-ee7bebfc9521","Dr. Jeffrey Bryson","-116.57753039","43.55367501","dentist","general_dentistry | medical_service_organizations","349 W Iowa Ave","Nampa","83686-2856","ID","US","+12084675100","","www.idahochildrensdentistry.com","https://www.facebook.com/173174666859473","","0.9199122190475464","open","7","meta | Overture | Overture-signals","CDLA-Permissive-2.0","2026-04-27T00:00:00.000Z | 2026-06-11T11:57:15Z | 2026-05-12T00:29:08Z | 2026-05-18T13:23:54Z | 2026-05-25T13:08:59Z | 2026-06-01T13:20:32Z | 2026-06-08T13:20:12Z"
"ID","Idaho","1cc70289-8a8c-41c1-bebe-9e7bffe9454e","Bright Smiles Dental Care","-116.50459773","43.60538018","dentist","general_dentistry | health_and_medical","5550 E Franklin Rd","Nampa","83687-8450","ID","US","+12084616000","info@mybrightsmiles.com","http://mybrightsmiles.com/nampa-dentist/","https://www.facebook.com/155738361158987","","0.9987051457166671","","10","meta | Overture","CDLA-Permissive-2.0","2026-04-27T00:00:00.000Z | 2026-06-11T11:57:15Z"
"ID","Idaho","1cdc1ead-bf76-4d8e-aad0-8bc1305dbae0","Pocatello Periodontics","-112.450874204232","42.8979265143913","dentist","","1479 Bench Rd Ste B","Pocatello","83201","ID","US","(208) 715-5103","","https://www.pocatelloperiodontics.com","","","0.77","","5","Foursquare | Overture","Apache-2.0 | CDLA-Permissive-2.0","2025-05-29T00:00:00.000 | 2026-06-11T11:57:15Z"
"ID","Idaho","1d594b29-9927-4e17-b19a-189834c9969c","Implants Northwest","-116.549936353974","48.2723278965581","dentist","","123 S 3rd Ave Ste 4","Sandpoint","83864","ID","US","(208) 667-5566","","https://www.implantsnorthwest.com","","","0.9199122190475464","open","4","Foursquare | Overture | Overture-signals","Apache-2.0 | CDLA-Permissive-2.0","2025-09-03T00:00:00.000 | 2026-06-11T11:57:15Z | 2026-05-12T00:29:08Z | 2026-05-18T13:23:54Z | 2026-05-25T13:08:59Z | 2026-06-01T13:20:32Z | 2026-06-08T13:20:12Z"
"ID","Idaho","1e4f17f4-badf-4159-b201-e6eabec5c410","Rufus Van Dyke Orthodontist","-112.431719084457","42.9018411684159","dentist","","1455 Bench Rd","Pocatello","83201","ID","US","(208) 237-3330","","http://www.vandykeortho.com","https://www.facebook.com/131073243581688","","0.77","","5","Foursquare | Overture","Apache-2.0 | CDLA-Permissive-2.0","2025-08-22T00:00:00.000 | 2026-06-11T11:57:15Z"
"ID","Idaho","1e9915b8-4df3-4b12-a149-ca5b459830b4","Sweet Tooth Dental","-112.06851776","43.49717211","dentist","general_dentistry | medical_service_organizations","1850 W Broadway St","Idaho Falls","83402-3044","ID","US","+12085233453","sweet2thdental@gmail.com","http://www.sweet2thdental.com/","https://www.facebook.com/1166014393556030","","0.9199122190475464","open","7","meta | Overture | Overture-signals","CDLA-Permissive-2.0","2026-04-27T00:00:00.000Z | 2026-06-11T11:57:15Z | 2026-05-12T00:29:08Z | 2026-05-18T13:23:54Z | 2026-05-25T13:08:59Z | 2026-06-01T13:20:32Z | 2026-06-08T13:20:12Z"
"ID","Idaho","1ed4ad22-0244-46e3-8b13-2024fa8aca29","Caribou Family Dental","-111.732105705332","42.5758404188685","dentist","","114 W 1st S","Grace","83241","ID","US","(208) 425-3123","","http://cariboudental.com","","","0.9199122190475464","open","4","Foursquare | Overture | Overture-signals","Apache-2.0 | CDLA-Permissive-2.0","2025-08-19T00:00:00.000 | 2026-06-11T11:57:15Z | 2026-05-12T00:29:08Z | 2026-05-18T13:23:54Z | 2026-05-25T13:08:59Z | 2026-06-01T13:20:32Z | 2026-06-08T13:20:12Z"
"ID","Idaho","1f435eb0-591c-4f78-8fe7-7bb37d277f9d","Davinci Teeth Whitening","-116.789757","47.731758","dentist","teeth_whitening | beauty_salon","200 W Hanley Ave","Coeur D'Alene","83815-6701","ID","US","+12086608552","","","https://www.facebook.com/212004252210417","","0.5684342980384827","","9","meta | Overture","CDLA-Permissive-2.0","2026-04-27T00:00:00.000Z | 2026-06-11T11:57:15Z"
"ID","Idaho","1f9544ab-1a40-40c4-9353-978846815089","Sawtooth Dental PA","-114.899417139654","42.8114803476672","dentist","","620 Frogs Lndg","Hagerman","83332","ID","US","(208) 837-4167","","http://www.sawtoothdental.com","https://www.facebook.com/134801196570084","","0.9199122190475464","open","4","Foursquare | Overture | Overture-signals","Apache-2.0 | CDLA-Permissive-2.0","2025-08-22T00:00:00.000 | 2026-06-11T11:57:15Z | 2026-05-12T00:29:08Z | 2026-05-18T13:23:54Z | 2026-05-25T13:08:59Z | 2026-06-01T13:20:32Z | 2026-06-08T13:20:12Z"
"ID","Idaho","1ff2e650-0989-4a5b-ae2a-ef20c27e7169","SmileMakers Dental","-112.45291896","42.88749468","dentist","general_dentistry | health_and_medical","675 Yellowstone Ave","Pocatello","83201-4511","ID","US","+12084785700","office@smilemakersdental.com","https://www.smilemakersdental.com/","https://www.facebook.com/137293889624003","Smilemakers Dental Clinics","0.9989235937595368","open","9","meta | Overture | Overture-signals","CDLA-Permissive-2.0","2026-04-27T00:00:00.000Z | 2026-06-11T11:57:15Z | 2026-05-12T00:29:08Z"
"ID","Idaho","212051e7-bdbb-478b-93c5-53349db5dea1","Gentle Dental Care North","-116.51743967","43.59614211","dentist","general_dentistry | pediatric_dentist","4411 E Flamingo Ave","Nampa","83687-3113","ID","US","+12084663597","gentletouch3597@yahoo.com","https://www.gentledentalnampa.com/","https://www.facebook.com/157594497675963","Gentle Dental","0.9989268404245376","","9","meta | Overture","CDLA-Permissive-2.0","2026-04-27T00:00:00.000Z | 2026-06-11T11:57:15Z"
"ID","Idaho","213231cf-f27d-4b9d-97a9-3ea89382851b","Two Rivers Family and Cosmetic Dentistry","-116.09751104","44.89789491","dentist","general_dentistry | health_and_medical","100 N 3rd St","McCall","83638-4401","ID","US","+12086345255","office.tworiverswellness@gmail.com","http://www.tworivershealthwellness.com/","https://www.facebook.com/105067092038573","","0.9397758841514587","","1","meta | Overture","CDLA-Permissive-2.0","2026-04-27T00:00:00.000Z | 2026-06-11T11:57:15Z"
"ID","Idaho","2151653c-18fc-4f50-a2ea-ea02edb5a124","Caring Smiles","-116.291006189412","43.6204817547777","dentist","","8744 W Fairview Ave","Boise","83704","ID","US","(208) 893-5000","office@caringsmilesdentalclinic.com","http://www.caringsmilesdentalclinic.com","https://www.facebook.com/774799329296076","","0.77","","5","Foursquare | Overture","Apache-2.0 | CDLA-Permissive-2.0","2025-08-22T00:00:00.000 | 2026-06-11T11:57:15Z"
"ID","Idaho","21aab83a-9666-4739-ad42-7e017b3de505","Lowry Dental","-116.29941435","43.60519119","dentist","medical_service_organizations | cosmetic_dentist","9460 W Franklin Rd","Boise","83709-0519","ID","US","+12083770410","office@lowrydental.com","http://www.lowrydental.com/","https://www.facebook.com/138686842810105","","0.9989948511123657","","9","meta | Overture","CDLA-Permissive-2.0","2026-04-27T00:00:00.000Z | 2026-06-11T11:57:15Z"
"ID","Idaho","2264b86c-304b-4b0b-a3e2-8f1208d0b217","All Seasons Dental","-116.30939816","43.59002172","dentist","medical_service_organizations | pediatric_dentist","10233 W Overland Rd","Boise","83709-1430","ID","US","+12083234700","info@allseasonsdentalboise.com","https://www.allseasonsdentalboise.com/","https://www.facebook.com/383150078393119","All Seasons Dental","0.9902192950248718","open","8","meta | Overture | Overture-signals","CDLA-Permissive-2.0","2026-04-27T00:00:00.000Z | 2026-06-11T11:57:15Z | 2026-05-12T00:29:08Z | 2026-05-18T13:23:54Z | 2026-05-25T13:08:59Z | 2026-06-01T13:20:32Z | 2026-06-08T13:20:12Z"
"ID","Idaho","22ca6555-4e01-4421-9789-87af816b1d42","Dansie Dental","-111.938308816557","43.6703919954769","dentist","","302 N 3823 E","Rigby","83442","ID","US","(208) 745-1911","dansiedental@hotmail.com","http://www.dansiedental.com","","","0.9199122190475464","open","4","Foursquare | Overture | Overture-signals","Apache-2.0 | CDLA-Permissive-2.0","2025-08-19T00:00:00.000 | 2026-06-11T11:57:15Z | 2026-05-12T00:29:08Z | 2026-05-18T13:23:54Z | 2026-05-25T13:08:59Z | 2026-06-01T13:20:32Z | 2026-06-08T13:20:12Z"
"ID","Idaho","24022a78-ca9d-4fbe-beb6-16a12471e3e9","Eagle Oral Surgery Implant Center","-116.356183607938","43.6948910182955","dentist","","197 W State St","Eagle","83616","ID","US","(208) 995-2865","info@eagleoralsurgery.com","https://www.eagleoralsurgery.com","https://www.facebook.com/657797294329770","","0.77","","5","Foursquare | Overture","Apache-2.0 | CDLA-Permissive-2.0","2025-08-22T00:00:00.000 | 2026-06-11T11:57:15Z"
"ID","Idaho","251c5b9d-9084-4ca9-ab4e-7124ff314f45","Gem State Dental","-117.01773438","46.73500035","dentist","cosmetic_dentist | general_dentistry","1138 W A St","Moscow","83843-2127","ID","US","+12088837645","","https://www.gemstatedental.com/","https://www.facebook.com/107933265678247","","0.9199122190475464","open","8","meta | Overture | Overture-signals","CDLA-Permissive-2.0","2026-04-27T00:00:00.000Z | 2026-06-11T11:57:15Z | 2026-05-12T00:29:08Z | 2026-05-18T13:23:54Z | 2026-05-25T13:08:59Z | 2026-06-01T13:20:32Z | 2026-06-08T13:20:12Z"
"ID","Idaho","25846b18-3675-41bb-9314-13525aaf3065","Eagle Orthodontics","-116.3595376","43.695155","dentist","health_and_medical","450 W State St Ste 150","Eagle","83616","ID","US","2089397100","","http://www.jpoulsenortho.com/","","","0.85","","9","Microsoft | Overture","CDLA-Permissive-2.0","2023-12-22T19:37:40.497Z | 2026-06-11T11:57:15Z"
"ID","Idaho","25a60a69-1807-4ebe-a3ea-0c5cdbd64a28","Justin G. Frandsen DDS and Brandon S. Griffin DMD","-111.997826","43.46775","dentist","cosmetic_dentist | health_and_medical","3375 Merlin Dr","Idaho Falls","83404-7405","ID","US","+12085241700","office@idahofallssmiles.com","http://IdahoFallsSmiles.com/","https://www.facebook.com/157741567578336","","0.9710129499435425","","9","meta | Overture","CDLA-Permissive-2.0","2026-04-27T00:00:00.000Z | 2026-06-11T11:57:15Z"
"ID","Idaho","2664a8f8-9ae0-474b-947c-93e1b4825174","Dwight D Baker, DDS","-111.987659140513","43.4718037483089","dentist","","2860 Valencia Dr Ste 100","Idaho Falls","83404","ID","US","(855) 433-6825","","https://locations.willamettedental.com/id/idaho-falls/2860-valencia-drive/dwight-baker.html","https://www.twitter.com/wdgdental","","0.9199122190475464","open","4","Foursquare | Overture | Overture-signals","Apache-2.0 | CDLA-Permissive-2.0","2021-02-24T00:00:00.000 | 2026-06-11T11:57:15Z | 2026-05-12T00:29:08Z | 2026-05-18T13:23:54Z | 2026-05-25T13:08:59Z | 2026-06-01T13:20:32Z | 2026-06-08T13:20:12Z"
"ID","Idaho","26c78392-d991-41bf-8791-9c6ae4cde1db","Kendrick Dental","-116.6505571","46.6137577","dentist","health_and_medical","601 E Main St","Kendrick","83537","ID","US","2082893221","","http://kendrickdental.net/","","","0.9199122190475464","open","6","Microsoft | Overture | Overture-signals","CDLA-Permissive-2.0","2025-08-03T23:44:34.710Z | 2026-06-11T11:57:15Z | 2026-05-12T00:29:08Z | 2026-05-18T13:23:54Z | 2026-05-25T13:08:59Z | 2026-06-01T13:20:32Z | 2026-06-08T13:20:12Z"
"ID","Idaho","2760c2c5-b1b4-44de-aa5b-9672d5d4230c","Canyon Creek Dental","-111.732053137878","42.5685059607815","dentist","","114 W 1st S","Grace","83241","ID","US","(208) 852-0194","","https://www.canyoncreekdental.net","","","0.77","","5","Foursquare | Overture","Apache-2.0 | CDLA-Permissive-2.0","2025-05-30T00:00:00.000 | 2026-06-11T11:57:15Z"
"ID","Idaho","27d4506e-499f-4692-ad4c-fffce5a70715","Randell S Terry, DMD","-116.30567","43.61081","dentist","doctor | health_and_medical","607 N Mitchell St","Boise","83704","ID","US","8554336825","","https://locations.willamettedental.com/id/boise/607-n-mitchell-st-randell-terry","","","0.9199122190475464","open","6","Microsoft | Overture | Overture-signals","CDLA-Permissive-2.0","2025-10-06T08:10:15.437Z | 2026-06-11T11:57:15Z | 2026-05-12T00:29:08Z | 2026-05-18T13:23:54Z | 2026-05-25T13:08:59Z | 2026-06-01T13:20:32Z | 2026-06-08T13:20:12Z"
"ID","Idaho","28a400a0-663b-41e7-b277-3a49346dfd93","Nelson Family Dentistry","-116.1250907","45.92665751","dentist","general_dentistry | health_and_medical","412 W Main St","Grangeville","83530-1447","ID","US","+12089832422","ddsnelson@gmail.com","http://www.michaelnelsondds.com/","https://www.facebook.com/184120708338104","","0.9199122190475464","open","9","meta | Overture | Overture-signals","CDLA-Permissive-2.0","2026-04-27T00:00:00.000Z | 2026-06-11T11:57:15Z | 2026-05-12T00:29:08Z | 2026-05-18T13:23:54Z | 2026-05-25T13:08:59Z | 2026-06-01T13:20:32Z | 2026-06-08T13:20:12Z"
"ID","Idaho","29012a89-310e-47fd-b9e5-086d531b898d","Care Creek Dental","-112.43607126","42.89539031","dentist","endodontist","1169 Call Creek Dr","Pocatello","83201-3077","ID","US","+12082338620","carecreekdental@live.com","http://dentist-dentistry-dental.com/","https://www.facebook.com/183795388363627","Care Creek Dental","0.9199122190475464","open","7","meta | Overture | Overture-signals","CDLA-Permissive-2.0","2026-04-27T00:00:00.000Z | 2026-06-11T11:57:15Z | 2026-05-12T00:29:08Z | 2026-05-18T13:23:54Z | 2026-05-25T13:08:59Z | 2026-06-01T13:20:32Z | 2026-06-08T13:20:12Z"
"ID","Idaho","29015f29-4d99-4d19-a141-c18ab56657cf","Advantage Dental Center","-116.394442","43.577151","dentist","medical_service_organizations | cosmetic_dentist","3043 S Meridian Rd","Meridian","83642-7922","ID","US","+12088840888","smile@advantage-dental.com","http://www.advantage-dental.com/","https://www.facebook.com/297128962000","Advantage Dental Center","0.9199122190475464","open","8","meta | Overture | Overture-signals","CDLA-Permissive-2.0","2026-04-27T00:00:00.000Z | 2026-06-11T11:57:15Z | 2026-05-12T00:29:08Z | 2026-05-18T13:23:54Z | 2026-05-25T13:08:59Z | 2026-06-01T13:20:32Z | 2026-06-08T13:20:12Z"
"ID","Idaho","292c3384-ddf2-4c62-a50d-5960b3d966f6","Robert Ackerman DDS","-116.31012531","43.61059139","dentist","general_dentistry | health_and_medical","10200 W Emerald St","Boise","83704-8900","ID","US","+12083767954","","http://www.robertackermandds.com/","https://www.facebook.com/155621514468124","","0.9199122190475464","open","7","meta | Overture | Overture-signals","CDLA-Permissive-2.0","2026-04-27T00:00:00.000Z | 2026-06-11T11:57:15Z | 2026-05-12T00:29:08Z | 2026-05-18T13:23:54Z | 2026-05-25T13:08:59Z | 2026-06-01T13:20:32Z | 2026-06-08T13:20:12Z"
"ID","Idaho","29772447-b39a-434d-a07f-eb7679428794","Michael Mchugh DDS","-112.450772","42.898553","dentist","doctor | medical_service_organizations","1246 Yellowstone Ave","Pocatello","83201-4310","ID","US","+12082380125","","http://michaeltmchughdds.com","https://www.facebook.com/226378551068985","","0.8050068020820618","","8","meta | Overture","CDLA-Permissive-2.0","2026-04-27T00:00:00.000Z | 2026-06-11T11:57:15Z"
"ID","Idaho","2a67e57d-dd6e-43c9-a7e2-c74e40879c31","Terry Reilly Health Services","-116.937638","43.617915","dentist","endodontist | hospital","8 N 2nd St W","Homedale","83628-3160","ID","US","+12083376101","","http://www.trhs.org","https://www.facebook.com/138385849543126","","0.9573656320571899","","8","meta | Overture","CDLA-Permissive-2.0","2026-04-27T00:00:00.000Z | 2026-06-11T11:57:15Z"
"ID","Idaho","2a8ba4da-b19e-4612-acdd-2cc7f828ab8f","Bear Lake Orthodontics","-111.30521","42.31735","dentist","health_and_medical | doctor","713 Washington St","Montpelier","83254-1421","ID","US","+12085293500","","http://BEARSINBRACES.COM/","https://www.facebook.com/233233406994","","0.9199122190475464","open","6","meta | Overture | Overture-signals","CDLA-Permissive-2.0","2026-04-27T00:00:00.000Z | 2026-06-11T11:57:15Z | 2026-05-12T00:29:08Z | 2026-05-18T13:23:54Z | 2026-05-25T13:08:59Z | 2026-06-01T13:20:32Z | 2026-06-08T13:20:12Z"
"ID","Idaho","2b7ddf28-3d85-4c89-aafe-9d703101ec78","Jared K Rowberry, DMD","-116.293343863147","43.6119225364086","dentist","","452 Cheney Drive West, Suite 150","Twin Falls","83301","ID","US","(855) 433-6825","","https://locations.willamettedental.com/id/twin-falls/452-cheney-drive-west/jared-rowberry.html","https://www.twitter.com/wdgdental","","0.77","","5","Foursquare | Overture","Apache-2.0 | CDLA-Permissive-2.0","2021-02-24T00:00:00.000 | 2026-06-11T11:57:15Z"
"ID","Idaho","2c71ef41-59cc-4c1a-9866-f01bad1ab9f9","Seasons Dental","-113.79289959","42.560579","dentist","general_dentistry | cosmetic_dentist","425 N Overland Ave","Burley","83318","ID","US","+12084309250","tybodily@seasonsdental.com","http://www.burleyiddentist.com/","https://www.facebook.com/232020560207847","","0.9199122190475464","open","9","meta | Overture | Overture-signals","CDLA-Permissive-2.0","2026-04-27T00:00:00.000Z | 2026-06-11T11:57:15Z | 2026-05-12T00:29:08Z | 2026-05-18T13:23:54Z | 2026-05-25T13:08:59Z | 2026-06-01T13:20:32Z | 2026-06-08T13:20:12Z"
"ID","Idaho","2d8175cc-23ca-4819-98b7-246fc4efab5c","Excellence in Dentistry","-111.99016348","43.47574326","dentist","general_dentistry","2515 Channing Way","Idaho Falls","83404-7516","ID","US","+12085294321","eid@godfreydental.net","https://www.godfreydental.com/","https://www.facebook.com/147077038832818","","0.9199122190475464","open","7","meta | Overture | Overture-signals","CDLA-Permissive-2.0","2026-04-27T00:00:00.000Z | 2026-06-11T11:57:15Z | 2026-05-12T00:29:08Z | 2026-05-18T13:23:54Z | 2026-05-25T13:08:59Z | 2026-06-01T13:20:32Z | 2026-06-08T13:20:12Z"
"ID","Idaho","2d8332d7-afd9-48cf-9a6c-a45e87965e48","Smiles 4 Kids","-116.567481950196","43.5816840274773","dentist","","604 3rd St S","Nampa","83651","ID","US","(208) 466-9088","namparecords@smiles4kidstreasurevalley.com","https://www.smiles4kidstreasurevalley.com","https://www.facebook.com/190881501511600","","0.9199122190475464","open","4","Foursquare | Overture | Overture-signals","Apache-2.0 | CDLA-Permissive-2.0","2025-08-19T00:00:00.000 | 2026-06-11T11:57:15Z | 2026-05-12T00:29:08Z | 2026-05-18T13:23:54Z | 2026-05-25T13:08:59Z | 2026-06-01T13:20:32Z | 2026-06-08T13:20:12Z"
"ID","Idaho","2da82a81-16ce-44ea-9f36-50ccfcf87fce","Tristan Galloway DDS","-116.56459157","43.56679915","dentist","general_dentistry | health_and_medical","223 Holly St","Nampa","83686","ID","US","+12084664261","tristangallowayddspllc@gmail.com","http://www.tristangallowaydds.com/","https://www.facebook.com/142236332483784","","0.9902192950248718","open","8","meta | Overture | Overture-signals","CDLA-Permissive-2.0","2026-04-27T00:00:00.000Z | 2026-06-11T11:57:15Z | 2026-05-12T00:29:08Z | 2026-05-18T13:23:54Z | 2026-05-25T13:08:59Z | 2026-06-01T13:20:32Z | 2026-06-08T13:20:12Z"
"ID","Idaho","2e8dd68f-bb0f-4776-9dd6-62f14a854656","David N. Wold, DDS","-116.293343863147","43.6119225364086","dentist","","8950 W Emerald St Ste 108","Boise","83704","ID","US","(855) 433-6825","","https://locations.willamettedental.com/id/boise/8950-w-emerald-street/david-wold.html","https://www.twitter.com/wdgdental","","0.9199122190475464","open","4","Foursquare | Overture | Overture-signals","Apache-2.0 | CDLA-Permissive-2.0","2022-07-09T00:00:00.000 | 2026-06-11T11:57:15Z | 2026-05-12T00:29:08Z | 2026-05-18T13:23:54Z | 2026-05-25T13:08:59Z | 2026-06-01T13:20:32Z | 2026-06-08T13:20:12Z"
"ID","Idaho","2ea63010-cb06-4548-b30e-133bf68bbf35","All Smiles Dental - Dr. Spencer Rice","-113.78652","42.54718","dentist","cosmetic_dentist | health_and_medical","515 E 5th St","Burley","83318-1469","ID","US","+12086793000","allsmilesdental01@gmail.com","http://www.allsmilesdentalidaho.com/","https://www.facebook.com/217049681095","","0.9713780283927917","open","8","meta | Overture | Overture-signals","CDLA-Permissive-2.0","2026-04-27T00:00:00.000Z | 2026-06-11T11:57:15Z | 2026-06-08T13:20:12Z"
"ID","Idaho","2f16083f-42a3-435d-8732-43a0f78726c3","Sawtooth Dental Pa","-114.40896019","42.93528997","dentist","medical_service_organizations | health_and_medical","120 S Apple St","Shoshone","83352-5437","ID","US","+12088862723","shoshone.sawtooth@gmail.com","http://WWW.SAWTOOTHDENTAL.COM/","https://www.facebook.com/132202283556609","Sawtooth Dental","0.9199122190475464","open","8","meta | Overture | Overture-signals","CDLA-Permissive-2.0","2026-04-27T00:00:00.000Z | 2026-06-11T11:57:15Z | 2026-05-12T00:29:08Z | 2026-05-18T13:23:54Z | 2026-05-25T13:08:59Z | 2026-06-01T13:20:32Z | 2026-06-08T13:20:12Z"
"ID","Idaho","2f5545fd-46bf-4650-aa20-94fd4c9a4375","Wellpoint Dental","-116.42752482","43.61959861","dentist","general_dentistry | health_and_medical","2750 W Cherry Ln","Meridian","83642-1137","ID","US","+12088879000","wellpointcherryln@gmail.com","http://WWW.wellpointdentalcare.com/","https://www.facebook.com/120173677843478","","0.9193265336751938","","5","meta | Overture","CDLA-Permissive-2.0","2026-04-27T00:00:00.000Z | 2026-06-11T11:57:15Z"
"ID","Idaho","2f65411a-78e0-4241-9f27-370fb0858b8d","Cunnington Family Dentistry","-116.57747781","43.5542017","dentist","general_dentistry | cosmetic_dentist","355 W Iowa Ave","Nampa","83686-2856","ID","US","+12084673000","cunningtonfamilydentistry@gmail.com","http://www.michaelcunningtondds.com/services","https://www.facebook.com/606729579505700","","0.9199122190475464","open","7","meta | Overture | Overture-signals","CDLA-Permissive-2.0","2026-04-27T00:00:00.000Z | 2026-06-11T11:57:15Z | 2026-05-12T00:29:08Z | 2026-05-18T13:23:54Z | 2026-05-25T13:08:59Z | 2026-06-01T13:20:32Z | 2026-06-08T13:20:12Z"
"ID","Idaho","2ff28690-6877-4647-9931-64e8e10b41d8","Emerald Dental Associates","-116.27207693","43.61196297","dentist","general_dentistry | health_and_medical","7235 W Emerald St","Boise","83704-8600","ID","US","+12083767740","","http://www.jillsheltonwagersfamilydentistry.com","https://www.facebook.com/151307711577037","","0.9199122190475464","open","7","meta | Overture | Overture-signals","CDLA-Permissive-2.0","2026-04-27T00:00:00.000Z | 2026-06-11T11:57:15Z | 2026-05-12T00:29:08Z | 2026-05-18T13:23:54Z | 2026-05-25T13:08:59Z | 2026-06-01T13:20:32Z | 2026-06-08T13:20:12Z"
"ID","Idaho","300332bf-1f19-4371-bc1d-45222e7d9930","Douglas James Beazer","-116.327481489761","48.6788075359784","dentist","","6526 Main St","Bonners Ferry","83805","ID","US","(208) 267-7509","frontdesk@douglasbeazerdmd.com","http://beazerdental.com","","","0.9199122190475464","open","4","Foursquare | Overture | Overture-signals","Apache-2.0 | CDLA-Permissive-2.0","2025-08-22T00:00:00.000 | 2026-06-11T11:57:15Z | 2026-05-12T00:29:08Z | 2026-05-18T13:23:54Z | 2026-05-25T13:08:59Z | 2026-06-01T13:20:32Z | 2026-06-08T13:20:12Z"
"ID","Idaho","317ab54e-3980-4033-a2ae-899640f34095","Bearable Dentistry","-117.00104198","46.721766","dentist","general_dentistry","1410 S Main St","Moscow","83843-8930","ID","US","+12088823214","info@bearabledentistry.com","https://bearabledentistry.com/","https://www.facebook.com/112670338426462","Bearable Dentistry","0.9199122190475464","open","9","meta | Overture | Overture-signals","CDLA-Permissive-2.0","2026-04-27T00:00:00.000Z | 2026-06-11T11:57:15Z | 2026-05-12T00:29:08Z | 2026-05-18T13:23:54Z | 2026-05-25T13:08:59Z | 2026-06-01T13:20:32Z | 2026-06-08T13:20:12Z"
"ID","Idaho","32629f1d-976a-4436-a5d3-a03f68420e82","Grand Peaks Dental","-111.781658","43.824431","dentist","family_practice | doctor","72 S 1st E","Rexburg","83440-1902","ID","US","+12083564900","","http://grandpeaks.org","https://www.facebook.com/168425120501698","The Cameron Apartments","0.9995438149869442","","9","meta | Overture","CDLA-Permissive-2.0","2026-04-27T00:00:00.000Z | 2026-06-11T11:57:15Z"
"ID","Idaho","32df7a51-02d2-44b8-a175-1e56e13ed8c0","River City Dentistry","-116.916205","47.711798","dentist","orthodontist | river","1910 E Schneidmiller Ave","Post Falls","83854-5029","ID","US","+12087778668","","http://rivercitydentistry.com","https://www.facebook.com/134389269943189","","0.7591673135757446","","8","meta | Overture","CDLA-Permissive-2.0","2026-04-27T00:00:00.000Z | 2026-06-11T11:57:15Z"
"ID","Idaho","333e3346-2fdc-4ab0-9768-d774e3abde59","CEO.Lê Minh Thư","-117.02005","46.39754","dentist","health_and_medical | winery","2214 Vineyard Ave","Lewiston","83501-6352","ID","US","+12087987955","johnsondds@yourvalleysmile.com","http://yourvalleysmile.com/","https://www.facebook.com/252881631791","","0.9461592435836792","","7","meta | Overture","CDLA-Permissive-2.0","2026-04-27T00:00:00.000Z | 2026-06-11T11:57:15Z"
"ID","Idaho","33484c01-b376-44d6-a0b4-65af748997a0","All About You Dental","-116.35379577","43.64359864","dentist","general_dentistry","4274 N Eagle Rd","Boise","83713-0726","ID","US","+12089388228","info@allaboutyoudental.com","https://www.allaboutyoudental.com/","https://www.facebook.com/222695504460717","All About You Dental-Boise Dentist","0.9199122190475464","open","8","meta | Overture | Overture-signals","CDLA-Permissive-2.0","2026-04-27T00:00:00.000Z | 2026-06-11T11:57:15Z | 2026-05-12T00:29:08Z | 2026-05-18T13:23:54Z | 2026-05-25T13:08:59Z | 2026-06-01T13:20:32Z | 2026-06-08T13:20:12Z"
"ID","Idaho","35a94007-986f-4242-a59b-0a7c3456a68c","Advanced Dentistry of McCall","-116.09900624","44.89822003","dentist","general_dentistry","313 Deinhard Ln","McCall","83638-4703","ID","US","+12086345717","","http://Advanceddentistrymccall.com/","https://www.facebook.com/102654805438901","","0.9199122190475464","open","8","meta | Overture | Overture-signals","CDLA-Permissive-2.0","2026-04-27T00:00:00.000Z | 2026-06-11T11:57:15Z | 2026-05-12T00:29:08Z | 2026-05-18T13:23:54Z | 2026-05-25T13:08:59Z | 2026-06-01T13:20:32Z | 2026-06-08T13:20:12Z"
"ID","Idaho","37a65e2a-467c-4738-8693-f507a0920097","Ascend Dental","-116.34779024","43.69479084","dentist","general_dentistry | doctor","700 E State St","Eagle","83616-5941","ID","US","+12089393500","staff@ascendsmiles.com","http://www.eaglesmiles.com/?utm_source=fb_hp","https://www.facebook.com/104352559597282","","0.9972529351711273","","3","meta | Overture","CDLA-Permissive-2.0","2026-04-27T00:00:00.000Z | 2026-06-11T11:57:15Z"
"ID","Idaho","3854bc20-4cc1-4ab7-a1b0-a3771e763438","Mountain Sage Dental Studios","-111.94680341","42.0355012","dentist","laboratory_testing","2916 W 3600 S","Weston","83286-5124","ID","US","+14357552996","mountainsageds@gmail.com","http://mountainsagedentalstudios.com/","https://www.facebook.com/2171739046399784","","0.9199122190475464","open","8","meta | Overture | Overture-signals","CDLA-Permissive-2.0","2026-04-27T00:00:00.000Z | 2026-06-11T11:57:15Z | 2026-05-12T00:29:08Z | 2026-05-18T13:23:54Z | 2026-05-25T13:08:59Z | 2026-06-01T13:20:32Z | 2026-06-08T13:20:12Z"
"ID","Idaho","3931211b-2c0f-47bb-8141-094eb2ce0c2d","Clock Tower Dental","-116.68164039","43.63329522","dentist","endodontist | medical_service_organizations","4105 S Clocktower Ave","Caldwell","83607-5006","ID","US","+12084559498","office@clocktowerdentalidaho.com","http://www.clocktowerdentalidaho.com/","https://www.facebook.com/179205230165","","0.998770022392273","","9","meta | Overture","CDLA-Permissive-2.0","2026-04-27T00:00:00.000Z | 2026-06-11T11:57:15Z"
"ID","Idaho","398129a6-2d4b-4cce-a8a5-b266e4122bb7","Generations Dental","-116.78666617","47.68708002","dentist","general_dentistry | cosmetic_dentist","1223 N Government Way","Coeur D'Alene","83814-3250","ID","US","+12086649225","generationsdental@frontier.com","http://generationsdentalcda.com","https://www.facebook.com/765917203541557","","0.9199122190475464","open","8","meta | Overture | Overture-signals","CDLA-Permissive-2.0","2026-04-27T00:00:00.000Z | 2026-06-11T11:57:15Z | 2026-05-12T00:29:08Z | 2026-05-18T13:23:54Z | 2026-05-25T13:08:59Z | 2026-06-01T13:20:32Z | 2026-06-08T13:20:12Z"
"ID","Idaho","3aa4fe78-ae18-4e0a-b80a-26dc958d0f29","Power County Dental Clinic","-112.84407523","42.78561525","dentist","doctor | pediatric_dentist","843 Reed St","American Falls","83211-1336","ID","US","+12082262976","pcdental@qwestoffice.net","http://www.powercountydental.com/","https://www.facebook.com/134206690016649","Power County Dental Clinic","0.9199122190475464","open","8","meta | Overture | Overture-signals","CDLA-Permissive-2.0","2026-04-27T00:00:00.000Z | 2026-06-11T11:57:15Z | 2026-05-12T00:29:08Z | 2026-05-18T13:23:54Z | 2026-05-25T13:08:59Z | 2026-06-01T13:20:32Z | 2026-06-08T13:20:12Z"
"ID","Idaho","3b03d16d-6ecd-4956-91d8-facb6daf0078","Southern Idaho Surgery Center, Pediatric/Oral Dental Surgery","-116.425949128837","43.6343364835547","dentist","pediatric_dentist | hospital","3235 N Towerbridge Way Ste 100","Meridian","83646","ID","US","+12088956611","scheduling@sisckids.com","http://www.kiddssurgery.com/","https://www.facebook.com/338386242911887","","0.9199122190475464","open","9","meta | Overture | Overture-signals","CDLA-Permissive-2.0","2026-04-27T00:00:00.000Z | 2026-06-11T11:57:15Z | 2026-05-12T00:29:08Z | 2026-05-18T13:23:54Z | 2026-05-25T13:08:59Z | 2026-06-01T13:20:32Z | 2026-06-08T13:20:12Z"
"ID","Idaho","3b8a75f0-292c-41c8-995a-19148ce6348e","CDA Denture Clinic","-116.78115936","47.68519242","dentist","prosthodontist | general_dentistry","1119 N 4th St","Coeur D'Alene","83814-3216","ID","US","+12086678997","cdadentureclinic@gmail.com","https://www.cdadenture.com/","https://www.facebook.com/126145417440406","","0.9667145013809204","","3","meta | Overture","CDLA-Permissive-2.0","2026-04-27T00:00:00.000Z | 2026-06-11T11:57:15Z"
"ID","Idaho","3bff295b-caae-48c5-955a-f02cc534104c","Southern Springs Dental","-116.39307815","43.58755559","dentist","general_dentistry | health_and_medical","1910 S Meridian Rd","Meridian","83642-9025","ID","US","+12088883540","southernspringsdental@yahoo.com","http://southernspringsdental.com/","https://www.facebook.com/165695713462583","Southern Springs Dental","0.9199122190475464","open","9","meta | Overture | Overture-signals","CDLA-Permissive-2.0","2026-04-27T00:00:00.000Z | 2026-06-11T11:57:15Z | 2026-05-12T00:29:08Z | 2026-05-18T13:23:54Z | 2026-05-25T13:08:59Z | 2026-06-01T13:20:32Z | 2026-06-08T13:20:12Z"
"ID","Idaho","3c1023a8-3c33-401b-8226-c075b95d3590","Dr. Mark A. Plant DDS PA","-114.47907793","42.59863754","dentist","oral_surgeon | family_practice","2064 Washington St N","Twin Falls","83301-3071","ID","US","+12087341097","","http://www.desknows.com/INFO/208-734-1097","https://www.facebook.com/428214160571089","","0.9199122190475464","open","9","meta | Overture | Overture-signals","CDLA-Permissive-2.0","2026-04-27T00:00:00.000Z | 2026-06-11T11:57:15Z | 2026-05-12T00:29:08Z | 2026-05-18T13:23:54Z | 2026-05-25T13:08:59Z | 2026-06-01T13:20:32Z | 2026-06-08T13:20:12Z"
"ID","Idaho","3c55f696-fd93-4fc3-aa38-763c9f34d413","Lifestyle Dentures","-114.479661","42.570817","dentist","health_and_medical | hospital","105 Filer Ave","Twin Falls","83301-4708","ID","US","+12089449057","","http://lifestyledenturesid.com","https://www.facebook.com/224412418186987","","0.6856363415718079","","8","meta | Overture","CDLA-Permissive-2.0","2026-04-27T00:00:00.000Z | 2026-06-11T11:57:15Z"
"ID","Idaho","3c55f6a2-309d-4c83-bdf5-da2239aedbc2","Machen Family Dentistry","-111.97942026","43.47081207","dentist","general_dentistry | health_and_medical","3001 Eagle Dr","Ammon","83406-1273","ID","US","+12085520775","machenfamilydentistry@gmail.com","http://www.machenfamilydentistry.com/","https://www.facebook.com/138614189567641","","0.9902192950248718","open","8","meta | Overture | Overture-signals","CDLA-Permissive-2.0","2026-04-27T00:00:00.000Z | 2026-06-11T11:57:15Z | 2026-05-12T00:29:08Z | 2026-05-18T13:23:54Z | 2026-05-25T13:08:59Z | 2026-06-01T13:20:32Z | 2026-06-08T13:20:12Z"
"ID","Idaho","3c66cc2d-4dc1-4a8f-ba55-e44712fcfed2","DaVinci Teeth Whitening","-116.7125184","47.80778564","dentist","teeth_whitening | beauty_and_spa","5239 E Dodd Rd","Hayden","83835-7617","ID","US","+12086608552","","http://MountainAirResort.com/","https://www.facebook.com/303912219790826","","0.9199122190475464","open","6","meta | Overture | Overture-signals","CDLA-Permissive-2.0","2026-04-27T00:00:00.000Z | 2026-06-11T11:57:15Z | 2026-05-12T00:29:08Z | 2026-05-18T13:23:54Z | 2026-05-25T13:08:59Z | 2026-06-01T13:20:32Z | 2026-06-08T13:20:12Z"
"ID","Idaho","3d2b87d3-7913-4741-989e-c246d11444e1","Star Dental","-116.4868583","43.69144562","dentist","general_dentistry | health_and_medical","10661 W State St","Star","83669-5924","ID","US","+12082869890","office@stardentalidaho.com","http://www.stardentalidaho.com/","https://www.facebook.com/635131416682947","","0.9951753616333008","","3","meta | Overture","CDLA-Permissive-2.0","2026-04-27T00:00:00.000Z | 2026-06-11T11:57:15Z"
"ID","Idaho","3d5b2e03-0a30-4832-8268-8e76dc5273f9","Scott W. Grant, DMD","-116.355297","43.584273","dentist","","2275 S Eagle Rd Ste 140","Meridian","83642","ID","US","(208) 888-2000","drgrant@scottwgrantdmd.com","http://scottwgrantdmd.com","https://www.twitter.com/drscottwgrant","","0.77","","5","Foursquare | Overture","Apache-2.0 | CDLA-Permissive-2.0","2025-08-22T00:00:00.000 | 2026-06-11T11:57:15Z"
"ID","Idaho","3d9990d0-8bcd-4f57-b11a-136432ce1636","Bringhurst Family Dentistry","-112.43678046","42.8959811","dentist","general_dentistry","1175 Call Pl","Pocatello","83201-4990","ID","US","+12082321260","info@bringhurstdental.com","http://bringhurstfamilydentistry.com/","https://www.facebook.com/267647456587103","","0.9199122190475464","open","7","meta | Overture | Overture-signals","CDLA-Permissive-2.0","2026-04-27T00:00:00.000Z | 2026-06-11T11:57:15Z | 2026-05-12T00:29:08Z | 2026-05-18T13:23:54Z | 2026-05-25T13:08:59Z | 2026-06-01T13:20:32Z | 2026-06-08T13:20:12Z"
"ID","Idaho","3efe73ba-215d-42a1-90b5-4eccf09a73e9","Gates Dentistry","-116.8034720704","47.692470957864","dentist","","N Merrit Creek Lp.","Coeur d'Alene","83814","ID","US","(208) 667-8282","","http://www.gatesfamilydentistry.com","https://www.facebook.com/100516196675592","","0.77","","5","Foursquare | Overture","Apache-2.0 | CDLA-Permissive-2.0","2026-01-21T00:00:00.000 | 2026-06-11T11:57:15Z"
"ID","Idaho","3f139613-6509-462d-9ea0-83982217e9cd","Williams Family Dentistry","-112.43745635","42.89498799","dentist","general_dentistry | medical_service_organizations","1130 Call Creek Dr","Pocatello","83201-3000","ID","US","+12082328410","williamsfamilydentistry5@gmail.com","http://www.williamsfamilydentistry.com/","https://www.facebook.com/167808636565281","Williams Family Dentistry","0.9199122190475464","open","8","meta | Overture | Overture-signals","CDLA-Permissive-2.0","2026-04-27T00:00:00.000Z | 2026-06-11T11:57:15Z | 2026-05-12T00:29:08Z | 2026-05-18T13:23:54Z | 2026-05-25T13:08:59Z | 2026-06-01T13:20:32Z | 2026-06-08T13:20:12Z"
"ID","Idaho","3f5aa253-f2fe-4871-b58d-b7b871d8939d","Prevention Dental","-116.33234952","43.63367228","dentist","general_dentistry | health_and_medical","12055 W Ustick Rd","Boise","83713-5186","ID","US","+12083754041","admin@boisedentist.net","http://www.boisedentist.net/","https://www.facebook.com/153464581355842","Boise Dentist - Boise Family Dental Care","0.9199122190475464","open","9","meta | Overture | Overture-signals","CDLA-Permissive-2.0","2026-04-27T00:00:00.000Z | 2026-06-11T11:57:15Z | 2026-05-12T00:29:08Z | 2026-05-18T13:23:54Z | 2026-05-25T13:08:59Z | 2026-06-01T13:20:32Z | 2026-06-08T13:20:12Z"
"ID","Idaho","3f6413c4-ebf6-4fd0-88e5-fb4b0f650a5d","Lineberry Orthodontics","-115.70291487","43.12633524","dentist","orthodontist | doctor","925 Air Base Rd","Mountain Home","83647","ID","US","+12086589490","","http://www.lineberryortho.com","https://www.facebook.com/361359480627517","","0.9199122190475464","open","7","meta | Overture | Overture-signals","CDLA-Permissive-2.0","2026-04-27T00:00:00.000Z | 2026-06-11T11:57:15Z | 2026-05-12T00:29:08Z | 2026-05-18T13:23:54Z | 2026-05-25T13:08:59Z | 2026-06-01T13:20:32Z | 2026-06-08T13:20:12Z"
"ID","Idaho","40c9cadf-cb78-4eaf-8c74-e46ab85b852c","Christensen Dental PLLC","-116.400664","43.618386","dentist","health_and_medical","1558 N Crestmont Dr Ste A","Meridian","83642","ID","US","2088877622","","","","","0.9199122190475464","open","6","Microsoft | Overture | Overture-signals","CDLA-Permissive-2.0","2014-01-08T17:57:23.510Z | 2026-06-11T11:57:15Z | 2026-05-12T00:29:08Z | 2026-05-18T13:23:54Z | 2026-05-25T13:08:59Z | 2026-06-01T13:20:32Z | 2026-06-08T13:20:12Z"
"ID","Idaho","40fd2f03-8922-47db-afae-128f110946f7","Dr. Tom Gudmestad Family & Cosmetic Dentistry","-116.96381108","44.24764564","dentist","general_dentistry | cosmetic_dentist","522 E 4th St","Weiser","83672-2205","ID","US","+12085492213","gudmestadoffice@aol.com","http://weiserdentistry.com/","https://www.facebook.com/1904770953090377","","0.9199122190475464","open","8","meta | Overture | Overture-signals","CDLA-Permissive-2.0","2026-04-27T00:00:00.000Z | 2026-06-11T11:57:15Z | 2026-05-12T00:29:08Z | 2026-05-18T13:23:54Z | 2026-05-25T13:08:59Z | 2026-06-01T13:20:32Z | 2026-06-08T13:20:12Z"
"ID","Idaho","418cb7c1-61f4-4f9d-83a0-275a85ce6c2f","Hank Willis Dentistry","-116.32327675","48.68288958","dentist","general_dentistry | doctor","6674 Main St","Bonners Ferry","83805-8522","ID","US","+12082676454","","http://www.hankwillisdds.com/","https://www.facebook.com/430867203621440","","0.9199122190475464","open","8","meta | Overture | Overture-signals","CDLA-Permissive-2.0","2026-04-27T00:00:00.000Z | 2026-06-11T11:57:15Z | 2026-05-12T00:29:08Z | 2026-05-18T13:23:54Z | 2026-05-25T13:08:59Z | 2026-06-01T13:20:32Z | 2026-06-08T13:20:12Z"
"ID","Idaho","41fc4ec3-f8bc-4c1f-ad26-4b1f2374aba3","First Choice Dental","-114.478627","42.597507","dentist","cosmetic_dentist | health_and_medical","142 River Vista Pl","Twin Falls","83301-3056","ID","US","+12087347246","romriellpros@gmail.com","http://myfirstchoicedental.com/","https://www.facebook.com/168901486615974","First Choice Dental","0.9230313897132874","","9","meta | Overture","CDLA-Permissive-2.0","2026-04-27T00:00:00.000Z | 2026-06-11T11:57:15Z"
"ID","Idaho","432b3a1b-142c-46ba-a891-adf89cbb771c","Johnson Jared C DDS","-113.793537","42.531344","dentist","endodontist | health_and_medical","1706 Overland Ave","Burley","83318-2436","ID","US","+12086782332","jcjdds1@qwestoffice.net","http://jaredcjohnsondds.com/","https://www.facebook.com/231382047061392","","0.916286051273346","","7","meta | Overture","CDLA-Permissive-2.0","2026-04-27T00:00:00.000Z | 2026-06-11T11:57:15Z"
"ID","Idaho","436ed20e-c9c7-4ab1-a7c4-164946278087","Snowy River Dental","-114.26023771","43.46246404","dentist","general_dentistry | doctor","304 S Main St","Bellevue","83313-6057","ID","US","+12087882006","snowyriverdental@gmail.com","https://www.snowyriverdental.com/","https://www.facebook.com/874778709300410","","0.9199122190475464","open","9","meta | Overture | Overture-signals","CDLA-Permissive-2.0","2026-04-27T00:00:00.000Z | 2026-06-11T11:57:15Z | 2026-05-12T00:29:08Z | 2026-05-18T13:23:54Z | 2026-05-25T13:08:59Z | 2026-06-01T13:20:32Z | 2026-06-08T13:20:12Z"
"ID","Idaho","43a5b2a4-8a23-4668-8a2f-6ac8d23de862","Nampa Dental Health Center","-116.57317081","43.56850542","dentist","general_dentistry | medical_center","109 12th Ave Rd","Nampa","83686-5047","ID","US","+12082793224","frontdesk@nampadentalhealth.com","https://www.nampadentalcenter.com/","https://www.facebook.com/115092141088485","","0.9960023808479309","","9","meta | Overture","CDLA-Permissive-2.0","2026-04-27T00:00:00.000Z | 2026-06-11T11:57:15Z"
"ID","Idaho","43fd8d23-e33d-446f-b878-fdf8bea487f3","AdaCare Dental & Dentures","-116.34564998","43.61903423","dentist","general_dentistry","3909 E Fairview Ave","Meridian","83642-1585","ID","US","+12089965808","info@adacare-dentist.com","https://dentistinmeridian.com/","https://www.facebook.com/1436182213358141","","0.9902192950248718","open","9","meta | Overture | Overture-signals","CDLA-Permissive-2.0","2026-04-27T00:00:00.000Z | 2026-06-11T11:57:15Z | 2026-05-12T00:29:08Z | 2026-05-18T13:23:54Z | 2026-05-25T13:08:59Z | 2026-06-01T13:20:32Z | 2026-06-08T13:20:12Z"
"ID","Idaho","444de2b4-f9f2-4bf4-a285-843a00fd1444","Schini Family Dentistry","-116.803881","47.695224","dentist","orthodontist | health_and_medical","2000 Northwest Blvd","Coeur D'Alene","83814-2396","ID","US","+12086643321","","http://www.schinidentistry.com","https://www.facebook.com/132840676773402","","0.9659895896911621","","7","meta | Overture","CDLA-Permissive-2.0","2026-04-27T00:00:00.000Z | 2026-06-11T11:57:15Z"
"ID","Idaho","445ef946-1e7b-4fbe-accd-df74543fda97","Northwest Headache Center","-116.7873853","47.7072401","dentist","health_and_medical","114 W Neider Ave Unit 103","Coeur d'Alene","83815","ID","US","2086674551","","https://heartfeltdental.com/contact-us/northwest-headache-center/","","","0.9199122190475464","open","8","Microsoft | Overture | Overture-signals","CDLA-Permissive-2.0","2021-10-12T15:30:32.570Z | 2026-06-11T11:57:15Z | 2026-05-12T00:29:08Z | 2026-05-18T13:23:54Z | 2026-05-25T13:08:59Z | 2026-06-01T13:20:32Z | 2026-06-08T13:20:12Z"
"ID","Idaho","44b73d56-c3ce-4b21-93bc-0664aedbf0d5","Lake City Dental Specialties","-116.803097","47.715282","dentist","periodontist | endodontist","1322 W Kathleen Ave","Coeur D'Alene","83815-7365","ID","US","+12086647300","doctor@lakecitydentalspecialties.com","http://www.lakecitydentalspecialties.com/contact/","https://www.facebook.com/224260041030085","","0.9597406983375549","","10","meta | Overture","CDLA-Permissive-2.0","2026-04-27T00:00:00.000Z | 2026-06-11T11:57:15Z"
"ID","Idaho","454fd288-2b3e-4175-aa10-c5a4b45a5732","Boise Integrative Dentistry","-116.28003458","43.6343096","dentist","general_dentistry | cosmetic_dentist","7878 W Ustick Rd","Boise","83704-5848","ID","US","+12083762920","officemanager@boise-dentist.com","http://www.boiseintegrativedentistry.com/","https://www.facebook.com/97137667387","","0.989453911781311","","1","meta | Overture","CDLA-Permissive-2.0","2026-04-27T00:00:00.000Z | 2026-06-11T11:57:15Z"
"ID","Idaho","45b898a8-13b9-4d76-9243-88e923a821d2","Lake Harbor Dental","-116.25531922","43.65322801","dentist","general_dentistry","5355 W State St","Boise","83703-3333","ID","US","+12088534687","lakeharborfrontdesk@gmail.com","https://www.lakeharbordentistry.com/","https://www.facebook.com/340531032632886","","0.9902192950248718","open","8","meta | Overture | Overture-signals","CDLA-Permissive-2.0","2026-04-27T00:00:00.000Z | 2026-06-11T11:57:15Z | 2026-05-12T00:29:08Z | 2026-05-18T13:23:54Z | 2026-05-25T13:08:59Z | 2026-06-01T13:20:32Z | 2026-06-08T13:20:12Z"
"ID","Idaho","46014252-f97f-44a0-9ebb-b635cc6c28d4","Hancock Dental","-112.47595827","42.92029448","dentist","cosmetic_dentist | general_dentistry","485 W Chubbuck Rd","Chubbuck","83202-2308","ID","US","+12082341006","dds@hancockdental.org","http://tadhancockdental.com/","https://www.facebook.com/609652155741646","","0.9199122190475464","open","9","meta | Overture | Overture-signals","CDLA-Permissive-2.0","2026-04-27T00:00:00.000Z | 2026-06-11T11:57:15Z | 2026-05-12T00:29:08Z | 2026-05-18T13:23:54Z | 2026-05-25T13:08:59Z | 2026-06-01T13:20:32Z | 2026-06-08T13:20:12Z"
"ID","Idaho","4604956d-a341-425e-8a16-bf64357c041a","My Dentist of Idaho","-111.97120694","43.48223135","dentist","general_dentistry | doctor","3151 E 17th St","Ammon","83406-6717","ID","US","+12085293836","","http://www.mydentistofidaho.com/","https://www.facebook.com/554675384663119","","0.9199122190475464","open","7","meta | Overture | Overture-signals","CDLA-Permissive-2.0","2026-04-27T00:00:00.000Z | 2026-06-11T11:57:15Z | 2026-05-12T00:29:08Z | 2026-05-18T13:23:54Z | 2026-05-25T13:08:59Z | 2026-06-01T13:20:32Z | 2026-06-08T13:20:12Z"
"ID","Idaho","461b06f2-9296-47f1-9ded-3a2ec3e36e7c","Kik Dental","-116.20990651","43.61459095","dentist","general_dentistry","403 S 11th St","Boise","83702-6968","ID","US","+12083423440","morrelldental@yahoo.com","http://www.drcasagrande.com/index.html","https://www.facebook.com/937903549659274","Dr. Luiz Fabiano Casagrande","0.9199122190475464","open","9","meta | Overture | Overture-signals","CDLA-Permissive-2.0","2026-04-27T00:00:00.000Z | 2026-06-11T11:57:15Z | 2026-05-12T00:29:08Z | 2026-05-18T13:23:54Z | 2026-05-25T13:08:59Z | 2026-06-01T13:20:32Z | 2026-06-08T13:20:12Z"
"ID","Idaho","46a6c9b8-0b0d-4fa2-b64f-5b33889831bc","Moon Creek Dental","-116.35365","43.6432","dentist","oral_surgeon | health_and_medical","4266 N Eagle Rd","Boise","83713-0726","ID","US","+12089397053","mooncreekdental@gmail.com","http://moondentistry.com","https://www.facebook.com/349690392562942","Moon Creek Dental","0.9199122190475464","open","8","meta | Overture | Overture-signals","CDLA-Permissive-2.0","2026-04-27T00:00:00.000Z | 2026-06-11T11:57:15Z | 2026-05-12T00:29:08Z | 2026-05-18T13:23:54Z | 2026-05-25T13:08:59Z | 2026-06-01T13:20:32Z | 2026-06-08T13:20:12Z"
"ID","Idaho","483d6011-15a3-454e-ae24-3b10bbe7ca01","Lake City Dental","-116.786225","47.727975","dentist","cosmetic_dentist | health_and_medical","6176 N Government Way","Dalton Gardens","83815-7331","ID","US","+12087722886","info@lakecitydental.net","https://www.lakecitydental.net/","https://www.facebook.com/168582943246538","Lake City Dental","0.9199122190475464","open","7","meta | Overture | Overture-signals","CDLA-Permissive-2.0","2026-04-27T00:00:00.000Z | 2026-06-11T11:57:15Z | 2026-05-12T00:29:08Z | 2026-05-18T13:23:54Z | 2026-05-25T13:08:59Z | 2026-06-01T13:20:32Z | 2026-06-08T13:20:12Z"
"ID","Idaho","48df5e39-3fb2-4df6-8e17-1edfec44f40e","Edgewater Dental : Nampa Dentist","-116.57850824","43.5545668","dentist","general_dentistry","1436 S Edgewater Cir","Nampa","83686-5051","ID","US","+12084639600","info@edgewaterdental.net","https://edgewaterdental.net/","https://www.facebook.com/202136459801306","EdgeWater Dental","0.9986498832702637","","9","meta | Overture","CDLA-Permissive-2.0","2026-04-27T00:00:00.000Z | 2026-06-11T11:57:15Z"
"ID","Idaho","48fa6bf3-58e0-4543-a40e-6c9cd838bcc7","Sprout Pediatric Dentistry","-116.279515","43.63422","dentist","pediatric_dentist","7800 W Ustick Rd","Boise","83704-5848","ID","US","+12085766791","hello@sproutboise.com","https://www.sproutboise.com","https://www.facebook.com/114564078165827","","0.9199122190475464","open","7","meta | Overture | Overture-signals","CDLA-Permissive-2.0","2026-04-27T00:00:00.000Z | 2026-06-11T11:57:15Z | 2026-05-12T00:29:08Z | 2026-05-18T13:23:54Z | 2026-05-25T13:08:59Z | 2026-06-01T13:20:32Z | 2026-06-08T13:20:12Z"
"ID","Idaho","49c2def1-f0fd-43dd-ad8c-7b24c1710645","Sleep Better Idaho","-112.44998907","42.89820938","dentist","general_dentistry | health_and_medical","1246 Yellowstone Ave","Pocatello","83201-4310","ID","US","+12086484908","sleepbetteridaho.pocatello@gmail.com","","https://www.facebook.com/113387220507382","","0.9199122190475464","open","9","meta | Overture | Overture-signals","CDLA-Permissive-2.0","2026-04-27T00:00:00.000Z | 2026-06-11T11:57:15Z | 2026-05-12T00:29:08Z | 2026-05-18T13:23:54Z | 2026-05-25T13:08:59Z | 2026-06-01T13:20:32Z | 2026-06-08T13:20:12Z"
"ID","Idaho","4a23f12f-751a-474a-b6dd-d8d91c6b6199","Riverstone Dental Care","-116.90638602","47.71625435","dentist","general_dentistry | cosmetic_dentist","3095 E Mullan Ave","Post Falls","83854-0077","ID","US","+12082745467","info@riverstonedental.com","http://www.riverstonedental.com/","https://www.facebook.com/205347516678941","Riverstone Dental","0.9902192950248718","open","8","meta | Overture | Overture-signals","CDLA-Permissive-2.0","2026-04-27T00:00:00.000Z | 2026-06-11T11:57:15Z | 2026-05-12T00:29:08Z | 2026-05-18T13:23:54Z | 2026-05-25T13:08:59Z | 2026-06-01T13:20:32Z | 2026-06-08T13:20:12Z"
"ID","Idaho","4c80468e-7321-4482-a8ac-bdc2ba8f3d16","Aspen Ridge Dental Health Center","-111.77683464","43.83191901","dentist","general_dentistry | medical_service_organizations","300 N 2nd St E","Rexburg","83440-1604","ID","US","+12083569459","aspenridgerexburg@gmail.com","http://www.dentistrexburg.com/","https://www.facebook.com/919171174855554","","0.9199122190475464","open","7","meta | Overture | Overture-signals","CDLA-Permissive-2.0","2026-04-27T00:00:00.000Z | 2026-06-11T11:57:15Z | 2026-05-12T00:29:08Z | 2026-05-18T13:23:54Z | 2026-05-25T13:08:59Z | 2026-06-01T13:20:32Z | 2026-06-08T13:20:12Z"
"ID","Idaho","4cc83365-8a50-4f51-959a-9f23eeb7c0b1","Northwest Natural Dentistry","-116.78471014","47.74761827","dentist","general_dentistry | naturopathic_holistic","8382 N Wayne Dr","Hayden","83835-6028","ID","US","+12084505639","hayden@nwndentistry.com","https://www.nwnaturaldentistry.com","https://www.facebook.com/109900414779887","","0.9199122190475464","open","8","meta | Overture | Overture-signals","CDLA-Permissive-2.0","2026-04-27T00:00:00.000Z | 2026-06-11T11:57:15Z | 2026-05-12T00:29:08Z | 2026-05-18T13:23:54Z | 2026-05-25T13:08:59Z | 2026-06-01T13:20:32Z | 2026-06-08T13:20:12Z"
"ID","Idaho","4dee4afa-55d8-43f1-95f6-e5a0937918d1","Nampa, Idaho-Dentists","-116.256341","43.608811","dentist","health_and_medical | hospital","6023 W Clinton St","Boise","83704-9306","ID","US","+12086155215","","","https://www.facebook.com/186051384763654","","0.7654459476470947","","2","meta | Overture","CDLA-Permissive-2.0","2026-04-27T00:00:00.000Z | 2026-06-11T11:57:15Z"
"ID","Idaho","4e1d4786-d358-4758-8ac2-a5d7b43de745","Magic Valley Denture Center","-114.4689116","42.56014976","dentist","medical_service_organizations","253 5th Ave N","Twin Falls","83301-6141","ID","US","+12087331987","","http://www.servicemasterclean.com","https://www.facebook.com/133134800210998","","0.9199122190475464","open","7","meta | Overture | Overture-signals","CDLA-Permissive-2.0","2026-04-27T00:00:00.000Z | 2026-06-11T11:57:15Z | 2026-05-12T00:29:08Z | 2026-05-18T13:23:54Z | 2026-05-25T13:08:59Z | 2026-06-01T13:20:32Z | 2026-06-08T13:20:12Z"
"ID","Idaho","4f143e3f-26ea-4ac0-a434-1049f3c1db5d","Rocky Mountain Endodontics","-116.3541923","43.60426388","dentist","doctor | health_and_medical","3240 E Louise Dr Ste #102","Meridian","83642","ID","US","2088988866","","https://www.rockymtendo.com/","","","0.85","","7","Microsoft | Overture","CDLA-Permissive-2.0","2025-08-12T03:57:22.223Z | 2026-06-11T11:57:15Z"
"ID","Idaho","4f27490b-b5aa-492a-bb7c-d77271079f42","Cedar Creek Dental","-111.90604857","43.68621478","dentist","cosmetic_dentist | general_dentistry","711 Rigby Lake Dr","Rigby","83442-5229","ID","US","+12087458788","office@cedarcreekdentist.com","http://www.cedarcreekdentist.com/","https://www.facebook.com/195780991118","","0.9199122190475464","open","10","meta | Overture | Overture-signals","CDLA-Permissive-2.0","2026-04-27T00:00:00.000Z | 2026-06-11T11:57:15Z | 2026-05-12T00:29:08Z | 2026-05-18T13:23:54Z | 2026-05-25T13:08:59Z | 2026-06-01T13:20:32Z | 2026-06-08T13:20:12Z"
"ID","Idaho","4fea6ea5-fb78-4e79-8260-a20c507e490f","Challis Dental PLLC","-114.226227","44.504724","dentist","","121 S 12th St","Challis","83226-7818","ID","US","","challisdental2021@custertel.net","","https://www.facebook.com/102222632097225","","0.8009796142578125","","8","meta | Overture","CDLA-Permissive-2.0","2026-04-27T00:00:00.000Z | 2026-06-11T11:57:15Z"
"ID","Idaho","503054e9-4111-4efa-acdc-4d39d9e5e586","Bird Dental Studio","-111.99756431","43.46764274","dentist","general_dentistry | health_and_medical","3381 Merlin Dr","Idaho Falls","83404-7405","ID","US","+12085290999","idahofallsidahodentist@gmail.com","http://www.idahofallsidahodentist.com/","https://www.facebook.com/193382024039857","Bird Dental Studio Idaho Falls","0.9199122190475464","open","9","meta | Overture | Overture-signals","CDLA-Permissive-2.0","2026-04-27T00:00:00.000Z | 2026-06-11T11:57:15Z | 2026-05-12T00:29:08Z | 2026-05-18T13:23:54Z | 2026-05-25T13:08:59Z | 2026-06-01T13:20:32Z | 2026-06-08T13:20:12Z"
"ID","Idaho","503bb4f0-7aa5-48f7-8189-010a8a4701b8","Pocatello Periodontics","-112.431129","42.902013","dentist","periodontist | health_and_medical","1479 Bench Rd","Pocatello","83201-2424","ID","US","+12082333660","office@pocatelloperiodontics.com","http://www.pocatelloperiodontics.com/","https://www.facebook.com/1655828174729796","Pocatello Periodontics","0.9199122190475464","open","9","meta | Overture | Overture-signals","CDLA-Permissive-2.0","2026-04-27T00:00:00.000Z | 2026-06-11T11:57:15Z | 2026-05-12T00:29:08Z | 2026-05-18T13:23:54Z | 2026-05-25T13:08:59Z | 2026-06-01T13:20:32Z | 2026-06-08T13:20:12Z"
"ID","Idaho","504af844-184c-46cc-a31a-9cce21448165","Bear Lake Dental Care","-111.29839704","42.31538507","dentist","general_dentistry | medical_service_organizations","215 S 4th St","Montpelier","83254-1591","ID","US","+12088470153","bearlakedental@gmail.com","https://www.bearlakedental.com/","https://www.facebook.com/1439043603023450","","0.9199122190475464","open","8","meta | Overture | Overture-signals","CDLA-Permissive-2.0","2026-04-27T00:00:00.000Z | 2026-06-11T11:57:15Z | 2026-05-12T00:29:08Z | 2026-05-18T13:23:54Z | 2026-05-25T13:08:59Z | 2026-06-01T13:20:32Z | 2026-06-08T13:20:12Z"
"ID","Idaho","51a22752-a0aa-4a66-89fa-4099d19da208","Kootenai Dental Group","-116.7944165","47.7332499","dentist","doctor | health_and_medical","555 W Canfield Ave","Coeur d Alene","83815","ID","US","2087628750","","https://toothdrdel.com/","","","0.9199122190475464","open","6","Microsoft | Overture | Overture-signals","CDLA-Permissive-2.0","2025-09-16T06:31:04.270Z | 2026-06-11T11:57:15Z | 2026-05-12T00:29:08Z | 2026-05-18T13:23:54Z | 2026-05-25T13:08:59Z | 2026-06-01T13:20:32Z | 2026-06-08T13:20:12Z"
"ID","Idaho","51d63d37-dc0d-4318-8ab6-2687d65c2731","Isu Dental Hygiene","-112.43234531429","42.862756771429","dentist","health_and_medical","999 Martin Luther King Jr Way","Pocatello","83201","ID","US","","","","https://www.facebook.com/162524450502796","","0.7143981456756592","","8","meta | Overture","CDLA-Permissive-2.0","2026-04-27T00:00:00.000Z | 2026-06-11T11:57:15Z"
"ID","Idaho","525b11d7-62a5-448c-aa23-62786035db91","Patten Family Dentistry","-116.99878029","46.72787646","dentist","general_dentistry | health_and_medical","803 S Jefferson St","Moscow","83843-3096","ID","US","+12088822531","pattendental@gmail.com","http://www.pattenfamilydentistry.com/","https://www.facebook.com/1386037808370193","Patten Family Dentistry","0.9480682015419006","","8","meta | Overture","CDLA-Permissive-2.0","2026-04-27T00:00:00.000Z | 2026-06-11T11:57:15Z"
"ID","Idaho","527a8304-84e7-4447-a520-d2de5d55cff3","Bauer Family Dental","-111.77661249","43.82521309","dentist","general_dentistry","242 E Main St","Rexburg","83440-2022","ID","US","+12083568759","bauerfamilydentalrexburg@gmail.com","https://bauerfamilydental.com/","https://www.facebook.com/115786384960736","","0.916822612285614","","7","meta | Overture","CDLA-Permissive-2.0","2026-04-27T00:00:00.000Z | 2026-06-11T11:57:15Z"
"ID","Idaho","52ff0cd1-098d-463a-bbdb-253e959c83ea","Timber Creek Dental Lab","-112.35227221","43.1928218","dentist","","718 W Bridge St","Blackfoot","83221-2019","ID","US","+12083801288","timbercreekdentallab@yahoo.com","","https://www.facebook.com/1524241571215115","","0.9199122190475464","open","8","meta | Overture | Overture-signals","CDLA-Permissive-2.0","2026-04-27T00:00:00.000Z | 2026-06-11T11:57:15Z | 2026-05-12T00:29:08Z | 2026-05-18T13:23:54Z | 2026-05-25T13:08:59Z | 2026-06-01T13:20:32Z | 2026-06-08T13:20:12Z"
"ID","Idaho","5315522c-1c92-411e-8289-605e8cea0c61","Bauter Dentistry and Aesthetics","-116.183909459202","43.5963268359337","dentist","","230 West Mallard Dr, Suite B","Boise","83706","ID","US","(208) 344-8363","","https://www.bauterdds.com","https://www.facebook.com/355466154826488 | https://www.instagram.com/bauterdentistry","","0.77","","5","Foursquare | Overture","Apache-2.0 | CDLA-Permissive-2.0","2026-04-03T00:00:00.000 | 2026-06-11T11:57:15Z"
"ID","Idaho","533c698c-8bd9-4bfa-ba16-c88e75295e91","Affordable Dentures and Implants","-116.28029547","43.59183327","dentist","general_dentistry | cosmetic_dentist","1410 S Entertainment Ave","Boise","83709-8306","ID","US","+19862732800","ad123@ad123.com","https://www.affordabledentures.com/locations/id/boise?utm_source=Facebook&utm_medium=Organic_Listing&utm_campaign=41206","https://www.facebook.com/587006377839546","Affordable Dentures & Implants","0.9199122190475464","open","8","meta | Overture | Overture-signals","CDLA-Permissive-2.0","2026-04-27T00:00:00.000Z | 2026-06-11T11:57:15Z | 2026-05-12T00:29:08Z | 2026-05-18T13:23:54Z | 2026-05-25T13:08:59Z | 2026-06-01T13:20:32Z | 2026-06-08T13:20:12Z"
"ID","Idaho","53a56d91-48f2-41c6-b289-e1a83d775080","Innerbloom Dental Studio","-116.23370349","43.6550108","dentist","endodontist | orthodontist","3810 N Garden Center Way","Boise","83703-5007","ID","US","+12088535111","hello@innerbloomdental.com","http://innerbloomdental.com/","https://www.facebook.com/105190439161757","","0.9902192950248718","open","7","meta | Overture | Overture-signals","CDLA-Permissive-2.0","2026-04-27T00:00:00.000Z | 2026-06-11T11:57:15Z | 2026-05-12T00:29:08Z | 2026-05-18T13:23:54Z | 2026-05-25T13:08:59Z | 2026-06-01T13:20:32Z | 2026-06-08T13:20:12Z"
"ID","Idaho","53e1ddab-32dd-456b-bbc3-4b663ef219df","Garrard And Wayment","-113.676119602359","42.6144031712161","dentist","","301 Scott Ave Ste 3","Rupert","83350","ID","US","(208) 436-6406","robwayment@gmail.com","https://www.garrardandwayment.com","","","0.9199122190475464","open","5","Foursquare | Overture | Overture-signals","Apache-2.0 | CDLA-Permissive-2.0","2025-08-22T00:00:00.000 | 2026-06-11T11:57:15Z | 2026-05-12T00:29:08Z | 2026-05-18T13:23:54Z | 2026-05-25T13:08:59Z | 2026-06-01T13:20:32Z | 2026-06-08T13:20:12Z"
"ID","Idaho","53f8fe84-b3c4-4e2d-999d-a5f58c73b961","Cress Dental","-114.46119527","42.58089649","dentist","general_dentistry","871 Green Acres Dr","Twin Falls","83301-3353","ID","US","+12085444848","cressdentaltf@gmail.com","https://www.cressdental.com","https://www.facebook.com/216473812092459","","0.9199122190475464","open","6","meta | Overture | Overture-signals","CDLA-Permissive-2.0","2026-04-27T00:00:00.000Z | 2026-06-11T11:57:15Z | 2026-05-12T00:29:08Z | 2026-05-18T13:23:54Z | 2026-05-25T13:08:59Z | 2026-06-01T13:20:32Z | 2026-06-08T13:20:12Z"
"ID","Idaho","54dad848-a24b-4abf-b9f4-916629bd7545","Wilkinson Orthodontics","-117.013563972525","46.3824383839614","dentist","","3326 4th St Ste 5","Lewiston","83501","ID","US","(208) 746-0479","asmiledesigner@lewiston.com","http://www.wilkinsonortho.com","https://www.facebook.com/193946777306641","","0.9199122190475464","open","4","Foursquare | Overture | Overture-signals","Apache-2.0 | CDLA-Permissive-2.0","2022-08-02T00:00:00.000 | 2026-06-11T11:57:15Z | 2026-05-12T00:29:08Z | 2026-05-18T13:23:54Z | 2026-05-25T13:08:59Z | 2026-06-01T13:20:32Z | 2026-06-08T13:20:12Z"
"ID","Idaho","554c56d6-cb88-4076-9671-75ea7edbead5","Jacob Jarvis Orthodontics","-116.41328708231","43.6562360881985","dentist","","1508 W Cayuse Creek Dr","Meridian","83646","ID","US","(208) 383-0100","","https://jarvisortho.com","","","0.77","","5","Foursquare | Overture","Apache-2.0 | CDLA-Permissive-2.0","2023-12-08T00:00:00.000 | 2026-06-11T11:57:15Z"
"ID","Idaho","55af319e-17a9-4b78-866e-15e483f8868e","Townesquare Dental","-111.90978775","43.68152332","dentist","general_dentistry | medical_service_organizations","527 Rigby Lake Dr","Rigby","83442-5117","ID","US","+12087458704","georgedental@msn.com","https://www.townesquaredental.com/","https://www.facebook.com/168819723150996","Townesquare Dental","0.9199122190475464","open","9","meta | Overture | Overture-signals","CDLA-Permissive-2.0","2026-04-27T00:00:00.000Z | 2026-06-11T11:57:15Z | 2026-05-12T00:29:08Z | 2026-05-18T13:23:54Z | 2026-05-25T13:08:59Z | 2026-06-01T13:20:32Z | 2026-06-08T13:20:12Z"
"ID","Idaho","55e9e2e1-5f7c-408b-ac50-f8ef9fe7b3f6","Loren R. Hartley DMD","-116.573375034965","43.5518084709328","dentist","","1705 12th Ave Rd","Nampa","83686","ID","US","(208) 466-6600","","http://www.hartleyfamilydental.com","","","0.77","","5","Foursquare | Overture","Apache-2.0 | CDLA-Permissive-2.0","2025-08-19T00:00:00.000 | 2026-06-11T11:57:15Z"
"ID","Idaho","562df7da-ab8e-4a09-bade-309e0d389069","Fairview Dental : Caldwell Dentist","-116.69713361","43.65278886","dentist","general_dentistry | health_and_medical","1916 Ellis Ave","Caldwell","83605-4811","ID","US","+12085041724","office@myfairviewdental.com","http://myfairviewdental.com/","https://www.facebook.com/219034068130667","Fairview Dental","0.9902192950248718","open","5","meta | Overture | Overture-signals","CDLA-Permissive-2.0","2026-04-27T00:00:00.000Z | 2026-06-11T11:57:15Z | 2026-05-12T00:29:08Z | 2026-05-18T13:23:54Z | 2026-05-25T13:08:59Z | 2026-06-01T13:20:32Z | 2026-06-08T13:20:12Z"
"ID","Idaho","5745671a-3024-493b-897f-a292f398c351","Jonny Fisher DDS - Lewiston","-116.98134015","46.38068971","dentist","general_dentistry","937 Bryden Ave","Lewiston","83501-5007","ID","US","+12087462668","lewiston@jonnyfisherdds.com","http://jonnyfisherdds.com/","https://www.facebook.com/105023142665687","","0.9199122190475464","open","8","meta | Overture | Overture-signals","CDLA-Permissive-2.0","2026-04-27T00:00:00.000Z | 2026-06-11T11:57:15Z | 2026-05-12T00:29:08Z | 2026-05-18T13:23:54Z | 2026-05-25T13:08:59Z | 2026-06-01T13:20:32Z | 2026-06-08T13:20:12Z"
"ID","Idaho","57ce23f4-08be-4080-9bf4-c1cd845319fd","Mountains West Dental","-116.43320453","44.73328101","dentist","general_dentistry | health_and_medical","502 N Dartmouth St","Council","83612-7729","ID","US","+12082536077","","http://mountainswestdental.com/","https://www.facebook.com/461167577231834","","0.9199122190475464","open","10","meta | Overture | Overture-signals","CDLA-Permissive-2.0","2026-04-27T00:00:00.000Z | 2026-06-11T11:57:15Z | 2026-05-12T00:29:08Z | 2026-05-18T13:23:54Z | 2026-05-25T13:08:59Z | 2026-06-01T13:20:32Z | 2026-06-08T13:20:12Z"
"ID","Idaho","58152825-9a6a-4f05-9fc3-38feaf7b720d","Willamette Dental Group","-111.98752501","43.47186329","dentist","general_dentistry | health_and_medical","2860 Valencia Dr","Idaho Falls","83404-7597","ID","US","+18554336825","info@willamettedental.com","https://locations.willamettedental.com/id/idaho-falls/2860-valencia-drive.html","https://www.facebook.com/1213692798745269","Willamette Dental","0.9199122190475464","open","7","meta | Overture | Overture-signals","CDLA-Permissive-2.0","2026-04-27T00:00:00.000Z | 2026-06-11T11:57:15Z | 2026-05-12T00:29:08Z | 2026-05-18T13:23:54Z | 2026-05-25T13:08:59Z | 2026-06-01T13:20:32Z | 2026-06-08T13:20:12Z"
"ID","Idaho","58ff35f3-f569-4891-b971-0a44de0a7855","Dr. Jeffery Scott Bobst, DDS - Oral Surgeon","-116.28076733474","43.6341810688823","dentist","","7910 W Ustick Rd","Boise","83704","ID","US","(208) 322-5522","office@boiseoralsurgery.com","https://boiseoralsurgery.com","https://www.twitter.com/boiseoralsrgy | https://www.facebook.com/569470979756207","","0.77","","5","Foursquare | Overture","Apache-2.0 | CDLA-Permissive-2.0","2020-12-18T00:00:00.000 | 2026-06-11T11:57:15Z"
"ID","Idaho","5925323e-d732-42a7-92cc-1a7c63ff4b69","Linder Road Family & Cosmetic Dentistry","-116.41272831","43.65623236","dentist","general_dentistry | cosmetic_dentist","1500 W Cayuse Creek Dr","Meridian","83646-4600","ID","US","+12088453454","","http://lrfcdentistry.com/","https://www.facebook.com/226647064027939","","0.9199122190475464","open","9","meta | Overture | Overture-signals","CDLA-Permissive-2.0","2026-04-27T00:00:00.000Z | 2026-06-11T11:57:15Z | 2026-05-12T00:29:08Z | 2026-05-18T13:23:54Z | 2026-05-25T13:08:59Z | 2026-06-01T13:20:32Z | 2026-06-08T13:20:12Z"
"ID","Idaho","5993b5e8-e55c-41f6-8bc0-4cdeaacea5a1","Dwight Baker DDS","-112.237057714822","42.1828072744117","dentist","","185 S 300 E","Malad City","83252","ID","US","(208) 766-2204","","http://www.dbakerorthodontics.com","","","0.9199122190475464","open","4","Foursquare | Overture | Overture-signals","Apache-2.0 | CDLA-Permissive-2.0","2025-08-22T00:00:00.000 | 2026-06-11T11:57:15Z | 2026-05-12T00:29:08Z | 2026-05-18T13:23:54Z | 2026-05-25T13:08:59Z | 2026-06-01T13:20:32Z | 2026-06-08T13:20:12Z"
"ID","Idaho","5a38e2e6-ca77-4a0a-bfc2-bacc81c6117c","Willamette Dental Group","-116.30566517","43.61094801","dentist","general_dentistry","607 N Mitchell St","Boise","83704-4863","ID","US","+18554336825","","https://locations.willamettedental.com/id/boise/607-n-mitchell-st.html","https://www.facebook.com/255888974838331","Willamette Dental","0.9902192950248718","open","7","meta | Overture | Overture-signals","CDLA-Permissive-2.0","2026-04-27T00:00:00.000Z | 2026-06-11T11:57:15Z | 2026-05-12T00:29:08Z | 2026-05-18T13:23:54Z | 2026-05-25T13:08:59Z | 2026-06-01T13:20:32Z | 2026-06-08T13:20:12Z"
"ID","Idaho","5a674600-c240-44a6-a610-cb700a61b3b6","Dental Care West","-116.574644517444","43.5563859496272","dentist","","230 W Georgia Ave Ste 100","Nampa","83686","ID","US","(208) 442-1088","","http://www.dentalcarewestidaho.com","","","0.77","","5","Foursquare | Overture","Apache-2.0 | CDLA-Permissive-2.0","2025-08-22T00:00:00.000 | 2026-06-11T11:57:15Z"
"ID","Idaho","5a7e4bce-b3ee-4c6b-acea-9ff015f8f6a3","Highbrook Way Dental Care","-116.50159604","43.6925064","dentist","doctor","140 N Highbrook Way","Star","83669","ID","US","+12084083472","highbrookwaydc@mydentalmail.com","https://highbrookwaydentalcare.com/","https://www.facebook.com/108541025682434","","0.9199122190475464","open","8","meta | Overture | Overture-signals","CDLA-Permissive-2.0","2026-04-27T00:00:00.000Z | 2026-06-11T11:57:15Z | 2026-05-12T00:29:08Z | 2026-05-18T13:23:54Z | 2026-05-25T13:08:59Z | 2026-06-01T13:20:32Z | 2026-06-08T13:20:12Z"
"ID","Idaho","5a973238-9896-4a6b-ab34-6af4de019380","Cole Dental","-116.27374521","43.61516048","dentist","general_dentistry | doctor","1166 N Cole Rd","Boise","83704-8658","ID","US","+12083778383","office@coledentistry.com","http://coledentistry.com/","https://www.facebook.com/747226835376405","","0.9901813864707947","open","8","meta | Overture | Overture-signals","CDLA-Permissive-2.0","2026-04-27T00:00:00.000Z | 2026-06-11T11:57:15Z | 2026-05-12T00:29:08Z"
"ID","Idaho","5ab6572b-4c0f-4eb3-b6ad-04c8335f4ae8","Owyhee Oral & Facial Surgery","-116.574004248914","43.5527864407278","dentist","","1613 12th Ave Rd","Nampa","83686","ID","US","(208) 505-1946","info@owyheeoralsurgery.com","https://www.owyheeoralsurgery.com","https://www.facebook.com/1454744528167861","","0.77","","5","Foursquare | Overture","Apache-2.0 | CDLA-Permissive-2.0","2025-08-22T00:00:00.000 | 2026-06-11T11:57:15Z"
"ID","Idaho","5b1b0899-4e14-433f-95c6-97326e00e9ca","Custom Creations Dental Lab","-116.6248","43.70671","dentist","laboratory_testing | professional_services","106 W Main St","Middleton","83644-4704","ID","US","","customcreationsdental@gmail.com","","https://www.facebook.com/1455036501433894","","0.6195409297943115","","9","meta | Overture","CDLA-Permissive-2.0","2026-04-27T00:00:00.000Z | 2026-06-11T11:57:15Z"
"ID","Idaho","5bee0f03-f215-4f4c-a547-42e81bee43a6","Falls Dental","-112.8533714","42.78425001","dentist","general_dentistry","239 Idaho St","American Falls","83211-1235","ID","US","+12089043496","office@americanfallsdental.com","http://americanfallsdental.com/","https://www.facebook.com/100397046966059","","0.9199122190475464","open","8","meta | Overture | Overture-signals","CDLA-Permissive-2.0","2026-04-27T00:00:00.000Z | 2026-06-11T11:57:15Z | 2026-05-12T00:29:08Z | 2026-05-18T13:23:54Z | 2026-05-25T13:08:59Z | 2026-06-01T13:20:32Z | 2026-06-08T13:20:12Z"
"ID","Idaho","5c49e5cb-3145-4b84-813c-1acb2fc1c6a8","Edge Dental Arts","-116.28109041","43.63326765","dentist","general_dentistry | medical_service_organizations","7911 W Ustick Rd","Boise","83704-9511","ID","US","+12089218278","edgedentalarts@gmail.com","http://edgedentalarts.com/","https://www.facebook.com/219450645305164","Ibex Dental Arts","0.9199122190475464","open","8","meta | Overture | Overture-signals","CDLA-Permissive-2.0","2026-04-27T00:00:00.000Z | 2026-06-11T11:57:15Z | 2026-05-12T00:29:08Z | 2026-05-18T13:23:54Z | 2026-05-25T13:08:59Z | 2026-06-01T13:20:32Z | 2026-06-08T13:20:12Z"
"ID","Idaho","5cabb0a3-82b5-4c70-99ee-fe611c2ceed0","Bristol Heights Dental","-116.35533463459","43.6599990256723","dentist","","6085 N Eagle Rd","Boise","83713","ID","US","(208) 938-9912","info@bristolheightsdental.com","http://bristolheightsdental.com","","","0.77","","5","Foursquare | Overture","Apache-2.0 | CDLA-Permissive-2.0","2025-11-19T00:00:00.000 | 2026-06-11T11:57:15Z"
"ID","Idaho","5cbcfd47-0c73-4ec6-b331-e44508e769c2","Dan R Greenhalgh DMD- West River Dental","-112.063954","43.495369","dentist","periodontist | health_and_medical","250 S Skyline Dr","Idaho Falls","83402-3292","ID","US","+12085233453","www.rockindental@cableone.net","http://www.rockindental.com/","https://www.facebook.com/486934598036323","","0.7476857304573059","","2","meta | Overture","CDLA-Permissive-2.0","2026-04-27T00:00:00.000Z | 2026-06-11T11:57:15Z"
"ID","Idaho","5cceeaf6-6e35-41a3-97ce-f31ff1505c24","North End Dental","-116.20927555","43.62554855","dentist","general_dentistry | health_and_medical","704 N 17th St","Boise","83702-3905","ID","US","+12083440134","northenddental@qwestoffice.net","https://northenddental.biz/","https://www.facebook.com/135514246498564","Northend Dental Co.","0.9902192950248718","open","9","meta | Overture | Overture-signals","CDLA-Permissive-2.0","2026-04-27T00:00:00.000Z | 2026-06-11T11:57:15Z | 2026-05-12T00:29:08Z | 2026-05-18T13:23:54Z | 2026-05-25T13:08:59Z | 2026-06-01T13:20:32Z | 2026-06-08T13:20:12Z"
"ID","Idaho","5d3c431e-a7cf-416e-8838-e79004a3a8a2","Rainbow Dental Clinic","-116.125985","47.54321","dentist","health_and_medical | doctor","418 W Cameron Ave","Kellogg","83837-2111","ID","US","+12087845801","info@bahamaslocal.com","http://www.rainbowdentalclinic.com","https://www.facebook.com/207454712707382","","0.5702665448188782","","2","meta | Overture","CDLA-Permissive-2.0","2026-04-27T00:00:00.000Z | 2026-06-11T11:57:15Z"
"ID","Idaho","5ed938b0-c43f-4fe5-9e6a-e9b3e30f7c54","Wells Dental","-116.20458686","43.59148051","dentist","general_dentistry | medical_service_organizations","1880 W Judith Ln","Boise","83705-3119","ID","US","+12083452771","wellsdentistry1880@gmail.com","http://wellsdentistry.com/","https://www.facebook.com/545583098800723","Wells Dental","0.9902192950248718","open","9","meta | Overture | Overture-signals","CDLA-Permissive-2.0","2026-04-27T00:00:00.000Z | 2026-06-11T11:57:15Z | 2026-05-12T00:29:08Z | 2026-05-18T13:23:54Z | 2026-05-25T13:08:59Z | 2026-06-01T13:20:32Z | 2026-06-08T13:20:12Z"
"ID","Idaho","5efa458b-a178-4ed8-8bc4-35000b2ad5fb","David W. Cutler DDS, PA","-116.285686700298","43.6268140846647","dentist","health_and_medical | medical_service_organizations","8336 W Northview St","Boise","83704-7132","ID","US","+12083754544","team@drdavidcutler.com","https://www.drdavidcutler.com/","https://www.facebook.com/258944147597979","","0.9476223587989807","","8","meta | Overture","CDLA-Permissive-2.0","2026-04-27T00:00:00.000Z | 2026-06-11T11:57:15Z"
"ID","Idaho","5f73da08-b5ed-4028-b4f0-aa9c58b686a2","Complete Dental Care","-116.125903397135","47.5431829537428","dentist","","418 W Cameron Ave","Kellogg","83837","ID","US","(208) 682-4540","","https://www.completedentalnw.com","","","0.77","","5","Foursquare | Overture","Apache-2.0 | CDLA-Permissive-2.0","2025-05-30T00:00:00.000 | 2026-06-11T11:57:15Z"
"ID","Idaho","60101e1f-6a1d-4337-8593-69e6c75450ed","Two Rivers Family & Cosmetic Dentistry","-116.12571007","45.92716672","dentist","cosmetic_dentist | general_dentistry","120 N A St","Grangeville","83530-1211","ID","US","+12089831651","2rdgrangeville@gmail.com","http://www.grangevilledentist.com/","https://www.facebook.com/115056604419641","","0.9199122190475464","open","9","meta | Overture | Overture-signals","CDLA-Permissive-2.0","2026-04-27T00:00:00.000Z | 2026-06-11T11:57:15Z | 2026-05-12T00:29:08Z | 2026-05-18T13:23:54Z | 2026-05-25T13:08:59Z | 2026-06-01T13:20:32Z | 2026-06-08T13:20:12Z"
"ID","Idaho","6087ab60-edc2-4a07-94cb-d3d179f85e7f","Timmons Dental Family & Cosmetic Dentistry","-116.92430392","44.01114506","dentist","general_dentistry | cosmetic_dentist","105 N Whitley Dr","Fruitland","83619-2430","ID","US","+12084526280","office@timmonsdental.com","https://timmonsdental.com/","https://www.facebook.com/154856601219007","","0.9199122190475464","open","8","meta | Overture | Overture-signals","CDLA-Permissive-2.0","2026-04-27T00:00:00.000Z | 2026-06-11T11:57:15Z | 2026-05-12T00:29:08Z | 2026-05-18T13:23:54Z | 2026-05-25T13:08:59Z | 2026-06-01T13:20:32Z | 2026-06-08T13:20:12Z"
"ID","Idaho","60a162e4-845a-476d-be3d-7e10cb24a07d","Town Square Dental - Rupert","-113.67396072","42.61971238","dentist","general_dentistry","502 8th St","Rupert","83350-1417","ID","US","+12084364747","rupert@townsquaredentalidaho.com","https://www.townsquaredentalidaho.com/","https://www.facebook.com/115823203579789","","0.9199122190475464","open","9","meta | Overture | Overture-signals","CDLA-Permissive-2.0","2026-04-27T00:00:00.000Z | 2026-06-11T11:57:15Z | 2026-05-12T00:29:08Z | 2026-05-18T13:23:54Z | 2026-05-25T13:08:59Z | 2026-06-01T13:20:32Z | 2026-06-08T13:20:12Z"
"ID","Idaho","60ca9471-b56a-4fab-829c-435f0c309f21","Soda Smiles","-111.60394","42.655189","dentist","doctor | family_practice","169 S 1st E","Soda Springs","83276-1403","ID","US","+12085472244","sodasmiles12@gmail.com","http://sodasmilesdrmatt.com/","https://www.facebook.com/512181265550980","","0.9738603234291077","","7","meta | Overture","CDLA-Permissive-2.0","2026-04-27T00:00:00.000Z | 2026-06-11T11:57:15Z"
"ID","Idaho","610db5be-d484-4704-ae21-59063c1394ea","Gary M Lemarr","-111.60401716768","42.6552212405494","dentist","","180 S Main St","Soda Springs","83276","ID","US","(208) 547-2244","","http://www.johnsamonas.com","https://www.facebook.com/125785230809392","","0.9199122190475464","open","4","Foursquare | Overture | Overture-signals","Apache-2.0 | CDLA-Permissive-2.0","2025-08-22T00:00:00.000 | 2026-06-11T11:57:15Z | 2026-05-12T00:29:08Z | 2026-05-18T13:23:54Z | 2026-05-25T13:08:59Z | 2026-06-01T13:20:32Z | 2026-06-08T13:20:12Z"
"ID","Idaho","614bf80d-866d-49b3-8bbf-8538b5913198","Playhouse Dentistry for Kids","-115.687888948414","43.1329885146672","dentist","","125 S 10th E","Mountain Home","83647","ID","US","(208) 580-7091","office@playhousedentistry.com","https://www.playhousedentistry.com","https://www.facebook.com/1747721298794086","","0.77","","5","Foursquare | Overture","Apache-2.0 | CDLA-Permissive-2.0","2025-08-22T00:00:00.000 | 2026-06-11T11:57:15Z"
"ID","Idaho","629f7f47-0d80-43c1-ac33-47479c9ada08","Mountain View Pointe Dental","-116.36681193","43.58907585","dentist","general_dentistry | medical_center","2201 E Gala St","Meridian","83642-2798","ID","US","+12088883033","office@mvpdental.com","http://www.mvpdental.com/","https://www.facebook.com/134730669910836","Mountain View Pointe Dental","0.998649492263794","","9","meta | Overture","CDLA-Permissive-2.0","2026-04-27T00:00:00.000Z | 2026-06-11T11:57:15Z"
"ID","Idaho","62e7a106-8b09-486b-a70d-4ed8addfc157","Benjamin J Armstrong, DDS","-116.364286326877","43.5945807916586","dentist","","1075 S Wells Street","Meridian","83642","ID","US","(855) 433-6825","","https://locations.willamettedental.com/id/meridian/1075-s-wells-street/benjamin-armstrong.html","https://www.twitter.com/wdgdental","","0.77","","5","Foursquare | Overture","Apache-2.0 | CDLA-Permissive-2.0","2021-02-24T00:00:00.000 | 2026-06-11T11:57:15Z"
"ID","Idaho","62ff4468-fc9d-4fea-8b64-a929a0c3a0ec","Howell Orthodontics","-116.300237381705","43.6771822683206","dentist","","100 S Meridian Road","Meridian","83642","ID","US","(208) 893-5151","","https://www.howellorthodontics.com","https://www.facebook.com/112576438757884","","0.77","","5","Foursquare | Overture","Apache-2.0 | CDLA-Permissive-2.0","2025-08-22T00:00:00.000 | 2026-06-11T11:57:15Z"
"ID","Idaho","6312bb4d-b1b9-46a6-b389-9e8aacc2e311","Delwyn L. Dick","-116.79422915","47.73376314","dentist","cosmetic_dentist | general_dentistry","555 W Canfield Ave","Coeur D'Alene","83815-7892","ID","US","+12087628750","office@toothdrdel.com","http://delwyndickdds.com/","https://www.facebook.com/1449956988648363","Delwyn L. Dick, DDS","0.9867225289344788","","9","meta | Overture","CDLA-Permissive-2.0","2026-04-27T00:00:00.000Z | 2026-06-11T11:57:15Z"
"ID","Idaho","6359d526-5dba-4dc0-95e8-54b5dac7e3b6","Artisan Dental","-116.7966983","47.73014202","dentist","general_dentistry | medical_service_organizations","509 W Hanley Ave","Coeur D'Alene","83815-8994","ID","US","+12086649506","artisandentalcda@gmail.com","http://www.artisandentalcda.com/","https://www.facebook.com/732467243470237","","0.9199122190475464","open","8","meta | Overture | Overture-signals","CDLA-Permissive-2.0","2026-04-27T00:00:00.000Z | 2026-06-11T11:57:15Z | 2026-05-12T00:29:08Z | 2026-05-18T13:23:54Z | 2026-05-25T13:08:59Z | 2026-06-01T13:20:32Z | 2026-06-08T13:20:12Z"
"ID","Idaho","63ebc317-f8fc-4225-9054-d6951d734a70","Legacy Dental","-112.06511993","43.48914112","dentist","general_dentistry | medical_service_organizations","1685 Pancheri Dr","Idaho Falls","83402-3169","ID","US","+12085230840","legacydentalif@gmail.com","http://www.drlegacy.com/","https://www.facebook.com/226179354106098","Legacy Dental","0.9199122190475464","open","8","meta | Overture | Overture-signals","CDLA-Permissive-2.0","2026-04-27T00:00:00.000Z | 2026-06-11T11:57:15Z | 2026-05-12T00:29:08Z | 2026-05-18T13:23:54Z | 2026-05-25T13:08:59Z | 2026-06-01T13:20:32Z | 2026-06-08T13:20:12Z"
"ID","Idaho","6542e481-8505-472a-ae96-c536a74f1183","Wayne L. Jurkovich","-115.923381213688","47.4717833927699","dentist","","611 Bank St","Wallace","83873","ID","US","(208) 556-8171","","http://shoshonecounty.org","https://www.facebook.com/116041665124368","","0.9199122190475464","open","4","Foursquare | Overture | Overture-signals","Apache-2.0 | CDLA-Permissive-2.0","2025-08-22T00:00:00.000 | 2026-06-11T11:57:15Z | 2026-05-12T00:29:08Z | 2026-05-18T13:23:54Z | 2026-05-25T13:08:59Z | 2026-06-01T13:20:32Z | 2026-06-08T13:20:12Z"
"ID","Idaho","656ee2b8-7a79-46d0-aba7-9a5a09b67726","Hopkins Timothy T DDS Ms DDS Ms","-114.465183","42.586468","dentist","hospital","1399 Fillmore St","Twin Falls","83301-3351","ID","US","+12087331182","","","https://www.facebook.com/153684388001019","","0.6654409170150757","","7","meta | Overture","CDLA-Permissive-2.0","2026-04-27T00:00:00.000Z | 2026-06-11T11:57:15Z"
"ID","Idaho","664881cd-bc19-4c92-abf3-96c981c0bda8","Cascade Dental","-116.02847","44.50391","dentist","doctor | health_and_medical","839 S Main St","Cascade","83611-5221","ID","US","+12083828200","cascadedentalid@gmail.com","http://www.cascadedentalid.com/","https://www.facebook.com/1415859158728901","","0.9757218956947327","","8","meta | Overture","CDLA-Permissive-2.0","2026-04-27T00:00:00.000Z | 2026-06-11T11:57:15Z"
"ID","Idaho","66f0c5c3-c603-44de-96fa-5000b400f845","Sawtooth Dental PA","-114.457564627283","42.5656441963013","dentist","","1437 Park View Dr","Twin Falls","83301","ID","US","(208) 733-4515","sawtoothdental@gmail.com","http://sawtoothdental.com","","","0.77","","5","Foursquare | Overture","Apache-2.0 | CDLA-Permissive-2.0","2025-05-29T00:00:00.000 | 2026-06-11T11:57:15Z"
"ID","Idaho","66f4ff72-40a5-4754-97cb-cb7c0a289a97","The Dental Center","-115.67274649","43.13360739","dentist","endodontist","2355 American Legion Blvd","Mountain Home","83647-3145","ID","US","+12085877949","info@dentalcenterofidaho.com","https://dentalcenterofidaho.com/","https://www.facebook.com/353962868037940","The Dental Center","0.9199122190475464","open","8","meta | Overture | Overture-signals","CDLA-Permissive-2.0","2026-04-27T00:00:00.000Z | 2026-06-11T11:57:15Z | 2026-05-12T00:29:08Z | 2026-05-18T13:23:54Z | 2026-05-25T13:08:59Z | 2026-06-01T13:20:32Z | 2026-06-08T13:20:12Z"
"ID","Idaho","690e057f-058f-4a79-9aa7-80b25c0312dc","Pearl Dentistry","-116.692041","43.633778","dentist","","4012 Brian Ave","Caldwell","83605","ID","US","+12082438956","","https://www.caldwelldentalcare.com/","","","0.9199122190475464","open","8","DAC | Overture | Overture-signals","CDLA-Permissive-2.0","2026-06-10T16:03:35.911Z | 2026-06-11T11:57:15Z | 2026-05-12T00:29:08Z | 2026-05-18T13:23:54Z | 2026-05-25T13:08:59Z | 2026-06-01T13:20:32Z | 2026-06-08T13:20:12Z"
"ID","Idaho","6948e02e-0196-45f8-8967-b00b94aff7d8","Mark W. Sheppard D.D.S.","-117.03353476","46.40125669","dentist","general_dentistry | health_and_medical","77 Southway Ave","Lewiston","83501-2203","ID","US","+12087432792","","http://www.lewistonidahodentist.com/","https://www.facebook.com/111554295573579","","0.9983167786598206","","10","meta | Overture","CDLA-Permissive-2.0","2026-04-27T00:00:00.000Z | 2026-06-11T11:57:15Z"
"ID","Idaho","6953b3ed-ae1f-4887-a9a1-6b834ca9a43f","Eastern Idaho Endodontics","-112.022932303206","43.4679602301244","dentist","","3335 S Holmes Ave","Idaho Falls","83404","ID","US","(208) 524-3770","","https://www.eastidahorootcanals.com","","","0.77","","3","Foursquare | Overture","Apache-2.0 | CDLA-Permissive-2.0","2025-10-11T00:00:00.000 | 2026-06-11T11:57:15Z"
"ID","Idaho","6995a4af-6212-4ba9-b680-443323d140b6","Crystal Canyon Family Dental","-116.68985015","43.66144568","dentist","general_dentistry","616 S 10th Ave","Caldwell","83605-4112","ID","US","+12084540473","smile@crystalcanyonfamilydental.com","http://crystalcanyonfamilydental.com/","https://www.facebook.com/482569745439324","","0.9199122190475464","open","7","meta | Overture | Overture-signals","CDLA-Permissive-2.0","2026-04-27T00:00:00.000Z | 2026-06-11T11:57:15Z | 2026-05-12T00:29:08Z | 2026-05-18T13:23:54Z | 2026-05-25T13:08:59Z | 2026-06-01T13:20:32Z | 2026-06-08T13:20:12Z"
"ID","Idaho","69c7b090-84ae-4b1a-91f7-6d46202c0e6f","Modern Smiles - Dentist Pocatello","-112.450244844991","42.9080072364514","dentist","","1800 Flandro Dr Ste 340","Pocatello","83202","ID","US","(208) 203-7587","idahosmilemaker@gmail.com","https://www.idahosmilemaker.com","https://www.facebook.com/454588994605692","","0.77","","5","Foursquare | Overture","Apache-2.0 | CDLA-Permissive-2.0","2026-02-11T00:00:00.000 | 2026-06-11T11:57:15Z"
"ID","Idaho","69c93693-03f4-4ceb-a767-4b472c3c9c07","Curtis J Guiles DDS","-116.92437443","44.02298871","dentist","general_dentistry | doctor","803 NW 12th St","Fruitland","83619-2268","ID","US","+12084524907","cguiles@fmtc.com","http://drguiles.com/","https://www.facebook.com/428736733840914","","0.9199122190475464","open","8","meta | Overture | Overture-signals","CDLA-Permissive-2.0","2026-04-27T00:00:00.000Z | 2026-06-11T11:57:15Z | 2026-05-12T00:29:08Z | 2026-05-18T13:23:54Z | 2026-05-25T13:08:59Z | 2026-06-01T13:20:32Z | 2026-06-08T13:20:12Z"
"ID","Idaho","69f138dc-5275-4de5-9df8-f3ea6b0b314f","Motto Clear Aligners","-116.2856707","43.5899484","dentist","health_and_medical","8321 W Overland Rd","Boise","83709","ID","US","2086053638","","https://www.aspendental.com/dentist/id/boise/8321-w-overland-rd/motto-clear-aligners/","","","0.9199122190475464","open","7","Microsoft | Overture | Overture-signals","CDLA-Permissive-2.0","2025-10-03T21:19:36.747Z | 2026-06-11T11:57:15Z | 2026-05-12T00:29:08Z | 2026-05-18T13:23:54Z | 2026-05-25T13:08:59Z | 2026-06-01T13:20:32Z | 2026-06-08T13:20:12Z"
"ID","Idaho","6a702e63-fbe3-41a7-9c11-f8e0043f8560","River Park Dental","-116.175835","43.591191","dentist","doctor | health_and_medical","600 E Riverpark Ln","Boise","83706-6509","ID","US","+12083445024","riverparkdds@gmail.com","","https://www.facebook.com/420654824465414","","0.9199122190475464","open","8","meta | Overture | Overture-signals","CDLA-Permissive-2.0","2026-04-27T00:00:00.000Z | 2026-06-11T11:57:15Z | 2026-05-12T00:29:08Z | 2026-05-18T13:23:54Z | 2026-05-25T13:08:59Z | 2026-06-01T13:20:32Z | 2026-06-08T13:20:12Z"
"ID","Idaho","6a9df3e3-5a48-41ae-9432-4445bb96bbb9","Jeremy L Hixson, DMD","-116.364053067608","43.5953058976752","dentist","","1075 S Wells St","Meridian","83642","ID","US","(855) 433-6825","","https://locations.willamettedental.com/id/meridian/1075-s-wells-street/jeremy-hixson.html","https://www.twitter.com/wdgdental","","0.9199122190475464","open","4","Foursquare | Overture | Overture-signals","Apache-2.0 | CDLA-Permissive-2.0","2021-02-24T00:00:00.000 | 2026-06-11T11:57:15Z | 2026-05-12T00:29:08Z | 2026-05-18T13:23:54Z | 2026-05-25T13:08:59Z | 2026-06-01T13:20:32Z | 2026-06-08T13:20:12Z"
"ID","Idaho","6aaf503d-c1e4-4d4f-a3f4-3436300b5ecd","Hidden Creek Dental","-116.1883899","43.59863591","dentist","general_dentistry | health_and_medical","580 W Parkcenter Blvd","Boise","83706-3659","ID","US","+12083368478","www.hiddencreekdental@gmail.com","http://www.hiddencreekdental.com/","https://www.facebook.com/143030609130467","Hidden Creek Dental","0.9988234400749206","","10","meta | Overture","CDLA-Permissive-2.0","2026-04-27T00:00:00.000Z | 2026-06-11T11:57:15Z"
"ID","Idaho","6b46b642-a152-4ab0-9342-536429b539d1","Ramsey Dental Group","-116.79284906","47.75459959","dentist","general_dentistry | health_and_medical","9095 N Hess St","Hayden","83835-9827","ID","US","+12087724500","office@ramseydentalgroup.com","https://www.ramseydentalgroup.com/","https://www.facebook.com/1703676363204574","Ramsey Dental Group","0.9199122190475464","open","9","meta | Overture | Overture-signals","CDLA-Permissive-2.0","2026-04-27T00:00:00.000Z | 2026-06-11T11:57:15Z | 2026-05-12T00:29:08Z | 2026-05-18T13:23:54Z | 2026-05-25T13:08:59Z | 2026-06-01T13:20:32Z | 2026-06-08T13:20:12Z"
"ID","Idaho","6b57345f-e1e7-437a-b797-f882064b2d23","Nampa Complete Family Dental","-116.569519124999","43.5707193750002","dentist","health_and_medical | pediatric_dentist","1208 11th St S","Nampa","83651-4654","ID","US","+12084631800","","http://nampadental.net/","https://www.facebook.com/124195864301148","","0.8328607678413391","","8","meta | Overture","CDLA-Permissive-2.0","2026-04-27T00:00:00.000Z | 2026-06-11T11:57:15Z"
"ID","Idaho","6c3b744c-6194-49dc-ada4-4dce9bb38f78","Sensational Dentures","-112.0232","43.49716","dentist","orthodontist","505 1st St","Idaho Falls","83401-3929","ID","US","+12087010024","","","https://www.facebook.com/248408319397327","","0.7538658976554871","","7","meta | Overture","CDLA-Permissive-2.0","2026-04-27T00:00:00.000Z | 2026-06-11T11:57:15Z"
"ID","Idaho","6cc805ab-538a-4644-8b8e-67b43b4d7ca8","Eagle Dental Care","-116.34749567","43.69596972","dentist","general_dentistry | doctor","125 N Stierman Way","Eagle","83616-5163","ID","US","+12089394111","eagledentalcare@gmail.com","https://eagledentalcare.com/","https://www.facebook.com/418395045587888","","0.9199122190475464","open","8","meta | Overture | Overture-signals","CDLA-Permissive-2.0","2026-04-27T00:00:00.000Z | 2026-06-11T11:57:15Z | 2026-05-12T00:29:08Z | 2026-05-18T13:23:54Z | 2026-05-25T13:08:59Z | 2026-06-01T13:20:32Z | 2026-06-08T13:20:12Z"
"ID","Idaho","6d4b51f8-9485-4924-8ad0-4bfc9af90c8d","Riverstone Dental Care","-116.80349602","47.69139344","dentist","general_dentistry | medical_service_organizations","2344 N Merrit Creek Loop","Coeur D'Alene","83814-4950","ID","US","+12082735570","appt@riverstonedental.com","http://www.riverstonedental.com/","https://www.facebook.com/143741868988171","Riverstone Dental","0.9998288347423077","","8","meta | Overture","CDLA-Permissive-2.0","2026-04-27T00:00:00.000Z | 2026-06-11T11:57:15Z"
"ID","Idaho","6d55b6fe-29c2-4282-bf04-be2ee5b279a3","Sugar Family Dental","-111.74808775","43.87299637","dentist","general_dentistry","3 E Center St","Sugar City","83448-1247","ID","US","+12086562000","sugarcitydentist@gmail.com","http://www.sugarcitydentist.com/","https://www.facebook.com/185642641292759","","0.9430127739906311","","3","meta | Overture","CDLA-Permissive-2.0","2026-04-27T00:00:00.000Z | 2026-06-11T11:57:15Z"
"ID","Idaho","6d8bbaac-996a-43a4-b0e2-bc7b19ede548","Millennium Family Dental","-116.36789814","43.58839907","dentist","general_dentistry | medical_service_organizations","1848 S Millenium Way","Meridian","83642-1510","ID","US","+12083141834","office@mfdmeridian.com","https://www.millenniumfamilydentistry.com/","https://www.facebook.com/432734883428895","","0.9920275807380676","","9","meta | Overture","CDLA-Permissive-2.0","2026-04-27T00:00:00.000Z | 2026-06-11T11:57:15Z"
"ID","Idaho","6dd79e4f-6448-456d-a50a-781cb1fc7152","Michael G. Summers Orthodontics","-112.437487451623","42.8949078210197","dentist","","1133 Call Creek Dr","Pocatello","83201","ID","US","(208) 232-0464","","http://www.bracesbysummers-id.com","https://www.facebook.com/110832392592990","","0.77","","5","Foursquare | Overture","Apache-2.0 | CDLA-Permissive-2.0","2026-03-25T00:00:00.000 | 2026-06-11T11:57:15Z"
"ID","Idaho","6e71286a-e51f-4816-b5f5-e2a2bb2e8f7e","Intermountain Dental Specialists","-116.3347985","43.64807528","dentist","general_dentistry | health_and_medical","12249 W McMillan Rd","Boise","83713-0555","ID","US","+12089172855","","http://www.imtds.com/","https://www.facebook.com/1476137465958287","","0.9199122190475464","open","8","meta | Overture | Overture-signals","CDLA-Permissive-2.0","2026-04-27T00:00:00.000Z | 2026-06-11T11:57:15Z | 2026-05-12T00:29:08Z | 2026-05-18T13:23:54Z | 2026-05-25T13:08:59Z | 2026-06-01T13:20:32Z | 2026-06-08T13:20:12Z"
"ID","Idaho","6e967252-8967-40be-a5ed-0948808aa86a","Kevin Hamblin","-114.46556501","42.58682096","dentist","endodontist | periodontist","1415 Fillmore St","Twin Falls","83301-3346","ID","US","+12087334515","","https://www.kevinhamblindds.com/contact/","https://www.facebook.com/471199196266178","","0.9199122190475464","open","8","meta | Overture | Overture-signals","CDLA-Permissive-2.0","2026-04-27T00:00:00.000Z | 2026-06-11T11:57:15Z | 2026-05-12T00:29:08Z | 2026-05-18T13:23:54Z | 2026-05-25T13:08:59Z | 2026-06-01T13:20:32Z | 2026-06-08T13:20:12Z"
"ID","Idaho","6ec03e22-8278-400f-9831-7a40acda4744","Hartley Family Dental","-116.573375","43.551871","dentist","","1705 12th Avenue Rd","Nampa","83686-6104","ID","US","+12084666600","office@hartleyfamilydental.com","http://www.hartleyfamilydental.com/","https://www.facebook.com/100304573344745","","0.8627141714096069","","8","meta | Overture","CDLA-Permissive-2.0","2026-04-27T00:00:00.000Z | 2026-06-11T11:57:15Z"
"ID","Idaho","6ef69011-42ff-4bfd-a223-d42e867ee6ff","Dental Implant Solutions of Idaho","-116.4018733","43.6479577","dentist","general_dentistry","4795 N Summit Way","Meridian","83646-6696","ID","US","+12088881802","aestheticsmiles@hotmail.com","https://www.dentalimplantsidaho.com/","https://www.facebook.com/353875717819377","","0.5340307354927063","","8","meta | Overture","CDLA-Permissive-2.0","2026-04-27T00:00:00.000Z | 2026-06-11T11:57:15Z"
"ID","Idaho","6fbaa270-a85b-453f-9581-9e6b9b7de5ac","Larsen Dental & Implant Care","-112.41745455","42.8715176","dentist","endodontist | periodontist","950 Hospital Way","Pocatello","83201-2762","ID","US","+12082337007","smile@larsendentalcare.com","https://act.alz.org/site/TR?fr_id=16034&pg=personal&px=21161740","https://www.facebook.com/926605897362248","","0.9199122190475464","open","8","meta | Overture | Overture-signals","CDLA-Permissive-2.0","2026-04-27T00:00:00.000Z | 2026-06-11T11:57:15Z | 2026-05-12T00:29:08Z | 2026-05-18T13:23:54Z | 2026-05-25T13:08:59Z | 2026-06-01T13:20:32Z | 2026-06-08T13:20:12Z"
"ID","Idaho","701c4d12-d50f-4c9f-97f5-70cd11e70be5","Zirker Family Dentistry","-111.96395246","43.48104097","dentist","general_dentistry","1801 S Ammon Rd","Ammon","83406-6860","ID","US","+12085287665","office@zirkerfamilydentistry.com","http://www.zirkerfamilydentistry.com/","https://www.facebook.com/434444226581170","","0.9992698937654495","","9","meta | Overture","CDLA-Permissive-2.0","2026-04-27T00:00:00.000Z | 2026-06-11T11:57:15Z"
"ID","Idaho","701d38d6-b7eb-446e-acd1-806471a8a199","Emerald West Dental","-116.29190098","43.61175486","dentist","general_dentistry | cosmetic_dentist","8850 W Emerald St","Boise","83704-4808","ID","US","+12083232294","ewfd@emeraldwest.net","http://www.emeraldwest.net/","https://www.facebook.com/242307916148254","Emerald West Dental","0.9199122190475464","open","8","meta | Overture | Overture-signals","CDLA-Permissive-2.0","2026-04-27T00:00:00.000Z | 2026-06-11T11:57:15Z | 2026-05-12T00:29:08Z | 2026-05-18T13:23:54Z | 2026-05-25T13:08:59Z | 2026-06-01T13:20:32Z | 2026-06-08T13:20:12Z"
"ID","Idaho","70345fa2-36a2-4ccc-8a52-28271531430d","Kidds Dental","-112.449689336933","42.8880595917977","dentist","","716 Yellowstone Ave","Pocatello","83201","ID","US","(208) 478-5437","jthomas@kiddsdental.com","http://www.kiddsdental.com","","","0.9199122190475464","open","4","Foursquare | Overture | Overture-signals","Apache-2.0 | CDLA-Permissive-2.0","2025-08-22T00:00:00.000 | 2026-06-11T11:57:15Z | 2026-05-12T00:29:08Z | 2026-05-18T13:23:54Z | 2026-05-25T13:08:59Z | 2026-06-01T13:20:32Z | 2026-06-08T13:20:12Z"
"ID","Idaho","70466d83-9b29-4d7c-8fca-a9c675008216","Burley Kids Dental","-113.78018","42.53821","dentist","medical_service_organizations | cosmetic_dentist","1010 E Main St","Burley","83318-2045","ID","US","+12086774531","info@burleykidsdental.com","http://burleykidsdental.com/","https://www.facebook.com/1700727000236159","","0.9199122190475464","open","6","meta | Overture | Overture-signals","CDLA-Permissive-2.0","2026-04-27T00:00:00.000Z | 2026-06-11T11:57:15Z | 2026-05-12T00:29:08Z | 2026-05-18T13:23:54Z | 2026-05-25T13:08:59Z | 2026-06-01T13:20:32Z | 2026-06-08T13:20:12Z"
"ID","Idaho","71160946-3ba2-46a4-8d61-b109f440a491","Guymon Orthodontics GO","-116.334801964753","43.647605663108","dentist","","4725 N Cloverdale Rd Suite 101","Boise","83713","ID","US","(208) 323-4458","info@boise-orthodontics.com","http://www.meridianortho.com","https://www.facebook.com/112663045457417","","0.9199122190475464","open","4","Foursquare | Overture | Overture-signals","Apache-2.0 | CDLA-Permissive-2.0","2025-09-03T00:00:00.000 | 2026-06-11T11:57:15Z | 2026-05-12T00:29:08Z | 2026-05-18T13:23:54Z | 2026-05-25T13:08:59Z | 2026-06-01T13:20:32Z | 2026-06-08T13:20:12Z"
"ID","Idaho","7167f6a5-468d-4ca2-a929-d61e63a68e0f","Canyon Creek Dental - Grace","-111.73236037","42.57574054","dentist","general_dentistry | health_and_medical","114 W 1st S","Grace","83241-5391","ID","US","+12088520194","office@cariboudental.com","http://canyoncreekdental.net/","https://www.facebook.com/1851128261569221","","0.9199122190475464","open","9","meta | Overture | Overture-signals","CDLA-Permissive-2.0","2026-04-27T00:00:00.000Z | 2026-06-11T11:57:15Z | 2026-05-12T00:29:08Z | 2026-05-18T13:23:54Z | 2026-05-25T13:08:59Z | 2026-06-01T13:20:32Z | 2026-06-08T13:20:12Z"
"ID","Idaho","71a23343-e6fc-4613-b9fb-fb0ab4bfa741","North Idaho Dental Group","-116.54453","48.29649","dentist","health_and_medical","30336-A Idaho 200","Ponderay","83852","ID","US","2082551255","","https://www.northidahodentalgroup.com/","","","0.85","","7","Microsoft | Overture","CDLA-Permissive-2.0","2025-10-06T02:13:05.180Z | 2026-06-11T11:57:15Z"
"ID","Idaho","71de01a7-4d1f-47e7-8613-fbd8aae901bd","Smile Miracles Project","-116.90754397","48.17982018","dentist","community_services_non_profits | naturopathic_holistic","50 Main St","Priest River","83856-6758","ID","US","+18555537566","smiles@drlonpeckham.com","https://smilemiracles.org/","https://www.facebook.com/104630952443551","","0.9199122190475464","open","9","meta | Overture | Overture-signals","CDLA-Permissive-2.0","2026-04-27T00:00:00.000Z | 2026-06-11T11:57:15Z | 2026-05-12T00:29:08Z | 2026-05-18T13:23:54Z | 2026-05-25T13:08:59Z | 2026-06-01T13:20:32Z | 2026-06-08T13:20:12Z"
"ID","Idaho","72d4e03f-5687-409d-906f-35394934b3f2","Kidds Dental","-113.792933444956","42.5242482801142","dentist","","2271 Overland Ave Ste 4","Burley","83318","ID","US","(208) 677-4531","","http://kiddsdental.com","","","0.9199122190475464","open","4","Foursquare | Overture | Overture-signals","Apache-2.0 | CDLA-Permissive-2.0","2025-10-01T00:00:00.000 | 2026-06-11T11:57:15Z | 2026-05-12T00:29:08Z | 2026-05-18T13:23:54Z | 2026-05-25T13:08:59Z | 2026-06-01T13:20:32Z | 2026-06-08T13:20:12Z"
"ID","Idaho","738f356e-a885-4f6d-9f8c-c95ccae1cb12","Dr. Robert Wayment","-113.67604253","42.61442491","dentist","doctor | health_and_medical","301 Scott Ave","Rupert","83350","ID","US","+12084366406","info@townsquaredentalidaho.com","https://www.garrardandwayment.com/","https://www.facebook.com/243757249147096","","0.9800553321838379","","1","meta | Overture","CDLA-Permissive-2.0","2026-04-27T00:00:00.000Z | 2026-06-11T11:57:15Z"
"ID","Idaho","74fb1729-6c82-48f4-903f-8365d7847434","Silverstone Family Dental","-116.35377563","43.58666874","dentist","general_dentistry","2026 S Eagle Rd","Meridian","83642-6707","ID","US","+12088883623","questions@silverstonefamilydental.com","http://www.silverstonefamilydental.com/","https://www.facebook.com/209439679455687","","0.9199122190475464","open","8","meta | Overture | Overture-signals","CDLA-Permissive-2.0","2026-04-27T00:00:00.000Z | 2026-06-11T11:57:15Z | 2026-05-12T00:29:08Z | 2026-05-18T13:23:54Z | 2026-05-25T13:08:59Z | 2026-06-01T13:20:32Z | 2026-06-08T13:20:12Z"
"ID","Idaho","750ab4fa-384d-4c41-9250-057888c1ae60","Mountain West Dental Care","-111.9981636","43.49156378","dentist","general_dentistry","675 S Woodruff Ave","Idaho Falls","83401-5596","ID","US","+12085380104","mountainwestdentalcare@gmail.com","http://mountainwestdentalcare.com/","https://www.facebook.com/127786687092755","","0.9199122190475464","open","8","meta | Overture | Overture-signals","CDLA-Permissive-2.0","2026-04-27T00:00:00.000Z | 2026-06-11T11:57:15Z | 2026-05-12T00:29:08Z | 2026-05-18T13:23:54Z | 2026-05-25T13:08:59Z | 2026-06-01T13:20:32Z | 2026-06-08T13:20:12Z"
"ID","Idaho","75c024c6-ead6-4db5-8f45-31c086f737ee","Fruitland Family Dental","-116.92214142","44.00898878","dentist","general_dentistry | doctor","715 SW 3rd St","Fruitland","83619-2583","ID","US","+12084524303","info@fruitlandfamilydental.com","http://www.fruitlandfamilydental.com/","https://www.facebook.com/104639796313456","","0.9199122190475464","open","9","meta | Overture | Overture-signals","CDLA-Permissive-2.0","2026-04-27T00:00:00.000Z | 2026-06-11T11:57:15Z | 2026-05-12T00:29:08Z | 2026-05-18T13:23:54Z | 2026-05-25T13:08:59Z | 2026-06-01T13:20:32Z | 2026-06-08T13:20:12Z"
"ID","Idaho","7609bd1b-04dc-4a2a-ba61-0b24d17fa73e","Rockhouse Dentistry","-111.78055013","43.82801338","dentist","general_dentistry | cosmetic_dentist","106 E 1st N","Rexburg","83440-1614","ID","US","+12083565600","rockhousedentistry@hotmail.com","http://www.rockhousedentistry.com/contact/","https://www.facebook.com/562454767157630","","0.9199122190475464","open","8","meta | Overture | Overture-signals","CDLA-Permissive-2.0","2026-04-27T00:00:00.000Z | 2026-06-11T11:57:15Z | 2026-05-12T00:29:08Z | 2026-05-18T13:23:54Z | 2026-05-25T13:08:59Z | 2026-06-01T13:20:32Z | 2026-06-08T13:20:12Z"
"ID","Idaho","76b0de5c-25fb-4287-845a-287368490053","Ryan E Rediger, DMD","-116.797451278102","47.6967205460778","dentist","","943 W Ironwood Dr Ste 200","Coeur D Alene","83814","ID","US","(855) 433-6825","","https://locations.willamettedental.com/id/coeur-d-alene/943-w-ironwood-drive/ryan-rediger.html","https://www.twitter.com/wdgdental","","0.9199122190475464","open","4","Foursquare | Overture | Overture-signals","Apache-2.0 | CDLA-Permissive-2.0","2021-02-24T00:00:00.000 | 2026-06-11T11:57:15Z | 2026-05-12T00:29:08Z | 2026-05-18T13:23:54Z | 2026-05-25T13:08:59Z | 2026-06-01T13:20:32Z | 2026-06-08T13:20:12Z"
"ID","Idaho","76e56319-eec1-4af2-bf88-d929ac86710e","Middleton Dental","-116.624113720777","43.7067801575276","dentist","","18 West Main","Middleton","83644","ID","US","(208) 585-3235","","http://www.meridian-dental.com","https://www.facebook.com/157728060926889","","0.9199122190475464","open","5","Foursquare | Overture | Overture-signals","Apache-2.0 | CDLA-Permissive-2.0","2025-08-22T00:00:00.000 | 2026-06-11T11:57:15Z | 2026-05-12T00:29:08Z | 2026-05-18T13:23:54Z | 2026-05-25T13:08:59Z | 2026-06-01T13:20:32Z | 2026-06-08T13:20:12Z"
"ID","Idaho","771f6e72-527b-4a24-82c7-01e4b6f950ae","Aspen Creek Dental","-116.51686737","43.61250268","dentist","cosmetic_dentist | general_dentistry","6144 Birch Ln","Nampa","83687-4148","ID","US","+12089367111","aspencreekdental@gmail.com","http://www.myaspencreekdental.com","https://www.facebook.com/164304326962155","","0.9199122190475464","open","8","meta | Overture | Overture-signals","CDLA-Permissive-2.0","2026-04-27T00:00:00.000Z | 2026-06-11T11:57:15Z | 2026-05-12T00:29:08Z | 2026-05-18T13:23:54Z | 2026-05-25T13:08:59Z | 2026-06-01T13:20:32Z | 2026-06-08T13:20:12Z"
"ID","Idaho","773cd269-d6c6-4998-85d3-f3c0744d296a","W. Dan Hauser DDS","-116.6421845","43.65860418","dentist","orthodontist | doctor","4603 Skyway St","Caldwell","83605-6054","ID","US","+12084543114","docwdanhauser@gmail.com","https://hauser-w-dan-dds.hub.biz/","https://www.facebook.com/802888816549145","","0.9722270369529724","","7","meta | Overture","CDLA-Permissive-2.0","2026-04-27T00:00:00.000Z | 2026-06-11T11:57:15Z"
"ID","Idaho","7881f4cb-8c99-4b61-aa3c-990253f84d71","Avondale Dental","-116.75917121","47.76627454","dentist","general_dentistry | cosmetic_dentist","1683 E Miles Ave","Hayden Lake","83835-9109","ID","US","+12087724066","info@avondaledentalcenter.com","http://www.avondaledentalcenter.com/","https://www.facebook.com/382039418661542","Avondale Dental","0.9199122190475464","open","9","meta | Overture | Overture-signals","CDLA-Permissive-2.0","2026-04-27T00:00:00.000Z | 2026-06-11T11:57:15Z | 2026-05-12T00:29:08Z | 2026-05-18T13:23:54Z | 2026-05-25T13:08:59Z | 2026-06-01T13:20:32Z | 2026-06-08T13:20:12Z"
"ID","Idaho","794d7a0c-7e09-4778-9621-c4631666ab69","Endeavor Dental Group","-112.4346008","42.8735364","dentist","health_and_medical","1541 E Clark St","Pocatello","83201","ID","US","2085476484","","https://endeavor-dental.com/","","","0.9199122190475464","open","9","Microsoft | Overture | Overture-signals","CDLA-Permissive-2.0","2024-05-29T09:26:29.863Z | 2026-06-11T11:57:15Z | 2026-05-12T00:29:08Z | 2026-05-18T13:23:54Z | 2026-05-25T13:08:59Z | 2026-06-01T13:20:32Z | 2026-06-08T13:20:12Z"
"ID","Idaho","7968a01f-0b4a-4eb6-834e-d83fab3c00fb","Ellison Orthodontics","-111.777089789111","43.8278341483563","dentist","","214E 1st N","Rexburg","83440","ID","US","(208) 356-3300","","http://www.idahofallsorthodontics.com","https://www.facebook.com/135491696503339","","0.77","","5","Foursquare | Overture","Apache-2.0 | CDLA-Permissive-2.0","2025-06-11T00:00:00.000 | 2026-06-11T11:57:15Z"
"ID","Idaho","79b4f662-1e8c-4ebc-ab41-a82ad6be36c6","Millennium Dental","-116.239088141625","43.63755712","dentist","","823 N Stilson Rd","Boise","83703-5145","ID","US","","","http://www.boisebestdental.com/","https://www.facebook.com/148554161874211","","0.5624251365661621","","10","meta | Overture","CDLA-Permissive-2.0","2026-04-27T00:00:00.000Z | 2026-06-11T11:57:15Z"
"ID","Idaho","79e12314-0414-4250-8cda-8394fca9c2b0","Roberts and Hall Dentistry","-114.49214887","42.56669444","dentist","general_dentistry | medical_service_organizations","256 Martin St","Twin Falls","83301-4542","ID","US","+12084233498","robertsandhall@smile7.com","http://www.robertsandhall.com/","https://www.facebook.com/182920095057342","","0.9199122190475464","open","8","meta | Overture | Overture-signals","CDLA-Permissive-2.0","2026-04-27T00:00:00.000Z | 2026-06-11T11:57:15Z | 2026-05-12T00:29:08Z | 2026-05-18T13:23:54Z | 2026-05-25T13:08:59Z | 2026-06-01T13:20:32Z | 2026-06-08T13:20:12Z"
"ID","Idaho","7a5909c9-a7ad-47fb-8071-44b9be54db91","Palouse View Dental","-117.00196657","46.72093186","dentist","general_dentistry | health_and_medical","1526 S Levick St","Moscow","83843-2560","ID","US","+12088866003","info@palouseviewdental.com","https://www.palouseviewdental.com/","https://www.facebook.com/142360185844763","","0.9199122190475464","open","9","meta | Overture | Overture-signals","CDLA-Permissive-2.0","2026-04-27T00:00:00.000Z | 2026-06-11T11:57:15Z | 2026-05-12T00:29:08Z | 2026-05-18T13:23:54Z | 2026-05-25T13:08:59Z | 2026-06-01T13:20:32Z | 2026-06-08T13:20:12Z"
"ID","Idaho","7ae17b9b-c8f6-4a9c-9175-529108d0d022","Roy Rogers","-116.3007539","43.59105129","dentist","pediatric_dentist | restaurant","1564 S Timesquare Ln","Boise","83709-8266","ID","US","+12083768873","","","https://www.facebook.com/167261833333495","","0.7038590908050537","","7","meta | Overture","CDLA-Permissive-2.0","2026-04-27T00:00:00.000Z | 2026-06-11T11:57:15Z"
"ID","Idaho","7ae67379-a01a-4977-b5ed-61f2d638442d","Nampa Smiles South","-116.57308321","43.55182202","dentist","general_dentistry","1705 12th Avenue Rd","Nampa","83686-6104","ID","US","+12089749246","nssouth@nampasmiles.com","https://www.nampasmilessouth.com/","https://www.facebook.com/109436315400383","","0.9902192950248718","open","8","meta | Overture | Overture-signals","CDLA-Permissive-2.0","2026-04-27T00:00:00.000Z | 2026-06-11T11:57:15Z | 2026-05-12T00:29:08Z | 2026-05-18T13:23:54Z | 2026-05-25T13:08:59Z | 2026-06-01T13:20:32Z | 2026-06-08T13:20:12Z"
"ID","Idaho","7ba26801-9327-440b-9c0e-0e4e0b1430ad","Garden Valley Dental","-115.9676412","44.10048224","dentist","","982 Banks Lowman Hwy","Garden Valley","83622-8000","ID","US","+12084622220","gvoffice@carterdmd.com","","https://www.facebook.com/812688265763450","","0.9199122190475464","open","7","meta | Overture | Overture-signals","CDLA-Permissive-2.0","2026-04-27T00:00:00.000Z | 2026-06-11T11:57:15Z | 2026-05-12T00:29:08Z | 2026-05-18T13:23:54Z | 2026-05-25T13:08:59Z | 2026-06-01T13:20:32Z | 2026-06-08T13:20:12Z"
"ID","Idaho","7cc02707-f3a2-4a40-a42a-7fe5239833d3","Mountain Home Dentistry Co.","-115.69673833","43.12680211","dentist","general_dentistry","450 Air Base Rd","Mountain Home","83647","ID","US","+12085871111","info@mtnhomedentistryco.com","http://www.thedomedentistry.com/","https://www.facebook.com/868781199643381","","0.9199122190475464","open","7","meta | Overture | Overture-signals","CDLA-Permissive-2.0","2026-04-27T00:00:00.000Z | 2026-06-11T11:57:15Z | 2026-05-12T00:29:08Z | 2026-05-18T13:23:54Z | 2026-05-25T13:08:59Z | 2026-06-01T13:20:32Z | 2026-06-08T13:20:12Z"
"ID","Idaho","7ce69c38-a920-4482-99f2-02798003c9c0","Andrew A Reichert, DDS","-116.79742","47.69672","dentist","doctor | health_and_medical","943 W Ironwood Dr Ste 200","Coeur D Alene","83814","ID","US","8554336825","","https://locations.willamettedental.com/id/coeur-d-alene/943-w-ironwood-drive-andrew-reichert","","","0.9199122190475464","open","6","Microsoft | Overture | Overture-signals","CDLA-Permissive-2.0","2025-10-06T08:12:59.760Z | 2026-06-11T11:57:15Z | 2026-05-12T00:29:08Z | 2026-05-18T13:23:54Z | 2026-05-25T13:08:59Z | 2026-06-01T13:20:32Z | 2026-06-08T13:20:12Z"
"ID","Idaho","7d0ead24-9256-44bc-9dc3-d4ebc16f1c28","Oneida Family Dental","-112.24435731","42.1828733","dentist","general_dentistry","150 S Main St","Malad City","83252-1405","ID","US","+12089043614","info@oneidafamilydental.com","http://www.oneidafamilydental.com/","https://www.facebook.com/1410317185739756","","0.9199122190475464","open","6","meta | Overture | Overture-signals","CDLA-Permissive-2.0","2026-04-27T00:00:00.000Z | 2026-06-11T11:57:15Z | 2026-05-12T00:29:08Z | 2026-05-18T13:23:54Z | 2026-05-25T13:08:59Z | 2026-06-01T13:20:32Z | 2026-06-08T13:20:12Z"
"ID","Idaho","7d31b5e6-aef9-4503-a18c-1a052911eb62","Dentures By Design","-112.43303328","42.87245127","dentist","prosthodontist","115 S 15th Ave","Pocatello","83201-4004","ID","US","+12082322558","dentureclinicgeno@gmail.com","http://denturesbydesignidaho.com/","https://www.facebook.com/1829130090700719","","0.9199122190475464","open","8","meta | Overture | Overture-signals","CDLA-Permissive-2.0","2026-04-27T00:00:00.000Z | 2026-06-11T11:57:15Z | 2026-05-12T00:29:08Z | 2026-05-18T13:23:54Z | 2026-05-25T13:08:59Z | 2026-06-01T13:20:32Z | 2026-06-08T13:20:12Z"
"ID","Idaho","7d6a69cc-9186-4731-971d-6c7a585b7f17","Simpson Dental Offices","-112.35697007","43.19769795","dentist","general_dentistry | medical_service_organizations","1180 Parkway Dr","Blackfoot","83221-1651","ID","US","+12087850310","frontoffice.simpson@gmail.com","http://simpsondental-id.com","https://www.facebook.com/925962340933546","","0.9199122190475464","open","7","meta | Overture | Overture-signals","CDLA-Permissive-2.0","2026-04-27T00:00:00.000Z | 2026-06-11T11:57:15Z | 2026-05-12T00:29:08Z | 2026-05-18T13:23:54Z | 2026-05-25T13:08:59Z | 2026-06-01T13:20:32Z | 2026-06-08T13:20:12Z"
"ID","Idaho","7d84f281-028e-427f-b30c-f2cb49ee8a37","Black Pine Oral Surgery","-116.353567","43.652706","dentist","","5266 N Eagle Rd","Boise","83713","ID","US","(208) 369-9500","","http://blackpineoralsurgery.com","","","0.77","","3","Foursquare | Overture","Apache-2.0 | CDLA-Permissive-2.0","2025-10-27T00:00:00.000 | 2026-06-11T11:57:15Z"
"ID","Idaho","7edb53d2-717e-4087-aea7-e160b891d26e","Bryden General & Implant Dentistry","-116.99752492","46.38038569","dentist","orthodontist | health_and_medical","638 Bryden Ave","Lewiston","83501-5169","ID","US","+12087435032","drdanwilson@cableone.net","https://www.brydendentalcenter.com/","https://www.facebook.com/109955905244955","","0.9982802001237869","","8","meta | Overture","CDLA-Permissive-2.0","2026-04-27T00:00:00.000Z | 2026-06-11T11:57:15Z"
"ID","Idaho","7ee09326-a495-4258-898d-c1015a20d5ee","Summit View Dental","-113.60707393","43.91133444","dentist","doctor | health_and_medical","211 E Custer St","Mackay","83251-7780","ID","US","+12085883316","summitviewdental@gmail.com","https://doctorbase.com/blog/dr-brent-goldthorpe-mackay-id","https://www.facebook.com/347854175341126","","0.9199122190475464","open","7","meta | Overture | Overture-signals","CDLA-Permissive-2.0","2026-04-27T00:00:00.000Z | 2026-06-11T11:57:15Z | 2026-05-12T00:29:08Z | 2026-05-18T13:23:54Z | 2026-05-25T13:08:59Z | 2026-06-01T13:20:32Z | 2026-06-08T13:20:12Z"
"ID","Idaho","80188f93-f097-436c-8d51-b5a504838a44","Lighthouse Dental","-116.35461356","43.70622947","dentist","general_dentistry","1177 N Eagle Rd","Eagle","83616-5017","ID","US","+12089393010","","https://lighthousedentaleagle.com","https://www.facebook.com/552577734881386","LighthouseDental,  Comprehensive Family Dental Care","0.9199122190475464","open","8","meta | Overture | Overture-signals","CDLA-Permissive-2.0","2026-04-27T00:00:00.000Z | 2026-06-11T11:57:15Z | 2026-05-12T00:29:08Z | 2026-05-18T13:23:54Z | 2026-05-25T13:08:59Z | 2026-06-01T13:20:32Z | 2026-06-08T13:20:12Z"
"ID","Idaho","80539481-19d2-4b1a-89c6-70d999af77be","Jill Shelton Wagers","-116.272012","43.611955","dentist","periodontist | doctor","7235 W Emerald St","Boise","83704-8600","ID","US","+12083270337","","http://www.jswfamilydentistry.com/","https://www.facebook.com/153639561340704","","0.9199122190475464","open","6","meta | Overture | Overture-signals","CDLA-Permissive-2.0","2026-04-27T00:00:00.000Z | 2026-06-11T11:57:15Z | 2026-05-12T00:29:08Z | 2026-05-18T13:23:54Z | 2026-05-25T13:08:59Z | 2026-06-01T13:20:32Z | 2026-06-08T13:20:12Z"
"ID","Idaho","80744315-d9fc-47ff-bb02-376d5929e168","Legacy Smiles Family Dental","-116.35534276","43.61567244","dentist","general_dentistry","1180 N Olive Ave","Meridian","83642-5920","ID","US","+12088883311","angel@aspendentalcare.com","http://legacysmiles.com/","https://www.facebook.com/667706923240965","Aspen Dental Care","0.9199122190475464","open","9","meta | Overture | Overture-signals","CDLA-Permissive-2.0","2026-04-27T00:00:00.000Z | 2026-06-11T11:57:15Z | 2026-05-12T00:29:08Z | 2026-05-18T13:23:54Z | 2026-05-25T13:08:59Z | 2026-06-01T13:20:32Z | 2026-06-08T13:20:12Z"
"ID","Idaho","809fe3ef-bb2e-49db-8860-433c7341aaca","Warm Springs Dental","-116.16702563","43.60046845","dentist","general_dentistry","2200 E Warm Springs Ave","Boise","83712-8401","ID","US","+12083432000","tylersmithdmd@gmail.com","http://www.warmspringsdentalboise.com/","https://www.facebook.com/107616682610435","","0.9199122190475464","open","9","meta | Overture | Overture-signals","CDLA-Permissive-2.0","2026-04-27T00:00:00.000Z | 2026-06-11T11:57:15Z | 2026-05-12T00:29:08Z | 2026-05-18T13:23:54Z | 2026-05-25T13:08:59Z | 2026-06-01T13:20:32Z | 2026-06-08T13:20:12Z"
"ID","Idaho","81dcfdae-1d09-4bbe-b2b3-535f5f8da4ed","Mt. Baldy Dental","-116.565986419072","48.2678962202156","dentist","","1301 Highway 2","Sandpoint","83864","ID","US","(208) 263-6806","contact@mtbaldydental.com","http://www.mtbaldydental.com","","","0.77","","5","Foursquare | Overture","Apache-2.0 | CDLA-Permissive-2.0","2025-02-19T00:00:00.000 | 2026-06-11T11:57:15Z"
"ID","Idaho","81e42ea8-8b62-4bae-87c5-6fa062bfdd43","Willamette Dental Group","-116.36385826","43.59534963","dentist","general_dentistry | medical_service_organizations","1075 S Wells St","Meridian","83642-7997","ID","US","+18554336825","info@willamettedental.com","https://locations.willamettedental.com/id/meridian/1075-s-wells-street.html","https://www.facebook.com/619563324902009","Willamette Dental","0.9199122190475464","open","8","meta | Overture | Overture-signals","CDLA-Permissive-2.0","2026-04-27T00:00:00.000Z | 2026-06-11T11:57:15Z | 2026-05-12T00:29:08Z | 2026-05-18T13:23:54Z | 2026-05-25T13:08:59Z | 2026-06-01T13:20:32Z | 2026-06-08T13:20:12Z"
"ID","Idaho","83880c8c-99e8-4290-ab78-00854abd1f65","Four Season Dental","-112.450095828323","42.8957427090777","dentist","","115 E Chapel Rd","Pocatello","83201","ID","US","(208) 237-6848","","http://www.fourseasondental.com","https://www.facebook.com/121750927882552","","0.9199122190475464","open","4","Foursquare | Overture | Overture-signals","Apache-2.0 | CDLA-Permissive-2.0","2025-08-19T00:00:00.000 | 2026-06-11T11:57:15Z | 2026-05-12T00:29:08Z | 2026-05-18T13:23:54Z | 2026-05-25T13:08:59Z | 2026-06-01T13:20:32Z | 2026-06-08T13:20:12Z"
"ID","Idaho","83ea179b-f592-4d37-9218-741dcc449fc4","Our Town Family Dentistry","-116.97115826","44.24570182","dentist","general_dentistry | medical_service_organizations","39 W Idaho St","Weiser","83672-1943","ID","US","+12084144444","info@ourtownfamilydentistry.com","http://ourtownfamilydentistry.com/","https://www.facebook.com/356912084351602","","0.9199122190475464","open","7","meta | Overture | Overture-signals","CDLA-Permissive-2.0","2026-04-27T00:00:00.000Z | 2026-06-11T11:57:15Z | 2026-05-12T00:29:08Z | 2026-05-18T13:23:54Z | 2026-05-25T13:08:59Z | 2026-06-01T13:20:32Z | 2026-06-08T13:20:12Z"
"ID","Idaho","840c7705-03fe-40e5-a773-6545c2ae6e12","David J. Hill, DDS Family Dentistry","-112.006339","43.482045","dentist","cosmetic_dentist | pediatric_dentist","1400 E 17th St","Idaho Falls","83404-6269","ID","US","+12085425300","davidhillfamilydentistry@gmail.com","http://www.davidhilldds.com/","https://www.facebook.com/132845110590312","","0.6982559561729431","","4","meta | Overture","CDLA-Permissive-2.0","2026-04-27T00:00:00.000Z | 2026-06-11T11:57:15Z"
"ID","Idaho","84216521-1a5b-4228-950a-c3eccd182e2e","Dr. Chad W. Dodds, DDS","-114.465557","42.5869","dentist","","1415 Fillmore St","Twin Falls","83301","ID","US","(208) 490-8031","","https://www.chaddoddsdental.com","","","0.77","","3","Foursquare | Overture","Apache-2.0 | CDLA-Permissive-2.0","2025-10-16T00:00:00.000 | 2026-06-11T11:57:15Z"
"ID","Idaho","847fe9ce-d5ec-4fb5-9836-ab438ab57b2c","Boise River Dental","-116.28553939","43.62676033","dentist","general_dentistry | doctor","8336 W Northview St","Boise","83704-7132","ID","US","+12083754544","info@boiseriverdental.com","https://boiseriverdental.com/","https://www.facebook.com/109214134012925","","0.9199122190475464","open","7","meta | Overture | Overture-signals","CDLA-Permissive-2.0","2026-04-27T00:00:00.000Z | 2026-06-11T11:57:15Z | 2026-05-12T00:29:08Z | 2026-05-18T13:23:54Z | 2026-05-25T13:08:59Z | 2026-06-01T13:20:32Z | 2026-06-08T13:20:12Z"
"ID","Idaho","848fd0aa-2e12-418c-859e-dd49f5a3d9fe","Cherry Lane Kids Dentistry","-116.399858251761","43.6189812902502","dentist","","1558 N Crestmont Dr Suite A","Meridian","83642","ID","US","(208) 519-3474","info@cherrylanekidsdentistry.com","https://www.cherrylanekidsdentistry.com","","","0.77","","9","Foursquare | Overture","Apache-2.0 | CDLA-Permissive-2.0","2025-06-06T00:00:00.000 | 2026-06-11T11:57:15Z"
"ID","Idaho","84f8359f-eb42-4168-87ad-eef30c1ef6fd","Victory Dental","-116.27512555","43.57556384","dentist","cosmetic_dentist | medical_service_organizations","7421 W Victory Rd","Boise","83709-6689","ID","US","+12084021040","victorydentalboise@gmail.com","http://www.Victory-Dental.com/","https://www.facebook.com/137671199644497","Victory Dental","0.9199122190475464","open","8","meta | Overture | Overture-signals","CDLA-Permissive-2.0","2026-04-27T00:00:00.000Z | 2026-06-11T11:57:15Z | 2026-05-12T00:29:08Z | 2026-05-18T13:23:54Z | 2026-05-25T13:08:59Z | 2026-06-01T13:20:32Z | 2026-06-08T13:20:12Z"
"ID","Idaho","85599547-a6d4-41e2-a13e-b20438c23886","Club 32 Dental Caldwell","-116.6968567","43.6528073","dentist","health_and_medical","1916 Ellis Ave","Caldwell","83605","ID","US","2085063233","","https://www.myrightsmile.com/club-32/","","","0.9199122190475464","open","7","Microsoft | Overture | Overture-signals","CDLA-Permissive-2.0","2025-09-05T16:18:28.550Z | 2026-06-11T11:57:15Z | 2026-05-12T00:29:08Z | 2026-05-18T13:23:54Z | 2026-05-25T13:08:59Z | 2026-06-01T13:20:32Z | 2026-06-08T13:20:12Z"
"ID","Idaho","85720e63-8954-4859-89e9-6e8e28952bee","Meridian Smiles Dentistry","-116.35369616","43.62583258","dentist","general_dentistry | health_and_medical","2274 N Eagle Rd","Meridian","83646-6615","ID","US","+12088935440","meridiansmilesdentistry@smilegeneration.com","https://www.MeridianSmilesDentistry.com/?sc_cid=Facebook%3AO%3AGP%3A570%3ASocial%3AGeneral%3Ana&_vsrefdom=organic_social&y_source=1_MTEwMjg5NC01NTktbG9jYXRpb24ud2Vic2l0ZQ%3D%3D","https://www.facebook.com/469600733136105","Smile Generation","0.9902192950248718","open","8","meta | Overture | Overture-signals","CDLA-Permissive-2.0","2026-04-27T00:00:00.000Z | 2026-06-11T11:57:15Z | 2026-05-12T00:29:08Z | 2026-05-18T13:23:54Z | 2026-05-25T13:08:59Z | 2026-06-01T13:20:32Z | 2026-06-08T13:20:12Z"
"ID","Idaho","858e268a-b036-4ce4-b711-40b24e1b554f","Stephen Hubert DDS","-116.176082","43.591221","dentist","naturopathic_holistic | health_and_medical","600 E Riverpark Ln","Boise","83706-6509","ID","US","+12082583600","","https://stephenhubertdds.com/","https://www.facebook.com/380446395437654","","0.8748485445976257","","8","meta | Overture","CDLA-Permissive-2.0","2026-04-27T00:00:00.000Z | 2026-06-11T11:57:15Z"
"ID","Idaho","86d1f755-3944-4e69-8758-38ec0673d859","Mudrow Family Dental","-111.998529","43.494114","dentist","health_and_medical | hospital","333 S Woodruff Ave","Idaho Falls","83401-4322","ID","US","+12085242036","mudrowfamilydental@gmail.com","https://www.MudrowFamilyDental.com/","https://www.facebook.com/521520244606630","","0.9621995687484741","","2","meta | Overture","CDLA-Permissive-2.0","2026-04-27T00:00:00.000Z | 2026-06-11T11:57:15Z"
"ID","Idaho","86ee43fc-b756-43f6-bcd6-3468143cc9f9","Jeffrey R. Roth","-114.3126409","43.51651824","dentist","general_dentistry | cosmetic_dentist","408 S Main St","Hailey","83333-8300","ID","US","+12087887766","jeffr@elevatehaileydental.com","http://www.elevatehaileydental.com/","https://www.facebook.com/147517591941027","","0.9199122190475464","open","7","meta | Overture | Overture-signals","CDLA-Permissive-2.0","2026-04-27T00:00:00.000Z | 2026-06-11T11:57:15Z | 2026-05-12T00:29:08Z | 2026-05-18T13:23:54Z | 2026-05-25T13:08:59Z | 2026-06-01T13:20:32Z | 2026-06-08T13:20:12Z"
"ID","Idaho","87aa0e51-214f-4af4-b38f-c3ffb6c8776a","Cascade Smiles Family & Restorative Dentistry","-116.02834213","44.50403222","dentist","general_dentistry","839 S Main St","Cascade","83611-5221","ID","US","+12083828200","cascadesmilesgroup@gmail.com","https://cascadesmilesidaho.com/about/dr-james-stirland/","https://www.facebook.com/669564236249836","","0.9875918328762054","","10","meta | Overture","CDLA-Permissive-2.0","2026-04-27T00:00:00.000Z | 2026-06-11T11:57:15Z"
"ID","Idaho","88fd72d1-de0c-49a0-888c-3561ee606f64","Leavitt Family Dentistry","-117.01284758","46.38234876","dentist","general_dentistry","3326 4th St","Lewiston","83501-4455","ID","US","+12087462646","info@leavittfamilydentistry.com","https://www.leavittfamilydentistry.com/","https://www.facebook.com/170223632992667","","0.9199122190475464","open","9","meta | Overture | Overture-signals","CDLA-Permissive-2.0","2026-04-27T00:00:00.000Z | 2026-06-11T11:57:15Z | 2026-05-12T00:29:08Z | 2026-05-18T13:23:54Z | 2026-05-25T13:08:59Z | 2026-06-01T13:20:32Z | 2026-06-08T13:20:12Z"
"ID","Idaho","89de7016-a875-4b58-9442-2b1aa38b1d9c","Deerflat Dental/ Dr. Grant Francis DDS","-116.42466337","43.50262775","dentist","general_dentistry | cosmetic_dentist","855 W Deer Flat Rd","Kuna","83634-1266","ID","US","+12089221919","frontoffice@deerflatdental.com","https://www.deerflatdental.com/index.html#drfrancis","https://www.facebook.com/274399909371096","","0.9794642925262451","","8","meta | Overture","CDLA-Permissive-2.0","2026-04-27T00:00:00.000Z | 2026-06-11T11:57:15Z"
"ID","Idaho","89f1028e-d275-4efb-b9cc-2c7546b4934f","Bryce D Hanson, DMD","-112.130105226566","43.3744421540856","dentist","","371 W Fir St","Shelley","83274","ID","US","(208) 357-7611","","https://doctorbase.com/blog/rivervalleydentalcare","https://www.facebook.com/1485535088404395","","0.9199122190475464","open","4","Foursquare | Overture | Overture-signals","Apache-2.0 | CDLA-Permissive-2.0","2025-08-22T00:00:00.000 | 2026-06-11T11:57:15Z | 2026-05-12T00:29:08Z | 2026-05-18T13:23:54Z | 2026-05-25T13:08:59Z | 2026-06-01T13:20:32Z | 2026-06-08T13:20:12Z"
"ID","Idaho","8a15a2d0-5be3-460a-ab46-fa27c2a05511","Mountain view dentistry","-116.126146491518","45.9278415254249","dentist","","615 W North St","Grangeville","83530","ID","US","(208) 983-0105","","http://mtnviewdentistry.com","","","0.9199122190475464","open","4","Foursquare | Overture | Overture-signals","Apache-2.0 | CDLA-Permissive-2.0","2025-01-28T00:00:00.000 | 2026-06-11T11:57:15Z | 2026-05-12T00:29:08Z | 2026-05-18T13:23:54Z | 2026-05-25T13:08:59Z | 2026-06-01T13:20:32Z | 2026-06-08T13:20:12Z"
"ID","Idaho","8b58f640-6622-4c20-9169-c3e613654c24","Clock Tower Family and Cosmetic Dentistry","-116.68154394","43.6330038","dentist","cosmetic_dentist | general_dentistry","4101 S Clocktower Ave","Caldwell","83607-5006","ID","US","+12084550022","drpatrickwaite@outlook.com","http://www.clocktowerdentist.com/","https://www.facebook.com/1010400769061095","Bear Creek Family Dentistry","0.9932031631469727","","9","meta | Overture","CDLA-Permissive-2.0","2026-04-27T00:00:00.000Z | 2026-06-11T11:57:15Z"
"ID","Idaho","8d100c83-09bf-4894-98fa-d244a3622d92","Tyler G Shaw, DDS","-114.488334655762","42.5889053344727","dentist","","452 Cheney Dr W Ste 150","Twin Falls","83301","ID","US","(855) 433-6825","","https://locations.willamettedental.com/id/twin-falls/452-cheney-drive-west/tyler-shaw.html","https://www.twitter.com/wdgdental","","0.9199122190475464","open","4","Foursquare | Overture | Overture-signals","Apache-2.0 | CDLA-Permissive-2.0","2021-02-24T00:00:00.000 | 2026-06-11T11:57:15Z | 2026-05-12T00:29:08Z | 2026-05-18T13:23:54Z | 2026-05-25T13:08:59Z | 2026-06-01T13:20:32Z | 2026-06-08T13:20:12Z"
"ID","Idaho","8d383ded-1047-40ed-9bcb-af2789feccf2","David L. Wilkinson, DDS, MS","-117.013000488331","46.3824306749531","dentist","","3326 4th St Ste 5","Lewiston","83501","ID","US","(208) 746-0479","","http://www.wilkinsonortho.com","","","0.9199122190475464","open","4","Foursquare | Overture | Overture-signals","Apache-2.0 | CDLA-Permissive-2.0","2025-08-22T00:00:00.000 | 2026-06-11T11:57:15Z | 2026-05-12T00:29:08Z | 2026-05-18T13:23:54Z | 2026-05-25T13:08:59Z | 2026-06-01T13:20:32Z | 2026-06-08T13:20:12Z"
"ID","Idaho","8d4a71a7-fe3f-46d4-a164-bb722a2d53e1","Moscow Family Dentistry","-116.98478345","46.72999034","dentist","health_and_medical | chiropractor","1215 E 6th St","Moscow","83843-3705","ID","US","+12088826570","smiles@moscowfamilydentistry.com","http://www.moscowfamilydentistry.com/","https://www.facebook.com/175493632503150","","0.9199122190475464","open","6","meta | Overture | Overture-signals","CDLA-Permissive-2.0","2026-04-27T00:00:00.000Z | 2026-06-11T11:57:15Z | 2026-05-12T00:29:08Z | 2026-05-18T13:23:54Z | 2026-05-25T13:08:59Z | 2026-06-01T13:20:32Z | 2026-06-08T13:20:12Z"
"ID","Idaho","8dc40a7c-d7f9-491b-ac40-3814a5289ecd","Sleep Solutions Northwest","-116.57785534","48.27274762","dentist","general_dentistry | health_and_medical","2025 Pine St","Sandpoint","83864-9327","ID","US","+12082654558","info@sleepsnw.com","http://www.sleepsnw.com/","https://www.facebook.com/336640056538982","","0.9199122190475464","open","8","meta | Overture | Overture-signals","CDLA-Permissive-2.0","2026-04-27T00:00:00.000Z | 2026-06-11T11:57:15Z | 2026-05-12T00:29:08Z | 2026-05-18T13:23:54Z | 2026-05-25T13:08:59Z | 2026-06-01T13:20:32Z | 2026-06-08T13:20:12Z"
"ID","Idaho","8e18d823-f66e-4e8c-869e-8021a231bd41","Cottonwood Dental Care","-111.11280711","43.72126652","dentist","general_dentistry | health_and_medical","180 S Main St","Driggs","83422-5034","ID","US","+12083549700","mail@cottonwooddentalcare.com","http://www.cottonwooddentalcare.com","https://www.facebook.com/111527595577835","","0.9199122190475464","open","8","meta | Overture | Overture-signals","CDLA-Permissive-2.0","2026-04-27T00:00:00.000Z | 2026-06-11T11:57:15Z | 2026-05-12T00:29:08Z | 2026-05-18T13:23:54Z | 2026-05-25T13:08:59Z | 2026-06-01T13:20:32Z | 2026-06-08T13:20:12Z"
"ID","Idaho","8e648703-7b80-4b92-a4f5-b2b4ad312c5e","Paramount Family Dentistry","-116.308381428444","43.6200702326266","dentist","","10162 W Fairview Ave","Boise","83704","ID","US","(208) 375-0192","info@paramountfamilydental.com","http://www.paramountfamilydental.com","","","0.9199122190475464","open","8","Foursquare | Overture | Overture-signals","Apache-2.0 | CDLA-Permissive-2.0","2026-03-03T00:00:00.000 | 2026-06-11T11:57:15Z | 2026-05-12T00:29:08Z | 2026-05-18T13:23:54Z | 2026-05-25T13:08:59Z | 2026-06-01T13:20:32Z | 2026-06-08T13:20:12Z"
"ID","Idaho","8f5501ae-256f-4af5-aac8-e0daa1902dc4","Summit Dental Group","-116.21925503","43.61651894","dentist","general_dentistry | medical_service_organizations","782 S Americana Blvd","Boise","83702-6733","ID","US","+12083458962","info@summitdentalboise.com","https://www.boise-dentists.com/","https://www.facebook.com/114503279307","Summit Dental Group","0.9902192950248718","open","7","meta | Overture | Overture-signals","CDLA-Permissive-2.0","2026-04-27T00:00:00.000Z | 2026-06-11T11:57:15Z | 2026-05-12T00:29:08Z | 2026-05-18T13:23:54Z | 2026-05-25T13:08:59Z | 2026-06-01T13:20:32Z | 2026-06-08T13:20:12Z"
"ID","Idaho","8fb42d63-65b5-4418-ae68-1136fe7bd413","Pine Street Dental","-116.57687487","48.27280983","dentist","general_dentistry | medical_service_organizations","2005 Pine St","Sandpoint","83864-9327","ID","US","+12082654115","pinestdental@gmail.com","http://www.pinestdental.com/","https://www.facebook.com/1185859368097843","","0.9199122190475464","open","9","meta | Overture | Overture-signals","CDLA-Permissive-2.0","2026-04-27T00:00:00.000Z | 2026-06-11T11:57:15Z | 2026-05-12T00:29:08Z | 2026-05-18T13:23:54Z | 2026-05-25T13:08:59Z | 2026-06-01T13:20:32Z | 2026-06-08T13:20:12Z"
"ID","Idaho","8fe86dc0-f68a-4ba8-af55-a730ccb98d2a","Owyhee Family Dental","-116.93413511","43.61606","dentist","cosmetic_dentist | teeth_whitening","115 S Main St","Homedale","83628-3415","ID","US","+12083374383","owyheedental@gmail.com","http://www.owyheefamilydental.com/","https://www.facebook.com/1383747358563911","","0.9199122190475464","open","9","meta | Overture | Overture-signals","CDLA-Permissive-2.0","2026-04-27T00:00:00.000Z | 2026-06-11T11:57:15Z | 2026-05-12T00:29:08Z | 2026-05-18T13:23:54Z | 2026-05-25T13:08:59Z | 2026-06-01T13:20:32Z | 2026-06-08T13:20:12Z"
"ID","Idaho","9007ba2c-2f25-4f5e-af0d-b648a1ad94ea","Cornerstone Dental Center","-116.79413654","47.74795652","dentist","general_dentistry | medical_service_organizations","8385 N Cornerstone Dr","Hayden","83835-8684","ID","US","+12087725141","info@cornerstonedentalcenter.com","http://www.cornerstonedentalcenter.com/","https://www.facebook.com/481065718612360","Marty Hann Dentistry","0.9199122190475464","open","8","meta | Overture | Overture-signals","CDLA-Permissive-2.0","2026-04-27T00:00:00.000Z | 2026-06-11T11:57:15Z | 2026-05-12T00:29:08Z | 2026-05-18T13:23:54Z | 2026-05-25T13:08:59Z | 2026-06-01T13:20:32Z | 2026-06-08T13:20:12Z"
"ID","Idaho","907e5c88-69aa-4193-9f6a-5ddbe1139098","Whitney M Frank DDS","-116.936918303031","47.7213602377201","dentist","","801 E Medical Ct","Post Falls","83854","ID","US","(208) 773-1559","","http://wfrankdds.com","","","0.9199122190475464","open","4","Foursquare | Overture | Overture-signals","Apache-2.0 | CDLA-Permissive-2.0","2025-08-22T00:00:00.000 | 2026-06-11T11:57:15Z | 2026-05-12T00:29:08Z | 2026-05-18T13:23:54Z | 2026-05-25T13:08:59Z | 2026-06-01T13:20:32Z | 2026-06-08T13:20:12Z"
"ID","Idaho","90a8b921-aeac-4ca2-9f1b-46abd3653fb5","Eagle Rock Dental Care","-113.29544913","43.64033034","dentist","general_dentistry","520 Highland Dr","Arco","83213-5003","ID","US","+12085273472","","http://eaglerockdentalcare.com/","https://www.facebook.com/569526039568084","Eagle Rock Dental Care - Idaho Falls","0.9199122190475464","open","10","meta | Overture | Overture-signals","CDLA-Permissive-2.0","2026-04-27T00:00:00.000Z | 2026-06-11T11:57:15Z | 2026-05-12T00:29:08Z | 2026-05-18T13:23:54Z | 2026-05-25T13:08:59Z | 2026-06-01T13:20:32Z | 2026-06-08T13:20:12Z"
"ID","Idaho","90dc9467-3bd3-45fa-8057-8d675c44906a","Gentle Family Dentistry","-116.26837957","46.49222856","dentist","general_dentistry","1265 Riverside Ave","Orofino","83544-6025","ID","US","+12084764315","gentlefamily1265@gmail.com","http://briarcliffdental.com/","https://www.facebook.com/905859422950908","","0.9199122190475464","open","8","meta | Overture | Overture-signals","CDLA-Permissive-2.0","2026-04-27T00:00:00.000Z | 2026-06-11T11:57:15Z | 2026-05-12T00:29:08Z | 2026-05-18T13:23:54Z | 2026-05-25T13:08:59Z | 2026-06-01T13:20:32Z | 2026-06-08T13:20:12Z"
"ID","Idaho","9101dfd0-8374-486f-a70d-eede47b19923","Dentures By Design","-116.57349193","43.55277757","dentist","prosthodontist","1611 12th Avenue Rd","Nampa","83686-6182","ID","US","+12084671107","denturesupplies@gmail.com","https://idahodenturesbydesign.com/","https://www.facebook.com/101218421381139","","0.9199122190475464","open","8","meta | Overture | Overture-signals","CDLA-Permissive-2.0","2026-04-27T00:00:00.000Z | 2026-06-11T11:57:15Z | 2026-05-12T00:29:08Z | 2026-05-18T13:23:54Z | 2026-05-25T13:08:59Z | 2026-06-01T13:20:32Z | 2026-06-08T13:20:12Z"
"ID","Idaho","91122336-edd6-4bd5-a258-8e6b301b7f8c","Southwest Dental Arts","-116.31458662","43.59361729","dentist","general_dentistry","1201 S Five Mile Rd","Boise","83709","ID","US","+12083225655","info@southwestdentalboise.com","https://southwestdentalboise.com/","https://www.facebook.com/320454658005266","","0.9199122190475464","open","8","meta | Overture | Overture-signals","CDLA-Permissive-2.0","2026-04-27T00:00:00.000Z | 2026-06-11T11:57:15Z | 2026-05-12T00:29:08Z | 2026-05-18T13:23:54Z | 2026-05-25T13:08:59Z | 2026-06-01T13:20:32Z | 2026-06-08T13:20:12Z"
"ID","Idaho","911227a1-2f2f-4e83-b234-52618177a132","Dr. Michelle Hitch DDS","-116.274009","43.615146","dentist","health_and_medical | hospital","1166 N Cole Rd","Boise","83704-8658","ID","US","+12083227478","","http://www.hitchdds.com/","https://www.facebook.com/134297503288942","","0.951096773147583","","1","meta | Overture","CDLA-Permissive-2.0","2026-04-27T00:00:00.000Z | 2026-06-11T11:57:15Z"
"ID","Idaho","91922406-148e-49ee-b800-221d320b8380","New Smile Dentures Boise","-116.288946","43.611426","dentist","health_and_medical","8660 W Emerald St Ste 152","Boise","83704","ID","US","2089061876","","https://newsmile4me.com/dentures/boise.html","","","0.9199122190475464","open","6","Microsoft | Overture | Overture-signals","CDLA-Permissive-2.0","2024-11-16T02:07:10.630Z | 2026-06-11T11:57:15Z | 2026-05-12T00:29:08Z | 2026-05-18T13:23:54Z | 2026-05-25T13:08:59Z | 2026-06-01T13:20:32Z | 2026-06-08T13:20:12Z"
"ID","Idaho","9196e2c9-e5a2-4c6a-a655-f31ca41e2409","Malad Valley Dental Clinic","-112.236936578034","42.1800335087138","dentist","","185 S 300 E","Malad City","83252","ID","US","(208) 766-2204","thored@atcnet.net","http://maladdental.com","","","0.9199122190475464","open","4","Foursquare | Overture | Overture-signals","Apache-2.0 | CDLA-Permissive-2.0","2025-08-19T00:00:00.000 | 2026-06-11T11:57:15Z | 2026-05-12T00:29:08Z | 2026-05-18T13:23:54Z | 2026-05-25T13:08:59Z | 2026-06-01T13:20:32Z | 2026-06-08T13:20:12Z"
"ID","Idaho","91a35423-9abd-4f8f-9494-c13d62865406","Dryden Family Dentistry","-116.79649008","47.73014109","dentist","general_dentistry","509 W Hanley Ave","Coeur D'Alene","83815-8994","ID","US","+12086649506","","http://www.drydenfamilydentistry.com/","https://www.facebook.com/162162237144516","","0.7263443470001221","","2","meta | Overture","CDLA-Permissive-2.0","2026-04-27T00:00:00.000Z | 2026-06-11T11:57:15Z"
"ID","Idaho","91f13768-0bfe-4da4-95de-9c62c8f1f5ed","Myron D Guymon, DDS","-114.488294505389","42.5890262322587","dentist","","452 Cheney Dr W Ste 150","Twin Falls","83301","ID","US","(855) 433-6825","","https://locations.willamettedental.com/id/twin-falls/452-cheney-drive-west/myron-guymon.html","https://www.twitter.com/wdgdental | https://www.facebook.com/201831826504443","","0.9199122190475464","open","4","Foursquare | Overture | Overture-signals","Apache-2.0 | CDLA-Permissive-2.0","2020-11-17T00:00:00.000 | 2026-06-11T11:57:15Z | 2026-05-12T00:29:08Z | 2026-05-18T13:23:54Z | 2026-05-25T13:08:59Z | 2026-06-01T13:20:32Z | 2026-06-08T13:20:12Z"
"ID","Idaho","9211d0f6-6b90-40d2-97f2-adf01d820d27","Dental Care West","-116.57475541","43.55712632","dentist","general_dentistry | medical_service_organizations","230 W Georgia Ave","Nampa","83686-2835","ID","US","+12084421088","dentalcarewestnampa@gmail.com","http://www.dentalcarewestidaho.com","https://www.facebook.com/165182626844874","","0.884013831615448","","9","meta | Overture","CDLA-Permissive-2.0","2026-04-27T00:00:00.000Z | 2026-06-11T11:57:15Z"
"ID","Idaho","9499fbdb-5cd2-445c-ad5b-9114b029de6b","Hughes Dental","-114.46215842","42.57720015","dentist","general_dentistry | health_and_medical","834 Falls Ave","Twin Falls","83301-3363","ID","US","+12087339181","hughesdentalpllc@gmail.com","http://Hughesdentalpllc.com/","https://www.facebook.com/113162726776148","","0.9199122190475464","open","8","meta | Overture | Overture-signals","CDLA-Permissive-2.0","2026-04-27T00:00:00.000Z | 2026-06-11T11:57:15Z | 2026-05-12T00:29:08Z | 2026-05-18T13:23:54Z | 2026-05-25T13:08:59Z | 2026-06-01T13:20:32Z | 2026-06-08T13:20:12Z"
"ID","Idaho","9550a272-8774-4f93-bfe8-dc7768c26cab","3D Dental Prints","-113.79168837","42.5245678","dentist","orthodontist","2271 Overland Ave","Burley","83318-2957","ID","US","+12085988607","3ddentalprints@gmail.com","http://www.3ddentalprints.com/","https://www.facebook.com/136839490080102","","0.9199122190475464","open","8","meta | Overture | Overture-signals","CDLA-Permissive-2.0","2026-04-27T00:00:00.000Z | 2026-06-11T11:57:15Z | 2026-05-12T00:29:08Z | 2026-05-18T13:23:54Z | 2026-05-25T13:08:59Z | 2026-06-01T13:20:32Z | 2026-06-08T13:20:12Z"
"ID","Idaho","9592c351-9d15-4985-a5f9-9a7c9f230107","Wood River Dental Care","-114.31855812","43.5236071","dentist","general_dentistry | health_and_medical","503 N Main St","Hailey","83333-8417","ID","US","+12087884900","woodriverdentalcare@yahoo.com","http://www.woodriverdentalcare.com/","https://www.facebook.com/1513484522207004","","0.9199122190475464","open","8","meta | Overture | Overture-signals","CDLA-Permissive-2.0","2026-04-27T00:00:00.000Z | 2026-06-11T11:57:15Z | 2026-05-12T00:29:08Z | 2026-05-18T13:23:54Z | 2026-05-25T13:08:59Z | 2026-06-01T13:20:32Z | 2026-06-08T13:20:12Z"
"ID","Idaho","959b205a-be46-4433-9836-6c44aaa23aec","Idaho Dental Aid","-116.5670929","43.58191437","dentist","health_and_medical","604 E 3rd St S","Nampa","83651-3840","ID","US","+12084669088","","http://healthandwelfare.idaho.gov/Medical/Medicaid/MedicalCare/DentalServices/tabid/696/Default.aspx","https://www.facebook.com/163037833715042","","0.9199122190475464","open","7","meta | Overture | Overture-signals","CDLA-Permissive-2.0","2026-04-27T00:00:00.000Z | 2026-06-11T11:57:15Z | 2026-05-12T00:29:08Z | 2026-05-18T13:23:54Z | 2026-05-25T13:08:59Z | 2026-06-01T13:20:32Z | 2026-06-08T13:20:12Z"
"ID","Idaho","95d24da9-934e-4be4-b65a-5dcdd91a6ef0","Fellows Family Dental","-112.43154979","42.9061002","dentist","general_dentistry | health_and_medical","1598 Delphic Way","Pocatello","83201-2200","ID","US","+12082374357","fellows@fellowsfamilydental.com","http://www.fellowsfamilydental.com/","https://www.facebook.com/121816324559103","","0.9199122190475464","open","9","meta | Overture | Overture-signals","CDLA-Permissive-2.0","2026-04-27T00:00:00.000Z | 2026-06-11T11:57:15Z | 2026-05-12T00:29:08Z | 2026-05-18T13:23:54Z | 2026-05-25T13:08:59Z | 2026-06-01T13:20:32Z | 2026-06-08T13:20:12Z"
"ID","Idaho","96a84102-954e-459a-9338-1786ee84d85b","Blair Pediatric Dentistry","-116.353443397051","43.6533847486241","dentist","","5360 N Eagle Rd","Boise","83713","ID","US","(208) 938-9958","info@blairpediatricdentistry.com","http://www.blairpediatricdentistry.com","https://www.twitter.com/blairpedsdental | https://www.facebook.com/575446009238535","","0.9199122190475464","open","4","Foursquare | Overture | Overture-signals","Apache-2.0 | CDLA-Permissive-2.0","2025-08-19T00:00:00.000 | 2026-06-11T11:57:15Z | 2026-05-12T00:29:08Z | 2026-05-18T13:23:54Z | 2026-05-25T13:08:59Z | 2026-06-01T13:20:32Z | 2026-06-08T13:20:12Z"
"ID","Idaho","96a908a7-cb8a-4079-87d7-2172ee26d0a4","Kyle Anthony Pelletier","-116.33904016","43.68944657","dentist","doctor | cosmetic_dentist","1217 E Iron Eagle Dr","Eagle","83616-6599","ID","US","+12083771161","smile@sedationdentistboise.com","http://www.sedationdentistboise.com/","https://www.facebook.com/833286956711099","","0.970544159412384","","4","meta | Overture","CDLA-Permissive-2.0","2026-04-27T00:00:00.000Z | 2026-06-11T11:57:15Z"
"ID","Idaho","96b8e345-0b6a-45d7-b1e7-0ed58fc54608","dr moulton","-111.986597847023","43.4690008307846","dentist","","2375 E Sunnyside Rd","Idaho Falls","83404","ID","US","(208) 522-6683","office@ridgecrestperio.com","http://www.ridgecrestperio.com","","","0.9199122190475464","open","4","Foursquare | Overture | Overture-signals","Apache-2.0 | CDLA-Permissive-2.0","2025-08-22T00:00:00.000 | 2026-06-11T11:57:15Z | 2026-05-12T00:29:08Z | 2026-05-18T13:23:54Z | 2026-05-25T13:08:59Z | 2026-06-01T13:20:32Z | 2026-06-08T13:20:12Z"
"ID","Idaho","973c55e3-2e0f-46e9-b7ce-5e5ae8876d25","Tom Gudmestad","-116.963774","44.247638","dentist","","522 E 4th St","Weiser","83672","ID","US","(208) 549-2213","","http://weiserdentistry.com","","","0.77","","5","Foursquare | Overture","Apache-2.0 | CDLA-Permissive-2.0","2025-08-22T00:00:00.000 | 2026-06-11T11:57:15Z"
"ID","Idaho","99bcc62b-5a6f-4974-ac20-13293ae7c181","NATE G Bourassa DDS","-116.947520802227","47.7183381260089","dentist","","105 E 10th Ave","Post Falls","83854","ID","US","(208) 714-0247","","http://www.7daydentalsmiles.com","","","0.9199122190475464","open","4","Foursquare | Overture | Overture-signals","Apache-2.0 | CDLA-Permissive-2.0","2025-08-19T00:00:00.000 | 2026-06-11T11:57:15Z | 2026-05-12T00:29:08Z | 2026-05-18T13:23:54Z | 2026-05-25T13:08:59Z | 2026-06-01T13:20:32Z | 2026-06-08T13:20:12Z"
"ID","Idaho","9a3b659d-475f-4549-9967-718a40d3661c","Morrell Dental","-116.209932","43.614762","dentist","","403 S 11th St #200","Boise","83702","ID","US","(208) 342-3440","morrelldental@yahoo.com","http://morrelldental.com","https://www.facebook.com/142432685936666","","0.9199122190475464","open","4","Foursquare | Overture | Overture-signals","Apache-2.0 | CDLA-Permissive-2.0","2024-08-20T00:00:00.000 | 2026-06-11T11:57:15Z | 2026-05-12T00:29:08Z | 2026-05-18T13:23:54Z | 2026-05-25T13:08:59Z | 2026-06-01T13:20:32Z | 2026-06-08T13:20:12Z"
"ID","Idaho","9ac08169-9581-4364-99b8-324eb2edf766","Ideal Family Dentistry - Post Falls","-116.9475539","47.7178936","dentist","health_and_medical","105 E 10th Ave","Post Falls","83854","ID","US","2086644831","","","","","0.9199122190475464","open","7","Microsoft | Overture | Overture-signals","CDLA-Permissive-2.0","2025-04-09T07:49:06.083Z | 2026-06-11T11:57:15Z | 2026-05-12T00:29:08Z | 2026-05-18T13:23:54Z | 2026-05-25T13:08:59Z | 2026-06-01T13:20:32Z | 2026-06-08T13:20:12Z"
"ID","Idaho","9be88e5e-8a32-4620-87af-fa901881db63","Willamette Dental Group","-116.79716207","47.69658555","dentist","general_dentistry","943 W Ironwood Dr","Coeur D'Alene","83814-4904","ID","US","+18554336825","info@willamettedental.com","https://locations.willamettedental.com/id/coeur-d-alene/943-w-ironwood-drive-4233790.html","https://www.facebook.com/789414357865939","Willamette Dental","0.9199122190475464","open","7","meta | Overture | Overture-signals","CDLA-Permissive-2.0","2026-04-27T00:00:00.000Z | 2026-06-11T11:57:15Z | 2026-05-12T00:29:08Z | 2026-05-18T13:23:54Z | 2026-05-25T13:08:59Z | 2026-06-01T13:20:32Z | 2026-06-08T13:20:12Z"
"ID","Idaho","9c012442-df64-406a-bdd6-c8f2731bf6e2","Blaisdell Dental Center","-116.69699506","43.65274564","dentist","teeth_whitening | doctor","1916 Ellis Ave","Caldwell","83605-4811","ID","US","+12084592376","info@blaisdelldental.com","http://www.blaisdelldental.com/","https://www.facebook.com/602768379752259","","0.9199122190475464","open","7","meta | Overture | Overture-signals","CDLA-Permissive-2.0","2026-04-27T00:00:00.000Z | 2026-06-11T11:57:15Z | 2026-05-12T00:29:08Z | 2026-05-18T13:23:54Z | 2026-05-25T13:08:59Z | 2026-06-01T13:20:32Z | 2026-06-08T13:20:12Z"
"ID","Idaho","9c02d162-031b-44c6-acc0-c85e33c32b31","Precision Dental of Post Falls","-116.93114612","47.71448231","dentist","general_dentistry","1280 E Polston Ave","Post Falls","83854-6056","ID","US","+12087735505","","","https://www.facebook.com/111432037277219","","0.9199122190475464","open","7","meta | Overture | Overture-signals","CDLA-Permissive-2.0","2026-04-27T00:00:00.000Z | 2026-06-11T11:57:15Z | 2026-05-12T00:29:08Z | 2026-05-18T13:23:54Z | 2026-05-25T13:08:59Z | 2026-06-01T13:20:32Z | 2026-06-08T13:20:12Z"
"ID","Idaho","9c3a6ffa-59e4-4701-b34b-2da4a79ef92e","Grant Dental","-116.262412","43.61223833","dentist","cosmetic_dentist | general_dentistry","6500 W Emerald St","Boise","83704","ID","US","+12088935000","boise@idahofamilydentist.com","http://www.grantdentalgroup.com/","https://www.facebook.com/817974198284304","","0.9902192950248718","open","7","meta | Overture | Overture-signals","CDLA-Permissive-2.0","2026-04-27T00:00:00.000Z | 2026-06-11T11:57:15Z | 2026-05-12T00:29:08Z | 2026-05-18T13:23:54Z | 2026-05-25T13:08:59Z | 2026-06-01T13:20:32Z | 2026-06-08T13:20:12Z"
"ID","Idaho","9c6da9b9-1ff0-46be-bf2e-33c144b53b1c","McNamara Family Dentistry","-116.89030911","47.81678944","dentist","general_dentistry | health_and_medical","13997 W Highway 53","Rathdrum","83858-8594","ID","US","+12086870688","rathdrumdentist@live.com","http://rathdrumdentist.com/","https://www.facebook.com/156288434422145","McNamara Family Dentistry","0.995737480521202","open","8","meta | Overture | Overture-signals","CDLA-Permissive-2.0","2026-04-27T00:00:00.000Z | 2026-06-11T11:57:15Z | 2026-05-12T00:29:08Z"
"ID","Idaho","9d2c11e5-f2c0-424c-aff4-e16c942e5db2","Priest River Dental","-99.219738","48.270634","dentist","","6509 US-2","Priest River","83856","ID","US","+12083284484","","http://priestriverdental.com","","","1","","3","DAC | Overture","CDLA-Permissive-2.0","2026-06-10T16:03:35.911Z | 2026-06-11T11:57:15Z"
"ID","Idaho","9e280297-fd86-4104-8245-3f75c5fee1db","Cline Family & Cosmetic Dentistry","-112.006571022602","43.4910911646447","dentist","","3365 S Holmes Ave","Idaho Falls","83404","ID","US","(208) 529-0420","","https://www.oxforddentalidahofalls.com","https://www.twitter.com/oxforddental | https://www.facebook.com/1671535423074555","","0.77","","5","Foursquare | Overture","Apache-2.0 | CDLA-Permissive-2.0","2025-06-06T00:00:00.000 | 2026-06-11T11:57:15Z"
"ID","Idaho","9e79499a-bd0f-48a7-bfcc-fa97662df90d","Brett D. Naylor","-111.874642892297","42.0968218858726","dentist","","25 N 1st E","Preston","83263","ID","US","(208) 852-0770","","http://advanceddentalcenter.com","","","0.9199122190475464","open","4","Foursquare | Overture | Overture-signals","Apache-2.0 | CDLA-Permissive-2.0","2025-08-22T00:00:00.000 | 2026-06-11T11:57:15Z | 2026-05-12T00:29:08Z | 2026-05-18T13:23:54Z | 2026-05-25T13:08:59Z | 2026-06-01T13:20:32Z | 2026-06-08T13:20:12Z"
"ID","Idaho","9eb6dfe8-ddd1-44cb-b5eb-21dcf40b1979","Ivory Dental - Sandpoint","-116.56759492","48.26676354","dentist","periodontist | cosmetic_dentist","1323 Highway 2","Sandpoint","83864-2741","ID","US","+12082631412","office@ivorydds.com","https://www.ivorydds.com/","https://www.facebook.com/465633096954123","Ivory Dental - Sandpoint","0.9199122190475464","open","8","meta | Overture | Overture-signals","CDLA-Permissive-2.0","2026-04-27T00:00:00.000Z | 2026-06-11T11:57:15Z | 2026-05-12T00:29:08Z | 2026-05-18T13:23:54Z | 2026-05-25T13:08:59Z | 2026-06-01T13:20:32Z | 2026-06-08T13:20:12Z"
"ID","Idaho","9ef272c5-610f-44e9-aa96-960d892b663a","Ron E Fairfax, DDS","-114.311478","43.515945","dentist","doctor","14 E Elm St","Hailey","83333-4928","ID","US","+12087880048","ronfairfaxdds@gmail.com","","https://www.facebook.com/500099773400391","","0.9199122190475464","open","8","meta | Overture | Overture-signals","CDLA-Permissive-2.0","2026-04-27T00:00:00.000Z | 2026-06-11T11:57:15Z | 2026-05-12T00:29:08Z | 2026-05-18T13:23:54Z | 2026-05-25T13:08:59Z | 2026-06-01T13:20:32Z | 2026-06-08T13:20:12Z"
"ID","Idaho","9fe6de82-9984-49df-abdf-6995689f0c71","Times Square Dental","-116.3015564","43.59080461","dentist","general_dentistry | health_and_medical","1529 S Timesquare Ln","Boise","83709-8266","ID","US","+12083431981","info@timessquaredental.com","https://www.timessquaredental.com/","https://www.facebook.com/150178742038504","Times Square Dental","0.9199122190475464","open","8","meta | Overture | Overture-signals","CDLA-Permissive-2.0","2026-04-27T00:00:00.000Z | 2026-06-11T11:57:15Z | 2026-05-12T00:29:08Z | 2026-05-18T13:23:54Z | 2026-05-25T13:08:59Z | 2026-06-01T13:20:32Z | 2026-06-08T13:20:12Z"
"ID","Idaho","a097eca1-0edb-4607-8cc9-e12fbe87a8df","Lewis George H DDS","-116.23927371","43.63772344","dentist","general_dentistry | health_and_medical","813 N Stilson Rd","Boise","83703-5119","ID","US","+12083450390","georgelewisdds@hotmail.com","http://www.drgeorgelewis.com","https://www.facebook.com/133556363356112","","0.9199122190475464","open","7","meta | Overture | Overture-signals","CDLA-Permissive-2.0","2026-04-27T00:00:00.000Z | 2026-06-11T11:57:15Z | 2026-05-12T00:29:08Z | 2026-05-18T13:23:54Z | 2026-05-25T13:08:59Z | 2026-06-01T13:20:32Z | 2026-06-08T13:20:12Z"
"ID","Idaho","a0beba80-dcff-4d4d-8e0d-023f97d8280c","Dan Hauser","-116.66917217","43.65178348","dentist","","2713 Blaine St","Caldwell","83605-4499","ID","US","+12084543114","","","https://www.facebook.com/143429085740208","","0.9199122190475464","open","7","meta | Overture | Overture-signals","CDLA-Permissive-2.0","2026-04-27T00:00:00.000Z | 2026-06-11T11:57:15Z | 2026-05-12T00:29:08Z | 2026-05-18T13:23:54Z | 2026-05-25T13:08:59Z | 2026-06-01T13:20:32Z | 2026-06-08T13:20:12Z"
"ID","Idaho","a0fbe2bd-477f-4223-b8d3-54e4e23b4d4c","Ten Mile Smiles","-116.43286596","43.65171807","dentist","general_dentistry","3118 W Milano Dr","Meridian","83646-7290","ID","US","+12087155000","tenmilesmiles@gmail.com","http://www.tenmilesmiles.com/","https://www.facebook.com/103902469017426","","0.9199122190475464","open","7","meta | Overture | Overture-signals","CDLA-Permissive-2.0","2026-04-27T00:00:00.000Z | 2026-06-11T11:57:15Z | 2026-05-12T00:29:08Z | 2026-05-18T13:23:54Z | 2026-05-25T13:08:59Z | 2026-06-01T13:20:32Z | 2026-06-08T13:20:12Z"
"ID","Idaho","a118ff0d-ae9c-4594-ab2a-49d8296d7ab8","Snake River Dental","-116.92354781","44.06409484","dentist","general_dentistry | medical_service_organizations","930 S 16th St","Payette","83661-3400","ID","US","+12086424782","office@snakeriverdental.com","https://www.snakeriverdental.com/","https://www.facebook.com/2219441741672423","","0.9199122190475464","open","8","meta | Overture | Overture-signals","CDLA-Permissive-2.0","2026-04-27T00:00:00.000Z | 2026-06-11T11:57:15Z | 2026-05-12T00:29:08Z | 2026-05-18T13:23:54Z | 2026-05-25T13:08:59Z | 2026-06-01T13:20:32Z | 2026-06-08T13:20:12Z"
"ID","Idaho","a1286019-3f93-48a8-8f83-bb8b773b255c","Alpine Dental Associates","-116.784337544317","47.7501503349254","dentist","","8636 N Wayne Dr","Hayden","83835","ID","US","(208) 762-1555","alpinebusiness@roadrunner.com","http://www.coeurdaleneareadentist.com","https://www.facebook.com/284150068341253","","0.77","","5","Foursquare | Overture","Apache-2.0 | CDLA-Permissive-2.0","2025-05-30T00:00:00.000 | 2026-06-11T11:57:15Z"
"ID","Idaho","a2076191-1937-4d5d-a86c-eb4be9852046","Bodily Daniel R","-116.19794855","43.6231509","dentist","general_dentistry | medical_service_organizations","1003 N 8th St","Boise","83702-4218","ID","US","+12083426549","","http://www.danielbodilydmd.com","https://www.facebook.com/134272359958288","","0.9893837571144104","","8","meta | Overture","CDLA-Permissive-2.0","2026-04-27T00:00:00.000Z | 2026-06-11T11:57:15Z"
"ID","Idaho","a2340f8b-2513-48f7-b0c6-7bfaa499d0c1","Associated Dentists of Coeur D'alene","-116.791283","47.691969","dentist","doctor | health_and_medical","1800 N Lincoln Way","Coeur D'Alene","83814-2570","ID","US","+12087653322","","http://www.stanrasmussen.com","https://www.facebook.com/295088637330857","","0.9199122190475464","open","8","meta | Overture | Overture-signals","CDLA-Permissive-2.0","2026-04-27T00:00:00.000Z | 2026-06-11T11:57:15Z | 2026-05-12T00:29:08Z | 2026-05-18T13:23:54Z | 2026-05-25T13:08:59Z | 2026-06-01T13:20:32Z | 2026-06-08T13:20:12Z"
"ID","Idaho","a2772522-f3a9-48dc-8e38-f5e4e3767c98","Nature's Way Dentistry","-117.00050575","46.72941563","dentist","general_dentistry | medical_service_organizations","619 S Washington St","Moscow","83843-3063","ID","US","+12088837777","smile@natureswaydentistry.com","http://www.natureswaydentistry.com/","https://www.facebook.com/336181633161893","","0.9199122190475464","open","8","meta | Overture | Overture-signals","CDLA-Permissive-2.0","2026-04-27T00:00:00.000Z | 2026-06-11T11:57:15Z | 2026-05-12T00:29:08Z | 2026-05-18T13:23:54Z | 2026-05-25T13:08:59Z | 2026-06-01T13:20:32Z | 2026-06-08T13:20:12Z"
"ID","Idaho","a34dbc69-e382-4ebe-a943-67eaffcdccf1","Signature Dental","-116.41259765625","43.6562232971191","dentist","health_and_medical","1500 W Cayuse Creek Dr Ste 100","Meridian","83646","ID","US","2088848858","","http://www.signaturedds.com/","","","0.9199122190475464","open","6","Microsoft | Overture | Overture-signals","CDLA-Permissive-2.0","2014-11-06T16:55:35.123Z | 2026-06-11T11:57:15Z | 2026-05-12T00:29:08Z | 2026-05-18T13:23:54Z | 2026-05-25T13:08:59Z | 2026-06-01T13:20:32Z | 2026-06-08T13:20:12Z"
"ID","Idaho","a3d8c87b-e1d8-430f-a698-c647d4c84641","harper's dental","-112.43409749081","43.1969470978863","dentist","","694 Idaho 39, Blackfoot, ID 83221","Blackfoot","83221","ID","US","(208) 684-3122","","https://harper-dental.hub.biz","https://www.facebook.com/160629140623868","","0.77","","6","Foursquare | Overture","Apache-2.0 | CDLA-Permissive-2.0","2025-10-01T00:00:00.000 | 2026-06-11T11:57:15Z"
"ID","Idaho","a3ea6ac2-6b5e-4b21-aca8-16cf71722abf","Alpine Heights Dentistry","-116.375142475885","43.6235069201684","dentist","","","Meridian","83646","ID","US","(208) 888-1802","info@alpineheightsdentistry.net","http://www.alpineheightsdentistry.net","https://www.facebook.com/198722910150339","","0.77","","5","Foursquare | Overture","Apache-2.0 | CDLA-Permissive-2.0","2025-08-22T00:00:00.000 | 2026-06-11T11:57:15Z"
"ID","Idaho","a469ffb4-27fc-484f-82df-6b075c051265","Boise Caring Dentistry","-116.36013597","43.64887015","dentist","cosmetic_dentist | general_dentistry","4840 N Rosepoint Way","Boise","83713-0952","ID","US","+12089397620","info@boisecaringdentistry.com","http://www.BoiseCaringDentistry.com/","https://www.facebook.com/794368777347931","","0.9199122190475464","open","7","meta | Overture | Overture-signals","CDLA-Permissive-2.0","2026-04-27T00:00:00.000Z | 2026-06-11T11:57:15Z | 2026-05-12T00:29:08Z | 2026-05-18T13:23:54Z | 2026-05-25T13:08:59Z | 2026-06-01T13:20:32Z | 2026-06-08T13:20:12Z"
"ID","Idaho","a4a4b49e-0188-444a-a459-3c6c15e244eb","Dr. Michael Payne DMD, P.c.","-116.425607","43.634786","dentist","orthodontist | health_and_medical","3289 N Towerbridge Way","Meridian","83646-8347","ID","US","+12088844466","","http://www.idahobraces.com/","https://www.facebook.com/502106973314256","","0.878161609172821","","9","meta | Overture","CDLA-Permissive-2.0","2026-04-27T00:00:00.000Z | 2026-06-11T11:57:15Z"
"ID","Idaho","a52b6993-51e2-4493-af3b-d33379fad323","Steiner Family Dentistry","-116.40021689","43.61863163","dentist","general_dentistry","1550 N Crestmont Dr","Meridian","83642-2177","ID","US","+12088884481","steinerfamilydentistry@gmail.com","http://Steinerfamilydental.com/","https://www.facebook.com/1023009344224734","Home Light","0.9199122190475464","open","10","meta | Overture | Overture-signals","CDLA-Permissive-2.0","2026-04-27T00:00:00.000Z | 2026-06-11T11:57:15Z | 2026-05-12T00:29:08Z | 2026-05-18T13:23:54Z | 2026-05-25T13:08:59Z | 2026-06-01T13:20:32Z | 2026-06-08T13:20:12Z"
"ID","Idaho","a532eed3-4754-4752-a256-2030d8db74e6","Today's Dentistry","-116.56653268","43.58157015","dentist","general_dentistry | health_and_medical","203 7th Ave S","Nampa","83651-3846","ID","US","+12083306722","office@dentistnampaidaho.com","https://www.todaysdentistrynampa.com/","https://www.facebook.com/108729962486775","","0.9902192950248718","open","11","meta | Overture | Overture-signals","CDLA-Permissive-2.0","2026-04-27T00:00:00.000Z | 2026-06-11T11:57:15Z | 2026-05-12T00:29:08Z | 2026-05-18T13:23:54Z | 2026-05-25T13:08:59Z | 2026-06-01T13:20:32Z | 2026-06-08T13:20:12Z"
"ID","Idaho","a5f5e7cd-cba0-445d-bc7b-7bfbd1536592","Terry Reilly Health Services - Boise Dental","-116.2342687","43.64107017","dentist","general_dentistry | health_and_medical","2301 N 36th St","Boise","83703-5037","ID","US","+12083368801","","http://www.trhs.org","https://www.facebook.com/116220445104127","","0.9902192950248718","open","8","meta | Overture | Overture-signals","CDLA-Permissive-2.0","2026-04-27T00:00:00.000Z | 2026-06-11T11:57:15Z | 2026-05-12T00:29:08Z | 2026-05-18T13:23:54Z | 2026-05-25T13:08:59Z | 2026-06-01T13:20:32Z | 2026-06-08T13:20:12Z"
"ID","Idaho","a62184f4-0486-4425-a5f2-1917de61af18","Today's Dental Care","-114.70422042","42.77952104","dentist","general_dentistry | doctor","410 N Idaho St","Wendell","83355-5038","ID","US","+12085365441","wendell@tdcdental.com","http://www.tdcwendell.com/","https://www.facebook.com/749556685086621","","0.9199122190475464","open","8","meta | Overture | Overture-signals","CDLA-Permissive-2.0","2026-04-27T00:00:00.000Z | 2026-06-11T11:57:15Z | 2026-05-12T00:29:08Z | 2026-05-18T13:23:54Z | 2026-05-25T13:08:59Z | 2026-06-01T13:20:32Z | 2026-06-08T13:20:12Z"
"ID","Idaho","a6e94d35-8252-4978-a4d3-58d6da0044dd","Choice Dental","-112.07091748","43.49662946","dentist","general_dentistry | cosmetic_dentist","1991 W Broadway St","Idaho Falls","83402-3041","ID","US","+12089994746","choicedentalif@gmail.com","https://www.choicedentalif.com/","https://www.facebook.com/837142609802529","","0.9199122190475464","open","7","meta | Overture | Overture-signals","CDLA-Permissive-2.0","2026-04-27T00:00:00.000Z | 2026-06-11T11:57:15Z | 2026-05-12T00:29:08Z | 2026-05-18T13:23:54Z | 2026-05-25T13:08:59Z | 2026-06-01T13:20:32Z | 2026-06-08T13:20:12Z"
"ID","Idaho","a70568f0-44ee-4d0f-925b-abeb66eb4e2a","Eron Evans Dental","-112.45064716","42.91081974","dentist","general_dentistry","2010 Flandro Dr","Pocatello","83202-1947","ID","US","+12082382151","stellaroutcomes@outlook.com","https://eronevansdental.com/","https://www.facebook.com/103590304645184","","0.9940401911735535","","1","meta | Overture","CDLA-Permissive-2.0","2026-04-27T00:00:00.000Z | 2026-06-11T11:57:15Z"
"ID","Idaho","a744b683-f795-43eb-82c4-1ce9c38c1cc0","Woodland Family Dental","-116.9340206","47.71410457","dentist","general_dentistry","1100 E Polston Ave","Post Falls","83854-7875","ID","US","+12087779599","smileatwoodland@gmail.com","http://www.smileatwoodland.com/","https://www.facebook.com/527692000745378","","0.9199122190475464","open","8","meta | Overture | Overture-signals","CDLA-Permissive-2.0","2026-04-27T00:00:00.000Z | 2026-06-11T11:57:15Z | 2026-05-12T00:29:08Z | 2026-05-18T13:23:54Z | 2026-05-25T13:08:59Z | 2026-06-01T13:20:32Z | 2026-06-08T13:20:12Z"
"ID","Idaho","a7459384-7633-4b49-a4f4-29c3d8f06fa2","Bradford Bruce Fisher","-116.566543591009","43.5815903427418","dentist","","207 7th Ave S","Nampa","83651","ID","US","(208) 442-0000","admin@amiden.com","http://drfishersoffice.com","","","0.9199122190475464","open","4","Foursquare | Overture | Overture-signals","Apache-2.0 | CDLA-Permissive-2.0","2025-08-22T00:00:00.000 | 2026-06-11T11:57:15Z | 2026-05-12T00:29:08Z | 2026-05-18T13:23:54Z | 2026-05-25T13:08:59Z | 2026-06-01T13:20:32Z | 2026-06-08T13:20:12Z"
"ID","Idaho","a8201474-8e60-425b-b90e-44903fa0c582","Kunz Family Dentistry","-112.35692827","43.19928697","dentist","general_dentistry | health_and_medical","600 Jensen Grove Dr","Blackfoot","83221-1685","ID","US","+12087851590","","http://kunzfamilydentistry.com/","https://www.facebook.com/694854793955981","","0.9919004440307617","open","11","meta | Overture | Overture-signals","CDLA-Permissive-2.0","2026-04-27T00:00:00.000Z | 2026-06-11T11:57:15Z | 2026-06-08T13:20:12Z"
"ID","Idaho","aba070bd-3d21-4fb2-b284-1f3756253672","Green Acres Family Dental - Twin Falls","-114.461499466325","42.5676483824421","dentist","","871 Green Acres Dr","Twin Falls","83301","ID","US","(208) 928-9033","","https://greenacresfamilydental.com","","","0.77","","5","Foursquare | Overture","Apache-2.0 | CDLA-Permissive-2.0","2025-02-14T00:00:00.000 | 2026-06-11T11:57:15Z"
"ID","Idaho","ac978b62-a13f-43f6-a31e-29299ed7dbe2","Dental Care West","-116.594254","43.59885","dentist","health_and_medical","1015 Caldwell Blvd","NAMPA","83651","ID","US","2084421088","","http://www.dentalcarewestidaho.com/","","","0.9199122190475464","open","6","Microsoft | Overture | Overture-signals","CDLA-Permissive-2.0","2025-07-24T02:39:55.480Z | 2026-06-11T11:57:15Z | 2026-05-12T00:29:08Z | 2026-05-18T13:23:54Z | 2026-05-25T13:08:59Z | 2026-06-01T13:20:32Z | 2026-06-08T13:20:12Z"
"ID","Idaho","ad0a360b-b915-490b-b8d7-9321e1199d2c","Ustick Dental Office","-116.30348186","43.63362095","dentist","general_dentistry | medical_service_organizations","9733 W Ustick Rd","Boise","83704-5202","ID","US","+12083758720","ustickfrontdesk@gmail.com","https://ustickdental.com/","https://www.facebook.com/185970028110222","","0.9199122190475464","open","9","meta | Overture | Overture-signals","CDLA-Permissive-2.0","2026-04-27T00:00:00.000Z | 2026-06-11T11:57:15Z | 2026-05-12T00:29:08Z | 2026-05-18T13:23:54Z | 2026-05-25T13:08:59Z | 2026-06-01T13:20:32Z | 2026-06-08T13:20:12Z"
"ID","Idaho","ada2384d-5158-49d6-8058-0d16dbd2a2c0","BioSmiles Beautiful Natural Dentistry","-116.35969318","43.69542577","dentist","naturopathic_holistic","450 W State St","Eagle","83616-6974","ID","US","+12083705203","contact@biosmiles.com","http://biosmiles.com/","https://www.facebook.com/458753310656872","","0.9199122190475464","open","7","meta | Overture | Overture-signals","CDLA-Permissive-2.0","2026-04-27T00:00:00.000Z | 2026-06-11T11:57:15Z | 2026-05-12T00:29:08Z | 2026-05-18T13:23:54Z | 2026-05-25T13:08:59Z | 2026-06-01T13:20:32Z | 2026-06-08T13:20:12Z"
"ID","Idaho","af47353a-e216-41e7-8b3d-61cf7692b4f3","SmileWorks Dental","-116.36477126","43.58971757","dentist","general_dentistry | health_and_medical","2320 E Gala St","Meridian","83642-4875","ID","US","+12088468847","smileworks7@hotmail.com","http://smileworksmeridian.com/","https://www.facebook.com/277605742438945","SmileWorks","0.9985547488927842","open","5","meta | Overture | Overture-signals","CDLA-Permissive-2.0","2026-04-27T00:00:00.000Z | 2026-06-11T11:57:15Z | 2026-05-12T00:29:08Z | 2026-06-08T13:20:12Z"
"ID","Idaho","b0c66ab0-1fbe-4a27-96e9-146881b0b4b3","Hoover Dental","-112.00343761","43.4659989","dentist","health_and_medical | teeth_whitening","1520 Elk Creek Dr","Idaho Falls","83404-8322","ID","US","+12085244668","hooverdental@cableone.net","http://jeffhooverdental.com/","https://www.facebook.com/111994968863464","","0.9199122190475464","open","7","meta | Overture | Overture-signals","CDLA-Permissive-2.0","2026-04-27T00:00:00.000Z | 2026-06-11T11:57:15Z | 2026-05-12T00:29:08Z | 2026-05-18T13:23:54Z | 2026-05-25T13:08:59Z | 2026-06-01T13:20:32Z | 2026-06-08T13:20:12Z"
"ID","Idaho","b0d5b001-422e-4ede-848f-e8eb0de09ede","Today's Dental Care Jerome","-114.519361","42.708551","dentist","periodontist | doctor","119 Country Ln","Jerome","83338-6147","ID","US","+12083248861","jerome@tdcdental.com","https://www.todaysdentalcarejerome.com/","https://www.facebook.com/936220263181241","Today's Dental Care Jerome","0.9199122190475464","open","8","meta | Overture | Overture-signals","CDLA-Permissive-2.0","2026-04-27T00:00:00.000Z | 2026-06-11T11:57:15Z | 2026-05-12T00:29:08Z | 2026-05-18T13:23:54Z | 2026-05-25T13:08:59Z | 2026-06-01T13:20:32Z | 2026-06-08T13:20:12Z"
"ID","Idaho","b0ddc02b-93af-4d31-b864-ffe195a43a8f","Teton Valley Dental Center","-111.10652332","43.72474152","dentist","general_dentistry | doctor","235 E Wallace Ave","Driggs","83422-5126","ID","US","+12083548181","tvdc@silverstar.com","https://teton-valley-dental-clinic.hub.biz/","https://www.facebook.com/607039809375287","","0.9199122190475464","open","7","meta | Overture | Overture-signals","CDLA-Permissive-2.0","2026-04-27T00:00:00.000Z | 2026-06-11T11:57:15Z | 2026-05-12T00:29:08Z | 2026-05-18T13:23:54Z | 2026-05-25T13:08:59Z | 2026-06-01T13:20:32Z | 2026-06-08T13:20:12Z"
"ID","Idaho","b1708448-cb80-45c4-b63e-d0e45082261c","Laser Dentistry of Coeur D' Alene","-116.796478271484","47.6943626403809","dentist","health_and_medical","910 W Ironwood Dr","Coeur D Alene","83814","ID","US","2086671154","","http://www.drmosby.com/","","","0.9199122190475464","open","6","Microsoft | Overture | Overture-signals","CDLA-Permissive-2.0","2013-07-17T21:55:11.880Z | 2026-06-11T11:57:15Z | 2026-05-12T00:29:08Z | 2026-05-18T13:23:54Z | 2026-05-25T13:08:59Z | 2026-06-01T13:20:32Z | 2026-06-08T13:20:12Z"
"ID","Idaho","b247ece3-26d4-4736-ad02-a4e008a6ea72","Asay Dental","-116.61329765","43.57057466","dentist","doctor | oral_surgeon","11028 W Aldbury Ave","Nampa","83651-5072","ID","US","+12084663360","","http://www.ericasaydds.com/","https://www.facebook.com/248628731839697","","0.9199122190475464","open","9","meta | Overture | Overture-signals","CDLA-Permissive-2.0","2026-04-27T00:00:00.000Z | 2026-06-11T11:57:15Z | 2026-05-12T00:29:08Z | 2026-05-18T13:23:54Z | 2026-05-25T13:08:59Z | 2026-06-01T13:20:32Z | 2026-06-08T13:20:12Z"
"ID","Idaho","b2d73103-e35c-4c3f-95dc-93a6b859ed0f","Dr. Chad J Barney DMD","-117.02594935","46.41701431","dentist","medical_service_organizations | health_and_medical","328 Saint Johns Way","Lewiston","83501-2451","ID","US","+12087461771","","https://chadbarneydmd.com/","https://www.facebook.com/163194383698978","Dr. Chad J Barney DMD","0.9199122190475464","open","8","meta | Overture | Overture-signals","CDLA-Permissive-2.0","2026-04-27T00:00:00.000Z | 2026-06-11T11:57:15Z | 2026-05-12T00:29:08Z | 2026-05-18T13:23:54Z | 2026-05-25T13:08:59Z | 2026-06-01T13:20:32Z | 2026-06-08T13:20:12Z"
"ID","Idaho","b41d9c6e-73b4-4d7d-82b5-0a75bde9abb2","Southern Idaho Dentures","-114.48772373","42.56585896","dentist","prosthodontist | general_dentistry","414 Shoup Ave W","Twin Falls","83301-5042","ID","US","+12086135854","sidentures@gmail.com","http://markwrightdds.com/","https://www.facebook.com/229895896879579","","0.9199122190475464","open","8","meta | Overture | Overture-signals","CDLA-Permissive-2.0","2026-04-27T00:00:00.000Z | 2026-06-11T11:57:15Z | 2026-05-12T00:29:08Z | 2026-05-18T13:23:54Z | 2026-05-25T13:08:59Z | 2026-06-01T13:20:32Z | 2026-06-08T13:20:12Z"
"ID","Idaho","b45d92f1-9905-4532-8067-04b4eb94502f","Motto Clear Aligners","-116.790867","47.695289","dentist","health_and_medical","223 W Ironwood Dr","Coeur D Alene","83814","ID","US","2082779321","","https://www.aspendental.com/dentist/id/coeur-d-alene/223-w-ironwood-dr/motto-clear-aligners/","","","0.9199122190475464","open","6","Microsoft | Overture | Overture-signals","CDLA-Permissive-2.0","2025-10-03T21:13:02.357Z | 2026-06-11T11:57:15Z | 2026-05-12T00:29:08Z | 2026-05-18T13:23:54Z | 2026-05-25T13:08:59Z | 2026-06-01T13:20:32Z | 2026-06-08T13:20:12Z"
"ID","Idaho","b45ebcb1-930c-4187-93c4-cd56e3745980","Harrison Dental Boise","-116.20939532","43.64042894","dentist","general_dentistry","1675 W Hill Rd","Boise","83702-0982","ID","US","+12089238505","receptionist@harrisondental.net","http://www.harrisondentalboise.com","https://www.facebook.com/113300695184048","","0.9902192950248718","open","8","meta | Overture | Overture-signals","CDLA-Permissive-2.0","2026-04-27T00:00:00.000Z | 2026-06-11T11:57:15Z | 2026-05-12T00:29:08Z | 2026-05-18T13:23:54Z | 2026-05-25T13:08:59Z | 2026-06-01T13:20:32Z | 2026-06-08T13:20:12Z"
"ID","Idaho","b47b7227-1360-4af8-97d3-42c250dcb31f","Idaho Falls Dentures and Implants","-112.06157003","43.47786685","dentist","prosthodontist | general_dentistry","2194 Snake River Pkwy","Idaho Falls","83402-4346","ID","US","+12087576245","","http://idahofallsdenturesandimplants.com/","https://www.facebook.com/163536576847489","","0.9902192950248718","open","8","meta | Overture | Overture-signals","CDLA-Permissive-2.0","2026-04-27T00:00:00.000Z | 2026-06-11T11:57:15Z | 2026-05-12T00:29:08Z | 2026-05-18T13:23:54Z | 2026-05-25T13:08:59Z | 2026-06-01T13:20:32Z | 2026-06-08T13:20:12Z"
"ID","Idaho","b4ce4b0b-b58f-423b-a907-266e96ac1b30","Kevin T. Stock, DDS","-113.803499755889","42.5248545130333","dentist","","2200 Park Ave Ste 2","Burley","83318","ID","US","(208) 878-6684","smiledrstock@gmail.com","https://www.burleydentist.com","https://www.twitter.com/stockdentistry | https://www.facebook.com/147500678594874","","0.9199122190475464","open","4","Foursquare | Overture | Overture-signals","Apache-2.0 | CDLA-Permissive-2.0","2025-08-22T00:00:00.000 | 2026-06-11T11:57:15Z | 2026-05-12T00:29:08Z | 2026-05-18T13:23:54Z | 2026-05-25T13:08:59Z | 2026-06-01T13:20:32Z | 2026-06-08T13:20:12Z"
"ID","Idaho","b53754d3-a80f-4936-bb3a-1eb99a0ba557","Boise Bench Dentistry","-116.272204","43.61196464","dentist","general_dentistry | cosmetic_dentist","7235 W Emerald St","Boise","83704-8600","ID","US","+12088561884","office@boisebenchdentistry.com","https://www.boisebenchdentistry.com/","https://www.facebook.com/2269731183275288","","0.9902192950248718","open","10","meta | Overture | Overture-signals","CDLA-Permissive-2.0","2026-04-27T00:00:00.000Z | 2026-06-11T11:57:15Z | 2026-05-12T00:29:08Z | 2026-05-18T13:23:54Z | 2026-05-25T13:08:59Z | 2026-06-01T13:20:32Z | 2026-06-08T13:20:12Z"
"ID","Idaho","b5a333ab-e67c-4440-b701-ffb74cc46310","Michael Aaron Bloom","-116.786141276317","47.762028548096","dentist","","9928 N Government Way","Hayden","83835","ID","US","(208) 772-3583","","http://www.drmikebloom.com","","","0.9199122190475464","open","4","Foursquare | Overture | Overture-signals","Apache-2.0 | CDLA-Permissive-2.0","2025-08-22T00:00:00.000 | 2026-06-11T11:57:15Z | 2026-05-12T00:29:08Z | 2026-05-18T13:23:54Z | 2026-05-25T13:08:59Z | 2026-06-01T13:20:32Z | 2026-06-08T13:20:12Z"
"ID","Idaho","b5bba983-202f-4e61-9213-be410451ce48","Idaho Facial Imaging","-116.28328413","43.63378924","dentist","laboratory_testing | diagnostic_services","8119 W Ustick Rd","Boise","83704-5754","ID","US","+12085144740","info@ifiboise.com","http://ifiboise.com/","https://www.facebook.com/1520291861609135","","0.9199122190475464","open","8","meta | Overture | Overture-signals","CDLA-Permissive-2.0","2026-04-27T00:00:00.000Z | 2026-06-11T11:57:15Z | 2026-05-12T00:29:08Z | 2026-05-18T13:23:54Z | 2026-05-25T13:08:59Z | 2026-06-01T13:20:32Z | 2026-06-08T13:20:12Z"
"ID","Idaho","b5ee912a-f9e1-43cd-a035-063ac2fb90ac","Benson Dental","-114.31159781","43.51604457","dentist","cosmetic_dentist | general_dentistry","14 E Elm St","Hailey","83333-4928","ID","US","+12087880048","","https://bensondentaldmd.com/our-location/","https://www.facebook.com/102773252466472","","0.9199122190475464","open","8","meta | Overture | Overture-signals","CDLA-Permissive-2.0","2026-04-27T00:00:00.000Z | 2026-06-11T11:57:15Z | 2026-05-12T00:29:08Z | 2026-05-18T13:23:54Z | 2026-05-25T13:08:59Z | 2026-06-01T13:20:32Z | 2026-06-08T13:20:12Z"
"ID","Idaho","b641dcb4-c0df-4f3b-ba50-0434e4c4f9e5","J Randall Randall Moss","-116.27394168","43.61591109","dentist","medical_service_organizations | oral_surgeon","1212 N Cole Rd","Boise","83704-8646","ID","US","+12083754253","","http://www.halfdental.com/","https://www.facebook.com/675400929183768","Half Dental","0.7881719470024109","","7","meta | Overture","CDLA-Permissive-2.0","2026-04-27T00:00:00.000Z | 2026-06-11T11:57:15Z"
"ID","Idaho","b66c8f9d-301f-4c68-8dcf-d629e2d9b2de","The Denture Company","-116.56720828","43.58125768","dentist","general_dentistry","624 3rd St S","Nampa","83651-3840","ID","US","+12085058586","info@thedenturecompany.com","http://thedenturecompany.com/","https://www.facebook.com/113489515172213","","0.9199122190475464","open","8","meta | Overture | Overture-signals","CDLA-Permissive-2.0","2026-04-27T00:00:00.000Z | 2026-06-11T11:57:15Z | 2026-05-12T00:29:08Z | 2026-05-18T13:23:54Z | 2026-05-25T13:08:59Z | 2026-06-01T13:20:32Z | 2026-06-08T13:20:12Z"
"ID","Idaho","b680adff-1304-41b5-a9d0-36cd8d38ef95","New Leaf Dental","-116.41341227","43.61262811","dentist","general_dentistry | cosmetic_dentist","870 N Linder Rd","Meridian","83642-4392","ID","US","+12088962284","office@newleafdentalidaho.com","http://www.newleafdentalidaho.com/","https://www.facebook.com/159512624071398","","0.9902192950248718","open","7","meta | Overture | Overture-signals","CDLA-Permissive-2.0","2026-04-27T00:00:00.000Z | 2026-06-11T11:57:15Z | 2026-05-12T00:29:08Z | 2026-05-18T13:23:54Z | 2026-05-25T13:08:59Z | 2026-06-01T13:20:32Z | 2026-06-08T13:20:12Z"
"ID","Idaho","b6eaf05d-d26c-4f39-99b2-bcf3761cbe98","Dixon Dental Center","-112.03702686","43.49012035","dentist","general_dentistry | health_and_medical","205 Elm St","Idaho Falls","83402-4061","ID","US","+12085242771","office@dixondentalcenter.com","http://www.dixondentalcenter.com/","https://www.facebook.com/1007713889347580","","0.9199122190475464","open","8","meta | Overture | Overture-signals","CDLA-Permissive-2.0","2026-04-27T00:00:00.000Z | 2026-06-11T11:57:15Z | 2026-05-12T00:29:08Z | 2026-05-18T13:23:54Z | 2026-05-25T13:08:59Z | 2026-06-01T13:20:32Z | 2026-06-08T13:20:12Z"
"ID","Idaho","b6fcd795-0f3b-4c16-952f-59c6c06233a3","Madison Park Dental Center","-111.77874104","43.83317215","dentist","general_dentistry | medical_service_organizations","345 N 2nd E","Rexburg","83440-1603","ID","US","+12083565601","ccmadisondental@gmail.com","http://madsionparkdental.com/","https://www.facebook.com/125152564011408","Park Dental","0.9199122190475464","open","8","meta | Overture | Overture-signals","CDLA-Permissive-2.0","2026-04-27T00:00:00.000Z | 2026-06-11T11:57:15Z | 2026-05-12T00:29:08Z | 2026-05-18T13:23:54Z | 2026-05-25T13:08:59Z | 2026-06-01T13:20:32Z | 2026-06-08T13:20:12Z"
"ID","Idaho","b79135f5-c436-4726-b099-a5fe9b8f0405","Comfort Care Dental","-114.439797","42.557906","dentist","general_dentistry","788 Eastland Dr","Twin Falls","83301-6856","ID","US","+12087332621","twinfalls@mycomfortcaredental.com","http://www.mycomfortcaredental.com/","https://www.facebook.com/100645528166884","Comfort Care Dental Rexburg, Dr. Layne Hacking","0.9199122190475464","open","9","meta | Overture | Overture-signals","CDLA-Permissive-2.0","2026-04-27T00:00:00.000Z | 2026-06-11T11:57:15Z | 2026-05-12T00:29:08Z | 2026-05-18T13:23:54Z | 2026-05-25T13:08:59Z | 2026-06-01T13:20:32Z | 2026-06-08T13:20:12Z"
"ID","Idaho","b7b6ff97-5082-4bd2-8360-1c6f42b4ca31","Mike Merrell Dentistry, DDS","-111.817655699381","43.8245098116115","dentist","","1183 Summers Dr","Rexburg","83440","ID","US","(208) 356-9097","mdentinc2007@yahoo.com","http://mikemerrelldentistry.com","","","0.77","","5","Foursquare | Overture","Apache-2.0 | CDLA-Permissive-2.0","2025-08-22T00:00:00.000 | 2026-06-11T11:57:15Z"
"ID","Idaho","b82c9e2d-d256-455e-a8a7-be3595aaec3f","River Valley Dental","-112.13015035","43.37445468","dentist","general_dentistry","371 W Fir St","Shelley","83274-1456","ID","US","+12083577611","rivervalleydentalcare@gmail.com","http://shelleydentist.com/","https://www.facebook.com/162396140480165","River Valley Dental - Dr Bryce Hanson","0.9199122190475464","open","9","meta | Overture | Overture-signals","CDLA-Permissive-2.0","2026-04-27T00:00:00.000Z | 2026-06-11T11:57:15Z | 2026-05-12T00:29:08Z | 2026-05-18T13:23:54Z | 2026-05-25T13:08:59Z | 2026-06-01T13:20:32Z | 2026-06-08T13:20:12Z"
"ID","Idaho","b8930c42-b23b-4937-b18c-a14795dece7d","Wayne J Wright DDS","-113.80327056","42.52489097","dentist","health_and_medical | pharmacy","2200 Parke Ave","Burley","83318-2186","ID","US","+12086781478","wjwddsdori@gmail.com","","https://www.facebook.com/566498636539309","","0.9199122190475464","open","10","meta | Overture | Overture-signals","CDLA-Permissive-2.0","2026-04-27T00:00:00.000Z | 2026-06-11T11:57:15Z | 2026-05-12T00:29:08Z | 2026-05-18T13:23:54Z | 2026-05-25T13:08:59Z | 2026-06-01T13:20:32Z | 2026-06-08T13:20:12Z"
"ID","Idaho","b8cf8f8e-cac2-4a55-b686-e882cb08c0f9","Hansing Frederick DDS","-114.313159180992","43.5212932176912","dentist","","120 N 2nd Ave","Hailey","83333","ID","US","(208) 726-3457","","http://sunvalleydentistry.com","","","0.9199122190475464","open","4","Foursquare | Overture | Overture-signals","Apache-2.0 | CDLA-Permissive-2.0","2025-08-19T00:00:00.000 | 2026-06-11T11:57:15Z | 2026-05-12T00:29:08Z | 2026-05-18T13:23:54Z | 2026-05-25T13:08:59Z | 2026-06-01T13:20:32Z | 2026-06-08T13:20:12Z"
"ID","Idaho","b9932adc-ed3e-4815-8efc-096e8ce13b61","Sun Valley Dental Arts","-114.368052","43.681384","dentist","health_and_medical | art_gallery","620 N 1st Ave","Ketchum","83340","ID","US","+12087262233","","http://www.sunvalleydentalarts.com/","https://www.facebook.com/301941876513127","","0.9570299983024597","","8","meta | Overture","CDLA-Permissive-2.0","2026-04-27T00:00:00.000Z | 2026-06-11T11:57:15Z"
"ID","Idaho","ba09556e-1f44-499a-bbb5-df41a59a1d73","Natural Smile Dental Family - Scott E Hayhurst DDS","-116.487168101768","43.6921626697615","dentist","","10706 W State St Ste 105","Star","83669","ID","US","(208) 286-9890","","http://stardentalidaho.com","","","0.77","","5","Foursquare | Overture","Apache-2.0 | CDLA-Permissive-2.0","2025-08-22T00:00:00.000 | 2026-06-11T11:57:15Z"
"ID","Idaho","ba2b3362-2462-44db-b09a-82cf19e09fd4","Premier Dental Care","-116.61143777","43.56128762","dentist","general_dentistry | cosmetic_dentist","801 S Rising Sun Dr","Nampa","83686-6009","ID","US","+12082037743","office@premierdentalnampa.com","https://premierdentalnampa.com/","https://www.facebook.com/587189104686055","","0.9902192950248718","open","9","meta | Overture | Overture-signals","CDLA-Permissive-2.0","2026-04-27T00:00:00.000Z | 2026-06-11T11:57:15Z | 2026-05-12T00:29:08Z | 2026-05-18T13:23:54Z | 2026-05-25T13:08:59Z | 2026-06-01T13:20:32Z | 2026-06-08T13:20:12Z"
"ID","Idaho","ba2b4959-68db-4a75-9f9e-46c5b4021f9c","Park West Dental Care","-112.05121624","43.48644354","dentist","general_dentistry","885 Pancheri Dr","Idaho Falls","83402-3344","ID","US","+12085240870","info@jmconsulting-llc.com","https://www.parkwestdental.com/","https://www.facebook.com/137027056014","Park West Dental Care","0.9199122190475464","open","8","meta | Overture | Overture-signals","CDLA-Permissive-2.0","2026-04-27T00:00:00.000Z | 2026-06-11T11:57:15Z | 2026-05-12T00:29:08Z | 2026-05-18T13:23:54Z | 2026-05-25T13:08:59Z | 2026-06-01T13:20:32Z | 2026-06-08T13:20:12Z"
"ID","Idaho","ba3a732b-9bc6-4772-bc41-8d52400957d3","Guymon Orthodontics","-116.476836","43.692374","dentist","orthodontist | health_and_medical","9876 W State St","Star","83669-5210","ID","US","+12088980000","","http://www.meridianortho.com","https://www.facebook.com/932389903523830","Guymon Orthodontics - Boise","0.9953282099962234","","5","meta | Overture","CDLA-Permissive-2.0","2026-04-27T00:00:00.000Z | 2026-06-11T11:57:15Z"
"ID","Idaho","ba8fe9c7-e4e6-427c-891d-4817d0647451","Trailridge Family Dental","-116.9494268","43.78976741","dentist","general_dentistry","205 W Grove Ave","Parma","83660-5519","ID","US","+12087226400","marketing@trailridgefamilydental.com","http://parmaidahodentist.com/","https://www.facebook.com/247064381971919","","0.9994393736124039","","9","meta | Overture","CDLA-Permissive-2.0","2026-04-27T00:00:00.000Z | 2026-06-11T11:57:15Z"
"ID","Idaho","bae59798-5740-418b-a192-c02631160515","Boise Smile Station","-116.2891786","43.6193351","dentist","arts_and_entertainment | train_station","8565 W Fairview Ave","Boise","83704","ID","US","+12089690487","","","https://www.facebook.com/282246528947318","","0.7635074853897095","","5","meta | Overture","CDLA-Permissive-2.0","2026-04-27T00:00:00.000Z | 2026-06-11T11:57:15Z"
"ID","Idaho","bb41792c-658d-4688-8700-6075b6eafde7","Aspen Dental","-111.98542","43.472329","dentist","","2818 S 25th E","Idaho Falls","83404","ID","US","","","https://www.aspendental.com/dentist/id/idaho-falls/2818-s-25th-e/","","Aspen Dental","0.8","","3","AllThePlaces | Overture","CC0-1.0 | CDLA-Permissive-2.0","2026-06-02T15:18:54.000Z | 2026-06-11T11:57:15Z"
"ID","Idaho","bbc73ccf-d8c3-4bac-a92f-2c658a755f9f","Dr. Pamela A. Powell","-116.28326137","43.62689748","dentist","general_dentistry | doctor","8130 W Northview St","Boise","83704-5005","ID","US","+12083442593","drpampowell@yahoo.com","http://www.drpamelapowell.com/","https://www.facebook.com/381835055275411","","0.920793890953064","","9","meta | Overture","CDLA-Permissive-2.0","2026-04-27T00:00:00.000Z | 2026-06-11T11:57:15Z"
"ID","Idaho","bbe1e0d3-b19c-448b-b44b-0368583cdcd6","Stillings Fred J DMD","-116.313753","43.6210417","dentist","bar | doctor","10552 W Garverdale Ct","Boise","83704-5412","ID","US","+12083773206","fjstillings@aol.com","http://www.fredstillings.com","https://www.facebook.com/154972411208268","","0.9199122190475464","open","6","meta | Overture | Overture-signals","CDLA-Permissive-2.0","2026-04-27T00:00:00.000Z | 2026-06-11T11:57:15Z | 2026-05-12T00:29:08Z | 2026-05-18T13:23:54Z | 2026-05-25T13:08:59Z | 2026-06-01T13:20:32Z | 2026-06-08T13:20:12Z"
"ID","Idaho","bbf2361b-e094-4690-bd7c-53208f9fc27b","David E Seegmiller, DDS","-116.364053067608","43.5953058976752","dentist","","1075 S Wells Street","Meridian","83642","ID","US","(855) 433-6825","","https://locations.willamettedental.com/id/meridian/1075-s-wells-street/david-seegmiller.html","https://www.twitter.com/wdgdental","","0.77","","5","Foursquare | Overture","Apache-2.0 | CDLA-Permissive-2.0","2022-07-09T00:00:00.000 | 2026-06-11T11:57:15Z"
"ID","Idaho","bc87be02-0977-4a79-a6c1-a1975582fb22","River Rock Dental","-114.46524861","42.58637671","dentist","general_dentistry | medical_service_organizations","1399 Fillmore St","Twin Falls","83301-3351","ID","US","+12087370222","riverrockdentistry@gmail.com","http://www.riverrockdentistry.com/","https://www.facebook.com/237471803124806","","0.9199122190475464","open","8","meta | Overture | Overture-signals","CDLA-Permissive-2.0","2026-04-27T00:00:00.000Z | 2026-06-11T11:57:15Z | 2026-05-12T00:29:08Z | 2026-05-18T13:23:54Z | 2026-05-25T13:08:59Z | 2026-06-01T13:20:32Z | 2026-06-08T13:20:12Z"
"ID","Idaho","be192380-6b33-4aa1-982b-bec2701ccbdf","Pamela A. Powell, DMD, PA","-116.2831129","43.6266167","dentist","doctor | health_and_medical","8130 W Northview St Ste 300","Boise","83704","ID","US","2083442593","","https://www.drpamelapowell.com/","","","0.9655","","7","Microsoft | Overture","CDLA-Permissive-2.0","2025-05-08T13:46:54.383Z | 2026-06-11T11:57:15Z"
"ID","Idaho","be7cdbef-9158-44a8-a5a4-b590354cab59","Griffitts Facial and Oral Surgery","-116.796468970222","47.730322512697","dentist","","511 W Hanley Ave Ste C","Coeur d'Alene","83815","ID","US","(208) 667-0824","","http://www.cdaomfs.com","","","0.77","","5","Foursquare | Overture","Apache-2.0 | CDLA-Permissive-2.0","2025-08-22T00:00:00.000 | 2026-06-11T11:57:15Z"
"ID","Idaho","bea5c28e-b489-4ef5-a26a-d39531569de5","Boise Oral and Maxillofacial Surgery","-116.260627","43.611677","dentist","oral_surgeon | health_and_medical","6363 W Emerald St","Boise","83704-8783","ID","US","+12083764550","","http://www.boiseoms.com","https://www.facebook.com/167403459942271","","0.5272597074508667","","9","meta | Overture","CDLA-Permissive-2.0","2026-04-27T00:00:00.000Z | 2026-06-11T11:57:15Z"
"ID","Idaho","bf98b9ac-be35-4b47-86b7-e6dfc9a5d642","Nathan M Peterson, DDS","-114.48833","42.58907","dentist","health_and_medical","452 Cheney Dr W Ste 150","Twin Falls","83301","ID","US","8554336825","","https://locations.willamettedental.com/id/twin-falls/452-cheney-drive-west-nathan-peterson","","","0.9199122190475464","open","6","Microsoft | Overture | Overture-signals","CDLA-Permissive-2.0","2025-04-25T22:39:43.247Z | 2026-06-11T11:57:15Z | 2026-05-12T00:29:08Z | 2026-05-18T13:23:54Z | 2026-05-25T13:08:59Z | 2026-06-01T13:20:32Z | 2026-06-08T13:20:12Z"
"ID","Idaho","bfa013db-b192-434d-a16b-bd9692bdf51f","Implants Northwest","-116.806662503238","47.6926126937308","dentist","","1859 N Lakewood Dr Ste 101","Coeur d'Alene","83814","ID","US","(208) 667-5565","","https://www.implantsnorthwest.com","https://www.facebook.com/103219019818117","","0.77","","5","Foursquare | Overture","Apache-2.0 | CDLA-Permissive-2.0","2025-09-03T00:00:00.000 | 2026-06-11T11:57:15Z"
"ID","Idaho","bfd4b59d-8a31-421c-9073-ae6e8398471c","Brant Olson","-112.06369928","43.49547757","dentist","general_dentistry | health_and_medical","250 S Skyline Dr","Idaho Falls","83402-3292","ID","US","+12085229101","","http://brantolsondds.com","https://www.facebook.com/134750023241281","","0.9902192950248718","open","7","meta | Overture | Overture-signals","CDLA-Permissive-2.0","2026-04-27T00:00:00.000Z | 2026-06-11T11:57:15Z | 2026-05-12T00:29:08Z | 2026-05-18T13:23:54Z | 2026-05-25T13:08:59Z | 2026-06-01T13:20:32Z | 2026-06-08T13:20:12Z"
"ID","Idaho","c092a912-c47a-42f6-8c04-bf5a69a18d5d","Gentle Dental Care","-116.572603","43.53755133","dentist","general_dentistry","3246 12th Ave Rd","Nampa","83686-8404","ID","US","+12084679690","gentledentalnampa@gmail.com","https://gentledentalnampa.com/","https://www.facebook.com/159611140830576","","0.9992580562829971","","10","meta | Overture","CDLA-Permissive-2.0","2026-04-27T00:00:00.000Z | 2026-06-11T11:57:15Z"
"ID","Idaho","c15e672b-8501-462b-89ea-5e5ea88b9cf9","Stone Ridge Dental","-112.11877405","43.39089914","dentist","general_dentistry","295 Anderson Rd","Shelley","83274-4927","ID","US","+12083577900","stoneridgedental@gmail.com","http://www.astoneridgesmile.com/","https://www.facebook.com/1809810599237719","","0.9199122190475464","open","9","meta | Overture | Overture-signals","CDLA-Permissive-2.0","2026-04-27T00:00:00.000Z | 2026-06-11T11:57:15Z | 2026-05-12T00:29:08Z | 2026-05-18T13:23:54Z | 2026-05-25T13:08:59Z | 2026-06-01T13:20:32Z | 2026-06-08T13:20:12Z"
"ID","Idaho","c1914829-b050-4a28-ab83-2f8ff631ed88","Jarvis Dental","-116.41349924","43.65632128","dentist","general_dentistry | medical_service_organizations","1508 W Cayuse Creek Dr","Meridian","83646-6063","ID","US","+12088880900","info@jarvis-dental.com","http://www.jarvis-dental.com/","https://www.facebook.com/196815993721529","Jarvis Dental","0.9199122190475464","open","9","meta | Overture | Overture-signals","CDLA-Permissive-2.0","2026-04-27T00:00:00.000Z | 2026-06-11T11:57:15Z | 2026-05-12T00:29:08Z | 2026-05-18T13:23:54Z | 2026-05-25T13:08:59Z | 2026-06-01T13:20:32Z | 2026-06-08T13:20:12Z"
"ID","Idaho","c1f5371d-a451-44d7-8b22-4fbb1743141f","Childrens Dentistry","-116.577602323397","43.5536657483341","dentist","","349 W Iowa Ave","Nampa","83686","ID","US","(208) 467-5100","nampateambryson@gmail.com","http://idahochildrensdentistry.com","","","0.9199122190475464","open","4","Foursquare | Overture | Overture-signals","Apache-2.0 | CDLA-Permissive-2.0","2025-08-22T00:00:00.000 | 2026-06-11T11:57:15Z | 2026-05-12T00:29:08Z | 2026-05-18T13:23:54Z | 2026-05-25T13:08:59Z | 2026-06-01T13:20:32Z | 2026-06-08T13:20:12Z"
"ID","Idaho","c2805914-7267-4fc6-ad90-ed3f74e6e85e","Blaisdell Family Dentistry","-116.29266861","43.594719","dentist","general_dentistry | cosmetic_dentist","8877 W Hackamore Dr","Boise","83709-1671","ID","US","+12085346830","julie@lrblaisdelldds.com","http://www.blaisdellfamilydentistry.com/","https://www.facebook.com/574709869219276","Blaisdell Family Dentistry","0.9199122190475464","open","9","meta | Overture | Overture-signals","CDLA-Permissive-2.0","2026-04-27T00:00:00.000Z | 2026-06-11T11:57:15Z | 2026-05-12T00:29:08Z | 2026-05-18T13:23:54Z | 2026-05-25T13:08:59Z | 2026-06-01T13:20:32Z | 2026-06-08T13:20:12Z"
"ID","Idaho","c3497f6f-e4b3-4afa-95eb-aed4c9479dcb","Robert Agnetta DDS MS PA","-116.963773518482","44.2476380639901","dentist","","522 E 4th St","Weiser","83672","ID","US","(208) 549-2213","","http://www.centerpointortho.com","https://www.facebook.com/148847111825818","","0.9199122190475464","open","4","Foursquare | Overture | Overture-signals","Apache-2.0 | CDLA-Permissive-2.0","2025-08-19T00:00:00.000 | 2026-06-11T11:57:15Z | 2026-05-12T00:29:08Z | 2026-05-18T13:23:54Z | 2026-05-25T13:08:59Z | 2026-06-01T13:20:32Z | 2026-06-08T13:20:12Z"
"ID","Idaho","c4c74b78-0a9c-44ec-bf4e-d90b4048d34e","New Horizon Dental","-114.46501117","42.58681833","dentist","general_dentistry","1411 Fillmore St","Twin Falls","83301-3343","ID","US","+12087330494","newhorizondental1@gmail.com","https://www.newhorizondentaltwinfalls.com/","https://www.facebook.com/167275320280086","","0.9199122190475464","open","9","meta | Overture | Overture-signals","CDLA-Permissive-2.0","2026-04-27T00:00:00.000Z | 2026-06-11T11:57:15Z | 2026-05-12T00:29:08Z | 2026-05-18T13:23:54Z | 2026-05-25T13:08:59Z | 2026-06-01T13:20:32Z | 2026-06-08T13:20:12Z"
"ID","Idaho","c4d88e33-c54d-48bf-b8b9-3b8a16f83f83","William Carter","-116.28008846","43.63426337","dentist","","7878 W Ustick Rd","Boise","83704-5848","ID","US","+12083766346","","","https://www.facebook.com/290777720976853","","0.5069642663002014","","8","meta | Overture","CDLA-Permissive-2.0","2026-04-27T00:00:00.000Z | 2026-06-11T11:57:15Z"
"ID","Idaho","c4ed602b-9121-420d-a41b-8d5b3952de24","Wallace Family Dentistry","-116.4724607","43.868252","dentist","health_and_medical","2003 E Quail Run Rd","Emmett","83617","ID","US","2087422657","","https://www.wallace-dentistry.com/?utm_source=listing_traffic&utm_medium=organic&utm_campaign=listings","","","0.9199122190475464","open","8","Microsoft | Overture | Overture-signals","CDLA-Permissive-2.0","2025-05-30T19:17:03.883Z | 2026-06-11T11:57:15Z | 2026-05-12T00:29:08Z | 2026-05-18T13:23:54Z | 2026-05-25T13:08:59Z | 2026-06-01T13:20:32Z | 2026-06-08T13:20:12Z"
"ID","Idaho","c4f2f261-50d7-48b8-9175-65a03888ddf8","Super Smiles Orthodontist","-116.348197606736","43.6962016258946","dentist","","450 E State St","Eagle","83616","ID","US","(208) 939-2339","","https://www.supersmilesortho.com","","","0.77","","5","Foursquare | Overture","Apache-2.0 | CDLA-Permissive-2.0","2025-09-03T00:00:00.000 | 2026-06-11T11:57:15Z"
"ID","Idaho","c533feaf-bc59-4665-922f-a236fd23170c","Cedar Hills Family Dentistry","-112.43839754","42.85042098","dentist","general_dentistry | medical_service_organizations","1525 Bannock Hwy","Pocatello","83204-3509","ID","US","+12082332230","office@smilecedarhills.com","http://smilecedarhills.com/","https://www.facebook.com/111571565587641","","0.9199122190475464","open","8","meta | Overture | Overture-signals","CDLA-Permissive-2.0","2026-04-27T00:00:00.000Z | 2026-06-11T11:57:15Z | 2026-05-12T00:29:08Z | 2026-05-18T13:23:54Z | 2026-05-25T13:08:59Z | 2026-06-01T13:20:32Z | 2026-06-08T13:20:12Z"
"ID","Idaho","c57022df-3e43-4230-884f-b7c1f3d77d1b","Rigby Dental","-111.91312443","43.67149776","dentist","general_dentistry | medical_service_organizations","127 E Short St","Rigby","83442-1422","ID","US","+12087456536","rigbydentistry@gmail.com","http://www.rigbydentistry.com/","https://www.facebook.com/1647111368840087","","0.9199122190475464","open","7","meta | Overture | Overture-signals","CDLA-Permissive-2.0","2026-04-27T00:00:00.000Z | 2026-06-11T11:57:15Z | 2026-05-12T00:29:08Z | 2026-05-18T13:23:54Z | 2026-05-25T13:08:59Z | 2026-06-01T13:20:32Z | 2026-06-08T13:20:12Z"
"ID","Idaho","c5d6aee5-45be-473c-8efa-46883e0ab950","Sawtooth Kids Pediatric Dentistry","-116.59387961","43.63772762","dentist","","10034 Jordan Lee St","Nampa","83687","ID","US","+12089621399","hello@sawtooth.kids","http://www.sawtooth.kids/","https://www.facebook.com/107574055578937","Sawtooth","0.9199122190475464","open","9","meta | Overture | Overture-signals","CDLA-Permissive-2.0","2026-04-27T00:00:00.000Z | 2026-06-11T11:57:15Z | 2026-05-12T00:29:08Z | 2026-05-18T13:23:54Z | 2026-05-25T13:08:59Z | 2026-06-01T13:20:32Z | 2026-06-08T13:20:12Z"
"ID","Idaho","c5d837ae-a066-4045-bad1-eedce0fc24f9","Veronica Montgmery, DDS","-116.359688714147","43.6487453453096","dentist","health_and_medical","4840 N Rosepoint Way Ste A","Boise","83713","ID","US","2089397620","","http://www.boisecaringdentistry.com/","","","0.9199122190475464","open","6","Microsoft | Overture | Overture-signals","CDLA-Permissive-2.0","2020-05-04T00:27:44.873Z | 2026-06-11T11:57:15Z | 2026-05-12T00:29:08Z | 2026-05-18T13:23:54Z | 2026-05-25T13:08:59Z | 2026-06-01T13:20:32Z | 2026-06-08T13:20:12Z"
"ID","Idaho","c79a05af-5dbd-4c4b-bc2a-fb1f5a9b236d","ISU Meridian Family Dentistry","-116.37883527","43.59446971","dentist","general_dentistry | health_and_medical","1311 E Central Dr","Meridian","83642-7991","ID","US","+12083731855","","http://www.isu.edu/clinics/family-dentistry-meridian","https://www.facebook.com/137838649624678","","0.9199122190475464","open","7","meta | Overture | Overture-signals","CDLA-Permissive-2.0","2026-04-27T00:00:00.000Z | 2026-06-11T11:57:15Z | 2026-05-12T00:29:08Z | 2026-05-18T13:23:54Z | 2026-05-25T13:08:59Z | 2026-06-01T13:20:32Z | 2026-06-08T13:20:12Z"
"ID","Idaho","c83dd14c-e0fa-4415-abdf-1ecf6befd6d5","Loftus Family Dental","-116.91799309","47.710206","dentist","teeth_whitening | cosmetic_dentist","1850 E Seltice Way","Post Falls","83854-7019","ID","US","+12087770292","","http://www.loftusfamilydental.com/default.asp","https://www.facebook.com/1742845872657148","Loftus Family Dental","0.9199122190475464","open","6","meta | Overture | Overture-signals","CDLA-Permissive-2.0","2026-04-27T00:00:00.000Z | 2026-06-11T11:57:15Z | 2026-05-12T00:29:08Z | 2026-05-18T13:23:54Z | 2026-05-25T13:08:59Z | 2026-06-01T13:20:32Z | 2026-06-08T13:20:12Z"
"ID","Idaho","c85382db-9cfd-4140-bcca-7465e1e0e704","Idaho Orthodontics","-112.45929479599","42.920056378516","dentist","","371 E Chubbuck Rd","Chubbuck","83202","ID","US","(208) 237-0005","","https://www.idortho.com","","","0.77","","5","Foursquare | Overture","Apache-2.0 | CDLA-Permissive-2.0","2025-09-03T00:00:00.000 | 2026-06-11T11:57:15Z"
"ID","Idaho","c969cc8a-33f7-4b06-8d36-2b6a6c1ef8f9","Bauter Dentistry and Aesthetics","-116.18398768","43.59597517","dentist","cosmetic_dentist | general_dentistry","230 W Mallard Dr","Boise","83706-3995","ID","US","+12083448363","office@bauterdds.com","https://www.bauterdds.com/","https://www.facebook.com/355466154826488","","0.9199122190475464","open","10","meta | Overture | Overture-signals","CDLA-Permissive-2.0","2026-04-27T00:00:00.000Z | 2026-06-11T11:57:15Z | 2026-05-12T00:29:08Z | 2026-05-18T13:23:54Z | 2026-05-25T13:08:59Z | 2026-06-01T13:20:32Z | 2026-06-08T13:20:12Z"
"ID","Idaho","c98897a5-778c-4065-8317-424ef98bc9bf","Brad Robertson DDS","-116.33241151","43.63365895","dentist","health_and_medical | medical_service_organizations","12055 W Ustick Rd","Boise","83713-5186","ID","US","+12083221747","officemanager@bradrobertsondds.com","http://www.bradrobertsondds.com/","https://www.facebook.com/291255204255032","","0.9199122190475464","open","7","meta | Overture | Overture-signals","CDLA-Permissive-2.0","2026-04-27T00:00:00.000Z | 2026-06-11T11:57:15Z | 2026-05-12T00:29:08Z | 2026-05-18T13:23:54Z | 2026-05-25T13:08:59Z | 2026-06-01T13:20:32Z | 2026-06-08T13:20:12Z"
"ID","Idaho","c9a7c1ef-8dd3-4266-8a7a-a687ae9c2360","Dr. R. Kim Smith DDS","-112.4500433","42.8959452","dentist","health_and_medical","115 E Chapel Rd","Pocatello","83201","ID","US","2082323500","","http://www.yellowstone.dental/","","","0.9199122190475464","open","7","Microsoft | Overture | Overture-signals","CDLA-Permissive-2.0","2024-05-15T19:43:56.213Z | 2026-06-11T11:57:15Z | 2026-05-12T00:29:08Z | 2026-05-18T13:23:54Z | 2026-05-25T13:08:59Z | 2026-06-01T13:20:32Z | 2026-06-08T13:20:12Z"
"ID","Idaho","c9e23a08-b0fb-49c9-860c-26ee2a7a81b0","Sunshine Dentistry ","-116.93096","47.71446","dentist","pediatric_dentist","1280 E Polston Ave","Post Falls","83854-6056","ID","US","+12087735505","info@sunshinepf.com","http://www.sunshinepf.com/","https://www.facebook.com/289970424207580","","0.9199122190475464","open","7","meta | Overture | Overture-signals","CDLA-Permissive-2.0","2026-04-27T00:00:00.000Z | 2026-06-11T11:57:15Z | 2026-05-12T00:29:08Z | 2026-05-18T13:23:54Z | 2026-05-25T13:08:59Z | 2026-06-01T13:20:32Z | 2026-06-08T13:20:12Z"
"ID","Idaho","ca36d6b6-2633-4323-929b-bf0b218bc9af","Drs. Toenjes, Brizzee and Orme","-111.677742","43.97142336","dentist","general_dentistry | cosmetic_dentist","305 E 5th N","St Anthony","83445-1626","ID","US","+12086243757","tbodental@gmail.com","https://www.tbodental.com/","https://www.facebook.com/112303765523263","","0.9992900498509407","","9","meta | Overture","CDLA-Permissive-2.0","2026-04-27T00:00:00.000Z | 2026-06-11T11:57:15Z"
"ID","Idaho","ca469713-9b6e-4c14-ab19-71bac287ad66","Loftus Family Dental","-116.567215","48.285926","dentist","orthodontist | teeth_whitening","1310 Ponderosa Dr","Sandpoint","83864-5073","ID","US","+12082637641","","http://www.loftusfamilydentalsandpoint.com/","https://www.facebook.com/931058743678563","Loftus Family Dental","0.8225732445716858","","7","meta | Overture","CDLA-Permissive-2.0","2026-04-27T00:00:00.000Z | 2026-06-11T11:57:15Z"
"ID","Idaho","cb2accf4-9f4f-4668-8995-bb06012b4470","Salmon Valley Dental Clinic","-113.889490881151","45.1731193619536","dentist","","1005 Main St","Salmon","83467","ID","US","(208) 756-4940","drkenny81@gmail.com","http://www.kennyrogersdds.com","https://www.facebook.com/153671374668996","","0.9199122190475464","open","4","Foursquare | Overture | Overture-signals","Apache-2.0 | CDLA-Permissive-2.0","2025-08-22T00:00:00.000 | 2026-06-11T11:57:15Z | 2026-05-12T00:29:08Z | 2026-05-18T13:23:54Z | 2026-05-25T13:08:59Z | 2026-06-01T13:20:32Z | 2026-06-08T13:20:12Z"
"ID","Idaho","cb667c7c-5bb0-499a-a6ef-2696086a6a5c","Desert Hills Dental","-116.61689813","43.70207004","dentist","general_dentistry","509 S Middleton Rd","Middleton","83644-6046","ID","US","+12085152662","info@dhdentalmiddleton.com","http://dhdentalmiddleton.com/","https://www.facebook.com/512156378655919","","0.9199122190475464","open","7","meta | Overture | Overture-signals","CDLA-Permissive-2.0","2026-04-27T00:00:00.000Z | 2026-06-11T11:57:15Z | 2026-05-12T00:29:08Z | 2026-05-18T13:23:54Z | 2026-05-25T13:08:59Z | 2026-06-01T13:20:32Z | 2026-06-08T13:20:12Z"
"ID","Idaho","cc38cd8b-d06b-48da-ae73-3615767db045","Beazer Mark DMD","-116.331588","48.677483","dentist","health_and_medical | cosmetic_dentist","6466 Main St","Bonners Ferry","83805-8520","ID","US","+12082677571","bfdentistry@frontier.com","http://bonnersferryfamilydentistry.com/","https://www.facebook.com/134657473253852","","0.9737437963485718","","7","meta | Overture","CDLA-Permissive-2.0","2026-04-27T00:00:00.000Z | 2026-06-11T11:57:15Z"
"ID","Idaho","ccbf485f-fbad-437a-ac9a-e9b8de1bf460","Dr. David B. Wilkes, DDS","-114.476853","42.596942","dentist","cosmetic_dentist | family_practice","236 River Vista Pl","Twin Falls","83301-3006","ID","US","+12087375253","davidbwilkeddds@gmail.com","","https://www.facebook.com/100389675647132","","0.8905959725379944","","8","meta | Overture","CDLA-Permissive-2.0","2026-04-27T00:00:00.000Z | 2026-06-11T11:57:15Z"
"ID","Idaho","ccc80378-3349-4544-a908-2b7fbf7f5d6f","Middleton Dental","-116.62407935","43.70658106","dentist","general_dentistry | medical_service_organizations","18 W Main St","Middleton","83644-5814","ID","US","+12085853235","","http://www.meridian-dental.com","https://www.facebook.com/157728060926889","","0.857623815536499","","2","meta | Overture","CDLA-Permissive-2.0","2026-04-27T00:00:00.000Z | 2026-06-11T11:57:15Z"
"ID","Idaho","cd1b8a5f-29c3-4032-b913-2f298d8d18d2","Willamette Dental Group","-114.48854853","42.58902426","dentist","general_dentistry","452 Cheney Dr W","Twin Falls","83301-4086","ID","US","+18554336825","info@willamettedental.com","https://locations.willamettedental.com/id/twin-falls/452-cheney-drive-west.html","https://www.facebook.com/1243594292394048","Willamette Dental","0.9958657026290894","","9","meta | Overture","CDLA-Permissive-2.0","2026-04-27T00:00:00.000Z | 2026-06-11T11:57:15Z"
"ID","Idaho","ce48bb36-06f8-4409-95d1-89abb33e1ccb","Smile Now Boise Dentures and Implants","-116.35583504","43.69037739","dentist","prosthodontist","467 S Rivershore Ln","Eagle","83616-4978","ID","US","+12087926473","info@smilenowdenturesandimplants.com","https://smilenowdenturesandimplants.com/?utm_source=businessprofiles&utm_medium=organic&utm_campaign=offsiteSEO","https://www.facebook.com/119167244450584","","0.9902192950248718","open","8","meta | Overture | Overture-signals","CDLA-Permissive-2.0","2026-04-27T00:00:00.000Z | 2026-06-11T11:57:15Z | 2026-05-12T00:29:08Z | 2026-05-18T13:23:54Z | 2026-05-25T13:08:59Z | 2026-06-01T13:20:32Z | 2026-06-08T13:20:12Z"
"ID","Idaho","cf39b3ab-beaf-42a2-ad94-392b66e1a8f1","Boise Center for Cosmetic Dentistry","-116.353443","43.653385","dentist","","5360 N Eagle Rd","Boise","83713-4901","ID","US","+12089397620","office@smileatme.com","http://www.BoiseCaringDentistry.com/","https://www.facebook.com/407436459298369","","0.9461135864257812","","9","meta | Overture","CDLA-Permissive-2.0","2026-04-27T00:00:00.000Z | 2026-06-11T11:57:15Z"
"ID","Idaho","cf3caa2b-a8d4-408e-a9b1-92ad1d7dc335","Elite Dental Care","-111.99794963","43.46706331","dentist","cosmetic_dentist | general_dentistry","3399 Merlin Dr","Idaho Falls","83404-7405","ID","US","+12085429900","elitedental.if@gmail.com","http://ifelitedentalcare.com/","https://www.facebook.com/160751647281226","","0.9199122190475464","open","8","meta | Overture | Overture-signals","CDLA-Permissive-2.0","2026-04-27T00:00:00.000Z | 2026-06-11T11:57:15Z | 2026-05-12T00:29:08Z | 2026-05-18T13:23:54Z | 2026-05-25T13:08:59Z | 2026-06-01T13:20:32Z | 2026-06-08T13:20:12Z"
"ID","Idaho","cf3e6a2e-ed7a-4740-824d-2e9bc1bf58e0","Dentists of Boise and Orthodontics","-116.28177332","43.67084277","dentist","orthodontist | general_dentistry","7500 W State St","Boise","83714-6073","ID","US","+12082587740","dentistsofboiseandorthodontics@smilegeneration.com","https://www.DentistsofBoise.com/?sc_cid=Facebook%3AO%3AGP%3A576%3ASocial%3AGeneral%3Ana&_vsrefdom=organic_social&y_source=1_MTYyMDQwOTktNTU5LWxvY2F0aW9uLndlYnNpdGU%3D","https://www.facebook.com/105816124550129","Smile Generation","0.9902192950248718","open","7","meta | Overture | Overture-signals","CDLA-Permissive-2.0","2026-04-27T00:00:00.000Z | 2026-06-11T11:57:15Z | 2026-05-12T00:29:08Z | 2026-05-18T13:23:54Z | 2026-05-25T13:08:59Z | 2026-06-01T13:20:32Z | 2026-06-08T13:20:12Z"
"ID","Idaho","cfb543c1-5080-4484-bb33-0f219437b30b","Centennial Dental","-116.33573743","43.64781492","dentist","general_dentistry | medical_service_organizations","12349 W McMillan Rd","Boise","83713-5052","ID","US","+12083221112","info@cdboise.com","https://www.centennialdentalcenter.com/","https://www.facebook.com/169906603019586","","0.9998520572185516","open","8","meta | Overture | Overture-signals","CDLA-Permissive-2.0","2026-04-27T00:00:00.000Z | 2026-06-11T11:57:15Z | 2026-05-12T00:29:08Z"
"ID","Idaho","d02aa59e-dab2-4f2c-8246-430895977191","Alliance Dental Care","-116.389892399311","43.6125759131118","dentist","","270 S Ten Mile Rd Ste 100","Meridian","83642","ID","US","(208) 608-2098","","https://myalliancedentalcare.com","https://www.facebook.com/100361548510861 | https://www.instagram.com/alliancedentalcaremeridian","","0.77","","5","Foursquare | Overture","Apache-2.0 | CDLA-Permissive-2.0","2026-04-03T00:00:00.000 | 2026-06-11T11:57:15Z"
"ID","Idaho","d0404963-9685-4e0a-87be-84c7b3081f77","Elkins Dental","-116.49972386","43.86482568","dentist","general_dentistry | health_and_medical","1110 S Washington Ave","Emmett","83617-3535","ID","US","+12083694532","elkinsdental@hotmail.com","http://www.elkinsdental.com/","https://www.facebook.com/317772458233133","","0.9946979284286499","","9","meta | Overture","CDLA-Permissive-2.0","2026-04-27T00:00:00.000Z | 2026-06-11T11:57:15Z"
"ID","Idaho","d040a3bf-4e15-48d1-a37a-5597e250ed0f","Rathdrum Dental and Esthetics","-116.88335627","47.81468168","dentist","general_dentistry | doctor","15580 N Vera St","Rathdrum","83858-8313","ID","US","+12086873478","frontdesk@rathdrumdental.com","http://oswellrathdrumdental.com/","https://www.facebook.com/1461052494210926","","0.9252082705497742","","3","meta | Overture","CDLA-Permissive-2.0","2026-04-27T00:00:00.000Z | 2026-06-11T11:57:15Z"
"ID","Idaho","d1b0933b-06ce-434b-a06e-6325a1ad7321","Taylorview Dental","-112.0234103","43.46761601","dentist","medical_service_organizations | health_and_medical","3315 S Holmes Ave","Idaho Falls","83404-7981","ID","US","+12085224491","taylorviewdental@hotmail.com","http://taylorviewdental.com/","https://www.facebook.com/168102859870284","","0.9199122190475464","open","7","meta | Overture | Overture-signals","CDLA-Permissive-2.0","2026-04-27T00:00:00.000Z | 2026-06-11T11:57:15Z | 2026-05-12T00:29:08Z | 2026-05-18T13:23:54Z | 2026-05-25T13:08:59Z | 2026-06-01T13:20:32Z | 2026-06-08T13:20:12Z"
"ID","Idaho","d1c0e64c-96bf-4aaa-995f-e7ff429addec","Pocock Family Dental","-114.44170492","42.59007788","dentist","general_dentistry","2167 Village Park Ave","Twin Falls","83301-4173","ID","US","+12087332471","info@pocockfamilydental.com","http://PocockFamilyDental.com/","https://www.facebook.com/554719907733925","","0.8298284783959389","","2","meta | Overture","CDLA-Permissive-2.0","2026-04-27T00:00:00.000Z | 2026-06-11T11:57:15Z"
"ID","Idaho","d1ca93c8-36fd-47ed-ad2d-25315935cb60","Aspen Dental","-116.353587","43.634355","dentist","","3270 North Eagle Rd.","Meridian","83646","ID","US","","","https://www.aspendental.com/dentist/id/meridian/3270-north-eagle-rd/","","Aspen Dental","0.954","","7","AllThePlaces | Overture","CC0-1.0 | CDLA-Permissive-2.0","2026-06-02T15:18:54.000Z | 2026-06-11T11:57:15Z"
"ID","Idaho","d2686145-dc15-437d-98ba-248f6c7eb91d","European Denture Center","-116.69978258","43.6550851","dentist","general_dentistry","205 W Logan St","Caldwell","83605-4734","ID","US","+12083149943","europeandenture@gmail.com","https://eurodenture.com/","https://www.facebook.com/691316967955781","European Denture Center","0.9199122190475464","open","9","meta | Overture | Overture-signals","CDLA-Permissive-2.0","2026-04-27T00:00:00.000Z | 2026-06-11T11:57:15Z | 2026-05-12T00:29:08Z | 2026-05-18T13:23:54Z | 2026-05-25T13:08:59Z | 2026-06-01T13:20:32Z | 2026-06-08T13:20:12Z"
"ID","Idaho","d2d92095-a10b-4f0a-9bca-cb53fef86f42","St. Maries Family Dentistry","-116.56793162","47.31417731","dentist","periodontist | cosmetic_dentist","307 S 8th St","St Maries","83861-1873","ID","US","+12082452548","stmariesfamilydentistry@gmail.com","http://www.stmariesfamilydentistry.com/","https://www.facebook.com/227266804095070","St. Maries Family Dentistry","0.9199122190475464","open","8","meta | Overture | Overture-signals","CDLA-Permissive-2.0","2026-04-27T00:00:00.000Z | 2026-06-11T11:57:15Z | 2026-05-12T00:29:08Z | 2026-05-18T13:23:54Z | 2026-05-25T13:08:59Z | 2026-06-01T13:20:32Z | 2026-06-08T13:20:12Z"
"ID","Idaho","d2fe221f-20c9-4df3-871a-d8489a59a1be","Post Falls Family Dental Center","-116.948329988432","47.7101079618785","dentist","doctor | medical_service_organizations","313 N Spokane St","Post Falls","83854-9513","ID","US","+12087734579","scheduling@postfallsfamilydental.com","http://www.sleepbetternw.com/","https://www.facebook.com/152400721458555","Post Falls Family and Cosmetic Dental","0.9199122190475464","open","7","meta | Overture | Overture-signals","CDLA-Permissive-2.0","2026-04-27T00:00:00.000Z | 2026-06-11T11:57:15Z | 2026-05-12T00:29:08Z | 2026-05-18T13:23:54Z | 2026-05-25T13:08:59Z | 2026-06-01T13:20:32Z | 2026-06-08T13:20:12Z"
"ID","Idaho","d30ef12c-ac5e-4ebb-a1ec-40ffa6111e3b","Canyon Creek Dental","-111.891198","42.067076","dentist","cosmetic_dentist | orthodontist","395 East 600 South ","Preston","83263","ID","US","+12088520194","","http://canyoncreekdental.net/","https://www.facebook.com/313795722107828","","0.9805129766464233","","2","meta | Overture","CDLA-Permissive-2.0","2026-04-27T00:00:00.000Z | 2026-06-11T11:57:15Z"
"ID","Idaho","d3bfb09c-35e5-4e7c-be3d-5683a5fbbfed","J Alan Timmons","-116.92421244765","44.0111407255516","dentist","","105 N Whitley Dr","Fruitland","83619","ID","US","(208) 452-6280","","http://www.timmonsdds.com","https://www.facebook.com/154856601219007","","0.9199122190475464","open","4","Foursquare | Overture | Overture-signals","Apache-2.0 | CDLA-Permissive-2.0","2025-08-22T00:00:00.000 | 2026-06-11T11:57:15Z | 2026-05-12T00:29:08Z | 2026-05-18T13:23:54Z | 2026-05-25T13:08:59Z | 2026-06-01T13:20:32Z | 2026-06-08T13:20:12Z"
"ID","Idaho","d4a79e95-74da-4997-bb37-05cef8c56c4f","Lewis & Hawn More Than Just Teeth","-116.57796434","48.27269256","dentist","general_dentistry | health_and_medical","2025 Pine St","Sandpoint","83864-9327","ID","US","+12082654558","info@sandpointdentists.com","http://www.sandpointdentists.com","https://www.facebook.com/216265858421964","Lewis & Hawn More Than Just Teeth","0.9199122190475464","open","10","meta | Overture | Overture-signals","CDLA-Permissive-2.0","2026-04-27T00:00:00.000Z | 2026-06-11T11:57:15Z | 2026-05-12T00:29:08Z | 2026-05-18T13:23:54Z | 2026-05-25T13:08:59Z | 2026-06-01T13:20:32Z | 2026-06-08T13:20:12Z"
"ID","Idaho","d4bc89bb-a987-4264-9aca-468afa7c883f","Whitecap Dental Lab","-116.400504112353","43.6181704402812","dentist","","1558 N Crestmont Dr","Meridian","83642","ID","US","(208) 318-4171","","https://www.wcdentallab.com","","","0.9199122190475464","open","4","Foursquare | Overture | Overture-signals","Apache-2.0 | CDLA-Permissive-2.0","2024-10-16T00:00:00.000 | 2026-06-11T11:57:15Z | 2026-05-12T00:29:08Z | 2026-05-18T13:23:54Z | 2026-05-25T13:08:59Z | 2026-06-01T13:20:32Z | 2026-06-08T13:20:12Z"
"ID","Idaho","d4d4ea75-650f-4773-9d4d-df38910cafba","Dirne Dental Center","-116.791356","47.691961","dentist","doctor | counseling_and_mental_health","1800 N Lincoln Way","Coeur D'Alene","83814-2570","ID","US","+12082920697","","","https://www.facebook.com/120864261303147","","0.6495665907859802","","8","meta | Overture","CDLA-Permissive-2.0","2026-04-27T00:00:00.000Z | 2026-06-11T11:57:15Z"
"ID","Idaho","d5588537-7839-4115-a613-2de9c41e53e2","Dental Care at Verona","-116.433144","43.650643","dentist","health_and_medical","3177 W Milano Dr","Meridian","83646","ID","US","2082287093","","https://dentalcareatverona.com/","","","0.85","","7","Microsoft | Overture","CDLA-Permissive-2.0","2025-09-25T07:47:15.820Z | 2026-06-11T11:57:15Z"
"ID","Idaho","d626801d-dd2c-4bc3-b2e4-20428112308f","Terry J Taylor, DMD","-116.51767","43.60679","dentist","doctor | health_and_medical","16145 N High Desert St","Nampa","83687","ID","US","8554336825","","https://locations.willamettedental.com/id/nampa/16145-n-high-desert-st-terry-taylor","","","0.9199122190475464","open","6","Microsoft | Overture | Overture-signals","CDLA-Permissive-2.0","2025-10-06T08:12:59.760Z | 2026-06-11T11:57:15Z | 2026-05-12T00:29:08Z | 2026-05-18T13:23:54Z | 2026-05-25T13:08:59Z | 2026-06-01T13:20:32Z | 2026-06-08T13:20:12Z"
"ID","Idaho","d6951e66-85aa-4966-8cb0-84f5d8eafa62","Mint Dental","-114.465594","42.586935","dentist","general_dentistry | health_and_medical","1415 Fillmore St","Twin Falls","83301-3346","ID","US","+12087016082","info@mint17.com","https://mintdentaltwinfalls.com/","https://www.facebook.com/147659385968018","","0.9199122190475464","open","7","meta | Overture | Overture-signals","CDLA-Permissive-2.0","2026-04-27T00:00:00.000Z | 2026-06-11T11:57:15Z | 2026-05-12T00:29:08Z | 2026-05-18T13:23:54Z | 2026-05-25T13:08:59Z | 2026-06-01T13:20:32Z | 2026-06-08T13:20:12Z"
"ID","Idaho","d698e297-9867-4f94-b15a-8889fa1240b8","Robert L Cunningham DDS PLLC","-114.365594","43.678106","dentist","health_and_medical | hospital","120 N 2nd Ave","Ketchum","83340","ID","US","+12082953045","cunninghamdds@yahoo.com","http://mysunvalleydentist.com/","https://www.facebook.com/111943925535820","","0.6076475381851196","","5","meta | Overture","CDLA-Permissive-2.0","2026-04-27T00:00:00.000Z | 2026-06-11T11:57:15Z"
"ID","Idaho","d69ca460-1b7c-4912-9d09-97771c058c81","Dr. Bartschi DDS","-117.01363557","46.38252207","dentist","general_dentistry | health_and_medical","3326 4th St","Lewiston","83501-4455","ID","US","+12087462414","","http://www.lcsmiles.com","https://www.facebook.com/124421580944709","LCsmiles - ortodontia autoligada e odontologia preventiva","0.9199122190475464","open","9","meta | Overture | Overture-signals","CDLA-Permissive-2.0","2026-04-27T00:00:00.000Z | 2026-06-11T11:57:15Z | 2026-05-12T00:29:08Z | 2026-05-18T13:23:54Z | 2026-05-25T13:08:59Z | 2026-06-01T13:20:32Z | 2026-06-08T13:20:12Z"
"ID","Idaho","d6e2c93b-dcdc-4806-acba-1591fc885bdf","Quail Run Dental Care","-116.47245957","43.86761876","dentist","general_dentistry","2003 E Quail Run","Emmett","83617","ID","US","+12083653534","quailrundc@mydentalmail.com","http://www.wallace-dentistry.com/","https://www.facebook.com/160908561171933","","0.9857670068740845","","2","meta | Overture","CDLA-Permissive-2.0","2026-04-27T00:00:00.000Z | 2026-06-11T11:57:15Z"
"ID","Idaho","d703b2b4-9190-486d-ac40-51de057dab66","North Star Dentistry","-116.49888847","43.69172658","dentist","general_dentistry | health_and_medical","11615 W State St","Star","83669-5223","ID","US","+12082745500","northstardentistryidaho@gmail.com","http://northstardentistryidaho.com","https://www.facebook.com/438255663303798","","0.9199122190475464","open","8","meta | Overture | Overture-signals","CDLA-Permissive-2.0","2026-04-27T00:00:00.000Z | 2026-06-11T11:57:15Z | 2026-05-12T00:29:08Z | 2026-05-18T13:23:54Z | 2026-05-25T13:08:59Z | 2026-06-01T13:20:32Z | 2026-06-08T13:20:12Z"
"ID","Idaho","d84d9be4-cf17-4e1e-a84a-80f30b1faa30","Advanced Dental Center","-111.87425711","42.09680806","dentist","general_dentistry | health_and_medical","25 N 100 E","Preston","83263-1325","ID","US","+12088520770","advanceddentaldrh@gmail.com","http://HirschiDentistry.com/","https://www.facebook.com/174164959276923","","0.9199122190475464","open","9","meta | Overture | Overture-signals","CDLA-Permissive-2.0","2026-04-27T00:00:00.000Z | 2026-06-11T11:57:15Z | 2026-05-12T00:29:08Z | 2026-05-18T13:23:54Z | 2026-05-25T13:08:59Z | 2026-06-01T13:20:32Z | 2026-06-08T13:20:12Z"
"ID","Idaho","d894272e-1729-429f-b22c-90618c808369","Wayne Claiborne DDS","-116.31342812","43.62096881","dentist","health_and_medical | doctor","10552 W Garverdale Ct","Boise","83704-5412","ID","US","+12083364777","","www.healthgrades.com/dentist/dr-wayne-claiborne-xf5lv","https://www.facebook.com/342653582523145","","0.9199122190475464","open","6","meta | Overture | Overture-signals","CDLA-Permissive-2.0","2026-04-27T00:00:00.000Z | 2026-06-11T11:57:15Z | 2026-05-12T00:29:08Z | 2026-05-18T13:23:54Z | 2026-05-25T13:08:59Z | 2026-06-01T13:20:32Z | 2026-06-08T13:20:12Z"
"ID","Idaho","d949f08a-bb84-407b-ae3b-5ed8bf6f2885","Zink Dental","-116.2531227","43.61372339","dentist","general_dentistry","1000 N Curtis Rd","Boise","83706","ID","US","+12089183262","info@zinkdental.com","http://ZinkDental.com/virtualconsult","https://www.facebook.com/595316380982677","","0.9199122190475464","open","7","meta | Overture | Overture-signals","CDLA-Permissive-2.0","2026-04-27T00:00:00.000Z | 2026-06-11T11:57:15Z | 2026-05-12T00:29:08Z | 2026-05-18T13:23:54Z | 2026-05-25T13:08:59Z | 2026-06-01T13:20:32Z | 2026-06-08T13:20:12Z"
"ID","Idaho","da504d16-b866-4fcf-904b-cc661a6606bf","Home Light","-116.4002402","43.6185361","dentist","cosmetic_dentist | health_and_medical","1550 N Crestmont Dr","Meridian","83642-2177","ID","US","+12088884481","steinerfamilydentistry@gmail.com","https://www.steinerfamilydental.com/","https://www.facebook.com/361410080574058","Home Light","0.9256812930107117","","2","meta | Overture","CDLA-Permissive-2.0","2026-04-27T00:00:00.000Z | 2026-06-11T11:57:15Z"
"ID","Idaho","da53d584-dfdc-497e-ae3d-51e6f6a22881","McRae Dental","-116.36344883","43.59516029","dentist","general_dentistry | cosmetic_dentist","1067 S Wells St","Meridian","83642-8596","ID","US","+12088958486","info@mcraedental.com","http://www.mcraedental.com/","https://www.facebook.com/108537282538547","McRae Dental","0.9902192950248718","open","8","meta | Overture | Overture-signals","CDLA-Permissive-2.0","2026-04-27T00:00:00.000Z | 2026-06-11T11:57:15Z | 2026-05-12T00:29:08Z | 2026-05-18T13:23:54Z | 2026-05-25T13:08:59Z | 2026-06-01T13:20:32Z | 2026-06-08T13:20:12Z"
"ID","Idaho","db8e3ba9-73a6-4ee6-bb41-6213dd211609","Boise Prosthodontics","-116.398772","43.609021","dentist","","1803 S Topaz Way, Suite 120","Meridian","83642","ID","US","(208) 376-0567","office@boiseprosthodontics.com","https://www.idahoimplant.com","https://www.facebook.com/512713202123100","","0.77","","5","Foursquare | Overture","Apache-2.0 | CDLA-Permissive-2.0","2023-12-21T00:00:00.000 | 2026-06-11T11:57:15Z"
"ID","Idaho","dbc935c9-151c-44f4-9ac9-755533d75492","Towne Square Dental South","-116.3136368","43.5934197","dentist","general_dentistry","10551 W Business Park Ln","Boise","83709-6797","ID","US","+12083755656","frontoffice@townesquaredentalsouth.com","https://www.townesquaredentalsouth.com/","https://www.facebook.com/1018646598309964","","0.9984007596969604","","9","meta | Overture","CDLA-Permissive-2.0","2026-04-27T00:00:00.000Z | 2026-06-11T11:57:15Z"
"ID","Idaho","dbcac382-986f-408a-a63d-c3884989b06e","William E Crofts DDS PA","-114.516413456832","42.7233947627409","dentist","","128 S Adams St","Jerome","83338","ID","US","(208) 324-3596","wcrofts@gmail.com","http://www.croftsfamilydental.com","","","0.9199122190475464","open","4","Foursquare | Overture | Overture-signals","Apache-2.0 | CDLA-Permissive-2.0","2025-08-22T00:00:00.000 | 2026-06-11T11:57:15Z | 2026-05-12T00:29:08Z | 2026-05-18T13:23:54Z | 2026-05-25T13:08:59Z | 2026-06-01T13:20:32Z | 2026-06-08T13:20:12Z"
"ID","Idaho","dc1926b5-2548-4aec-8803-5080aff437bb","Eagle Rock Dental Care","-111.79982454","43.81726271","dentist","general_dentistry | doctor","556 Trejo St","Rexburg","83440-2625","ID","US","+12083592224","eaglerex@eaglerockdentalcare.com","http://www.eaglerockdentalcare.com/","https://www.facebook.com/694104810727141","Eagle Rock Dental Care - Idaho Falls","0.9199122190475464","open","8","meta | Overture | Overture-signals","CDLA-Permissive-2.0","2026-04-27T00:00:00.000Z | 2026-06-11T11:57:15Z | 2026-05-12T00:29:08Z | 2026-05-18T13:23:54Z | 2026-05-25T13:08:59Z | 2026-06-01T13:20:32Z | 2026-06-08T13:20:12Z"
"ID","Idaho","dd73ca98-c785-431b-8e5f-8908973782b8","Steiner Greg DDS","-116.396670341492","43.6164889852961","dentist","","1550 N Crestmont Dr Ste C","Meridian","83642","ID","US","(208) 918-4530","steinerfamilydentistry@gmail.com","http://steinerfamilydental.com","https://www.facebook.com/361410080574058","","0.77","","5","Foursquare | Overture","Apache-2.0 | CDLA-Permissive-2.0","2025-08-22T00:00:00.000 | 2026-06-11T11:57:15Z"
"ID","Idaho","ddc3835a-f1de-4d53-b0e7-2349d2329a5f","A Reason to Smile","-116.20603741","43.64524109","dentist","general_dentistry","2803 N Bogus Basin Rd","Boise","83702-0913","ID","US","+12082587806","areasontosmile@mydentalmail.com","https://areasontosmileboise.com/","https://www.facebook.com/152866611400676","Dental Health Society online","0.9199122190475464","open","9","meta | Overture | Overture-signals","CDLA-Permissive-2.0","2026-04-27T00:00:00.000Z | 2026-06-11T11:57:15Z | 2026-05-12T00:29:08Z | 2026-05-18T13:23:54Z | 2026-05-25T13:08:59Z | 2026-06-01T13:20:32Z | 2026-06-08T13:20:12Z"
"ID","Idaho","dee8a9ff-ddb2-426c-ab3d-15c23fe8301b","MacNeill Family Dental","-116.57037892","48.26570414","dentist","general_dentistry","1575 Ontario St","Sandpoint","83864-1786","ID","US","+12082634353","info@macneillfamilydental.com","http://www.macneillfamilydental.com/","https://www.facebook.com/107930954807536","","0.9199122190475464","open","7","meta | Overture | Overture-signals","CDLA-Permissive-2.0","2026-04-27T00:00:00.000Z | 2026-06-11T11:57:15Z | 2026-05-12T00:29:08Z | 2026-05-18T13:23:54Z | 2026-05-25T13:08:59Z | 2026-06-01T13:20:32Z | 2026-06-08T13:20:12Z"
"ID","Idaho","def55159-1aac-4ae3-98bd-4ead857635a6","Modern Smiles Nampa","-116.592989","43.614566","dentist","","16458 N Midland Blvd","Nampa","83687","ID","US","+12086561799","","https://www.nampaidahodentist.com/ | https://www.nampaidahodentist.com/?utm_source=GMB&utm_medium=organic&utm_campaign=DevOptimization&utm_content=Website","","","1","","3","DAC | Overture","CDLA-Permissive-2.0","2026-06-10T16:03:35.911Z | 2026-06-11T11:57:15Z"
"ID","Idaho","df133bd4-e077-4a00-bdc6-98e6db28a463","Today's Dental Care","-114.71300261","42.94218816","dentist","general_dentistry | health_and_medical","325 Main St","Gooding","83330-1302","ID","US","+12089348080","tdcgooding@gmail.com","http://tdcgooding.com/","https://www.facebook.com/149492452254009","Today's Dental Care Jerome","0.9199122190475464","open","9","meta | Overture | Overture-signals","CDLA-Permissive-2.0","2026-04-27T00:00:00.000Z | 2026-06-11T11:57:15Z | 2026-05-12T00:29:08Z | 2026-05-18T13:23:54Z | 2026-05-25T13:08:59Z | 2026-06-01T13:20:32Z | 2026-06-08T13:20:12Z"
"ID","Idaho","df61e194-c7f5-483e-bd85-34ad5e122e86","Crandall Dental Care On Broadway","-112.07094037","43.49650989","dentist","health_and_medical | hospital","1991 W Broadway St","Idaho Falls","83402-3041","ID","US","+12085291991","njaycrandall@gmail.com","http://www.njaycrandalldentist.com/","https://www.facebook.com/347705558636938","","0.8727362155914307","","7","meta | Overture","CDLA-Permissive-2.0","2026-04-27T00:00:00.000Z | 2026-06-11T11:57:15Z"
"ID","Idaho","e06d6320-44a0-4731-a9a5-a6181aaf60c7","High Desert Dental","-116.335565","43.561413","dentist","","12212 W Amity Road","Boise","83709","ID","US","+12083506795","","https://www.highdesertdds.com/","","","0.9199122190475464","open","8","DAC | Overture | Overture-signals","CDLA-Permissive-2.0","2026-06-10T16:03:35.911Z | 2026-06-11T11:57:15Z | 2026-05-12T00:29:08Z | 2026-05-18T13:23:54Z | 2026-05-25T13:08:59Z | 2026-06-01T13:20:32Z | 2026-06-08T13:20:12Z"
"ID","Idaho","e1a0f27f-fbd7-4da8-8095-b3d2667bdb0b","Mountain State Dental Care","-116.30073849","43.59076043","dentist","general_dentistry","1578 S Timesquare Ln","Boise","83709-8266","ID","US","+12084189215","mountainstatedc@mydentalmail.com","http://www.mountainstatedentalcare.com/","https://www.facebook.com/190965177718937","","0.9199122190475464","open","8","meta | Overture | Overture-signals","CDLA-Permissive-2.0","2026-04-27T00:00:00.000Z | 2026-06-11T11:57:15Z | 2026-05-12T00:29:08Z | 2026-05-18T13:23:54Z | 2026-05-25T13:08:59Z | 2026-06-01T13:20:32Z | 2026-06-08T13:20:12Z"
"ID","Idaho","e23ad6e0-5f9d-416f-a01f-279c1b359c74","Gary L Turpen DDS","-116.31291263","43.62063673","dentist","health_and_medical | lawyer","10497 W Garverdale Ct","Boise","83704-5407","ID","US","+12083211150","trailrunner@mstar.net","http://www.healthgrades.com/dentist/dr-gary-turpen-29fj2","https://www.facebook.com/122822394441045","","0.9199122190475464","open","6","meta | Overture | Overture-signals","CDLA-Permissive-2.0","2026-04-27T00:00:00.000Z | 2026-06-11T11:57:15Z | 2026-05-12T00:29:08Z | 2026-05-18T13:23:54Z | 2026-05-25T13:08:59Z | 2026-06-01T13:20:32Z | 2026-06-08T13:20:12Z"
"ID","Idaho","e24397f5-175f-4071-b0d7-b8d92172b547","Brandon Taylor","-116.28439573","43.62752576","dentist","health_and_medical | pediatric_dentist","2455 N Milwaukee St","Boise","83704-5736","ID","US","+12086580859","taylorfamilydentistry@yahoo.com","http://BoiseIdahoSmiles.com/","https://www.facebook.com/113015875379920","","0.675552487373352","","7","meta | Overture","CDLA-Permissive-2.0","2026-04-27T00:00:00.000Z | 2026-06-11T11:57:15Z"
"ID","Idaho","e33d0c0a-7aa0-4f4d-813a-8313e43ed25d","Darin Duane Kerr","-111.106601137658","43.7247515418176","dentist","","235 E Wallace Ave","Driggs","83422","ID","US","(208) 354-8181","","http://www.tetonvalleydental.com","","","0.9199122190475464","open","4","Foursquare | Overture | Overture-signals","Apache-2.0 | CDLA-Permissive-2.0","2025-08-22T00:00:00.000 | 2026-06-11T11:57:15Z | 2026-05-12T00:29:08Z | 2026-05-18T13:23:54Z | 2026-05-25T13:08:59Z | 2026-06-01T13:20:32Z | 2026-06-08T13:20:12Z"
"ID","Idaho","e3e4b0ef-6838-40af-920a-5cccaeb82261","Eagle Rivershore Dental","-116.355772","43.690429","dentist","medical_service_organizations | health_and_medical","467 S Rivershore Ln","Eagle","83616-4978","ID","US","+12089391700","gregdavisdds@gmail.com","http://www.eaglerivershoredental.com/","https://www.facebook.com/297681877432788","","0.9931291109323501","","9","meta | Overture","CDLA-Permissive-2.0","2026-04-27T00:00:00.000Z | 2026-06-11T11:57:15Z"
"ID","Idaho","e3ea30be-58f2-487a-b760-77fcdf7b5ab9","Boise Towne Square Dental","-116.277457","43.612629","dentist","health_and_medical | farm","7677 W Emerald St","Boise","83704-9018","ID","US","+12086394390","tsdfrontdesk@gmail.com","http://boisetownesquaredental.com/","https://www.facebook.com/787954901280574","Towne Square Dental","0.7737650275230408","","7","meta | Overture","CDLA-Permissive-2.0","2026-04-27T00:00:00.000Z | 2026-06-11T11:57:15Z"
"ID","Idaho","e48b8330-f60a-4a5c-ac32-ee318327a65e","West Wind Dental","-111.91077234","43.67338438","dentist","general_dentistry | medical_service_organizations","243 E Fremont Ave","Rigby","83442-1410","ID","US","+12087450400","office@mywestwinddental.com","http://mywestwinddental.com","https://www.facebook.com/245045568946794","","0.9199122190475464","open","7","meta | Overture | Overture-signals","CDLA-Permissive-2.0","2026-04-27T00:00:00.000Z | 2026-06-11T11:57:15Z | 2026-05-12T00:29:08Z | 2026-05-18T13:23:54Z | 2026-05-25T13:08:59Z | 2026-06-01T13:20:32Z | 2026-06-08T13:20:12Z"
"ID","Idaho","e5deeedd-0490-47c1-9a93-185c41af7fab","Dr. LaVonne Hammelman, Dentist and Denture Center","-114.7663","42.59439","dentist","","1620 Main St","Buhl","83316-1716","ID","US","","drlavonneh@gmail.com","","https://www.facebook.com/109335438062539","","0.8770792484283447","","7","meta | Overture","CDLA-Permissive-2.0","2026-04-27T00:00:00.000Z | 2026-06-11T11:57:15Z"
"ID","Idaho","e6a9bb40-9150-4207-a8ce-a90d371b29c8","Legacy Dental","-116.93677636","47.72130514","dentist","general_dentistry | cosmetic_dentist","801 E Medical Ct","Post Falls","83854-7298","ID","US","+12087731559","info@legacydentalpf.com","https://legacydentalpf.com/","https://www.facebook.com/705310782883470","","0.9199122190475464","open","8","meta | Overture | Overture-signals","CDLA-Permissive-2.0","2026-04-27T00:00:00.000Z | 2026-06-11T11:57:15Z | 2026-05-12T00:29:08Z | 2026-05-18T13:23:54Z | 2026-05-25T13:08:59Z | 2026-06-01T13:20:32Z | 2026-06-08T13:20:12Z"
"ID","Idaho","e6d0d6ec-92e4-4ddd-b6ef-bced524be615","Towne Square Dental South","-116.277299989635","43.6125716353941","dentist","","10572 W Business Park Ln","Boise","83709","ID","US","(208) 375-5656","tsdfrontdesk@gmail.com","https://townesquaredentalsouth.com","https://www.facebook.com/1018646598309964 | https://www.instagram.com/townesquaredentalsouth","","0.77","","5","Foursquare | Overture","Apache-2.0 | CDLA-Permissive-2.0","2023-05-12T00:00:00.000 | 2026-06-11T11:57:15Z"
"ID","Idaho","e733441e-bfd8-409f-97e1-3b5ec39dae64","Downtown Dental","-116.21257924","43.62228223","dentist","cosmetic_dentist","1625 W Bannock St","Boise","83702-5155","ID","US","+12083425444","frontdesk@rkdds.com","http://www.rkdds.com/","https://www.facebook.com/111695847628770","","0.9199122190475464","open","7","meta | Overture | Overture-signals","CDLA-Permissive-2.0","2026-04-27T00:00:00.000Z | 2026-06-11T11:57:15Z | 2026-05-12T00:29:08Z | 2026-05-18T13:23:54Z | 2026-05-25T13:08:59Z | 2026-06-01T13:20:32Z | 2026-06-08T13:20:12Z"
"ID","Idaho","e79626ee-37f4-47d6-9df9-3efed9bacd5c","Idahome Smiles","-116.213339929066","43.5925110567279","dentist","","300 W Main St Ste 208","Meridian","83642","ID","US","(208) 713-7090","brett@idahomesmiles.com","https://www.idahomesmiles.com","https://www.twitter.com/idahomesmiles | https://www.instagram.com/idahomesmiles","","0.77","","5","Foursquare | Overture","Apache-2.0 | CDLA-Permissive-2.0","2024-12-28T00:00:00.000 | 2026-06-11T11:57:15Z"
"ID","Idaho","e80a38d8-03c2-46d5-9a14-a1bb3c3dec35","Chad J Coombs, DDS","-111.987725","43.471885","dentist","","2860 Valencia Drive","Idaho Falls","83404","ID","US","(855) 433-6825","","https://locations.willamettedental.com/id/idaho-falls/2860-valencia-drive/chad-coombs.html","https://www.twitter.com/wdgdental","","0.77","","5","Foursquare | Overture","Apache-2.0 | CDLA-Permissive-2.0","2021-02-24T00:00:00.000 | 2026-06-11T11:57:15Z"
"ID","Idaho","e913725d-8bf4-42ec-8339-17aa55243145","David L Wilkinson, DDS MS","-116.797532825227","47.6966878543255","dentist","","943 W Ironwood Dr Ste 200","Coeur D Alene","83814","ID","US","(855) 433-6825","","https://locations.willamettedental.com/id/coeur-d-alene/943-w-ironwood-drive/david-wilkinson.html","https://www.twitter.com/wdgdental | https://www.facebook.com/201831826504443","","0.9199122190475464","open","4","Foursquare | Overture | Overture-signals","Apache-2.0 | CDLA-Permissive-2.0","2021-02-24T00:00:00.000 | 2026-06-11T11:57:15Z | 2026-05-12T00:29:08Z | 2026-05-18T13:23:54Z | 2026-05-25T13:08:59Z | 2026-06-01T13:20:32Z | 2026-06-08T13:20:12Z"
"ID","Idaho","e91c5dd4-4055-45cb-be12-1c629836462a","Premier Dentistry of Eagle","-116.35496901","43.6729813","dentist","general_dentistry","45 W Cottonwood Ct","Eagle","83616-6577","ID","US","+12085460655","lg@premierdentistryofeagle.com","https://www.premierdentistryofeagle.com/","https://www.facebook.com/1512063292383061","","0.9199122190475464","open","9","meta | Overture | Overture-signals","CDLA-Permissive-2.0","2026-04-27T00:00:00.000Z | 2026-06-11T11:57:15Z | 2026-05-12T00:29:08Z | 2026-05-18T13:23:54Z | 2026-05-25T13:08:59Z | 2026-06-01T13:20:32Z | 2026-06-08T13:20:12Z"
"ID","Idaho","ea5d91c9-4244-4cc5-8a5a-b37335c4099e","Marcus Lowry Orthodontics","-116.51789155","43.59636645","dentist","orthodontist | medical_service_organizations","4401 E Flamingo Ave","Nampa","83687-3113","ID","US","+12084619288","","https://www.lowryortho.com","https://www.facebook.com/165779274269017","","0.9199122190475464","open","7","meta | Overture | Overture-signals","CDLA-Permissive-2.0","2026-04-27T00:00:00.000Z | 2026-06-11T11:57:15Z | 2026-05-12T00:29:08Z | 2026-05-18T13:23:54Z | 2026-05-25T13:08:59Z | 2026-06-01T13:20:32Z | 2026-06-08T13:20:12Z"
"ID","Idaho","ead653f5-075b-4b38-b7e4-0769f7fb14a4","Dr Lon Peckham, DMD, PC","-116.907706","48.17982","dentist","health_and_medical | hospital","50 Main St","Priest River","83856-6758","ID","US","+18555537566","","http://drlonpeckham.com/","https://www.facebook.com/1388325904825773","","0.7984479665756226","","8","meta | Overture","CDLA-Permissive-2.0","2026-04-27T00:00:00.000Z | 2026-06-11T11:57:15Z"
"ID","Idaho","ee6d8cc3-994f-4210-9303-b9f5202447dc","Jeffrey D. Larson DMD","-116.66209318","43.60388218","dentist","general_dentistry | cosmetic_dentist","13432 Generations Lane","Caldwell","83607","ID","US","+12084542061","jefflarsondmd@gmail.com","http://jefflarsondmd.com/","https://www.facebook.com/274908769190324","","0.9950705736875534","","10","meta | Overture","CDLA-Permissive-2.0","2026-04-27T00:00:00.000Z | 2026-06-11T11:57:15Z"
"ID","Idaho","ee989485-aec2-4ded-aa3f-bfe0ef922598","Family Dental Center","-116.57423669","43.54865624","dentist","general_dentistry","2065 12th Ave Rd","Nampa","83686-6311","ID","US","+12084663239","nampafamilydental@yahoo.com","http://yourfamilydentalcenter.com/","https://www.facebook.com/1444712109113826","","0.9994763334691524","open","10","meta | Overture | Overture-signals","CDLA-Permissive-2.0","2026-04-27T00:00:00.000Z | 2026-06-11T11:57:15Z | 2026-06-08T13:20:12Z"
"ID","Idaho","ef9a2379-c835-44df-b537-9035ee4fea7b","Bright Smiles Family Dental","-111.78398753","43.82491105","dentist","","44 S Center St","Rexburg","83440-1916","ID","US","+12086563008","receptionist@brightsmilesfamilydental.com","https://www.brightsmilesfamilydental.com/","https://www.facebook.com/104698171996936","","0.9865403771400452","","9","meta | Overture","CDLA-Permissive-2.0","2026-04-27T00:00:00.000Z | 2026-06-11T11:57:15Z"
"ID","Idaho","efaec1cf-c247-407f-a513-1b486153dd53","Blackfoot Smiles","-112.35239221","43.19275565","dentist","general_dentistry | doctor","718 W Bridge St","Blackfoot","83221-2019","ID","US","+12087852255","blackfootsmiles@gmail.com","http://www.blackfootsmiles.com/","https://www.facebook.com/528751993815206","","0.9199122190475464","open","7","meta | Overture | Overture-signals","CDLA-Permissive-2.0","2026-04-27T00:00:00.000Z | 2026-06-11T11:57:15Z | 2026-05-12T00:29:08Z | 2026-05-18T13:23:54Z | 2026-05-25T13:08:59Z | 2026-06-01T13:20:32Z | 2026-06-08T13:20:12Z"
"ID","Idaho","efc04038-4167-429d-82f1-f3124b0a15f7","Atlantis Dental Care","-116.34705239","43.64813513","dentist","general_dentistry | health_and_medical","13238 W Persimmon Ln","Boise","83713-1968","ID","US","+12088456632","info@atlantisdental.com","https://www.atlantisdental.com/?utm_source=organic&utm_medium=gmb&utm_campaign=home&utm_id=local","https://www.facebook.com/105645289481490","Cabinet Stomatologic- Dr. OPREA Sorina","0.9199122190475464","open","9","meta | Overture | Overture-signals","CDLA-Permissive-2.0","2026-04-27T00:00:00.000Z | 2026-06-11T11:57:15Z | 2026-05-12T00:29:08Z | 2026-05-18T13:23:54Z | 2026-05-25T13:08:59Z | 2026-06-01T13:20:32Z | 2026-06-08T13:20:12Z"
"ID","Idaho","f04a3431-e7b8-4290-b793-28fa4a7e18ab","Elison Dental Center","-112.0014187","43.46566885","dentist","general_dentistry","1630 Elk Creek Dr","Idaho Falls","83404-8349","ID","US","+12085227216","drmike@elisondentalcenter.com","http://www.elisondentalcenter.com/","https://www.facebook.com/471438789594237","","0.9199122190475464","open","8","meta | Overture | Overture-signals","CDLA-Permissive-2.0","2026-04-27T00:00:00.000Z | 2026-06-11T11:57:15Z | 2026-05-12T00:29:08Z | 2026-05-18T13:23:54Z | 2026-05-25T13:08:59Z | 2026-06-01T13:20:32Z | 2026-06-08T13:20:12Z"
"ID","Idaho","f05c3d07-254d-40e0-97eb-088b19ade77d","Evans Dental","-113.78063463","42.53657579","dentist","general_dentistry | doctor","1308 Bennett Ave","Burley","83318-2665","ID","US","+12086474441","markevansdmd@gmail.com","http://burleysmiles.com/","https://www.facebook.com/184517972366799","","0.9199122190475464","open","8","meta | Overture | Overture-signals","CDLA-Permissive-2.0","2026-04-27T00:00:00.000Z | 2026-06-11T11:57:15Z | 2026-05-12T00:29:08Z | 2026-05-18T13:23:54Z | 2026-05-25T13:08:59Z | 2026-06-01T13:20:32Z | 2026-06-08T13:20:12Z"
