"state_code","state","id","name","longitude","latitude","primary_category","alternate_categories","address","locality","postcode","region","country","phones","emails","websites","socials","brand","confidence","operating_status","version","source_datasets","source_licenses","source_update_times"
"IL","Illinois","002fd874-8e6f-4d4c-bde4-6da57d22999b","Clinton Dental Professionals","-87.89565383","42.00720987","dentist","general_dentistry","1011 E Touhy Ave","Des Plaines","60018","IL","US","+18473768824","drsclinton@sbcglobal.net","http://clintondentalpros.com/","https://www.facebook.com/113087128328882","","0.9591563940048218","","8","meta | Overture","CDLA-Permissive-2.0","2026-04-27T00:00:00.000Z | 2026-06-11T11:57:15Z"
"IL","Illinois","003aceac-7f48-44d9-9d16-6cb4b447ccf5","Lawson Randall","-90.23547584","39.73235864","dentist","general_dentistry | medical_service_organizations","505 W College Ave","Jacksonville","62650-2405","IL","US","+12172455319","rlawsondds@collegeavenuedental.com","http://www.collegeavenuedental.com/","https://www.facebook.com/153766004658492","College Avenue Dental","0.9199122190475464","open","8","meta | Overture | Overture-signals","CDLA-Permissive-2.0","2026-04-27T00:00:00.000Z | 2026-06-11T11:57:15Z | 2026-05-12T00:29:08Z | 2026-05-18T13:23:54Z | 2026-05-25T13:08:59Z | 2026-06-01T13:20:32Z | 2026-06-08T13:20:12Z"
"IL","Illinois","004a65b0-b34a-4e48-816e-3d53f12c80ef","Elmhurst Family Dental","-87.94015528","41.90715986","dentist","pediatric_dentist | cosmetic_dentist","314 York Rd","Elmhurst","60126-2383","IL","US","+16309930780","","http://www.elmhurstfamilydental.com/","https://www.facebook.com/217460691617849","Elmhurst Family Dental","0.9902192950248718","open","8","meta | Overture | Overture-signals","CDLA-Permissive-2.0","2026-04-27T00:00:00.000Z | 2026-06-11T11:57:15Z | 2026-05-12T00:29:08Z | 2026-05-18T13:23:54Z | 2026-05-25T13:08:59Z | 2026-06-01T13:20:32Z | 2026-06-08T13:20:12Z"
"IL","Illinois","00531fcd-5f19-4eea-baea-5bf69023b091","Access Dental Center","-87.99559992","41.92006184","dentist","general_dentistry | health_and_medical","276 W Fullerton Ave","Addison","60101-3767","IL","US","+16306288884","","http://accessdentalcenter.org/","https://www.facebook.com/104721856342046","Access Dental Center","0.9199122190475464","open","8","meta | Overture | Overture-signals","CDLA-Permissive-2.0","2026-04-27T00:00:00.000Z | 2026-06-11T11:57:15Z | 2026-05-12T00:29:08Z | 2026-05-18T13:23:54Z | 2026-05-25T13:08:59Z | 2026-06-01T13:20:32Z | 2026-06-08T13:20:12Z"
"IL","Illinois","005de2bb-0759-4903-8397-4cc20d56b8a9","Yu David DDS","-87.56875306","41.63234163","dentist","general_dentistry | health_and_medical","97 Paxton Ave","Calumet City","60409-1509","IL","US","+17088682888","","","https://www.facebook.com/182221168798510","","0.9199122190475464","open","7","meta | Overture | Overture-signals","CDLA-Permissive-2.0","2026-04-27T00:00:00.000Z | 2026-06-11T11:57:15Z | 2026-05-12T00:29:08Z | 2026-05-18T13:23:54Z | 2026-05-25T13:08:59Z | 2026-06-01T13:20:32Z | 2026-06-08T13:20:12Z"
"IL","Illinois","00756b64-b7e2-49ec-8ad6-770c00915fa8","Deerfield Dental Care","-87.838634","42.153544","dentist","medical_service_organizations | health_and_medical","420 Lake Cook Rd","Deerfield","60015-4914","IL","US","+18474441111","info@drestherlyon.com","http://www.deerfielddentalcare.com/","https://www.facebook.com/1673653845995705","Deerfield Dental Care","0.9603329300880432","","9","meta | Overture","CDLA-Permissive-2.0","2026-04-27T00:00:00.000Z | 2026-06-11T11:57:15Z"
"IL","Illinois","0078d5dd-7fda-405e-97e3-a7ee9fef5d86","Prairie Dental Group","-89.70893696","39.77563761","dentist","general_dentistry | cosmetic_dentist","2900 Greenbriar Dr","Springfield","62704-6418","IL","US","+12175460412","office@prairiedentalgroup.com","http://prairiedentalgroup.com/","https://www.facebook.com/436057363096238","Prairie Dental Group","0.9199122190475464","open","9","meta | Overture | Overture-signals","CDLA-Permissive-2.0","2026-04-27T00:00:00.000Z | 2026-06-11T11:57:15Z | 2026-05-12T00:29:08Z | 2026-05-18T13:23:54Z | 2026-05-25T13:08:59Z | 2026-06-01T13:20:32Z | 2026-06-08T13:20:12Z"
"IL","Illinois","008e629d-ba1d-45c2-9121-41e4625adff6","Dr. Tony Cascino","-87.88919115","41.79036851","dentist","general_dentistry","1516 W 55th St","Countryside","60525-7000","IL","US","+17082466700","tonycascino@comcast.net","http://www.yourdentistry.com/","https://www.facebook.com/394254903926303","","0.9199122190475464","open","10","meta | Overture | Overture-signals","CDLA-Permissive-2.0","2026-04-27T00:00:00.000Z | 2026-06-11T11:57:15Z | 2026-05-12T00:29:08Z | 2026-05-18T13:23:54Z | 2026-05-25T13:08:59Z | 2026-06-01T13:20:32Z | 2026-06-08T13:20:12Z"
"IL","Illinois","009e77aa-0569-42b9-8b83-38f53222535c","The Chicago Dental Studio, South Loop","-87.6338197270404","41.8718816123331","dentist","","1400 S Wabash Ave","Chicago","60605","IL","US","(312) 267-1917","","https://thechicagodentalstudio.com/chicago-south-loop","","","0.77","","1","Foursquare | Overture","Apache-2.0 | CDLA-Permissive-2.0","2026-03-29T00:00:00.000 | 2026-06-11T11:57:15Z"
"IL","Illinois","00a117a5-ab8c-47a7-85c1-e52a275e8156","Westchester Family Dental Care","-87.878350373","41.862973577","dentist","health_and_medical | medical_service_organizations","10215 W Roosevelt Rd","Westchester","60154-2555","IL","US","+17083447785","","http://westchesterfdc.com/","https://www.facebook.com/418507425209898","","0.7382026314735413","","7","meta | Overture","CDLA-Permissive-2.0","2026-04-27T00:00:00.000Z | 2026-06-11T11:57:15Z"
"IL","Illinois","00a7665d-ba61-414b-9dac-57d18f0f3634","Smiles By Sofi","-88.12416206","41.93147633","dentist","orthodontist","1038 Fountain View Dr","Carol Stream","60188-1800","IL","US","+16303442242","smilesbyysofi@gmail.com","https://smilesbysofi.square.site/","https://www.facebook.com/177038554011434","","0.9199122190475464","open","7","meta | Overture | Overture-signals","CDLA-Permissive-2.0","2026-04-27T00:00:00.000Z | 2026-06-11T11:57:15Z | 2026-05-12T00:29:08Z | 2026-05-18T13:23:54Z | 2026-05-25T13:08:59Z | 2026-06-01T13:20:32Z | 2026-06-08T13:20:12Z"
"IL","Illinois","00a9675c-bd60-40b2-849b-187dff60c2b3","Glow Dental","-87.7018953652437","41.7114775659083","dentist","","4621 W 103rd St","Oak Lawn","60453","IL","US","(708) 229-0606","wesleycampin@gmail.com","https://glowdentalsmile.com","https://www.facebook.com/198146946893454 | https://www.instagram.com/glowdentaloaklawn","","0.9199122190475464","open","4","Foursquare | Overture | Overture-signals","Apache-2.0 | CDLA-Permissive-2.0","2024-05-27T00:00:00.000 | 2026-06-11T11:57:15Z | 2026-05-12T00:29:08Z | 2026-05-18T13:23:54Z | 2026-05-25T13:08:59Z | 2026-06-01T13:20:32Z | 2026-06-08T13:20:12Z"
"IL","Illinois","00cc677f-bffa-4733-969a-640719ae5897","Lincoln Dental Center","-89.36162329","40.15425337","dentist","general_dentistry | medical_center","411 Keokuk St","Lincoln","62656-1726","IL","US","+12176730414","lincolndc@mydentalmail.com","https://lincolndentalcenteril.com/","https://www.facebook.com/187692184633736","Dental Health Society online","0.9199122190475464","open","9","meta | Overture | Overture-signals","CDLA-Permissive-2.0","2026-04-27T00:00:00.000Z | 2026-06-11T11:57:15Z | 2026-05-12T00:29:08Z | 2026-05-18T13:23:54Z | 2026-05-25T13:08:59Z | 2026-06-01T13:20:32Z | 2026-06-08T13:20:12Z"
"IL","Illinois","00d9b475-6aad-4e5b-bb36-b56432f68614","Affordable Dentures and Implants","-89.97761104","38.59344452","dentist","general_dentistry | prosthodontist","525 Lincoln Hwy","Fairview Heights","62208-2142","IL","US","+12174813872","fda18263@affordabledentures.com","https://www.affordabledentures.com/office/fairviewheights-il/","https://www.facebook.com/750227345166156","Affordable Dentures & Implants","0.9199122190475464","open","9","meta | Overture | Overture-signals","CDLA-Permissive-2.0","2026-04-27T00:00:00.000Z | 2026-06-11T11:57:15Z | 2026-05-12T00:29:08Z | 2026-05-18T13:23:54Z | 2026-05-25T13:08:59Z | 2026-06-01T13:20:32Z | 2026-06-08T13:20:12Z"
"IL","Illinois","00e83aba-8498-4ebf-92b6-72b0c314aa95","Ranieri John a DDS","-87.84971832","42.02437675","dentist","general_dentistry | periodontist","933 N Northwest Hwy","Park Ridge","60068-5900","IL","US","+18476981177","","http://www.johnaranieridds.com","https://www.facebook.com/146443422067022","","0.9199122190475464","open","8","meta | Overture | Overture-signals","CDLA-Permissive-2.0","2026-04-27T00:00:00.000Z | 2026-06-11T11:57:15Z | 2026-05-12T00:29:08Z | 2026-05-18T13:23:54Z | 2026-05-25T13:08:59Z | 2026-06-01T13:20:32Z | 2026-06-08T13:20:12Z"
"IL","Illinois","00e93034-2cd6-4399-88c5-55f9b9252b40","Reardon Dentistry","-87.94956097","41.8860961","dentist","endodontist | general_dentistry","479 S Spring Rd","Elmhurst","60126","IL","US","+16308341218","info@elmhurstdentist.com","http://ElmhurstDentist.com/","https://www.facebook.com/100812601985490","","0.9199122190475464","open","7","meta | Overture | Overture-signals","CDLA-Permissive-2.0","2026-04-27T00:00:00.000Z | 2026-06-11T11:57:15Z | 2026-05-12T00:29:08Z | 2026-05-18T13:23:54Z | 2026-05-25T13:08:59Z | 2026-06-01T13:20:32Z | 2026-06-08T13:20:12Z"
"IL","Illinois","00f281b7-49a7-4577-8edb-3bd7f052fa9e","William K Wan, DDS MD","-87.63207027","41.85113956","dentist","general_dentistry","2262 S Wentworth Ave","Chicago","60616-2042","IL","US","+13127911013","","","https://www.facebook.com/119406421593646","","0.9199122190475464","open","8","meta | Overture | Overture-signals","CDLA-Permissive-2.0","2026-04-27T00:00:00.000Z | 2026-06-11T11:57:15Z | 2026-05-12T00:29:08Z | 2026-05-18T13:23:54Z | 2026-05-25T13:08:59Z | 2026-06-01T13:20:32Z | 2026-06-08T13:20:12Z"
"IL","Illinois","00f3927d-a3a5-4858-b6c5-f52caea6fe44","Total Dental Center","-87.71976496","41.96822645","dentist","hospital","3637 W Lawrence Ave","Chicago","60625-5625","IL","US","+17734635757","totaldentalcenter@yahoo.com","http://totaldentalcenter.com/","https://www.facebook.com/185235461522919","Total Dental Center PC","0.9199122190475464","open","9","meta | Overture | Overture-signals","CDLA-Permissive-2.0","2026-04-27T00:00:00.000Z | 2026-06-11T11:57:15Z | 2026-05-12T00:29:08Z | 2026-05-18T13:23:54Z | 2026-05-25T13:08:59Z | 2026-06-01T13:20:32Z | 2026-06-08T13:20:12Z"
"IL","Illinois","0103f17b-a84d-47f5-ad24-123a62884752","Grayslake Family Dental Center","-88.03353698","42.34750876","dentist","general_dentistry","310 Barron Blvd","Grayslake","60030-1640","IL","US","+18472238100","info@grayslakefamilydental.com","http://Grayslakefamilydental.com/","https://www.facebook.com/117321184995381","The Grayslake Family Dental Center","0.9199122190475464","open","9","meta | Overture | Overture-signals","CDLA-Permissive-2.0","2026-04-27T00:00:00.000Z | 2026-06-11T11:57:15Z | 2026-05-12T00:29:08Z | 2026-05-18T13:23:54Z | 2026-05-25T13:08:59Z | 2026-06-01T13:20:32Z | 2026-06-08T13:20:12Z"
"IL","Illinois","01361295-b1b0-405c-9bcc-8f50421bcb7e","Dr. Kenneth Ryback DDS","-87.89132365","42.03735259","dentist","general_dentistry","880 Lee St","Des Plaines","60016-6374","IL","US","+18478241026","","http://www.drrybackdds.com/","https://www.facebook.com/193315847459203","","0.9199122190475464","open","8","meta | Overture | Overture-signals","CDLA-Permissive-2.0","2026-04-27T00:00:00.000Z | 2026-06-11T11:57:15Z | 2026-05-12T00:29:08Z | 2026-05-18T13:23:54Z | 2026-05-25T13:08:59Z | 2026-06-01T13:20:32Z | 2026-06-08T13:20:12Z"
"IL","Illinois","01668f7e-7dec-416b-9922-080b6c8b8aae","Beyer Dental Ltd","-87.91678883","42.1562101","dentist","general_dentistry | health_and_medical","200 N Milwaukee Ave","Buffalo Grove","60089-2812","IL","US","+18475200770","info@beyerdental.com","http://beyerdental.com/","https://www.facebook.com/1469693490011365","","0.9902192950248718","open","8","meta | Overture | Overture-signals","CDLA-Permissive-2.0","2026-04-27T00:00:00.000Z | 2026-06-11T11:57:15Z | 2026-05-12T00:29:08Z | 2026-05-18T13:23:54Z | 2026-05-25T13:08:59Z | 2026-06-01T13:20:32Z | 2026-06-08T13:20:12Z"
"IL","Illinois","016b6897-532a-4c77-b87e-ccafab30eed8","Nashville Dental Arts Ltd","-89.37815823","38.34342432","dentist","general_dentistry | health_and_medical","520 E St Louis St","Nashville","62263-1706","IL","US","+16183274315","donnatrang@hotmail.com","http://nashvilledentalartsltd.com/","https://www.facebook.com/563135943885840","","0.9991551443934441","","9","meta | Overture","CDLA-Permissive-2.0","2026-04-27T00:00:00.000Z | 2026-06-11T11:57:15Z"
"IL","Illinois","0175cdc0-7270-4326-9c88-e3668f8ca1b5","James H. McDermott DDS","-89.65338454","39.79217605","dentist","general_dentistry","904 S 2nd St","Springfield","62704-2702","IL","US","+12175282341","office@jmcdermottdds.com","https://jmcdermottdds.com","https://www.facebook.com/231931583483764","","0.9199122190475464","open","9","meta | Overture | Overture-signals","CDLA-Permissive-2.0","2026-04-27T00:00:00.000Z | 2026-06-11T11:57:15Z | 2026-05-12T00:29:08Z | 2026-05-18T13:23:54Z | 2026-05-25T13:08:59Z | 2026-06-01T13:20:32Z | 2026-06-08T13:20:12Z"
"IL","Illinois","018f6664-b6c2-4a4e-8a76-93d005b5a0f3","Affordable Dentures & Implants","-87.85391255","41.1725102","dentist","general_dentistry","1569 N State Route 50","Bourbonnais","60914","IL","US","+19179330699","fda18357@affordabledentures.com","https://www.affordabledentures.com/locations/il/bourbonnais?utm_source=Facebook&utm_medium=Organic_Listing&utm_campaign=18357","https://www.facebook.com/102225439335881","Affordable Dentures & Implants","0.9199122190475464","open","8","meta | Overture | Overture-signals","CDLA-Permissive-2.0","2026-04-27T00:00:00.000Z | 2026-06-11T11:57:15Z | 2026-05-12T00:29:08Z | 2026-05-18T13:23:54Z | 2026-05-25T13:08:59Z | 2026-06-01T13:20:32Z | 2026-06-08T13:20:12Z"
"IL","Illinois","01969bce-4cab-4e37-a0e4-b78fcfe8491a","Teuscher Legacy Dental","-88.39745603","41.93600366","dentist","cosmetic_dentist | orthodontist","40W131 Campton Crossings Dr","St Charles","60175-2910","IL","US","+16307620000","teuscher.dental@comcast.net","http://teuscherdental.com/","https://www.facebook.com/211824189696517","","0.9902192950248718","open","7","meta | Overture | Overture-signals","CDLA-Permissive-2.0","2026-04-27T00:00:00.000Z | 2026-06-11T11:57:15Z | 2026-05-12T00:29:08Z | 2026-05-18T13:23:54Z | 2026-05-25T13:08:59Z | 2026-06-01T13:20:32Z | 2026-06-08T13:20:12Z"
"IL","Illinois","01995ff5-1b11-497a-a8e0-5543d9f35668","Brennan & Peloquin DDS","-87.91591634","41.599722","dentist","general_dentistry | health_and_medical","15915 S Crystal Creek Dr","Homer Glen","60491-9284","IL","US","+17083018660","info@brennan-peloquindds.com","http://www.brennan-peloquindds.com/","https://www.facebook.com/187813014597800","Brennan & Peloquin DDS","0.9199122190475464","open","9","meta | Overture | Overture-signals","CDLA-Permissive-2.0","2026-04-27T00:00:00.000Z | 2026-06-11T11:57:15Z | 2026-05-12T00:29:08Z | 2026-05-18T13:23:54Z | 2026-05-25T13:08:59Z | 2026-06-01T13:20:32Z | 2026-06-08T13:20:12Z"
"IL","Illinois","01cf868e-9fb9-4798-b11c-25617f6b0f5d","Jose Vazquez D.D.S","-87.883262","42.045948","dentist","health_and_medical","1645 Rand Rd","Des Plaines","60016","IL","US","8478135217","","","","","0.9199122190475464","open","6","Microsoft | Overture | Overture-signals","CDLA-Permissive-2.0","2016-11-11T16:00:13.897Z | 2026-06-11T11:57:15Z | 2026-05-12T00:29:08Z | 2026-05-18T13:23:54Z | 2026-05-25T13:08:59Z | 2026-06-01T13:20:32Z | 2026-06-08T13:20:12Z"
"IL","Illinois","01f651e8-e41c-4ec0-8221-a6d2ca3224b6","Lincolnshire Dental Care","-87.93202714","42.20367787","dentist","general_dentistry | cosmetic_dentist","185 Milwaukee Ave","Lincolnshire","60069-3010","IL","US","+18474789640","info@lincolnshiredental.com","http://www.lincolnshiredental.com/","https://www.facebook.com/688495577875603","Lincolnshire Dental","0.9902192950248718","open","9","meta | Overture | Overture-signals","CDLA-Permissive-2.0","2026-04-27T00:00:00.000Z | 2026-06-11T11:57:15Z | 2026-05-12T00:29:08Z | 2026-05-18T13:23:54Z | 2026-05-25T13:08:59Z | 2026-06-01T13:20:32Z | 2026-06-08T13:20:12Z"
"IL","Illinois","02076d48-f43e-4973-bb3b-c6f11d5e50e5","Toni Young Orthodontics","-88.918136","37.89967","dentist","orthodontist | doctor","822 E Saint Louis St","West Frankfort","62896-1447","IL","US","+16189372861","dryoungortho@hotmail.com","https://toniyoungortho.com/","https://www.facebook.com/660287530763329","","0.8508260250091553","","7","meta | Overture","CDLA-Permissive-2.0","2026-04-27T00:00:00.000Z | 2026-06-11T11:57:15Z"
"IL","Illinois","0223bcc9-2f49-4610-8152-dac2e55073f9","Park Place Dental Group","-89.98875464","38.7757222","dentist","cosmetic_dentist | general_dentistry","2246 IL-157","Glen Carbon","62034-1717","IL","US","+16182886262","info.gc@park-placedental.com","https://www.park-placedental.com","https://www.facebook.com/202441256444852","Park Dental","0.9805551171302795","","9","meta | Overture","CDLA-Permissive-2.0","2026-04-27T00:00:00.000Z | 2026-06-11T11:57:15Z"
"IL","Illinois","0224db25-4828-417e-86e5-3bd1af7ab822","Leading Edge Dental Center","-87.73791048","42.01873997","dentist","general_dentistry | health_and_medical","4355 Howard St","Skokie","60076-3755","IL","US","+18476790110","leadingedgedentalcenter@gmail.com","http://www.leadingedgedentalcenter.com/","https://www.facebook.com/242081472483893","Leading Edge Dental Center","0.9951602816581726","","9","meta | Overture","CDLA-Permissive-2.0","2026-04-27T00:00:00.000Z | 2026-06-11T11:57:15Z"
"IL","Illinois","022b66b8-0bd1-40e8-9b2f-3bd7e149f90b","James J. Greenwald DDS","-89.65689612","39.78292486","dentist","general_dentistry | medical_service_organizations","209 W Laurel St","Springfield","62704-3926","IL","US","+12175444411","","http://greenwalddental.com/","https://www.facebook.com/111323532277067","","0.9199122190475464","open","8","meta | Overture | Overture-signals","CDLA-Permissive-2.0","2026-04-27T00:00:00.000Z | 2026-06-11T11:57:15Z | 2026-05-12T00:29:08Z | 2026-05-18T13:23:54Z | 2026-05-25T13:08:59Z | 2026-06-01T13:20:32Z | 2026-06-08T13:20:12Z"
"IL","Illinois","022f7915-4907-432e-b5e1-094b445daa5b","Dr. Ala Dean Attar","-87.94556995","42.25911114","dentist","general_dentistry | cosmetic_dentist","712 Florsheim Dr","Libertyville","60048-5270","IL","US","+18475731904","attardental@gmail.com","https://dentistinlibertyvilleil.com/","https://www.facebook.com/234024170017474","","0.9884564876556396","","2","meta | Overture","CDLA-Permissive-2.0","2026-04-27T00:00:00.000Z | 2026-06-11T11:57:15Z"
"IL","Illinois","0234b7a7-bfef-46e6-87b6-aa0400f1d46d","Pristine Family Dentistry","-87.6516047","41.95458177","dentist","health_and_medical | pediatric_dentist","840 W Irving Park Rd","Chicago","60613-3011","IL","US","+17732488580","pristinedentistry@gmail.com","http://www.pristinefamilydentistry.com","https://www.facebook.com/336797363038035","Bear Creek Family Dentistry","0.9199122190475464","open","7","meta | Overture | Overture-signals","CDLA-Permissive-2.0","2026-04-27T00:00:00.000Z | 2026-06-11T11:57:15Z | 2026-05-12T00:29:08Z | 2026-05-18T13:23:54Z | 2026-05-25T13:08:59Z | 2026-06-01T13:20:32Z | 2026-06-08T13:20:12Z"
"IL","Illinois","024d9131-0558-46c6-ad38-b68ada71cd0a","Prestige Dental","-88.1792219","42.00983455","dentist","general_dentistry | cosmetic_dentist","125 E Irving Park Rd","Streamwood","60107","IL","US","+16302130666","prestigedental@hotmail.com","http://www.prestigedentalsmiles.org","https://www.facebook.com/166442756701048","","0.9902192950248718","open","8","meta | Overture | Overture-signals","CDLA-Permissive-2.0","2026-04-27T00:00:00.000Z | 2026-06-11T11:57:15Z | 2026-05-12T00:29:08Z | 2026-05-18T13:23:54Z | 2026-05-25T13:08:59Z | 2026-06-01T13:20:32Z | 2026-06-08T13:20:12Z"
"IL","Illinois","029cce22-3fb0-446b-b32d-ee9f72b8b7ed","Dr. John Zimdars","-89.55528802","40.67121569","dentist","general_dentistry | doctor","1605 E Washington St","East Peoria","61611-2867","IL","US","+13096995521","office@eastpeoriadental.com","http://www.eastpeoriadental.com/","https://www.facebook.com/122307474492487","East Peoria Dental Group","0.9199122190475464","open","9","meta | Overture | Overture-signals","CDLA-Permissive-2.0","2026-04-27T00:00:00.000Z | 2026-06-11T11:57:15Z | 2026-05-12T00:29:08Z | 2026-05-18T13:23:54Z | 2026-05-25T13:08:59Z | 2026-06-01T13:20:32Z | 2026-06-08T13:20:12Z"
"IL","Illinois","02b92baa-fb08-4128-8e89-db55749329eb","Smile for Kids Pediatric Dentistry","-87.9802831176211","42.084864920718","dentist","","201 N Arlington Heights Rd #200","Arlington Heights","60004","IL","US","(847) 670-9020","","http://www.ahsmilesforfamilies.com","https://www.facebook.com/132728070072864","","0.9199122190475464","open","4","Foursquare | Overture | Overture-signals","Apache-2.0 | CDLA-Permissive-2.0","2025-05-28T00:00:00.000 | 2026-06-11T11:57:15Z | 2026-05-12T00:29:08Z | 2026-05-18T13:23:54Z | 2026-05-25T13:08:59Z | 2026-06-01T13:20:32Z | 2026-06-08T13:20:12Z"
"IL","Illinois","02b9d284-ec7a-465b-8781-72677e5e6425","The Dental Masters","-87.6785313","41.9648269","dentist","","1945 W Wilson Ave #5117","Chicago","60640","IL","US","(312) 535-3712","thedentalmasters@gmail.com","http://www.thedentalmasters.org","https://www.facebook.com/366233790390572","","0.9199122190475464","open","4","Foursquare | Overture | Overture-signals","Apache-2.0 | CDLA-Permissive-2.0","2025-12-15T00:00:00.000 | 2026-06-11T11:57:15Z | 2026-05-12T00:29:08Z | 2026-05-18T13:23:54Z | 2026-05-25T13:08:59Z | 2026-06-01T13:20:32Z | 2026-06-08T13:20:12Z"
"IL","Illinois","02c41709-25e5-4080-93cf-0b0a7d0a04ae","Algonquin Dental Associates","-88.26967738","42.15817957","dentist","general_dentistry | health_and_medical","1700 E Algonquin Rd","Algonquin","60102-9602","IL","US","+18476585070","algonquindental@gmail.com","https://algonquindentalassociates.com/","https://www.facebook.com/289329684520016","","0.9902192950248718","open","8","meta | Overture | Overture-signals","CDLA-Permissive-2.0","2026-04-27T00:00:00.000Z | 2026-06-11T11:57:15Z | 2026-05-12T00:29:08Z | 2026-05-18T13:23:54Z | 2026-05-25T13:08:59Z | 2026-06-01T13:20:32Z | 2026-06-08T13:20:12Z"
"IL","Illinois","02cb879c-98ba-4402-9223-720a61ca27ce","North Suburban Dental of Highland Park","-87.80806566","42.20131579","dentist","general_dentistry","2685 Waukegan Ave","Highland Park","60035-1430","IL","US","+18474321111","nsd.highlandpark@gmail.com","https://www.nsdentist.com/highland-park/","https://www.facebook.com/1008432599248037","Park Dental","0.9984236031770706","","9","meta | Overture","CDLA-Permissive-2.0","2026-04-27T00:00:00.000Z | 2026-06-11T11:57:15Z"
"IL","Illinois","02dd405c-b61a-4f6f-a17f-5e02506c7a4b","Floss & Co.","-87.79951839","41.79210015","dentist","cosmetic_dentist | orthodontist","7110 W Archer Ave","Chicago","60638-2204","IL","US","+17739853559","info@flossandcompany.com","http://www.flossandcompany.com/","https://www.facebook.com/496395043892625","Floss & Co.","0.9902192950248718","open","11","meta | Overture | Overture-signals","CDLA-Permissive-2.0","2026-04-27T00:00:00.000Z | 2026-06-11T11:57:15Z | 2026-05-12T00:29:08Z | 2026-05-18T13:23:54Z | 2026-05-25T13:08:59Z | 2026-06-01T13:20:32Z | 2026-06-08T13:20:12Z"
"IL","Illinois","02e6b745-6f23-47a6-910f-b6f2cdd4adcc","Gallos Pete A DDS","-88.094723","41.706834","dentist","doctor | health_and_medical","680 W Boughton Rd","Bolingbrook","60440","IL","US","6307590077","","","","","0.9199122190475464","open","6","Microsoft | Overture | Overture-signals","CDLA-Permissive-2.0","2025-07-24T22:29:47.187Z | 2026-06-11T11:57:15Z | 2026-05-12T00:29:08Z | 2026-05-18T13:23:54Z | 2026-05-25T13:08:59Z | 2026-06-01T13:20:32Z | 2026-06-08T13:20:12Z"
"IL","Illinois","02e7f1a3-e15e-4529-90f5-ff47715a8fce","Eco Friendly Dentistry","-87.74505529","41.72064935","dentist","general_dentistry","4934 W 95th St","Oak Lawn","60453-2504","IL","US","+17733459044","ecofriendlydentistrypc@gmail.com","http://www.ecofriendlydentistry.com/","https://www.facebook.com/315029855327037","","0.9902192950248718","open","8","meta | Overture | Overture-signals","CDLA-Permissive-2.0","2026-04-27T00:00:00.000Z | 2026-06-11T11:57:15Z | 2026-05-12T00:29:08Z | 2026-05-18T13:23:54Z | 2026-05-25T13:08:59Z | 2026-06-01T13:20:32Z | 2026-06-08T13:20:12Z"
"IL","Illinois","030e4bae-ec88-4cb2-84f5-2c4e540fae5e","Aleck Furlan","-87.7010607","41.69511094","dentist","family_practice | health_and_medical","10900 S Kedzie Ave","Chicago","60655-2220","IL","US","+17732337044","","http://carabelli.com","https://www.facebook.com/274604239547382","","0.9199122190475464","open","6","meta | Overture | Overture-signals","CDLA-Permissive-2.0","2026-04-27T00:00:00.000Z | 2026-06-11T11:57:15Z | 2026-05-12T00:29:08Z | 2026-05-18T13:23:54Z | 2026-05-25T13:08:59Z | 2026-06-01T13:20:32Z | 2026-06-08T13:20:12Z"
"IL","Illinois","032171a9-860e-4a3b-bbbe-78ed1775cf28","Dental Dimensions At Edgebrook","-89.02739068","42.28679353","dentist","general_dentistry | health_and_medical","1619 N Alpine Rd","Rockford","61107-1414","IL","US","+18152293520","info@dentaldimensions.com","https://dentaldimensions.com/","https://www.facebook.com/125414620815210","Dental Dimensions","0.9199122190475464","open","8","meta | Overture | Overture-signals","CDLA-Permissive-2.0","2026-04-27T00:00:00.000Z | 2026-06-11T11:57:15Z | 2026-05-12T00:29:08Z | 2026-05-18T13:23:54Z | 2026-05-25T13:08:59Z | 2026-06-01T13:20:32Z | 2026-06-08T13:20:12Z"
"IL","Illinois","032a0df8-0c95-4d2b-9a7f-e23fb37e799d","Dental Famili","-88.276353","42.029647","dentist","orthodontist | cosmetic_dentist","47 Clock Tower Plz","Elgin","60120-7800","IL","US","+18476958780","","https://www.familiadental.com/","https://www.facebook.com/264873316906598","Familia Dental","0.9902192950248718","open","8","meta | Overture | Overture-signals","CDLA-Permissive-2.0","2026-04-27T00:00:00.000Z | 2026-06-11T11:57:15Z | 2026-05-12T00:29:08Z | 2026-05-18T13:23:54Z | 2026-05-25T13:08:59Z | 2026-06-01T13:20:32Z | 2026-06-08T13:20:12Z"
"IL","Illinois","032fa430-3865-4f68-bc44-ab330ca24bbd","Munar Dental Group","-87.9447978","41.7660621","dentist","periodontist | medical_service_organizations","6717 Kingery Hwy","Willowbrook","60527-5142","IL","US","+16306558781","","http://www.munardds.com","https://www.facebook.com/461120530314","","0.8168609142303467","","8","meta | Overture","CDLA-Permissive-2.0","2026-04-27T00:00:00.000Z | 2026-06-11T11:57:15Z"
"IL","Illinois","03335d3a-9503-4031-a529-a20daee3257d","Comprehensive Dental Care of Mt. Carmel","-87.76311489","38.42192542","dentist","general_dentistry | cosmetic_dentist","325 E 13th St","Mt Carmel","62863-1836","IL","US","+16182636555","cdcdrsmiller@gmail.com","http://comprehensivedentalcaremtc.com/","https://www.facebook.com/1012626565501725","","0.9199122190475464","open","9","meta | Overture | Overture-signals","CDLA-Permissive-2.0","2026-04-27T00:00:00.000Z | 2026-06-11T11:57:15Z | 2026-05-12T00:29:08Z | 2026-05-18T13:23:54Z | 2026-05-25T13:08:59Z | 2026-06-01T13:20:32Z | 2026-06-08T13:20:12Z"
"IL","Illinois","034390db-b9bb-42d1-85ad-817af1fa4396","VIP Dentists","-88.08211503","42.00605233","dentist","general_dentistry | cosmetic_dentist","1162 S Roselle Rd","Schaumburg","60193-4072","IL","US","+18475840134","drvinaydds@gmail.com","http://vipdentists.net/","https://www.facebook.com/222171614641217","","0.9199122190475464","open","9","meta | Overture | Overture-signals","CDLA-Permissive-2.0","2026-04-27T00:00:00.000Z | 2026-06-11T11:57:15Z | 2026-05-12T00:29:08Z | 2026-05-18T13:23:54Z | 2026-05-25T13:08:59Z | 2026-06-01T13:20:32Z | 2026-06-08T13:20:12Z"
"IL","Illinois","036786e5-1bab-42d1-947e-72c4ce46727e","Dr. Stephen J Grud,DDS, MS","-87.7995317731988","41.8506800696814","dentist","","7026 Cermak Rd","Berwyn","60402","IL","US","(708) 484-7453","","http://www.grudorthodontics.com","","","0.77","","5","Foursquare | Overture","Apache-2.0 | CDLA-Permissive-2.0","2026-03-23T00:00:00.000 | 2026-06-11T11:57:15Z"
"IL","Illinois","03694c23-2d0f-4946-aec0-2774f6a4b8aa","Hancock County Dental Center","-91.1330895136549","40.4126290598935","dentist","","671 Wabash Ave","Carthage","62321","IL","US","(217) 357-6984","","http://www.hancockcountyhealth.info","","","0.77","","5","Foursquare | Overture","Apache-2.0 | CDLA-Permissive-2.0","2025-08-22T00:00:00.000 | 2026-06-11T11:57:15Z"
"IL","Illinois","036ac614-a8e6-473e-ae1c-22daa9c4b6e4","Orland Dental Center","-87.85693588","41.63002262","dentist","general_dentistry","9661 W 143rd St","Orland Park","60462-2088","IL","US","+17084030100","","http://orlanddentalcenter.com","https://www.facebook.com/155043687864033","","0.9902192950248718","open","7","meta | Overture | Overture-signals","CDLA-Permissive-2.0","2026-04-27T00:00:00.000Z | 2026-06-11T11:57:15Z | 2026-05-12T00:29:08Z | 2026-05-18T13:23:54Z | 2026-05-25T13:08:59Z | 2026-06-01T13:20:32Z | 2026-06-08T13:20:12Z"
"IL","Illinois","036e50ee-698c-4413-a258-8dfd84e15b1c","Drs Paulson and Paulson","-88.86947741","39.78665873","dentist","general_dentistry | health_and_medical","1465 E Village Pkwy","Mt Zion","62549-1254","IL","US","+12178649318","contactus@drspaulsondental.com","http://www.drspaulsondental.com/","https://www.facebook.com/838189302878829","","0.998444014787674","","8","meta | Overture","CDLA-Permissive-2.0","2026-04-27T00:00:00.000Z | 2026-06-11T11:57:15Z"
"IL","Illinois","0378daab-de82-422a-aa91-beb61dc2bbbb","Des Plaines Dental Studio","-87.89020033","42.04074816","dentist","teeth_whitening | health_and_medical","685 Graceland Ave","Des Plaines","60016","IL","US","+18478247467","office@dpdentalstudio.com","http://www.dpdentalstudio.com/","https://www.facebook.com/481116255278259","","0.9199122190475464","open","8","meta | Overture | Overture-signals","CDLA-Permissive-2.0","2026-04-27T00:00:00.000Z | 2026-06-11T11:57:15Z | 2026-05-12T00:29:08Z | 2026-05-18T13:23:54Z | 2026-05-25T13:08:59Z | 2026-06-01T13:20:32Z | 2026-06-08T13:20:12Z"
"IL","Illinois","03801b55-8595-4cd3-93eb-344024495170","Homerun Dental","-87.65863981","41.9501331","dentist","general_dentistry | cosmetic_dentist","3745 N Clark St","Chicago","60613-4780","IL","US","+17732480300","","http://www.HomerunDental.com/","https://www.facebook.com/341309882708583","","0.9902192950248718","open","8","meta | Overture | Overture-signals","CDLA-Permissive-2.0","2026-04-27T00:00:00.000Z | 2026-06-11T11:57:15Z | 2026-05-12T00:29:08Z | 2026-05-18T13:23:54Z | 2026-05-25T13:08:59Z | 2026-06-01T13:20:32Z | 2026-06-08T13:20:12Z"
"IL","Illinois","038dedbd-6603-4599-9813-8d432a00bb6b","Dr. Gary Gunkel","-87.84949067","41.62733095","dentist","health_and_medical | bar","14475 John Humphrey Dr","Orland Park","60462-6205","IL","US","+17084601109","","http://www.orlandsmiles.net/","https://www.facebook.com/154571591247149","","0.8740837574005127","","7","meta | Overture","CDLA-Permissive-2.0","2026-04-27T00:00:00.000Z | 2026-06-11T11:57:15Z"
"IL","Illinois","039c26c6-7b91-4212-92d5-ff6dbc974d0f","Carefirst","-87.882179840828","41.8664633932607","dentist","","927 S Mannheim Rd","Westchester","60154","IL","US","(708) 681-3434","","https://individual.carefirst.com/individuals-families/search.page","","","0.9199122190475464","open","4","Foursquare | Overture | Overture-signals","Apache-2.0 | CDLA-Permissive-2.0","2025-08-05T00:00:00.000 | 2026-06-11T11:57:15Z | 2026-05-12T00:29:08Z | 2026-05-18T13:23:54Z | 2026-05-25T13:08:59Z | 2026-06-01T13:20:32Z | 2026-06-08T13:20:12Z"
"IL","Illinois","039df162-2bd8-4269-9cca-9bd14d4a2370","Dental Reconstruction Center","-87.74376966","42.05428092","dentist","endodontist","4711 Golf Rd","Skokie","60076-1200","IL","US","+18476732455","info@drcpia.com","http://www.drcpia.com/","https://www.facebook.com/526859230767971","","0.9902192950248718","open","9","meta | Overture | Overture-signals","CDLA-Permissive-2.0","2026-04-27T00:00:00.000Z | 2026-06-11T11:57:15Z | 2026-05-12T00:29:08Z | 2026-05-18T13:23:54Z | 2026-05-25T13:08:59Z | 2026-06-01T13:20:32Z | 2026-06-08T13:20:12Z"
"IL","Illinois","03d26a4c-1f9b-4044-a6cd-a19e5b081242","Dr. Richard DiVerde DDS","-87.6250192994231","41.8829953846398","dentist","","30 N Michigan Ave Ste 1405","Chicago","60602","IL","US","(312) 236-5744","","http://navoitdds.com","","","0.9199122190475464","open","4","Foursquare | Overture | Overture-signals","Apache-2.0 | CDLA-Permissive-2.0","2025-09-10T00:00:00.000 | 2026-06-11T11:57:15Z | 2026-05-12T00:29:08Z | 2026-05-18T13:23:54Z | 2026-05-25T13:08:59Z | 2026-06-01T13:20:32Z | 2026-06-08T13:20:12Z"
"IL","Illinois","03d63591-6a7e-49cd-a99a-d2747ada7eba","Aspen Dental","-88.061921","42.465938","dentist","","550 E IL Route 173","Antioch","60002","IL","US","","","https://www.aspendental.com/dentist/il/antioch/550-e-il-route-173/","","Aspen Dental","0.954","","5","AllThePlaces | Overture","CC0-1.0 | CDLA-Permissive-2.0","2026-06-02T15:18:54.000Z | 2026-06-11T11:57:15Z"
"IL","Illinois","03ddb5f0-8a92-444f-a243-814e87d81213","Aurora Sonrisa Dental","-88.30730911","41.75462758","dentist","general_dentistry | cosmetic_dentist","5 N Root St","Aurora","60505-3429","IL","US","+16308001137","asdxrays@gmail.com","http://www.aurorasonrisadental.com/","https://www.facebook.com/375566419607503","Aurora Sonrisa Dental","0.9902192950248718","open","8","meta | Overture | Overture-signals","CDLA-Permissive-2.0","2026-04-27T00:00:00.000Z | 2026-06-11T11:57:15Z | 2026-05-12T00:29:08Z | 2026-05-18T13:23:54Z | 2026-05-25T13:08:59Z | 2026-06-01T13:20:32Z | 2026-06-08T13:20:12Z"
"IL","Illinois","03e50cf6-e95c-4b73-92b6-33c54ab7bc50","Bay Hill Dental Ltd","-88.43538001","42.14817271","dentist","general_dentistry | medical_service_organizations","12171 Regency Pkwy","Huntley","60142-7644","IL","US","+18476696400","office@bayhilldental.com","http://bayhilldental.com/","https://www.facebook.com/1522372777981343","","0.9199122190475464","open","7","meta | Overture | Overture-signals","CDLA-Permissive-2.0","2026-04-27T00:00:00.000Z | 2026-06-11T11:57:15Z | 2026-05-12T00:29:08Z | 2026-05-18T13:23:54Z | 2026-05-25T13:08:59Z | 2026-06-01T13:20:32Z | 2026-06-08T13:20:12Z"
"IL","Illinois","040e7e65-6920-4519-a322-ac56071eaecd","Dental Salon","-87.65283811","41.91076996","dentist","cosmetic_dentist | general_dentistry","939 W North Ave","Chicago","60642-7100","IL","US","+13126423370","email@dentalsalon.com","https://dentalsalon.com/","https://www.facebook.com/7813367067","Dental Salon","0.9902192950248718","open","8","meta | Overture | Overture-signals","CDLA-Permissive-2.0","2026-04-27T00:00:00.000Z | 2026-06-11T11:57:15Z | 2026-05-12T00:29:08Z | 2026-05-18T13:23:54Z | 2026-05-25T13:08:59Z | 2026-06-01T13:20:32Z | 2026-06-08T13:20:12Z"
"IL","Illinois","041d4b92-d00c-4c2d-a459-cb020c970e9a","Dr. Bonciel Griffin-Burress","-87.59998205","41.80968463","dentist","general_dentistry","1040 E 47th St","Chicago","60653-3600","IL","US","+17733584350","","","https://www.facebook.com/776703939101804","","0.9199122190475464","open","7","meta | Overture | Overture-signals","CDLA-Permissive-2.0","2026-04-27T00:00:00.000Z | 2026-06-11T11:57:15Z | 2026-05-12T00:29:08Z | 2026-05-18T13:23:54Z | 2026-05-25T13:08:59Z | 2026-06-01T13:20:32Z | 2026-06-08T13:20:12Z"
"IL","Illinois","042b7171-62f9-4573-bacd-a95b81a395a9","Dr. Skoog DDS","-88.0378443419779","42.1203663396089","dentist","","232 E Northwest Hwy","Palatine","60067","IL","US","(847) 359-8732","info@drskoogfamilydental.com","https://www.drskoogfamilydental.com","","","0.9199122190475464","open","4","Foursquare | Overture | Overture-signals","Apache-2.0 | CDLA-Permissive-2.0","2025-03-20T00:00:00.000 | 2026-06-11T11:57:15Z | 2026-05-12T00:29:08Z | 2026-05-18T13:23:54Z | 2026-05-25T13:08:59Z | 2026-06-01T13:20:32Z | 2026-06-08T13:20:12Z"
"IL","Illinois","043d8ef7-8ca5-4cad-9922-67a0332a7970","Forest City Dental","-88.98169574","42.24824651","dentist","general_dentistry | health_and_medical","1855 Daimler Rd","Rockford","61112-1063","IL","US","+18152090627","info@forestcitydental.net","https://www.forestcitydental.net/","https://www.facebook.com/172285086119709","Forest City Dental P.C.","0.9199122190475464","open","8","meta | Overture | Overture-signals","CDLA-Permissive-2.0","2026-04-27T00:00:00.000Z | 2026-06-11T11:57:15Z | 2026-05-12T00:29:08Z | 2026-05-18T13:23:54Z | 2026-05-25T13:08:59Z | 2026-06-01T13:20:32Z | 2026-06-08T13:20:12Z"
"IL","Illinois","0440fc31-8074-4377-a1df-534dcfe2ab6a","Reilly & Siegel Family Dental","-88.08238536","42.37920597","dentist","general_dentistry","2 E Rollins Rd","Round Lake Beach","60073","IL","US","+18475465550","streilly@sbcglobal.net","https://www.rlbdentist.com/contact-us/","https://www.facebook.com/1726992180870134","","0.9986799329519271","","9","meta | Overture","CDLA-Permissive-2.0","2026-04-27T00:00:00.000Z | 2026-06-11T11:57:15Z"
"IL","Illinois","044f984f-2923-4f5d-8ce9-b2df2baea3e5","Dentalogic","-87.73243021","41.72009907","dentist","general_dentistry | cosmetic_dentist","4425 W 95th St","Oak Lawn","60453-7222","IL","US","+13312331001","info@dentalogicsmiles.com","http://www.dentalogicsmiles.com/","https://www.facebook.com/106980548367983","","0.9902192950248718","open","8","meta | Overture | Overture-signals","CDLA-Permissive-2.0","2026-04-27T00:00:00.000Z | 2026-06-11T11:57:15Z | 2026-05-12T00:29:08Z | 2026-05-18T13:23:54Z | 2026-05-25T13:08:59Z | 2026-06-01T13:20:32Z | 2026-06-08T13:20:12Z"
"IL","Illinois","0463d02c-f1e8-4f86-a798-a5ceb1417553","Fitzpatrick Dental","-87.73518759","41.70593881","dentist","cosmetic_dentist | general_dentistry","4560 W 103rd St","Oak Lawn","60453-4869","IL","US","+17084226116","fitzdental@comcast.net","https://www.fitzdental.com/","https://www.facebook.com/107890537897","Fitzpatrick Dental","0.9998052092194557","open","10","meta | Overture | Overture-signals","CDLA-Permissive-2.0","2026-04-27T00:00:00.000Z | 2026-06-11T11:57:15Z | 2026-06-08T13:20:12Z"
"IL","Illinois","046962ca-289f-41e4-85e8-7bda18f12bc3","Doctor Lenz Naperville General Family Restorative Dentistry","-88.14735269","41.776075","dentist","general_dentistry | medical_service_organizations","114 N Washington St","Naperville","60540-4540","IL","US","+16304202790","info@doctorlenz.com","http://www.DoctorLenz.com/","https://www.facebook.com/101964083206144","Bear Creek Family Dentistry","0.9818727463483811","","9","meta | Overture","CDLA-Permissive-2.0","2026-04-27T00:00:00.000Z | 2026-06-11T11:57:15Z"
"IL","Illinois","046e3350-69b7-4c90-b143-e7c4f86c2e21","Buffalo Grove Dental Clinic","-87.96519","42.138308","dentist","","317 W Dundee Rd","Buffalo Grove","60089-3545","IL","US","+18475203020","","https://creeksidedental.com","https://www.facebook.com/176671895715041","Creekside Dental","0.9199122190475464","open","7","meta | Overture | Overture-signals","CDLA-Permissive-2.0","2026-04-27T00:00:00.000Z | 2026-06-11T11:57:15Z | 2026-05-12T00:29:08Z | 2026-05-18T13:23:54Z | 2026-05-25T13:08:59Z | 2026-06-01T13:20:32Z | 2026-06-08T13:20:12Z"
"IL","Illinois","047064b2-0b09-41e5-baf8-ebc1f4812356","Somonauk Family Dentistry","-88.68238917","41.63274251","dentist","general_dentistry","105 E Dekalb St","Somonauk","60552-9116","IL","US","+18154983600","somonaukdental@gmail.com","http://somonaukdental.com/","https://www.facebook.com/110166270734502","","0.9199122190475464","open","6","meta | Overture | Overture-signals","CDLA-Permissive-2.0","2026-04-27T00:00:00.000Z | 2026-06-11T11:57:15Z | 2026-05-12T00:29:08Z | 2026-05-18T13:23:54Z | 2026-05-25T13:08:59Z | 2026-06-01T13:20:32Z | 2026-06-08T13:20:12Z"
"IL","Illinois","0480e0be-72d0-4235-8fa0-f1f3633bbd76","Bruce C Bennett DDS","-88.0982253103641","42.3787947506996","dentist","","625 W Rollins Rd Unit E","Round Lake Beach","60073","IL","US","(847) 546-6644","","http://bennettbrucecdds.placeweb.site","","","0.9199122190475464","open","4","Foursquare | Overture | Overture-signals","Apache-2.0 | CDLA-Permissive-2.0","2025-08-22T00:00:00.000 | 2026-06-11T11:57:15Z | 2026-05-12T00:29:08Z | 2026-05-18T13:23:54Z | 2026-05-25T13:08:59Z | 2026-06-01T13:20:32Z | 2026-06-08T13:20:12Z"
"IL","Illinois","048b54bd-b5d8-44d4-9177-88c6aac978ce","Cloe and Kennedy DDS","-88.00123073","42.29847014","dentist","general_dentistry | cosmetic_dentist","1216 American Way","Libertyville","60048-3938","IL","US","+18476801030","kathy.pc15@gmail.com","http://www.patrickkennedydds.com/","https://www.facebook.com/521535991190364","","0.9199122190475464","open","7","meta | Overture | Overture-signals","CDLA-Permissive-2.0","2026-04-27T00:00:00.000Z | 2026-06-11T11:57:15Z | 2026-05-12T00:29:08Z | 2026-05-18T13:23:54Z | 2026-05-25T13:08:59Z | 2026-06-01T13:20:32Z | 2026-06-08T13:20:12Z"
"IL","Illinois","048b6b10-0c4c-4670-86c7-1caaf0a07b21","Dr Weigel D.D.S.","-88.0811929472229","42.0086968486332","dentist","","1066 S Roselle Rd","Schaumburg","60193","IL","US","(847) 985-6660","mdwdubs@comcast.net","http://www.markweigeldds.com","https://www.facebook.com/152643911443611","","0.77","","5","Foursquare | Overture","Apache-2.0 | CDLA-Permissive-2.0","2025-11-04T00:00:00.000 | 2026-06-11T11:57:15Z"
"IL","Illinois","0494474f-6216-4cc1-9ebe-fa758a0d403a","Douglas V Gorin DDS","-87.6260095296844","41.8835183343769","dentist","","25 E Washington St Ste 1125","Chicago","60602","IL","US","(312) 641-2572","","http://www.periodonticsltd.com","","","0.9199122190475464","open","4","Foursquare | Overture | Overture-signals","Apache-2.0 | CDLA-Permissive-2.0","2025-04-01T00:00:00.000 | 2026-06-11T11:57:15Z | 2026-05-12T00:29:08Z | 2026-05-18T13:23:54Z | 2026-05-25T13:08:59Z | 2026-06-01T13:20:32Z | 2026-06-08T13:20:12Z"
"IL","Illinois","0496b003-45d9-4b0c-8b25-86dd9dde2293","pediatric And Family dental","-88.2577095463765","42.0475938270954","dentist","","860 Summit St, Elgin, IL 60120","Elgin","60120","IL","US","(847) 695-1693","","http://pediatricfamilydental.com","https://www.facebook.com/292943350771872","","0.77","","5","Foursquare | Overture","Apache-2.0 | CDLA-Permissive-2.0","2025-08-22T00:00:00.000 | 2026-06-11T11:57:15Z"
"IL","Illinois","049e3f2d-be35-4575-a7fa-48a206c8df70","North Ave Dental Associates","-88.2096900383483","41.9170156586144","dentist","","1933 Franciscan Way West Chicago IL 60185","West Chicago","60185","IL","US","(630) 231-4500","westchicago@dentalsmilesgroup.org","https://northavedental.net","https://www.facebook.com/1546433619010958","","0.9199122190475464","open","4","Foursquare | Overture | Overture-signals","Apache-2.0 | CDLA-Permissive-2.0","2025-09-03T00:00:00.000 | 2026-06-11T11:57:15Z | 2026-05-12T00:29:08Z | 2026-05-18T13:23:54Z | 2026-05-25T13:08:59Z | 2026-06-01T13:20:32Z | 2026-06-08T13:20:12Z"
"IL","Illinois","04b99831-c828-4f53-97a2-6e5fac1d6e6c","Carlson Dental","-88.09738301","41.85850961","dentist","general_dentistry | cosmetic_dentist","610 E Roosevelt Rd","Wheaton","60187-5574","IL","US","+16306539002","office@carlsondental.com","http://www.carlsondental.com","https://www.facebook.com/270092013157974","Carlson Dental","0.9199122190475464","open","9","meta | Overture | Overture-signals","CDLA-Permissive-2.0","2026-04-27T00:00:00.000Z | 2026-06-11T11:57:15Z | 2026-05-12T00:29:08Z | 2026-05-18T13:23:54Z | 2026-05-25T13:08:59Z | 2026-06-01T13:20:32Z | 2026-06-08T13:20:12Z"
"IL","Illinois","04e0a9d0-d86c-4959-8cca-59623f9c37e3","Town Square Dental Care","-87.933232","41.629751","dentist","health_and_medical | public_and_government_association","14232 S Bell Rd","Homer Glen","60491-8122","IL","US","+17083013111","info@drdeangelodds.com","http://drdeangelodds.com","https://www.facebook.com/158751564157732","","0.767299234867096","","1","meta | Overture","CDLA-Permissive-2.0","2026-04-27T00:00:00.000Z | 2026-06-11T11:57:15Z"
"IL","Illinois","04e6531a-4878-460b-af25-6236c5455537","Dental Associates Alsip","-87.74576625","41.69035026","dentist","general_dentistry | health_and_medical","5061 W 111th St","Alsip","60803-6004","IL","US","+17084226655","","https://www.alsipdentist.com/","https://www.facebook.com/257028101472913","","0.9902192950248718","open","8","meta | Overture | Overture-signals","CDLA-Permissive-2.0","2026-04-27T00:00:00.000Z | 2026-06-11T11:57:15Z | 2026-05-12T00:29:08Z | 2026-05-18T13:23:54Z | 2026-05-25T13:08:59Z | 2026-06-01T13:20:32Z | 2026-06-08T13:20:12Z"
"IL","Illinois","05083b26-f39b-4556-8cce-26a21fb01325","Michael Lee Brechon","-88.8450817607452","42.2602172284997","dentist","","115 W Lincoln Ave Ste 1","Belvidere","61008","IL","US","(815) 544-2721","","http://www.michaelbrechondds.com","","","0.9199122190475464","open","4","Foursquare | Overture | Overture-signals","Apache-2.0 | CDLA-Permissive-2.0","2025-10-18T00:00:00.000 | 2026-06-11T11:57:15Z | 2026-05-12T00:29:08Z | 2026-05-18T13:23:54Z | 2026-05-25T13:08:59Z | 2026-06-01T13:20:32Z | 2026-06-08T13:20:12Z"
"IL","Illinois","052daf7e-1f7f-449a-a9d4-6f2a8a29c0b5","Smile Aesthetix Dental","-88.33323467","42.17293347","dentist","general_dentistry","205 S Randall Rd","Algonquin","60102-9781","IL","US","+12242788282","info@smile-aesthetix.com","https://smileaesthetix.com/","https://www.facebook.com/112864921756318","","0.9902192950248718","open","7","meta | Overture | Overture-signals","CDLA-Permissive-2.0","2026-04-27T00:00:00.000Z | 2026-06-11T11:57:15Z | 2026-05-12T00:29:08Z | 2026-05-18T13:23:54Z | 2026-05-25T13:08:59Z | 2026-06-01T13:20:32Z | 2026-06-08T13:20:12Z"
"IL","Illinois","053f986a-210f-4a86-9df4-5cdc410349fb","Addison Lake Dental Center","-87.982871","41.930128","dentist","health_and_medical | lake","221 E Lake St","Addison","60101-2851","IL","US","+16305307740","","","https://www.facebook.com/729286957135023","","0.9244473576545715","","7","meta | Overture","CDLA-Permissive-2.0","2026-04-27T00:00:00.000Z | 2026-06-11T11:57:15Z"
"IL","Illinois","05481f2b-1c3e-4786-9d64-8ac4b2c69301","Northside Dental Implants","-87.806713726357","41.9803517732768","dentist","","5447 N Harlem Ave","Chicago","60656","IL","US","(773) 763-6116","","http://www.implant500.com","","","0.9199122190475464","open","4","Foursquare | Overture | Overture-signals","Apache-2.0 | CDLA-Permissive-2.0","2024-02-14T00:00:00.000 | 2026-06-11T11:57:15Z | 2026-05-12T00:29:08Z | 2026-05-18T13:23:54Z | 2026-05-25T13:08:59Z | 2026-06-01T13:20:32Z | 2026-06-08T13:20:12Z"
"IL","Illinois","0557c4e3-d131-472d-9289-494d403de2bb","Prairie Walk Dental of Oak Park","-87.8010301","41.8886585","dentist","health_and_medical","1010 Lake St #608","Oak Park","60301","IL","US","7088486822","","https://www.prairiewalkdentalofoakpark.com/","","","0.9655","","7","Microsoft | Overture","CDLA-Permissive-2.0","2025-08-22T06:09:13.643Z | 2026-06-11T11:57:15Z"
"IL","Illinois","055a1417-cda0-406f-971b-d500454658c2","Hildebrand Healthy Smiles","-87.69794658","39.39367226","dentist","general_dentistry","414 N 6th St","Marshall","62441-1218","IL","US","+12177277008","dentistry2006@aim.com","https://marshall.hildebrandhealthysmiles.com/","https://www.facebook.com/102051593165767","Hildebrand Healthy Smiles","0.9199122190475464","open","9","meta | Overture | Overture-signals","CDLA-Permissive-2.0","2026-04-27T00:00:00.000Z | 2026-06-11T11:57:15Z | 2026-05-12T00:29:08Z | 2026-05-18T13:23:54Z | 2026-05-25T13:08:59Z | 2026-06-01T13:20:32Z | 2026-06-08T13:20:12Z"
"IL","Illinois","0564563e-ba93-4e80-90d0-4e1828f8d63b","Michael J. Whitted DDS","-88.34332074","41.9892258","dentist","general_dentistry | health_and_medical","1950 Gyorr Rd","South Elgin","60177-2289","IL","US","+18476955100","mjwdentistry@yahoo.com","http://www.drwhitted.com/","https://www.facebook.com/109486689110622","","0.9912407994270325","open","9","meta | Overture | Overture-signals","CDLA-Permissive-2.0","2026-04-27T00:00:00.000Z | 2026-06-11T11:57:15Z | 2026-05-12T00:29:08Z"
"IL","Illinois","056a82e0-c8f1-4e09-80af-dedd2183bf60","One Fine Smile","-87.8030597","41.88912112","dentist","cosmetic_dentist | general_dentistry","1100 Lake St","Oak Park","60301-1015","IL","US","+17086661234","onefinesmile@gmail.com","http://www.onefinesmile.com/","https://www.facebook.com/216818507677","","0.9902192950248718","open","9","meta | Overture | Overture-signals","CDLA-Permissive-2.0","2026-04-27T00:00:00.000Z | 2026-06-11T11:57:15Z | 2026-05-12T00:29:08Z | 2026-05-18T13:23:54Z | 2026-05-25T13:08:59Z | 2026-06-01T13:20:32Z | 2026-06-08T13:20:12Z"
"IL","Illinois","057648bc-c21f-408d-a1dd-aa5ee13a77ad","Generations Dental Care","-88.00800415","41.7505663","dentist","general_dentistry","2551 75th St","Darien","60561-4301","IL","US","+16305280808","info@generationsdental.net","http://generationsdental.net/","https://www.facebook.com/640934455777717","Generations Dental Care","0.9722161889076233","open","8","meta | Overture | Overture-signals","CDLA-Permissive-2.0","2026-04-27T00:00:00.000Z | 2026-06-11T11:57:15Z | 2026-06-08T13:20:12Z"
"IL","Illinois","057d0351-4652-4160-9d0a-f3f33e9713fe","Wetherell Robin A DMD","-88.89362486","37.42509025","dentist","orthodontist | burger_restaurant","805 N 1st St","Vienna","62995-1544","IL","US","+16186588361","","http://www.angieslist.com/companylist/us/il/vienna/robin-wetherell-dds-reviews-576741.htm","https://www.facebook.com/134122939971073","","0.9199122190475464","open","7","meta | Overture | Overture-signals","CDLA-Permissive-2.0","2026-04-27T00:00:00.000Z | 2026-06-11T11:57:15Z | 2026-05-12T00:29:08Z | 2026-05-18T13:23:54Z | 2026-05-25T13:08:59Z | 2026-06-01T13:20:32Z | 2026-06-08T13:20:12Z"
"IL","Illinois","058a9f20-bca7-4e37-9078-0e701e3758c8","Synergy Dental Solutions","-90.22355731","38.45861204","dentist","general_dentistry | naturopathic_holistic","1000 Eleven S","Columbia","62236-1034","IL","US","+16182819729","","http://www.synergydental.online/","https://www.facebook.com/1658615777751164","","0.9893682599067688","","9","meta | Overture","CDLA-Permissive-2.0","2026-04-27T00:00:00.000Z | 2026-06-11T11:57:15Z"
"IL","Illinois","059db3e2-5bad-4c72-a7a2-44a10bccc223","Prairie State Dental Hygiene Clinic","-87.6387165658742","41.5281840661581","dentist","health_and_medical | hospital","","Chicago Heights","","IL","US","","","http://prairiestate.edu/academics/academic-programs/dental-hygiene","https://www.facebook.com/137791796314946","Prairie State College","0.8745679259300232","","8","meta | Overture","CDLA-Permissive-2.0","2026-04-27T00:00:00.000Z | 2026-06-11T11:57:15Z"
"IL","Illinois","05a27a0d-f732-46bb-87df-b4079e193301","Ortho Technologies Ltd","-88.23883094","40.11406019","dentist","","301 S 1st St","Champaign","61820-4121","IL","US","+12177144478","orthotechnologiesltd@gmail.com","","https://www.facebook.com/100412906186715","","0.9199122190475464","open","7","meta | Overture | Overture-signals","CDLA-Permissive-2.0","2026-04-27T00:00:00.000Z | 2026-06-11T11:57:15Z | 2026-05-12T00:29:08Z | 2026-05-18T13:23:54Z | 2026-05-25T13:08:59Z | 2026-06-01T13:20:32Z | 2026-06-08T13:20:12Z"
"IL","Illinois","05aa910f-c0fb-42a4-8dae-56ee6a89b6bd","Clear Choice","-87.64388851","41.8833861","dentist","general_dentistry | cosmetic_dentist","630 W Washington Blvd","Chicago","60661-2117","IL","US","+13123005931","chicagoinfo@clearchoice.com","https://www.clearchoice.com/locations/il/chicago/630-w-washington-blvd/","https://www.facebook.com/100474991775257","","0.9902192950248718","open","10","meta | Overture | Overture-signals","CDLA-Permissive-2.0","2026-04-27T00:00:00.000Z | 2026-06-11T11:57:15Z | 2026-05-12T00:29:08Z | 2026-05-18T13:23:54Z | 2026-05-25T13:08:59Z | 2026-06-01T13:20:32Z | 2026-06-08T13:20:12Z"
"IL","Illinois","05ab57e8-af4d-4d25-9e38-a7221b091684","First Family Dental of Pulaski","-87.72774744","41.96683588","dentist","general_dentistry","4707 N Pulaski Rd","Chicago","60630-4312","IL","US","+17736045050","pulaski@1stfamilydental.com","http://1stfamilydental.com/locations/pulaski/","https://www.facebook.com/272924892724771","1st Family Dental","0.7847470045089722","open","10","meta | Overture | Overture-signals","CDLA-Permissive-2.0","2026-04-27T00:00:00.000Z | 2026-06-11T11:57:15Z | 2026-06-08T13:20:12Z"
"IL","Illinois","05b8d293-fbde-4565-9dbe-bbadcfdfc6ff","Ace Dental","-88.0154664003135","41.8596265508398","dentist","","121 E Roosevelt Rd","Lombard","60148","IL","US","(630) 953-9777","","http://www.acedentalcenter.com","https://www.facebook.com/546319825465421","","0.9199122190475464","open","4","Foursquare | Overture | Overture-signals","Apache-2.0 | CDLA-Permissive-2.0","2025-08-22T00:00:00.000 | 2026-06-11T11:57:15Z | 2026-05-12T00:29:08Z | 2026-05-18T13:23:54Z | 2026-05-25T13:08:59Z | 2026-06-01T13:20:32Z | 2026-06-08T13:20:12Z"
"IL","Illinois","05d837e0-e704-4435-a9b6-98ce700d7c80","Dental 360","-87.7142638","41.95356791","dentist","general_dentistry","3435 W Irving Park Rd","Chicago","60618-3217","IL","US","+17735888200","info@dental360grp.com","https://dental360usa.com/","https://www.facebook.com/121724976336191","Dental 360","0.9902192950248718","open","9","meta | Overture | Overture-signals","CDLA-Permissive-2.0","2026-04-27T00:00:00.000Z | 2026-06-11T11:57:15Z | 2026-05-12T00:29:08Z | 2026-05-18T13:23:54Z | 2026-05-25T13:08:59Z | 2026-06-01T13:20:32Z | 2026-06-08T13:20:12Z"
"IL","Illinois","05f46379-f373-4f29-b972-8a94ccea48cb","Solace Dental - Bolingbrook, IL","-88.1404693830353","41.6790451117682","dentist","","287 N Weber Rd","Bolingbrook","60490","IL","US","(630) 759-3595","contact@solacedentalgroup.com","https://solacedentalgroup.com","","","0.77","","2","Foursquare | Overture","Apache-2.0 | CDLA-Permissive-2.0","2026-02-13T00:00:00.000 | 2026-06-11T11:57:15Z"
"IL","Illinois","0608d281-5fd9-4aca-af67-5b19e15848fc","Dr Paul the Dentist","-89.29402022","39.54841018","dentist","general_dentistry | doctor","118 S Main St","Taylorville","62568-2497","IL","US","+12178247285","drpaulthedentist@yahoo.com","http://www.drpaulthedentist.com","https://www.facebook.com/121256064599414","DR Paul The Dentist","0.9893524050712585","open","10","meta | Overture | Overture-signals","CDLA-Permissive-2.0","2026-04-27T00:00:00.000Z | 2026-06-11T11:57:15Z | 2026-06-08T13:20:12Z"
"IL","Illinois","062d923d-9521-49bf-b138-8cca456bf47a","Daniel Sula DDS","-88.318541","42.035906","dentist","","75 Market St","Elgin","60123-5021","IL","US","+18477428211","dsula111@gmail.com","","https://www.facebook.com/828048707338339","","0.5736903548240662","","8","meta | Overture","CDLA-Permissive-2.0","2026-04-27T00:00:00.000Z | 2026-06-11T11:57:15Z"
"IL","Illinois","06475c1a-65c5-49c4-b623-81712fcdfdc0","Delany Dental Care","-87.90279049","42.35610791","dentist","general_dentistry | medical_service_organizations","310 Greenleaf St","Park City","60085","IL","US","+18476235530","ddc@mydentalmail.com","http://www.delanydentalcare.com/?utm_source=local&utm_medium=local&utm_campaign=eii","https://www.facebook.com/116711751706342","","0.9867590069770813","","9","meta | Overture","CDLA-Permissive-2.0","2026-04-27T00:00:00.000Z | 2026-06-11T11:57:15Z"
"IL","Illinois","0663a372-5141-475f-bdd0-3c74f2fb563a","Stone Steven J DDS","-89.68207148","38.60479515","dentist","health_and_medical | lawyer","20 S Main St","Trenton","62293-1331","IL","US","+16182249423","","http://www.stevenstonedds.com","https://www.facebook.com/104588576275325","","0.9199122190475464","open","6","meta | Overture | Overture-signals","CDLA-Permissive-2.0","2026-04-27T00:00:00.000Z | 2026-06-11T11:57:15Z | 2026-05-12T00:29:08Z | 2026-05-18T13:23:54Z | 2026-05-25T13:08:59Z | 2026-06-01T13:20:32Z | 2026-06-08T13:20:12Z"
"IL","Illinois","06778bdd-c080-44ac-a49b-cc08765b62e4","Barrington Dental Wellness Center","-88.1277789453581","42.1299779771877","dentist","","1531 S Grove Ave","Barrington","60010","IL","US","(847) 842-2410","barringtondentalwellnesscenter@gmail.com","https://www.barringtondentalwellnesscenter.com","https://www.facebook.com/419042868209017","","0.77","","5","Foursquare | Overture","Apache-2.0 | CDLA-Permissive-2.0","2025-09-03T00:00:00.000 | 2026-06-11T11:57:15Z"
"IL","Illinois","068b346b-9f5d-4a07-b7f9-92d96d8ac8ce","Kevin P Ryan, DDS","-88.18412055","41.74958508","dentist","general_dentistry","1852 Bay Scott Cir","Naperville","60540-1131","IL","US","+16303551940","drryan@kevinryandds.com","http://www.kevinryandds.com/","https://www.facebook.com/384980725286644","Kevin Ryan, DDS","0.9199122190475464","open","8","meta | Overture | Overture-signals","CDLA-Permissive-2.0","2026-04-27T00:00:00.000Z | 2026-06-11T11:57:15Z | 2026-05-12T00:29:08Z | 2026-05-18T13:23:54Z | 2026-05-25T13:08:59Z | 2026-06-01T13:20:32Z | 2026-06-08T13:20:12Z"
"IL","Illinois","06962d67-57d9-498b-b56e-51073b6d90cf","Dr. Samuel D. Kang, DMD","-87.8044177656557","41.5824972978095","dentist","","18425 W Creek Dr","Tinley Park","60477","IL","US","(708) 532-4131","","https://www.northcreekdentalcare.com","","","0.77","","3","Foursquare | Overture","Apache-2.0 | CDLA-Permissive-2.0","2026-04-03T00:00:00.000 | 2026-06-11T11:57:15Z"
"IL","Illinois","06a6d245-1489-49f2-9314-444debf51eba","Gui Dental Center LLC","-87.70360663","41.79964714","dentist","general_dentistry | health_and_medical","5139 S Kedzie Ave","Chicago","60632-3126","IL","US","+17737789688","","","https://www.facebook.com/168171919864579","","0.9199122190475464","open","8","meta | Overture | Overture-signals","CDLA-Permissive-2.0","2026-04-27T00:00:00.000Z | 2026-06-11T11:57:15Z | 2026-05-12T00:29:08Z | 2026-05-18T13:23:54Z | 2026-05-25T13:08:59Z | 2026-06-01T13:20:32Z | 2026-06-08T13:20:12Z"
"IL","Illinois","06f22ad2-713c-4a4f-8b31-ec07a4d996a4","Northbrook Dentist Office","-87.81869633","42.15246872","dentist","cosmetic_dentist","1535 Lake Cook Rd","Northbrook","60062-1400","IL","US","+18474570400","stevenkaceldds@gmail.com","https://northbrookdentistoffice.com/","https://www.facebook.com/109165850692251","","0.8045488595962524","","5","meta | Overture","CDLA-Permissive-2.0","2026-04-27T00:00:00.000Z | 2026-06-11T11:57:15Z"
"IL","Illinois","0703486e-a6e0-40bd-a64b-1169e9551aba","Drs. A. & A. Artisuk","-87.85014086","42.02105493","dentist","general_dentistry | orthodontist","770 Busse Hwy","Park Ridge","60068-2441","IL","US","+18478255977","artisukdental@mindspring.com","http://www.artisukdental.com/","https://www.facebook.com/359327207475018","","0.9199122190475464","open","8","meta | Overture | Overture-signals","CDLA-Permissive-2.0","2026-04-27T00:00:00.000Z | 2026-06-11T11:57:15Z | 2026-05-12T00:29:08Z | 2026-05-18T13:23:54Z | 2026-05-25T13:08:59Z | 2026-06-01T13:20:32Z | 2026-06-08T13:20:12Z"
"IL","Illinois","0710d624-2956-4611-9795-82781a04e260","Karing Dental","-87.96508088","41.96177807","dentist","general_dentistry | medical_service_organizations","405 E Irving Park Rd","Wood Dale","60191-1639","IL","US","+16307661881","info@karingdental.com","http://karingdental.com/","https://www.facebook.com/332811456817746","","0.9199122190475464","open","8","meta | Overture | Overture-signals","CDLA-Permissive-2.0","2026-04-27T00:00:00.000Z | 2026-06-11T11:57:15Z | 2026-05-12T00:29:08Z | 2026-05-18T13:23:54Z | 2026-05-25T13:08:59Z | 2026-06-01T13:20:32Z | 2026-06-08T13:20:12Z"
"IL","Illinois","07131689-80b2-4966-9844-7b2db803adbc","Nameoki Dental Care","-90.12489804","38.72524985","dentist","general_dentistry | doctor","3481 Nameoki Rd","Granite City","62040-3709","IL","US","+16184522006","","http://www.nameokidentalcare.com","https://www.facebook.com/515843855503865","","0.9902192950248718","open","7","meta | Overture | Overture-signals","CDLA-Permissive-2.0","2026-04-27T00:00:00.000Z | 2026-06-11T11:57:15Z | 2026-05-12T00:29:08Z | 2026-05-18T13:23:54Z | 2026-05-25T13:08:59Z | 2026-06-01T13:20:32Z | 2026-06-08T13:20:12Z"
"IL","Illinois","07221511-cfed-4c3f-8c64-69239f96bae1","Aurora L. Ciceovan DDS","-88.00873997","42.13987148","dentist","general_dentistry | doctor","1530 E Dundee Rd","Palatine","60074-8301","IL","US","+18473588080","aurora.ciceovan@ciceovandds.com","http://www.ciceovandds.com/","https://www.facebook.com/251610788203377","","0.9199122190475464","open","9","meta | Overture | Overture-signals","CDLA-Permissive-2.0","2026-04-27T00:00:00.000Z | 2026-06-11T11:57:15Z | 2026-05-12T00:29:08Z | 2026-05-18T13:23:54Z | 2026-05-25T13:08:59Z | 2026-06-01T13:20:32Z | 2026-06-08T13:20:12Z"
"IL","Illinois","0724950a-dbaa-4e9d-a2d8-ee2936ed92ae","Brickyard Dental","-87.77677085","41.93122237","dentist","general_dentistry","6020 W Diversey Ave","Chicago","60639-1108","IL","US","+17732370707","","http://www.metrosmilesdental.com","https://www.facebook.com/168881906455274","","0.9902192950248718","open","8","meta | Overture | Overture-signals","CDLA-Permissive-2.0","2026-04-27T00:00:00.000Z | 2026-06-11T11:57:15Z | 2026-05-12T00:29:08Z | 2026-05-18T13:23:54Z | 2026-05-25T13:08:59Z | 2026-06-01T13:20:32Z | 2026-06-08T13:20:12Z"
"IL","Illinois","072f0321-bf0b-4895-9115-4a549752fc69","Smile Center","-87.77920801","38.41411125","dentist","general_dentistry","1114 Oak St","Mt Carmel","62863-2444","IL","US","+16182625564","","","https://www.facebook.com/267347889955537","","0.9687966704368591","","8","meta | Overture","CDLA-Permissive-2.0","2026-04-27T00:00:00.000Z | 2026-06-11T11:57:15Z"
"IL","Illinois","074a0ffc-d7be-4fd1-933e-d9c139b9eb56","Kevin J. Curtin, DDS","-87.7322291","42.1069532","dentist","doctor | health_and_medical","575 Lincoln Ave","Winnetka","60093","IL","US","8474460970","","http://www.skowrondental.com/","","","0.9655","","9","Microsoft | Overture","CDLA-Permissive-2.0","2023-01-04T14:21:15.503Z | 2026-06-11T11:57:15Z"
"IL","Illinois","0750037c-ca11-4e04-8aaa-a142f22df5c2","Chicago Style Smiles","-87.62500998","41.8831137","dentist","general_dentistry | cosmetic_dentist","30 N Michigan Ave","Chicago","60602-3400","IL","US","+13123724845","info@chicagostylesmiles.com","https://chicagostylesmiles.com/","https://www.facebook.com/120400861354408","","0.9996073338985443","","9","meta | Overture","CDLA-Permissive-2.0","2026-04-27T00:00:00.000Z | 2026-06-11T11:57:15Z"
"IL","Illinois","075f266c-a353-4907-8d85-c83af83128da","Mount Prospect Smiles","-87.92652491","42.05914294","dentist","health_and_medical | orthodontist","724 E Northwest Hwy","Mt Prospect","60056-3442","IL","US","+18473924270","info@mpsdentist.com","http://www.mountprospectsmiles.com/","https://www.facebook.com/402431076469525","DuPage Dental Smiles","0.9683926105499268","","7","meta | Overture","CDLA-Permissive-2.0","2026-04-27T00:00:00.000Z | 2026-06-11T11:57:15Z"
"IL","Illinois","07617165-a6b7-4779-a4c7-9f5896b15096","Paul O. Aliker DDS","-88.3360735","42.18124917","dentist","general_dentistry","290 N Randall Rd","Lake in the Hills","60156-5902","IL","US","+12246789494","","http://morningsidefamilydentalil.com","https://www.facebook.com/197735463959660","","0.9199122190475464","open","8","meta | Overture | Overture-signals","CDLA-Permissive-2.0","2026-04-27T00:00:00.000Z | 2026-06-11T11:57:15Z | 2026-05-12T00:29:08Z | 2026-05-18T13:23:54Z | 2026-05-25T13:08:59Z | 2026-06-01T13:20:32Z | 2026-06-08T13:20:12Z"
"IL","Illinois","076c5fb9-cf69-449e-af16-a29d5797e93a","Neal Nealis, DDS","-87.6235834","41.8960671","dentist","","737 N Michigan Ave Ste 910","Chicago","60611","IL","US","(312) 266-9487","info@nealnealisdds.com","http://www.nealnealisdds.com","https://www.twitter.com/nealnealisdds | https://www.facebook.com/309725594447","","0.9199122190475464","open","4","Foursquare | Overture | Overture-signals","Apache-2.0 | CDLA-Permissive-2.0","2025-03-30T00:00:00.000 | 2026-06-11T11:57:15Z | 2026-05-12T00:29:08Z | 2026-05-18T13:23:54Z | 2026-05-25T13:08:59Z | 2026-06-01T13:20:32Z | 2026-06-08T13:20:12Z"
"IL","Illinois","077d24df-0b79-4cff-a785-f2da3af5e34a","White Eagle Family Dentist","-88.207302042727","41.7299156230759","dentist","","1315 Macom Dr","Naperville","60564","IL","US","","joonsun@aol.com","http://www.whiteeaglefamilydentistry.com","","","0.77","","5","Foursquare | Overture","Apache-2.0 | CDLA-Permissive-2.0","2026-02-02T00:00:00.000 | 2026-06-11T11:57:15Z"
"IL","Illinois","079cef2f-eaaf-4725-8e74-6dfa8f6aebe9","Dr. Jeffrey Jones","-88.98298166","40.50688784","dentist","general_dentistry | doctor","305 S Linden St","Normal","61761-4901","IL","US","+13094545830","dentistnormal@gmail.com","http://www.jeffjonesdentistry.com","https://www.facebook.com/110197837252610","","0.9199122190475464","open","8","meta | Overture | Overture-signals","CDLA-Permissive-2.0","2026-04-27T00:00:00.000Z | 2026-06-11T11:57:15Z | 2026-05-12T00:29:08Z | 2026-05-18T13:23:54Z | 2026-05-25T13:08:59Z | 2026-06-01T13:20:32Z | 2026-06-08T13:20:12Z"
"IL","Illinois","07abdd5f-2200-4ac4-b02f-11313e48eb8b","Jarzen John C DDS","-90.25461171","39.74584203","dentist","general_dentistry","5 Wadworth Dr","Jacksonville","62650-1383","IL","US","+12172431517","info@jarzendental.com","http://jarzendental.com/","https://www.facebook.com/263384824502751","","0.9199122190475464","open","7","meta | Overture | Overture-signals","CDLA-Permissive-2.0","2026-04-27T00:00:00.000Z | 2026-06-11T11:57:15Z | 2026-05-12T00:29:08Z | 2026-05-18T13:23:54Z | 2026-05-25T13:08:59Z | 2026-06-01T13:20:32Z | 2026-06-08T13:20:12Z"
"IL","Illinois","07e22c04-930a-4355-b642-bbc490812db7","Olenick Dental","-88.08874817","41.83078338","dentist","doctor | oral_surgeon","1275 Butterfield Rd","Wheaton","60189","IL","US","+16306531377","gjolenickdds@comcast.net","http://www.olenickdental.com/","https://www.facebook.com/236300229873227","","0.9199122190475464","open","7","meta | Overture | Overture-signals","CDLA-Permissive-2.0","2026-04-27T00:00:00.000Z | 2026-06-11T11:57:15Z | 2026-05-12T00:29:08Z | 2026-05-18T13:23:54Z | 2026-05-25T13:08:59Z | 2026-06-01T13:20:32Z | 2026-06-08T13:20:12Z"
"IL","Illinois","07fd1d1d-071c-44d7-b370-b4aac4e3fa1a","Sheth Dental & Associates DDS.","-87.533838","41.7026","dentist","doctor | health_and_medical","3705 E 106th St","Chicago","60617-6725","IL","US","+17739787773","","http://shepherd.org","https://www.facebook.com/549758281812337","","0.9199122190475464","open","7","meta | Overture | Overture-signals","CDLA-Permissive-2.0","2026-04-27T00:00:00.000Z | 2026-06-11T11:57:15Z | 2026-05-12T00:29:08Z | 2026-05-18T13:23:54Z | 2026-05-25T13:08:59Z | 2026-06-01T13:20:32Z | 2026-06-08T13:20:12Z"
"IL","Illinois","084f4b9b-a667-4516-84ca-93f726ffe315","Milestone Dental","-89.003906025868","42.2673301742778","dentist","","275 N Phelps Ave","Rockford","61108","IL","US","(815) 484-8678","","http://www.milestone-inc-il.org","","","0.9199122190475464","open","4","Foursquare | Overture | Overture-signals","Apache-2.0 | CDLA-Permissive-2.0","2025-08-22T00:00:00.000 | 2026-06-11T11:57:15Z | 2026-05-12T00:29:08Z | 2026-05-18T13:23:54Z | 2026-05-25T13:08:59Z | 2026-06-01T13:20:32Z | 2026-06-08T13:20:12Z"
"IL","Illinois","08523a68-97fc-4569-98a4-37a95cd911c1","Rosenblatt Richard DMD","-87.8448831842224","42.2652167998566","dentist","","1400 N Western Ave","Lake Forest","60045","IL","US","(847) 234-4405","","http://thelakeforestdentist.com","","","0.9199122190475464","open","4","Foursquare | Overture | Overture-signals","Apache-2.0 | CDLA-Permissive-2.0","2025-08-22T00:00:00.000 | 2026-06-11T11:57:15Z | 2026-05-12T00:29:08Z | 2026-05-18T13:23:54Z | 2026-05-25T13:08:59Z | 2026-06-01T13:20:32Z | 2026-06-08T13:20:12Z"
"IL","Illinois","0858fbd5-42ad-4674-b53b-202d2d303be7","Ha Mary DDS","-87.82882961","42.1182913","dentist","health_and_medical","1873 Shermer Rd","Northbrook","60062-5300","IL","US","+18474807670","maryhadds@att.net","http://www.drmaryha.com/","https://www.facebook.com/175910682449449","","0.9199122190475464","open","7","meta | Overture | Overture-signals","CDLA-Permissive-2.0","2026-04-27T00:00:00.000Z | 2026-06-11T11:57:15Z | 2026-05-12T00:29:08Z | 2026-05-18T13:23:54Z | 2026-05-25T13:08:59Z | 2026-06-01T13:20:32Z | 2026-06-08T13:20:12Z"
"IL","Illinois","085e0b77-a8ed-4c4d-9fc2-784dd5f95137","Pure Dental Group","-87.66911175","41.91596973","dentist","general_dentistry | cosmetic_dentist","1635 W Cortland St","Chicago","60622-1122","IL","US","+17739048400","contact@puredentalgroup.com","http://www.puredentalgroup.com/","https://www.facebook.com/110020791194667","Pure Dental","0.9888313043117524","","9","meta | Overture","CDLA-Permissive-2.0","2026-04-27T00:00:00.000Z | 2026-06-11T11:57:15Z"
"IL","Illinois","0882534c-9cb6-4240-8176-67017f68479a","World Class Smiles Chicago","-87.748896238098","41.989536409889","dentist","orthodontist | cosmetic_dentist","4801 W Peterson Ave","Chicago","60646-5713","IL","US","+17736859666","office@haroldkrinskydds.com","http://www.haroldkrinskydds.com/","https://www.facebook.com/157606657613319","World Class Smiles Chicago","0.8769193887710571","","7","meta | Overture","CDLA-Permissive-2.0","2026-04-27T00:00:00.000Z | 2026-06-11T11:57:15Z"
"IL","Illinois","088ecab0-d07a-4837-8e1b-9b3b20e7f7ee","Dr. Ronald L. Reichl, DDS","-87.9693503","42.06675204","dentist","general_dentistry | health_and_medical","1112 E Central Rd","Arlington Heights","60005-3288","IL","US","+18473981334","","","https://www.facebook.com/117980598283399","","0.9199122190475464","open","7","meta | Overture | Overture-signals","CDLA-Permissive-2.0","2026-04-27T00:00:00.000Z | 2026-06-11T11:57:15Z | 2026-05-12T00:29:08Z | 2026-05-18T13:23:54Z | 2026-05-25T13:08:59Z | 2026-06-01T13:20:32Z | 2026-06-08T13:20:12Z"
"IL","Illinois","0890c48f-3cd0-490e-be10-65d888a78514","Morton Grove Dentistry","-87.80481549","42.04124005","dentist","health_and_medical | medical_service_organizations","7145 W Dempster St","Niles","60714-2131","IL","US","+18479678999","bhupenk@comcast.net","http://www.mortongrovedental.com/","https://www.facebook.com/143782385752101","MINT dentistry","0.9515901803970337","open","9","meta | Overture | Overture-signals","CDLA-Permissive-2.0","2026-04-27T00:00:00.000Z | 2026-06-11T11:57:15Z | 2026-06-08T13:20:12Z"
"IL","Illinois","089b2d9d-0be6-4cb7-80e0-094d83375c65","Richard R. Pellegrini, DDS","-88.125833","41.537514","dentist","orthodontist | pediatric_dentist","801 N Larkin Ave","Joliet","60435-3439","IL","US","+18157443400","info@pellegrinidentistry.com","http://www.pellegrinidentistry.com/","https://www.facebook.com/669404766548663","","0.9632726907730103","","8","meta | Overture","CDLA-Permissive-2.0","2026-04-27T00:00:00.000Z | 2026-06-11T11:57:15Z"
"IL","Illinois","089ec68b-cbac-4312-be19-10ff4f732dc7","Louis Santini, DMD","-87.6232211050559","41.8979341502534","dentist","","845 N Michigan Ave Ste 920W","Chicago","60611","IL","US","(312) 944-5433","","http://www.santinidentistry.com","","","0.9199122190475464","open","4","Foursquare | Overture | Overture-signals","Apache-2.0 | CDLA-Permissive-2.0","2024-08-29T00:00:00.000 | 2026-06-11T11:57:15Z | 2026-05-12T00:29:08Z | 2026-05-18T13:23:54Z | 2026-05-25T13:08:59Z | 2026-06-01T13:20:32Z | 2026-06-08T13:20:12Z"
"IL","Illinois","08a05ff9-11b6-453d-987a-15ef40512c8e","Lehman & Menis Dental Implant and Oral Surgery Specialists","-88.2923598031707","42.2108349962077","dentist","","850 Munshaw Ln,","Crystal Lake","60014","IL","US","(815) 459-7400","patientcare@lehmanmenis.com","https://www.lehmanmenis.com","https://www.facebook.com/189173044491665 | https://www.instagram.com/lehmanandmenisoms","","0.9199122190475464","open","4","Foursquare | Overture | Overture-signals","Apache-2.0 | CDLA-Permissive-2.0","2026-03-09T00:00:00.000 | 2026-06-11T11:57:15Z | 2026-05-12T00:29:08Z | 2026-05-18T13:23:54Z | 2026-05-25T13:08:59Z | 2026-06-01T13:20:32Z | 2026-06-08T13:20:12Z"
"IL","Illinois","08a78baf-f0ff-4034-9d2a-4ddd97065750","Charles Shulruff, DDS","-87.7486593867438","41.9895792283685","dentist","","4801 W Peterson Ave Ste 311","Chicago","60646","IL","US","(773) 481-0777","","http://shulruffdental.com","","","0.9199122190475464","open","4","Foursquare | Overture | Overture-signals","Apache-2.0 | CDLA-Permissive-2.0","2025-10-16T00:00:00.000 | 2026-06-11T11:57:15Z | 2026-05-12T00:29:08Z | 2026-05-18T13:23:54Z | 2026-05-25T13:08:59Z | 2026-06-01T13:20:32Z | 2026-06-08T13:20:12Z"
"IL","Illinois","08aa42d7-7be5-4c77-bdc1-cedf5ad3da53","Amazing Smiles Family Dental Care","-87.78509099","41.58381987","dentist","","16906 Oak Park Ave","Tinley Park","60477","IL","US","(708) 444-7645","","http://www.444smile.com","https://www.facebook.com/132784483069","","0.9902192950248718","open","4","Foursquare | Overture | Overture-signals","Apache-2.0 | CDLA-Permissive-2.0","2025-08-22T00:00:00.000 | 2026-06-11T11:57:15Z | 2026-05-12T00:29:08Z | 2026-05-18T13:23:54Z | 2026-05-25T13:08:59Z | 2026-06-01T13:20:32Z | 2026-06-08T13:20:12Z"
"IL","Illinois","08b1fe28-1045-4392-97df-8fb89b06cef1","Chicago Veneer and Implant Center","-87.68400994","41.91487001","dentist","general_dentistry","1835 N Milwaukee Ave","Chicago","60647-6186","IL","US","+17737869018","","","https://www.facebook.com/461989087292906","","0.9199122190475464","open","7","meta | Overture | Overture-signals","CDLA-Permissive-2.0","2026-04-27T00:00:00.000Z | 2026-06-11T11:57:15Z | 2026-05-12T00:29:08Z | 2026-05-18T13:23:54Z | 2026-05-25T13:08:59Z | 2026-06-01T13:20:32Z | 2026-06-08T13:20:12Z"
"IL","Illinois","08ba086e-ef75-4c0b-8127-3e5b7ac7710c","Gamma Family Dental","-87.66859112","41.99821213","dentist","general_dentistry","1514 W Devon Ave","Chicago","60660-1314","IL","US","+17734654500","","","https://www.facebook.com/434153413335063","","0.9199122190475464","open","6","meta | Overture | Overture-signals","CDLA-Permissive-2.0","2026-04-27T00:00:00.000Z | 2026-06-11T11:57:15Z | 2026-05-12T00:29:08Z | 2026-05-18T13:23:54Z | 2026-05-25T13:08:59Z | 2026-06-01T13:20:32Z | 2026-06-08T13:20:12Z"
"IL","Illinois","08d7f5b7-1e73-408d-a0ae-4322a1660631","Ryan Family Dental","-88.20049769","41.83018013","dentist","health_and_medical | oral_surgeon","2S631 State Route 59","Warrenville","60555","IL","US","+16303932733","info@drbagai.com","http://ryanfamilydental.com/","https://www.facebook.com/160416457353834","","0.9199122190475464","open","6","meta | Overture | Overture-signals","CDLA-Permissive-2.0","2026-04-27T00:00:00.000Z | 2026-06-11T11:57:15Z | 2026-05-12T00:29:08Z | 2026-05-18T13:23:54Z | 2026-05-25T13:08:59Z | 2026-06-01T13:20:32Z | 2026-06-08T13:20:12Z"
"IL","Illinois","08ea1945-0e03-4c23-9220-31e07680a60a","Paramasivam Family Dentist Center","-87.7234537436774","41.8810544217496","dentist","","3900 W Madison St Ste 14","Chicago","60624","IL","US","(773) 533-3838","","http://paramasivamfamilydentistcenter.com","","","0.9199122190475464","open","4","Foursquare | Overture | Overture-signals","Apache-2.0 | CDLA-Permissive-2.0","2025-10-17T00:00:00.000 | 2026-06-11T11:57:15Z | 2026-05-12T00:29:08Z | 2026-05-18T13:23:54Z | 2026-05-25T13:08:59Z | 2026-06-01T13:20:32Z | 2026-06-08T13:20:12Z"
"IL","Illinois","08f2d13f-e3d6-469c-86e1-d2e82ec4414a","Smile Dental","-87.9920429929714","41.8693138886613","dentist","","837 Westmore Meyers Rd Ste A26","Lombard","60148","IL","US","(630) 326-7976","dentaloffice88@yahoo.com","http://smiledentalcenters.com","https://www.facebook.com/415358818513842","","0.9199122190475464","open","4","Foursquare | Overture | Overture-signals","Apache-2.0 | CDLA-Permissive-2.0","2025-04-15T00:00:00.000 | 2026-06-11T11:57:15Z | 2026-05-12T00:29:08Z | 2026-05-18T13:23:54Z | 2026-05-25T13:08:59Z | 2026-06-01T13:20:32Z | 2026-06-08T13:20:12Z"
"IL","Illinois","08f599de-a6ec-4b7f-9c43-9fe1cf605535","Misty Thillen, DDS","-88.3437260126912","42.2476652249659","dentist","","651 W Terra Cotta Ave","Crystal Lake","60014","IL","US","(815) 455-0145","info@thillendentistry.com","http://thillendentistry.com","https://www.facebook.com/169338586413643","","0.9199122190475464","open","4","Foursquare | Overture | Overture-signals","Apache-2.0 | CDLA-Permissive-2.0","2024-12-19T00:00:00.000 | 2026-06-11T11:57:15Z | 2026-05-12T00:29:08Z | 2026-05-18T13:23:54Z | 2026-05-25T13:08:59Z | 2026-06-01T13:20:32Z | 2026-06-08T13:20:12Z"
"IL","Illinois","09103aba-166e-47e2-b52e-da2543b484f8","Suntrup Scott C Dr","-88.48462465","38.67035009","dentist","general_dentistry | doctor","217 E 2nd St","Flora","62839-2034","IL","US","+16186625116","","http://suntrupdental.com","https://www.facebook.com/164405133584917","","0.9199122190475464","open","7","meta | Overture | Overture-signals","CDLA-Permissive-2.0","2026-04-27T00:00:00.000Z | 2026-06-11T11:57:15Z | 2026-05-12T00:29:08Z | 2026-05-18T13:23:54Z | 2026-05-25T13:08:59Z | 2026-06-01T13:20:32Z | 2026-06-08T13:20:12Z"
"IL","Illinois","0910caec-74e2-4749-9714-9a394d7564ba","Dr. Gary Drake DDS","-90.05386","38.548182","dentist","teeth_whitening | medical_service_organizations","1108 S 74th St","Belleville","62223-3535","IL","US","+16183972377","","http://www.thefacialrejuvenationcenter.com/","https://www.facebook.com/93727896885","","0.8368374705314636","","7","meta | Overture","CDLA-Permissive-2.0","2026-04-27T00:00:00.000Z | 2026-06-11T11:57:15Z"
"IL","Illinois","092d863d-1e4e-4146-a2bf-c52638cd7bc2","Basim Dental Boutique","-87.69380529","41.9903791","dentist","cosmetic_dentist | general_dentistry","2545 W Peterson Ave","Chicago","60659-4028","IL","US","+17735612808","perfectdentalsmile@yahoo.com","http://perfectdentalsmile.com/","https://www.facebook.com/589221231230025","Basim Dental Boutique","0.7151010036468506","","8","meta | Overture","CDLA-Permissive-2.0","2026-04-27T00:00:00.000Z | 2026-06-11T11:57:15Z"
"IL","Illinois","09382d91-dde2-4399-beab-e6855c87561b","Family Dental Care","-87.872424","42.370045","dentist","","2841 Grand Avenue","Waukegan","60085","IL","US","+18474699484","","https://chicagofamilydentalcare.com/","","","0.9902192950248718","open","8","DAC | Overture | Overture-signals","CDLA-Permissive-2.0","2026-06-10T16:03:35.911Z | 2026-06-11T11:57:15Z | 2026-05-12T00:29:08Z | 2026-05-18T13:23:54Z | 2026-05-25T13:08:59Z | 2026-06-01T13:20:32Z | 2026-06-08T13:20:12Z"
"IL","Illinois","0938ed1a-5059-47b7-b00b-dc19e8835c71","Dr. John A. Los","-87.92562576","41.81723215","dentist","doctor | cosmetic_dentist","201 E Ogden Ave","Hinsdale","60521-2808","IL","US","+16303239540","drjohnlos@yahoo.com","","https://www.facebook.com/761540867285721","","0.9199122190475464","open","7","meta | Overture | Overture-signals","CDLA-Permissive-2.0","2026-04-27T00:00:00.000Z | 2026-06-11T11:57:15Z | 2026-05-12T00:29:08Z | 2026-05-18T13:23:54Z | 2026-05-25T13:08:59Z | 2026-06-01T13:20:32Z | 2026-06-08T13:20:12Z"
"IL","Illinois","0946f456-6157-479c-9c50-6899c86c5658","Dr. Terrence R. Gilman Sr","-87.79913862","41.74154505","dentist","health_and_medical | doctor","8233 S Harlem Ave","Bridgeview","60455-1691","IL","US","+17084305088","","https://gilman-terrence-r-dds.hub.biz/","https://www.facebook.com/169158033100680","","0.9199122190475464","open","6","meta | Overture | Overture-signals","CDLA-Permissive-2.0","2026-04-27T00:00:00.000Z | 2026-06-11T11:57:15Z | 2026-05-12T00:29:08Z | 2026-05-18T13:23:54Z | 2026-05-25T13:08:59Z | 2026-06-01T13:20:32Z | 2026-06-08T13:20:12Z"
"IL","Illinois","095e15a2-5431-44ba-b6ea-c686bfeedfc7","Dr. David Lefelstein DDS","-88.316151","42.023032","dentist","health_and_medical | medical_service_organizations","450 Shepard Dr","Elgin","60123-7033","IL","US","+18477413853","","","https://www.facebook.com/162637640422448","","0.9197811484336853","","5","meta | Overture","CDLA-Permissive-2.0","2026-04-27T00:00:00.000Z | 2026-06-11T11:57:15Z"
"IL","Illinois","0960b3ce-9a6c-430c-b7d8-45cfa54a2e94","The Dentist's Place","-87.8669589723538","42.3225881285541","dentist","","2017 Green Bay Rd","North Chicago","60064","IL","US","(847) 689-1213","","http://www.dentistplace.com","https://www.facebook.com/413197892110005","","0.77","","5","Foursquare | Overture","Apache-2.0 | CDLA-Permissive-2.0","2025-08-22T00:00:00.000 | 2026-06-11T11:57:15Z"
"IL","Illinois","0970d542-38fc-498c-bbd3-425fa1ce56b8","Alan J. Wickenhauser, DDS","-90.0344623746774","38.8996047943324","dentist","","708 E Bethalto Dr","Bethalto","62010","IL","US","(618) 377-0044","wickenhauser@edpsmiles.com","https://www.wickdental.com","https://www.facebook.com/197110577915","","0.9199122190475464","open","4","Foursquare | Overture | Overture-signals","Apache-2.0 | CDLA-Permissive-2.0","2025-08-22T00:00:00.000 | 2026-06-11T11:57:15Z | 2026-05-12T00:29:08Z | 2026-05-18T13:23:54Z | 2026-05-25T13:08:59Z | 2026-06-01T13:20:32Z | 2026-06-08T13:20:12Z"
"IL","Illinois","097ea4b0-13cc-4cf6-838b-11dd7a451b65","Norman H Newman DDS","-87.6315197272236","41.8830935951951","dentist","","25 E Washington St Ste 1111","Chicago","60602","IL","US","(312) 346-0710","","http://normanrappaportmd.com","","","0.9199122190475464","open","4","Foursquare | Overture | Overture-signals","Apache-2.0 | CDLA-Permissive-2.0","2025-04-02T00:00:00.000 | 2026-06-11T11:57:15Z | 2026-05-12T00:29:08Z | 2026-05-18T13:23:54Z | 2026-05-25T13:08:59Z | 2026-06-01T13:20:32Z | 2026-06-08T13:20:12Z"
"IL","Illinois","099a9f1c-7177-4c6d-bdd6-ec819de39803","Partners for Dental Health","-88.056732","42.414923","dentist","health_and_medical | teeth_whitening","1025 Red Oak Ln","Lindenhurst","60046-5017","IL","US","+18473952010","team@partners4dentalhealth.com","https://www.partners4dentalhealth.com/","https://www.facebook.com/470333119644155","","0.9542436599731445","","7","meta | Overture","CDLA-Permissive-2.0","2026-04-27T00:00:00.000Z | 2026-06-11T11:57:15Z"
"IL","Illinois","09a2a8de-dcac-4722-964b-15d666010aa2","Old Town Dental Center","-87.6381836","41.9109306","dentist","","333 W North Ave","Chicago","60610-1293","IL","US","+13127511105","","http://oldtowndentalcenter.com/","https://www.facebook.com/1612211369056991","","0.8701969411969185","","7","meta | Overture","CDLA-Permissive-2.0","2026-04-27T00:00:00.000Z | 2026-06-11T11:57:15Z"
"IL","Illinois","09ba10c4-f22b-4c15-aefc-c27793721bd2","AAOMS","-87.8678518542664","41.980854606935","dentist","","9700 Bryn Mawr Ave","Rosemont","60018","IL","US","(847) 678-6200","","http://www.aaoms.org","https://www.twitter.com/aaoms | https://www.facebook.com/113632988410","","0.9902192950248718","open","4","Foursquare | Overture | Overture-signals","Apache-2.0 | CDLA-Permissive-2.0","2024-05-18T00:00:00.000 | 2026-06-11T11:57:15Z | 2026-05-12T00:29:08Z | 2026-05-18T13:23:54Z | 2026-05-25T13:08:59Z | 2026-06-01T13:20:32Z | 2026-06-08T13:20:12Z"
"IL","Illinois","09ba5591-7549-4cfc-8384-dcec86dc0ea6","Smile Care Dental Associates","-88.20251705","41.65758085","dentist","general_dentistry | health_and_medical","12337 S Route 59","Plainfield","60585-4605","IL","US","+18156098588","smilecaredental@yahoo.com","http://www.smilecare-dental.com/","https://www.facebook.com/203768960899","Smile Care Dental Associates","0.9902192950248718","open","9","meta | Overture | Overture-signals","CDLA-Permissive-2.0","2026-04-27T00:00:00.000Z | 2026-06-11T11:57:15Z | 2026-05-12T00:29:08Z | 2026-05-18T13:23:54Z | 2026-05-25T13:08:59Z | 2026-06-01T13:20:32Z | 2026-06-08T13:20:12Z"
"IL","Illinois","09d555ef-6ea9-42d7-8e66-5f494e8363ff","Arthur R Kremer DDS PC","-88.09444438","41.05105166","dentist","general_dentistry | doctor","5 E Tobey Dr","Herscher","60941-9498","IL","US","+18154262611","dr.kremer@comcast.net","http://drakremer.com/","https://www.facebook.com/134293373397289","","0.9199122190475464","open","7","meta | Overture | Overture-signals","CDLA-Permissive-2.0","2026-04-27T00:00:00.000Z | 2026-06-11T11:57:15Z | 2026-05-12T00:29:08Z | 2026-05-18T13:23:54Z | 2026-05-25T13:08:59Z | 2026-06-01T13:20:32Z | 2026-06-08T13:20:12Z"
"IL","Illinois","09dd683f-9ae0-485c-be8c-cd9c55d5a384","Family Dental Care of Belvidere","-88.82292105","42.25275473","dentist","medical_service_organizations | veterinarian","860 Biester Dr","Belvidere","61008-4053","IL","US","+18155443426","belvideredental1985@gmail.com","","https://www.facebook.com/106631203354228","","0.9199122190475464","open","6","meta | Overture | Overture-signals","CDLA-Permissive-2.0","2026-04-27T00:00:00.000Z | 2026-06-11T11:57:15Z | 2026-05-12T00:29:08Z | 2026-05-18T13:23:54Z | 2026-05-25T13:08:59Z | 2026-06-01T13:20:32Z | 2026-06-08T13:20:12Z"
"IL","Illinois","09e85d45-3379-4321-945e-780eba12921e","Woodstock Dental Associates","-88.45907838","42.31482198","dentist","general_dentistry | doctor","666 W Jackson St","Woodstock","60098-3198","IL","US","+18153381138","teutla2219@gmail.com","https://woodstock-dental-associates-ltd-il.hub.biz/","https://www.facebook.com/295546013852650","","0.9199122190475464","open","7","meta | Overture | Overture-signals","CDLA-Permissive-2.0","2026-04-27T00:00:00.000Z | 2026-06-11T11:57:15Z | 2026-05-12T00:29:08Z | 2026-05-18T13:23:54Z | 2026-05-25T13:08:59Z | 2026-06-01T13:20:32Z | 2026-06-08T13:20:12Z"
"IL","Illinois","09e9f9c3-2507-4d35-a68d-74c236df5e8e","311 Dental","-88.0690864","41.70543347","dentist","general_dentistry | health_and_medical","311 N Bolingbrook Dr","Bolingbrook","60440-1968","IL","US","+16309143505","","https://www.311dental.com/","https://www.facebook.com/100847662882479","3 One One Dental Care","0.9902192950248718","open","8","meta | Overture | Overture-signals","CDLA-Permissive-2.0","2026-04-27T00:00:00.000Z | 2026-06-11T11:57:15Z | 2026-05-12T00:29:08Z | 2026-05-18T13:23:54Z | 2026-05-25T13:08:59Z | 2026-06-01T13:20:32Z | 2026-06-08T13:20:12Z"
"IL","Illinois","09face8e-cc8c-4b75-8654-8dd742a98882","Savin Dental Associates","-87.75889812","42.13292793","dentist","general_dentistry | medical_service_organizations","650 Vernon Ave","Glencoe","60022-2617","IL","US","+18478353200","info@savindentalgroup.com","http://www.savindentalassociates.com/","https://www.facebook.com/203544496655294","","0.9899551093578338","","10","meta | Overture","CDLA-Permissive-2.0","2026-04-27T00:00:00.000Z | 2026-06-11T11:57:15Z"
"IL","Illinois","09fda691-3a25-4705-9fc4-27fe36afac95","PerioImplant Innovations of Bloomington","-88.946018","40.480815","dentist","cosmetic_dentist | medical_service_organizations","105 N Williamsburg Dr","Bloomington","61704-3528","IL","US","+13096634577","info@docperio.com","https://www.docperio.com/","https://www.facebook.com/124925034184659","PerioImplant Innovations of Bloomington","0.9856244325637817","","7","meta | Overture","CDLA-Permissive-2.0","2026-04-27T00:00:00.000Z | 2026-06-11T11:57:15Z"
"IL","Illinois","0a0eec9c-3e03-4823-bbcc-5baf7038b81b","Joseph Kunnel DDS PhD, PC","-89.1243956775209","41.3560654217307","dentist","","4105 Frontage Rd Ste 100A","Peru","61354","IL","US","(815) 223-0204","","http://www.josephkunnelorthodontics.com","","","0.9199122190475464","open","4","Foursquare | Overture | Overture-signals","Apache-2.0 | CDLA-Permissive-2.0","2025-08-22T00:00:00.000 | 2026-06-11T11:57:15Z | 2026-05-12T00:29:08Z | 2026-05-18T13:23:54Z | 2026-05-25T13:08:59Z | 2026-06-01T13:20:32Z | 2026-06-08T13:20:12Z"
"IL","Illinois","0a136e09-5429-4b6a-9912-2996e11ee07b","Cambridge Dental Care","-89.92814966","38.58485847","dentist","general_dentistry","1490 N Green Mount Rd","O'Fallon","62269-3484","IL","US","+16185911582","cambridgedentalcare@mydentalmail.com","https://cambridgefamilydentistry.com/","https://www.facebook.com/258531287508490","Dental Health Society online","0.9902192950248718","open","9","meta | Overture | Overture-signals","CDLA-Permissive-2.0","2026-04-27T00:00:00.000Z | 2026-06-11T11:57:15Z | 2026-05-12T00:29:08Z | 2026-05-18T13:23:54Z | 2026-05-25T13:08:59Z | 2026-06-01T13:20:32Z | 2026-06-08T13:20:12Z"
"IL","Illinois","0a312d87-916c-4abc-81b4-7085527f6f62","Center For Dental Implants","-87.8783498273888","41.6000640537879","dentist","","10713 W 159th St","Orland Park","60467","IL","US","(708) 301-5000","","http://www.chicagodentalimplants.com","","","0.77","","5","Foursquare | Overture","Apache-2.0 | CDLA-Permissive-2.0","2025-10-01T00:00:00.000 | 2026-06-11T11:57:15Z"
"IL","Illinois","0a3c40bb-836e-482e-bc18-19e9c2328e70","Thomas G Bleck, DDS and Eman J Alsahlani, DMD","-87.8471011544253","42.3912886396511","dentist","","1320 Golf Rd","Waukegan","60087","IL","US","(847) 336-2800","","http://bleck-alsahlanidental.com","","","0.77","","5","Foursquare | Overture","Apache-2.0 | CDLA-Permissive-2.0","2025-08-19T00:00:00.000 | 2026-06-11T11:57:15Z"
"IL","Illinois","0a4668d5-3f12-4ec5-984f-e3b35824409a","Mark J. Niekrasz DDS and Associates","-88.01378518","42.14096161","dentist","general_dentistry | cosmetic_dentist","1635 N Baldwin Rd","Palatine","60074-1703","IL","US","+18473598886","drmark@niekraszdentist.com","http://niekraszdentist.com/","https://www.facebook.com/227847337375960","","0.9902192950248718","open","10","meta | Overture | Overture-signals","CDLA-Permissive-2.0","2026-04-27T00:00:00.000Z | 2026-06-11T11:57:15Z | 2026-05-12T00:29:08Z | 2026-05-18T13:23:54Z | 2026-05-25T13:08:59Z | 2026-06-01T13:20:32Z | 2026-06-08T13:20:12Z"
"IL","Illinois","0a4fd6d6-ad5b-4fc3-bf7a-e1100bd24dd1","Great Lakes Dental Solutions","-87.94699523","42.26017389","dentist","general_dentistry | cosmetic_dentist","1418 S Milwaukee Ave","Libertyville","60048-3796","IL","US","+18479842548","glds4info@gmail.com","http://www.greatlakesdental.net/","https://www.facebook.com/1597798360492607","Great Lakes Dental","0.9199122190475464","open","9","meta | Overture | Overture-signals","CDLA-Permissive-2.0","2026-04-27T00:00:00.000Z | 2026-06-11T11:57:15Z | 2026-05-12T00:29:08Z | 2026-05-18T13:23:54Z | 2026-05-25T13:08:59Z | 2026-06-01T13:20:32Z | 2026-06-08T13:20:12Z"
"IL","Illinois","0a546a55-4265-47f9-bee1-614da0d8cfd5","Lincoln Dental","-87.81899","41.887998","dentist","","7777 Lake St Ste 106","River Forest","60305","IL","US","(708) 771-7545","","http://www.freshmintdental.com","","","0.9199122190475464","open","4","Foursquare | Overture | Overture-signals","Apache-2.0 | CDLA-Permissive-2.0","2023-11-30T00:00:00.000 | 2026-06-11T11:57:15Z | 2026-05-12T00:29:08Z | 2026-05-18T13:23:54Z | 2026-05-25T13:08:59Z | 2026-06-01T13:20:32Z | 2026-06-08T13:20:12Z"
"IL","Illinois","0a57db36-3f22-4b3c-b655-be658407b1ad","Patrick Yerkes","-88.15730422","41.30606653","dentist","periodontist | pediatric_dentist","688 W Baltimore St","Wilmington","60481-1281","IL","US","+18154765248","","http://www.yerkesfamilydental.com/","https://www.facebook.com/162409283777814","","0.9199122190475464","open","6","meta | Overture | Overture-signals","CDLA-Permissive-2.0","2026-04-27T00:00:00.000Z | 2026-06-11T11:57:15Z | 2026-05-12T00:29:08Z | 2026-05-18T13:23:54Z | 2026-05-25T13:08:59Z | 2026-06-01T13:20:32Z | 2026-06-08T13:20:12Z"
"IL","Illinois","0a597a48-9844-49d7-a1de-0bde7b89c8e7","Midwest Dental - Pekin, IL","-89.60595299","40.54728818","dentist","general_dentistry","3212 Court St","Pekin","61554-6209","IL","US","+13093478590","pekin@midwest-dental.com","https://midwest-dental.com/dental-office/pekin/","https://www.facebook.com/1522677018032355","Midwest Dental","0.9199122190475464","open","9","meta | Overture | Overture-signals","CDLA-Permissive-2.0","2026-04-27T00:00:00.000Z | 2026-06-11T11:57:15Z | 2026-05-12T00:29:08Z | 2026-05-18T13:23:54Z | 2026-05-25T13:08:59Z | 2026-06-01T13:20:32Z | 2026-06-08T13:20:12Z"
"IL","Illinois","0a6e1220-1626-42c5-8ed2-0d6594db108e","Dr Agatha E. Hason, DDS","-87.5349792734182","41.5644661978018","dentist","","3341 Ridge Rd","Lansing","60438","IL","US","(708) 474-2590","","http://hasonagathaedds.placeweb.site","","","0.77","","5","Foursquare | Overture","Apache-2.0 | CDLA-Permissive-2.0","2025-05-31T00:00:00.000 | 2026-06-11T11:57:15Z"
"IL","Illinois","0a82d395-c1e8-4ec1-b84f-022331c23c6b","Maintain Your Smile Dental","-88.99913859","42.25698007","dentist","general_dentistry","1110 S Mulford Rd","Rockford","61108-4213","IL","US","+18153983879","maintainyoursmile@gmail.com","http://www.maintainyoursmile.com/","https://www.facebook.com/134047143312927","Maintain Your Smile Rockford","0.9199122190475464","open","10","meta | Overture | Overture-signals","CDLA-Permissive-2.0","2026-04-27T00:00:00.000Z | 2026-06-11T11:57:15Z | 2026-05-12T00:29:08Z | 2026-05-18T13:23:54Z | 2026-05-25T13:08:59Z | 2026-06-01T13:20:32Z | 2026-06-08T13:20:12Z"
"IL","Illinois","0a8ee160-d41a-476f-9dff-0ef6eea80bd2","Dental Health of Wheaton","-88.1207087502223","41.864276590171","dentist","","949 W Liberty Dr","Wheaton","60187","IL","US","(630) 668-6071","","http://www.dentalhealthofwheaton.com","https://www.facebook.com/158362124242882","","0.9199122190475464","open","8","Foursquare | Overture | Overture-signals","Apache-2.0 | CDLA-Permissive-2.0","2025-06-26T00:00:00.000 | 2026-06-11T11:57:15Z | 2026-05-12T00:29:08Z | 2026-05-18T13:23:54Z | 2026-05-25T13:08:59Z | 2026-06-01T13:20:32Z | 2026-06-08T13:20:12Z"
"IL","Illinois","0a900d2f-8619-4aa9-ad82-ca0424804a52","Richard Joseph Reid","-88.149121","41.725836","dentist","","523 W 87th St","Naperville","60565","IL","US","(630) 983-9877","","http://www.smilesofchicago.com","","","0.9199122190475464","open","4","Foursquare | Overture | Overture-signals","Apache-2.0 | CDLA-Permissive-2.0","2025-08-22T00:00:00.000 | 2026-06-11T11:57:15Z | 2026-05-12T00:29:08Z | 2026-05-18T13:23:54Z | 2026-05-25T13:08:59Z | 2026-06-01T13:20:32Z | 2026-06-08T13:20:12Z"
"IL","Illinois","0a97c50b-0833-40f1-819d-c4168dfa4f89","Michael P. Ryan DDS & Associates","-87.7930735094584","41.5809845035688","dentist","","17061 Harlem Ave","Tinley Park","60477","IL","US","(708) 429-9797","","http://dentalcaretinleypark.com","","","0.77","","6","Foursquare | Overture","Apache-2.0 | CDLA-Permissive-2.0","2025-10-03T00:00:00.000 | 2026-06-11T11:57:15Z"
"IL","Illinois","0aa26afa-37cd-4fd4-bb5a-4ce19e224644","Dr. Simona Cheskis","-87.97624257","42.2409814","dentist","medical_service_organizations | naturopathic_holistic","830 West End Ct","Vernon Hills","60061-1333","IL","US","+18479497305","iraspirodds@gmail.com","http://Iragspirodds.com/","https://www.facebook.com/2413828935511228","","0.9199122190475464","open","6","meta | Overture | Overture-signals","CDLA-Permissive-2.0","2026-04-27T00:00:00.000Z | 2026-06-11T11:57:15Z | 2026-05-12T00:29:08Z | 2026-05-18T13:23:54Z | 2026-05-25T13:08:59Z | 2026-06-01T13:20:32Z | 2026-06-08T13:20:12Z"
"IL","Illinois","0aacbcfa-bee9-4f79-a33c-060e262897a4","South Holland Dentistry","-87.59932783","41.60033486","dentist","general_dentistry | cosmetic_dentist","705 E 162nd St","South Holland","60473-2377","IL","US","+17085894473","social@southhollanddentistry.com","http://www.southhollanddentistry.com/","https://www.facebook.com/334518550031855","","0.9199122190475464","open","9","meta | Overture | Overture-signals","CDLA-Permissive-2.0","2026-04-27T00:00:00.000Z | 2026-06-11T11:57:15Z | 2026-05-12T00:29:08Z | 2026-05-18T13:23:54Z | 2026-05-25T13:08:59Z | 2026-06-01T13:20:32Z | 2026-06-08T13:20:12Z"
"IL","Illinois","0aaf7a9f-3c23-42bd-b42b-8008f0ec7fa9","Brush & Floss","-88.07873659","42.02692612","dentist","cosmetic_dentist | general_dentistry","17 E Schaumburg Rd","Schaumburg","60194-3545","IL","US","+18475347000","","http://www.invisalignme.com/","https://www.facebook.com/315498095184111","","0.9199122190475464","open","2","meta | Overture | Overture-signals","CDLA-Permissive-2.0","2026-04-27T00:00:00.000Z | 2026-06-11T11:57:15Z | 2026-05-25T13:08:59Z | 2026-06-01T13:20:32Z | 2026-06-08T13:20:12Z"
"IL","Illinois","0ad2bc63-bd13-45fe-a224-c8bb52a8a46d","Universal Dental of Albany Park","-87.7274818","41.96230595","dentist","general_dentistry","4445 N Pulaski Rd","Chicago","60630-4400","IL","US","+17739618555","albanypark@udclinics.com","http://www.udclinics.com/about-us","https://www.facebook.com/1575487412775584","Park Dental","0.9902192950248718","open","8","meta | Overture | Overture-signals","CDLA-Permissive-2.0","2026-04-27T00:00:00.000Z | 2026-06-11T11:57:15Z | 2026-05-12T00:29:08Z | 2026-05-18T13:23:54Z | 2026-05-25T13:08:59Z | 2026-06-01T13:20:32Z | 2026-06-08T13:20:12Z"
"IL","Illinois","0ae28e3c-c853-489b-8271-8a2d33108d3e","Taylor Oliver DDS","-87.60311129","41.73675575","dentist","general_dentistry | cosmetic_dentist","840 E 87th St","Chicago","60619-5627","IL","US","+17738734800","","","https://www.facebook.com/964928216915677","","0.9199122190475464","open","6","meta | Overture | Overture-signals","CDLA-Permissive-2.0","2026-04-27T00:00:00.000Z | 2026-06-11T11:57:15Z | 2026-05-12T00:29:08Z | 2026-05-18T13:23:54Z | 2026-05-25T13:08:59Z | 2026-06-01T13:20:32Z | 2026-06-08T13:20:12Z"
"IL","Illinois","0b1a8735-db1a-485f-aa3d-28a15d3e3c31","Dental Care of South Elgin","-88.34148933","41.98585327","dentist","general_dentistry | medical_service_organizations","342 Randall Rd","South Elgin","60177-2261","IL","US","+16303395248","dcsouthelgin@mydentalmail.com","https://dentalcareofsouthelgin.com/","https://www.facebook.com/754234437974235","Dental Health Society online","0.9998606548607349","","9","meta | Overture","CDLA-Permissive-2.0","2026-04-27T00:00:00.000Z | 2026-06-11T11:57:15Z"
"IL","Illinois","0b2d1fba-c759-4305-a3db-bcc91bb57713","Liberty Dental Inc.","-90.0654713","40.2962409","dentist","health_and_medical","412 S Schrader Ave","Havana","62644","IL","US","3095436301","","https://www.yelp.com/biz/blakely-aaron-dds-havana","","","0.9199122190475464","open","6","Microsoft | Overture | Overture-signals","CDLA-Permissive-2.0","2024-10-25T14:09:04.597Z | 2026-06-11T11:57:15Z | 2026-05-12T00:29:08Z | 2026-05-18T13:23:54Z | 2026-05-25T13:08:59Z | 2026-06-01T13:20:32Z | 2026-06-08T13:20:12Z"
"IL","Illinois","0b8d3b64-1b2e-4192-b03f-e33acbbd991f","Dr. William Shold DDS","-88.998947","42.300785","dentist","health_and_medical | hospital","6050 Brynwood Dr","Rockford","61114-6579","IL","US","+18158777780","","http://www.shold-dentistry.com/about.html","https://www.facebook.com/134789416571841","","0.7858064770698547","","8","meta | Overture","CDLA-Permissive-2.0","2026-04-27T00:00:00.000Z | 2026-06-11T11:57:15Z"
"IL","Illinois","0b95b186-4905-4691-a6e6-274791890622","Younger Danny DDS","-90.20649008","38.92743922","dentist","general_dentistry | medical_service_organizations","1318 D'Adrian Professional Park","Godfrey","62035-1685","IL","US","+16184669050","","https://drdannyyounger.com/about","https://www.facebook.com/147788111933011","","0.9965089446306229","","8","meta | Overture","CDLA-Permissive-2.0","2026-04-27T00:00:00.000Z | 2026-06-11T11:57:15Z"
"IL","Illinois","0baba01f-50fa-4c63-895b-7b963d229ba0","Integrative Dental Health ","-88.3147","41.99403","dentist","","87 S McLean Blvd","South Elgin","60177-1835","IL","US","+18478888311","info@artisticsmiledoctor.com","http://www.idh4u.com/","https://www.facebook.com/110726775446188","","0.9722161889076233","","9","meta | Overture","CDLA-Permissive-2.0","2026-04-27T00:00:00.000Z | 2026-06-11T11:57:15Z"
"IL","Illinois","0bbfddfe-b8d9-4d25-a81e-beee8dc65edd","Bannockburn Dental Group","-87.8594324","42.19803128","dentist","general_dentistry | health_and_medical","2525 Waukegan Rd","Bannockburn","60015","IL","US","+18479485988","bannockdental@yahoo.com","http://www.bannockburndentalgroup.com/","https://www.facebook.com/122793171095999","","0.9199122190475464","open","8","meta | Overture | Overture-signals","CDLA-Permissive-2.0","2026-04-27T00:00:00.000Z | 2026-06-11T11:57:15Z | 2026-05-12T00:29:08Z | 2026-05-18T13:23:54Z | 2026-05-25T13:08:59Z | 2026-06-01T13:20:32Z | 2026-06-08T13:20:12Z"
"IL","Illinois","0bd4b5f5-7cd3-467f-8412-214d398bef87","Dr. George N. Grabavoy","-88.12498292","41.5423687","dentist","general_dentistry | medical_service_organizations","1106 N Larkin Ave","Joliet","60435-3417","IL","US","+18157444503","","","https://www.facebook.com/126675820718891","","0.9199122190475464","open","7","meta | Overture | Overture-signals","CDLA-Permissive-2.0","2026-04-27T00:00:00.000Z | 2026-06-11T11:57:15Z | 2026-05-12T00:29:08Z | 2026-05-18T13:23:54Z | 2026-05-25T13:08:59Z | 2026-06-01T13:20:32Z | 2026-06-08T13:20:12Z"
"IL","Illinois","0bd766b7-d078-4beb-a4bc-887e47a43b28","A Plus Dental","-87.85062926","41.51803696","dentist","general_dentistry | health_and_medical","20500 La Grange Rd","Frankfort","60423-1356","IL","US","+18154647587","aplusdental@sbcglobal.net","http://aplusdentalpc.com/","https://www.facebook.com/399435340131432","","0.9835067987442017","","10","meta | Overture","CDLA-Permissive-2.0","2026-04-27T00:00:00.000Z | 2026-06-11T11:57:15Z"
"IL","Illinois","0bdac4fc-c707-4968-b119-59303992797e","Sexson, Daniels & Theisen Orthodontics","-89.0121468783748","42.4218190844711","dentist","","5314 Williams Dr","Roscoe","61073","IL","US","(815) 623-2525","","http://www.drdanielsdrtheisen.com","","","0.77","","5","Foursquare | Overture","Apache-2.0 | CDLA-Permissive-2.0","2025-05-29T00:00:00.000 | 2026-06-11T11:57:15Z"
"IL","Illinois","0bfc290e-bc5c-476d-ae56-c91259bd96c1","New Millennium Smiles","-88.07409887","41.52802216","dentist","general_dentistry | cosmetic_dentist","323 E Cass St","Joliet","60432-2814","IL","US","+18157221444","millennium.smiles@yahoo.com","http://newmillenniumsmiles.com/","https://www.facebook.com/1446661032257878","","0.9199122190475464","open","8","meta | Overture | Overture-signals","CDLA-Permissive-2.0","2026-04-27T00:00:00.000Z | 2026-06-11T11:57:15Z | 2026-05-12T00:29:08Z | 2026-05-18T13:23:54Z | 2026-05-25T13:08:59Z | 2026-06-01T13:20:32Z | 2026-06-08T13:20:12Z"
"IL","Illinois","0c0c4ebb-c588-46bc-97da-40b4c4a09b5d","Apple Dental Center","-89.3638168","40.14918463","dentist","health_and_medical","514 Pekin St","Lincoln","62656-2070","IL","US","+12177354393","gurga.dentist@gmail.com","http://www.appledental-lincoln.com/","https://www.facebook.com/172831532751036","Apple Dental Center","0.9199122190475464","open","8","meta | Overture | Overture-signals","CDLA-Permissive-2.0","2026-04-27T00:00:00.000Z | 2026-06-11T11:57:15Z | 2026-05-12T00:29:08Z | 2026-05-18T13:23:54Z | 2026-05-25T13:08:59Z | 2026-06-01T13:20:32Z | 2026-06-08T13:20:12Z"
"IL","Illinois","0c3a7946-1ba0-496c-98d7-d1ebd0cca51c","MINT dentistry | Waukegan","-87.8669381","42.3593774","dentist","health_and_medical","2626 Washington St","Waukegan","60085","IL","US","8474104990","","https://waukegan.mintdentistry.com/mint-waukegan-il?utm_source=GoogleMaps&utm_medium=localsearch&utm_campaign=DL","","","0.9199122190475464","open","6","Microsoft | Overture | Overture-signals","CDLA-Permissive-2.0","2025-09-07T02:13:50.967Z | 2026-06-11T11:57:15Z | 2026-05-12T00:29:08Z | 2026-05-18T13:23:54Z | 2026-05-25T13:08:59Z | 2026-06-01T13:20:32Z | 2026-06-08T13:20:12Z"
"IL","Illinois","0c4d540b-765d-429c-a955-dc0624ad5b9d","Dr Sunita Sahu","-87.70832273","41.95379753","dentist","general_dentistry | cosmetic_dentist","3205 W Irving Park Rd","Chicago","60618-3301","IL","US","+18669926348","","","https://www.facebook.com/509699692514357","","0.9199122190475464","open","7","meta | Overture | Overture-signals","CDLA-Permissive-2.0","2026-04-27T00:00:00.000Z | 2026-06-11T11:57:15Z | 2026-05-12T00:29:08Z | 2026-05-18T13:23:54Z | 2026-05-25T13:08:59Z | 2026-06-01T13:20:32Z | 2026-06-08T13:20:12Z"
"IL","Illinois","0c557906-2318-48ef-b8d6-7c834e39fd26","Dr Rebecca Thibaudeau, DDS","-87.9733694947573","42.2812653872584","dentist","","110 N Butterfield Rd","Libertyville","60048","IL","US","(847) 247-6453","rebecca.lehman.dds@gmail.com","http://www.jameslehmandds.com","","","0.77","","5","Foursquare | Overture","Apache-2.0 | CDLA-Permissive-2.0","2025-08-19T00:00:00.000 | 2026-06-11T11:57:15Z"
"IL","Illinois","0c5c341d-2029-40b4-bd80-c74dec2fd4a1","The Heights Dental Gallery","-87.98471184","42.08368867","dentist","general_dentistry | medical_service_organizations","121 W Wing St","Arlington Heights","60005-1433","IL","US","+18472553185","info@theheightsdentalgallery.com","http://www.theheightsdentalgallery.com/","https://www.facebook.com/285442341487384","","0.9199122190475464","open","9","meta | Overture | Overture-signals","CDLA-Permissive-2.0","2026-04-27T00:00:00.000Z | 2026-06-11T11:57:15Z | 2026-05-12T00:29:08Z | 2026-05-18T13:23:54Z | 2026-05-25T13:08:59Z | 2026-06-01T13:20:32Z | 2026-06-08T13:20:12Z"
"IL","Illinois","0c60d4ad-2054-460d-8d97-5124bfb5b9cc","Freeport Dental","-89.65388638","42.28827507","dentist","general_dentistry","1717 W Church St","Freeport","61032-4695","IL","US","+18152339777","","https://freeportdental.net/","https://www.facebook.com/101017858935937","Freeport Dental","0.9199122190475464","open","9","meta | Overture | Overture-signals","CDLA-Permissive-2.0","2026-04-27T00:00:00.000Z | 2026-06-11T11:57:15Z | 2026-05-12T00:29:08Z | 2026-05-18T13:23:54Z | 2026-05-25T13:08:59Z | 2026-06-01T13:20:32Z | 2026-06-08T13:20:12Z"
"IL","Illinois","0c631caa-481d-492c-b807-eddbfc76b573","Franklin Park Dental","-87.87012988","41.93656881","dentist","general_dentistry | cosmetic_dentist","9767 Franklin Ave","Franklin Park","60131-1753","IL","US","+18474556663","pietrini@megsinet.net","http://www.franklinparkdental.com/","https://www.facebook.com/572447279490581","","0.9199122190475464","open","9","meta | Overture | Overture-signals","CDLA-Permissive-2.0","2026-04-27T00:00:00.000Z | 2026-06-11T11:57:15Z | 2026-05-12T00:29:08Z | 2026-05-18T13:23:54Z | 2026-05-25T13:08:59Z | 2026-06-01T13:20:32Z | 2026-06-08T13:20:12Z"
"IL","Illinois","0c64a1a6-2b27-4631-82dc-820568e488cc","LP Family Dental","-89.13192537","41.32766655","dentist","general_dentistry | medical_service_organizations","2001 4th St","Peru","61354-3208","IL","US","+18152230171","patient@lpfamilydental.com","http://lpfamilydental.com/","https://www.facebook.com/125368987527421","","0.9940260648727417","","9","meta | Overture","CDLA-Permissive-2.0","2026-04-27T00:00:00.000Z | 2026-06-11T11:57:15Z"
"IL","Illinois","0c70514a-5ef7-47ca-b8ed-ae5d979bacc8","Right Choice Dental Care","-88.18809299","41.7641545","dentist","general_dentistry","2048 Aurora Ave","Naperville","60540-1002","IL","US","+16304258000","contact@rightchoicedentalcare.com","https://www.rightchoicedentalcare.com/","https://www.facebook.com/424444307979986","","0.9199122190475464","open","8","meta | Overture | Overture-signals","CDLA-Permissive-2.0","2026-04-27T00:00:00.000Z | 2026-06-11T11:57:15Z | 2026-05-12T00:29:08Z | 2026-05-18T13:23:54Z | 2026-05-25T13:08:59Z | 2026-06-01T13:20:32Z | 2026-06-08T13:20:12Z"
"IL","Illinois","0c7401f5-1edb-4a5d-b12f-a45091ea9757","Dr. Jones Orthodontics","-87.653615131539","41.9338402632423","dentist","","2835 N Sheffield Ave Ste 405","Chicago","60657","IL","US","(773) 295-0626","scheduling@orthojones.com","https://www.orthojones.com","https://www.facebook.com/544438875759355","","0.9199122190475464","open","4","Foursquare | Overture | Overture-signals","Apache-2.0 | CDLA-Permissive-2.0","2021-08-12T00:00:00.000 | 2026-06-11T11:57:15Z | 2026-05-12T00:29:08Z | 2026-05-18T13:23:54Z | 2026-05-25T13:08:59Z | 2026-06-01T13:20:32Z | 2026-06-08T13:20:12Z"
"IL","Illinois","0c7caf65-a8ea-490d-a530-bfe9fbafc326","White Oak Family Dental","-88.01318681","41.79602763","dentist","general_dentistry","1121 Warren Ave","Downers Grove","60515-3570","IL","US","+16306630554","info@whiteoakfamilysmiles.com","http://www.whiteoakfamilysmiles.com/","https://www.facebook.com/108494682337464","","0.9199122190475464","open","8","meta | Overture | Overture-signals","CDLA-Permissive-2.0","2026-04-27T00:00:00.000Z | 2026-06-11T11:57:15Z | 2026-05-12T00:29:08Z | 2026-05-18T13:23:54Z | 2026-05-25T13:08:59Z | 2026-06-01T13:20:32Z | 2026-06-08T13:20:12Z"
"IL","Illinois","0c8a5e35-5e08-45f1-b842-e1c2f6ef668c","Dr. Tom Trikolas","-87.77770521","41.71947259","dentist","health_and_medical | medical_service_organizations","6305 W 95th St","Oak Lawn","60453-2255","IL","US","+17084233444","","https://trikolas-tom-dds.hub.biz/","https://www.facebook.com/104403776292655","","0.9199122190475464","open","6","meta | Overture | Overture-signals","CDLA-Permissive-2.0","2026-04-27T00:00:00.000Z | 2026-06-11T11:57:15Z | 2026-05-12T00:29:08Z | 2026-05-18T13:23:54Z | 2026-05-25T13:08:59Z | 2026-06-01T13:20:32Z | 2026-06-08T13:20:12Z"
"IL","Illinois","0c99bc6d-7b40-4de1-a7c8-dfc2b93409f0","Dr John Dentist","-87.6754364","41.852266875","dentist","","1922 W Cermak Rd","Chicago","60608-7127","IL","US","","","","https://www.facebook.com/179025292238005","","0.7309626936912537","","8","meta | Overture","CDLA-Permissive-2.0","2026-04-27T00:00:00.000Z | 2026-06-11T11:57:15Z"
"IL","Illinois","0c9d1361-4595-4d01-b989-3674237be0a8","Roggi Joseph L DDS","-87.782305","41.974708","dentist","general_dentistry | medical_service_organizations","6150 W Higgins Ave","Chicago","60630-1845","IL","US","+17735940655","","http://roggijosephldds.placeweb.site","https://www.facebook.com/154544391251342","","0.9199122190475464","open","7","meta | Overture | Overture-signals","CDLA-Permissive-2.0","2026-04-27T00:00:00.000Z | 2026-06-11T11:57:15Z | 2026-05-12T00:29:08Z | 2026-05-18T13:23:54Z | 2026-05-25T13:08:59Z | 2026-06-01T13:20:32Z | 2026-06-08T13:20:12Z"
"IL","Illinois","0cb0fcae-9f01-4498-91b3-737eaf0716f6","Baptist Family Dental","-87.76519638","41.69084638","dentist","general_dentistry | cosmetic_dentist","5850 W 111th St","Chicago Ridge","60415-2220","IL","US","+17732331249","","http://www.BaptistFamilyDental.com/","https://www.facebook.com/163269998642","1st Family Dental","0.9902192950248718","open","9","meta | Overture | Overture-signals","CDLA-Permissive-2.0","2026-04-27T00:00:00.000Z | 2026-06-11T11:57:15Z | 2026-05-12T00:29:08Z | 2026-05-18T13:23:54Z | 2026-05-25T13:08:59Z | 2026-06-01T13:20:32Z | 2026-06-08T13:20:12Z"
"IL","Illinois","0cb4505a-8160-4527-9205-a1fae6598d99","North Pointe Dental Care","-88.12744407","41.80369892","dentist","general_dentistry | health_and_medical","1811 Freedom Dr","Naperville","60563-5702","IL","US","+16302450200","contactus@northpointedentist.com","http://northpointedentist.com/","https://www.facebook.com/466423073409598","","0.9998382796049118","","9","meta | Overture","CDLA-Permissive-2.0","2026-04-27T00:00:00.000Z | 2026-06-11T11:57:15Z"
"IL","Illinois","0cc7ca4e-ab5f-42b2-9599-fd143ca62341","Hite Family Dentistry","-89.9782","38.79947","dentist","health_and_medical","1427 Lewis Rd","Edwardsville","62025","IL","US","6186569123","","https://www.hitefamilydentistry.com/","","","0.85","","7","Microsoft | Overture","CDLA-Permissive-2.0","2025-10-04T13:37:36.120Z | 2026-06-11T11:57:15Z"
"IL","Illinois","0cff90e1-dd3f-42bf-9302-0953ca173d93","Dental Group of Evergreen Park","-87.72102012","41.71407027","dentist","general_dentistry | cosmetic_dentist","9825 S Pulaski Rd","Evergreen Park","60805-3385","IL","US","+17085787124","info@dgoevergreenpark.com","https://www.localmed.com/widgets/14e08e32-41d5-49e5-bda8-6a09aec9bef5/","https://www.facebook.com/108301498181539","","0.9902192950248718","open","9","meta | Overture | Overture-signals","CDLA-Permissive-2.0","2026-04-27T00:00:00.000Z | 2026-06-11T11:57:15Z | 2026-05-12T00:29:08Z | 2026-05-18T13:23:54Z | 2026-05-25T13:08:59Z | 2026-06-01T13:20:32Z | 2026-06-08T13:20:12Z"
"IL","Illinois","0d4333f1-16d1-42ed-bbe4-b0bfb3941c59","Caring Smile Dental","-88.07307691","41.78381617","dentist","general_dentistry","5603 Main St","Lisle","60532-2609","IL","US","+16302974002","contactus@dmbdental.com","http://www.caringsmiledental.com/","https://www.facebook.com/158847127459459","","0.8498367667198181","","3","meta | Overture","CDLA-Permissive-2.0","2026-04-27T00:00:00.000Z | 2026-06-11T11:57:15Z"
"IL","Illinois","0d443b80-2f0e-4b29-a767-263c6e50d0b6","32 Family Dental","-89.00176996","42.26851232","dentist","general_dentistry","5876 E State St","Rockford","61108-2428","IL","US","+18159011044","","https://32familydental.com/","https://www.facebook.com/388124591053384","","0.9902192950248718","open","2","meta | Overture | Overture-signals","CDLA-Permissive-2.0","2026-04-27T00:00:00.000Z | 2026-06-11T11:57:15Z | 2026-05-25T13:08:59Z | 2026-06-01T13:20:32Z | 2026-06-08T13:20:12Z"
"IL","Illinois","0d4491fb-a25e-489d-8239-2b1dd44fdc25","Los Andes Dentistas","-88.31463298","41.75348183","dentist","general_dentistry | doctor","205 Clark St","Aurora","60505-4240","IL","US","+16302648042","","http://Losandesdentista.com/","https://www.facebook.com/1000755110015601","","0.9199122190475464","open","7","meta | Overture | Overture-signals","CDLA-Permissive-2.0","2026-04-27T00:00:00.000Z | 2026-06-11T11:57:15Z | 2026-05-12T00:29:08Z | 2026-05-18T13:23:54Z | 2026-05-25T13:08:59Z | 2026-06-01T13:20:32Z | 2026-06-08T13:20:12Z"
"IL","Illinois","0d453c6d-313e-433e-8f30-0605291033bd","United Dental Partners","-87.98011","42.08482","dentist","pediatric_dentist | oral_surgeon","201 N Arlington Heights Rd","Arlington Heights","60004-6059","IL","US","+18473795349","","https://www.ahsmilesforkids.com/","https://www.facebook.com/222518058656997","United Dental Partners","0.7968711256980896","","10","meta | Overture","CDLA-Permissive-2.0","2026-04-27T00:00:00.000Z | 2026-06-11T11:57:15Z"
"IL","Illinois","0d58455b-ef8e-4625-98e7-89d8d739ea0f","Familia Dental","-88.0299027576027","42.0659520029832","dentist","health_and_medical","2050 East Alonquin Rd., Suite 610","Schaumburg","60173","IL","US","8889884066","","http://familiadental.com/","","","0.9655","","7","Microsoft | Overture","CDLA-Permissive-2.0","2025-04-09T07:49:09.613Z | 2026-06-11T11:57:15Z"
"IL","Illinois","0d648499-ef04-4a9b-8b68-61690ef34160","Palos Heights Family Dental","-87.77981919","41.66143022","dentist","general_dentistry","6446 W 127th St","Palos Heights","60463-2248","IL","US","+17084487588","palosheights@uspdental.com","https://www.palosheightsfamilydental.com/","https://www.facebook.com/1519660588250790","","0.9199122190475464","open","10","meta | Overture | Overture-signals","CDLA-Permissive-2.0","2026-04-27T00:00:00.000Z | 2026-06-11T11:57:15Z | 2026-05-12T00:29:08Z | 2026-05-18T13:23:54Z | 2026-05-25T13:08:59Z | 2026-06-01T13:20:32Z | 2026-06-08T13:20:12Z"
"IL","Illinois","0d658c8b-09c6-413f-ab2c-5575967b7bbc","Headache Center of Chicago","-87.9928","41.7767","dentist","doctor | health_and_medical","6317 Fairview Ave Unit 3","Westmont","60559","IL","US","6308526666","","","","","0.9199122190475464","open","6","Microsoft | Overture | Overture-signals","CDLA-Permissive-2.0","2025-07-24T22:35:37.217Z | 2026-06-11T11:57:15Z | 2026-05-12T00:29:08Z | 2026-05-18T13:23:54Z | 2026-05-25T13:08:59Z | 2026-06-01T13:20:32Z | 2026-06-08T13:20:12Z"
"IL","Illinois","0d9eaefb-1bed-4e13-8a09-56ca5f30e8ab","Dr. Robert N Marley","-88.4864074005029","38.6693859117309","dentist","","121 W 2nd St","Flora","62839","IL","US","(618) 662-4151","drmarley1@hotmail.com","http://www.dentistflora.com","","","0.77","","5","Foursquare | Overture","Apache-2.0 | CDLA-Permissive-2.0","2025-08-22T00:00:00.000 | 2026-06-11T11:57:15Z"
"IL","Illinois","0da69ac6-0175-4663-a4c1-567070b4f515","Aspen Dental - Glen Carbon","-89.9532918690097","38.778259514501","dentist","","3024 S State Route 159","Glen-Carbon","62034","IL","US","(618) 205-6119","","https://www.aspendental.com/dentist/il/glen-carbon/3024-s-state-route-159","","","0.77","","5","Foursquare | Overture","Apache-2.0 | CDLA-Permissive-2.0","2025-08-22T00:00:00.000 | 2026-06-11T11:57:15Z"
"IL","Illinois","0dab1840-1ae3-469c-89c8-9792da2ca730","Prime Dental Specialists: Samantha Chou","-87.8246216319588","42.102523043288","dentist","","2638 Patriot Blvd Ste 100","Glenview","60026","IL","US","(847) 748-0061","","https://www.primedentalpros.com","https://www.facebook.com/421698741729454","","0.77","","5","Foursquare | Overture","Apache-2.0 | CDLA-Permissive-2.0","2025-06-07T00:00:00.000 | 2026-06-11T11:57:15Z"
"IL","Illinois","0dae12ff-a5d0-48e3-85b2-8e6f29d645c6","Russ Proesel DDS","-88.87378139","39.77279903","dentist","general_dentistry | doctor","420 Broadway","Mt Zion","62549-1551","IL","US","+12178645744","mtziondentist@gmail.com","http://mtziondentist.com/","https://www.facebook.com/206449969730518","","0.9199122190475464","open","7","meta | Overture | Overture-signals","CDLA-Permissive-2.0","2026-04-27T00:00:00.000Z | 2026-06-11T11:57:15Z | 2026-05-12T00:29:08Z | 2026-05-18T13:23:54Z | 2026-05-25T13:08:59Z | 2026-06-01T13:20:32Z | 2026-06-08T13:20:12Z"
"IL","Illinois","0dbee4de-ea54-44e3-80e8-733e7d2da029","Makowski Joseph R DDS","-87.7978218586368","41.9789998414314","dentist","","6801 W Higgins Ave","Chicago","60656","IL","US","(773) 763-8490","","http://gggdds.com","","","0.9199122190475464","open","4","Foursquare | Overture | Overture-signals","Apache-2.0 | CDLA-Permissive-2.0","2025-04-07T00:00:00.000 | 2026-06-11T11:57:15Z | 2026-05-12T00:29:08Z | 2026-05-18T13:23:54Z | 2026-05-25T13:08:59Z | 2026-06-01T13:20:32Z | 2026-06-08T13:20:12Z"
"IL","Illinois","0dd1267e-6dd7-4bba-957c-e2793c919679","Eric Berla DMD","-90.1469418691758","38.3346003813049","dentist","","303 E 4th St","Waterloo","62298","IL","US","(618) 939-7676","","http://www.ericberladmd.com","https://www.facebook.com/122846791105607","","0.9199122190475464","open","7","Foursquare | Overture | Overture-signals","Apache-2.0 | CDLA-Permissive-2.0","2025-08-19T00:00:00.000 | 2026-06-11T11:57:15Z | 2026-05-12T00:29:08Z | 2026-05-18T13:23:54Z | 2026-05-25T13:08:59Z | 2026-06-01T13:20:32Z | 2026-06-08T13:20:12Z"
"IL","Illinois","0de15033-230b-4a9a-8360-d3c10325915b","Michael Roessler D.D.S.","-87.9964292","42.27094349","dentist","general_dentistry | medical_service_organizations","444 N Prospect Ave","Mundelein","60060-1963","IL","US","+18475669330","drmichaelr59@aol.com","https://www.findatopdoc.com/doctor/8128549-Michael-Roessler-Mundelein-Illinois-60060","https://www.facebook.com/498052186988023","Michael Roessler, DDS | Mundelein, Illinois | (847) 566-9330","0.9199122190475464","open","8","meta | Overture | Overture-signals","CDLA-Permissive-2.0","2026-04-27T00:00:00.000Z | 2026-06-11T11:57:15Z | 2026-05-12T00:29:08Z | 2026-05-18T13:23:54Z | 2026-05-25T13:08:59Z | 2026-06-01T13:20:32Z | 2026-06-08T13:20:12Z"
"IL","Illinois","0de384ba-4594-4aff-badf-f07cd4e74fb4","Lauren A Weitz, DDS","-88.2084006901151","41.9508558601874","dentist","","1118 W Schick Rd","Bartlett","60103","IL","US","(630) 372-1700","info@laurentweitzdds.com","http://www.laurenweitzdds.com","https://www.facebook.com/486365438111578","","0.9199122190475464","open","4","Foursquare | Overture | Overture-signals","Apache-2.0 | CDLA-Permissive-2.0","2021-01-18T00:00:00.000 | 2026-06-11T11:57:15Z | 2026-05-12T00:29:08Z | 2026-05-18T13:23:54Z | 2026-05-25T13:08:59Z | 2026-06-01T13:20:32Z | 2026-06-08T13:20:12Z"
"IL","Illinois","0e0da1a1-0d64-44f7-9625-b276f8eed33c","Glen Periodontics & Implant Dentistry","-87.8242734759931","42.1029668496202","dentist","","2640 Patriot Blvd Ste 140","Glenview","60026","IL","US","(847) 962-3188","info@glenperio.com","","https://www.facebook.com/153779881398347","","0.77","","5","Foursquare | Overture","Apache-2.0 | CDLA-Permissive-2.0","2025-09-25T00:00:00.000 | 2026-06-11T11:57:15Z"
"IL","Illinois","0e29a48a-9686-4c25-a33a-0a6f42343a43","Elk Grove Dental Care","-88.00820778","42.00460668","dentist","general_dentistry | medical_service_organizations","146 Biesterfield Rd","Elk Grove Village","60007-3657","IL","US","+18474376500","jacy.egdental@sbcglobal.net","http://www.dentistil.com/","https://www.facebook.com/152483604793450","","0.9902192950248718","open","8","meta | Overture | Overture-signals","CDLA-Permissive-2.0","2026-04-27T00:00:00.000Z | 2026-06-11T11:57:15Z | 2026-05-12T00:29:08Z | 2026-05-18T13:23:54Z | 2026-05-25T13:08:59Z | 2026-06-01T13:20:32Z | 2026-06-08T13:20:12Z"
"IL","Illinois","0e316136-ad3d-4254-99e6-9d0ff2be867f","Dr. James Wasilewski","-88.12611572","42.15034904","dentist","doctor","618 S Northwest Hwy","Barrington","60010-4618","IL","US","+18477722655","","http://dentist-law.com/","https://www.facebook.com/1435843969962445","","0.9199122190475464","open","6","meta | Overture | Overture-signals","CDLA-Permissive-2.0","2026-04-27T00:00:00.000Z | 2026-06-11T11:57:15Z | 2026-05-12T00:29:08Z | 2026-05-18T13:23:54Z | 2026-05-25T13:08:59Z | 2026-06-01T13:20:32Z | 2026-06-08T13:20:12Z"
"IL","Illinois","0e463a08-a88d-4f81-9c36-278e0d945214","Dupage Dental Group","-88.1541248734194","41.7891945707599","dentist","","1250 N Mill St #105","Naperville","60563","IL","US","(630) 355-7400","","https://www.ddentalgroup.com","https://www.facebook.com/790295084443964","","0.77","","5","Foursquare | Overture","Apache-2.0 | CDLA-Permissive-2.0","2022-01-20T00:00:00.000 | 2026-06-11T11:57:15Z"
"IL","Illinois","0e4f6b54-7072-460d-a789-4b4e5c78699a","Village Smiles","-88.04645811","42.00612981","dentist","general_dentistry | cosmetic_dentist","640 Meacham Rd","Elk Grove Village","60007-3003","IL","US","+18479855552","office@village-smiles.com","https://www.village-smiles.com/?utm_source=generic&utm_medium=profiles&utm_campaign=local_profiles","https://www.facebook.com/375231479221594","Village Smiles","0.9902192950248718","open","8","meta | Overture | Overture-signals","CDLA-Permissive-2.0","2026-04-27T00:00:00.000Z | 2026-06-11T11:57:15Z | 2026-05-12T00:29:08Z | 2026-05-18T13:23:54Z | 2026-05-25T13:08:59Z | 2026-06-01T13:20:32Z | 2026-06-08T13:20:12Z"
"IL","Illinois","0e66a50d-064f-4c52-bc83-b1a13f9d508a","Complete Comfort Dental","-88.26641725","41.41951228","dentist","general_dentistry | cosmetic_dentist","25445 S Pheasant Ln","Channahon","60410-8838","IL","US","+18153846761","info@completecomfortdental.com","https://completecomfortdental.com/?y_source=1_MTA5OTQ5MzYtNTU5LWxvY2F0aW9uLndlYnNpdGU%3D","https://www.facebook.com/413400405361640","Complete Comfort Dental","0.9199122190475464","open","8","meta | Overture | Overture-signals","CDLA-Permissive-2.0","2026-04-27T00:00:00.000Z | 2026-06-11T11:57:15Z | 2026-05-12T00:29:08Z | 2026-05-18T13:23:54Z | 2026-05-25T13:08:59Z | 2026-06-01T13:20:32Z | 2026-06-08T13:20:12Z"
"IL","Illinois","0e91114e-6ef3-4bdd-b94a-a6b38ecaa792","Grace Dental","-87.73410822","41.96828389","dentist","orthodontist","4224 W Lawrence Ave","Chicago","60630-2729","IL","US","+17735452881","appointments@gracedentalchicago.com","http://www.gracedentalchicago.com/","https://www.facebook.com/233414706740644","","0.9902192950248718","open","9","meta | Overture | Overture-signals","CDLA-Permissive-2.0","2026-04-27T00:00:00.000Z | 2026-06-11T11:57:15Z | 2026-05-12T00:29:08Z | 2026-05-18T13:23:54Z | 2026-05-25T13:08:59Z | 2026-06-01T13:20:32Z | 2026-06-08T13:20:12Z"
"IL","Illinois","0eadebd2-66e2-4f9b-b456-31db1e9f8da5","Bedwell Joy E DDS","-89.95592728","38.81164005","dentist","health_and_medical | childrens_clothing_store","110 N Main St","Edwardsville","62025-1902","IL","US","+16186565644","drbedwell1@hotmail.com","","https://www.facebook.com/163379110356212","","0.9199122190475464","open","8","meta | Overture | Overture-signals","CDLA-Permissive-2.0","2026-04-27T00:00:00.000Z | 2026-06-11T11:57:15Z | 2026-05-12T00:29:08Z | 2026-05-18T13:23:54Z | 2026-05-25T13:08:59Z | 2026-06-01T13:20:32Z | 2026-06-08T13:20:12Z"
"IL","Illinois","0ed402a4-c423-4c8d-aa64-4a7e00292abc","Apple Dental Care","-87.69072649","41.91873051","dentist","general_dentistry | health_and_medical","2062 N Milwaukee Ave","Chicago","60647-7448","IL","US","+17733843500","appledental@appledentalcare.org","http://www.appledentalcare.org/","https://www.facebook.com/164372493741983","Apple Dental Care Pediatric Dentistry and Orthodontics","0.9902192950248718","open","10","meta | Overture | Overture-signals","CDLA-Permissive-2.0","2026-04-27T00:00:00.000Z | 2026-06-11T11:57:15Z | 2026-05-12T00:29:08Z | 2026-05-18T13:23:54Z | 2026-05-25T13:08:59Z | 2026-06-01T13:20:32Z | 2026-06-08T13:20:12Z"
"IL","Illinois","0ed789c6-c41c-43ac-9b71-9b77f2723227","Princeton Dental Care Ltd","-89.45859605","41.37160915","dentist","general_dentistry | cosmetic_dentist","440 E Peru St","Princeton","61356-2199","IL","US","+18158795273","princetondentalcare1@gmail.com","http://www.princetondentalcareltd.com/","https://www.facebook.com/596466690458177","","0.99240372300148","","8","meta | Overture","CDLA-Permissive-2.0","2026-04-27T00:00:00.000Z | 2026-06-11T11:57:15Z"
"IL","Illinois","0ede0177-ac95-406e-9584-ae9974cd3a53","Way Dental","-87.70673938","42.03319124","dentist","general_dentistry","2424 Main St","Evanston","60202-1548","IL","US","+12249991224","contactus@waydental.com","https://waydental.com/","https://www.facebook.com/330855130903492","","0.9902192950248718","open","8","meta | Overture | Overture-signals","CDLA-Permissive-2.0","2026-04-27T00:00:00.000Z | 2026-06-11T11:57:15Z | 2026-05-12T00:29:08Z | 2026-05-18T13:23:54Z | 2026-05-25T13:08:59Z | 2026-06-01T13:20:32Z | 2026-06-08T13:20:12Z"
"IL","Illinois","0ee0b7b7-3ea9-46b6-9326-a8bded95c62d","Mt Vernon Dental Arts","-88.911669938177","38.3201905982808","dentist","","1704 Jefferson Ave # 4331","Mount Vernon","62864","IL","US","(618) 244-2440","","http://mtvdentalcare.com","https://www.facebook.com/201324706559755","","0.9199122190475464","open","9","Foursquare | Overture | Overture-signals","Apache-2.0 | CDLA-Permissive-2.0","2025-08-05T00:00:00.000 | 2026-06-11T11:57:15Z | 2026-05-12T00:29:08Z | 2026-05-18T13:23:54Z | 2026-05-25T13:08:59Z | 2026-06-01T13:20:32Z | 2026-06-08T13:20:12Z"
"IL","Illinois","0ee80c1d-a03b-49c7-8b86-40c3c654236b","Dr. Nguyen’s Office","-87.7848673196283","42.1653356671591","dentist","","580 Roger Williams Ave","Highland Park","60035","IL","US","(847) 432-7400","","http://www.evanstondentalspa.com","","","0.9199122190475464","open","4","Foursquare | Overture | Overture-signals","Apache-2.0 | CDLA-Permissive-2.0","2026-01-13T00:00:00.000 | 2026-06-11T11:57:15Z | 2026-05-12T00:29:08Z | 2026-05-18T13:23:54Z | 2026-05-25T13:08:59Z | 2026-06-01T13:20:32Z | 2026-06-08T13:20:12Z"
"IL","Illinois","0eeee8df-5fa2-4cd7-86bd-8dc355f6821e","Eugene Charles Decker","-87.7371497342147","41.7052841273203","dentist","","4647 W 103rd St Ste 1D","Oak Lawn","60453","IL","US","(708) 422-8260","","http://www.eugenedeckerdds.com","","","0.9199122190475464","open","4","Foursquare | Overture | Overture-signals","Apache-2.0 | CDLA-Permissive-2.0","2025-08-22T00:00:00.000 | 2026-06-11T11:57:15Z | 2026-05-12T00:29:08Z | 2026-05-18T13:23:54Z | 2026-05-25T13:08:59Z | 2026-06-01T13:20:32Z | 2026-06-08T13:20:12Z"
"IL","Illinois","0ef6c7d4-ebbf-4717-ab81-40a1be50987b","Edwards Walter Abromaitis","-87.9998555733459","41.667489486158","dentist","","801 State St","Lemont","60439","IL","US","(630) 257-5955","tshayv@gmail.com","http://chicago.citysearch.com/profile/36666438/lemont_il/abr","","","0.9199122190475464","open","4","Foursquare | Overture | Overture-signals","Apache-2.0 | CDLA-Permissive-2.0","2025-08-19T00:00:00.000 | 2026-06-11T11:57:15Z | 2026-05-12T00:29:08Z | 2026-05-18T13:23:54Z | 2026-05-25T13:08:59Z | 2026-06-01T13:20:32Z | 2026-06-08T13:20:12Z"
"IL","Illinois","0efafd72-964b-4d49-b2d3-57a0b1b2b557","Patrick M Cusack DMD L","-89.60257","40.54924","dentist","orthodontist | health_and_medical","3301 Griffin Dr","Pekin","61554-6237","IL","US","+13096965632","","","https://www.facebook.com/1859802347657155","","0.9510258436203003","","8","meta | Overture","CDLA-Permissive-2.0","2026-04-27T00:00:00.000Z | 2026-06-11T11:57:15Z"
"IL","Illinois","0f08cfd1-c072-4466-9c34-585e66519231","Studio Dental","-87.72424546","41.81472648","dentist","pediatric_dentist | endodontist","4310 S Pulaski Rd","Chicago","60632-4009","IL","US","+17732543300","","http://platform.data-axle.com","https://www.facebook.com/431466753602473","","0.9902192950248718","open","9","meta | Overture | Overture-signals","CDLA-Permissive-2.0","2026-04-27T00:00:00.000Z | 2026-06-11T11:57:15Z | 2026-05-12T00:29:08Z | 2026-05-18T13:23:54Z | 2026-05-25T13:08:59Z | 2026-06-01T13:20:32Z | 2026-06-08T13:20:12Z"
"IL","Illinois","0f25eb08-4442-4545-a840-a87b77fee654","Northshore Metropolitan Dental Associates","-87.94299692","42.38477351","dentist","general_dentistry | health_and_medical","1790 Nations Dr","Gurnee","60031-9164","IL","US","+18473364880","","http://www.nsmetrodental.com","https://www.facebook.com/114215808658985","","0.9199122190475464","open","9","meta | Overture | Overture-signals","CDLA-Permissive-2.0","2026-04-27T00:00:00.000Z | 2026-06-11T11:57:15Z | 2026-05-12T00:29:08Z | 2026-05-18T13:23:54Z | 2026-05-25T13:08:59Z | 2026-06-01T13:20:32Z | 2026-06-08T13:20:12Z"
"IL","Illinois","0f275cf1-2a10-40f6-8331-b1d285e9a94a","Luker Dental Care","-89.70559879","39.7890577","dentist","general_dentistry | doctor","997 Clock Tower Dr","Springfield","62704-1301","IL","US","+12175468330","info@lukerdentalcare.com","http://www.lukerdentalcare.com/","https://www.facebook.com/100980640001885","Luker Dental Care - Springfield IL Dentist","0.9199122190475464","open","8","meta | Overture | Overture-signals","CDLA-Permissive-2.0","2026-04-27T00:00:00.000Z | 2026-06-11T11:57:15Z | 2026-05-12T00:29:08Z | 2026-05-18T13:23:54Z | 2026-05-25T13:08:59Z | 2026-06-01T13:20:32Z | 2026-06-08T13:20:12Z"
"IL","Illinois","0f2db7b4-2040-4c25-aec6-2d972d153997","Omni Dental","-87.98029703","42.11132772","dentist","general_dentistry | medical_spa","305 E Rand Rd","Arlington Heights","60004-3103","IL","US","+18474838833","info@omnidentalgrp.com","http://Www.omnidentalgrp.com/","https://www.facebook.com/105679404190003","","0.9199122190475464","open","9","meta | Overture | Overture-signals","CDLA-Permissive-2.0","2026-04-27T00:00:00.000Z | 2026-06-11T11:57:15Z | 2026-05-12T00:29:08Z | 2026-05-18T13:23:54Z | 2026-05-25T13:08:59Z | 2026-06-01T13:20:32Z | 2026-06-08T13:20:12Z"
"IL","Illinois","0f3358f7-eb89-42c5-aca3-0c61b91c915d","Cicero Dental Center","-87.74407103","41.85717441","dentist","general_dentistry | medical_center","1639 S Cicero Ave","Cicero","60804-1520","IL","US","+17084776717","icaredentalcenter@gmail.com","http://Www.mirzadental.com/","https://www.facebook.com/2048558882046066","Taylor Dental Center","0.9722161889076233","open","9","meta | Overture | Overture-signals","CDLA-Permissive-2.0","2026-04-27T00:00:00.000Z | 2026-06-11T11:57:15Z | 2026-05-12T00:29:08Z"
"IL","Illinois","0f394e56-9d14-4931-873c-a545ef5e653b","River Grove Dental","-87.8318815","41.9279649","dentist","general_dentistry | medical_service_organizations","8225 W Grand Ave","River Grove","60171-1517","IL","US","+17084531110","frankrgdental@gmail.com","http://rivergrovedental.com","https://www.facebook.com/105108452868656","","0.9902192950248718","open","8","meta | Overture | Overture-signals","CDLA-Permissive-2.0","2026-04-27T00:00:00.000Z | 2026-06-11T11:57:15Z | 2026-05-12T00:29:08Z | 2026-05-18T13:23:54Z | 2026-05-25T13:08:59Z | 2026-06-01T13:20:32Z | 2026-06-08T13:20:12Z"
"IL","Illinois","0f3b3c95-ef26-4266-8a1a-d83884881ded","Dr. Martin Hill, DDS","-88.2936549784201","40.0841288311964","dentist","","2917 Crossing Ct","Champaign","61822","IL","US","(217) 356-5260","dentoid@aol.com","http://www.katherinehilldmd.com","","","0.9199122190475464","open","4","Foursquare | Overture | Overture-signals","Apache-2.0 | CDLA-Permissive-2.0","2025-01-08T00:00:00.000 | 2026-06-11T11:57:15Z | 2026-05-12T00:29:08Z | 2026-05-18T13:23:54Z | 2026-05-25T13:08:59Z | 2026-06-01T13:20:32Z | 2026-06-08T13:20:12Z"
"IL","Illinois","0f4c2a81-02ae-4929-a582-758652043d57","Amedcoa Dental Center","-88.085928","42.045955","dentist","orthodontist | health_and_medical","1000 Grand Canyon Pkwy","Hoffman Estates","60169-1705","IL","US","+18478858780","pinkelephantdental@gmail.com","http://www.pinkelephantdental.com/","https://www.facebook.com/282940901819020","","0.9873582124710083","","8","meta | Overture","CDLA-Permissive-2.0","2026-04-27T00:00:00.000Z | 2026-06-11T11:57:15Z"
"IL","Illinois","0f7f485f-f923-44c1-bf60-fa61003cee69","Dentique Dental","-87.998455","41.6571837","dentist","health_and_medical","15543 W 127th St Ste 103","Lemont","60439","IL","US","6302438300","","https://www.dentiquedentalcare.com/lemont","","","0.9199122190475464","open","6","Microsoft | Overture | Overture-signals","CDLA-Permissive-2.0","2025-05-25T08:50:31.930Z | 2026-06-11T11:57:15Z | 2026-05-12T00:29:08Z | 2026-05-18T13:23:54Z | 2026-05-25T13:08:59Z | 2026-06-01T13:20:32Z | 2026-06-08T13:20:12Z"
"IL","Illinois","0f8f93c7-e8ca-48c3-a764-91140b40f4d7","Alexandra Bialy DDS","-88.046026","42.028244","dentist","health_and_medical | cosmetic_dentist","1375 E Schaumburg Rd","Schaumburg","60194-3643","IL","US","+18479859322","","http://www.bialyoralsurgery.com","https://www.facebook.com/168017763214001","","0.9521489143371582","","5","meta | Overture","CDLA-Permissive-2.0","2026-04-27T00:00:00.000Z | 2026-06-11T11:57:15Z"
"IL","Illinois","0f9d1f28-df5a-47a9-b9a6-35908a88190e","Manolis Family Dental","-87.87283","41.83411","dentist","","48 E 31st St","La Grange Park","60526-1005","IL","US","+17083526811","sandra@manolisfamilydental.com","http://linktr.ee/manolisfamilydental","https://www.facebook.com/107133267746722","","0.9844937324523926","","7","meta | Overture","CDLA-Permissive-2.0","2026-04-27T00:00:00.000Z | 2026-06-11T11:57:15Z"
"IL","Illinois","0fb4c21e-ce73-4b5e-9636-aaf4375b1d89","Wayne Ray Hawkins","-89.3826595225007","38.0819237392581","dentist","","212 N Walnut St","Pinckneyville","62274","IL","US","(618) 357-9333","","http://www.familydentalcenter.org","","","0.9199122190475464","open","5","Foursquare | Overture | Overture-signals","Apache-2.0 | CDLA-Permissive-2.0","2025-08-22T00:00:00.000 | 2026-06-11T11:57:15Z | 2026-05-12T00:29:08Z | 2026-05-18T13:23:54Z | 2026-05-25T13:08:59Z | 2026-06-01T13:20:32Z | 2026-06-08T13:20:12Z"
"IL","Illinois","0fc51dae-7793-4f3d-8cd7-10743ba2967d","Chatham Dental Center","-89.70480304","39.6794822","dentist","general_dentistry | medical_service_organizations","345 N Main St","Chatham","62629-1702","IL","US","+12174833545","","http://www.chathamdentalcenter.com/","https://www.facebook.com/319071681477863","","0.9902192950248718","open","7","meta | Overture | Overture-signals","CDLA-Permissive-2.0","2026-04-27T00:00:00.000Z | 2026-06-11T11:57:15Z | 2026-05-12T00:29:08Z | 2026-05-18T13:23:54Z | 2026-05-25T13:08:59Z | 2026-06-01T13:20:32Z | 2026-06-08T13:20:12Z"
"IL","Illinois","0fd1342f-2f50-4e04-bcf0-c703b678a2de","Dr. Alla Aver","-87.81177333","42.09909949","dentist","general_dentistry | naturopathic_holistic","2400 Ravine Way","Glenview","60025-7615","IL","US","+18479985100","draverfrontdesk@yahoo.com","http://www.glenviewsmiles.com","https://www.facebook.com/1642037989397126","Dr. Irina Ganzman, DMD","0.930050253868103","","8","meta | Overture","CDLA-Permissive-2.0","2026-04-27T00:00:00.000Z | 2026-06-11T11:57:15Z"
"IL","Illinois","0fddbcdc-9828-42a3-b855-72294776b759","O'Reilly Family Dental","-88.52416751","42.08793308","dentist","general_dentistry | family_practice","179 E Oak Knoll Dr","Hampshire","60140-9095","IL","US","+18476833464","oreillyfamilydental@gmail.com","http://oreillyfamilydental.com/","https://www.facebook.com/120975689296208","","0.9199122190475464","open","8","meta | Overture | Overture-signals","CDLA-Permissive-2.0","2026-04-27T00:00:00.000Z | 2026-06-11T11:57:15Z | 2026-05-12T00:29:08Z | 2026-05-18T13:23:54Z | 2026-05-25T13:08:59Z | 2026-06-01T13:20:32Z | 2026-06-08T13:20:12Z"
"IL","Illinois","0fe4a4b6-fe5a-4d0d-ac38-98e81670edd7","Dr. Paulette Lucario Family Dentistry","-87.821111","41.814815","dentist","doctor | family_practice","4212 Joliet Ave","Lyons","60534-1192","IL","US","+17084473200","drlucario@lyonsfamilydental.com","http://Lyonsfamilydental.com/","https://www.facebook.com/329140630502843","","0.9199122190475464","open","8","meta | Overture | Overture-signals","CDLA-Permissive-2.0","2026-04-27T00:00:00.000Z | 2026-06-11T11:57:15Z | 2026-05-12T00:29:08Z | 2026-05-18T13:23:54Z | 2026-05-25T13:08:59Z | 2026-06-01T13:20:32Z | 2026-06-08T13:20:12Z"
"IL","Illinois","0fe6c323-4f3f-4497-b532-61b2650a0e36","Dr. Timothy Sheehan DDS","-88.2928374","41.9145853","dentist","doctor | family_practice","525 S Tyler Rd","St Charles","60174-3305","IL","US","+16305848444","timothysheehandds@gmail.com","http://www.timothysheehandds.com/","https://www.facebook.com/336409709888485","","0.9299353361129761","","2","meta | Overture","CDLA-Permissive-2.0","2026-04-27T00:00:00.000Z | 2026-06-11T11:57:15Z"
"IL","Illinois","0ff169a9-7d10-40dd-8ad1-d095daecd576","Forest Park Dental Associates","-87.81896031","41.87918686","dentist","park","7742 Madison St","Forest Park","60130-1404","IL","US","+17082091900","","http://www.forestpark.net","https://www.facebook.com/775640539179340","Park Dental","0.9199122190475464","open","6","meta | Overture | Overture-signals","CDLA-Permissive-2.0","2026-04-27T00:00:00.000Z | 2026-06-11T11:57:15Z | 2026-05-12T00:29:08Z | 2026-05-18T13:23:54Z | 2026-05-25T13:08:59Z | 2026-06-01T13:20:32Z | 2026-06-08T13:20:12Z"
"IL","Illinois","0ff85fa9-8c22-479a-bdc8-446b105eb439","Schaumburg Oral & Maxillofacial Surgery","-88.063595","42.042302","dentist","doctor | fashion_accessories_store","650 E Higgins Rd","Schaumburg","60173-4700","IL","US","+18478829448","","http://schaumburgoms.com/","https://www.facebook.com/1693080787585227","Schaumburg Oral Surgery","0.7301814556121826","","7","meta | Overture","CDLA-Permissive-2.0","2026-04-27T00:00:00.000Z | 2026-06-11T11:57:15Z"
"IL","Illinois","1022253d-3fa6-4055-b5d8-62e705a1b99f","Palos Pediatric Dentistry: Richard Facko, DDS, MS","-87.8027000982062","41.6756224162354","dentist","","6446 W 127th St 2nd Floor","Palos Heights","60463","IL","US","(708) 263-6708","rfacko@gmail.com","https://www.palospediatricdentistry.com","https://www.twitter.com/richardfacko | https://www.facebook.com/183612165149263","","0.77","","5","Foursquare | Overture","Apache-2.0 | CDLA-Permissive-2.0","2024-10-15T00:00:00.000 | 2026-06-11T11:57:15Z"
"IL","Illinois","1028bf74-53ae-4c90-a1bb-eba68dce72ef","Hoffman Estates Family Dentistry","-88.13646388","42.06037978","dentist","general_dentistry","2357 Hassell Rd","Hoffman Estates","60169-2172","IL","US","+18473109600","staff@soohleedds.com","http://www.hoffmanestatesfamilydentistry.com/","https://www.facebook.com/947060605313314","Hoffman Estates Family Dentistry","0.9199122190475464","open","9","meta | Overture | Overture-signals","CDLA-Permissive-2.0","2026-04-27T00:00:00.000Z | 2026-06-11T11:57:15Z | 2026-05-12T00:29:08Z | 2026-05-18T13:23:54Z | 2026-05-25T13:08:59Z | 2026-06-01T13:20:32Z | 2026-06-08T13:20:12Z"
"IL","Illinois","1040631f-d7d0-493d-ad2b-3ec9f3ccdd9e","Kimberly Smiles","-87.68412013","41.91479678","dentist","general_dentistry | cosmetic_dentist","1835 N Milwaukee Ave","Chicago","60647-6186","IL","US","+17732761047","info@kimberlysmiles.com","http://dentistwickerparkchicago.com/","https://www.facebook.com/330350627028022","Kimberly Smiles","0.9902192950248718","open","8","meta | Overture | Overture-signals","CDLA-Permissive-2.0","2026-04-27T00:00:00.000Z | 2026-06-11T11:57:15Z | 2026-05-12T00:29:08Z | 2026-05-18T13:23:54Z | 2026-05-25T13:08:59Z | 2026-06-01T13:20:32Z | 2026-06-08T13:20:12Z"
"IL","Illinois","105167a0-7e94-4914-8e1a-6c3e25160dcb","The Dental Loft","-87.87013032","41.81413985","dentist","general_dentistry | health_and_medical","1 W Harris Ave","La Grange","60525-2496","IL","US","+17084820702","contact@thedentalloft.com","http://www.thedentalloft.com/","https://www.facebook.com/201196383308968","The Dental Loft","0.9937263131141663","","1","meta | Overture","CDLA-Permissive-2.0","2026-04-27T00:00:00.000Z | 2026-06-11T11:57:15Z"
"IL","Illinois","10522d3e-cd2e-4a59-91d5-0f2f0e77c74f","North Shore Dentistry For Children","-87.6822847936708","42.0458359262677","dentist","","1560 Sherman Ave Ste 610","Evanston","60201","IL","US","(847) 869-5417","tracycarlsonhall@sbcglobal.net","http://nsdckidsdental.com","https://www.facebook.com/106557719926","","0.9199122190475464","open","4","Foursquare | Overture | Overture-signals","Apache-2.0 | CDLA-Permissive-2.0","2025-06-26T00:00:00.000 | 2026-06-11T11:57:15Z | 2026-05-12T00:29:08Z | 2026-05-18T13:23:54Z | 2026-05-25T13:08:59Z | 2026-06-01T13:20:32Z | 2026-06-08T13:20:12Z"
"IL","Illinois","105df693-5709-482f-9f6c-3b7d80b270c5","AC Dentistry","-87.65898","41.932431","dentist","health_and_medical | surgical_center","1209 W Diversey Pkwy","Chicago","60614-1201","IL","US","+17733278550","","http://www.ACdentistry.com/","https://www.facebook.com/126581317409813","Adelaide Children's Dentistry","0.5673684477806091","","7","meta | Overture","CDLA-Permissive-2.0","2026-04-27T00:00:00.000Z | 2026-06-11T11:57:15Z"
"IL","Illinois","106a96d1-8155-4f16-b182-e9874a104566","Dr. John O'Brien, DDS","-87.78573431348","41.5686276021401","dentist","","17726 Oak Park Ave Ste A","Tinley Park","60477","IL","US","(708) 429-4700","info@obrien-dental.com","http://www.obrien-dental.com","https://www.facebook.com/173170979491972","","0.9199122190475464","open","4","Foursquare | Overture | Overture-signals","Apache-2.0 | CDLA-Permissive-2.0","2025-08-22T00:00:00.000 | 2026-06-11T11:57:15Z | 2026-05-12T00:29:08Z | 2026-05-18T13:23:54Z | 2026-05-25T13:08:59Z | 2026-06-01T13:20:32Z | 2026-06-08T13:20:12Z"
"IL","Illinois","108c210e-79df-42cb-97cd-9f9e991446ee","Grand Dental Care","-87.91126651","42.37005123","dentist","general_dentistry | health_and_medical","4343 Old Grand Ave","Gurnee","60031-2700","IL","US","+18473364180","reptracker@granddentalcare.com","http://www.granddentalcaregurnee.com/reviews.html","https://www.facebook.com/1096947303679398","","0.9199122190475464","open","8","meta | Overture | Overture-signals","CDLA-Permissive-2.0","2026-04-27T00:00:00.000Z | 2026-06-11T11:57:15Z | 2026-05-12T00:29:08Z | 2026-05-18T13:23:54Z | 2026-05-25T13:08:59Z | 2026-06-01T13:20:32Z | 2026-06-08T13:20:12Z"
"IL","Illinois","10a33167-43d0-4344-b3de-6cab1980ebdc","Jonathan W. Burton, DMD","-89.98887827","38.77570504","dentist","oral_surgeon | medical_service_organizations","2246 IL-157","Glen Carbon","62034-1717","IL","US","+16182888770","info@metrooms.com","http://www.MetroOMS.com/","https://www.facebook.com/1928482350719315","","0.7737374901771545","","7","meta | Overture","CDLA-Permissive-2.0","2026-04-27T00:00:00.000Z | 2026-06-11T11:57:15Z"
"IL","Illinois","10a3aecb-1a2b-47a3-9c77-9f063fe8945c","Salvatore Storniolo Dental","-87.83868354","41.96686724","dentist","general_dentistry | cosmetic_dentist","8524 W Lawrence Ave","Norridge","60706-2956","IL","US","+17084560800","drsalsoffice@yahoo.com","http://www.bookhealthcare.com/salvatore-storniolo-dds#topdoc","https://www.facebook.com/216124195118459","","0.9199122190475464","open","8","meta | Overture | Overture-signals","CDLA-Permissive-2.0","2026-04-27T00:00:00.000Z | 2026-06-11T11:57:15Z | 2026-05-12T00:29:08Z | 2026-05-18T13:23:54Z | 2026-05-25T13:08:59Z | 2026-06-01T13:20:32Z | 2026-06-08T13:20:12Z"
"IL","Illinois","10b9067b-f03d-46d5-bf23-c514a42952ac","Greenwood Family Dentistry PC","-87.70835","41.691451","dentist","health_and_medical","3500 W 111th St","Chicago","60655","IL","US","7732381717","","http://www.batchelordental.com/","","","0.9199122190475464","open","6","Microsoft | Overture | Overture-signals","CDLA-Permissive-2.0","2014-09-24T22:36:54.417Z | 2026-06-11T11:57:15Z | 2026-05-12T00:29:08Z | 2026-05-18T13:23:54Z | 2026-05-25T13:08:59Z | 2026-06-01T13:20:32Z | 2026-06-08T13:20:12Z"
"IL","Illinois","10bad529-2adc-4dc6-8926-a5a5febc5f56","Windy City Smiles","-87.70680233","41.94532653","dentist","orthodontist | health_and_medical","3521 N Elston Ave","Chicago","60618-5617","IL","US","+17735887645","contactus@windycitysmiles.com","https://www.windycitysmiles.com/","https://www.facebook.com/127199370624534","","0.9199122190475464","open","7","meta | Overture | Overture-signals","CDLA-Permissive-2.0","2026-04-27T00:00:00.000Z | 2026-06-11T11:57:15Z | 2026-05-12T00:29:08Z | 2026-05-18T13:23:54Z | 2026-05-25T13:08:59Z | 2026-06-01T13:20:32Z | 2026-06-08T13:20:12Z"
"IL","Illinois","10d59153-b5c9-4683-88ae-c9cc0535a885","Aspen Dental","-87.740736","41.747428","dentist","","7969 S Cicero Ave","Chicago","60652","IL","US","","","https://www.aspendental.com/dentist/il/chicago/7969-s-cicero-ave/","","Aspen Dental","0.8","","1","AllThePlaces | Overture","CC0-1.0 | CDLA-Permissive-2.0","2026-06-02T15:18:54.000Z | 2026-06-11T11:57:15Z"
"IL","Illinois","10e3095a-71de-40c4-a3bc-4650d8d07489","Tina R Stulce DDS","-89.99415575","38.20956825","dentist","general_dentistry | doctor","307 S Main St","Red Bud","62278-1109","IL","US","+16182824466","trstulce@htc.net","http://www.tinastulceddsredbudil.com","https://www.facebook.com/1419265681708316","","0.994410902261734","","7","meta | Overture","CDLA-Permissive-2.0","2026-04-27T00:00:00.000Z | 2026-06-11T11:57:15Z"
"IL","Illinois","10ec12f9-94fd-4f9a-9f97-e98f7021d46b","Brite Dental PC","-87.67307966","42.00424455","dentist","general_dentistry | medical_service_organizations","6720 N Clark St","Chicago","60626-3211","IL","US","+17733388470","","http://www.britedental.org","https://www.facebook.com/255354738664247","Brite Dental PC","0.9946162158250809","","8","meta | Overture","CDLA-Permissive-2.0","2026-04-27T00:00:00.000Z | 2026-06-11T11:57:15Z"
"IL","Illinois","10fe4751-a1f9-4e4f-9c64-cdbc64464c09","Molis Dental","-87.94330028","41.73747115","dentist","general_dentistry | cosmetic_dentist","16W375 83rd St","Burr Ridge","60527-5841","IL","US","+16309201990","rmolis@molisdental.com","http://www.molisdental.com/","https://www.facebook.com/279136348861460","Molis Dental Burr Ridge IL","0.9998441443443299","","9","meta | Overture","CDLA-Permissive-2.0","2026-04-27T00:00:00.000Z | 2026-06-11T11:57:15Z"
"IL","Illinois","1128f703-d61f-4096-8f53-7830720b22fd","Brink Street Dental","-88.31146789","42.23227972","dentist","general_dentistry","284 Memorial Ct","Crystal Lake","60014-6231","IL","US","+18153560045","bsd@brinkstreetdental.com","http://www.BrinkStreetDental.com/","https://www.facebook.com/122257047811651","","0.9968191945552826","","9","meta | Overture","CDLA-Permissive-2.0","2026-04-27T00:00:00.000Z | 2026-06-11T11:57:15Z"
"IL","Illinois","113cf75c-172a-453f-afec-017b862a7449","Dr. Gavrilos","-88.1353174923318","42.1543141662138","dentist","","","Barrington","","IL","US","(847) 499-1017","","https://barringtondentist.com","","","0.77","","3","Foursquare | Overture","Apache-2.0 | CDLA-Permissive-2.0","2025-10-08T00:00:00.000 | 2026-06-11T11:57:15Z"
"IL","Illinois","115d4093-58b2-4a95-ae2a-8b4f0e400124","Gateway Dental Care","-90.0047525904735","38.5418925212153","dentist","","1801 N Belt W Ste C","Belleville","62226","IL","US","(618) 234-6566","","http://www.affordabledentistrybelleville.com","","","0.9199122190475464","open","4","Foursquare | Overture | Overture-signals","Apache-2.0 | CDLA-Permissive-2.0","2023-12-01T00:00:00.000 | 2026-06-11T11:57:15Z | 2026-05-12T00:29:08Z | 2026-05-18T13:23:54Z | 2026-05-25T13:08:59Z | 2026-06-01T13:20:32Z | 2026-06-08T13:20:12Z"
"IL","Illinois","115f669e-5c42-4c28-b916-0b9d3b88a511","Bryan A Lipson","-87.79442923","41.55604687","dentist","general_dentistry | professional_services","18400 Maple Creek Dr","Tinley Park","60477-2976","IL","US","+17085329303","drlipsonsoffice@yahoo.com","https://www.bryanlipsondds.com/","https://www.facebook.com/187815545115900","","0.9199122190475464","open","8","meta | Overture | Overture-signals","CDLA-Permissive-2.0","2026-04-27T00:00:00.000Z | 2026-06-11T11:57:15Z | 2026-05-12T00:29:08Z | 2026-05-18T13:23:54Z | 2026-05-25T13:08:59Z | 2026-06-01T13:20:32Z | 2026-06-08T13:20:12Z"
"IL","Illinois","1162d83d-5e20-4cf4-8e2d-2cb6ce39c4f3","Dr Popa Dental Clinic","-87.77151444","41.97951764","dentist","general_dentistry | cosmetic_dentist","5400 N Milwaukee Ave","Chicago","60630-1272","IL","US","+17737754498","","","https://www.facebook.com/137656496932559","","0.9199122190475464","open","9","meta | Overture | Overture-signals","CDLA-Permissive-2.0","2026-04-27T00:00:00.000Z | 2026-06-11T11:57:15Z | 2026-05-12T00:29:08Z | 2026-05-18T13:23:54Z | 2026-05-25T13:08:59Z | 2026-06-01T13:20:32Z | 2026-06-08T13:20:12Z"
"IL","Illinois","11642455-078c-424d-8df4-356ee78e52be","The Smile Loft: Heather Hruskocy, DMD","-87.87490982","42.22528452","dentist","cosmetic_dentist | general_dentistry","1089 Conway Rd","Lake Forest","60045-2617","IL","US","+12244163780","team@lfsmileloft.com","https://www.lfsmileloft.com/","https://www.facebook.com/104842832363507","","0.9199122190475464","open","8","meta | Overture | Overture-signals","CDLA-Permissive-2.0","2026-04-27T00:00:00.000Z | 2026-06-11T11:57:15Z | 2026-05-12T00:29:08Z | 2026-05-18T13:23:54Z | 2026-05-25T13:08:59Z | 2026-06-01T13:20:32Z | 2026-06-08T13:20:12Z"
"IL","Illinois","117813ff-2ca4-4c57-86a9-9218dc02ef56","Jacobson & Tsou Orthodontics","-87.9721510981489","42.2398980856761","dentist","","281 W Townline Rd Ste 220","Vernon Hills","60061","IL","US","(847) 816-0633","","http://jtortho.com","","","0.77","","5","Foursquare | Overture","Apache-2.0 | CDLA-Permissive-2.0","2025-08-19T00:00:00.000 | 2026-06-11T11:57:15Z"
"IL","Illinois","1183cc32-ff15-4307-a6c9-f223a3588f11","Windy City Implant and Dental Centers","-87.79659078","41.82607315","dentist","general_dentistry","6929 Ogden Ave","Berwyn","60402-3649","IL","US","+17735421916","windycityimplants@gmail.com","http://www.windycityimplantsanddentalcenters.com/","https://www.facebook.com/1693873517350757","","0.9874009490013123","","5","meta | Overture","CDLA-Permissive-2.0","2026-04-27T00:00:00.000Z | 2026-06-11T11:57:15Z"
"IL","Illinois","11841f55-e0f8-4e0c-920f-663dec402720","Aesthetic Family Dental","-87.79296081","41.59340333","dentist","general_dentistry","16345 S Harlem Ave","Tinley Park","60477","IL","US","+17087819754","","http://www.tinleyparkdentalcenter.com/","https://www.facebook.com/447966448598257","Park Dental","0.7569684982299805","","7","meta | Overture","CDLA-Permissive-2.0","2026-04-27T00:00:00.000Z | 2026-06-11T11:57:15Z"
"IL","Illinois","118ee4c1-729b-4e8d-ad8e-350023949482","Advanced Smiles","-88.14121947","42.05430632","dentist","general_dentistry | cosmetic_dentist","1585 N Barrington Rd","Hoffman Estates","60169","IL","US","+18475341100","","https://www.soodsmiles.com/","https://www.facebook.com/110298995307305","","0.9199122190475464","open","8","meta | Overture | Overture-signals","CDLA-Permissive-2.0","2026-04-27T00:00:00.000Z | 2026-06-11T11:57:15Z | 2026-05-12T00:29:08Z | 2026-05-18T13:23:54Z | 2026-05-25T13:08:59Z | 2026-06-01T13:20:32Z | 2026-06-08T13:20:12Z"
"IL","Illinois","119eaef8-9d75-40f4-9946-a35e791870c7","Gregory W Jackson DDS","-87.7224188","41.7757139","dentist","","6435 S Pulaski Rd","Chicago","60629","IL","US","(773) 767-0849","gjortho@comcast.net","https://www.gregjacksonortho.com","https://www.facebook.com/139110179469464","","0.9199122190475464","open","4","Foursquare | Overture | Overture-signals","Apache-2.0 | CDLA-Permissive-2.0","2025-04-06T00:00:00.000 | 2026-06-11T11:57:15Z | 2026-05-12T00:29:08Z | 2026-05-18T13:23:54Z | 2026-05-25T13:08:59Z | 2026-06-01T13:20:32Z | 2026-06-08T13:20:12Z"
"IL","Illinois","11a5e940-a9ff-4056-87ac-ebbffbc5e1d6","Riley Dental","-89.70927446","39.77595891","dentist","general_dentistry","2908 Greenbriar Dr","Springfield","62704-7432","IL","US","+12177873727","rileydentalsmiles@hotmail.com","http://www.rileydental.com/","https://www.facebook.com/668282426594318","Riley Dental","0.9199122190475464","open","9","meta | Overture | Overture-signals","CDLA-Permissive-2.0","2026-04-27T00:00:00.000Z | 2026-06-11T11:57:15Z | 2026-05-12T00:29:08Z | 2026-05-18T13:23:54Z | 2026-05-25T13:08:59Z | 2026-06-01T13:20:32Z | 2026-06-08T13:20:12Z"
"IL","Illinois","11c8bb56-aa8c-4b07-820b-f332760e44ea","Oak Forest Family Dental","-87.7370543747984","41.6090313881246","dentist","","15544 S. Cicero Ave","Oak Forest","60452","IL","US","(708) 687-0100","oakforestdentalcare@yahoo.com","https://www.oakforestfamilydental.com","https://www.facebook.com/1008937859196832","","0.77","","5","Foursquare | Overture","Apache-2.0 | CDLA-Permissive-2.0","2021-02-03T00:00:00.000 | 2026-06-11T11:57:15Z"
"IL","Illinois","11e14038-7c7f-42ed-bd0c-36fe74552198","Kenneth Holz","-87.96426583","42.23902111","dentist","periodontist | health_and_medical","1 E Phillip Rd","Vernon Hills","60061-1858","IL","US","+18476800125","drholz@drkenholz.com","http://www.drkenholz.com/","https://www.facebook.com/134656479913683","","0.7559787631034851","","7","meta | Overture","CDLA-Permissive-2.0","2026-04-27T00:00:00.000Z | 2026-06-11T11:57:15Z"
"IL","Illinois","11f198d3-2ce2-434e-84aa-008be33f1255","University Dental Professionals","-87.58525268","41.79386128","dentist","cosmetic_dentist | endodontist","5549 S Cornell Ave","Chicago","60637-1914","IL","US","+17739120439","info@udpdentistry.com","https://www.udpdentistry.com/","https://www.facebook.com/152434568149803","University Dental Professionals","0.9989467240571975","","10","meta | Overture","CDLA-Permissive-2.0","2026-04-27T00:00:00.000Z | 2026-06-11T11:57:15Z"
"IL","Illinois","12060b12-6b9b-4b39-94e3-2979448d2ef2","Universal Dental of Hyde Park","-87.58529997","41.79967551","dentist","general_dentistry | health_and_medical","1634 E 53rd St","Chicago","60615-4384","IL","US","+17739666465","hydepark@udclinics.com","http://www.udclinics.com/","https://www.facebook.com/174558372921865","Park Dental","0.9902192950248718","open","8","meta | Overture | Overture-signals","CDLA-Permissive-2.0","2026-04-27T00:00:00.000Z | 2026-06-11T11:57:15Z | 2026-05-12T00:29:08Z | 2026-05-18T13:23:54Z | 2026-05-25T13:08:59Z | 2026-06-01T13:20:32Z | 2026-06-08T13:20:12Z"
"IL","Illinois","120ef666-8b7f-4d8b-99ca-9ad318a6d094","Orchard Valley Dental","-88.37727113","41.78024223","dentist","general_dentistry","2418 W Indian Trl","Aurora","60506-1585","IL","US","+16303876868","tfdaurora@mydentalmail.com","https://orchardvalleydentalaurora.com/","https://www.facebook.com/457735964561551","","0.9199122190475464","open","9","meta | Overture | Overture-signals","CDLA-Permissive-2.0","2026-04-27T00:00:00.000Z | 2026-06-11T11:57:15Z | 2026-05-12T00:29:08Z | 2026-05-18T13:23:54Z | 2026-05-25T13:08:59Z | 2026-06-01T13:20:32Z | 2026-06-08T13:20:12Z"
"IL","Illinois","12110280-e934-4687-b91c-8e5b12a1a7c5","tuth dk dental","-88.1403394088677","42.0594253430986","dentist","","2500 W Higgins Rd #1010, Hoffman Estates, IL 60169","Hoffman Estates","60169","IL","US","(847) 310-9800","","http://smilesofarlingtonheights.com","","","0.9199122190475464","open","4","Foursquare | Overture | Overture-signals","Apache-2.0 | CDLA-Permissive-2.0","2024-10-29T00:00:00.000 | 2026-06-11T11:57:15Z | 2026-05-12T00:29:08Z | 2026-05-18T13:23:54Z | 2026-05-25T13:08:59Z | 2026-06-01T13:20:32Z | 2026-06-08T13:20:12Z"
"IL","Illinois","12178ba1-80ec-4f77-92bb-b65a30a11c89","Lakemoor dental","-88.1978572395018","42.3288759063535","dentist","","28956","Lakemoor","60051","IL","US","(815) 363-8888","contactus@lakemoordental.com","http://www.lakemoordental.com","https://www.facebook.com/167355446608870","","0.77","","5","Foursquare | Overture","Apache-2.0 | CDLA-Permissive-2.0","2025-11-06T00:00:00.000 | 2026-06-11T11:57:15Z"
"IL","Illinois","121bb6ed-1c1d-4144-a5da-ad14c39c17f8","Esha Dental","-88.02344444","41.94551745","dentist","pediatric_dentist","1409 W Lake St","Addison","60101-1870","IL","US","+16303393100","info@eshadental.com","http://www.eshadental.com/","https://www.facebook.com/101500661730541","","0.9902192950248718","open","6","meta | Overture | Overture-signals","CDLA-Permissive-2.0","2026-04-27T00:00:00.000Z | 2026-06-11T11:57:15Z | 2026-05-12T00:29:08Z | 2026-05-18T13:23:54Z | 2026-05-25T13:08:59Z | 2026-06-01T13:20:32Z | 2026-06-08T13:20:12Z"
"IL","Illinois","12467858-9738-457c-b7a3-5f29f0cca282","Swanson Jay I DDS","-88.94261314","38.31902162","dentist","general_dentistry | doctor","403 N 42nd St","Mt Vernon","62864-2296","IL","US","+16182421444","","https://swanson-jay-i-dds-md.hub.biz/","https://www.facebook.com/166943253321157","","0.9199122190475464","open","8","meta | Overture | Overture-signals","CDLA-Permissive-2.0","2026-04-27T00:00:00.000Z | 2026-06-11T11:57:15Z | 2026-05-12T00:29:08Z | 2026-05-18T13:23:54Z | 2026-05-25T13:08:59Z | 2026-06-01T13:20:32Z | 2026-06-08T13:20:12Z"
"IL","Illinois","12469c44-6d05-441a-9330-2a76a9547176","Dr. Goetten Family Dental Office","-90.32950203","39.11061433","dentist","general_dentistry | doctor","906 S Liberty St","Jerseyville","62052-2571","IL","US","+16184985013","goettenfamilydentistry@gmail.com","https://www.patientconnect365.com/login/6278","https://www.facebook.com/107859268519920","","0.9199122190475464","open","8","meta | Overture | Overture-signals","CDLA-Permissive-2.0","2026-04-27T00:00:00.000Z | 2026-06-11T11:57:15Z | 2026-05-12T00:29:08Z | 2026-05-18T13:23:54Z | 2026-05-25T13:08:59Z | 2026-06-01T13:20:32Z | 2026-06-08T13:20:12Z"
"IL","Illinois","12522758-3d3f-4bcd-9219-bc061b202791","I Care Dental","-87.820423","41.71805","dentist","endodontist | orthodontist","8071 W 95th St","Hickory Hills","60457-2241","IL","US","+17085297771","","http://mobile.icaredental.comcastbiz.net","https://www.facebook.com/1528623727430508","","0.8222110867500305","","8","meta | Overture","CDLA-Permissive-2.0","2026-04-27T00:00:00.000Z | 2026-06-11T11:57:15Z"
"IL","Illinois","127c6083-1c38-42f1-b73b-f28553c15daa","Advanced Solutions Family Dental","-87.77098799","41.60299436","dentist","general_dentistry","6154 W 159th St","Oak Forest","60452-2906","IL","US","+17086870100","info@asfamilydental.com","http://www.asfamilydental.com/","https://www.facebook.com/1008937859196832","","0.9902192950248718","open","9","meta | Overture | Overture-signals","CDLA-Permissive-2.0","2026-04-27T00:00:00.000Z | 2026-06-11T11:57:15Z | 2026-05-12T00:29:08Z | 2026-05-18T13:23:54Z | 2026-05-25T13:08:59Z | 2026-06-01T13:20:32Z | 2026-06-08T13:20:12Z"
"IL","Illinois","127cfc60-06d4-4c3e-a1fa-a0b034c083b0","ONE Dentistry","-88.08082079","42.18051102","dentist","general_dentistry | cosmetic_dentist","1015 S Rand Rd","Lake Zurich","60047-2911","IL","US","+18475503151","contact@onedentistrylz.com","http://onedentistrylz.com/","https://www.facebook.com/109117971507053","","0.9902192950248718","open","8","meta | Overture | Overture-signals","CDLA-Permissive-2.0","2026-04-27T00:00:00.000Z | 2026-06-11T11:57:15Z | 2026-05-12T00:29:08Z | 2026-05-18T13:23:54Z | 2026-05-25T13:08:59Z | 2026-06-01T13:20:32Z | 2026-06-08T13:20:12Z"
"IL","Illinois","12b5073d-9585-4108-94b5-fc480a3e5d27","Family Dentistry Greenville, IL","-89.3949608466596","38.8765761709269","dentist","","1300 E City Route 40","Greenville","62246","IL","US","(618) 297-8821","","http://greenvillefamilydentistry.com","","","0.77","","5","Foursquare | Overture","Apache-2.0 | CDLA-Permissive-2.0","2026-04-13T00:00:00.000 | 2026-06-11T11:57:15Z"
"IL","Illinois","12bbe557-d98d-4fe8-99cf-d184ea3dba55","Sandrik Mark DDS","-87.78136283","41.77846476","dentist","general_dentistry | health_and_medical","6234 S Narragansett Ave","Chicago","60638-5148","IL","US","+17735863456","","","https://www.facebook.com/139704012743792","","0.9199122190475464","open","8","meta | Overture | Overture-signals","CDLA-Permissive-2.0","2026-04-27T00:00:00.000Z | 2026-06-11T11:57:15Z | 2026-05-12T00:29:08Z | 2026-05-18T13:23:54Z | 2026-05-25T13:08:59Z | 2026-06-01T13:20:32Z | 2026-06-08T13:20:12Z"
"IL","Illinois","12c2956d-4680-4895-976e-0fd50ec4e3e0","Opperman Family Dentistry","-89.4462192541286","40.7031994761089","dentist","","106 S Cummings Ln Ste 1","Washington","61571","IL","US","(309) 444-2523","","https://www.oppermandentistry.com","","","0.9199122190475464","open","4","Foursquare | Overture | Overture-signals","Apache-2.0 | CDLA-Permissive-2.0","2025-10-18T00:00:00.000 | 2026-06-11T11:57:15Z | 2026-05-12T00:29:08Z | 2026-05-18T13:23:54Z | 2026-05-25T13:08:59Z | 2026-06-01T13:20:32Z | 2026-06-08T13:20:12Z"
"IL","Illinois","12c38a65-8a47-4af2-a317-4958193a68e0","Fairview Dental Group","-87.9926754","41.77233173","dentist","orthodontist | periodontist","6317 Fairview Ave","Westmont","60559-2804","IL","US","+16308525353","fdg@csgsmiles.com","https://www.fairviewdentalcare.com/","https://www.facebook.com/130953303188","","0.9199122190475464","open","8","meta | Overture | Overture-signals","CDLA-Permissive-2.0","2026-04-27T00:00:00.000Z | 2026-06-11T11:57:15Z | 2026-05-12T00:29:08Z | 2026-05-18T13:23:54Z | 2026-05-25T13:08:59Z | 2026-06-01T13:20:32Z | 2026-06-08T13:20:12Z"
"IL","Illinois","12c5e58f-cf5d-4eb2-8a36-baae2e43cdee","Hidden Lakes Dental Care","-88.09304936","41.70735006","dentist","general_dentistry | doctor","680 W Boughton Rd","Bolingbrook","60440-2185","IL","US","+16307590077","frontdesk@hiddenlakesdental.com","http://www.hiddenlakesdental.com/","https://www.facebook.com/169684939745395","Hidden Lakes Dental Care","0.9997219533622265","","8","meta | Overture","CDLA-Permissive-2.0","2026-04-27T00:00:00.000Z | 2026-06-11T11:57:15Z"
"IL","Illinois","12caca06-bb1c-4f14-b0ec-c2f6c4e85f5d","Chinatown Family Dental","-87.63893749","41.85103815","dentist","general_dentistry | health_and_medical","2252 S Canal St","Chicago","60616-1838","IL","US","+13128420888","office@chinatownfamilydental.com","http://www.chinatownfamilydental.com/","https://www.facebook.com/129102423820997","","0.9902192950248718","open","8","meta | Overture | Overture-signals","CDLA-Permissive-2.0","2026-04-27T00:00:00.000Z | 2026-06-11T11:57:15Z | 2026-05-12T00:29:08Z | 2026-05-18T13:23:54Z | 2026-05-25T13:08:59Z | 2026-06-01T13:20:32Z | 2026-06-08T13:20:12Z"
"IL","Illinois","12d0ce82-4bae-49de-92df-8b9bc6d9168e","Reynolds Cosmetic Dental Center","-87.8032880143928","41.8940867620075","dentist","","1113 Chicago Ave","Oak Park","60302","IL","US","(708) 628-5190","","http://www.reynoldscosmeticdentistry.com","","","0.9199122190475464","open","4","Foursquare | Overture | Overture-signals","Apache-2.0 | CDLA-Permissive-2.0","2025-08-22T00:00:00.000 | 2026-06-11T11:57:15Z | 2026-05-12T00:29:08Z | 2026-05-18T13:23:54Z | 2026-05-25T13:08:59Z | 2026-06-01T13:20:32Z | 2026-06-08T13:20:12Z"
"IL","Illinois","13111c39-7981-4faf-acad-e1701c9aff0b","Bartlett Dental Associates","-88.1816835684721","41.9892767580893","dentist","","164 Bartlett Plz","Bartlett","60103","IL","US","(630) 830-5580","none@hotmail.com","https://www.albertmategranodds.com","https://www.facebook.com/111117968951128","","0.9199122190475464","open","4","Foursquare | Overture | Overture-signals","Apache-2.0 | CDLA-Permissive-2.0","2020-12-16T00:00:00.000 | 2026-06-11T11:57:15Z | 2026-05-12T00:29:08Z | 2026-05-18T13:23:54Z | 2026-05-25T13:08:59Z | 2026-06-01T13:20:32Z | 2026-06-08T13:20:12Z"
"IL","Illinois","13219112-ed38-4810-a787-7b9dec4698fb","Russell H Gertsch DDS & Robert B Smith","-87.722306","41.484092","dentist","medical_service_organizations | health_and_medical","4343 Sauk Trl","Richton Park","60471-1254","IL","US","+17087488181","","http://www.richtonparkdentist.com/","https://www.facebook.com/105720949464769","","0.8961830139160156","","10","meta | Overture","CDLA-Permissive-2.0","2026-04-27T00:00:00.000Z | 2026-06-11T11:57:15Z"
"IL","Illinois","13290871-f6a1-4cc7-88a7-49c795baf34d","Hi-Fidelity Dental","-87.94029319","41.9186762","dentist","","624 N York St","Elmhurst","60126-1635","IL","US","+18479088826","office@biancodmd.com","https://www.hifidelitydental.com/","https://www.facebook.com/369171839617842","","0.9199122190475464","open","8","meta | Overture | Overture-signals","CDLA-Permissive-2.0","2026-04-27T00:00:00.000Z | 2026-06-11T11:57:15Z | 2026-05-12T00:29:08Z | 2026-05-18T13:23:54Z | 2026-05-25T13:08:59Z | 2026-06-01T13:20:32Z | 2026-06-08T13:20:12Z"
"IL","Illinois","13376659-bc1f-48b7-ada0-91a3fc6d1f5d","Brilliant Dental","-88.0183685","41.75375427","dentist","general_dentistry | health_and_medical","1400 75th St","Downers Grove","60516-4295","IL","US","+16309696688","brilliant_dental@yahoo.com","http://www.brilliant-dental.com/","https://www.facebook.com/174379309275928","","0.9199122190475464","open","8","meta | Overture | Overture-signals","CDLA-Permissive-2.0","2026-04-27T00:00:00.000Z | 2026-06-11T11:57:15Z | 2026-05-12T00:29:08Z | 2026-05-18T13:23:54Z | 2026-05-25T13:08:59Z | 2026-06-01T13:20:32Z | 2026-06-08T13:20:12Z"
"IL","Illinois","133cebca-252e-47ce-9124-bca5509a547a","Sunset Hills Family Dental","-89.98328664","38.77816553","dentist","endodontist | orthodontist","101 Magnolia Dr","Glen Carbon","62034","IL","US","+16189613486","sunsethills@mydentalmail.com","https://sunsethillsdental.com/","https://www.facebook.com/145326268883355","Dental Health Society online","0.9722161889076233","","9","meta | Overture","CDLA-Permissive-2.0","2026-04-27T00:00:00.000Z | 2026-06-11T11:57:15Z"
"IL","Illinois","13436b3a-e49b-4405-8c29-8e9a6c38d7d8","Vecchio Dental Care","-88.99833992","42.26468882","dentist","general_dentistry | cosmetic_dentist","6053 Fincham Dr","Rockford","61108-2505","IL","US","+18153986182","vecchiodds@hotmail.com","http://vecchiodentalcare.com/","https://www.facebook.com/201386770022179","Vecchio Dental Care","0.9199122190475464","open","8","meta | Overture | Overture-signals","CDLA-Permissive-2.0","2026-04-27T00:00:00.000Z | 2026-06-11T11:57:15Z | 2026-05-12T00:29:08Z | 2026-05-18T13:23:54Z | 2026-05-25T13:08:59Z | 2026-06-01T13:20:32Z | 2026-06-08T13:20:12Z"
"IL","Illinois","13504dda-583a-4ec2-85ef-ab477a7e20f6","Cool Braces Orthodontics","-87.7910545519119","41.851111549214","dentist","","2140 Wesley Ave","Berwyn","60402","IL","US","(708) 484-8686","info@coolbraces.com","https://coolbraces.com","https://www.instagram.com/coolbraces","","0.77","","3","Foursquare | Overture","Apache-2.0 | CDLA-Permissive-2.0","2025-12-18T00:00:00.000 | 2026-06-11T11:57:15Z"
"IL","Illinois","136566b2-662b-479f-b04a-b9449379a3c1","Chicago Dental Dream Team","-87.60407531","41.73693793","dentist","general_dentistry | cosmetic_dentist","820 E 87th St","Chicago","60619-6253","IL","US","+17734883738","dreamteamdental@yahoo.com","https://dentaldreamteam.com/","https://www.facebook.com/127878143891280","Chicago Dental Dream Team","0.9199122190475464","open","10","meta | Overture | Overture-signals","CDLA-Permissive-2.0","2026-04-27T00:00:00.000Z | 2026-06-11T11:57:15Z | 2026-05-12T00:29:08Z | 2026-05-18T13:23:54Z | 2026-05-25T13:08:59Z | 2026-06-01T13:20:32Z | 2026-06-08T13:20:12Z"
"IL","Illinois","137e4d57-5cf0-4c34-bda1-4cb93f75127c","Metropolitan Square Dental Care","-87.8851569387595","42.0416438209233","dentist","","1541 Market St #203","Des Plaines","60016","IL","US","(847) 827-5555","contactus@metropolitandentalcare.net","http://www.metrosquaredental.com","https://www.twitter.com/metrosquaredent | https://www.facebook.com/426884470791850","","0.77","","5","Foursquare | Overture","Apache-2.0 | CDLA-Permissive-2.0","2025-12-18T00:00:00.000 | 2026-06-11T11:57:15Z"
"IL","Illinois","139f6868-6105-476c-9a61-34d74c731883","Kaori Ema, DDS, FAGD","-87.6288676","41.8728512","dentist","","721 S Dearborn St","Chicago","60605","IL","US","(312) 435-0411","smile@prdentalstudio.com","https://prdentalstudio.com","","","0.9199122190475464","open","4","Foursquare | Overture | Overture-signals","Apache-2.0 | CDLA-Permissive-2.0","2025-10-13T00:00:00.000 | 2026-06-11T11:57:15Z | 2026-05-12T00:29:08Z | 2026-05-18T13:23:54Z | 2026-05-25T13:08:59Z | 2026-06-01T13:20:32Z | 2026-06-08T13:20:12Z"
"IL","Illinois","13a53d2c-dbf5-45be-88fa-d33521baca92","Stony Island Dentalwor","-87.569765362814","41.7660116940719","dentist","","2235 E 71st St","Chicago","60649","IL","US","(773) 375-0303","","http://www.stonyislanddentalworks.com","","","0.9199122190475464","open","9","Foursquare | Overture | Overture-signals","Apache-2.0 | CDLA-Permissive-2.0","2025-04-01T00:00:00.000 | 2026-06-11T11:57:15Z | 2026-05-12T00:29:08Z | 2026-05-18T13:23:54Z | 2026-05-25T13:08:59Z | 2026-06-01T13:20:32Z | 2026-06-08T13:20:12Z"
"IL","Illinois","13a551a6-381e-4eb4-8878-41a7d7edc231","Timothy M Crowe DMD","-87.62497275","41.88300893","dentist","general_dentistry | doctor","30 N Michigan Ave","Chicago","60602-3402","IL","US","+13127822844","info@dentmedchi.com","http://www.tmjchicago.info/","https://www.facebook.com/853684621325583","","0.9199122190475464","open","9","meta | Overture | Overture-signals","CDLA-Permissive-2.0","2026-04-27T00:00:00.000Z | 2026-06-11T11:57:15Z | 2026-05-12T00:29:08Z | 2026-05-18T13:23:54Z | 2026-05-25T13:08:59Z | 2026-06-01T13:20:32Z | 2026-06-08T13:20:12Z"
"IL","Illinois","13c36b85-8938-412d-ad5e-32cfec89c233","Casey Family Dental","-87.9765517665775","39.3047175121359","dentist","","1400 E Main St","Casey","62420","IL","US","(217) 932-5266","","http://casey-dental.com","https://www.facebook.com/504342909628878","","0.77","","5","Foursquare | Overture","Apache-2.0 | CDLA-Permissive-2.0","2025-08-19T00:00:00.000 | 2026-06-11T11:57:15Z"
"IL","Illinois","13cc09d3-fd02-49a3-87ca-25a5fce05e8a","Performance Dental","-87.817228","41.709743","dentist","","9957 S Roberts Rd","Palos Hills","60465","IL","US","(708) 599-8400","contactus@performancedentalcare.com","http://www.performancedentalcare.com","https://www.twitter.com/toothdrs | https://www.facebook.com/152509678737","","0.9199122190475464","open","5","Foursquare | Overture | Overture-signals","Apache-2.0 | CDLA-Permissive-2.0","2025-10-18T00:00:00.000 | 2026-06-11T11:57:15Z | 2026-05-12T00:29:08Z | 2026-05-18T13:23:54Z | 2026-05-25T13:08:59Z | 2026-06-01T13:20:32Z | 2026-06-08T13:20:12Z"
"IL","Illinois","13d0f7fe-3067-4b56-beda-83c5dbb87ec9","Smile Obsession - Naperville South","-88.167407","41.69516577","dentist","general_dentistry","4015 Plainfield-Naperville Rd","Naperville","60564-4238","IL","US","+16303003610","","","https://www.facebook.com/258801270655706","Smile Obsession","0.9199122190475464","open","7","meta | Overture | Overture-signals","CDLA-Permissive-2.0","2026-04-27T00:00:00.000Z | 2026-06-11T11:57:15Z | 2026-05-12T00:29:08Z | 2026-05-18T13:23:54Z | 2026-05-25T13:08:59Z | 2026-06-01T13:20:32Z | 2026-06-08T13:20:12Z"
"IL","Illinois","13d2c4e3-5bd5-485c-9ce9-7ce1231b36dd","The Chicago Dental Studio","-87.64024514","41.89467347","dentist","general_dentistry | cosmetic_dentist","443 W Huron St","Chicago","60654-3412","IL","US","+13122671917","smile@thechicagodentalstudio.com","http://www.thechicagodentalstudio.com/","https://www.facebook.com/242464069153281","The Chicago Dental Studio","0.9902192950248718","open","8","meta | Overture | Overture-signals","CDLA-Permissive-2.0","2026-04-27T00:00:00.000Z | 2026-06-11T11:57:15Z | 2026-05-12T00:29:08Z | 2026-05-18T13:23:54Z | 2026-05-25T13:08:59Z | 2026-06-01T13:20:32Z | 2026-06-08T13:20:12Z"
"IL","Illinois","13ec3a4e-743f-489d-af95-2b86a346bfce","Madrigal Doris DDS","-88.090086","42.371328","dentist","health_and_medical | oral_surgeon","1228 N Cedar Lake Rd","Round Lake Beach","60073-2556","IL","US","+18477408827","","https://www.dmfamilydentistryroundlakebeach.com","https://www.facebook.com/134741103243341","","0.9199122190475464","open","8","meta | Overture | Overture-signals","CDLA-Permissive-2.0","2026-04-27T00:00:00.000Z | 2026-06-11T11:57:15Z | 2026-05-12T00:29:08Z | 2026-05-18T13:23:54Z | 2026-05-25T13:08:59Z | 2026-06-01T13:20:32Z | 2026-06-08T13:20:12Z"
"IL","Illinois","13ed92f4-3d7e-4968-b0fc-c284a9606576","Campbell Richardson Dental Ceramics","-88.6352","40.24696","dentist","health_and_medical","701 E Richardson St","Farmer City","61842-1147","IL","US","+13094881057","","","https://www.facebook.com/2607316242616091","","0.7840837836265564","","7","meta | Overture","CDLA-Permissive-2.0","2026-04-27T00:00:00.000Z | 2026-06-11T11:57:15Z"
"IL","Illinois","13f92b83-663c-4e27-9364-a1138102f773","Pro Smiles Dental","-88.11332664","41.75118339","dentist","general_dentistry | cosmetic_dentist","1212 S Naper Blvd","Naperville","60540-7300","IL","US","+16308666200","myprosmiles@gmail.com","https://www.myprosmiles.com/","https://www.facebook.com/102196315191757","","0.9902192950248718","open","8","meta | Overture | Overture-signals","CDLA-Permissive-2.0","2026-04-27T00:00:00.000Z | 2026-06-11T11:57:15Z | 2026-05-12T00:29:08Z | 2026-05-18T13:23:54Z | 2026-05-25T13:08:59Z | 2026-06-01T13:20:32Z | 2026-06-08T13:20:12Z"
"IL","Illinois","13feb65d-1b47-4525-89f6-f236be51ed73","Dr. Bruce Mason","-89.2837323","40.01024329","dentist","health_and_medical | medical_service_organizations","117 N Lafayette St","Mt Pulaski","62548-1263","IL","US","+12177925060","office@drsmason.com","","https://www.facebook.com/1412341819048956","","0.9199122190475464","open","7","meta | Overture | Overture-signals","CDLA-Permissive-2.0","2026-04-27T00:00:00.000Z | 2026-06-11T11:57:15Z | 2026-05-12T00:29:08Z | 2026-05-18T13:23:54Z | 2026-05-25T13:08:59Z | 2026-06-01T13:20:32Z | 2026-06-08T13:20:12Z"
"IL","Illinois","143614ac-3550-4e83-9ebf-3666d05b69f6","Ridge Pointe Dental","-88.337029","42.176856","dentist","health_and_medical | post_office","152 N Randall Rd","Lake in the Hills","60156-4471","IL","US","+18478548555","","http://www.rpdent.com","https://www.facebook.com/138560332857968","","0.5654001235961914","","6","meta | Overture","CDLA-Permissive-2.0","2026-04-27T00:00:00.000Z | 2026-06-11T11:57:15Z"
"IL","Illinois","1452680a-08ed-4147-8b98-c844763f12b5","Jacobson Orthodontic Associates : Israel Matthew W DDS","-87.7354500660061","41.9905974650809","dentist","","4200 W Peterson Ave Ste 116","Chicago","60646","IL","US","(773) 545-5333","","http://www.jacobsonortho.com","","","0.77","","5","Foursquare | Overture","Apache-2.0 | CDLA-Permissive-2.0","2025-10-17T00:00:00.000 | 2026-06-11T11:57:15Z"
"IL","Illinois","147e00cf-e756-4ca7-95f1-958c0c7a1905","Sirota N M DDS","-87.80155087","41.67569988","dentist","general_dentistry","7350 W College Dr","Palos Heights","60463-1149","IL","US","+17086711050","","","https://www.facebook.com/394853007235853","","0.9199122190475464","open","8","meta | Overture | Overture-signals","CDLA-Permissive-2.0","2026-04-27T00:00:00.000Z | 2026-06-11T11:57:15Z | 2026-05-12T00:29:08Z | 2026-05-18T13:23:54Z | 2026-05-25T13:08:59Z | 2026-06-01T13:20:32Z | 2026-06-08T13:20:12Z"
"IL","Illinois","14952923-eae2-48d8-8a1c-7a61427a3373","Bollaert Mark D DDS","-90.48000831","41.48219422","dentist","general_dentistry | medical_service_organizations","3001 41st St","Moline","61265-7826","IL","US","+13097641173","","http://bollaertmarkddds.placeweb.site","https://www.facebook.com/158359210862036","","0.9588187336921692","","7","meta | Overture","CDLA-Permissive-2.0","2026-04-27T00:00:00.000Z | 2026-06-11T11:57:15Z"
"IL","Illinois","14b5dc0e-0d80-45e4-8566-5b74596b0822","DL Orthodontic Laboratory","-88.13387538","41.78638121","dentist","laboratory_testing","710 E Ogden Ave","Naperville","60563-0001","IL","US","+16307301852","dlortholab@gmail.com","http://www.dlortholab.com/","https://www.facebook.com/176964036582228","","0.9199122190475464","open","6","meta | Overture | Overture-signals","CDLA-Permissive-2.0","2026-04-27T00:00:00.000Z | 2026-06-11T11:57:15Z | 2026-05-12T00:29:08Z | 2026-05-18T13:23:54Z | 2026-05-25T13:08:59Z | 2026-06-01T13:20:32Z | 2026-06-08T13:20:12Z"
"IL","Illinois","14b6f858-5eed-48ea-aa6a-4bf46025a301","Fox Valley Family Dentistry","-88.35600443","41.91785532","dentist","general_dentistry","3310 W Main St","St Charles","60175-1000","IL","US","+16304441701","dreco@fvfamilydentistry.com","http://www.fvfamilydentistry.com/","https://www.facebook.com/108468175058354","","0.9902192950248718","open","10","meta | Overture | Overture-signals","CDLA-Permissive-2.0","2026-04-27T00:00:00.000Z | 2026-06-11T11:57:15Z | 2026-05-12T00:29:08Z | 2026-05-18T13:23:54Z | 2026-05-25T13:08:59Z | 2026-06-01T13:20:32Z | 2026-06-08T13:20:12Z"
"IL","Illinois","14bb5606-80c0-4739-af37-dad3503ab2dc","Dr. Mary Cain","-87.82196267","41.9087107","dentist","general_dentistry","7830 W North Ave","Elmwood Park","60707-3515","IL","US","+17084562111","ddsmc@msn.com","http://drmarycain.com/","https://www.facebook.com/1487121371592315","Mary Cain, DDS","0.9199122190475464","open","10","meta | Overture | Overture-signals","CDLA-Permissive-2.0","2026-04-27T00:00:00.000Z | 2026-06-11T11:57:15Z | 2026-05-12T00:29:08Z | 2026-05-18T13:23:54Z | 2026-05-25T13:08:59Z | 2026-06-01T13:20:32Z | 2026-06-08T13:20:12Z"
"IL","Illinois","14c7fe52-885b-4823-a22c-970f39961d5e","Health Direction Medical Center","-87.75153","41.938507","dentist","medical_center | health_and_medical","4959 W Belmont Ave","Chicago","60641","IL","US","7737962503","","https://hdmedicalcenter.com/locations/belmont/","","","0.9902192950248718","open","7","Microsoft | Overture | Overture-signals","CDLA-Permissive-2.0","2025-10-03T16:51:07.397Z | 2026-06-11T11:57:15Z | 2026-05-12T00:29:08Z | 2026-05-18T13:23:54Z | 2026-05-25T13:08:59Z | 2026-06-01T13:20:32Z | 2026-06-08T13:20:12Z"
"IL","Illinois","15028345-b295-44d9-836e-0f90b059d593","Wyse Family & Cosmetic Dentistry","-88.95056862","40.47508842","dentist","cosmetic_dentist | general_dentistry","405 S Prospect Rd","Bloomington","61704-4900","IL","US","+13096636393","dwyse25@gmail.com","http://www.ChrismanDental.com/","https://www.facebook.com/134498036568079","Wyse Family & Cosmetic Dentistry","0.9997331564128399","","8","meta | Overture","CDLA-Permissive-2.0","2026-04-27T00:00:00.000Z | 2026-06-11T11:57:15Z"
"IL","Illinois","150be68e-2c27-4383-9e4d-8d0155914366","James Willerman","-87.6250192994231","41.8829953846398","dentist","","30 N Michigan Ave","Chicago","60602","IL","US","(312) 346-5661","","http://www.millenniumparkdermatology.com","","","0.77","","5","Foursquare | Overture","Apache-2.0 | CDLA-Permissive-2.0","2025-07-15T00:00:00.000 | 2026-06-11T11:57:15Z"
"IL","Illinois","15148059-c2e0-48a3-9a26-a24ec3b9c66f","Main Street Dentistry","-87.89094045","41.161901","dentist","general_dentistry | health_and_medical","801 Main St NW","Bourbonnais","60914-2314","IL","US","+18159323516","office@bourbonnaisdental.com","https://www.bourbonnaisdental.com/?utm_source=generic&utm_medium=profiles&utm_campaign=local_profiles","https://www.facebook.com/1945014139057510","","0.9199122190475464","open","8","meta | Overture | Overture-signals","CDLA-Permissive-2.0","2026-04-27T00:00:00.000Z | 2026-06-11T11:57:15Z | 2026-05-12T00:29:08Z | 2026-05-18T13:23:54Z | 2026-05-25T13:08:59Z | 2026-06-01T13:20:32Z | 2026-06-08T13:20:12Z"
"IL","Illinois","15310cc5-2281-4c25-a12f-f0eb175a49ef","Family Dentistry of Crystal Lake","-88.3426111268042","42.2450321635457","dentist","","149 N Virginia St Ste 100","Crystal Lake","60014","IL","US","(815) 444-6444","info@halihanfamilydentistry.co","http://www.halihanfamilydentistry.com","https://www.facebook.com/197396400384230","","0.77","","3","Foursquare | Overture","Apache-2.0 | CDLA-Permissive-2.0","2025-12-01T00:00:00.000 | 2026-06-11T11:57:15Z"
"IL","Illinois","1532ffb4-e7ea-4c0f-addc-a8d7ff041789","Richmond Family Dental","-88.30561828","42.48443483","dentist","general_dentistry | medical_service_organizations","10904 N Main St","Richmond","60071-7717","IL","US","+18158621112","richmondfamilydental@edpsmiles.com","https://www.myrichmondfamilydental.com/","https://www.facebook.com/100218751563482","Miles Family Dental","0.9978817343711853","","8","meta | Overture","CDLA-Permissive-2.0","2026-04-27T00:00:00.000Z | 2026-06-11T11:57:15Z"
"IL","Illinois","1538dfe4-67ca-4d78-8360-503b836c3c4a","UIC College of Dentistry, Periodontics","-87.6684494001672","41.8709841548999","dentist","","801 S Paulina St","Chicago","60612","IL","US","(312) 996-1264","","http://dentistry.uic.edu/in_the_media/implant_expert_dr__tolga_tozum_joins_u_i_c_college_of_dentistry_faculty/","","","0.77","","6","Foursquare | Overture","Apache-2.0 | CDLA-Permissive-2.0","2025-08-28T00:00:00.000 | 2026-06-11T11:57:15Z"
"IL","Illinois","1555e62c-ebda-46bb-a0df-9938e2db3206","Meyer Dental Group","-87.92586421","42.05888581","dentist","general_dentistry | health_and_medical","770 E Northwest Hwy","Mt Prospect","60056-3464","IL","US","+18478276290","email@meyerdentalgroup.net","http://www.meyerdentalgroup.net/","https://www.facebook.com/140787646711","","0.9891036748886108","open","2","meta | Overture | Overture-signals","CDLA-Permissive-2.0","2026-04-27T00:00:00.000Z | 2026-06-11T11:57:15Z | 2026-05-25T13:08:59Z | 2026-06-01T13:20:32Z | 2026-06-08T13:20:12Z"
"IL","Illinois","156a2aa6-e4db-4cb0-a407-69493ee4b8be","Busbey Duke DDS","-91.39638015","39.93261702","dentist","general_dentistry","124 N 12th St","Quincy","62301-3021","IL","US","+12172225058","jjjmwill@adams.net","","https://www.facebook.com/135107706554156","","0.6658681035041809","","9","meta | Overture","CDLA-Permissive-2.0","2026-04-27T00:00:00.000Z | 2026-06-11T11:57:15Z"
"IL","Illinois","1572c6e9-1546-4710-92f3-150d9760f4b5","Ashton Dental","-88.238282270678","41.7798094422123","dentist","","1137 N Eola Rd Ste 109","Aurora","60502","IL","US","(630) 898-2688","ashtondental@gmail.com","http://www.myashtondental.com","https://www.facebook.com/154246604650262","","0.77","","5","Foursquare | Overture","Apache-2.0 | CDLA-Permissive-2.0","2024-08-16T00:00:00.000 | 2026-06-11T11:57:15Z"
"IL","Illinois","15974476-1615-47dc-a5c1-2eb9b6d4f14d","Frankfort Smiles Dental","-87.8487814920725","41.5046683034293","dentist","","301 N White St","Frankfort","60423","IL","US","(815) 464-6900","","http://www.frankfortsmilesdental.com","","","0.9199122190475464","open","4","Foursquare | Overture | Overture-signals","Apache-2.0 | CDLA-Permissive-2.0","2025-01-02T00:00:00.000 | 2026-06-11T11:57:15Z | 2026-05-12T00:29:08Z | 2026-05-18T13:23:54Z | 2026-05-25T13:08:59Z | 2026-06-01T13:20:32Z | 2026-06-08T13:20:12Z"
"IL","Illinois","15b33688-bac6-44e9-a746-fbc0635591d6","Szeszycki, SHRN DDS & MCHL A Crne","-88.06131","41.8578","dentist","health_and_medical","45 S Park Blvd","Glen Ellyn","60137-6280","IL","US","+16306270899","","","https://www.facebook.com/943154249080698","","0.6655726432800293","","10","meta | Overture","CDLA-Permissive-2.0","2026-04-27T00:00:00.000Z | 2026-06-11T11:57:15Z"
"IL","Illinois","15d27c5b-ed83-4078-b11c-a807129b7fe7","Dr. Gregory M. Boyer","-89.71700031","39.78818236","dentist","general_dentistry | doctor","3250 Conifer Dr","Springfield","62711-8305","IL","US","+12175468811","","http://www.boyerdentistry.com","https://www.facebook.com/159590754072410","Boyer Dentistry","0.9199122190475464","open","8","meta | Overture | Overture-signals","CDLA-Permissive-2.0","2026-04-27T00:00:00.000Z | 2026-06-11T11:57:15Z | 2026-05-12T00:29:08Z | 2026-05-18T13:23:54Z | 2026-05-25T13:08:59Z | 2026-06-01T13:20:32Z | 2026-06-08T13:20:12Z"
"IL","Illinois","15dd4dca-2be3-4d46-9285-7abb7c5eec40","Wessol Family Dentistry","-89.36752326","38.61053994","dentist","general_dentistry","550 8th St","Carlyle","62231-1803","IL","US","+16185943361","wessoldental2@gmail.com","https://wessoldental.com/","https://www.facebook.com/110388028145014","","0.9199122190475464","open","7","meta | Overture | Overture-signals","CDLA-Permissive-2.0","2026-04-27T00:00:00.000Z | 2026-06-11T11:57:15Z | 2026-05-12T00:29:08Z | 2026-05-18T13:23:54Z | 2026-05-25T13:08:59Z | 2026-06-01T13:20:32Z | 2026-06-08T13:20:12Z"
"IL","Illinois","15fa150f-3b52-4440-a543-c2efb8043af7","Children's Dental World","-87.7785415656772","42.041121932266","dentist","","6046 Dempster St","Morton Grove","60053","IL","US","(847) 470-0665","mg@childrensdentalworld.net","http://childrensdentalworld.net","https://www.twitter.com/smileCDW | https://www.facebook.com/110443849019963","","0.9199122190475464","open","4","Foursquare | Overture | Overture-signals","Apache-2.0 | CDLA-Permissive-2.0","2026-02-02T00:00:00.000 | 2026-06-11T11:57:15Z | 2026-05-12T00:29:08Z | 2026-05-18T13:23:54Z | 2026-05-25T13:08:59Z | 2026-06-01T13:20:32Z | 2026-06-08T13:20:12Z"
"IL","Illinois","162369c2-4aed-47d2-b6c5-d0a85b7eb69e","Compass Dental at Lakeview","-87.64018193","41.94002135","dentist","general_dentistry","415 W Belmont Ave","Chicago","60657-7278","IL","US","+17732450027","compassdentallakeview@gmail.com","https://www.compassdentalcare.com/","https://www.facebook.com/232069906989336","","0.9902192950248718","open","9","meta | Overture | Overture-signals","CDLA-Permissive-2.0","2026-04-27T00:00:00.000Z | 2026-06-11T11:57:15Z | 2026-05-12T00:29:08Z | 2026-05-18T13:23:54Z | 2026-05-25T13:08:59Z | 2026-06-01T13:20:32Z | 2026-06-08T13:20:12Z"
"IL","Illinois","162d649a-8f64-4db0-984a-97366ab6ef68","Valley View Dental","-88.12300023","41.64111451","dentist","general_dentistry","441 N Weber Rd","Romeoville","60446-3972","IL","US","+18153720100","frontdesk@vvdental.com","https://www.vvdental.com/","https://www.facebook.com/105094446224821","Valley View Dental","0.9902192950248718","open","7","meta | Overture | Overture-signals","CDLA-Permissive-2.0","2026-04-27T00:00:00.000Z | 2026-06-11T11:57:15Z | 2026-05-12T00:29:08Z | 2026-05-18T13:23:54Z | 2026-05-25T13:08:59Z | 2026-06-01T13:20:32Z | 2026-06-08T13:20:12Z"
"IL","Illinois","164a9e49-b426-4c10-a55f-3ef3594f10ed","Destiny Dental","-87.5559122817086","41.5919674792973","dentist","","16739 Torrence Ave","Lansing","60438","IL","US","(708) 418-8899","james.lucci3@gmail.com","http://www.destinydentalcare.com","","","0.9199122190475464","open","4","Foursquare | Overture | Overture-signals","Apache-2.0 | CDLA-Permissive-2.0","2025-08-22T00:00:00.000 | 2026-06-11T11:57:15Z | 2026-05-12T00:29:08Z | 2026-05-18T13:23:54Z | 2026-05-25T13:08:59Z | 2026-06-01T13:20:32Z | 2026-06-08T13:20:12Z"
"IL","Illinois","166a5f4d-e30d-496c-8ae8-fe1647603b13","Central Dental Associates","-87.76369314","41.8507989","dentist","general_dentistry | medical_service_organizations","5539 W Cermak Rd","Cicero","60804-2218","IL","US","+17084192937","centraldentalassociates@gmail.com","http://www.centraldentalassociates.com/","https://www.facebook.com/105574889499886","Central Dental Associates","0.9902192950248718","open","9","meta | Overture | Overture-signals","CDLA-Permissive-2.0","2026-04-27T00:00:00.000Z | 2026-06-11T11:57:15Z | 2026-05-12T00:29:08Z | 2026-05-18T13:23:54Z | 2026-05-25T13:08:59Z | 2026-06-01T13:20:32Z | 2026-06-08T13:20:12Z"
"IL","Illinois","167371c8-1032-47d0-a2e1-a4d32d690cb1","North Suburban Center Oral & Facial Surgery","-87.842018","42.24995","dentist","oral_surgeon | health_and_medical","560 Oakwood Ave","Lake Forest","60045-1956","IL","US","+18472347818","info@nscoralsurgery.com","https://www.nscoms.com","https://www.facebook.com/451433155067954","North Suburban Center for Oral & Facial Surgery","0.9199122190475464","open","9","meta | Overture | Overture-signals","CDLA-Permissive-2.0","2026-04-27T00:00:00.000Z | 2026-06-11T11:57:15Z | 2026-05-12T00:29:08Z | 2026-05-18T13:23:54Z | 2026-05-25T13:08:59Z | 2026-06-01T13:20:32Z | 2026-06-08T13:20:12Z"
"IL","Illinois","1684fe9b-d031-433a-a119-d0e44ee6f975","Kulhanek & Romanek DDS","-87.79046073","41.85081677","dentist","general_dentistry | cosmetic_dentist","6642 Cermak Rd","Berwyn","60402-2066","IL","US","+17087493222","kulhanekjon@sbcglobal.net","https://www.berwynildentists.com/","https://www.facebook.com/843401485840520","","0.9902192950248718","open","7","meta | Overture | Overture-signals","CDLA-Permissive-2.0","2026-04-27T00:00:00.000Z | 2026-06-11T11:57:15Z | 2026-05-12T00:29:08Z | 2026-05-18T13:23:54Z | 2026-05-25T13:08:59Z | 2026-06-01T13:20:32Z | 2026-06-08T13:20:12Z"
"IL","Illinois","16af8580-a3e4-4423-91f2-43b595717e61","West Suburban Dental","-87.80056118","41.87947346","dentist","medical_service_organizations | oral_surgeon","1015 Madison St","Oak Park","60302-4404","IL","US","+17088480014","","https://www.westsuburbanmc.com","https://www.facebook.com/118666891543728","West Suburban Medical Center","0.9902192950248718","open","7","meta | Overture | Overture-signals","CDLA-Permissive-2.0","2026-04-27T00:00:00.000Z | 2026-06-11T11:57:15Z | 2026-05-12T00:29:08Z | 2026-05-18T13:23:54Z | 2026-05-25T13:08:59Z | 2026-06-01T13:20:32Z | 2026-06-08T13:20:12Z"
"IL","Illinois","16b3d86e-0cb4-40d0-b53e-38ed517d2659","Blakkolb Robin B DDS","-88.009353","41.763551","dentist","","6800 Main St Ste 106","Downers Grove","60516","IL","US","(630) 964-5880","omaxair@aol.com","http://oralsurgerydownersgrove.com","","","0.77","","5","Foursquare | Overture","Apache-2.0 | CDLA-Permissive-2.0","2023-11-30T00:00:00.000 | 2026-06-11T11:57:15Z"
"IL","Illinois","16b934a2-0058-4bb7-811c-6d38bea1634f","Dr Jerome M. Usheroff, DDS","-87.6241631168271","41.8850187433589","dentist","","155 N Michigan Ave","Chicago","60601","IL","US","(312) 565-0014","","http://www.usheroffdds.com","https://www.facebook.com/202673523120730","","0.9199122190475464","open","4","Foursquare | Overture | Overture-signals","Apache-2.0 | CDLA-Permissive-2.0","2025-04-02T00:00:00.000 | 2026-06-11T11:57:15Z | 2026-05-12T00:29:08Z | 2026-05-18T13:23:54Z | 2026-05-25T13:08:59Z | 2026-06-01T13:20:32Z | 2026-06-08T13:20:12Z"
"IL","Illinois","16d17a87-b54f-4d62-b102-cf83b641fd9b","Hinsdale Center For Cosmetic","-87.93289002","41.80371372","dentist","general_dentistry","211 W Chicago Ave","Hinsdale","60521-3355","IL","US","+16303230610","hinsdaledentist@aol.com","http://www.advanceddentalconcepts.net/","https://www.facebook.com/167929823254785","","0.95965651512146","","10","meta | Overture","CDLA-Permissive-2.0","2026-04-27T00:00:00.000Z | 2026-06-11T11:57:15Z"
"IL","Illinois","16e7fbcf-ef77-4511-8654-727f66922a5a","A&P Dental","-87.705991","41.997725","dentist","","3034 W Devon Ave","Chicago","60659-1400","IL","US","+17732625004","kamindds@gmail.com","","https://www.facebook.com/100528314655194","","0.9577130079269409","","7","meta | Overture","CDLA-Permissive-2.0","2026-04-27T00:00:00.000Z | 2026-06-11T11:57:15Z"
"IL","Illinois","16f480bd-79d3-4c9a-a5e8-9834a1f06953","Chestnut Dental","-87.9122895","41.7524919","dentist","health_and_medical","570 Village Center Dr Ste 202B","Burr Ridge","60527","IL","US","6306553303","","https://www.chestnutdentalhinsdale.com/","","","0.9199122190475464","open","6","Microsoft | Overture | Overture-signals","CDLA-Permissive-2.0","2023-03-10T03:02:27.357Z | 2026-06-11T11:57:15Z | 2026-05-12T00:29:08Z | 2026-05-18T13:23:54Z | 2026-05-25T13:08:59Z | 2026-06-01T13:20:32Z | 2026-06-08T13:20:12Z"
"IL","Illinois","16f98c14-7213-4fa6-a48b-a149f09dab06","Njeri Baker","-87.58819781","41.79945167","dentist","","1525 E 53rd St","Chicago","60615-4530","IL","US","+17736841152","","http://bakerandassociatesdental.com/","https://www.facebook.com/1270608916437451","","0.659988284111023","","8","meta | Overture","CDLA-Permissive-2.0","2026-04-27T00:00:00.000Z | 2026-06-11T11:57:15Z"
"IL","Illinois","16ff13ef-e3b7-48d3-9ddf-84e6b3b46ad0","Barry Dental Clinic","-91.04087838","39.69440029","dentist","health_and_medical | hospital","750 Mortimer St","Barry","62312-1247","IL","US","+12173352397","","http://www.barryil.org","https://www.facebook.com/826356027396994","","0.9199122190475464","open","8","meta | Overture | Overture-signals","CDLA-Permissive-2.0","2026-04-27T00:00:00.000Z | 2026-06-11T11:57:15Z | 2026-05-12T00:29:08Z | 2026-05-18T13:23:54Z | 2026-05-25T13:08:59Z | 2026-06-01T13:20:32Z | 2026-06-08T13:20:12Z"
"IL","Illinois","17187b81-1432-4244-909d-c2d4502131f2","Miswak Dentistry","-87.68727514","41.89732078","dentist","general_dentistry","852 N Western Ave","Chicago","60622-4638","IL","US","+17736610330","miswakdentistry@gmail.com","http://MiswakDentistry.com/","https://www.facebook.com/325828564119583","Miswak Dentistry","0.99968602257967","open","11","meta | Overture | Overture-signals","CDLA-Permissive-2.0","2026-04-27T00:00:00.000Z | 2026-06-11T11:57:15Z | 2026-06-08T13:20:12Z"
"IL","Illinois","1746c703-55f3-4501-bf52-ec7deac2dd8f","Michaels Family Dentistry","-88.51495487","40.74763365","dentist","general_dentistry","110 N 2nd St","Fairbury","61739-1116","IL","US","+18156922815","michaelsfamilydentistry@gmail.com","http://michaelsdmd.com/","https://www.facebook.com/103599787733812","","0.9199122190475464","open","8","meta | Overture | Overture-signals","CDLA-Permissive-2.0","2026-04-27T00:00:00.000Z | 2026-06-11T11:57:15Z | 2026-05-12T00:29:08Z | 2026-05-18T13:23:54Z | 2026-05-25T13:08:59Z | 2026-06-01T13:20:32Z | 2026-06-08T13:20:12Z"
"IL","Illinois","175b88e9-8ce6-48ce-804a-d4eaa186a4df","Elliott H Dudley, DDS","-87.6816673261641","41.7201622322695","dentist","","9525 S Western Ave","Chicago","60643","IL","US","(773) 429-1400","thedentalclinic@sbcglobal.net","http://www.ecofriendlydentistry.com","","","0.9199122190475464","open","4","Foursquare | Overture | Overture-signals","Apache-2.0 | CDLA-Permissive-2.0","2025-06-26T00:00:00.000 | 2026-06-11T11:57:15Z | 2026-05-12T00:29:08Z | 2026-05-18T13:23:54Z | 2026-05-25T13:08:59Z | 2026-06-01T13:20:32Z | 2026-06-08T13:20:12Z"
"IL","Illinois","176208a5-7276-4d1a-ae83-b1ccff6c3dcd","English Rows Dental Group","-88.20561483","41.69299128","dentist","health_and_medical | medical_service_organizations","3027 English Rows Ave","Naperville","60564-5105","IL","US","+16309041106","info@englishrowsdental.com","http://www.englishrowsdental.com/","https://www.facebook.com/293858925139","","0.9902192950248718","open","7","meta | Overture | Overture-signals","CDLA-Permissive-2.0","2026-04-27T00:00:00.000Z | 2026-06-11T11:57:15Z | 2026-05-12T00:29:08Z | 2026-05-18T13:23:54Z | 2026-05-25T13:08:59Z | 2026-06-01T13:20:32Z | 2026-06-08T13:20:12Z"
"IL","Illinois","1762c2d8-ab0a-4fc3-a4d1-ae7d4bac6761","Dr. James M. Fieldhouse","-87.8698533193453","41.8227932811066","dentist","","360 Sherwood Rd","La Grange Park","60526","IL","US","(708) 354-7363","ddsjmf@outlook.com","http://jamesfieldhousedds.com","","","0.9902192950248718","open","4","Foursquare | Overture | Overture-signals","Apache-2.0 | CDLA-Permissive-2.0","2026-02-10T00:00:00.000 | 2026-06-11T11:57:15Z | 2026-05-12T00:29:08Z | 2026-05-18T13:23:54Z | 2026-05-25T13:08:59Z | 2026-06-01T13:20:32Z | 2026-06-08T13:20:12Z"
"IL","Illinois","17656539-73b9-4bdb-8158-aaa337163d8b","Affordable Dentistry Today","-90.0777310027158","38.8884700648528","dentist","","50 North Center Steet","East Alton","62024","IL","US","(618) 259-5563","adteastalton@mydentalmail.com","http://www.AffordableDentistryEastAlton.com","https://www.facebook.com/265544680126486","","0.77","","5","Foursquare | Overture","Apache-2.0 | CDLA-Permissive-2.0","2025-08-21T00:00:00.000 | 2026-06-11T11:57:15Z"
"IL","Illinois","176ab04b-fec9-495b-944a-b9ff4bc47eeb","Smiles Forever LLC","-88.18318669","42.00257072","dentist","general_dentistry | medical_service_organizations","137 E Lake St","Bartlett","60103-4143","IL","US","+16305401177","info@smilesforeverllc.com","http://smilesforeverllc.com/","https://www.facebook.com/1476720395962846","","0.9199122190475464","open","7","meta | Overture | Overture-signals","CDLA-Permissive-2.0","2026-04-27T00:00:00.000Z | 2026-06-11T11:57:15Z | 2026-05-12T00:29:08Z | 2026-05-18T13:23:54Z | 2026-05-25T13:08:59Z | 2026-06-01T13:20:32Z | 2026-06-08T13:20:12Z"
"IL","Illinois","177aacd9-ea4e-4a4b-bca2-8cb01dc93053","Northlake Dental Clinic","-87.8963576","41.9068226","dentist","general_dentistry","159 E North Ave","Northlake","60164-2523","IL","US","+17083456313","","http://www.northlakedentalpc.com/patient_education","https://www.facebook.com/346187048778850","Northlake Dentistry","0.9199122190475464","open","8","meta | Overture | Overture-signals","CDLA-Permissive-2.0","2026-04-27T00:00:00.000Z | 2026-06-11T11:57:15Z | 2026-05-12T00:29:08Z | 2026-05-18T13:23:54Z | 2026-05-25T13:08:59Z | 2026-06-01T13:20:32Z | 2026-06-08T13:20:12Z"
"IL","Illinois","1788c78e-d039-4e7c-895e-61140e0b43c6","Forest Edge Dental","-88.12259761","42.09280893","dentist","general_dentistry | cosmetic_dentist","1722 W Algonquin Rd","Hoffman Estates","60192-1573","IL","US","+18479348070","contactus@forestedgedental.com","http://www.forestedgedental.com/","https://www.facebook.com/293002420730647","","0.9199122190475464","open","7","meta | Overture | Overture-signals","CDLA-Permissive-2.0","2026-04-27T00:00:00.000Z | 2026-06-11T11:57:15Z | 2026-05-12T00:29:08Z | 2026-05-18T13:23:54Z | 2026-05-25T13:08:59Z | 2026-06-01T13:20:32Z | 2026-06-08T13:20:12Z"
"IL","Illinois","179b39f8-6ba4-4f7a-a217-41a557349717","Webster Dental Care of Sauganash","-87.74905912","41.98960091","dentist","general_dentistry","4801 W Peterson Ave","Chicago","60646-5713","IL","US","+17736859666","sauganash@webster.dental","http://www.webdentalchicago.com/sauganash.html","https://www.facebook.com/262518211133144","","0.9199122190475464","open","7","meta | Overture | Overture-signals","CDLA-Permissive-2.0","2026-04-27T00:00:00.000Z | 2026-06-11T11:57:15Z | 2026-05-12T00:29:08Z | 2026-05-18T13:23:54Z | 2026-05-25T13:08:59Z | 2026-06-01T13:20:32Z | 2026-06-08T13:20:12Z"
"IL","Illinois","17cd3986-7a02-471e-8ae1-b07686b953b5","Geneva Dental","-88.33432175","41.89751194","dentist","general_dentistry | doctor","2172 Blackberry Dr","Geneva","60134-1102","IL","US","+16302089331","","http://www.drtingzon.com/","https://www.facebook.com/156836624526657","","0.9493604898452759","","8","meta | Overture","CDLA-Permissive-2.0","2026-04-27T00:00:00.000Z | 2026-06-11T11:57:15Z"
"IL","Illinois","17d5a91c-3446-40b8-b303-2007a5c73c09","Barrington Smiles","-88.1369397384513","42.1344607717909","dentist","","1410 S Barrington Rd Ste 3","Barrington","60010","IL","US","(847) 382-5511","","http://www.barringtonsmiles.dental","","","0.9199122190475464","open","4","Foursquare | Overture | Overture-signals","Apache-2.0 | CDLA-Permissive-2.0","2024-09-26T00:00:00.000 | 2026-06-11T11:57:15Z | 2026-05-12T00:29:08Z | 2026-05-18T13:23:54Z | 2026-05-25T13:08:59Z | 2026-06-01T13:20:32Z | 2026-06-08T13:20:12Z"
"IL","Illinois","17e7a263-2015-43d7-b1de-10ea2dedee97","Stephen Siefferman  DDS.  Heights Dental","-87.7969637331873","41.6641793820797","dentist","","12500 S Harlem Ave","Palos Heights","60463","IL","US","(708) 671-0887","","http://www.heightsdental.com","","","0.77","","5","Foursquare | Overture","Apache-2.0 | CDLA-Permissive-2.0","2026-02-13T00:00:00.000 | 2026-06-11T11:57:15Z"
"IL","Illinois","17eec027-9afd-47e2-9a64-0cd87be9de63","Dr. John Reed Oral Surgery and Dental Implants","-89.6602794654849","40.769557847028","dentist","","6714 N Frostwood Pkwy","Peoria","61615","IL","US","(309) 693-7222","","https://jobsbr.info","","","0.77","","5","Foursquare | Overture","Apache-2.0 | CDLA-Permissive-2.0","2025-08-22T00:00:00.000 | 2026-06-11T11:57:15Z"
"IL","Illinois","181b5b57-cf24-40dc-8055-194282363671","Orleanys Del Carmen DDS","-88.43100731","41.65614713","dentist","general_dentistry | health_and_medical","728 E Veterans Pkwy","Yorkville","60560-1976","IL","US","+16305532505","drdelcarmen@mdentistry.com","","https://www.facebook.com/192022930869069","","0.9199122190475464","open","7","meta | Overture | Overture-signals","CDLA-Permissive-2.0","2026-04-27T00:00:00.000Z | 2026-06-11T11:57:15Z | 2026-05-12T00:29:08Z | 2026-05-18T13:23:54Z | 2026-05-25T13:08:59Z | 2026-06-01T13:20:32Z | 2026-06-08T13:20:12Z"
"IL","Illinois","18203fbb-5990-4757-ab1a-54bc29b38e91","Fox Valley Dental Care Aurora","-88.37704231","41.7805593","dentist","general_dentistry | cosmetic_dentist","2424 W Indian Trl","Aurora","60506-1568","IL","US","+16305937924","frontdesk@bestdentistaurora.com","http://www.foxvalleydental.com/","https://www.facebook.com/147020845332946","Fox Valley Dental Care of Aurora","0.9974386250972748","","8","meta | Overture","CDLA-Permissive-2.0","2026-04-27T00:00:00.000Z | 2026-06-11T11:57:15Z"
"IL","Illinois","183c514b-4942-48fd-bc29-edc34b86b9b8","Jordan L Kaplan","-87.8061499409878","41.6754402158153","dentist","","7550 W College Dr # A","Palos Heights","60463","IL","US","(708) 361-4626","","http://www.collegedrivedental.com","","","0.77","","5","Foursquare | Overture","Apache-2.0 | CDLA-Permissive-2.0","2025-10-17T00:00:00.000 | 2026-06-11T11:57:15Z"
"IL","Illinois","185a94e4-bfb3-4820-957d-30f28b15ff62","Guzaitis Dental Group","-87.94020899","41.90294792","dentist","cosmetic_dentist | prosthodontist","188 N York St","Elmhurst","60126-2715","IL","US","+16309418398","klg@gdgdental.com","http://www.gdgdental.com/","https://www.facebook.com/139791082719474","","0.9199122190475464","open","7","meta | Overture | Overture-signals","CDLA-Permissive-2.0","2026-04-27T00:00:00.000Z | 2026-06-11T11:57:15Z | 2026-05-12T00:29:08Z | 2026-05-18T13:23:54Z | 2026-05-25T13:08:59Z | 2026-06-01T13:20:32Z | 2026-06-08T13:20:12Z"
"IL","Illinois","18675374-1f7c-46ec-8140-b39e118d7d85","Wetzel Roger T DDS","-88.135632","40.315269","dentist","health_and_medical | family_practice","1421 Pine Ave","Rantoul","61866-2019","IL","US","+12178922176","","https://wetzel-roger-t-dds.hub.biz","https://www.facebook.com/162292120462305","","0.8085010051727295","","9","meta | Overture","CDLA-Permissive-2.0","2026-04-27T00:00:00.000Z | 2026-06-11T11:57:15Z"
"IL","Illinois","1875ef38-22ea-483c-a474-9a1cdeeb3773","Advocate illinois Medical Center Dental Center","-87.6494712696094","41.9361847001076","dentist","","811 W Wellington Ave","Chicago","60657","IL","US","(773) 871-1461","","http://www.advocatehealth.com/masonic/dentistry","","","0.9199122190475464","open","4","Foursquare | Overture | Overture-signals","Apache-2.0 | CDLA-Permissive-2.0","2025-12-10T00:00:00.000 | 2026-06-11T11:57:15Z | 2026-05-12T00:29:08Z | 2026-05-18T13:23:54Z | 2026-05-25T13:08:59Z | 2026-06-01T13:20:32Z | 2026-06-08T13:20:12Z"
"IL","Illinois","18841aa4-d2d0-4b4f-8e32-37152bdbafe3","Lakeview Dental Arts","-87.64423751","41.93808431","dentist","general_dentistry | cosmetic_dentist","3115 N Broadway","Chicago","60657-4522","IL","US","+17732705000","info@lakeviewdentalarts.com","http://www.lakeviewdentalarts.com/","https://www.facebook.com/479519708811217","Lakeview Dental Arts","0.9971691185235977","open","9","meta | Overture | Overture-signals","CDLA-Permissive-2.0","2026-04-27T00:00:00.000Z | 2026-06-11T11:57:15Z | 2026-06-08T13:20:12Z"
"IL","Illinois","188c0dd2-0b5a-4de2-b8db-b453f4ece98b","Associated Family Dental Care","-89.61715657","40.72556657","dentist","general_dentistry","3100 N Dries Ln","Peoria","61604-1259","IL","US","+13096886646","jobcws@yahoo.com","http://Www.associateddentalpeoria.com/","https://www.facebook.com/104126979242465","","0.9199122190475464","open","9","meta | Overture | Overture-signals","CDLA-Permissive-2.0","2026-04-27T00:00:00.000Z | 2026-06-11T11:57:15Z | 2026-05-12T00:29:08Z | 2026-05-18T13:23:54Z | 2026-05-25T13:08:59Z | 2026-06-01T13:20:32Z | 2026-06-08T13:20:12Z"
"IL","Illinois","189ad59c-6c9e-42c4-8834-3aad05bd7bab","Green Tree Dental of Lincoln Park","-87.64905164","41.93148806","dentist","","2704 N Halsted St","Chicago","60614-1414","IL","US","+17733482704","dentalmasterslp@gmail.com","https://thedentalmasters.org/","https://www.facebook.com/106600388801328","The Dental Masters","0.9308568239212036","","1","meta | Overture","CDLA-Permissive-2.0","2026-04-27T00:00:00.000Z | 2026-06-11T11:57:15Z"
"IL","Illinois","18cfc8cc-d01c-4550-8ffc-f9a247f0cac5","Pediatric Dental Associates - Crystal Lake","-88.28753","42.26012","dentist","pediatric_dentist | orthodontist","690 S IL Route 31","Crystal Lake","60012-3707","IL","US","+18154592727","","http://kidsmyl.com","https://www.facebook.com/1676515582578510","","0.9965517854690552","","8","meta | Overture","CDLA-Permissive-2.0","2026-04-27T00:00:00.000Z | 2026-06-11T11:57:15Z"
"IL","Illinois","18d8b073-debc-4ff1-8c71-8bd8127a85f1","Oregon Dental","-89.34160557","42.01712332","dentist","general_dentistry | health_and_medical","1307 Washington St","Oregon","61061","IL","US","+18157326911","oregondental@shadyoakdental.com","http://oregondent.com/","https://www.facebook.com/2176536895695171","","0.9199122190475464","open","9","meta | Overture | Overture-signals","CDLA-Permissive-2.0","2026-04-27T00:00:00.000Z | 2026-06-11T11:57:15Z | 2026-05-12T00:29:08Z | 2026-05-18T13:23:54Z | 2026-05-25T13:08:59Z | 2026-06-01T13:20:32Z | 2026-06-08T13:20:12Z"
"IL","Illinois","19027d83-3125-45c4-a184-6419d2d15211","River City Family Dentistry","-89.62580003","40.69580349","dentist","general_dentistry | doctor","2024 W Rohmann Ave","West Peoria","61604-5500","IL","US","+13096925863","info@rivercityfamilydentistry.com","http://www.rivercityfamilydentistry.com/","https://www.facebook.com/1848611938709382","River City Family Dentistry","0.9902192950248718","open","10","meta | Overture | Overture-signals","CDLA-Permissive-2.0","2026-04-27T00:00:00.000Z | 2026-06-11T11:57:15Z | 2026-05-12T00:29:08Z | 2026-05-18T13:23:54Z | 2026-05-25T13:08:59Z | 2026-06-01T13:20:32Z | 2026-06-08T13:20:12Z"
"IL","Illinois","190396fd-9f5e-4733-853a-cf80cd35f051","Distinctive Dental Studio","-88.20015891","41.79691449","dentist","laboratory_testing | health_and_medical","1504 Wall St","Naperville","60563-1100","IL","US","+18005527890","ddsltd@ddsltdlab.com","http://www.ddsltdlab.com/","https://www.facebook.com/121725277884828","","0.9875527620315552","","9","meta | Overture","CDLA-Permissive-2.0","2026-04-27T00:00:00.000Z | 2026-06-11T11:57:15Z"
"IL","Illinois","190525e4-913b-43d1-b3dd-c482154d0ea7","Dr Doran, Dr Capodice, Dr Efaw, Dr Ocheltree","-88.9592320152716","40.482247967568","dentist","","109 N Regency Dr","Bloomington","61701","IL","US","(309) 663-2526","","https://www.dceooms.com","https://www.facebook.com/162553283764214","","0.9199122190475464","open","4","Foursquare | Overture | Overture-signals","Apache-2.0 | CDLA-Permissive-2.0","2026-04-09T00:00:00.000 | 2026-06-11T11:57:15Z | 2026-05-12T00:29:08Z | 2026-05-18T13:23:54Z | 2026-05-25T13:08:59Z | 2026-06-01T13:20:32Z | 2026-06-08T13:20:12Z"
"IL","Illinois","192c1cd6-9e3b-4e7f-aa64-bca8a399905c","Smiles of Lombard P.C","-88.01752312","41.86941999","dentist","general_dentistry","845 S Main St","Lombard","60148-3350","IL","US","+13313220113","smilesoflombard@gmail.com","http://Www.smilesoflombard.com/","https://www.facebook.com/1816210361770627","","0.9902192950248718","open","7","meta | Overture | Overture-signals","CDLA-Permissive-2.0","2026-04-27T00:00:00.000Z | 2026-06-11T11:57:15Z | 2026-05-12T00:29:08Z | 2026-05-18T13:23:54Z | 2026-05-25T13:08:59Z | 2026-06-01T13:20:32Z | 2026-06-08T13:20:12Z"
"IL","Illinois","19456e0d-6d3c-4430-8959-34baf2a9992e","Impressive Smiles","-87.98523852","42.11499438","dentist","general_dentistry | cosmetic_dentist","131 W Rand Rd","Arlington Heights","60004-3142","IL","US","+18472607993","info@ahdentist.com","https://www.impressivesmilesdental.com/?utm_source=google&utm_medium=organic&utm_campaign=gbp","https://www.facebook.com/139715812734784","","0.9902192950248718","open","8","meta | Overture | Overture-signals","CDLA-Permissive-2.0","2026-04-27T00:00:00.000Z | 2026-06-11T11:57:15Z | 2026-05-12T00:29:08Z | 2026-05-18T13:23:54Z | 2026-05-25T13:08:59Z | 2026-06-01T13:20:32Z | 2026-06-08T13:20:12Z"
"IL","Illinois","197220a7-d4ca-4e0b-ba1e-fadcc59d38e5","Cedar Lake Dental","-88.09693464","42.31445018","dentist","general_dentistry | medical_service_organizations","1849 Cedar Lake Rd","Round Lake","60073-5711","IL","US","+18472011102","","http://www.cedarlakedentistry.com/","https://www.facebook.com/1748311268723287","","0.9199122190475464","open","8","meta | Overture | Overture-signals","CDLA-Permissive-2.0","2026-04-27T00:00:00.000Z | 2026-06-11T11:57:15Z | 2026-05-12T00:29:08Z | 2026-05-18T13:23:54Z | 2026-05-25T13:08:59Z | 2026-06-01T13:20:32Z | 2026-06-08T13:20:12Z"
"IL","Illinois","1994f864-3753-4a01-82d8-667ea3f12d94","Murzyn Michael E DDS","-87.6778247945843","41.9161283720992","dentist","","1880 N Damen Ave","Chicago","60647","IL","US","(773) 384-9740","","https://avvo.com","","","0.9199122190475464","open","4","Foursquare | Overture | Overture-signals","Apache-2.0 | CDLA-Permissive-2.0","2025-04-12T00:00:00.000 | 2026-06-11T11:57:15Z | 2026-05-12T00:29:08Z | 2026-05-18T13:23:54Z | 2026-05-25T13:08:59Z | 2026-06-01T13:20:32Z | 2026-06-08T13:20:12Z"
"IL","Illinois","19a827fd-2245-4409-92a7-cfbfceef53f1","McNerney & Wenzon Dental","-88.30946984","42.23304775","dentist","general_dentistry | health_and_medical","300 Memorial Dr","Crystal Lake","60014-6273","IL","US","+18154598127","mcnerneywenzon@sbcglobal.net","http://www.mcnerneywenzondental.com/","https://www.facebook.com/154682391236283","","0.9945607781410217","","8","meta | Overture","CDLA-Permissive-2.0","2026-04-27T00:00:00.000Z | 2026-06-11T11:57:15Z"
"IL","Illinois","19b027e9-1c3c-4a87-b6a3-60abbb9e84f0","Purely Smiles Dental","-87.85260539","42.0253095","dentist","general_dentistry | health_and_medical","2024 Oakton St","Park Ridge","60068-1958","IL","US","+18473488834","info@purelysmiles.com","https://purelysmiles.com/","https://www.facebook.com/289753191060642","Purely Smiles Dental","0.9199122190475464","open","9","meta | Overture | Overture-signals","CDLA-Permissive-2.0","2026-04-27T00:00:00.000Z | 2026-06-11T11:57:15Z | 2026-05-12T00:29:08Z | 2026-05-18T13:23:54Z | 2026-05-25T13:08:59Z | 2026-06-01T13:20:32Z | 2026-06-08T13:20:12Z"
"IL","Illinois","19bb78ad-7ec9-4608-8cab-28bddd83eb6c","APG Dentistry","-88.0302506728234","41.7497354226829","dentist","","7125 Janes Ave Ste. 600","Woodridge","60517","IL","US","(630) 985-3393","","https://www.apgdentistry.com","https://www.facebook.com/728325810513598","","0.77","","5","Foursquare | Overture","Apache-2.0 | CDLA-Permissive-2.0","2023-12-08T00:00:00.000 | 2026-06-11T11:57:15Z"
"IL","Illinois","19c9fe33-a825-4b3d-a53c-9173558de4e7","Dr Reichman Dentist","-87.8508507190606","41.6273922206754","dentist","","9449 W 144th Pl","Orland Park","60462","IL","US","(708) 460-3500","","http://www.markriechman.com","","","0.9199122190475464","open","4","Foursquare | Overture | Overture-signals","Apache-2.0 | CDLA-Permissive-2.0","2025-12-17T00:00:00.000 | 2026-06-11T11:57:15Z | 2026-05-12T00:29:08Z | 2026-05-18T13:23:54Z | 2026-05-25T13:08:59Z | 2026-06-01T13:20:32Z | 2026-06-08T13:20:12Z"
"IL","Illinois","19cfec56-42da-426d-9460-80e208775888","C E Watson Ltd","-87.5851911","41.74345621","dentist","health_and_medical | fashion_accessories_store","8325 S Stony Island Ave","Chicago","60617-1758","IL","US","+17737683100","","","https://www.facebook.com/168556396488235","","0.9199122190475464","open","7","meta | Overture | Overture-signals","CDLA-Permissive-2.0","2026-04-27T00:00:00.000Z | 2026-06-11T11:57:15Z | 2026-05-12T00:29:08Z | 2026-05-18T13:23:54Z | 2026-05-25T13:08:59Z | 2026-06-01T13:20:32Z | 2026-06-08T13:20:12Z"
"IL","Illinois","19d1d1bb-2351-4a31-aaa7-6782e649b45b","At Dental","-88.150738","41.888559","dentist","hospital | farm","1N121 County Farm Rd","Winfield","60190-2019","IL","US","+16303079955","atdental09@gmail.com","http://at-dental.com/","https://www.facebook.com/505778806192392","","0.6777523159980774","","7","meta | Overture","CDLA-Permissive-2.0","2026-04-27T00:00:00.000Z | 2026-06-11T11:57:15Z"
"IL","Illinois","19d2f0b8-396b-4c6b-b292-4a2b47c5ce40","The Dental Loft","-87.8701025514589","41.8142789446864","dentist","","1 W Harris Ave Ste 2A","La Grange","60525","IL","US","(708) 482-0702","contact@thedentalloft.com","https://thedentalloft.com","","","0.9902192950248718","open","10","Foursquare | Overture | Overture-signals","Apache-2.0 | CDLA-Permissive-2.0","2025-12-09T00:00:00.000 | 2026-06-11T11:57:15Z | 2026-05-12T00:29:08Z | 2026-05-18T13:23:54Z | 2026-05-25T13:08:59Z | 2026-06-01T13:20:32Z | 2026-06-08T13:20:12Z"
"IL","Illinois","19d8a2b1-f4a6-4110-b911-2e7d51984f42","Today's Family Dentistry","-88.122956","42.004479","dentist","periodontist | health_and_medical","1752 W Wise Rd","Schaumburg","60193-3524","IL","US","+18473017950","","http://www.todaysfamilydentist.com/","https://www.facebook.com/636356533114879","","0.8322083950042725","","8","meta | Overture","CDLA-Permissive-2.0","2026-04-27T00:00:00.000Z | 2026-06-11T11:57:15Z"
"IL","Illinois","19f14bfb-4cc6-4f75-987c-44d7a88b77b4","Craig S. Kohler","-87.7063934","42.07705598","dentist","general_dentistry | health_and_medical","1159 Wilmette Ave","Wilmette","60091-2628","IL","US","+18472519000","kohlerdentistry@gmail.com","http://Kohlerdentistry.com/","https://www.facebook.com/218588748157001","","0.9984596196115016","","9","meta | Overture","CDLA-Permissive-2.0","2026-04-27T00:00:00.000Z | 2026-06-11T11:57:15Z"
"IL","Illinois","19f70fb0-a813-4a12-bf99-4467276cea7d","Smile Family Dental","-88.3089063","41.7189577","dentist","","1991 Wiesbrook Rd Ste 7","Oswego","60543","IL","US","(630) 554-5858","","https://www.smilesofoswego.com","","","0.9199122190475464","open","7","Foursquare | Overture | Overture-signals","Apache-2.0 | CDLA-Permissive-2.0","2026-01-08T00:00:00.000 | 2026-06-11T11:57:15Z | 2026-05-12T00:29:08Z | 2026-05-18T13:23:54Z | 2026-05-25T13:08:59Z | 2026-06-01T13:20:32Z | 2026-06-08T13:20:12Z"
"IL","Illinois","1a0b398a-22bc-46f1-8a01-a88954f669d0","Mark A. Hofmeister DDS","-88.2060855560518","41.9785483623797","dentist","","1048 Norwood Ln","Bartlett","60103","IL","US","(630) 830-6056","info@bartlettfamilydental.com","http://www.bartlettfamilydental.com","https://www.twitter.com/bartlettdds | https://www.facebook.com/399834776810917","","0.9199122190475464","open","4","Foursquare | Overture | Overture-signals","Apache-2.0 | CDLA-Permissive-2.0","2025-08-19T00:00:00.000 | 2026-06-11T11:57:15Z | 2026-05-12T00:29:08Z | 2026-05-18T13:23:54Z | 2026-05-25T13:08:59Z | 2026-06-01T13:20:32Z | 2026-06-08T13:20:12Z"
"IL","Illinois","1a324605-1fc7-4c5b-91eb-744ebba6faa3","Airlite Dental of Elgin - Charles D Martinez DMD","-88.3295228069609","42.0341735991509","dentist","","40 N Airlite St Ste 1A","Elgin","60123","IL","US","(847) 214-1324","info@airlitedental.com","","https://www.facebook.com/421256387934833","","0.77","","5","Foursquare | Overture","Apache-2.0 | CDLA-Permissive-2.0","2025-11-20T00:00:00.000 | 2026-06-11T11:57:15Z"
"IL","Illinois","1a3488f2-52e0-434b-9ada-2efc3272a021","Ideal Dental Care","-89.0022277832031","42.2685394287109","dentist","","5876 E State St","Rockford","61108","IL","US","(815) 901-1044","office@idcrockford.com","http://www.idcrockford.com","https://www.facebook.com/724634330944126","","0.9199122190475464","open","4","Foursquare | Overture | Overture-signals","Apache-2.0 | CDLA-Permissive-2.0","2025-08-19T00:00:00.000 | 2026-06-11T11:57:15Z | 2026-05-12T00:29:08Z | 2026-05-18T13:23:54Z | 2026-05-25T13:08:59Z | 2026-06-01T13:20:32Z | 2026-06-08T13:20:12Z"
"IL","Illinois","1a364c2b-7992-4cb2-a561-0beb9ac5836b","Advent Dental","-87.64597862","41.83131649","dentist","general_dentistry | medical_center","3443 S Halsted St","Chicago","60608-6707","IL","US","+17732470404","smiles@adventdental.net","http://www.adventdental.net/","https://www.facebook.com/116237795102249","Advent Dental  Victor Ramirez DDS","0.9199122190475464","open","9","meta | Overture | Overture-signals","CDLA-Permissive-2.0","2026-04-27T00:00:00.000Z | 2026-06-11T11:57:15Z | 2026-05-12T00:29:08Z | 2026-05-18T13:23:54Z | 2026-05-25T13:08:59Z | 2026-06-01T13:20:32Z | 2026-06-08T13:20:12Z"
"IL","Illinois","1a38d00a-631e-434d-b9d5-6399f219b177","Golf Glen Dentistry","-87.875622","42.052863","dentist","","9301 Golf Rd","Des Plaines","60016","IL","US","(847) 824-7467","office@golfglendentistry.com","http://www.golfglendentistry.com","https://www.twitter.com/golfglendentist | https://www.facebook.com/481116255278259","","0.77","","5","Foursquare | Overture","Apache-2.0 | CDLA-Permissive-2.0","2025-08-05T00:00:00.000 | 2026-06-11T11:57:15Z"
"IL","Illinois","1a3a257a-704c-482a-83a8-9d73bef10965","ABC Dental","-87.74240803","41.93228551","dentist","orthodontist | general_dentistry","4608 W Diversey Ave","Chicago","60639-1801","IL","US","+17734812200","info@abcdentalchicago.com","https://abcdentalchicago.com/","https://www.facebook.com/103503335910297","","0.9902192950248718","open","9","meta | Overture | Overture-signals","CDLA-Permissive-2.0","2026-04-27T00:00:00.000Z | 2026-06-11T11:57:15Z | 2026-05-12T00:29:08Z | 2026-05-18T13:23:54Z | 2026-05-25T13:08:59Z | 2026-06-01T13:20:32Z | 2026-06-08T13:20:12Z"
"IL","Illinois","1a4b7337-ce3d-48cb-a424-a342ec08f0ac","Dr. Greg Potempa","-88.20203405","41.82934465","dentist","health_and_medical | cosmetic_dentist","2S676 State Route 59","Warrenville","60555-1436","IL","US","+16303939300","frontdesk@drgregpotempa.com","https://www.drgregpotempa.com/","https://www.facebook.com/107230495984834","","0.9747478365898132","open","1","meta | Overture | Overture-signals","CDLA-Permissive-2.0","2026-04-27T00:00:00.000Z | 2026-06-11T11:57:15Z | 2026-05-12T00:29:08Z"
"IL","Illinois","1a4f5438-0e8b-4893-bf04-ea2ba9909ed6","Barrett Family Dental","-89.99721783","38.21224642","dentist","general_dentistry | cosmetic_dentist","114 Park Plz","Red Bud","62278-1084","IL","US","+16182826700","info@barrettdds.com","http://www.barrettdds.com/","https://www.facebook.com/101430252551151","","0.9199122190475464","open","9","meta | Overture | Overture-signals","CDLA-Permissive-2.0","2026-04-27T00:00:00.000Z | 2026-06-11T11:57:15Z | 2026-05-12T00:29:08Z | 2026-05-18T13:23:54Z | 2026-05-25T13:08:59Z | 2026-06-01T13:20:32Z | 2026-06-08T13:20:12Z"
"IL","Illinois","1a6ebf46-23e5-48c3-9145-4bc908ed5e99","Thomas J. Delacey, D.D.S.","-88.1770622235245","41.8004687359044","dentist","","28377 Davis Pkwy Suite 609","Warrenville","60555","IL","US","(630) 836-8880","office@delaceydental.com","http://www.delaceydental.com","https://www.facebook.com/287572461253716","","0.77","","3","Foursquare | Overture","Apache-2.0 | CDLA-Permissive-2.0","2026-04-08T00:00:00.000 | 2026-06-11T11:57:15Z"
"IL","Illinois","1a6ef0d5-ffdc-4c06-91fa-10dace409e98","Preserve On The Rock Run Home","-88.15456942325","41.54974389775","dentist","retirement_home | park","3199 Covered Bridge Way","Joliet","60435-0616","IL","US","+18157254189","","","https://www.facebook.com/170112633004124","","0.5674303770065308","","1","meta | Overture","CDLA-Permissive-2.0","2026-04-27T00:00:00.000Z | 2026-06-11T11:57:15Z"
"IL","Illinois","1af0b769-a596-4188-8fe2-495a5ce0d79a","Robert Miller DDS","-88.076749","42.027217","dentist","","113 E Schaumburg Rd","Schaumburg","60194","IL","US","(847) 278-0267","","http://www.smilesbyrmiller.com","","","0.77","","3","Foursquare | Overture","Apache-2.0 | CDLA-Permissive-2.0","2025-10-17T00:00:00.000 | 2026-06-11T11:57:15Z"
"IL","Illinois","1af16072-6010-4538-8b94-614bee06e024","Barrington ProDental Care","-88.1269226074219","42.1318740844727","dentist","","1531 S Grove Ave","Barrington","60010","IL","US","(847) 842-2410","","http://barringtonestheticdentist.com","https://www.facebook.com/419042868209017","","0.77","","5","Foursquare | Overture","Apache-2.0 | CDLA-Permissive-2.0","2025-05-07T00:00:00.000 | 2026-06-11T11:57:15Z"
"IL","Illinois","1afea462-ca3c-4817-b639-43f623bf66fa","Dental Magic","-87.7681360520774","42.0131052668059","dentist","","5622 W Touhy Ave","Niles","60714","IL","US","(847) 983-4202","info@dentalmagicdentistry.com","http://www.dentalmagicdentistry.com","","","0.77","","5","Foursquare | Overture","Apache-2.0 | CDLA-Permissive-2.0","2025-08-19T00:00:00.000 | 2026-06-11T11:57:15Z"
"IL","Illinois","1b00a9b5-49c5-4e57-9e7f-75def97d21a8","Sommers Family Dental","-88.36301608","41.76366131","dentist","pediatric_dentist | cosmetic_dentist","1940 W Galena Blvd","Aurora","60506-4319","IL","US","+16308927041","sommersfamilydental@gmail.com","http://www.sommersfamilydental.com/","https://www.facebook.com/148790251918348","Sommers Family Dental","0.9902192950248718","open","8","meta | Overture | Overture-signals","CDLA-Permissive-2.0","2026-04-27T00:00:00.000Z | 2026-06-11T11:57:15Z | 2026-05-12T00:29:08Z | 2026-05-18T13:23:54Z | 2026-05-25T13:08:59Z | 2026-06-01T13:20:32Z | 2026-06-08T13:20:12Z"
"IL","Illinois","1b3d58cd-955e-4445-a0c4-3310699d64d7","Fieldcrest Dental","-89.03392281","40.90098998","dentist","general_dentistry | health_and_medical","430 N Chestnut St","Minonk","61760-1270","IL","US","+13094322833","","http://www.fieldcrestdental.com","https://www.facebook.com/1513140358980083","","0.9199122190475464","open","8","meta | Overture | Overture-signals","CDLA-Permissive-2.0","2026-04-27T00:00:00.000Z | 2026-06-11T11:57:15Z | 2026-05-12T00:29:08Z | 2026-05-18T13:23:54Z | 2026-05-25T13:08:59Z | 2026-06-01T13:20:32Z | 2026-06-08T13:20:12Z"
"IL","Illinois","1b4118ca-8ba9-4124-935f-b56535fb2e3d","Lane Dental","-88.15198159","41.93922291","dentist","general_dentistry","940 Army Trail Rd","Carol Stream","60188-9068","IL","US","+16308308330","lanedental1985@gmail.com","https://carolstream.dental/","https://www.facebook.com/165005780806906","","0.9973043888807297","","9","meta | Overture","CDLA-Permissive-2.0","2026-04-27T00:00:00.000Z | 2026-06-11T11:57:15Z"
"IL","Illinois","1b5397f0-44a4-4a36-935f-74e4bae7c74c","William L. Jesenovec","-87.94761112","42.36466279","dentist","general_dentistry | medical_service_organizations","310 Tri-State Pkwy","Gurnee","60031-5282","IL","US","+18473369033","jljesenovec@sbcglobal.net","http://www.drchipdental.com","https://www.facebook.com/215900621837566","","0.6967775821685791","","8","meta | Overture","CDLA-Permissive-2.0","2026-04-27T00:00:00.000Z | 2026-06-11T11:57:15Z"
"IL","Illinois","1b5b2255-e620-4a14-b353-aca6e9e005d3","Dean Nichols, DDS","-88.003239","42.080906","dentist","doctor | medical_service_organizations","121 S Wilke Rd","Arlington Heights","60005-1520","IL","US","+18473922141","dnichols@sunamerica.com","http://www.nicholsdentistry.com/","https://www.facebook.com/334882270273","","0.9199122190475464","open","6","meta | Overture | Overture-signals","CDLA-Permissive-2.0","2026-04-27T00:00:00.000Z | 2026-06-11T11:57:15Z | 2026-05-12T00:29:08Z | 2026-05-18T13:23:54Z | 2026-05-25T13:08:59Z | 2026-06-01T13:20:32Z | 2026-06-08T13:20:12Z"
"IL","Illinois","1b675568-60c6-41cd-b991-d42f425c07ca","Dental Associates Orland Park","-87.85073433","41.62733804","dentist","general_dentistry","9443 W 144th Pl","Orland Park","60462-2543","IL","US","+17084039848","","https://www.dentalassociatesorlandpark.com/","https://www.facebook.com/237357786367242","Dental Associates of CT","0.9199122190475464","open","8","meta | Overture | Overture-signals","CDLA-Permissive-2.0","2026-04-27T00:00:00.000Z | 2026-06-11T11:57:15Z | 2026-05-12T00:29:08Z | 2026-05-18T13:23:54Z | 2026-05-25T13:08:59Z | 2026-06-01T13:20:32Z | 2026-06-08T13:20:12Z"
"IL","Illinois","1b75ee9c-2afb-403a-b275-75f27b36990b","East Village Dental Centre","-87.66711291","41.89801715","dentist","general_dentistry","901 N Ashland Ave","Chicago","60622-5111","IL","US","+17735469126","eastvillagedental@gmail.com","https://evdental.com/","https://www.facebook.com/142917425722282","Клініка стоматології Vaskovsky - м.Ірпінь","0.9902192950248718","open","9","meta | Overture | Overture-signals","CDLA-Permissive-2.0","2026-04-27T00:00:00.000Z | 2026-06-11T11:57:15Z | 2026-05-12T00:29:08Z | 2026-05-18T13:23:54Z | 2026-05-25T13:08:59Z | 2026-06-01T13:20:32Z | 2026-06-08T13:20:12Z"
"IL","Illinois","1b7ba645-6e2d-4b5b-b01a-d19b0ad5b872","New Family Dental","-88.00608359","42.05816916","dentist","general_dentistry | doctor","1768 W Algonquin Rd","Arlington Heights","60005-3405","IL","US","+13312343000","office@newfamilydental.com","http://www.newfamilydental.com/","https://www.facebook.com/1296381980379554","1st Family Dental","0.993311882019043","","8","meta | Overture","CDLA-Permissive-2.0","2026-04-27T00:00:00.000Z | 2026-06-11T11:57:15Z"
"IL","Illinois","1b8d2963-4fe8-4c13-b22b-dc44bedd3629","Martin Lowery","-87.68016787","41.65473452","dentist","doctor | medical_service_organizations","13122 Western Ave","Blue Island","60406","IL","US","+17083883960","","","https://www.facebook.com/209635989091834","","0.9199122190475464","open","6","meta | Overture | Overture-signals","CDLA-Permissive-2.0","2026-04-27T00:00:00.000Z | 2026-06-11T11:57:15Z | 2026-05-12T00:29:08Z | 2026-05-18T13:23:54Z | 2026-05-25T13:08:59Z | 2026-06-01T13:20:32Z | 2026-06-08T13:20:12Z"
"IL","Illinois","1b8ff5c3-91ae-4837-8f1e-e44288e07cb7","International Dental of Chicago","-87.78616521","41.93776599","dentist","general_dentistry | medical_center","3138 N Narragansett Ave","Chicago","60634-4919","IL","US","+17737456410","intdentalchicago@gmail.com","https://www.intldental.com/specials","https://www.facebook.com/687261491416745","International Dental Center Inc.","0.9902192950248718","open","8","meta | Overture | Overture-signals","CDLA-Permissive-2.0","2026-04-27T00:00:00.000Z | 2026-06-11T11:57:15Z | 2026-05-12T00:29:08Z | 2026-05-18T13:23:54Z | 2026-05-25T13:08:59Z | 2026-06-01T13:20:32Z | 2026-06-08T13:20:12Z"
"IL","Illinois","1b912b4c-76fb-47f3-838e-e4af69941fa1","Family Dental Care","-87.81103618","41.60169613","dentist","general_dentistry | health_and_medical","7895 W 159th St","Tinley Park","60477-1343","IL","US","+17084294822","","https://www.familydentalcare.com","https://www.facebook.com/168334533181188","Familydentalcare","0.9199122190475464","open","8","meta | Overture | Overture-signals","CDLA-Permissive-2.0","2026-04-27T00:00:00.000Z | 2026-06-11T11:57:15Z | 2026-05-12T00:29:08Z | 2026-05-18T13:23:54Z | 2026-05-25T13:08:59Z | 2026-06-01T13:20:32Z | 2026-06-08T13:20:12Z"
"IL","Illinois","1ba73443-61b6-4f8f-b3d5-32ac7861b7f4","Dental & Braces","-87.7852174","41.9224616","dentist","orthodontist | family_practice","2319 N. Narragansett Ave.","Chicago","60634","IL","US","+17737011324","","","https://www.facebook.com/167484220748830","Dental & Braces","0.6807171106338501","","7","meta | Overture","CDLA-Permissive-2.0","2026-04-27T00:00:00.000Z | 2026-06-11T11:57:15Z"
"IL","Illinois","1bb2f5a8-bb04-442b-bddb-902db3251f40","Aspen Dental","-87.80749","41.961088","dentist","","4450 N. Harlem Ave","Norridge","60706","IL","US","","","https://www.aspendental.com/dentist/il/norridge/4450-n-harlem-ave/","","Aspen Dental","0.954","","7","AllThePlaces | Overture","CC0-1.0 | CDLA-Permissive-2.0","2026-06-02T15:18:54.000Z | 2026-06-11T11:57:15Z"
"IL","Illinois","1bc6f6a2-a36a-4571-9a08-9e38ac271b20","Dr Hagenbrauch & Dr Kaiser Office","-88.6125731644115","42.4224118402166","dentist","","502 N Hart St","Harvard","60033","IL","US","(815) 943-5420","","https://www.kaiserfamilydental.com/about-us","","","0.77","","3","Foursquare | Overture","Apache-2.0 | CDLA-Permissive-2.0","2025-10-16T00:00:00.000 | 2026-06-11T11:57:15Z"
"IL","Illinois","1bcdb0ca-684c-46a2-9c2e-d4c5ea694ccf","Dennis J McDowell DDS","-88.2876017936477","42.260253192276","dentist","","690 N Il Route 31","Crystal Lake","60012","IL","US","(815) 455-6120","","https://www.djmcdowelldds.com","https://www.facebook.com/2085195105076373","","0.9199122190475464","open","4","Foursquare | Overture | Overture-signals","Apache-2.0 | CDLA-Permissive-2.0","2025-10-17T00:00:00.000 | 2026-06-11T11:57:15Z | 2026-05-12T00:29:08Z | 2026-05-18T13:23:54Z | 2026-05-25T13:08:59Z | 2026-06-01T13:20:32Z | 2026-06-08T13:20:12Z"
"IL","Illinois","1bd1137c-1a27-42a5-8394-3000c27a3be0","Wentworth Dental Clinic","-87.6315880869305","41.8502877621212","dentist","","2323 S Wentworth Ave","Chicago","60616","IL","US","(312) 225-5500","","https://wentworthdentalclinicpc.com","","","0.9199122190475464","open","4","Foursquare | Overture | Overture-signals","Apache-2.0 | CDLA-Permissive-2.0","2025-11-23T00:00:00.000 | 2026-06-11T11:57:15Z | 2026-05-12T00:29:08Z | 2026-05-18T13:23:54Z | 2026-05-25T13:08:59Z | 2026-06-01T13:20:32Z | 2026-06-08T13:20:12Z"
"IL","Illinois","1c03ffca-fbe2-42e4-a1f1-b85e030b09f5","Aspen Dental","-87.6301405731248","40.170275232201","dentist","","2811 N Vermilion St","Danville","61832","IL","US","(217) 213-3122","","https://www.aspendental.com/dentist/il/danville/2811-n-vermillion-st","","","0.77","","7","Foursquare | Overture","Apache-2.0 | CDLA-Permissive-2.0","2025-08-22T00:00:00.000 | 2026-06-11T11:57:15Z"
"IL","Illinois","1c18f033-da78-4b94-822f-702361ccc373","Manhattan Dental Care","-87.98740447","41.4240173","dentist","cosmetic_dentist | general_dentistry","175 S State St","Manhattan","60442-9019","IL","US","+18154787788","contactus@manhattandentalcare.org","http://www.manhattandentalcare.org/","https://www.facebook.com/115424441828754","","0.9902192950248718","open","8","meta | Overture | Overture-signals","CDLA-Permissive-2.0","2026-04-27T00:00:00.000Z | 2026-06-11T11:57:15Z | 2026-05-12T00:29:08Z | 2026-05-18T13:23:54Z | 2026-05-25T13:08:59Z | 2026-06-01T13:20:32Z | 2026-06-08T13:20:12Z"
"IL","Illinois","1c2c0b9b-390e-4fe3-b43f-e61f7278e84d","Magnolia Dent","-87.7788724","41.6721957","dentist","health_and_medical","6400 W College Dr Ste 500","Palos Heights","60463","IL","US","7083882500","","https://www.magnoliadent.com/","","","0.9199122190475464","open","8","Microsoft | Overture | Overture-signals","CDLA-Permissive-2.0","2025-07-23T19:08:13.403Z | 2026-06-11T11:57:15Z | 2026-05-12T00:29:08Z | 2026-05-18T13:23:54Z | 2026-05-25T13:08:59Z | 2026-06-01T13:20:32Z | 2026-06-08T13:20:12Z"
"IL","Illinois","1c30bd0f-683e-4462-86b2-a63dfcc0f3e0","All Family Dental and Braces","-87.85728685","41.90667346","dentist","orthodontist | general_dentistry","1812 N 19th Ave","Melrose Park","60160-2001","IL","US","+17084984410","","https://www.dentalandbraces.com/location/melrose-park/","https://www.facebook.com/1709983372587701","All Family Dental & Braces","0.9902192950248718","open","8","meta | Overture | Overture-signals","CDLA-Permissive-2.0","2026-04-27T00:00:00.000Z | 2026-06-11T11:57:15Z | 2026-05-12T00:29:08Z | 2026-05-18T13:23:54Z | 2026-05-25T13:08:59Z | 2026-06-01T13:20:32Z | 2026-06-08T13:20:12Z"
"IL","Illinois","1c561531-d3ea-4e9e-b396-ba219bfecf36","Nosal Richard E DDS","-87.62604374","41.8834813","dentist","family_practice | fashion_accessories_store","111 N Wabash Ave","Chicago","60602-1900","IL","US","+13127268110","","","https://www.facebook.com/259259680930341","","0.9199122190475464","open","7","meta | Overture | Overture-signals","CDLA-Permissive-2.0","2026-04-27T00:00:00.000Z | 2026-06-11T11:57:15Z | 2026-05-12T00:29:08Z | 2026-05-18T13:23:54Z | 2026-05-25T13:08:59Z | 2026-06-01T13:20:32Z | 2026-06-08T13:20:12Z"
"IL","Illinois","1c6494ce-38b2-4f3a-be9c-12e87f7442ec","Smile Doctors by Dr. David J. Allen","-88.1075306174853","41.8630482344164","dentist","","116 W Willow Ave","Wheaton","60187","IL","US","(630) 668-0197","office@drallen1.com","https://orthodontist.smiledoctors.com/IL/wheaton/60187/116-west-willow-avenue","https://www.twitter.com/wheatonortho | https://www.facebook.com/127731477259810","","0.77","","5","Foursquare | Overture","Apache-2.0 | CDLA-Permissive-2.0","2022-08-09T00:00:00.000 | 2026-06-11T11:57:15Z"
"IL","Illinois","1c74f033-eadc-46d4-bbe5-d04ff18201a9","Dr. Minalt & Associates","-88.081721","41.954615","dentist","health_and_medical | pediatric_dentist","1 Tiffany Pt","Bloomingdale","60108-2900","IL","US","+16306710700","frontdesk@mainstreet312.com","http://www.ivdds.com/","https://www.facebook.com/108838755828015","Dr. Minalt & Associates","0.830877423286438","","7","meta | Overture","CDLA-Permissive-2.0","2026-04-27T00:00:00.000Z | 2026-06-11T11:57:15Z"
"IL","Illinois","1c75f917-5a4d-4448-be86-938779d3363a","Always There Dental Care","-87.65879507","41.93241676","dentist","general_dentistry | cosmetic_dentist","2758 N Racine Ave","Chicago","60614-1206","IL","US","+17733480565","info@alwaystheredentalcare.com","http://www.alwaystheredentalcare.com/","https://www.facebook.com/570853829602693","","0.9902192950248718","open","7","meta | Overture | Overture-signals","CDLA-Permissive-2.0","2026-04-27T00:00:00.000Z | 2026-06-11T11:57:15Z | 2026-05-12T00:29:08Z | 2026-05-18T13:23:54Z | 2026-05-25T13:08:59Z | 2026-06-01T13:20:32Z | 2026-06-08T13:20:12Z"
"IL","Illinois","1c79fc16-d5ff-43ca-84e5-48cfa2f3879f","Ireland Grove Dental","-88.90945669","40.45775241","dentist","general_dentistry | health_and_medical","1602 Glasson St","Bloomington","61704-8731","IL","US","+13096632011","yourdentist25@gmail.com","http://IrelandGroveDental.com/","https://www.facebook.com/815882271813746","","0.9199122190475464","open","7","meta | Overture | Overture-signals","CDLA-Permissive-2.0","2026-04-27T00:00:00.000Z | 2026-06-11T11:57:15Z | 2026-05-12T00:29:08Z | 2026-05-18T13:23:54Z | 2026-05-25T13:08:59Z | 2026-06-01T13:20:32Z | 2026-06-08T13:20:12Z"
"IL","Illinois","1c9604f7-6890-4453-96ba-342e6c0a8630","Lakemoor Dental and Orthodontics","-88.26729222","42.34321703","dentist","orthodontist | cosmetic_dentist","1112 N Green St","McHenry","60050-5703","IL","US","+17797045162","mchenry@lakemoordental.com","https://www.lakemoordental.com/","https://www.facebook.com/102225692171235","Lakemoor Dental PC","0.9199122190475464","open","10","meta | Overture | Overture-signals","CDLA-Permissive-2.0","2026-04-27T00:00:00.000Z | 2026-06-11T11:57:15Z | 2026-05-12T00:29:08Z | 2026-05-18T13:23:54Z | 2026-05-25T13:08:59Z | 2026-06-01T13:20:32Z | 2026-06-08T13:20:12Z"
"IL","Illinois","1c9a1d97-af47-48b0-a227-9f4321f21f0d","Jonathan Yahav and Associates","-87.79664234","42.14389419","dentist","cosmetic_dentist | general_dentistry","400 Skokie Blvd","Northbrook","60062-2816","IL","US","+18472051000","yahavsmile@gmail.com","https://jonathanyahav.com/","https://www.facebook.com/188186438535728","","0.9199122190475464","open","7","meta | Overture | Overture-signals","CDLA-Permissive-2.0","2026-04-27T00:00:00.000Z | 2026-06-11T11:57:15Z | 2026-05-12T00:29:08Z | 2026-05-18T13:23:54Z | 2026-05-25T13:08:59Z | 2026-06-01T13:20:32Z | 2026-06-08T13:20:12Z"
"IL","Illinois","1ca347f0-2bc3-4f95-8c2f-da13c75d7e24","Clark Dental Care","-87.75875465","41.92395949","dentist","general_dentistry | medical_service_organizations","5301 W Fullerton Ave","Chicago","60639-1424","IL","US","+17736224950","clarkdentalcare@gmail.com","http://www.clarkdentalchicago.com/","https://www.facebook.com/169426319736607","Clark Dental Care","0.9902192950248718","open","9","meta | Overture | Overture-signals","CDLA-Permissive-2.0","2026-04-27T00:00:00.000Z | 2026-06-11T11:57:15Z | 2026-05-12T00:29:08Z | 2026-05-18T13:23:54Z | 2026-05-25T13:08:59Z | 2026-06-01T13:20:32Z | 2026-06-08T13:20:12Z"
"IL","Illinois","1cbb5035-79b9-4fb1-a52b-b3f26a616207","Smile Science Chicago - Dr. Monica Urda","-87.685272","41.91519511","dentist","cosmetic_dentist | general_dentistry","1860 N Milwaukee Ave","Chicago","60647-4465","IL","US","+13125842095","staff@smilesciencechicago.com","http://www.smilesciencechicago.com/","https://www.facebook.com/915101931899929","Smile Science Chicago - Dr. Monica Urda","0.9902192950248718","open","9","meta | Overture | Overture-signals","CDLA-Permissive-2.0","2026-04-27T00:00:00.000Z | 2026-06-11T11:57:15Z | 2026-05-12T00:29:08Z | 2026-05-18T13:23:54Z | 2026-05-25T13:08:59Z | 2026-06-01T13:20:32Z | 2026-06-08T13:20:12Z"
"IL","Illinois","1cd57759-314d-42df-ae8c-f230309ac902","Lincoln Park Dental Specialists","-87.63690954","41.91819629","dentist","","1960 N Lincoln Park W","Chicago","60614-5438","IL","US","+17733273131","","https://parkdentalspecialists.com/book-appointment","https://www.facebook.com/381029555353308","Park Dental","0.9902192950248718","open","8","meta | Overture | Overture-signals","CDLA-Permissive-2.0","2026-04-27T00:00:00.000Z | 2026-06-11T11:57:15Z | 2026-05-12T00:29:08Z | 2026-05-18T13:23:54Z | 2026-05-25T13:08:59Z | 2026-06-01T13:20:32Z | 2026-06-08T13:20:12Z"
"IL","Illinois","1ce0fd9c-2851-4b0c-889a-615888b70e1b","Murphy Dental Group","-87.79659484","41.88668256","dentist","health_and_medical | medical_service_organizations","100 S Kenilworth Ave","Oak Park","60302-2815","IL","US","+17085240330","hello@murphydentaloakpark.com","https://murphydentaloakpark.com/","https://www.facebook.com/122701174447527","","0.9902192950248718","open","8","meta | Overture | Overture-signals","CDLA-Permissive-2.0","2026-04-27T00:00:00.000Z | 2026-06-11T11:57:15Z | 2026-05-12T00:29:08Z | 2026-05-18T13:23:54Z | 2026-05-25T13:08:59Z | 2026-06-01T13:20:32Z | 2026-06-08T13:20:12Z"
"IL","Illinois","1ce262a5-ff4c-4e6f-a59d-607b00a07065","Nakfoor Orthodontics","-87.9834002909575","42.0808682045838","dentist","","602 N NORTHWEST HIGHWAY","Arlington Heights","60004","IL","US","(847) 392-0330","","http://www.nak4smiles.com","","","0.77","","5","Foursquare | Overture","Apache-2.0 | CDLA-Permissive-2.0","2026-04-06T00:00:00.000 | 2026-06-11T11:57:15Z"
"IL","Illinois","1ce35a2f-d954-466d-9ab3-94b3ad0a7748","Advanced Family Dental","-88.0174510698093","41.8694284603568","dentist","","845 S Main St Ste 300","Lombard","60148","IL","US","(630) 620-1980","afdwestmont@gmail.com","http://www.advancedfamilydental.com","https://www.facebook.com/145677315477551","","0.9199122190475464","open","4","Foursquare | Overture | Overture-signals","Apache-2.0 | CDLA-Permissive-2.0","2025-08-22T00:00:00.000 | 2026-06-11T11:57:15Z | 2026-05-12T00:29:08Z | 2026-05-18T13:23:54Z | 2026-05-25T13:08:59Z | 2026-06-01T13:20:32Z | 2026-06-08T13:20:12Z"
"IL","Illinois","1ce8df42-fb24-49d4-9745-909b2ba000d5","SIU Dental Hygiene Clinic","-89.2206225","37.7088632","dentist","health_and_medical","1299 Douglas Dr E","Carbondale","62901","IL","US","+16184538826","siudhclinic@siu.edu","https://academics.siu.edu/health-professions/dental-hygiene/","https://www.facebook.com/452823008088421","","0.9722161889076233","","9","meta | Overture","CDLA-Permissive-2.0","2026-04-27T00:00:00.000Z | 2026-06-11T11:57:15Z"
"IL","Illinois","1d18c1f3-348b-495a-972c-d8376248f650","Zen Dental Deerfield","-87.84576714","42.15226123","dentist","general_dentistry | cosmetic_dentist","707 Lake Cook Rd","Deerfield","60015-4909","IL","US","+18474120600","zendental707@gmail.com","https://dentistdeerfield.com/","https://www.facebook.com/115314407820360","","0.9902192950248718","open","7","meta | Overture | Overture-signals","CDLA-Permissive-2.0","2026-04-27T00:00:00.000Z | 2026-06-11T11:57:15Z | 2026-05-12T00:29:08Z | 2026-05-18T13:23:54Z | 2026-05-25T13:08:59Z | 2026-06-01T13:20:32Z | 2026-06-08T13:20:12Z"
"IL","Illinois","1d251359-7d18-417b-9189-79ded19d7fe6","Chicago Dental Implants, Oral & Facial Surgery","-88.2055480539391","41.6292887593965","dentist","","24020 Riverwalk Court, Suite 112, Plainfield, IL 60544, United States","Plainfield","60544","IL","US","(815) 254-1500","","https://chicagodentalimplants.com","","","0.77","","5","Foursquare | Overture","Apache-2.0 | CDLA-Permissive-2.0","2025-05-22T00:00:00.000 | 2026-06-11T11:57:15Z"
"IL","Illinois","1d3384b3-6013-4b37-a494-a5ad920d5527","Aspen Dental","-88.966335","37.742383","dentist","","2702 W. Deyoung St","Marion","62959","IL","US","","","https://www.aspendental.com/dentist/il/marion/2702-w-deyoung-st/","","Aspen Dental","0.9813855886459351","","5","AllThePlaces | Overture","CC0-1.0 | CDLA-Permissive-2.0","2026-06-02T15:18:54.000Z | 2026-06-11T11:57:15Z"
"IL","Illinois","1d55f4b0-092f-4c68-87b6-c9e73141a603","Wills Roger M DDS","-87.62490877","41.88302562","dentist","health_and_medical | travel","30 N Michigan Ave","Chicago","60602-3400","IL","US","+13123327010","","","https://www.facebook.com/319643694812804","","0.9199122190475464","open","7","meta | Overture | Overture-signals","CDLA-Permissive-2.0","2026-04-27T00:00:00.000Z | 2026-06-11T11:57:15Z | 2026-05-12T00:29:08Z | 2026-05-18T13:23:54Z | 2026-05-25T13:08:59Z | 2026-06-01T13:20:32Z | 2026-06-08T13:20:12Z"
"IL","Illinois","1d563bc7-0230-4f0a-91bd-ce8196153116","Dentista","-87.67537584","41.85246568","dentist","general_dentistry","1948 W Cermak Rd","Chicago","60608-4204","IL","US","+17733762777","","","https://www.facebook.com/201954686511689","","0.9199122190475464","open","7","meta | Overture | Overture-signals","CDLA-Permissive-2.0","2026-04-27T00:00:00.000Z | 2026-06-11T11:57:15Z | 2026-05-12T00:29:08Z | 2026-05-18T13:23:54Z | 2026-05-25T13:08:59Z | 2026-06-01T13:20:32Z | 2026-06-08T13:20:12Z"
"IL","Illinois","1d5b3f5e-bf43-4f0e-9f0d-c6e4765f864b","Palos Dental Group","-87.80376651","41.67587323","dentist","general_dentistry","7480 W College Dr","Palos Heights","60463-1165","IL","US","+17083612288","palosdentalgroup@gmail.com","https://palosdentalgroup.com/","https://www.facebook.com/114979501596764","","0.9199122190475464","open","8","meta | Overture | Overture-signals","CDLA-Permissive-2.0","2026-04-27T00:00:00.000Z | 2026-06-11T11:57:15Z | 2026-05-12T00:29:08Z | 2026-05-18T13:23:54Z | 2026-05-25T13:08:59Z | 2026-06-01T13:20:32Z | 2026-06-08T13:20:12Z"
"IL","Illinois","1d789291-bdaa-422d-8bd9-9ffa04edc8c4","Woodside Dental","-87.74367913","42.05417591","dentist","general_dentistry | health_and_medical","4711 Golf Rd","Skokie","60076-1200","IL","US","+18473290464","sharon@drwoodside.com","http://www.drwoodside.com/","https://www.facebook.com/189849027826788","","0.9199122190475464","open","9","meta | Overture | Overture-signals","CDLA-Permissive-2.0","2026-04-27T00:00:00.000Z | 2026-06-11T11:57:15Z | 2026-05-12T00:29:08Z | 2026-05-18T13:23:54Z | 2026-05-25T13:08:59Z | 2026-06-01T13:20:32Z | 2026-06-08T13:20:12Z"
"IL","Illinois","1d90a61c-4ae6-4e1d-9864-eb79ad592322","Unger Dental","-87.73356363","41.77864768","dentist","general_dentistry","4424 W 63rd St","Chicago","60629-5531","IL","US","+17735828129","joeungerdds@comcast.net","https://ungerdental.com","https://www.facebook.com/141323689381349","","0.9199122190475464","open","7","meta | Overture | Overture-signals","CDLA-Permissive-2.0","2026-04-27T00:00:00.000Z | 2026-06-11T11:57:15Z | 2026-05-12T00:29:08Z | 2026-05-18T13:23:54Z | 2026-05-25T13:08:59Z | 2026-06-01T13:20:32Z | 2026-06-08T13:20:12Z"
"IL","Illinois","1d9ff86f-0165-4a13-bc9a-ab62ddf411f4","Stevenson Jeff R DDS","-88.54459","39.1217","dentist","orthodontist | health_and_medical","310 W Jefferson Ave","Effingham","62401-2348","IL","US","+12173423850","effinghamfamilydental@gmail.com","","https://www.facebook.com/157457740952385","","0.9674545526504517","","10","meta | Overture","CDLA-Permissive-2.0","2026-04-27T00:00:00.000Z | 2026-06-11T11:57:15Z"
"IL","Illinois","1da13f60-29e7-441a-9255-b5a2b2451066","Metropolitan Dental","-87.80022946","41.8507165","dentist","general_dentistry","7034 Cermak Rd","Berwyn","60402-2149","IL","US","+17087491844","","http://metropolitandental.biz/","https://www.facebook.com/961579487283128","Metropolitan Dental Med","0.9902192950248718","open","9","meta | Overture | Overture-signals","CDLA-Permissive-2.0","2026-04-27T00:00:00.000Z | 2026-06-11T11:57:15Z | 2026-05-12T00:29:08Z | 2026-05-18T13:23:54Z | 2026-05-25T13:08:59Z | 2026-06-01T13:20:32Z | 2026-06-08T13:20:12Z"
"IL","Illinois","1da68a8c-a5aa-4925-a755-a2836c965e80","Webster Dental Care of Portage Park","-87.7519366","41.95309455","dentist","general_dentistry","4949 W Irving Park Rd","Chicago","60641-2641","IL","US","+17737258818","dentalteam@webdentalchicago.com","http://www.webdentalchicago.com/portage_park.html","https://www.facebook.com/215960385457705","Webster Dental Care of Lakeview","0.9997428829967976","","9","meta | Overture","CDLA-Permissive-2.0","2026-04-27T00:00:00.000Z | 2026-06-11T11:57:15Z"
"IL","Illinois","1db0e24d-54d9-4709-be2d-57248999486e","Joung Eun Song","-87.82416957","42.10303761","dentist","general_dentistry | doctor","2640 Patriot Blvd","Glenview","60026-8075","IL","US","+18477240980","dentist@songdds.com","http://www.songdds.com/","https://www.facebook.com/140031879384930","","0.9199122190475464","open","8","meta | Overture | Overture-signals","CDLA-Permissive-2.0","2026-04-27T00:00:00.000Z | 2026-06-11T11:57:15Z | 2026-05-12T00:29:08Z | 2026-05-18T13:23:54Z | 2026-05-25T13:08:59Z | 2026-06-01T13:20:32Z | 2026-06-08T13:20:12Z"
"IL","Illinois","1db9eafd-f513-47f6-b6c4-24f1f2f48fd0","Springfield Association In Oral Surgery","-89.7110548727306","39.7751561152775","dentist","","3007 Spring Mill Dr","Springfield","62704","IL","US","(217) 546-8100","","http://www.saoms.com","","","0.9199122190475464","open","4","Foursquare | Overture | Overture-signals","Apache-2.0 | CDLA-Permissive-2.0","2025-08-22T00:00:00.000 | 2026-06-11T11:57:15Z | 2026-05-12T00:29:08Z | 2026-05-18T13:23:54Z | 2026-05-25T13:08:59Z | 2026-06-01T13:20:32Z | 2026-06-08T13:20:12Z"
"IL","Illinois","1dc161e9-1567-4379-9939-2dea05d6bd4b","365 Smiles Dental Studio","-87.62694542","41.85659535","dentist","general_dentistry | cosmetic_dentist","1841 S State St","Chicago","60616-1610","IL","US","+13128583716","info@365smilesdental.com","http://www.365smilesdental.com/","https://www.facebook.com/102245871848558","","0.9199122190475464","open","7","meta | Overture | Overture-signals","CDLA-Permissive-2.0","2026-04-27T00:00:00.000Z | 2026-06-11T11:57:15Z | 2026-05-12T00:29:08Z | 2026-05-18T13:23:54Z | 2026-05-25T13:08:59Z | 2026-06-01T13:20:32Z | 2026-06-08T13:20:12Z"
"IL","Illinois","1df3066a-5916-4683-81b6-05b072c277fa","Lee Dental","-87.78909796","41.99847211","dentist","general_dentistry | health_and_medical","6450 N Milwaukee Ave","Chicago","60631-2046","IL","US","+17736313333","","http://www.leedentalgroup.com","https://www.facebook.com/181308252013055","","0.9155431985855103","","2","meta | Overture","CDLA-Permissive-2.0","2026-04-27T00:00:00.000Z | 2026-06-11T11:57:15Z"
"IL","Illinois","1e03a306-c074-4ce0-97c8-98f3fd41f142","Portage Advanced Dental","-87.76709743","41.96114088","dentist","general_dentistry | cosmetic_dentist","4421 N Central Ave","Chicago","60630-3301","IL","US","+17732826446","smiles@portageadvanceddental.com","http://www.portageadvanceddental.com/","https://www.facebook.com/1578319605805494","","0.9199122190475464","open","9","meta | Overture | Overture-signals","CDLA-Permissive-2.0","2026-04-27T00:00:00.000Z | 2026-06-11T11:57:15Z | 2026-05-12T00:29:08Z | 2026-05-18T13:23:54Z | 2026-05-25T13:08:59Z | 2026-06-01T13:20:32Z | 2026-06-08T13:20:12Z"
"IL","Illinois","1e058966-f46a-4b7e-83cc-9eb6e64c12aa","Vivid Smiles Chicago","-87.65680546","41.93100243","dentist","general_dentistry","2706 N Lincoln Ave","Chicago","60614-1321","IL","US","+17732507300","vividsmileschicago@gmail.com","http://Www.vividsmileschicago.com/","https://www.facebook.com/100517072927335","","0.9902192950248718","open","7","meta | Overture | Overture-signals","CDLA-Permissive-2.0","2026-04-27T00:00:00.000Z | 2026-06-11T11:57:15Z | 2026-05-12T00:29:08Z | 2026-05-18T13:23:54Z | 2026-05-25T13:08:59Z | 2026-06-01T13:20:32Z | 2026-06-08T13:20:12Z"
"IL","Illinois","1e161eb5-8e3a-4528-a675-92bf04bf26ab","Dental Heights","-88.08355326","41.93815118","dentist","general_dentistry | health_and_medical","148 E Army Trail Rd","Glendale Heights","60139","IL","US","+12246981472","info@dentalheights.com","http://www.dentalheights.com/","https://www.facebook.com/143897529145077","Dental Heights","0.9998175597190857","open","9","meta | Overture | Overture-signals","CDLA-Permissive-2.0","2026-04-27T00:00:00.000Z | 2026-06-11T11:57:15Z | 2026-06-08T13:20:12Z"
"IL","Illinois","1e5cc508-b373-46e3-b1f2-37b016fd2047","Sherece B. Thompsons D.D.S.","-87.681957","41.727423","dentist","orthodontist | oral_surgeon","9127 S Western Ave","Chicago","60643-6731","IL","US","+17732389777","das.beverly@gmail.com","http://www.dentalartspecialists.com/","https://www.facebook.com/274044089302848","","0.9184610843658447","","8","meta | Overture","CDLA-Permissive-2.0","2026-04-27T00:00:00.000Z | 2026-06-11T11:57:15Z"
"IL","Illinois","1e619a69-2382-411e-adbc-66ae227c3876","Eric M Langenwalter","-90.0584939196355","38.8838981490978","dentist","","160 S Bellwood Dr Ste B","East Alton","62024","IL","US","(618) 258-1300","","http://www.prosdoc.com","","","0.9199122190475464","open","4","Foursquare | Overture | Overture-signals","Apache-2.0 | CDLA-Permissive-2.0","2025-08-22T00:00:00.000 | 2026-06-11T11:57:15Z | 2026-05-12T00:29:08Z | 2026-05-18T13:23:54Z | 2026-05-25T13:08:59Z | 2026-06-01T13:20:32Z | 2026-06-08T13:20:12Z"
"IL","Illinois","1e64e306-1db4-4279-881a-42b309ee1f17","The Smile Hub","-88.43919419","41.77377955","dentist","general_dentistry","495 N Sugar Grove Pkwy","Sugar Grove","60554-8009","IL","US","+16304661100","thesmilehubofsg@gmail.com","http://www.thesmilehubofsg.com/","https://www.facebook.com/116084984817486","","0.9199122190475464","open","7","meta | Overture | Overture-signals","CDLA-Permissive-2.0","2026-04-27T00:00:00.000Z | 2026-06-11T11:57:15Z | 2026-05-12T00:29:08Z | 2026-05-18T13:23:54Z | 2026-05-25T13:08:59Z | 2026-06-01T13:20:32Z | 2026-06-08T13:20:12Z"
"IL","Illinois","1e87d485-ba80-4449-bf80-c2291d04bc27","The Dental Specialists","-87.59060808","41.79997634","dentist","endodontist | oral_surgeon","5230 S Blackstone Ave","Chicago","60615-4106","IL","US","+17736673636","","https://www.thedentalspecialists.com","https://www.facebook.com/187254911391660","The Dental Specialists","0.9199122190475464","open","8","meta | Overture | Overture-signals","CDLA-Permissive-2.0","2026-04-27T00:00:00.000Z | 2026-06-11T11:57:15Z | 2026-05-12T00:29:08Z | 2026-05-18T13:23:54Z | 2026-05-25T13:08:59Z | 2026-06-01T13:20:32Z | 2026-06-08T13:20:12Z"
"IL","Illinois","1e921e69-a391-4088-88f2-50b94fe14531","Toraason Dental Associates","-87.84839915","42.08660094","dentist","health_and_medical | family_practice","3703 W Lake Ave","Glenview","60026-1266","IL","US","+18479985550","","http://toraason.net","https://www.facebook.com/134116263306166","","0.803172767162323","","7","meta | Overture","CDLA-Permissive-2.0","2026-04-27T00:00:00.000Z | 2026-06-11T11:57:15Z"
"IL","Illinois","1e988d76-cfde-47aa-8ef0-16aa6fbefe6e","Robinson Family Dental Clinic","-87.757793","39.005772","dentist","orthodontist | health_and_medical","1502 W Main St","Robinson","62454-3819","IL","US","+16185461544","","","https://www.facebook.com/1821351758188114","","0.8792456984519958","","9","meta | Overture","CDLA-Permissive-2.0","2026-04-27T00:00:00.000Z | 2026-06-11T11:57:15Z"
"IL","Illinois","1e9cc590-7037-4715-82dc-ebf0fc7b70c3","Touhy Dental Care","-87.808219422297","42.0118668873618","dentist","","7238 W Touhy Ave","Chicago","60631","IL","US","(773) 775-5221","","https://www.domainvip.com/shop/pearlfamilydentistry-.com","","","0.9199122190475464","open","4","Foursquare | Overture | Overture-signals","Apache-2.0 | CDLA-Permissive-2.0","2025-04-01T00:00:00.000 | 2026-06-11T11:57:15Z | 2026-05-12T00:29:08Z | 2026-05-18T13:23:54Z | 2026-05-25T13:08:59Z | 2026-06-01T13:20:32Z | 2026-06-08T13:20:12Z"
"IL","Illinois","1eb688fb-bd23-474e-9d5c-f5f0335972b0","Markiewicz Dental","-88.03992152","42.27565549","dentist","general_dentistry","852 N IL Route 83","Mundelein","60060-9159","IL","US","+18475662811","office@amdds.com","http://www.amdds.com","https://www.facebook.com/194675350603233","","0.9199122190475464","open","9","meta | Overture | Overture-signals","CDLA-Permissive-2.0","2026-04-27T00:00:00.000Z | 2026-06-11T11:57:15Z | 2026-05-12T00:29:08Z | 2026-05-18T13:23:54Z | 2026-05-25T13:08:59Z | 2026-06-01T13:20:32Z | 2026-06-08T13:20:12Z"
"IL","Illinois","1eb6dbf4-5590-41c6-8a45-32e06f23305a","Wheaton Prairie Dental","-88.08955821","41.83066667","dentist","general_dentistry | cosmetic_dentist","1147 Butterfield Rd","Wheaton","60189","IL","US","+16306820844","office@wheatonprairiedental.com","https://www.wheatonprairiedental.com/?utm_source=generic&utm_medium=profiles&utm_campaign=local_profiles","https://www.facebook.com/1110522999013152","","0.9902192950248718","open","8","meta | Overture | Overture-signals","CDLA-Permissive-2.0","2026-04-27T00:00:00.000Z | 2026-06-11T11:57:15Z | 2026-05-12T00:29:08Z | 2026-05-18T13:23:54Z | 2026-05-25T13:08:59Z | 2026-06-01T13:20:32Z | 2026-06-08T13:20:12Z"
"IL","Illinois","1eb9a70e-6b98-4809-a953-43cef6ea993f","Ramy Bahu DDS - Aesthetic & Reconstructive Dental Associates","-87.6509280232733","41.8505468691343","dentist","","845 N Michigan Ave Ste 948W","Chicago","60611","IL","US","(312) 943-6444","","http://www.drramybahu.com","","","0.77","","5","Foursquare | Overture","Apache-2.0 | CDLA-Permissive-2.0","2024-02-21T00:00:00.000 | 2026-06-11T11:57:15Z"
"IL","Illinois","1ec920b9-1cc1-4c90-9791-3f42588c1c3f","Chicago Dental Esthetics","-87.77123215","42.06904265","dentist","endodontist | cosmetic_dentist","450 Glenview Rd","Glenview","60025-3281","IL","US","+18476771119","chicagodentalesthetics@gmail.com","https://www.chicagodentalesthetics.com/","https://www.facebook.com/220852701852125","","0.9835540056228638","open","3","meta | Overture | Overture-signals","CDLA-Permissive-2.0","2026-04-27T00:00:00.000Z | 2026-06-11T11:57:15Z | 2026-06-08T13:20:12Z"
"IL","Illinois","1ecdcca7-33f8-44a7-9e8f-35c29b43ca05","Quality Dental Care","-87.771588035251","41.9309775958996","dentist","","5807 W Diversey Ave","Chicago","60639","IL","US","(773) 887-4499","","http://chicagogeneraldentistry.com","https://www.facebook.com/125215970867068","","0.9199122190475464","open","4","Foursquare | Overture | Overture-signals","Apache-2.0 | CDLA-Permissive-2.0","2025-06-26T00:00:00.000 | 2026-06-11T11:57:15Z | 2026-05-12T00:29:08Z | 2026-05-18T13:23:54Z | 2026-05-25T13:08:59Z | 2026-06-01T13:20:32Z | 2026-06-08T13:20:12Z"
"IL","Illinois","1ed2b0ab-3f9d-4ff3-abeb-c69c2e0376e4","Dr. Kyle R. Childers, DMD","-88.5301286094485","37.7489337049214","dentist","","300 Small St","Harrisburg","62946","IL","US","(618) 252-0770","braces1@midwest.net","https://childersbraces.com/meet-dr-childers/","https://www.twitter.com/childersbraces | https://www.facebook.com/121845681163263","","0.9199122190475464","open","4","Foursquare | Overture | Overture-signals","Apache-2.0 | CDLA-Permissive-2.0","2025-08-22T00:00:00.000 | 2026-06-11T11:57:15Z | 2026-05-12T00:29:08Z | 2026-05-18T13:23:54Z | 2026-05-25T13:08:59Z | 2026-06-01T13:20:32Z | 2026-06-08T13:20:12Z"
"IL","Illinois","1ed4188c-306c-4fb1-af58-41521bd33d2f","Dr. Chiann F. Gibson","-88.15038297","41.77440355","dentist","general_dentistry | cosmetic_dentist","55 S Main St","Naperville","60540-5187","IL","US","+16303573333","smilesbydrgibson@gmail.com","http://www.smilesbygibsondmd.com/","https://www.facebook.com/353687567416","Smiles By Dr. Gibson & Associates","0.9199122190475464","open","8","meta | Overture | Overture-signals","CDLA-Permissive-2.0","2026-04-27T00:00:00.000Z | 2026-06-11T11:57:15Z | 2026-05-12T00:29:08Z | 2026-05-18T13:23:54Z | 2026-05-25T13:08:59Z | 2026-06-01T13:20:32Z | 2026-06-08T13:20:12Z"
"IL","Illinois","1eed3691-91b3-465b-97f6-bbf29456be7c","Floss Dental Care","-87.6653975311715","41.5508655534174","dentist","","18650 Dixie Hwy","Homewood","60430","IL","US","(708) 798-4424","office@homewoodfloss.com","https://www.flossdentalcare.com","https://www.facebook.com/119020368133578","","0.77","","5","Foursquare | Overture","Apache-2.0 | CDLA-Permissive-2.0","2025-09-03T00:00:00.000 | 2026-06-11T11:57:15Z"
"IL","Illinois","1efc5748-a6f3-489c-9d49-1bd08a451639","universal dental","-87.5851997721618","41.7997815013292","dentist","","1634 E. 53rd Street","Chicago","60615","IL","US","(773) 966-6465","","http://www.udclinics.com","","","0.77","","5","Foursquare | Overture","Apache-2.0 | CDLA-Permissive-2.0","2024-02-22T00:00:00.000 | 2026-06-11T11:57:15Z"
"IL","Illinois","1f1e683c-cbb1-48b3-861d-12ff5abe40d9","Dean W Lodding DDS","-88.4268","42.17791","dentist","health_and_medical","10428 N IL Route 47","Huntley","60142-9505","IL","US","+18476971111","info@drdeanlodding.com","http://www.drdeanlodding.com","https://www.facebook.com/665135396920572","","0.5661016702651978","","8","meta | Overture","CDLA-Permissive-2.0","2026-04-27T00:00:00.000Z | 2026-06-11T11:57:15Z"
"IL","Illinois","1f2efece-c977-4828-ad3f-8ba5d540f42b","Dr. Michael K Coyne DDS Family & Cosmetic Dentistry","-88.29102452","41.99586781","dentist","cosmetic_dentist | general_dentistry","315 Spruce St","South Elgin","60177-1764","IL","US","+18477415454","drtooth@southelgindentist.com","http://www.southelgindentist.com/","https://www.facebook.com/202841706393471","","0.9951262205839158","","8","meta | Overture","CDLA-Permissive-2.0","2026-04-27T00:00:00.000Z | 2026-06-11T11:57:15Z"
"IL","Illinois","1f363bdf-329d-4fd5-b3c6-93b044bb3484","Smiles of Northlake","-87.90159678","41.90762998","dentist","general_dentistry","32 E North Ave","Northlake","60164-2500","IL","US","+17085621203","smilesofnorthlake@gmail.com","http://www.smilesofnorthlake.com/","https://www.facebook.com/102246819346012","","0.9902192950248718","open","9","meta | Overture | Overture-signals","CDLA-Permissive-2.0","2026-04-27T00:00:00.000Z | 2026-06-11T11:57:15Z | 2026-05-12T00:29:08Z | 2026-05-18T13:23:54Z | 2026-05-25T13:08:59Z | 2026-06-01T13:20:32Z | 2026-06-08T13:20:12Z"
"IL","Illinois","1f5121b2-92b5-4c37-9906-6b6b4457ca39","Ryan  Family Dentistry","-87.891325","41.158254","dentist","","9 Briarcliff Prof Ctr Ste D","Bourbonnais","60914","IL","US","(815) 932-9695","bryan3215@comcast.net","http://www.ryanfamilydentistsil.com","https://www.facebook.com/335981086481863","","0.77","","5","Foursquare | Overture","Apache-2.0 | CDLA-Permissive-2.0","2020-10-10T00:00:00.000 | 2026-06-11T11:57:15Z"
"IL","Illinois","1f595c62-59dc-491d-a072-b38c1c6a0f73","Buffalo Prairie Dental","-90.8017209505845","39.6168526159713","dentist","","850 N Jackson St","Pittsfield","62363","IL","US","(217) 285-4084","","http://buffaloprairiedental.com","","","0.9199122190475464","open","4","Foursquare | Overture | Overture-signals","Apache-2.0 | CDLA-Permissive-2.0","2025-08-19T00:00:00.000 | 2026-06-11T11:57:15Z | 2026-05-12T00:29:08Z | 2026-05-18T13:23:54Z | 2026-05-25T13:08:59Z | 2026-06-01T13:20:32Z | 2026-06-08T13:20:12Z"
"IL","Illinois","1f5cc019-ffdc-44a1-b0a8-9f608a55c4d8","City Limits Dental","-87.80043492","41.97964452","dentist","general_dentistry","6917 W Higgins Ave","Chicago","60656-2011","IL","US","+17737742114","citylimisdental@gmail.com","https://citylimitsdental.com","https://www.facebook.com/108687337327763","","0.9199122190475464","open","7","meta | Overture | Overture-signals","CDLA-Permissive-2.0","2026-04-27T00:00:00.000Z | 2026-06-11T11:57:15Z | 2026-05-12T00:29:08Z | 2026-05-18T13:23:54Z | 2026-05-25T13:08:59Z | 2026-06-01T13:20:32Z | 2026-06-08T13:20:12Z"
"IL","Illinois","1f6b93b9-e670-4491-94cc-ff77c17600ac","Excellence in Dentistry","-87.92849698","42.36195012","dentist","general_dentistry | health_and_medical","5101 Washington St","Gurnee","60031-5912","IL","US","+18472444000","dentalexcellence@icloud.com","http://www.gurneedds.com/","https://www.facebook.com/299582463501383","","0.9990300059318542","","9","meta | Overture","CDLA-Permissive-2.0","2026-04-27T00:00:00.000Z | 2026-06-11T11:57:15Z"
"IL","Illinois","1f884d14-596f-444c-a7ed-e06d58f2807b","Dentologie - Lincoln Park","-87.6538137","41.9178794","dentist","health_and_medical","1009 W Armitage Ave","Chicago","60614","IL","US","3128466752","","https://dentologie.com/lincoln-park","","","0.9902192950248718","open","8","Microsoft | Overture | Overture-signals","CDLA-Permissive-2.0","2025-09-05T12:41:27.137Z | 2026-06-11T11:57:15Z | 2026-05-12T00:29:08Z | 2026-05-18T13:23:54Z | 2026-05-25T13:08:59Z | 2026-06-01T13:20:32Z | 2026-06-08T13:20:12Z"
"IL","Illinois","1f932a05-d31b-46d1-9931-c02be4fa8381","Fraser Dental","-87.81594181","41.888249","dentist","general_dentistry","7627 Lake St","River Forest","60305","IL","US","+17083666001","contactus@fraserdental.com","http://www.fraserdental.com","https://www.facebook.com/1608757446118266","Fraser Dental","0.9902192950248718","open","8","meta | Overture | Overture-signals","CDLA-Permissive-2.0","2026-04-27T00:00:00.000Z | 2026-06-11T11:57:15Z | 2026-05-12T00:29:08Z | 2026-05-18T13:23:54Z | 2026-05-25T13:08:59Z | 2026-06-01T13:20:32Z | 2026-06-08T13:20:12Z"
"IL","Illinois","1fa07641-4e0b-4bff-a70b-54fb4110e063","Wise Dental Associates","-88.09456104","42.00540076","dentist","general_dentistry | doctor","536 W Wise Rd","Schaumburg","60193-3815","IL","US","+18473528822","","http://www.brianbergandassociates.com/","https://www.facebook.com/965108926882885","","0.9199122190475464","open","6","meta | Overture | Overture-signals","CDLA-Permissive-2.0","2026-04-27T00:00:00.000Z | 2026-06-11T11:57:15Z | 2026-05-12T00:29:08Z | 2026-05-18T13:23:54Z | 2026-05-25T13:08:59Z | 2026-06-01T13:20:32Z | 2026-06-08T13:20:12Z"
"IL","Illinois","1fa0b31f-3311-4228-b77c-838f65da9131","Massey Family Dentistry","-88.2482261272626","40.0790044564953","dentist","","1810 Woodfield Dr","Champaign","61874","IL","US","(217) 352-6232","","http://www.dentistsavoy.com","","","0.77","","5","Foursquare | Overture","Apache-2.0 | CDLA-Permissive-2.0","2024-10-03T00:00:00.000 | 2026-06-11T11:57:15Z"
"IL","Illinois","1fa63257-0390-4f06-a119-a3c38ec06f3a","Orland Square Dental","-87.84421587","41.61679612","dentist","general_dentistry","62 Orland Square Dr","Orland Park","60462-6546","IL","US","+17083491919","office@orlandsquaredental.com","https://www.orlandsquaredental.com/?utm_source=generic&utm_medium=profiles&utm_campaign=local_profiles","https://www.facebook.com/160115550677635","Orland Square Dental","0.9902192950248718","open","8","meta | Overture | Overture-signals","CDLA-Permissive-2.0","2026-04-27T00:00:00.000Z | 2026-06-11T11:57:15Z | 2026-05-12T00:29:08Z | 2026-05-18T13:23:54Z | 2026-05-25T13:08:59Z | 2026-06-01T13:20:32Z | 2026-06-08T13:20:12Z"
"IL","Illinois","1fb08837-c226-4add-837e-aea93ee71922","Dr. Sang Park","-87.635707309017","41.8796845919248","dentist","","300 W Adams St","Chicago","60606","IL","US","(312) 332-1450","","http://www.lakepointtowerdental.com","","","0.9199122190475464","open","4","Foursquare | Overture | Overture-signals","Apache-2.0 | CDLA-Permissive-2.0","2024-09-06T00:00:00.000 | 2026-06-11T11:57:15Z | 2026-05-12T00:29:08Z | 2026-05-18T13:23:54Z | 2026-05-25T13:08:59Z | 2026-06-01T13:20:32Z | 2026-06-08T13:20:12Z"
"IL","Illinois","1fb71c0b-5365-495c-83a9-467da0fe50b0","Gilbert X Mendez, DDS","-87.9928357671647","42.1205234482801","dentist","","809 W Rand Rd Ste B","Arlington Heights","60004","IL","US","(847) 394-5750","zednem.gilbert@gmail.com","http://www.drmendezsmiles.com","https://www.twitter.com/drmendezsmiles","","0.9199122190475464","open","4","Foursquare | Overture | Overture-signals","Apache-2.0 | CDLA-Permissive-2.0","2025-08-19T00:00:00.000 | 2026-06-11T11:57:15Z | 2026-05-12T00:29:08Z | 2026-05-18T13:23:54Z | 2026-05-25T13:08:59Z | 2026-06-01T13:20:32Z | 2026-06-08T13:20:12Z"
