"state_code","state","id","name","longitude","latitude","primary_category","alternate_categories","address","locality","postcode","region","country","phones","emails","websites","socials","brand","confidence","operating_status","version","source_datasets","source_licenses","source_update_times"
"LA","Louisiana","00794e0e-9df8-4ea1-88dc-954fbec6995d","Walter J Vaughan DDS","-91.0399641","30.553280574848","dentist","orthodontist | health_and_medical","13323 Hooper Rd","Baton Rouge","70818-3526","LA","US","+12252618050","","http://www.centralsmileteam.com","https://www.facebook.com/155265461150408","","0.5425372123718262","","9","meta | Overture","CDLA-Permissive-2.0","2026-04-27T00:00:00.000Z | 2026-06-11T11:57:15Z"
"LA","Louisiana","007cddf5-5ac4-4d8f-9c77-cfa19f571121","Elm Street Dental","-93.2802319257363","32.6262949657766","dentist","","909 Elm St","Minden","71055","LA","US","(318) 377-9411","","http://elmstreetdental.com","","","0.9199122190475464","open","4","Foursquare | Overture | Overture-signals","Apache-2.0 | CDLA-Permissive-2.0","2025-10-21T00:00:00.000 | 2026-06-11T11:57:15Z | 2026-05-12T00:29:08Z | 2026-05-18T13:23:54Z | 2026-05-25T13:08:59Z | 2026-06-01T13:20:32Z | 2026-06-08T13:20:12Z"
"LA","Louisiana","00b3fae8-55fe-4341-84c8-b8943ae40de1","Dr. Stephen M. Zobrist, DDS - Preventative & Restorative Dentistry","-91.118096","30.434405","dentist","cosmetic_dentist | health_and_medical","6943 Jefferson Hwy","Baton Rouge","70806-8110","LA","US","+12252486777","frontoffice@zobristdental.com","http://zobristdental.com","https://www.facebook.com/405744259527017","","0.870033860206604","","9","meta | Overture","CDLA-Permissive-2.0","2026-04-27T00:00:00.000Z | 2026-06-11T11:57:15Z"
"LA","Louisiana","00cc48e9-f34c-4fce-9554-d85835eb79cc","Louisiana Dental Center - Raceland","-90.55998262","29.69996014","dentist","general_dentistry | health_and_medical","4690 Highway One","Raceland","70394-2623","LA","US","+19855371993","raceland@ladentalcenter.com","https://www.ladentalcenterraceland.com/","https://www.facebook.com/168971499783416","","0.9722161889076233","open","11","meta | Overture | Overture-signals","CDLA-Permissive-2.0","2026-04-27T00:00:00.000Z | 2026-06-11T11:57:15Z | 2026-05-12T00:29:08Z | 2026-06-08T13:20:12Z"
"LA","Louisiana","00fcd64c-6870-4d05-86f3-ce4dc0502b57","Sherwood Dental Care","-91.05122195","30.4036474","dentist","general_dentistry","11700 Haymarket Ave","Baton Rouge","70816-6009","LA","US","+12252632313","sdcollinsjr@gmail.com","http://www.collinsdental.com/","https://www.facebook.com/172085436140288","","0.9902192950248718","open","7","meta | Overture | Overture-signals","CDLA-Permissive-2.0","2026-04-27T00:00:00.000Z | 2026-06-11T11:57:15Z | 2026-05-12T00:29:08Z | 2026-05-18T13:23:54Z | 2026-05-25T13:08:59Z | 2026-06-01T13:20:32Z | 2026-06-08T13:20:12Z"
"LA","Louisiana","0124a1b1-8700-4a30-868e-a02755bba1b2","Haven Dental Care","-90.08977099","30.39625613","dentist","general_dentistry","2140 9th St","Mandeville","70471-1820","LA","US","+19856248268","havendentalmandeville@gmail.com","https://patient.portal.archy.com/p/131a3f9f-c2a3-4b40-a141-8eae222c901a/self-booking","https://www.facebook.com/467249766468673","Archy","0.9199122190475464","open","9","meta | Overture | Overture-signals","CDLA-Permissive-2.0","2026-04-27T00:00:00.000Z | 2026-06-11T11:57:15Z | 2026-05-12T00:29:08Z | 2026-05-18T13:23:54Z | 2026-05-25T13:08:59Z | 2026-06-01T13:20:32Z | 2026-06-08T13:20:12Z"
"LA","Louisiana","0285454b-57fd-4021-a35c-4b03e7018030","Aesthetic Dentistry Group","-91.124790334135","30.3708754630938","dentist","","8519 Highland Rd","Baton Rouge","70808","LA","US","(225) 766-1765","contactus@brdentistry.com","http://www.brdentistry.com","https://www.facebook.com/602464889790198","","0.9199122190475464","open","4","Foursquare | Overture | Overture-signals","Apache-2.0 | CDLA-Permissive-2.0","2025-08-19T00:00:00.000 | 2026-06-11T11:57:15Z | 2026-05-12T00:29:08Z | 2026-05-18T13:23:54Z | 2026-05-25T13:08:59Z | 2026-06-01T13:20:32Z | 2026-06-08T13:20:12Z"
"LA","Louisiana","028f5d0f-3443-4082-b402-fe9ff5c36be6","Just Bright Family Dentistry","-90.025702","29.882726","dentist","medical_service_organizations | naturopathic_holistic","151 Ochsner Blvd Ste B","Gretna","70056","LA","US","+15043944990","","","https://www.facebook.com/234673470624879","","0.6408162713050842","","8","meta | Overture","CDLA-Permissive-2.0","2026-04-27T00:00:00.000Z | 2026-06-11T11:57:15Z"
"LA","Louisiana","029b1d83-d4f9-4f83-b89e-fa6464ce7c14","Tidwell Gregg C DDS","-92.11109274","32.51938634","dentist","general_dentistry | medical_service_organizations","1512 Royal Ave","Monroe","71201","LA","US","+13183875400","","","https://www.facebook.com/159344184096326","","0.9199122190475464","open","7","meta | Overture | Overture-signals","CDLA-Permissive-2.0","2026-04-27T00:00:00.000Z | 2026-06-11T11:57:15Z | 2026-05-12T00:29:08Z | 2026-05-18T13:23:54Z | 2026-05-25T13:08:59Z | 2026-06-01T13:20:32Z | 2026-06-08T13:20:12Z"
"LA","Louisiana","02c4e76a-57f0-48bb-a551-4dc48c46e01a","Lakeshore Endodontics","-90.464699","30.483245","dentist","endodontist | medical_service_organizations","800 C M Fagan Dr","Hammond","70403-6062","LA","US","+19853452828","","http://www.lakeshoreendodontics.com/","https://www.facebook.com/161448157213782","Lakeshore Endodontics, L.L.C.","0.968107283115387","","7","meta | Overture","CDLA-Permissive-2.0","2026-04-27T00:00:00.000Z | 2026-06-11T11:57:15Z"
"LA","Louisiana","02d48ba1-b5b1-49ea-9006-b93f937805d2","Dr. Mark Meredith Jr. DDS","-92.09588676","32.07621549","dentist","naturopathic_holistic | lawyer","8066 Highway 165","Columbia","71418-3396","LA","US","+13186496161","","","https://www.facebook.com/103357626393465","","0.83717942237854","","9","meta | Overture","CDLA-Permissive-2.0","2026-04-27T00:00:00.000Z | 2026-06-11T11:57:15Z"
"LA","Louisiana","02f98fed-845b-49cd-ae74-2d44a29794a5","Dentists of Mandeville","-90.08770848","30.37475204","dentist","general_dentistry | health_and_medical","3421 E Causeway Appr","Mandeville","70448-3447","LA","US","+19857461629","dentistsofmandeville@smilegeneration.com","https://www.DentistsofMandeville.com/?sc_cid=Facebook%3AO%3AGP%3A688%3ASocial%3AGeneral%3Ana&_vsrefdom=organic_social&y_source=1_MTQ4NDUzODEtNTU5LWxvY2F0aW9uLndlYnNpdGU%3D","https://www.facebook.com/104696461030482","Smile Generation","0.999802338540554","","9","meta | Overture","CDLA-Permissive-2.0","2026-04-27T00:00:00.000Z | 2026-06-11T11:57:15Z"
"LA","Louisiana","031ae635-add9-471e-8b9e-563e85bea24d","Taylor Dental","-93.79588537","32.47777077","dentist","general_dentistry","3719 Jewella Ave","Shreveport","71109-4703","LA","US","+13187589123","contacttaylor@taylordentalgroup.com","https://www.taylordentalgroup.com/","https://www.facebook.com/237803873780505","Taylor Dental","0.9199122190475464","open","8","meta | Overture | Overture-signals","CDLA-Permissive-2.0","2026-04-27T00:00:00.000Z | 2026-06-11T11:57:15Z | 2026-05-12T00:29:08Z | 2026-05-18T13:23:54Z | 2026-05-25T13:08:59Z | 2026-06-01T13:20:32Z | 2026-06-08T13:20:12Z"
"LA","Louisiana","03ad379e-2016-401f-a99e-712272235682","Gauthreaux Randy DDS","-92.06507411","30.21856472","dentist","cosmetic_dentist | medical_service_organizations","1113 Foreman Dr","Lafayette","70506-2929","LA","US","+13379880805","","http://www.healthgrades.com/dentist/dr-randy-gauthreaux-y4l33","https://www.facebook.com/150243818365467","","0.9199122190475464","open","6","meta | Overture | Overture-signals","CDLA-Permissive-2.0","2026-04-27T00:00:00.000Z | 2026-06-11T11:57:15Z | 2026-05-12T00:29:08Z | 2026-05-18T13:23:54Z | 2026-05-25T13:08:59Z | 2026-06-01T13:20:32Z | 2026-06-08T13:20:12Z"
"LA","Louisiana","042b7938-01ee-457c-9de1-b66a39021c76","Shreveport Dental Solutions","-93.72154637","32.45246569","dentist","general_dentistry","6009 Youree Dr","Shreveport","71105-4413","LA","US","+13188692593","hello@shreveportsdentist.com","https://shreveportsdentist.com/","https://www.facebook.com/147276138798537","","0.9902192950248718","open","7","meta | Overture | Overture-signals","CDLA-Permissive-2.0","2026-04-27T00:00:00.000Z | 2026-06-11T11:57:15Z | 2026-05-12T00:29:08Z | 2026-05-18T13:23:54Z | 2026-05-25T13:08:59Z | 2026-06-01T13:20:32Z | 2026-06-08T13:20:12Z"
"LA","Louisiana","043f1cbb-db5a-4b48-b6fe-eb1af9057b68","Fruge Orthodontics","-90.879843086563","30.1548966632803","dentist","","925 E Highway 30","Gonzales","70737","LA","US","(225) 621-2709","","https://frugeorthodontics.com","","","0.77","","5","Foursquare | Overture","Apache-2.0 | CDLA-Permissive-2.0","2025-05-30T00:00:00.000 | 2026-06-11T11:57:15Z"
"LA","Louisiana","0544589c-e9f9-4874-8cf2-4920515301c3","Doctor's Dental - Baton Rouge","-91.1401961083328","30.3788196203958","dentist","","7278 Highland Rd Ste C","Baton Rouge","70808","LA","US","(225) 329-1140","info5@doctorsdental.com","http://www.doctorsdental.com","https://www.twitter.com/doctorsdentalbr | https://www.facebook.com/194773160688836","","0.9199122190475464","open","4","Foursquare | Overture | Overture-signals","Apache-2.0 | CDLA-Permissive-2.0","2025-06-15T00:00:00.000 | 2026-06-11T11:57:15Z | 2026-05-12T00:29:08Z | 2026-05-18T13:23:54Z | 2026-05-25T13:08:59Z | 2026-06-01T13:20:32Z | 2026-06-08T13:20:12Z"
"LA","Louisiana","0566a3d1-a267-4207-9ff6-c9909e82da27","Gustafson Family Dentistry","-89.7284654","30.28991142","dentist","general_dentistry","925 Cross Gates Blvd","Slidell","70461-3928","LA","US","+19856461726","docsgang2000@yahoo.com","http://www.gustafsondentistry.com/","https://www.facebook.com/400655886650381","","0.9199122190475464","open","8","meta | Overture | Overture-signals","CDLA-Permissive-2.0","2026-04-27T00:00:00.000Z | 2026-06-11T11:57:15Z | 2026-05-12T00:29:08Z | 2026-05-18T13:23:54Z | 2026-05-25T13:08:59Z | 2026-06-01T13:20:32Z | 2026-06-08T13:20:12Z"
"LA","Louisiana","058e46fc-9637-4a18-b227-a4f237e3ae98","Washington Layne DDS","-91.84020844","31.62584015","dentist","family_practice | health_and_medical","309 Fritz St","Jonesville","71343-2506","LA","US","+13183396657","","http://www.wellness.com/dir/2201785/dentist/la/jonesville","https://www.facebook.com/133774416672865","","0.7968700528144836","","7","meta | Overture","CDLA-Permissive-2.0","2026-04-27T00:00:00.000Z | 2026-06-11T11:57:15Z"
"LA","Louisiana","0598bef2-75ab-41b4-afc9-00f030a24342","Tom L Darbonne","-92.0832707662928","30.5090892564938","dentist","","2340 Larkspur Ln","Opelousas","70570","LA","US","(337) 948-7531","","http://darbonnetomldds.placeweb.site","https://www.facebook.com/125227927530619","","0.9199122190475464","open","4","Foursquare | Overture | Overture-signals","Apache-2.0 | CDLA-Permissive-2.0","2025-08-22T00:00:00.000 | 2026-06-11T11:57:15Z | 2026-05-12T00:29:08Z | 2026-05-18T13:23:54Z | 2026-05-25T13:08:59Z | 2026-06-01T13:20:32Z | 2026-06-08T13:20:12Z"
"LA","Louisiana","059a4618-5b74-4d5c-a782-4f1996d6c888","Dimetry Cossich, DDS","-90.0875940433117","30.4771502773047","dentist","","842 Collins Blvd Ste F","Covington","70433","LA","US","(985) 809-1889","contactus@4agreatdentist.net","http://4agreatdentist.net","","","0.77","","5","Foursquare | Overture","Apache-2.0 | CDLA-Permissive-2.0","2025-05-01T00:00:00.000 | 2026-06-11T11:57:15Z"
"LA","Louisiana","05fcc026-16e9-47b4-b37c-b6a97dd8c975","Motto Clear Aligners","-92.0744609","30.179022","dentist","health_and_medical","5540 Johnston St","Lafayette","70503","LA","US","3372477698","","https://www.aspendental.com/dentist/la/lafayette/5540-johnston-st/motto-clear-aligners/","","","0.9199122190475464","open","7","Microsoft | Overture | Overture-signals","CDLA-Permissive-2.0","2025-10-05T08:01:47.940Z | 2026-06-11T11:57:15Z | 2026-05-12T00:29:08Z | 2026-05-18T13:23:54Z | 2026-05-25T13:08:59Z | 2026-06-01T13:20:32Z | 2026-06-08T13:20:12Z"
"LA","Louisiana","063e090d-4ca0-4e06-bb01-aeee2830ab27","Dr Robert D. Ory, Sr","-90.4954729956926","30.0695871632608","dentist","","430 W 5th St","La Place","70068","LA","US","(985) 652-9616","","http://www.orydentists.com","","","0.9199122190475464","open","4","Foursquare | Overture | Overture-signals","Apache-2.0 | CDLA-Permissive-2.0","2025-08-22T00:00:00.000 | 2026-06-11T11:57:15Z | 2026-05-12T00:29:08Z | 2026-05-18T13:23:54Z | 2026-05-25T13:08:59Z | 2026-06-01T13:20:32Z | 2026-06-08T13:20:12Z"
"LA","Louisiana","0692d772-8873-4ae7-bddf-7f22ceb01888","Dr. Jeff Ellard, DDS","-91.0970610461859","30.4461949991893","dentist","","541 Shadows Ln","Baton Rouge","70806","LA","US","(225) 924-2010","info@childrensdentalcarela.com","http://childrensdentalcarela.com","https://www.facebook.com/151855308189779","","0.9199122190475464","open","4","Foursquare | Overture | Overture-signals","Apache-2.0 | CDLA-Permissive-2.0","2025-08-22T00:00:00.000 | 2026-06-11T11:57:15Z | 2026-05-12T00:29:08Z | 2026-05-18T13:23:54Z | 2026-05-25T13:08:59Z | 2026-06-01T13:20:32Z | 2026-06-08T13:20:12Z"
"LA","Louisiana","06f518da-c355-4d0f-a3ca-7e2c1f23d812","Dental Sleep Medicine Associates","-92.35605671","31.34798908","dentist","general_dentistry","5016 Highway 28 E","Pineville","71360-4737","LA","US","+13184277833","","","https://www.facebook.com/122179449578440","Dental Sleep Medicine Associates","0.9199122190475464","open","7","meta | Overture | Overture-signals","CDLA-Permissive-2.0","2026-04-27T00:00:00.000Z | 2026-06-11T11:57:15Z | 2026-05-12T00:29:08Z | 2026-05-18T13:23:54Z | 2026-05-25T13:08:59Z | 2026-06-01T13:20:32Z | 2026-06-08T13:20:12Z"
"LA","Louisiana","0716e8f2-95be-4131-9483-7e1cdf5ca76b","Graham Dental Care","-90.15606842","30.5670691","dentist","general_dentistry","78361 Highway 25","Folsom","70437-3320","LA","US","+19857969345","grahamdentalcare@yahoo.com","http://Www.Grahamdentalcare.com/","https://www.facebook.com/351325392088027","","0.9199122190475464","open","7","meta | Overture | Overture-signals","CDLA-Permissive-2.0","2026-04-27T00:00:00.000Z | 2026-06-11T11:57:15Z | 2026-05-12T00:29:08Z | 2026-05-18T13:23:54Z | 2026-05-25T13:08:59Z | 2026-06-01T13:20:32Z | 2026-06-08T13:20:12Z"
"LA","Louisiana","0723e1db-4849-41f7-8b59-59b59b14cfd4","RKM Primary Care - Dental","-91.02243888","30.86436978","dentist","general_dentistry | health_and_medical","11990 Jackson St","Clinton","70722-3210","LA","US","+12256835292","","http://rkmcare.org","https://www.facebook.com/234263230664400","","0.9199122190475464","open","4","meta | Overture | Overture-signals","CDLA-Permissive-2.0","2026-04-27T00:00:00.000Z | 2026-06-11T11:57:15Z | 2026-05-12T00:29:08Z | 2026-05-18T13:23:54Z | 2026-05-25T13:08:59Z | 2026-06-01T13:20:32Z | 2026-06-08T13:20:12Z"
"LA","Louisiana","07921749-7d22-4225-90c5-71833ca2db20","Outshine Family Dental","-90.1096865","30.47403897","dentist","general_dentistry | health_and_medical","604 S Tyler St","Covington","70433-3346","LA","US","+19858922273","info@outshinefamilydental.com","https://www.outshinefamilydental.com/contact-us/tyler-street-covington-la-office/","https://www.facebook.com/163934693733961","Outshine Family Dental - Hammond","0.9902192950248718","open","9","meta | Overture | Overture-signals","CDLA-Permissive-2.0","2026-04-27T00:00:00.000Z | 2026-06-11T11:57:15Z | 2026-05-12T00:29:08Z | 2026-05-18T13:23:54Z | 2026-05-25T13:08:59Z | 2026-06-01T13:20:32Z | 2026-06-08T13:20:12Z"
"LA","Louisiana","07a4effd-fe8f-41a7-ae74-c6c26e19d5a1","Erin Hymel","-90.10460194","30.00366001","dentist","general_dentistry","6251 General Diaz St","New Orleans","70124-3033","LA","US","+15043563316","smile@erinhymeldds.com","http://erinhymeldds.com/","https://www.facebook.com/101732605418127","","0.9199122190475464","open","8","meta | Overture | Overture-signals","CDLA-Permissive-2.0","2026-04-27T00:00:00.000Z | 2026-06-11T11:57:15Z | 2026-05-12T00:29:08Z | 2026-05-18T13:23:54Z | 2026-05-25T13:08:59Z | 2026-06-01T13:20:32Z | 2026-06-08T13:20:12Z"
"LA","Louisiana","07c93a5b-77b9-44ee-8e25-1941ef924bee","Charles A. Boudreaux D.D.S.","-90.1091958604979","29.9916451247126","dentist","","5589 Canal Blvd","New Orleans","70124","LA","US","(504) 482-3303","cab5589@hotmail.com","http://www.drcharlesboudreaux.com","https://www.facebook.com/184383158257849","","0.9902192950248718","open","4","Foursquare | Overture | Overture-signals","Apache-2.0 | CDLA-Permissive-2.0","2025-11-20T00:00:00.000 | 2026-06-11T11:57:15Z | 2026-05-12T00:29:08Z | 2026-05-18T13:23:54Z | 2026-05-25T13:08:59Z | 2026-06-01T13:20:32Z | 2026-06-08T13:20:12Z"
"LA","Louisiana","07d8fbfe-5775-4810-a01a-90e604b6bd29","Mer Rouge Dental Arts","-91.79391791","32.77628607","dentist","health_and_medical","220 Davenport Ave","Mer Rouge","71261-9742","LA","US","+13186475708","","http://merrougedentalarts.placeweb.site","https://www.facebook.com/143455325728110","","0.9199122190475464","open","6","meta | Overture | Overture-signals","CDLA-Permissive-2.0","2026-04-27T00:00:00.000Z | 2026-06-11T11:57:15Z | 2026-05-12T00:29:08Z | 2026-05-18T13:23:54Z | 2026-05-25T13:08:59Z | 2026-06-01T13:20:32Z | 2026-06-08T13:20:12Z"
"LA","Louisiana","07e81bae-0a5c-4fb4-991d-2ce3dbc98eb4","Pineville Family Dentistry","-92.4108697","31.36061773","dentist","general_dentistry | doctor","3310 Military Hwy","Pineville","71360-4229","LA","US","+13183330658","info@pinevillefamilydentist.com","http://pinevillefamilydentist.com/","https://www.facebook.com/1704982462947911","","0.9199122190475464","open","8","meta | Overture | Overture-signals","CDLA-Permissive-2.0","2026-04-27T00:00:00.000Z | 2026-06-11T11:57:15Z | 2026-05-12T00:29:08Z | 2026-05-18T13:23:54Z | 2026-05-25T13:08:59Z | 2026-06-01T13:20:32Z | 2026-06-08T13:20:12Z"
"LA","Louisiana","07f0c990-9aff-4717-9440-0c967ee0c677","Kim Dukes","-92.48785911","31.30285519","dentist","pediatric_dentist | health_and_medical","3816 Bayou Rapides Rd","Alexandria","71303-3655","LA","US","+13184734346","","https://dukes-kim-seiler-dds.hub.biz/","https://www.facebook.com/110784402318429","","0.9199122190475464","open","6","meta | Overture | Overture-signals","CDLA-Permissive-2.0","2026-04-27T00:00:00.000Z | 2026-06-11T11:57:15Z | 2026-05-12T00:29:08Z | 2026-05-18T13:23:54Z | 2026-05-25T13:08:59Z | 2026-06-01T13:20:32Z | 2026-06-08T13:20:12Z"
"LA","Louisiana","07fd2346-4aef-4a9d-ba06-d3fa78b4dda1","Gregg Dental Center","-91.46739814","31.57293266","dentist","health_and_medical | doctor","1148 Loga Sewell Dr","Vidalia","71373","LA","US","+13183365711","greggdentalcenter@yahoo.com","","https://www.facebook.com/154216871262145","","0.9927937984466553","","8","meta | Overture","CDLA-Permissive-2.0","2026-04-27T00:00:00.000Z | 2026-06-11T11:57:15Z"
"LA","Louisiana","08471cea-e194-4699-9b79-1935448618c9","Crescent Dental","-90.54109607","29.64094409","dentist","general_dentistry | cosmetic_dentist","707 Crescent Ave","Lockport","70374-2815","LA","US","+19855323480","info@crescentdentalla.com","http://crescentdentalla.com/","https://www.facebook.com/464532326918594","","0.9199122190475464","open","7","meta | Overture | Overture-signals","CDLA-Permissive-2.0","2026-04-27T00:00:00.000Z | 2026-06-11T11:57:15Z | 2026-05-12T00:29:08Z | 2026-05-18T13:23:54Z | 2026-05-25T13:08:59Z | 2026-06-01T13:20:32Z | 2026-06-08T13:20:12Z"
"LA","Louisiana","0875976c-30dc-4b14-b250-4059890d58f2","Richard, C J Jr,Dr","-90.8673228508403","30.488311466884","dentist","","30061 College Dr","Walker","70785","LA","US","(225) 664-0210","cjricharddds@gmail.com","http://www.cjrjdds.com","https://www.facebook.com/122384834484542","","0.9199122190475464","open","4","Foursquare | Overture | Overture-signals","Apache-2.0 | CDLA-Permissive-2.0","2025-08-22T00:00:00.000 | 2026-06-11T11:57:15Z | 2026-05-12T00:29:08Z | 2026-05-18T13:23:54Z | 2026-05-25T13:08:59Z | 2026-06-01T13:20:32Z | 2026-06-08T13:20:12Z"
"LA","Louisiana","08baf466-3b7b-42ca-b018-75b58a029619","Feliciana Dental","-91.36536152","30.78475898","dentist","general_dentistry | doctor","5237 Commerce St","St Francisville","70775-4409","LA","US","+12256354707","felicianadental@gmail.com","https://www.felicianadental.com","https://www.facebook.com/1707007292877892","","0.9199122190475464","open","10","meta | Overture | Overture-signals","CDLA-Permissive-2.0","2026-04-27T00:00:00.000Z | 2026-06-11T11:57:15Z | 2026-05-12T00:29:08Z | 2026-05-18T13:23:54Z | 2026-05-25T13:08:59Z | 2026-06-01T13:20:32Z | 2026-06-08T13:20:12Z"
"LA","Louisiana","08f9085e-c57b-48c4-90f6-1cafff3b2913","Caples And Robinson Orthodontics-Monroe","-92.1062770910677","32.5355869960605","dentist","","2210 Forsythe Ave","Monroe","71201","LA","US","(318) 325-9655","","https://caplesrobinsonortho.com","","","0.77","","5","Foursquare | Overture","Apache-2.0 | CDLA-Permissive-2.0","2025-08-22T00:00:00.000 | 2026-06-11T11:57:15Z"
"LA","Louisiana","093068d4-9049-45c8-816b-538a897889fc","Dr. Rene C. Desselle","-92.05026983","31.0619056","dentist","general_dentistry | doctor","1837 Leglise St","Mansura","71350-4001","LA","US","+13189642300","","","https://www.facebook.com/150165338359558","","0.9199122190475464","open","7","meta | Overture | Overture-signals","CDLA-Permissive-2.0","2026-04-27T00:00:00.000Z | 2026-06-11T11:57:15Z | 2026-05-12T00:29:08Z | 2026-05-18T13:23:54Z | 2026-05-25T13:08:59Z | 2026-06-01T13:20:32Z | 2026-06-08T13:20:12Z"
"LA","Louisiana","093399d2-b854-4cb9-ba5b-4c8b87c7a8f4","New Orleans Dental Center","-90.0535906795654","29.8851210780943","dentist","","1901 Manhattan Blvd, Bldg F, Suite 201","Harvey","70058","LA","US","(504) 347-6000","dwight@dutchtowndentalcenter.com","http://www.neworleansdentalcenter.com","https://www.twitter.com/n_orleansdental | https://www.facebook.com/300151293344507","","0.77","","6","Foursquare | Overture","Apache-2.0 | CDLA-Permissive-2.0","2025-10-09T00:00:00.000 | 2026-06-11T11:57:15Z"
"LA","Louisiana","099effe2-bbdd-481d-8269-08b5b7b987b6","Central Oaks Dental Care","-91.0035669977024","30.5179249124305","dentist","","16606 Greenwell Springs Rd","Greenwell Springs","70739","LA","US","(225) 262-4150","","http://centraloaksdental.com","https://www.facebook.com/437621062926675","","0.9199122190475464","open","4","Foursquare | Overture | Overture-signals","Apache-2.0 | CDLA-Permissive-2.0","2025-08-19T00:00:00.000 | 2026-06-11T11:57:15Z | 2026-05-12T00:29:08Z | 2026-05-18T13:23:54Z | 2026-05-25T13:08:59Z | 2026-06-01T13:20:32Z | 2026-06-08T13:20:12Z"
"LA","Louisiana","09af5efe-74bc-47b8-8c6a-5f32709291d2","John Howard DDS","-92.11146402","32.53286832","dentist","general_dentistry | doctor","2001 Forsythe Ave","Monroe","71201-3666","LA","US","+13183221043","","","https://www.facebook.com/141381459294669","","0.9199122190475464","open","7","meta | Overture | Overture-signals","CDLA-Permissive-2.0","2026-04-27T00:00:00.000Z | 2026-06-11T11:57:15Z | 2026-05-12T00:29:08Z | 2026-05-18T13:23:54Z | 2026-05-25T13:08:59Z | 2026-06-01T13:20:32Z | 2026-06-08T13:20:12Z"
"LA","Louisiana","09e084db-5e10-4d45-b957-ee3000fb6bd9","Ryan A Walker DDS","-90.75982693","29.5895539","dentist","general_dentistry | medical_service_organizations","1092 Valhi Blvd","Houma","70360-5980","LA","US","+19859804611","","https://ryanawalkerdental.com/request-an-appointment/","https://www.facebook.com/172959226090746","","0.9199122190475464","open","8","meta | Overture | Overture-signals","CDLA-Permissive-2.0","2026-04-27T00:00:00.000Z | 2026-06-11T11:57:15Z | 2026-05-12T00:29:08Z | 2026-05-18T13:23:54Z | 2026-05-25T13:08:59Z | 2026-06-01T13:20:32Z | 2026-06-08T13:20:12Z"
"LA","Louisiana","09ff4211-887c-4c7f-929b-4cee88640d7d","Dr Paul D Hardman DMD PC Family Dentistry","-90.453801153096","30.5098083453972","dentist","","804 E Robinson St","Hammond","70401","LA","US","(775) 883-7773","","https://www.carsoncitydentalclinic.com","","","0.9199122190475464","open","4","Foursquare | Overture | Overture-signals","Apache-2.0 | CDLA-Permissive-2.0","2025-05-30T00:00:00.000 | 2026-06-11T11:57:15Z | 2026-05-12T00:29:08Z | 2026-05-18T13:23:54Z | 2026-05-25T13:08:59Z | 2026-06-01T13:20:32Z | 2026-06-08T13:20:12Z"
"LA","Louisiana","0b4b7ce0-330c-4958-bd4f-59cf0a3a9d27","Dr. Scott C. Kogler, DDS","-90.920052","30.231122","dentist","doctor | health_and_medical","306 S Burnside Ave","Gonzales","70737-3444","LA","US","+12256212703","","http://www.drscottkogler.com/","https://www.facebook.com/1600542186830405","","0.8711593747138977","","8","meta | Overture","CDLA-Permissive-2.0","2026-04-27T00:00:00.000Z | 2026-06-11T11:57:15Z"
"LA","Louisiana","0b95e7a5-a178-4449-a335-b4ec727a8546","Dental Care Associates","-90.45872966","30.48478242","dentist","general_dentistry | health_and_medical","212 W Minnesota Park","Hammond","70403-6125","LA","US","+19855423368","greatdenture@gmail.com","http://www.dcafamilydentistry.com/","https://www.facebook.com/184119771618476","Dental Care Associates","0.9902192950248718","open","9","meta | Overture | Overture-signals","CDLA-Permissive-2.0","2026-04-27T00:00:00.000Z | 2026-06-11T11:57:15Z | 2026-05-12T00:29:08Z | 2026-05-18T13:23:54Z | 2026-05-25T13:08:59Z | 2026-06-01T13:20:32Z | 2026-06-08T13:20:12Z"
"LA","Louisiana","0b9a282c-7192-43d5-a9a4-339ccf8b6513","Lakefront Dental Care","-90.10563723","30.01874067","dentist","general_dentistry | doctor","7037 Canal Blvd","New Orleans","70124-3448","LA","US","+15042825557","dentallakefront@att.net","http://www.mylakeviewdentist.com/","https://www.facebook.com/577061592370900","","0.9199122190475464","open","7","meta | Overture | Overture-signals","CDLA-Permissive-2.0","2026-04-27T00:00:00.000Z | 2026-06-11T11:57:15Z | 2026-05-12T00:29:08Z | 2026-05-18T13:23:54Z | 2026-05-25T13:08:59Z | 2026-06-01T13:20:32Z | 2026-06-08T13:20:12Z"
"LA","Louisiana","0bc92222-ed28-4f97-8466-9512b981a416","Fontenot Peter Dr","-92.26570587","30.69434659","dentist","doctor | health_and_medical","411 E Lincoln Rd","Ville Platte","70586-3431","LA","US","+13373637290","","https://fontenot-peter-dr.hub.biz","https://www.facebook.com/146819232029071","","0.9199122190475464","open","6","meta | Overture | Overture-signals","CDLA-Permissive-2.0","2026-04-27T00:00:00.000Z | 2026-06-11T11:57:15Z | 2026-05-12T00:29:08Z | 2026-05-18T13:23:54Z | 2026-05-25T13:08:59Z | 2026-06-01T13:20:32Z | 2026-06-08T13:20:12Z"
"LA","Louisiana","0c0bf7c8-47f1-49e8-b5f9-a67b95d5b2bc","McCalister Pamela G DDS","-93.08477313","31.75227887","dentist","health_and_medical | cosmetic_dentist","104 Bienville St","Natchitoches","71457-5014","LA","US","+13183526361","","www.healthgrades.com/dentist/dr-pamela-mccalister-xbvxm","https://www.facebook.com/163179210377390","","0.9199122190475464","open","6","meta | Overture | Overture-signals","CDLA-Permissive-2.0","2026-04-27T00:00:00.000Z | 2026-06-11T11:57:15Z | 2026-05-12T00:29:08Z | 2026-05-18T13:23:54Z | 2026-05-25T13:08:59Z | 2026-06-01T13:20:32Z | 2026-06-08T13:20:12Z"
"LA","Louisiana","0cad78f7-2837-4cc1-a96c-4f510bb8abdb","Gallagher & Steeg","-90.2002708","30.01894669","dentist","general_dentistry | doctor","4440 Chastant St","Metairie","70006-2088","LA","US","+15048870181","gallagherfamilydentistry@gmail.com","https://www.gallagherfamilydentistry.com/","https://www.facebook.com/367169940025355","","0.9199122190475464","open","9","meta | Overture | Overture-signals","CDLA-Permissive-2.0","2026-04-27T00:00:00.000Z | 2026-06-11T11:57:15Z | 2026-05-12T00:29:08Z | 2026-05-18T13:23:54Z | 2026-05-25T13:08:59Z | 2026-06-01T13:20:32Z | 2026-06-08T13:20:12Z"
"LA","Louisiana","0ccba136-d6a6-4b94-aebf-16e53345498a","Lisa Loescher DDS","-89.77338113","30.2578246","dentist","general_dentistry | health_and_medical","1400 Old Spanish Trl","Slidell","70458-5023","LA","US","+19856436620","","http://www.drloescher.com","https://www.facebook.com/123094011080547","","0.9962910115718842","","9","meta | Overture","CDLA-Permissive-2.0","2026-04-27T00:00:00.000Z | 2026-06-11T11:57:15Z"
"LA","Louisiana","0cdc496f-ff3e-4267-8ffb-308e35d83c7b","Stephens Ross Dr","-91.132197","30.444974","dentist","teeth_whitening | family_practice","5629 Government St","Baton Rouge","70806-6035","LA","US","+12259276624","","http://www.goldteeth-r-us.com","https://www.facebook.com/112091285554484","Gold teeth r us","0.7560405135154724","","8","meta | Overture","CDLA-Permissive-2.0","2026-04-27T00:00:00.000Z | 2026-06-11T11:57:15Z"
"LA","Louisiana","0d3aaa30-df0d-4b66-8077-c2a2dbf62136","Louisiana Dental Center - Kenner","-90.2459785","30.01423872","dentist","general_dentistry | medical_center","1501 32nd St","Kenner","70065-3204","LA","US","+15042874467","","https://www.ladentalcenterkenner.com/","https://www.facebook.com/321736552094533","","0.9902192950248718","open","9","meta | Overture | Overture-signals","CDLA-Permissive-2.0","2026-04-27T00:00:00.000Z | 2026-06-11T11:57:15Z | 2026-05-12T00:29:08Z | 2026-05-18T13:23:54Z | 2026-05-25T13:08:59Z | 2026-06-01T13:20:32Z | 2026-06-08T13:20:12Z"
"LA","Louisiana","0d90783d-a971-4aa5-be64-737c78e035fe","Dr. Kapusta DDS of Dr. Lisa Ann Loescher & Associates Family Dentistry","-89.77333769","30.25782659","dentist","general_dentistry | health_and_medical","1400 Old Spanish Trl","Slidell","70458-5023","LA","US","+19856432040","loescherdentalassociates@yahoo.com","http://www.drkapusta.com/","https://www.facebook.com/872425252888125","","0.9199122190475464","open","2","meta | Overture | Overture-signals","CDLA-Permissive-2.0","2026-04-27T00:00:00.000Z | 2026-06-11T11:57:15Z | 2026-05-25T13:08:59Z | 2026-06-01T13:20:32Z | 2026-06-08T13:20:12Z"
"LA","Louisiana","0dcadfcc-e539-4d14-b679-ca01f53e616b","Gammage Family Dentistry","-90.08628972","30.38973198","dentist","general_dentistry | doctor","215 St Ann Dr","Mandeville","70471-3394","LA","US","+19857271830","gammagefamilydentistry@gmail.com","http://www.gammagefamilydentistry.com/about.html","https://www.facebook.com/350430261716369","","0.9199122190475464","open","7","meta | Overture | Overture-signals","CDLA-Permissive-2.0","2026-04-27T00:00:00.000Z | 2026-06-11T11:57:15Z | 2026-05-12T00:29:08Z | 2026-05-18T13:23:54Z | 2026-05-25T13:08:59Z | 2026-06-01T13:20:32Z | 2026-06-08T13:20:12Z"
"LA","Louisiana","0dd6fa1a-318d-4d25-8565-caadc3fc968d","Brown Family Orthodontics","-90.093694","29.927074","dentist","orthodontist | family_practice","3600 St Charles Ave","New Orleans","70115-4697","LA","US","+15044555642","","http://www.brownfamilyortho.com/","https://www.facebook.com/2363030320416835","Brown Family Orthodontics","0.7469200491905212","","6","meta | Overture","CDLA-Permissive-2.0","2026-04-27T00:00:00.000Z | 2026-06-11T11:57:15Z"
"LA","Louisiana","0e09a8de-8dca-4415-a43c-b301a494733a","Michael R Lorio DDS","-91.66785067","29.91621324","dentist","medical_service_organizations | health_and_medical","1504 Main St","Jeanerette","70544-3528","LA","US","+13372765326","","http://quickcollegesearch.com","https://www.facebook.com/160316254034691","","0.9199122190475464","open","6","meta | Overture | Overture-signals","CDLA-Permissive-2.0","2026-04-27T00:00:00.000Z | 2026-06-11T11:57:15Z | 2026-05-12T00:29:08Z | 2026-05-18T13:23:54Z | 2026-05-25T13:08:59Z | 2026-06-01T13:20:32Z | 2026-06-08T13:20:12Z"
"LA","Louisiana","0e179c6f-398b-43be-a43d-9e73c72d6c02","Kerst & Caskey Family Dentistry","-93.73587658","32.41948327","dentist","general_dentistry | medical_service_organizations","8789 Line Ave","Shreveport","71106-6813","LA","US","+13188651600","office@kerstandcaskey.com","https://www.kerstandcaskey.com/","https://www.facebook.com/100509045080633","","0.9199122190475464","open","7","meta | Overture | Overture-signals","CDLA-Permissive-2.0","2026-04-27T00:00:00.000Z | 2026-06-11T11:57:15Z | 2026-05-12T00:29:08Z | 2026-05-18T13:23:54Z | 2026-05-25T13:08:59Z | 2026-06-01T13:20:32Z | 2026-06-08T13:20:12Z"
"LA","Louisiana","0e6e1a80-ef7b-4312-b33e-e0a60eb00531","Acadiana Oral & Facial Surgery","-91.7933793824143","30.0072642059542","dentist","","1100 Andre St Ste 303","New Iberia","70563","LA","US","(337) 256-8906","","http://www.aofsurgery.com","","","0.77","","5","Foursquare | Overture","Apache-2.0 | CDLA-Permissive-2.0","2025-08-22T00:00:00.000 | 2026-06-11T11:57:15Z"
"LA","Louisiana","0ec5f728-d3a9-48a7-888b-b47ccf715405","Brannen J David DDS","-90.344366","29.912389","dentist","general_dentistry | health_and_medical","111 Lakewood Dr","Luling","70070-3006","LA","US","+19857856838","","","https://www.facebook.com/121641261225972","","0.9199122190475464","open","9","meta | Overture | Overture-signals","CDLA-Permissive-2.0","2026-04-27T00:00:00.000Z | 2026-06-11T11:57:15Z | 2026-05-12T00:29:08Z | 2026-05-18T13:23:54Z | 2026-05-25T13:08:59Z | 2026-06-01T13:20:32Z | 2026-06-08T13:20:12Z"
"LA","Louisiana","0ec92d85-c76b-4f5e-9bde-dc9f656ae71f","Elizabeth Riggs Dentistry","-90.09004793","29.92239254","dentist","general_dentistry | health_and_medical","3442 Magazine St","New Orleans","70115-2447","LA","US","+15048911115","info@smilesbyriggs.com","http://smilesbyriggs.com/","https://www.facebook.com/1619793788313332","Dr. Elizabeth Riggs Dentistry","0.9199122190475464","open","9","meta | Overture | Overture-signals","CDLA-Permissive-2.0","2026-04-27T00:00:00.000Z | 2026-06-11T11:57:15Z | 2026-05-12T00:29:08Z | 2026-05-18T13:23:54Z | 2026-05-25T13:08:59Z | 2026-06-01T13:20:32Z | 2026-06-08T13:20:12Z"
"LA","Louisiana","0ed005d2-3b7f-4b5d-b34c-91239155b642","Barataria Dental","-90.09784631","29.86293789","dentist","general_dentistry | cosmetic_dentist","2272 Barataria Blvd","Marrero","70072-5402","LA","US","+15043956641","mrbdds@aol.com","https://www.baratariadental.com/?utm_campaign=gmb&utm_medium=organic&utm_source=gmblisting","https://www.facebook.com/200565709979836","","0.9199122190475464","open","7","meta | Overture | Overture-signals","CDLA-Permissive-2.0","2026-04-27T00:00:00.000Z | 2026-06-11T11:57:15Z | 2026-05-12T00:29:08Z | 2026-05-18T13:23:54Z | 2026-05-25T13:08:59Z | 2026-06-01T13:20:32Z | 2026-06-08T13:20:12Z"
"LA","Louisiana","0ed5255f-c537-481b-abfd-c1549746b809","SmileSolutionsDMD","-90.1923732","29.9954844","dentist","prosthodontist | doctor","2221 Transcontinental Dr","Metairie","70001-1046","LA","US","+15046135100","smilesolutionsdmd@gmail.com","http://www.smilesolutionsdmd.com/","https://www.facebook.com/254007438079635","Smile Solutions DMD -  Mitchell Pierce, DMD","0.9976612439155579","","7","meta | Overture","CDLA-Permissive-2.0","2026-04-27T00:00:00.000Z | 2026-06-11T11:57:15Z"
"LA","Louisiana","0eeeec58-01d2-4d1a-b90e-d5049c7cac17","WN Dentistry","-91.10621969","30.42698553","dentist","general_dentistry | cosmetic_dentist","7931 Jefferson Hwy","Baton Rouge","70809-1208","LA","US","+12259273442","","http://WNDENTAL.COM/","https://www.facebook.com/574447726028952","","0.9997829182744026","","9","meta | Overture","CDLA-Permissive-2.0","2026-04-27T00:00:00.000Z | 2026-06-11T11:57:15Z"
"LA","Louisiana","0f1df6f6-d24d-4260-9162-229d0e2ebeff","Cypress Dental","-91.09967224","30.42166562","dentist","general_dentistry | cosmetic_dentist","3138 McIlhenny Dr","Baton Rouge","70809-8655","LA","US","+12252488400","administration@cypressdental.com","http://www.cypressdental.com/","https://www.facebook.com/143932242334585","Cypress Dental","0.9199122190475464","open","8","meta | Overture | Overture-signals","CDLA-Permissive-2.0","2026-04-27T00:00:00.000Z | 2026-06-11T11:57:15Z | 2026-05-12T00:29:08Z | 2026-05-18T13:23:54Z | 2026-05-25T13:08:59Z | 2026-06-01T13:20:32Z | 2026-06-08T13:20:12Z"
"LA","Louisiana","0f61f180-bbf4-4632-9406-c64b132a89b8","Monticello Family Dental Care","-91.05084862","30.49465131","dentist","oral_surgeon | health_and_medical","4814 Monticello Blvd","Baton Rouge","70814-7235","LA","US","+12252754665","","http://ghostmachine.com","https://www.facebook.com/169233046425568","","0.9199122190475464","open","6","meta | Overture | Overture-signals","CDLA-Permissive-2.0","2026-04-27T00:00:00.000Z | 2026-06-11T11:57:15Z | 2026-05-12T00:29:08Z | 2026-05-18T13:23:54Z | 2026-05-25T13:08:59Z | 2026-06-01T13:20:32Z | 2026-06-08T13:20:12Z"
"LA","Louisiana","0f6e241d-9585-4264-abf4-f9f22f66423c","Camellia Dental","-92.04191507","30.17522921","dentist","general_dentistry | cosmetic_dentist","1101 Camellia Blvd","Lafayette","70508-6666","LA","US","+13379891268","appointment@camelliadds.com","https://www.camelliadds.com/","https://www.facebook.com/109860365764010","Lents.mx","0.9199122190475464","open","9","meta | Overture | Overture-signals","CDLA-Permissive-2.0","2026-04-27T00:00:00.000Z | 2026-06-11T11:57:15Z | 2026-05-12T00:29:08Z | 2026-05-18T13:23:54Z | 2026-05-25T13:08:59Z | 2026-06-01T13:20:32Z | 2026-06-08T13:20:12Z"
"LA","Louisiana","0f990330-50c1-4c94-8cd9-916959e4ebc4","Tim Chauvin DDS & Associates","-92.00911711","30.18315663","dentist","general_dentistry | medical_service_organizations","104 Energy Pkwy","Lafayette","70508-3818","LA","US","+13372342186","drtchauvin@gmail.com","http://lafayettedentistchauvin.com/","https://www.facebook.com/149067491818909","","0.9813199043273926","","3","meta | Overture","CDLA-Permissive-2.0","2026-04-27T00:00:00.000Z | 2026-06-11T11:57:15Z"
"LA","Louisiana","10119ea7-5ab7-4d72-a8de-b3c7e22d7bc1","Metairie Dental Care","-90.15859","30.014288","dentist","pediatric_dentist | health_and_medical","3401 W Esplanade Ave S","Metairie","70002-3578","LA","US","+15043013590","info@metairiedentalcare.net","http://www.metairiedentalcare.com","https://www.facebook.com/130117243770996","Metairie Dental Care","0.9199122190475464","open","8","meta | Overture | Overture-signals","CDLA-Permissive-2.0","2026-04-27T00:00:00.000Z | 2026-06-11T11:57:15Z | 2026-05-12T00:29:08Z | 2026-05-18T13:23:54Z | 2026-05-25T13:08:59Z | 2026-06-01T13:20:32Z | 2026-06-08T13:20:12Z"
"LA","Louisiana","1051f174-b58a-4ecb-9a95-dac8afba579b","House Family Dentistry","-93.56638742","32.55583479","dentist","general_dentistry | medical_service_organizations","4700 Highway 80","Haughton","71037-9419","LA","US","+13189499878","housedentistry@gmail.com","http://haughtondentist.com/","https://www.facebook.com/157131747681230","House Family Dentistry","0.9199122190475464","open","9","meta | Overture | Overture-signals","CDLA-Permissive-2.0","2026-04-27T00:00:00.000Z | 2026-06-11T11:57:15Z | 2026-05-12T00:29:08Z | 2026-05-18T13:23:54Z | 2026-05-25T13:08:59Z | 2026-06-01T13:20:32Z | 2026-06-08T13:20:12Z"
"LA","Louisiana","10659a34-62eb-4d5d-8e9c-8bab2719b981","Charles Sampognaro DDS","-92.10917822","32.52288674","dentist","general_dentistry | doctor","1219 N 19th St","Monroe","71201-5435","LA","US","+13183239277","csampognaro@hotmail.com","http://charlessampognaro.dentist/","https://www.facebook.com/1539633596329893","","0.9199122190475464","open","8","meta | Overture | Overture-signals","CDLA-Permissive-2.0","2026-04-27T00:00:00.000Z | 2026-06-11T11:57:15Z | 2026-05-12T00:29:08Z | 2026-05-18T13:23:54Z | 2026-05-25T13:08:59Z | 2026-06-01T13:20:32Z | 2026-06-08T13:20:12Z"
"LA","Louisiana","10a7639d-c0a9-45dd-9a56-ee909ee01950","Louisiana Dental Center - Metairie","-90.15788882","30.00513342","dentist","general_dentistry | medical_center","3301 Veterans Blvd","Metairie","70002","LA","US","+15048336825","lakeside@ladentalcenter.com","https://www.ladentalcentermetairie.com/","https://www.facebook.com/161262310577143","Louisiana Dental Center - Metairie","0.9902192950248718","open","11","meta | Overture | Overture-signals","CDLA-Permissive-2.0","2026-04-27T00:00:00.000Z | 2026-06-11T11:57:15Z | 2026-05-12T00:29:08Z | 2026-05-18T13:23:54Z | 2026-05-25T13:08:59Z | 2026-06-01T13:20:32Z | 2026-06-08T13:20:12Z"
"LA","Louisiana","10da844f-ffb9-4562-b567-7c92cbaa2b62","Lake Area Dentistry","-93.37584345","30.17504435","dentist","general_dentistry | cosmetic_dentist","4985 Highway 27 S","Sulphur","70665-7571","LA","US","+13372436152","info@lakeareadentistry.com","https://www.lakeareadentistry.com/?utm_source=local&utm_medium=local&utm_campaign=eii","https://www.facebook.com/253232598865239","Lake Area Dentistry, LLC","0.9199122190475464","open","9","meta | Overture | Overture-signals","CDLA-Permissive-2.0","2026-04-27T00:00:00.000Z | 2026-06-11T11:57:15Z | 2026-05-12T00:29:08Z | 2026-05-18T13:23:54Z | 2026-05-25T13:08:59Z | 2026-06-01T13:20:32Z | 2026-06-08T13:20:12Z"
"LA","Louisiana","1101c252-a8cb-47be-944b-a8252815ef58","Surrey Street Community Health Center","-92.00070401","30.22530768","dentist","laboratory_testing","1004 Surrey St","Lafayette","70501-6143","LA","US","+13374566768","marketing@icchc.org","https://www.icchc.org/lafayette-la","https://www.facebook.com/610600302139827","ICCHC","0.9902192950248718","open","9","meta | Overture | Overture-signals","CDLA-Permissive-2.0","2026-04-27T00:00:00.000Z | 2026-06-11T11:57:15Z | 2026-05-12T00:29:08Z | 2026-05-18T13:23:54Z | 2026-05-25T13:08:59Z | 2026-06-01T13:20:32Z | 2026-06-08T13:20:12Z"
"LA","Louisiana","11241438-488c-47de-b38f-5ebae37add2c","Central Dental Care","-91.032603363808","30.5520036483351","dentist","","11424 Sullivan Rd","Baton Rouge","70818","LA","US","(225) 261-6645","","http://centraldentalcare.net","","","0.77","","5","Foursquare | Overture","Apache-2.0 | CDLA-Permissive-2.0","2025-04-25T00:00:00.000 | 2026-06-11T11:57:15Z"
"LA","Louisiana","1139da46-0e5a-42e5-899e-2f3d36867d8a","Kay Jordan","-90.10022432","29.89872662","dentist","general_dentistry | family_practice","677 Barataria Blvd","Marrero","70072-1835","LA","US","+15043413535","greetings@kayjordandds.com","http://www.kayjordandds.com/","https://www.facebook.com/185826438816912","","0.9199122190475464","open","8","meta | Overture | Overture-signals","CDLA-Permissive-2.0","2026-04-27T00:00:00.000Z | 2026-06-11T11:57:15Z | 2026-05-12T00:29:08Z | 2026-05-18T13:23:54Z | 2026-05-25T13:08:59Z | 2026-06-01T13:20:32Z | 2026-06-08T13:20:12Z"
"LA","Louisiana","11491135-c217-4098-8423-59c8d11b03ad","Lige F. Dunaway","-92.01467124","30.18229974","dentist","general_dentistry","119 Representative Row","Lafayette","70508-3833","LA","US","+13372641890","l.dunaway@ligedunawaydds.com","https://www.ligedunawaydds.com/","https://www.facebook.com/112540114430056","","0.9199122190475464","open","7","meta | Overture | Overture-signals","CDLA-Permissive-2.0","2026-04-27T00:00:00.000Z | 2026-06-11T11:57:15Z | 2026-05-12T00:29:08Z | 2026-05-18T13:23:54Z | 2026-05-25T13:08:59Z | 2026-06-01T13:20:32Z | 2026-06-08T13:20:12Z"
"LA","Louisiana","118f9b22-dd9d-491e-9652-ca28adec8446","Giggles and Grins Family Dentistry","-91.81150915","29.99286595","dentist","general_dentistry | health_and_medical","616 S Lewis St","New Iberia","70560-4826","LA","US","+13373674746","","http://www.dentistreg.com/dentist/65467bf3.html","https://www.facebook.com/742817735736749","","0.9199122190475464","open","8","meta | Overture | Overture-signals","CDLA-Permissive-2.0","2026-04-27T00:00:00.000Z | 2026-06-11T11:57:15Z | 2026-05-12T00:29:08Z | 2026-05-18T13:23:54Z | 2026-05-25T13:08:59Z | 2026-06-01T13:20:32Z | 2026-06-08T13:20:12Z"
"LA","Louisiana","1202d812-0b6b-434d-8994-0ae3dec9b7c6","Bud Hall DDS","-91.09804299","30.44771572","dentist","general_dentistry | health_and_medical","8427 Kelwood Ave","Baton Rouge","70806-4806","LA","US","+12259289838","budhalldds@yahoo.com","http://www.budhalldds.com/","https://www.facebook.com/295859997240442","Bud Hall DDS","0.9902965426445007","","9","meta | Overture","CDLA-Permissive-2.0","2026-04-27T00:00:00.000Z | 2026-06-11T11:57:15Z"
"LA","Louisiana","12a401a0-3641-48ad-8a83-8635ad95befd","Motto Clear Aligners","-90.494049","30.503844","dentist","","2807 W Thomas St","Hammond","70401","LA","US","9856022716","","https://www.aspendental.com/dentist/la/hammond/2807-w-thomas-street/motto-clear-aligners/","","","0.9199122190475464","open","6","Microsoft | Overture | Overture-signals","CDLA-Permissive-2.0","2025-10-05T07:30:27.027Z | 2026-06-11T11:57:15Z | 2026-05-12T00:29:08Z | 2026-05-18T13:23:54Z | 2026-05-25T13:08:59Z | 2026-06-01T13:20:32Z | 2026-06-08T13:20:12Z"
"LA","Louisiana","12da59df-2500-424e-8095-a6e7121c4335","Zerinque & Morgan","-90.72329024","29.59645439","dentist","general_dentistry","219 Grinage St","Houma","70360-4525","LA","US","+19858689522","","","https://www.facebook.com/118342894885921","","0.9199122190475464","open","8","meta | Overture | Overture-signals","CDLA-Permissive-2.0","2026-04-27T00:00:00.000Z | 2026-06-11T11:57:15Z | 2026-05-12T00:29:08Z | 2026-05-18T13:23:54Z | 2026-05-25T13:08:59Z | 2026-06-01T13:20:32Z | 2026-06-08T13:20:12Z"
"LA","Louisiana","12e9f63f-7303-4666-b74b-032a09da0ad3","Chas. Foy,Jr.  D.D.S.","-90.1580469189901","30.4077329699565","dentist","","400 Pine St","Madisonville","70447","LA","US","(985) 845-8042","","http://www.foyfamilydentistry.com","https://www.facebook.com/133773106675659","","0.77","","5","Foursquare | Overture","Apache-2.0 | CDLA-Permissive-2.0","2025-08-22T00:00:00.000 | 2026-06-11T11:57:15Z"
"LA","Louisiana","131809e2-af42-4a8c-9b0a-e2a86a0fc0aa","Esthetic Associates","-91.04333594","30.34651438","dentist","prosthodontist | naturopathic_holistic","16645 Highland Rd","Baton Rouge","70810-6567","LA","US","+12252140100","info@estheticassociates.com","http://estheticassociates.com/","https://www.facebook.com/329749962306","","0.9199122190475464","open","8","meta | Overture | Overture-signals","CDLA-Permissive-2.0","2026-04-27T00:00:00.000Z | 2026-06-11T11:57:15Z | 2026-05-12T00:29:08Z | 2026-05-18T13:23:54Z | 2026-05-25T13:08:59Z | 2026-06-01T13:20:32Z | 2026-06-08T13:20:12Z"
"LA","Louisiana","13285f46-79b5-4b31-8400-f09515699332","Elizabeth Heirtzler DDS","-91.151788","30.647393","dentist","doctor | health_and_medical","4455 Ridgeway St","Zachary","70791-3961","LA","US","+12256545500","doctooth@bellsouth.net","http://www.elizabethheirtzlerdds.com/","https://www.facebook.com/1410232215857160","","0.7392386198043823","","10","meta | Overture","CDLA-Permissive-2.0","2026-04-27T00:00:00.000Z | 2026-06-11T11:57:15Z"
"LA","Louisiana","132cdd68-fa8c-4be0-8401-799119f3532d","Charpentier Family Dentistry","-91.7090799808829","30.0808053309751","dentist","","600 Rue De Onetta, New Iberia, LA 70563","New Iberia","70563","LA","US","(337) 369-6587","","https://newiberiasmiles.com","","","0.77","","5","Foursquare | Overture","Apache-2.0 | CDLA-Permissive-2.0","2024-10-16T00:00:00.000 | 2026-06-11T11:57:15Z"
"LA","Louisiana","136fd311-7408-432b-bcb7-68eb291100f9","Dr. David P. Desonier","-90.744315","29.61066","dentist","optometrist | health_and_medical","6860 W Park Ave","Houma","70364-2623","LA","US","+19858602255","info@sdgla-houma.com","http://www.snddental.com/","https://www.facebook.com/258733080887736","Dr. David P. Desonier","0.9214416742324829","","8","meta | Overture","CDLA-Permissive-2.0","2026-04-27T00:00:00.000Z | 2026-06-11T11:57:15Z"
"LA","Louisiana","13bb5801-de49-475c-95fa-d75ae10a0ac5","Affordable Dentures & Implants","-92.06537239","30.24319968","dentist","general_dentistry","2149 W Willow St","Scott","70583-5301","LA","US","+13374358279","fda14066@affordabledentures.com","https://www.affordabledentures.com/locations/la/scott?utm_source=Facebook&utm_medium=Organic_Listing&utm_campaign=14066","https://www.facebook.com/833244869865341","Affordable Dentures & Implants","0.9902192950248718","open","9","meta | Overture | Overture-signals","CDLA-Permissive-2.0","2026-04-27T00:00:00.000Z | 2026-06-11T11:57:15Z | 2026-05-12T00:29:08Z | 2026-05-18T13:23:54Z | 2026-05-25T13:08:59Z | 2026-06-01T13:20:32Z | 2026-06-08T13:20:12Z"
"LA","Louisiana","13db0fee-ef2e-4687-8a49-aabc174224c6","Andrew Jackson DDS","-91.81090688","29.98855362","dentist","general_dentistry","806 Jefferson Ter","New Iberia","70560-5727","LA","US","+13373654945","","","https://www.facebook.com/795201027222427","","0.9199122190475464","open","8","meta | Overture | Overture-signals","CDLA-Permissive-2.0","2026-04-27T00:00:00.000Z | 2026-06-11T11:57:15Z | 2026-05-12T00:29:08Z | 2026-05-18T13:23:54Z | 2026-05-25T13:08:59Z | 2026-06-01T13:20:32Z | 2026-06-08T13:20:12Z"
"LA","Louisiana","1433c2dd-4ee8-40ee-b457-1de603337881","Vinh Thanh Nguyen","-90.0881166712851","29.8966447584917","dentist","","3709 Westbank Expy Ste 1A","Harvey","70058","LA","US","(504) 347-7491","","http://nguyenvinh.com","","","0.77","","5","Foursquare | Overture","Apache-2.0 | CDLA-Permissive-2.0","2025-08-22T00:00:00.000 | 2026-06-11T11:57:15Z"
"LA","Louisiana","1437a1ae-2977-46ec-a360-89394adfb6f0","David Ring Dental","-90.68827157","29.57946716","dentist","doctor | medical_service_organizations","1976 Prospect Blvd","Houma","70363-6048","LA","US","+19858725245","","http://ringdavidmdds.placeweb.site","https://www.facebook.com/198433536837663","","0.9750678658485412","","7","meta | Overture","CDLA-Permissive-2.0","2026-04-27T00:00:00.000Z | 2026-06-11T11:57:15Z"
"LA","Louisiana","14435582-4fd8-434c-92b8-bf06fff25811","Dr. Dakota Laseter","-90.084308","30.437487","dentist","","509 N Highway 190","Covington","70433-5010","LA","US","+19857181439","covingtondentalgroup@smilegeneration.com","https://www.covingtondentalgroup.com/","https://www.facebook.com/163647946822388","","0.7331914901733398","","7","meta | Overture","CDLA-Permissive-2.0","2026-04-27T00:00:00.000Z | 2026-06-11T11:57:15Z"
"LA","Louisiana","14744fa7-7737-4568-b128-eace1c7a9b44","Kevin J. Collins DDS","-90.21646937","29.95519051","dentist","general_dentistry | doctor","9523 Jefferson Hwy","New Orleans","70123-2523","LA","US","+15047330484","collinskevindds@gmail.com","https://linktr.ee/kcollinsdds","https://www.facebook.com/177564478977385","","0.9199122190475464","open","8","meta | Overture | Overture-signals","CDLA-Permissive-2.0","2026-04-27T00:00:00.000Z | 2026-06-11T11:57:15Z | 2026-05-12T00:29:08Z | 2026-05-18T13:23:54Z | 2026-05-25T13:08:59Z | 2026-06-01T13:20:32Z | 2026-06-08T13:20:12Z"
"LA","Louisiana","148c827c-71db-4a93-b29d-7ffce56f44c2","Clearview Dental Care","-90.1816003","29.99466858","dentist","general_dentistry | health_and_medical","2221 Clearview Pkwy","Metairie","70001-2458","LA","US","+15044551667","","http://clearviewdentalcare.com/","https://www.facebook.com/1446661792012385","","0.9199122190475464","open","8","meta | Overture | Overture-signals","CDLA-Permissive-2.0","2026-04-27T00:00:00.000Z | 2026-06-11T11:57:15Z | 2026-05-12T00:29:08Z | 2026-05-18T13:23:54Z | 2026-05-25T13:08:59Z | 2026-06-01T13:20:32Z | 2026-06-08T13:20:12Z"
"LA","Louisiana","1539ce69-1f92-4b9c-8f35-b8e6b3016952","Hooton Edward J DDS","-92.0931","32.529529","dentist","health_and_medical | doctor","2805 Armand St","Monroe","71201-3759","LA","US","+13183884411","","","https://www.facebook.com/123070384416765","","0.9006715416908264","","8","meta | Overture","CDLA-Permissive-2.0","2026-04-27T00:00:00.000Z | 2026-06-11T11:57:15Z"
"LA","Louisiana","153ca0c0-27ea-4f15-a444-dcdb212e74a7","Robinson Family Dentistry","-93.7048747843474","32.4184651947497","dentist","","","Shreveport","71115","LA","US","(318) 797-1411","","http://robinsonfamilydentistry.com/new-patients","https://www.facebook.com/168145623198176","","0.77","","5","Foursquare | Overture","Apache-2.0 | CDLA-Permissive-2.0","2025-06-26T00:00:00.000 | 2026-06-11T11:57:15Z"
"LA","Louisiana","1561ef24-10bd-454e-9ad3-8fb1c103600d","Wells G Patrick DDS","-90.16020772","30.01358541","dentist","health_and_medical | doctor","3521 N Arnoult Rd","Metairie","70002-3570","LA","US","+15048881833","wellnessdentistryandaesthetics@gmail.com","http://wellsgpatrickdds.placeweb.site","https://www.facebook.com/342671012270118","","0.9199122190475464","open","6","meta | Overture | Overture-signals","CDLA-Permissive-2.0","2026-04-27T00:00:00.000Z | 2026-06-11T11:57:15Z | 2026-05-12T00:29:08Z | 2026-05-18T13:23:54Z | 2026-05-25T13:08:59Z | 2026-06-01T13:20:32Z | 2026-06-08T13:20:12Z"
"LA","Louisiana","15949b07-bc23-4e33-9a0d-88c2da1d0df0","Honore Cathy G DDS","-90.0754912","29.97882736","dentist","health_and_medical | naturopathic_holistic","1562 N Broad Ave","New Orleans","70119-2356","LA","US","+15049445200","honoredental@gmail.com","https://honoredentalcenter.com","https://www.facebook.com/165305826829541","","0.9199122190475464","open","8","meta | Overture | Overture-signals","CDLA-Permissive-2.0","2026-04-27T00:00:00.000Z | 2026-06-11T11:57:15Z | 2026-05-12T00:29:08Z | 2026-05-18T13:23:54Z | 2026-05-25T13:08:59Z | 2026-06-01T13:20:32Z | 2026-06-08T13:20:12Z"
"LA","Louisiana","15c62401-d17c-4367-bab3-ca6fcee6c232","Sapna Patel DDS","-90.72041495","29.59068268","dentist","general_dentistry | health_and_medical","1006 Barrow St","Houma","70360-5606","LA","US","+19857140983","","","https://www.facebook.com/376008105872225","","0.8802310228347778","","2","meta | Overture","CDLA-Permissive-2.0","2026-04-27T00:00:00.000Z | 2026-06-11T11:57:15Z"
"LA","Louisiana","15d3617d-b185-4369-88dc-2e3f928cc71f","Daniel M Perry DDS","-93.2320368357384","30.1810272010997","dentist","","4301 Lake St","Lake Charles","70605","LA","US","(337) 478-0812","","http://www.drperrydentistry.com","","","0.77","","5","Foursquare | Overture","Apache-2.0 | CDLA-Permissive-2.0","2025-08-22T00:00:00.000 | 2026-06-11T11:57:15Z"
"LA","Louisiana","15fad0a8-81c0-470a-867b-cd6477cb0e94","Lynn Trace DDS","-93.343548","30.227825","dentist","health_and_medical","2920 Maplewood Dr","Sulphur","70663-6114","LA","US","+13376254876","","https://lynn-trace-dds.hub.biz/","https://www.facebook.com/103177469748249","","0.8545492887496948","","8","meta | Overture","CDLA-Permissive-2.0","2026-04-27T00:00:00.000Z | 2026-06-11T11:57:15Z"
"LA","Louisiana","1620028c-8e46-4bd1-9bea-7190837399e4","Dr. Leslie Jacobs, DDS","-92.0239292680914","30.1701767545729","dentist","","113 Rue Fountaine","Lafayette","70508","LA","US","(337) 500-1500","lesliejacobsdds@gmail.com","https://www.makeyourkidssmile.com","https://www.facebook.com/188999457850981","","0.77","","5","Foursquare | Overture","Apache-2.0 | CDLA-Permissive-2.0","2025-08-22T00:00:00.000 | 2026-06-11T11:57:15Z"
"LA","Louisiana","162f4b53-aa52-472b-84f7-eb0482502dd4","Howell Monroe M Dr Dntst","-90.811653","29.792336","dentist","health_and_medical | family_practice","556 Cardinal Dr","Thibodaux","70301","LA","US","+18778685715","","","https://www.facebook.com/154129481289820","","0.6140044331550598","","7","meta | Overture","CDLA-Permissive-2.0","2026-04-27T00:00:00.000Z | 2026-06-11T11:57:15Z"
"LA","Louisiana","16717034-2726-473b-8fbe-1213b8fc0edb","Melvin Harold Procell","-93.0558034002832","32.8132538978975","dentist","","5220 Highway 79","Homer","71040","LA","US","(318) 927-6787","","http://www.drmhprocell.com","","","0.9199122190475464","open","4","Foursquare | Overture | Overture-signals","Apache-2.0 | CDLA-Permissive-2.0","2025-08-22T00:00:00.000 | 2026-06-11T11:57:15Z | 2026-05-12T00:29:08Z | 2026-05-18T13:23:54Z | 2026-05-25T13:08:59Z | 2026-06-01T13:20:32Z | 2026-06-08T13:20:12Z"
"LA","Louisiana","167a8b93-96fe-494a-a0f6-5672fb18b7be","Gator Dental Arts","-93.74471969","32.50676413","dentist","laboratory_testing","1200 Marshall St","Shreveport","71101-3936","LA","US","+13187473022","frontdesk@gatordentalarts.com","http://www.GatorCeramics.com/","https://www.facebook.com/102883313205119","","0.9902192950248718","open","7","meta | Overture | Overture-signals","CDLA-Permissive-2.0","2026-04-27T00:00:00.000Z | 2026-06-11T11:57:15Z | 2026-05-12T00:29:08Z | 2026-05-18T13:23:54Z | 2026-05-25T13:08:59Z | 2026-06-01T13:20:32Z | 2026-06-08T13:20:12Z"
"LA","Louisiana","167c8d2a-6719-4fe1-bc25-60666b89b8f1","Goodman Zach M DDS","-93.28010213","32.62640067","dentist","general_dentistry | health_and_medical","909 Elm St","Minden","71055-2700","LA","US","+13183779411","","https://goodman-zach-m-dds.hub.biz/","https://www.facebook.com/168416229838755","","0.9199122190475464","open","8","meta | Overture | Overture-signals","CDLA-Permissive-2.0","2026-04-27T00:00:00.000Z | 2026-06-11T11:57:15Z | 2026-05-12T00:29:08Z | 2026-05-18T13:23:54Z | 2026-05-25T13:08:59Z | 2026-06-01T13:20:32Z | 2026-06-08T13:20:12Z"
"LA","Louisiana","167d9599-576c-4fe8-be5a-ce666cf02d66","Dr. John C. Stovall Jr","-91.09741501","30.44513155","dentist","health_and_medical | medical_service_organizations","642 Shadows Ln","Baton Rouge","70806-6560","LA","US","+12259279277","drstovall@bellsouth.net","http://www.jstovall.com/","https://www.facebook.com/106825189347772","John C. Stovall, DDS","0.9199122190475464","open","7","meta | Overture | Overture-signals","CDLA-Permissive-2.0","2026-04-27T00:00:00.000Z | 2026-06-11T11:57:15Z | 2026-05-12T00:29:08Z | 2026-05-18T13:23:54Z | 2026-05-25T13:08:59Z | 2026-06-01T13:20:32Z | 2026-06-08T13:20:12Z"
"LA","Louisiana","16e0d1a6-52c8-4932-aa4c-82daa029a021","Comeaux, Clifford C","-91.186277","30.449492","dentist","health_and_medical","8343 O'Hara Ct Ste B","Baton-Rouge","70806","LA","US","2254420349","","","","","0.85","","7","Microsoft | Overture","CDLA-Permissive-2.0","2025-07-15T03:36:18.897Z | 2026-06-11T11:57:15Z"
"LA","Louisiana","16e29094-b7af-4e43-8335-3566d927fe6e","Algiers Dental Associates","-90.0184065756328","29.9253356814637","dentist","","3712 MacArthur Blvd #201","New Orleans","70114","LA","US","(504) 361-3277","","https://www.algiersdentalassociates.com","https://www.twitter.com/algiersdental | https://www.facebook.com/1712891595605345","","0.9199122190475464","open","4","Foursquare | Overture | Overture-signals","Apache-2.0 | CDLA-Permissive-2.0","2025-08-22T00:00:00.000 | 2026-06-11T11:57:15Z | 2026-05-12T00:29:08Z | 2026-05-18T13:23:54Z | 2026-05-25T13:08:59Z | 2026-06-01T13:20:32Z | 2026-06-08T13:20:12Z"
"LA","Louisiana","16ee79de-d655-4e9e-9702-bd079c985058","Advanced Dental Care and Spa","-90.95644488","30.47613796","dentist","cosmetic_dentist | general_dentistry","703 S Range Ave","Denham Springs","70726-4414","LA","US","+12256647175","advanceddentalla@gmail.com","https://advanceddentalcarela.com/","https://www.facebook.com/411140142291538","Advanced Dental Care","0.9199122190475464","open","8","meta | Overture | Overture-signals","CDLA-Permissive-2.0","2026-04-27T00:00:00.000Z | 2026-06-11T11:57:15Z | 2026-05-12T00:29:08Z | 2026-05-18T13:23:54Z | 2026-05-25T13:08:59Z | 2026-06-01T13:20:32Z | 2026-06-08T13:20:12Z"
"LA","Louisiana","1775fe12-ad74-45c4-b428-516fbae69c20","Burke Larry R DDS","-93.08708005","31.75954802","dentist","family_practice | health_and_medical","122 Touline St","Natchitoches","71457-4677","LA","US","+13183522350","","http://burkelarryrdds1.placeweb.site/","https://www.facebook.com/143245109215030","","0.9199122190475464","open","6","meta | Overture | Overture-signals","CDLA-Permissive-2.0","2026-04-27T00:00:00.000Z | 2026-06-11T11:57:15Z | 2026-05-12T00:29:08Z | 2026-05-18T13:23:54Z | 2026-05-25T13:08:59Z | 2026-06-01T13:20:32Z | 2026-06-08T13:20:12Z"
"LA","Louisiana","17ece531-e7fe-405e-b0a8-45889e63d282","Connell Family Dentistry","-90.03688257","29.89098152","dentist","general_dentistry | medical_service_organizations","137 Bellemeade Blvd","Gretna","70056-7108","LA","US","+15043920221","local@connelldentalcare.com","http://www.connelldentalcare.com","https://www.facebook.com/1177729802330672","Connell Family Dentistry","0.9902192950248718","open","9","meta | Overture | Overture-signals","CDLA-Permissive-2.0","2026-04-27T00:00:00.000Z | 2026-06-11T11:57:15Z | 2026-05-12T00:29:08Z | 2026-05-18T13:23:54Z | 2026-05-25T13:08:59Z | 2026-06-01T13:20:32Z | 2026-06-08T13:20:12Z"
"LA","Louisiana","184c6fd5-5407-45a1-83f1-0dda668e5bb9","Thompson James Jamie DR","-92.496384","30.331967","dentist","health_and_medical | doctor","115 Frey St","Iota","70543-2001","LA","US","+13377793587","","","https://www.facebook.com/162794617078461","","0.9199122190475464","open","7","meta | Overture | Overture-signals","CDLA-Permissive-2.0","2026-04-27T00:00:00.000Z | 2026-06-11T11:57:15Z | 2026-05-12T00:29:08Z | 2026-05-18T13:23:54Z | 2026-05-25T13:08:59Z | 2026-06-01T13:20:32Z | 2026-06-08T13:20:12Z"
"LA","Louisiana","18821821-f1e0-42de-97b8-6746f2babbfa","John C. O'Neill","-93.74545268","32.45529463","dentist","periodontist | health_and_medical","745 Edgemont St","Shreveport","71106-2232","LA","US","+10000000000","","https://www.shreveperio.com/","https://www.facebook.com/107845721737748","Shreveport Periodontal Specialists","0.969364583492279","","8","meta | Overture","CDLA-Permissive-2.0","2026-04-27T00:00:00.000Z | 2026-06-11T11:57:15Z"
"LA","Louisiana","189ea8ce-b816-4210-8864-8895d81d4fc1","Caldwell Cratisa Dr","-93.7218169","32.5157894","dentist","health_and_medical","1602 Barksdale Blvd","Bossier City","71111","LA","US","3187472512","","","","","0.85","","9","Microsoft | Overture","CDLA-Permissive-2.0","2025-06-11T06:17:47.563Z | 2026-06-11T11:57:15Z"
"LA","Louisiana","19001ca0-2235-44e2-b62e-6ff9b6c2683d","John R. Vance DDS","-91.10134124","30.44744563","dentist","general_dentistry | health_and_medical","451 E Airport Ave","Baton Rouge","70806-4853","LA","US","+12259252066","email@drjohnvance.com","http://www.drjohnvance.com/","https://www.facebook.com/290834200943658","","0.9945525527000427","","9","meta | Overture","CDLA-Permissive-2.0","2026-04-27T00:00:00.000Z | 2026-06-11T11:57:15Z"
"LA","Louisiana","190aca85-18d2-4942-adcc-1a128e088b30","Dr Duos & Thompson","-92.49256212","30.328421","dentist","family_practice | chiropractor","204 5th St","Iota","70543","LA","US","+13377793587","","","https://www.facebook.com/117453055056744","","0.9199122190475464","open","7","meta | Overture | Overture-signals","CDLA-Permissive-2.0","2026-04-27T00:00:00.000Z | 2026-06-11T11:57:15Z | 2026-05-12T00:29:08Z | 2026-05-18T13:23:54Z | 2026-05-25T13:08:59Z | 2026-06-01T13:20:32Z | 2026-06-08T13:20:12Z"
"LA","Louisiana","190f0159-4d0e-434a-b127-ee72d351455e","Scarpero Charles J DDS","-90.36917846","29.9268683","dentist","general_dentistry | health_and_medical","207 5th St","Luling","70070-4452","LA","US","+19857856011","","","https://www.facebook.com/163531103666601","","0.9199122190475464","open","7","meta | Overture | Overture-signals","CDLA-Permissive-2.0","2026-04-27T00:00:00.000Z | 2026-06-11T11:57:15Z | 2026-05-12T00:29:08Z | 2026-05-18T13:23:54Z | 2026-05-25T13:08:59Z | 2026-06-01T13:20:32Z | 2026-06-08T13:20:12Z"
"LA","Louisiana","1913be50-0a2d-471c-a527-bb8285f2ce5a","Delight clinic","-92.712159","31.517546","dentist","beauty_and_spa | beauty_salon","4th street","Colfax","","LA","US","+9647708372299","dentmustafa1984@gmail.com","","https://www.facebook.com/106811421735888","","0.720265805721283","","7","meta | Overture","CDLA-Permissive-2.0","2026-04-27T00:00:00.000Z | 2026-06-11T11:57:15Z"
"LA","Louisiana","192566ff-3f96-4a1f-8aab-4fd861687bd1","Youngsville Dental Care","-92.01166306","30.10899318","dentist","general_dentistry | health_and_medical","3014 E Milton Ave","Youngsville","70592-5588","LA","US","+13372430890","","https://youngsvilledentalcare.com/","https://www.facebook.com/447575408981973","Dental Health Society online","0.9199122190475464","open","8","meta | Overture | Overture-signals","CDLA-Permissive-2.0","2026-04-27T00:00:00.000Z | 2026-06-11T11:57:15Z | 2026-05-12T00:29:08Z | 2026-05-18T13:23:54Z | 2026-05-25T13:08:59Z | 2026-06-01T13:20:32Z | 2026-06-08T13:20:12Z"
"LA","Louisiana","19309729-ebfc-4477-8431-6a0cc483979a","Monsour John E DDS","-93.72069336","32.45458232","dentist","general_dentistry | doctor","275 Kayla St","Shreveport","71105-4257","LA","US","+13188654382","","","https://www.facebook.com/154979671206351","","0.9199122190475464","open","7","meta | Overture | Overture-signals","CDLA-Permissive-2.0","2026-04-27T00:00:00.000Z | 2026-06-11T11:57:15Z | 2026-05-12T00:29:08Z | 2026-05-18T13:23:54Z | 2026-05-25T13:08:59Z | 2026-06-01T13:20:32Z | 2026-06-08T13:20:12Z"
"LA","Louisiana","198d02d4-c066-4c22-8c87-d2578cabcd97","Southern Roots Dentistry","-93.7098647","32.5452728","dentist","health_and_medical","2369 Airline Dr Ste 330","Bossier City","71111","LA","US","3186589622","","https://srdentistry.com/location/dentist-bossier-city-la/","","","0.85","","9","Microsoft | Overture","CDLA-Permissive-2.0","2024-05-02T23:29:12.140Z | 2026-06-11T11:57:15Z"
"LA","Louisiana","19c47431-c55a-4538-a671-1e45dd31b09f","Puneky Philip J Dr","-90.026874","29.881954","dentist","orthodontist","250 Ochsner Blvd","Gretna","70056-5257","LA","US","+15043928484","","","https://www.facebook.com/117966181600331","","0.8342157006263733","","7","meta | Overture","CDLA-Permissive-2.0","2026-04-27T00:00:00.000Z | 2026-06-11T11:57:15Z"
"LA","Louisiana","19f09aec-a099-4aed-b93d-bccd655f9ea5","Metro Dental","-90.24139637","29.99197","dentist","hospital","1942 Williams Blvd","Kenner","70062-6285","LA","US","+15044610341","","http://www.jhrkartracing.com","https://www.facebook.com/383840575446416","","0.9199122190475464","open","6","meta | Overture | Overture-signals","CDLA-Permissive-2.0","2026-04-27T00:00:00.000Z | 2026-06-11T11:57:15Z | 2026-05-12T00:29:08Z | 2026-05-18T13:23:54Z | 2026-05-25T13:08:59Z | 2026-06-01T13:20:32Z | 2026-06-08T13:20:12Z"
"LA","Louisiana","1a163509-29e5-4ce8-bbca-88506ba61ee1","Motto Clear Aligners","-91.8216057","29.9856992","dentist","health_and_medical","1050 E Admiral Doyle Dr Ste C","New Iberia","70560","LA","US","3373215001","","https://www.aspendental.com/dentist/la/new-iberia/1050-e-admiral-doyle-drste-c/motto-clear-aligners/","","","0.9199122190475464","open","7","Microsoft | Overture | Overture-signals","CDLA-Permissive-2.0","2025-10-05T08:00:13.917Z | 2026-06-11T11:57:15Z | 2026-05-12T00:29:08Z | 2026-05-18T13:23:54Z | 2026-05-25T13:08:59Z | 2026-06-01T13:20:32Z | 2026-06-08T13:20:12Z"
"LA","Louisiana","1a358e8b-e808-462d-b38b-3176233af444","Cosmetic Dentistry of Baton Rouge","-91.097656","30.445588","dentist","periodontist | cosmetic_dentist","632 Shadows Ln","Baton Rouge","70806-6561","LA","US","+12259268954","","http://www.markventressdds.com","https://www.facebook.com/143465172361375","","0.8766630291938782","","9","meta | Overture","CDLA-Permissive-2.0","2026-04-27T00:00:00.000Z | 2026-06-11T11:57:15Z"
"LA","Louisiana","1a587dcd-c248-427c-a7ec-c1ad3da6c886","Gleem Dental","-90.11392965","30.00489317","dentist","","126 Harrison Ave","New Orleans","70124-2010","LA","US","+15045531393","info@gleemdentalnola.com","http://www.gleemdentalnola.com/","https://www.facebook.com/740829332446936","","0.8285059928894043","","5","meta | Overture","CDLA-Permissive-2.0","2026-04-27T00:00:00.000Z | 2026-06-11T11:57:15Z"
"LA","Louisiana","1a7b9584-94eb-4ddc-843b-ba4331f725f1","Dr. Brent Chauvin DDS","-92.010693","30.190518","dentist","cosmetic_dentist | medical_service_organizations","221 Rue de Jean","Lafayette","70508-3283","LA","US","+13377690999","","http://chauvinendo.com/","https://www.facebook.com/108289652578640","","0.9370859861373901","","7","meta | Overture","CDLA-Permissive-2.0","2026-04-27T00:00:00.000Z | 2026-06-11T11:57:15Z"
"LA","Louisiana","1a9501d7-929a-43c1-8b67-713569d69d57","Dr. Kaitlyn E. Ducote DDS","-90.20056987","30.01892666","dentist","general_dentistry","4440 Chastant St","Metairie","70006-2088","LA","US","+15043901664","","","https://www.facebook.com/1570312996372906","","0.9199122190475464","open","9","meta | Overture | Overture-signals","CDLA-Permissive-2.0","2026-04-27T00:00:00.000Z | 2026-06-11T11:57:15Z | 2026-05-12T00:29:08Z | 2026-05-18T13:23:54Z | 2026-05-25T13:08:59Z | 2026-06-01T13:20:32Z | 2026-06-08T13:20:12Z"
"LA","Louisiana","1b05b57e-64aa-4775-9f1d-1381b7e0944d","Sanders Dental Group","-90.73116686877","29.5901092572767","dentist","","761 W Tunnel Blvd Ste A","Houma","70360","LA","US","(985) 876-5430","sandersdds@comcast.net","https://www.snddental.com","https://www.twitter.com/sandersdntlgrp | https://www.facebook.com/302599243085151","","0.8930439352989197","","9","Foursquare | Overture","Apache-2.0 | CDLA-Permissive-2.0","2025-08-22T00:00:00.000 | 2026-06-11T11:57:15Z"
"LA","Louisiana","1b273586-4f7b-4938-b04f-c17dc43d94ab","Southern Roots Dentistry","-93.7295479","32.4156665","dentist","general_dentistry","734 Ashley Ridge Blvd","Shreveport","71106-7209","LA","US","+13187018885","info@srdentistry.com","http://www.srdentistry.com/","https://www.facebook.com/1835259603461479","","0.9199122190475464","open","5","meta | Overture | Overture-signals","CDLA-Permissive-2.0","2026-04-27T00:00:00.000Z | 2026-06-11T11:57:15Z | 2026-05-12T00:29:08Z | 2026-05-18T13:23:54Z | 2026-05-25T13:08:59Z | 2026-06-01T13:20:32Z | 2026-06-08T13:20:12Z"
"LA","Louisiana","1b370a5c-1cba-4ac5-b8e4-ff6e35b7226b","Avoyelles Dental Care","-92.19388759","30.95938562","dentist","health_and_medical | medical_service_organizations","921 Shirley Rd","Bunkie","71322-1542","LA","US","+13183466668","avoyellesdental@yahoo.com","https://avoyelles-dental-care-la-2.hub.biz","https://www.facebook.com/162602283761763","","0.9377774596214294","","7","meta | Overture","CDLA-Permissive-2.0","2026-04-27T00:00:00.000Z | 2026-06-11T11:57:15Z"
"LA","Louisiana","1b464205-4ca6-46d4-9168-b3825c070a1f","Premier Dental Care","-91.16227453","30.39539211","dentist","general_dentistry | medical_service_organizations","5188 Highland Rd","Baton Rouge","70808-6527","LA","US","+12257668107","records@smilebr.com","http://www.smilebr.com/","https://www.facebook.com/102779263167271","Premier Dental Care, Baton Rouge","0.9902192950248718","open","8","meta | Overture | Overture-signals","CDLA-Permissive-2.0","2026-04-27T00:00:00.000Z | 2026-06-11T11:57:15Z | 2026-05-12T00:29:08Z | 2026-05-18T13:23:54Z | 2026-05-25T13:08:59Z | 2026-06-01T13:20:32Z | 2026-06-08T13:20:12Z"
"LA","Louisiana","1b49092d-3600-4219-909e-308c50b11c92","Politz and Associates Dentistry","-91.10776867","30.4313005","dentist","health_and_medical | medical_service_organizations","7707 Old Hammond Hwy","Baton Rouge","70809-1262","LA","US","+12259266899","office@politzdentistry.com","http://www.politzdentistry.com/","https://www.facebook.com/136592289690255","Politz and Associates Dentistry","0.9199122190475464","open","8","meta | Overture | Overture-signals","CDLA-Permissive-2.0","2026-04-27T00:00:00.000Z | 2026-06-11T11:57:15Z | 2026-05-12T00:29:08Z | 2026-05-18T13:23:54Z | 2026-05-25T13:08:59Z | 2026-06-01T13:20:32Z | 2026-06-08T13:20:12Z"
"LA","Louisiana","1bd5754b-e39f-44f3-9106-c27d137dcbcf","Crump Misty DDS","-93.78054155","32.40765193","dentist","pediatric_dentist | health_and_medical","8938 Kingston Rd","Shreveport","71118-2730","LA","US","+13186863899","","http://www.mcinnisbrothers.com/","https://www.facebook.com/391391914233462","Crump Family Dentistry","0.8975130319595337","","8","meta | Overture","CDLA-Permissive-2.0","2026-04-27T00:00:00.000Z | 2026-06-11T11:57:15Z"
"LA","Louisiana","1bdf47e1-b761-49dd-8fae-910e274ce830","Dr. Michael J. Montalbano","-91.10206206","30.44762708","dentist","general_dentistry | doctor","429 E Airport Ave","Baton Rouge","70806-4844","LA","US","+12259252118","office@drmontalbano.com","http://www.drmontalbano.com/","https://www.facebook.com/103747406335606","","0.9199122190475464","open","8","meta | Overture | Overture-signals","CDLA-Permissive-2.0","2026-04-27T00:00:00.000Z | 2026-06-11T11:57:15Z | 2026-05-12T00:29:08Z | 2026-05-18T13:23:54Z | 2026-05-25T13:08:59Z | 2026-06-01T13:20:32Z | 2026-06-08T13:20:12Z"
"LA","Louisiana","1c264579-b17d-4fd3-bbef-387f571751ba","Lakeshore Endodontics, L.L.C.","-89.74505596","30.30984148","dentist","health_and_medical | shopping","102 Village St","Slidell","70458-5354","LA","US","+19856434600","","http://www.lakeshoreendodontics.com/","https://www.facebook.com/334114766619597","Lakeshore Endodontics, L.L.C.","0.9199122190475464","open","8","meta | Overture | Overture-signals","CDLA-Permissive-2.0","2026-04-27T00:00:00.000Z | 2026-06-11T11:57:15Z | 2026-05-12T00:29:08Z | 2026-05-18T13:23:54Z | 2026-05-25T13:08:59Z | 2026-06-01T13:20:32Z | 2026-06-08T13:20:12Z"
"LA","Louisiana","1c292a9f-c17e-416a-a035-e018fcb77c0b","Peach Tree Dental - Monroe","-92.10704029","32.5351312","dentist","general_dentistry","2204 Forsythe Ave","Monroe","71201-3613","LA","US","+13183254220","info@peachtreedental.com","https://www.peachtreedental.com/","https://www.facebook.com/171949779527935","Peach Tree Dental","0.9199122190475464","open","9","meta | Overture | Overture-signals","CDLA-Permissive-2.0","2026-04-27T00:00:00.000Z | 2026-06-11T11:57:15Z | 2026-05-12T00:29:08Z | 2026-05-18T13:23:54Z | 2026-05-25T13:08:59Z | 2026-06-01T13:20:32Z | 2026-06-08T13:20:12Z"
"LA","Louisiana","1c3300be-4bd5-4de3-a7f8-e6f453ee5d95","Hedrick Guy DDS","-92.44334311","31.39860288","dentist","general_dentistry | doctor","5611 Shreveport Hwy","Pineville","71360-3535","LA","US","+13186400128","","https://local.yahoo.com/info-18301422-hedrick-guy-dds-tioga-dental...","https://www.facebook.com/168736469822556","","0.9129826426506042","","2","meta | Overture","CDLA-Permissive-2.0","2026-04-27T00:00:00.000Z | 2026-06-11T11:57:15Z"
"LA","Louisiana","1c3c4619-b7bd-4dad-9cd9-004ba2882d6d","Breaux Bridge Family Dentistry","-91.88881016","30.2785887","dentist","general_dentistry | health_and_medical","1329 Grand Point Ave","Breaux Bridge","70517-3921","LA","US","+13373322412","bbfamilydentistry@gmail.com","http://www.breauxbridgedentist.com/","https://www.facebook.com/348943772641605","Breaux Bridge Family Dentistry","0.998712128996849","open","8","meta | Overture | Overture-signals","CDLA-Permissive-2.0","2026-04-27T00:00:00.000Z | 2026-06-11T11:57:15Z | 2026-05-12T00:29:08Z"
"LA","Louisiana","1c697034-d8ea-4b5a-84ad-301cc89d0d52","Family & Cosmetic Dental Center","-91.88887","30.27866","dentist","health_and_medical | medical_service_organizations","1329 Grand Point Ave","Breaux Bridge","70517-3921","LA","US","+13373322412","breauxbridgedentist@gmail.com","http://www.breauxbridgedentist.com/","https://www.facebook.com/453281494768302","Breaux Bridge Family Dentistry","0.9701399207115173","","7","meta | Overture","CDLA-Permissive-2.0","2026-04-27T00:00:00.000Z | 2026-06-11T11:57:15Z"
"LA","Louisiana","1c974210-e781-4e1d-a4f7-7224e95d0ab5","Moore Dental","-90.97776474","30.3242524","dentist","general_dentistry | cosmetic_dentist","17583 Old Jefferson Hwy","Prairieville","70769-3930","LA","US","+12256278232","andi@mindymooredental.com","http://www.mindymooredental.com/","https://www.facebook.com/204672882885429","","0.9954599738121033","","9","meta | Overture","CDLA-Permissive-2.0","2026-04-27T00:00:00.000Z | 2026-06-11T11:57:15Z"
"LA","Louisiana","1da71b39-5b0e-4d5b-a5ad-727dbceedc32","Dr. Charles J. Waguespack","-90.55310567","29.69354073","dentist","lawyer | medical_service_organizations","109 Johnny Dufrene Dr","Raceland","70394-2611","LA","US","+19855325303","","https://lamar-waguespack-dr-dntst.hub.biz/","https://www.facebook.com/177024732356665","","0.9199122190475464","open","7","meta | Overture | Overture-signals","CDLA-Permissive-2.0","2026-04-27T00:00:00.000Z | 2026-06-11T11:57:15Z | 2026-05-12T00:29:08Z | 2026-05-18T13:23:54Z | 2026-05-25T13:08:59Z | 2026-06-01T13:20:32Z | 2026-06-08T13:20:12Z"
"LA","Louisiana","1db18b1c-9940-4d26-91f5-ab17b80557cc","Padgett Glen S DDS","-90.98683441","30.10442261","dentist","health_and_medical | medical_service_organizations","201 Lessard St","Donaldsonville","70346-2507","LA","US","+12254738456","","http://www.healthgrades.com/dentist/dr-glen-padgett-3j5f8","https://www.facebook.com/475343512505176","","0.9199122190475464","open","7","meta | Overture | Overture-signals","CDLA-Permissive-2.0","2026-04-27T00:00:00.000Z | 2026-06-11T11:57:15Z | 2026-05-12T00:29:08Z | 2026-05-18T13:23:54Z | 2026-05-25T13:08:59Z | 2026-06-01T13:20:32Z | 2026-06-08T13:20:12Z"
"LA","Louisiana","1dce5375-a210-4989-8a30-df60aeea705d","Seale Family Dentistry","-93.24155768","30.17620883","dentist","general_dentistry","1430 W McNeese St","Lake Charles","70605-4240","LA","US","+13374740212","frontdesk@sealefamilydentistry.com","http://www.sealefamilydentistry.com/","https://www.facebook.com/2120071231354568","","0.9902192950248718","open","8","meta | Overture | Overture-signals","CDLA-Permissive-2.0","2026-04-27T00:00:00.000Z | 2026-06-11T11:57:15Z | 2026-05-12T00:29:08Z | 2026-05-18T13:23:54Z | 2026-05-25T13:08:59Z | 2026-06-01T13:20:32Z | 2026-06-08T13:20:12Z"
"LA","Louisiana","1e46804f-a5d6-431b-813c-c252a3da0a93","Chapman, Seiler & Dukes","-92.4878724","31.30285526","dentist","family_practice | doctor","3816 Bayou Rapides Rd","Alexandria","71303-3655","LA","US","+13184734346","","","https://www.facebook.com/159727354050047","","0.9199122190475464","open","6","meta | Overture | Overture-signals","CDLA-Permissive-2.0","2026-04-27T00:00:00.000Z | 2026-06-11T11:57:15Z | 2026-05-12T00:29:08Z | 2026-05-18T13:23:54Z | 2026-05-25T13:08:59Z | 2026-06-01T13:20:32Z | 2026-06-08T13:20:12Z"
"LA","Louisiana","1eb729e4-3b70-43c8-ade2-4987a3f9469a","Greg S. Phillips & Associates General Dentistry & Specialty Practice","-90.6929570306838","30.0395507158974","dentist","","1960 Jefferson Hwy","Lutcher","70071","LA","US","(225) 304-6342","gpsphillips@gmail.com","http://smilebyphillips.com","https://www.twitter.com/smilebyphillips","","0.77","","5","Foursquare | Overture","Apache-2.0 | CDLA-Permissive-2.0","2025-08-22T00:00:00.000 | 2026-06-11T11:57:15Z"
"LA","Louisiana","1ee434cc-944f-4687-9779-e28a27f27421","Hightower Dental Concepts","-91.110925","30.3953689","dentist","general_dentistry | cosmetic_dentist","7520 Perkins Rd","Baton Rouge","70808-9111","LA","US","+12257690031","info@dentalconceptsbr.com","https://www.dentalconceptsbr.com/","https://www.facebook.com/1752673264996778","","0.9199122190475464","open","7","meta | Overture | Overture-signals","CDLA-Permissive-2.0","2026-04-27T00:00:00.000Z | 2026-06-11T11:57:15Z | 2026-05-12T00:29:08Z | 2026-05-18T13:23:54Z | 2026-05-25T13:08:59Z | 2026-06-01T13:20:32Z | 2026-06-08T13:20:12Z"
"LA","Louisiana","1ef301cd-fb4b-4dc1-becd-5c1ea60d9f57","Schwab Orthodontics","-90.7225705149656","29.5973547921549","dentist","","7845 Main St","Houma","70360","LA","US","(985) 360-3588","catherine@schwabortho.com","https://schwabortho.com","https://www.facebook.com/2357070794582467","","0.77","","5","Foursquare | Overture","Apache-2.0 | CDLA-Permissive-2.0","2020-12-10T00:00:00.000 | 2026-06-11T11:57:15Z"
"LA","Louisiana","1f2cd57a-aa58-45ad-bb63-3ac074625473","Affordable Smiles Dental","-90.15218","29.99553","dentist","cosmetic_dentist | medical_service_organizations","","Metairie","","LA","US","+15049008010","appointments@affordablesmilesdental.com","https://affordablesmilesdental.com/","https://www.facebook.com/106017961037069","Affordable Smiles Dental","0.9722161889076233","","7","meta | Overture","CDLA-Permissive-2.0","2026-04-27T00:00:00.000Z | 2026-06-11T11:57:15Z"
"LA","Louisiana","1f7c8f2a-7d50-47b5-af9a-7a1d5bbf095b","Naquin Wayne F DDS","-90.67845191","29.59365123","dentist","doctor | cosmetic_dentist","9283 Park Ave","Houma","70363-3787","LA","US","+19858763532","","https://www.dentalinsurance.com/dir/dr-john-whitman-dentist-houma...","https://www.facebook.com/133696156692067","DentalInsurance.com","0.9199122190475464","open","8","meta | Overture | Overture-signals","CDLA-Permissive-2.0","2026-04-27T00:00:00.000Z | 2026-06-11T11:57:15Z | 2026-05-12T00:29:08Z | 2026-05-18T13:23:54Z | 2026-05-25T13:08:59Z | 2026-06-01T13:20:32Z | 2026-06-08T13:20:12Z"
"LA","Louisiana","1f81200c-3767-4b64-9440-2ccd10d9224b","Artistic Dentistry","-91.1179674980818","30.4343809227503","dentist","","6943 Jefferson Hwy","Baton Rouge","70806","LA","US","(225) 923-3060","dette@myartisticdentist.com","http://www.myartisticdentist.com","https://www.twitter.com/artisticdds | https://www.facebook.com/211869908831243","","0.9902192950248718","open","4","Foursquare | Overture | Overture-signals","Apache-2.0 | CDLA-Permissive-2.0","2025-03-18T00:00:00.000 | 2026-06-11T11:57:15Z | 2026-05-12T00:29:08Z | 2026-05-18T13:23:54Z | 2026-05-25T13:08:59Z | 2026-06-01T13:20:32Z | 2026-06-08T13:20:12Z"
"LA","Louisiana","1f866299-cafd-4aca-a6cb-16adf1fe9d7c","Sonreir Dental Group","-90.23929","30.02328","dentist","oral_surgeon","3645 Williams Blvd","Kenner","70065-3464","LA","US","+15042874257","info@sonreirgroup.com","http://sonreirgroup.com/","https://www.facebook.com/424281521312141","","0.9687281847000122","","8","meta | Overture","CDLA-Permissive-2.0","2026-04-27T00:00:00.000Z | 2026-06-11T11:57:15Z"
"LA","Louisiana","201dfb47-bed6-45d8-9680-ad7685c96c38","Canatella Dental","-90.1978509","30.0185452","dentist","health_and_medical","4428 Conlin St Side B","Metairie","70006","LA","US","5048889408","","https://www.dentistmetairiela.com/","","","0.85","","1","Microsoft | Overture","CDLA-Permissive-2.0","2024-11-17T04:42:47.723Z | 2026-06-11T11:57:15Z"
"LA","Louisiana","204c1f25-e187-4fdd-931d-3a25da67c616","Dr. Charles Manuel DDS","-91.939512","30.094162","dentist","health_and_medical | lawyer","1008 Smede Hwy","Broussard","70518-8052","LA","US","+13373598705","","","https://www.facebook.com/168322466518352","","0.7462534308433533","","8","meta | Overture","CDLA-Permissive-2.0","2026-04-27T00:00:00.000Z | 2026-06-11T11:57:15Z"
"LA","Louisiana","20537934-f623-4e0e-bea1-4f71f047c11d","Dr. Afarin Arghami and Dr. John K Legleu","-91.04707382","30.42456777","dentist","periodontist | lawyer","12071 Bricksome Ave","Baton Rouge","70816-2339","LA","US","+12252928121","","http://legleuperioimplants.com/","https://www.facebook.com/156775277696093","","0.9199122190475464","open","9","meta | Overture | Overture-signals","CDLA-Permissive-2.0","2026-04-27T00:00:00.000Z | 2026-06-11T11:57:15Z | 2026-05-12T00:29:08Z | 2026-05-18T13:23:54Z | 2026-05-25T13:08:59Z | 2026-06-01T13:20:32Z | 2026-06-08T13:20:12Z"
"LA","Louisiana","210ca7c7-62fa-490c-b985-3a6ea05197d4","Smile Doctors by DN Orthodontics","-89.951778464273","29.9378103145391","dentist","","1206 E Judge Perez Dr","Chalmette","70043","LA","US","(504) 684-0079","","https://orthodontist.smiledoctors.com/LA/chalmette/70043/1206-e-judge-perez-dr","https://www.facebook.com/475529982650488","","0.9199122190475464","open","4","Foursquare | Overture | Overture-signals","Apache-2.0 | CDLA-Permissive-2.0","2021-06-22T00:00:00.000 | 2026-06-11T11:57:15Z | 2026-05-12T00:29:08Z | 2026-05-18T13:23:54Z | 2026-05-25T13:08:59Z | 2026-06-01T13:20:32Z | 2026-06-08T13:20:12Z"
"LA","Louisiana","21277bd3-811c-4421-9df7-0ea39d1cc942","Foote Family Dental Care","-90.92038782","30.23046391","dentist","doctor | family_practice","328 S Burnside Ave","Gonzales","70737-3444","LA","US","+12256471900","footefamilydental@gmail.com","http://www.footefamilydentalcare.com/","https://www.facebook.com/1447354305517781","Foote Family Dental Care","0.9993403732776642","","9","meta | Overture","CDLA-Permissive-2.0","2026-04-27T00:00:00.000Z | 2026-06-11T11:57:15Z"
"LA","Louisiana","2139965f-3db0-4ef5-904a-699bd98491f7","Britsch Ronald w DDS","-89.95095879","29.93810601","dentist","general_dentistry | doctor","1301 E Judge Perez Dr","Chalmette","70043-5548","LA","US","+15042794469","smiles@chalmettedental.com","http://www.Chalmettedental.com/","https://www.facebook.com/162683023922495","","0.9199122190475464","open","8","meta | Overture | Overture-signals","CDLA-Permissive-2.0","2026-04-27T00:00:00.000Z | 2026-06-11T11:57:15Z | 2026-05-12T00:29:08Z | 2026-05-18T13:23:54Z | 2026-05-25T13:08:59Z | 2026-06-01T13:20:32Z | 2026-06-08T13:20:12Z"
"LA","Louisiana","21a56a83-7982-41d8-9874-251c319ef71e","Aldy Melissa DDS","-91.15444","30.44526","dentist","health_and_medical | medical_service_organizations","363 S Acadian Thwy","Baton Rouge","70806-5022","LA","US","+12253890040","","","https://www.facebook.com/125492544171282","","0.8058332204818726","","7","meta | Overture","CDLA-Permissive-2.0","2026-04-27T00:00:00.000Z | 2026-06-11T11:57:15Z"
"LA","Louisiana","21bb20fe-d2df-477d-8014-16e3204ca448","Arrow Dental Center","-92.09924812","32.53170097","dentist","general_dentistry | medical_center","1561 Bienville Dr","Monroe","71201-3774","LA","US","+13183610381","arrowdentalcenter@gmail.com","https://www.ArrowDentalCenter.com/","https://www.facebook.com/1415545211996494","Arrow Dental Center","0.9199122190475464","open","8","meta | Overture | Overture-signals","CDLA-Permissive-2.0","2026-04-27T00:00:00.000Z | 2026-06-11T11:57:15Z | 2026-05-12T00:29:08Z | 2026-05-18T13:23:54Z | 2026-05-25T13:08:59Z | 2026-06-01T13:20:32Z | 2026-06-08T13:20:12Z"
"LA","Louisiana","2204de45-404b-4c64-a241-0d3cffd7560b","MINT Dentistry","-90.48446783","30.50079202","dentist","general_dentistry | cosmetic_dentist","2107 W Thomas St","Hammond","70401-2825","LA","US","+19857456335","hammond@mintdentistry.com","https://hammond.mintdentistry.com/mint-hammond-la","https://www.facebook.com/112841594945437","MINT dentistry","0.9902192950248718","open","7","meta | Overture | Overture-signals","CDLA-Permissive-2.0","2026-04-27T00:00:00.000Z | 2026-06-11T11:57:15Z | 2026-05-12T00:29:08Z | 2026-05-18T13:23:54Z | 2026-05-25T13:08:59Z | 2026-06-01T13:20:32Z | 2026-06-08T13:20:12Z"
"LA","Louisiana","2251d4d2-f6af-42e0-b6c1-ef7e0cdac756","Alexandria Endodontics","-92.4769758570795","31.2746298976527","dentist","","1431 Peterman Dr","Alexandria","71301","LA","US","(318) 443-5013","alexandriaendodonticsla@gmail.com","http://www.alexandriaendodontics.com","","","0.77","","2","Foursquare | Overture","Apache-2.0 | CDLA-Permissive-2.0","2026-03-01T00:00:00.000 | 2026-06-11T11:57:15Z"
"LA","Louisiana","22a9aebf-049c-4b3e-b6a1-003ec76ac9f0","Lynn Family Dentistry","-93.34092683","30.22733678","dentist","general_dentistry | health_and_medical","3107 Maplewood Dr","Sulphur","70663-6201","LA","US","+13376259911","info@lynnfamilydentistry.com","https://lynnfamilydentistry.com/","https://www.facebook.com/335483953499268","","0.9199122190475464","open","9","meta | Overture | Overture-signals","CDLA-Permissive-2.0","2026-04-27T00:00:00.000Z | 2026-06-11T11:57:15Z | 2026-05-12T00:29:08Z | 2026-05-18T13:23:54Z | 2026-05-25T13:08:59Z | 2026-06-01T13:20:32Z | 2026-06-08T13:20:12Z"
"LA","Louisiana","2316ce05-7c98-4118-bd73-6415bd4a568e","James M Finley","-92.0153961071542","30.1746184713306","dentist","","185 S Beadle Rd Ste 102A","Lafayette","70508","LA","US","(337) 233-0440","","http://www.finleyperio.com","https://www.facebook.com/134658733249636","","0.9199122190475464","open","4","Foursquare | Overture | Overture-signals","Apache-2.0 | CDLA-Permissive-2.0","2025-06-26T00:00:00.000 | 2026-06-11T11:57:15Z | 2026-05-12T00:29:08Z | 2026-05-18T13:23:54Z | 2026-05-25T13:08:59Z | 2026-06-01T13:20:32Z | 2026-06-08T13:20:12Z"
"LA","Louisiana","233f1504-1918-4ec4-acf9-e05cf3f91b2e","Robert D Westerman and Associates","-91.10636689","30.42685185","dentist","general_dentistry | health_and_medical","7931 Jefferson Hwy","Baton Rouge","70809-1208","LA","US","+12259273442","robertdwestermandds@cox.net","http://www.wndental.com","https://www.facebook.com/124929367561503","","0.9199122190475464","open","8","meta | Overture | Overture-signals","CDLA-Permissive-2.0","2026-04-27T00:00:00.000Z | 2026-06-11T11:57:15Z | 2026-05-12T00:29:08Z | 2026-05-18T13:23:54Z | 2026-05-25T13:08:59Z | 2026-06-01T13:20:32Z | 2026-06-08T13:20:12Z"
"LA","Louisiana","23dccc85-7765-4198-aa1f-58d40089a8f9","Richard Jr Lionel J DDS","-90.19820057","30.0187595","dentist","general_dentistry | cosmetic_dentist","4432 Conlin St","Metairie","70006-2146","LA","US","+15048856677","","","https://www.facebook.com/340748055936180","","0.9199122190475464","open","8","meta | Overture | Overture-signals","CDLA-Permissive-2.0","2026-04-27T00:00:00.000Z | 2026-06-11T11:57:15Z | 2026-05-12T00:29:08Z | 2026-05-18T13:23:54Z | 2026-05-25T13:08:59Z | 2026-06-01T13:20:32Z | 2026-06-08T13:20:12Z"
"LA","Louisiana","240aae8e-914b-4550-aa0c-963a4c45c238","Kool Smiles","-90.0503469790609","29.9153162076977","dentist","health_and_medical | orthodontist","91 Westbank Expy","Gretna","70053-3615","LA","US","+15042645331","","http://www.mykoolsmiles.com/LA/dentist/gretna?utm_source=facebook&utm_medium=local&utm_campaign=localmaps&utm_content=118","https://www.facebook.com/1091960790890430","Kool Smiles","0.5251302719116211","","10","meta | Overture","CDLA-Permissive-2.0","2026-04-27T00:00:00.000Z | 2026-06-11T11:57:15Z"
"LA","Louisiana","240e83b1-24f5-4908-a386-0a05d1b3b860","Windham C Suzanne DDS","-93.74619789","32.44974603","dentist","general_dentistry | medical_service_organizations","6140 Line Ave","Shreveport","71106-2051","LA","US","+13188654620","","","https://www.facebook.com/199442600082334","","0.9199122190475464","open","7","meta | Overture | Overture-signals","CDLA-Permissive-2.0","2026-04-27T00:00:00.000Z | 2026-06-11T11:57:15Z | 2026-05-12T00:29:08Z | 2026-05-18T13:23:54Z | 2026-05-25T13:08:59Z | 2026-06-01T13:20:32Z | 2026-06-08T13:20:12Z"
"LA","Louisiana","24f912cd-b39e-4dd8-aedd-94b9f1ce98aa","Westside Dental Group","-90.01504033","29.92420569","dentist","general_dentistry | medical_service_organizations","4001 MacArthur Blvd","New Orleans","70114-6801","LA","US","+15043687000","westsidedentalgroup@gmail.com","http://www.westsidedentalgroup.com/","https://www.facebook.com/799971513457150","Westside Dental Group","0.9902192950248718","open","9","meta | Overture | Overture-signals","CDLA-Permissive-2.0","2026-04-27T00:00:00.000Z | 2026-06-11T11:57:15Z | 2026-05-12T00:29:08Z | 2026-05-18T13:23:54Z | 2026-05-25T13:08:59Z | 2026-06-01T13:20:32Z | 2026-06-08T13:20:12Z"
"LA","Louisiana","253a0490-7f28-4463-8d78-886e5b55fb61","Ronald P. Gioe Jr. DDS","-91.10778247","30.43123775","dentist","health_and_medical | medical_service_organizations","7707 Old Hammond Hwy","Baton Rouge","70809-1262","LA","US","+12259277967","www.drgioefront@gmail.com","http://www.drgioe.com/","https://www.facebook.com/101001886729571","","0.9199122190475464","open","7","meta | Overture | Overture-signals","CDLA-Permissive-2.0","2026-04-27T00:00:00.000Z | 2026-06-11T11:57:15Z | 2026-05-12T00:29:08Z | 2026-05-18T13:23:54Z | 2026-05-25T13:08:59Z | 2026-06-01T13:20:32Z | 2026-06-08T13:20:12Z"
"LA","Louisiana","2592d6d5-d335-41a0-9045-881318210879","Dr. Hiep Q. Nguyen","-92.03396934","30.22282624","dentist","general_dentistry | doctor","1911 W Congress St","Lafayette","70506-4433","LA","US","+13372335532","info.drhiep@gmail.com","http://www.drhiepnguyendds.com/","https://www.facebook.com/112490444549163","DentalInsurance.com","0.9199122190475464","open","9","meta | Overture | Overture-signals","CDLA-Permissive-2.0","2026-04-27T00:00:00.000Z | 2026-06-11T11:57:15Z | 2026-05-12T00:29:08Z | 2026-05-18T13:23:54Z | 2026-05-25T13:08:59Z | 2026-06-01T13:20:32Z | 2026-06-08T13:20:12Z"
"LA","Louisiana","263298c0-a880-46c3-99d0-17f6c2d27302","Griffon's Gentle Dental","-91.10985796","30.43410564","dentist","periodontist | endodontist","1669 Lobdell Ave","Baton Rouge","70806-8297","LA","US","+12259252273","frontdesk@griffonsgentledental.com","http://www.griffonsgentledental.com","https://www.facebook.com/264817553633889","","0.9199122190475464","open","9","meta | Overture | Overture-signals","CDLA-Permissive-2.0","2026-04-27T00:00:00.000Z | 2026-06-11T11:57:15Z | 2026-05-12T00:29:08Z | 2026-05-18T13:23:54Z | 2026-05-25T13:08:59Z | 2026-06-01T13:20:32Z | 2026-06-08T13:20:12Z"
"LA","Louisiana","270bbac7-23ca-4e52-a4ac-31bd9f9ad314","Devereaux & Nguyen Orthodontic","-90.04841898","29.87063034","dentist","health_and_medical","2800 Manhattan Blvd","Harvey","70058-2900","LA","US","+15043687513","","http://www.dn4smiles.com","https://www.facebook.com/130096250385225","","0.9199122190475464","open","6","meta | Overture | Overture-signals","CDLA-Permissive-2.0","2026-04-27T00:00:00.000Z | 2026-06-11T11:57:15Z | 2026-05-12T00:29:08Z | 2026-05-18T13:23:54Z | 2026-05-25T13:08:59Z | 2026-06-01T13:20:32Z | 2026-06-08T13:20:12Z"
"LA","Louisiana","275c365a-186d-475a-a40e-0233d8aac69f","Rew Fred G DDS","-93.69646633","32.03766431","dentist","doctor | family_practice","1140 Polk St # A","Mansfield","71052","LA","US","+13188723972","","www.healthgrades.com/dentist/dr-fred-rew-3x89l","https://www.facebook.com/114157161997547","","0.9199122190475464","open","7","meta | Overture | Overture-signals","CDLA-Permissive-2.0","2026-04-27T00:00:00.000Z | 2026-06-11T11:57:15Z | 2026-05-12T00:29:08Z | 2026-05-18T13:23:54Z | 2026-05-25T13:08:59Z | 2026-06-01T13:20:32Z | 2026-06-08T13:20:12Z"
"LA","Louisiana","27b2fd33-678d-40e3-86c4-74dcc5d6e982","Tracy Manuel Crear","-90.10677002","29.9571471","dentist","","4747 Earhart Blvd","New Orleans","70125-1743","LA","US","+15045929818","","http://tracycrear.com","https://www.facebook.com/470503689649277","","0.9199122190475464","open","6","meta | Overture | Overture-signals","CDLA-Permissive-2.0","2026-04-27T00:00:00.000Z | 2026-06-11T11:57:15Z | 2026-05-12T00:29:08Z | 2026-05-18T13:23:54Z | 2026-05-25T13:08:59Z | 2026-06-01T13:20:32Z | 2026-06-08T13:20:12Z"
"LA","Louisiana","288e78f8-fd15-4fe1-8ca9-7cb6ea0a6ad9","Motto Clear Aligners","-92.4644878","31.2766382","dentist","health_and_medical","3709 Masonic Dr","Alexandria","71301","LA","US","3182696422","","https://www.aspendental.com/dentist/la/alexandria/3709-masonic-drive/motto-clear-aligners/","","","0.9199122190475464","open","6","Microsoft | Overture | Overture-signals","CDLA-Permissive-2.0","2025-10-05T08:00:18.850Z | 2026-06-11T11:57:15Z | 2026-05-12T00:29:08Z | 2026-05-18T13:23:54Z | 2026-05-25T13:08:59Z | 2026-06-01T13:20:32Z | 2026-06-08T13:20:12Z"
"LA","Louisiana","28d0bcff-283b-463b-8ea2-3db436c8a8c6","Louisiana Dental Center - Boutte","-90.41319412","29.88983934","dentist","cosmetic_dentist | pediatric_dentist","14236 US-90","Boutte","70039-3516","LA","US","+19857585110","boutte@ladentalcenter.com","https://www.ladentalcenterboutte.com/","https://www.facebook.com/122970654419293","","0.9902192950248718","open","9","meta | Overture | Overture-signals","CDLA-Permissive-2.0","2026-04-27T00:00:00.000Z | 2026-06-11T11:57:15Z | 2026-05-12T00:29:08Z | 2026-05-18T13:23:54Z | 2026-05-25T13:08:59Z | 2026-06-01T13:20:32Z | 2026-06-08T13:20:12Z"
"LA","Louisiana","28df7b0d-aa45-4e0c-9296-9f1c3d114431","Apple Street Dental","-90.41248554","29.99951181","dentist","","120 Apple St","Norco","70079-2216","LA","US","+19857647066","tbessonet@gmail.com","http://www.applestreetdental.com/","https://www.facebook.com/100476854839708","","0.9199122190475464","open","9","meta | Overture | Overture-signals","CDLA-Permissive-2.0","2026-04-27T00:00:00.000Z | 2026-06-11T11:57:15Z | 2026-05-12T00:29:08Z | 2026-05-18T13:23:54Z | 2026-05-25T13:08:59Z | 2026-06-01T13:20:32Z | 2026-06-08T13:20:12Z"
"LA","Louisiana","2990b5d6-b863-4214-89b8-7044588e18e4","Savoia Dental","-91.00379663","30.08937285","dentist","family_practice | fashion_accessories_store","200 Clinic Dr","Donaldsonville","70346-4309","LA","US","+12254731082","","http://www.savoiadental.com","https://www.facebook.com/1262931380391469","","0.9199122190475464","open","8","meta | Overture | Overture-signals","CDLA-Permissive-2.0","2026-04-27T00:00:00.000Z | 2026-06-11T11:57:15Z | 2026-05-12T00:29:08Z | 2026-05-18T13:23:54Z | 2026-05-25T13:08:59Z | 2026-06-01T13:20:32Z | 2026-06-08T13:20:12Z"
"LA","Louisiana","29916cbc-20f0-46c0-949b-72f971917bd6","Dental Relief","-90.07638553","29.97843541","dentist","general_dentistry | health_and_medical","1537 N Broad Ave","New Orleans","70119-2333","LA","US","+15049452099","sourcelisting13849.webfl@yahoo.com","http://www.plummerdentalrelief.com/","https://www.facebook.com/1475981889305425","","0.9902192950248718","open","7","meta | Overture | Overture-signals","CDLA-Permissive-2.0","2026-04-27T00:00:00.000Z | 2026-06-11T11:57:15Z | 2026-05-12T00:29:08Z | 2026-05-18T13:23:54Z | 2026-05-25T13:08:59Z | 2026-06-01T13:20:32Z | 2026-06-08T13:20:12Z"
"LA","Louisiana","2992ab30-50fa-49a8-a12f-d83f92ccdad8","Zeringue Shane M","-90.7159284636826","29.5969214865352","dentist","","855 Belanger St","Houma","70360","LA","US","(985) 851-7905","","http://conceptsindentistry.com","","","0.77","","5","Foursquare | Overture","Apache-2.0 | CDLA-Permissive-2.0","2025-10-17T00:00:00.000 | 2026-06-11T11:57:15Z"
"LA","Louisiana","299c71c3-dd23-4576-aeb8-00b81058844f","Dr Mark J Roy III","-90.81684472","29.79304165","dentist","doctor | family_practice","640 St Charles St","Thibodaux","70301-3422","LA","US","+19854461717","","http://www.visionsource-markroyod.com/","https://www.facebook.com/210950285582689","Dr Mark Roy","0.877339243888855","","2","meta | Overture","CDLA-Permissive-2.0","2026-04-27T00:00:00.000Z | 2026-06-11T11:57:15Z"
"LA","Louisiana","29da2600-05ad-4c66-8500-3373b84a476d","DuBois Dentistry","-90.02759327","30.03241989","dentist","general_dentistry | health_and_medical","5760 Hayne Blvd","New Orleans","70126-1252","LA","US","+15042418457","duboisdentistry@gmail.com","http://www.duboisdentistry.com/","https://www.facebook.com/171308792927933","DuBois Dentistry","0.9199122190475464","open","9","meta | Overture | Overture-signals","CDLA-Permissive-2.0","2026-04-27T00:00:00.000Z | 2026-06-11T11:57:15Z | 2026-05-12T00:29:08Z | 2026-05-18T13:23:54Z | 2026-05-25T13:08:59Z | 2026-06-01T13:20:32Z | 2026-06-08T13:20:12Z"
"LA","Louisiana","29fa5ccd-cd75-4e49-934c-6fb2ff840564","R. Michael Warren, DDS, PLLC","-93.4843986411713","31.5684966256757","dentist","","695 San Antonio Ave","Many","71449","LA","US","(318) 383-2028","rmichaelwarrendds@gmail.com","https://dentistmanyla.com","https://www.facebook.com/409136672489360","","0.9199122190475464","open","4","Foursquare | Overture | Overture-signals","Apache-2.0 | CDLA-Permissive-2.0","2025-08-22T00:00:00.000 | 2026-06-11T11:57:15Z | 2026-05-12T00:29:08Z | 2026-05-18T13:23:54Z | 2026-05-25T13:08:59Z | 2026-06-01T13:20:32Z | 2026-06-08T13:20:12Z"
"LA","Louisiana","2a095822-3d0c-4eb5-9221-e2bc1eb0d0fa","Dr. Luke St Pierre DDS","-92.04031674","30.20873813","dentist","general_dentistry | cosmetic_dentist","200 N College Rd","Lafayette","70506-4245","LA","US","+13372335375","drlukestpierre@hotmail.com","http://www.drlukestpierre.com/","https://www.facebook.com/458299367526282","Luke W St Pierre, DDS","0.996755982041359","","9","meta | Overture","CDLA-Permissive-2.0","2026-04-27T00:00:00.000Z | 2026-06-11T11:57:15Z"
"LA","Louisiana","2a228e14-2dc8-4fbc-a066-f143a6068f17","Milliken III Tom T DDS","-91.4601038812123","31.5763633402106","dentist","health_and_medical","202 Advocate Row","Vidalia","71373","LA","US","3187573648","","","","","0.9199122190475464","open","6","Microsoft | Overture | Overture-signals","CDLA-Permissive-2.0","2025-09-08T07:42:57.260Z | 2026-06-11T11:57:15Z | 2026-05-12T00:29:08Z | 2026-05-18T13:23:54Z | 2026-05-25T13:08:59Z | 2026-06-01T13:20:32Z | 2026-06-08T13:20:12Z"
"LA","Louisiana","2a840b9b-c983-49b2-b06f-2bd46b5d322d","Miles for Smiles","-93.7513285736073","32.5121282203584","dentist","","610 Texas St","Shreveport","71101","LA","US","(318) 317-2800","","http://milesforsmiles.com","","","0.9199122190475464","open","4","Foursquare | Overture | Overture-signals","Apache-2.0 | CDLA-Permissive-2.0","2025-02-13T00:00:00.000 | 2026-06-11T11:57:15Z | 2026-05-12T00:29:08Z | 2026-05-18T13:23:54Z | 2026-05-25T13:08:59Z | 2026-06-01T13:20:32Z | 2026-06-08T13:20:12Z"
"LA","Louisiana","2ab4bb5c-f37f-4535-901a-0d17e9413fb0","Oral & Maxillofacial Surgery","-91.107903345014","30.4004146875943","dentist","","5227 Flanders Dr","Baton Rouge","70808","LA","US","(225) 769-3600","info@batonrougeoms.com","https://www.batonrougeoms.com","","","0.77","","5","Foursquare | Overture","Apache-2.0 | CDLA-Permissive-2.0","2026-04-09T00:00:00.000 | 2026-06-11T11:57:15Z"
"LA","Louisiana","2b661c10-b96b-421d-b280-89be9654b7f4","Clay Chandler","-92.0659661","30.20028926","dentist","oral_surgeon | family_practice","3839 W Congress St","Lafayette","70506-6000","LA","US","+13379840403","office@lafoms.com","http://www.lafoms.com","https://www.facebook.com/272146533234691","Lafayette Oral Surgery","0.8610008955001831","","7","meta | Overture","CDLA-Permissive-2.0","2026-04-27T00:00:00.000Z | 2026-06-11T11:57:15Z"
"LA","Louisiana","2b83b85b-da0e-4a39-afff-39e1f12af155","A Family Dental Care","-91.1400813076034","30.4174511807632","dentist","","4616 Concord Ave","Baton Rouge","70808","LA","US","(225) 926-4640","","http://www.drmattrandall.com","","","0.9199122190475464","open","8","Foursquare | Overture | Overture-signals","Apache-2.0 | CDLA-Permissive-2.0","2026-03-11T00:00:00.000 | 2026-06-11T11:57:15Z | 2026-05-12T00:29:08Z | 2026-05-18T13:23:54Z | 2026-05-25T13:08:59Z | 2026-06-01T13:20:32Z | 2026-06-08T13:20:12Z"
"LA","Louisiana","2bafc6da-7442-4292-a9fc-616a2addb962","Emily Foreman","-92.0446894567295","30.1996526069619","dentist","","1101 Camellia Blvd.","Lafayette","70508","LA","US","(337) 989-1268","billy@mikemalonedds.com","https://www.camelliadds.com","https://www.facebook.com/109860365764010 | https://www.instagram.com/camellia_dental","","0.77","","5","Foursquare | Overture","Apache-2.0 | CDLA-Permissive-2.0","2022-01-10T00:00:00.000 | 2026-06-11T11:57:15Z"
"LA","Louisiana","2bbe219f-c7c3-42cf-93a8-4d2f94ee7330","Dr. John Mahoney","-91.78467224","29.99367345","dentist","cosmetic_dentist | orthodontist","2117 Old Jeanerette Rd","New Iberia","70563-2910","LA","US","+13373655865","","http://jmahoneydds.com","https://www.facebook.com/167939019889831","","0.9199122190475464","open","7","meta | Overture | Overture-signals","CDLA-Permissive-2.0","2026-04-27T00:00:00.000Z | 2026-06-11T11:57:15Z | 2026-05-12T00:29:08Z | 2026-05-18T13:23:54Z | 2026-05-25T13:08:59Z | 2026-06-01T13:20:32Z | 2026-06-08T13:20:12Z"
"LA","Louisiana","2bc7a535-8700-4fbc-8d5c-af490127db5a","Pontchartrain Dental (Formerly Deep South Dental)","-90.45730377","30.46433195","dentist","general_dentistry | doctor","41620 Veterans Ave","Ponchatoula","70403-1412","LA","US","+19853869936","deepsouthfd@gmail.com","http://Pontchartraindental.com/","https://www.facebook.com/953822744675754","Pontchartrain Dental of Ponchatoula","0.9807655215263367","open","2","meta | Overture | Overture-signals","CDLA-Permissive-2.0","2026-04-27T00:00:00.000Z | 2026-06-11T11:57:15Z | 2026-05-12T00:29:08Z"
"LA","Louisiana","2bd0809f-2eb1-45d0-a5b1-ba3f10cc3f00","Southeastern Dental Alliance","-93.72928642","32.58404218","dentist","","1000 Chinaberry Dr","Bossier City","71111-2442","LA","US","+13187460420","","http://southeasterndentalcare.com/","https://www.facebook.com/100606795677372","","0.9199122190475464","open","7","meta | Overture | Overture-signals","CDLA-Permissive-2.0","2026-04-27T00:00:00.000Z | 2026-06-11T11:57:15Z | 2026-05-12T00:29:08Z | 2026-05-18T13:23:54Z | 2026-05-25T13:08:59Z | 2026-06-01T13:20:32Z | 2026-06-08T13:20:12Z"
"LA","Louisiana","2bf90eb7-f980-4284-8df0-e348c40c190e","Winnsboro Dental","-91.72662","32.15436","dentist","","1511 8th St","Winnsboro","71295-3905","LA","US","+13184354648","brooksofficedds@gmail.com","http://www.brooksdentalcenter.com/","https://www.facebook.com/105295045675946","Winnsboro Dental","0.9485199451446533","","7","meta | Overture","CDLA-Permissive-2.0","2026-04-27T00:00:00.000Z | 2026-06-11T11:57:15Z"
"LA","Louisiana","2bfd8418-2874-47e1-a261-e15faf147c80","Saint Martin Parish Community Health Center","-91.8366397639133","30.1155666333262","dentist","","317 Dernier St","Saint Martinville","70582","LA","US","(337) 342-2553","","http://www.icchc.org","https://www.facebook.com/157227160975250","","0.9199122190475464","open","8","Foursquare | Overture | Overture-signals","Apache-2.0 | CDLA-Permissive-2.0","2025-03-03T00:00:00.000 | 2026-06-11T11:57:15Z | 2026-05-12T00:29:08Z | 2026-05-18T13:23:54Z | 2026-05-25T13:08:59Z | 2026-06-01T13:20:32Z | 2026-06-08T13:20:12Z"
"LA","Louisiana","2c012a6b-1e51-4016-9c7a-3acf9ae0af8e","Fontenot Charles J DDS","-92.368734","30.221826","dentist","orthodontist | doctor","923 N Eastern Ave","Crowley","70526-3860","LA","US","+13377831278","","http://www.healthgrades.com/dentist/dr-charles-fontenot-xwnjy","https://www.facebook.com/138778936175145","","0.9509404301643372","","9","meta | Overture","CDLA-Permissive-2.0","2026-04-27T00:00:00.000Z | 2026-06-11T11:57:15Z"
"LA","Louisiana","2c1eb734-c0cc-4d14-8e63-f260ced73328","West Jefferson Dental Center","-90.098792","29.88899352","dentist","general_dentistry","4905 Wichers Dr","Marrero","70072-3028","LA","US","+15043404888","office@wjdental.com","http://www.wjdental.com/","https://www.facebook.com/490409994667851","West Jefferson Dental Center","0.9199122190475464","open","9","meta | Overture | Overture-signals","CDLA-Permissive-2.0","2026-04-27T00:00:00.000Z | 2026-06-11T11:57:15Z | 2026-05-12T00:29:08Z | 2026-05-18T13:23:54Z | 2026-05-25T13:08:59Z | 2026-06-01T13:20:32Z | 2026-06-08T13:20:12Z"
"LA","Louisiana","2c3df24b-5ed7-4b89-a8de-95ee08f15b69","Dr. Michael J. LeBlanc Family Dentistry","-90.9741345479371","30.301247452825","dentist","","","Prairieville","","LA","US","(225) 744-4567","","http://leblancfamilydentistry.com","","","0.77","","3","Foursquare | Overture","Apache-2.0 | CDLA-Permissive-2.0","2025-10-12T00:00:00.000 | 2026-06-11T11:57:15Z"
"LA","Louisiana","2c7b7829-df06-4a1c-b0ce-c3033f3376fc","Witte Family Dentistry","-93.7304849475848","32.4816289227633","dentist","","137 E Kings Hwy","Shreveport","71104","LA","US","(318) 869-2535","scwtte@gmail.com","http://www.wittefamilydentistry.com","https://www.twitter.com/wittedentistry | https://www.facebook.com/242664585893029","","0.9199122190475464","open","4","Foursquare | Overture | Overture-signals","Apache-2.0 | CDLA-Permissive-2.0","2021-06-09T00:00:00.000 | 2026-06-11T11:57:15Z | 2026-05-12T00:29:08Z | 2026-05-18T13:23:54Z | 2026-05-25T13:08:59Z | 2026-06-01T13:20:32Z | 2026-06-08T13:20:12Z"
"LA","Louisiana","2c849936-7829-46da-afd6-598b1bbe36e5","Dr. James C. Palmer","-93.05599624","32.79883966","dentist","health_and_medical | doctor","729 W Main St","Homer","71040-3314","LA","US","+13189276152","appointments@jamescpalmerdds.com","http://www.jamescpalmerdds.com/","https://www.facebook.com/484503981579645","Dr. James C. Palmer","0.9928687214851379","","8","meta | Overture","CDLA-Permissive-2.0","2026-04-27T00:00:00.000Z | 2026-06-11T11:57:15Z"
"LA","Louisiana","2cc9681f-6cd6-4b0f-be6b-6bc9cceb066a","Dr. Veronica L. Trotter","-90.088834","29.966075","dentist","doctor | health_and_medical","2752 Canal St","New Orleans","70119-5579","LA","US","+15048228890","","http://www.canalstreetfamilydentistry.com/","https://www.facebook.com/1685895138362410","Dr. Veronica L. Trotter","0.7868987321853638","","7","meta | Overture","CDLA-Permissive-2.0","2026-04-27T00:00:00.000Z | 2026-06-11T11:57:15Z"
"LA","Louisiana","2cf1d473-d16a-4869-b961-857e72aadecb","Godfrey Scott DDS","-93.07966116","31.7496412","dentist","health_and_medical | medical_service_organizations","127 E 5th St","Natchitoches","71457-5724","LA","US","+13183524893","","www.healthgrades.com/dentist/dr-christopher-godfrey-3blr8","https://www.facebook.com/155831687790987","","0.9199122190475464","open","6","meta | Overture | Overture-signals","CDLA-Permissive-2.0","2026-04-27T00:00:00.000Z | 2026-06-11T11:57:15Z | 2026-05-12T00:29:08Z | 2026-05-18T13:23:54Z | 2026-05-25T13:08:59Z | 2026-06-01T13:20:32Z | 2026-06-08T13:20:12Z"
"LA","Louisiana","2d55a53e-f5f6-4857-b2b5-1ec8d75c45f1","Dr. Craig A. Williams","-90.2446468","29.98118956","dentist","doctor | family_practice","913 Williams Blvd","Kenner","70062-6707","LA","US","+15044697576","","http://www.cwilliamsdds.doctorrelation.com","https://www.facebook.com/157953377570402","","0.9199122190475464","open","7","meta | Overture | Overture-signals","CDLA-Permissive-2.0","2026-04-27T00:00:00.000Z | 2026-06-11T11:57:15Z | 2026-05-12T00:29:08Z | 2026-05-18T13:23:54Z | 2026-05-25T13:08:59Z | 2026-06-01T13:20:32Z | 2026-06-08T13:20:12Z"
"LA","Louisiana","2d614ed5-3e17-4131-b342-c6da0f8cad89","Walter J. Jung, DDS, PC.","-91.1018785671888","30.371683345636","dentist","","8680 Bluebonnet Blvd","Baton Rouge","70810","LA","US","(225) 767-7212","","","https://www.facebook.com/161846460500338","","0.77","","5","Foursquare | Overture","Apache-2.0 | CDLA-Permissive-2.0","2025-10-19T00:00:00.000 | 2026-06-11T11:57:15Z"
"LA","Louisiana","2da47a7c-abb0-473f-9ccc-2b504062e244","Cratisa Caldwell DDS and William Bolinger DDS","-93.72179932","32.51566502","dentist","health_and_medical | medical_service_organizations","1602 Barksdale Blvd","Bossier City","71111-4604","LA","US","+13187472512","","https://caringdentistsllc.business.site","https://www.facebook.com/142052915840560","","0.892943799495697","","8","meta | Overture","CDLA-Permissive-2.0","2026-04-27T00:00:00.000Z | 2026-06-11T11:57:15Z"
"LA","Louisiana","2db2c2e4-3e83-4c47-acb1-b44bf4f27da5","Miciotto Family Dentistry","-93.70774108","32.53907964","dentist","general_dentistry","2158 Airline Dr","Bossier City","71111-3106","LA","US","+13187471690","","","https://www.facebook.com/352520875173816","","0.9199122190475464","open","8","meta | Overture | Overture-signals","CDLA-Permissive-2.0","2026-04-27T00:00:00.000Z | 2026-06-11T11:57:15Z | 2026-05-12T00:29:08Z | 2026-05-18T13:23:54Z | 2026-05-25T13:08:59Z | 2026-06-01T13:20:32Z | 2026-06-08T13:20:12Z"
"LA","Louisiana","2dedaefd-2c8b-4b57-8657-8f59a86aee74","College Family Dentistry","-91.14003941","30.41752257","dentist","general_dentistry | medical_service_organizations","4616 Concord Ave","Baton Rouge","70808-3123","LA","US","+12259264640","collegefamilydentistry@gmail.com","http://www.collegefamilydentistry.com/","https://www.facebook.com/196884740358306","","0.9902192950248718","open","6","meta | Overture | Overture-signals","CDLA-Permissive-2.0","2026-04-27T00:00:00.000Z | 2026-06-11T11:57:15Z | 2026-05-12T00:29:08Z | 2026-05-18T13:23:54Z | 2026-05-25T13:08:59Z | 2026-06-01T13:20:32Z | 2026-06-08T13:20:12Z"
"LA","Louisiana","2ef78d65-9344-4980-a65b-42e705ba555e","Shank Dental Care","-92.01657884","30.22271874","dentist","general_dentistry","313 E Main St","Lafayette","70501-8061","LA","US","+13372358902","info@shankdental.com","http://www.shankdental.com/","https://www.facebook.com/105153597775460","","0.9199122190475464","open","9","meta | Overture | Overture-signals","CDLA-Permissive-2.0","2026-04-27T00:00:00.000Z | 2026-06-11T11:57:15Z | 2026-05-12T00:29:08Z | 2026-05-18T13:23:54Z | 2026-05-25T13:08:59Z | 2026-06-01T13:20:32Z | 2026-06-08T13:20:12Z"
"LA","Louisiana","2ff92102-cb34-44c1-a332-3401a107c0ff","Off The Trace Dental","-89.82130559","30.30268763","dentist","general_dentistry | doctor","2130 Gause Blvd W","Slidell","70460-4118","LA","US","+19853261711","info@offthetracedental.com","https://www.dentistslidell.com/","https://www.facebook.com/102606815807750","","0.9902192950248718","open","7","meta | Overture | Overture-signals","CDLA-Permissive-2.0","2026-04-27T00:00:00.000Z | 2026-06-11T11:57:15Z | 2026-05-12T00:29:08Z | 2026-05-18T13:23:54Z | 2026-05-25T13:08:59Z | 2026-06-01T13:20:32Z | 2026-06-08T13:20:12Z"
"LA","Louisiana","3040537f-1cf6-4a69-87ae-88232508469f","Day III Eric w DDS","-91.10031332","30.42220164","dentist","general_dentistry | doctor","7930 Wrenwood Blvd","Baton Rouge","70809-1798","LA","US","+12259283390","ericwdayiii@gmail.com","http://ericdayddsco.com/","https://www.facebook.com/154675251220373","","0.9877262711524963","","2","meta | Overture","CDLA-Permissive-2.0","2026-04-27T00:00:00.000Z | 2026-06-11T11:57:15Z"
"LA","Louisiana","308aba70-8a3a-4a24-a19d-72e53e62bee8","Dentists of Lake Charles","-93.24960527","30.17151701","dentist","general_dentistry | health_and_medical","4750 Nelson Rd","Lake Charles","70605-5382","LA","US","+13372108864","dentistsoflakecharles@smilegeneration.com","https://www.DentistsofLakeCharles.com/?sc_cid=Facebook%3AO%3AGP%3A690%3ASocial%3AGeneral%3Ana&_vsrefdom=organic_social&y_source=1_ODYxMDc3Ni01NTktbG9jYXRpb24ud2Vic2l0ZQ%3D%3D","https://www.facebook.com/132271967437030","Smile Generation","0.9199122190475464","open","10","meta | Overture | Overture-signals","CDLA-Permissive-2.0","2026-04-27T00:00:00.000Z | 2026-06-11T11:57:15Z | 2026-05-12T00:29:08Z | 2026-05-18T13:23:54Z | 2026-05-25T13:08:59Z | 2026-06-01T13:20:32Z | 2026-06-08T13:20:12Z"
"LA","Louisiana","3094d432-8137-447e-931b-12fbec884eb9","Mccann Family Dentistry","-92.08046144","31.13093696","dentist","general_dentistry","135 La Rue Medecine St","Marksville","71351-2637","LA","US","+13182536567","","http://www.mccannfamilydentistry.com/","https://www.facebook.com/217296975115687","","0.9199122190475464","open","9","meta | Overture | Overture-signals","CDLA-Permissive-2.0","2026-04-27T00:00:00.000Z | 2026-06-11T11:57:15Z | 2026-05-12T00:29:08Z | 2026-05-18T13:23:54Z | 2026-05-25T13:08:59Z | 2026-06-01T13:20:32Z | 2026-06-08T13:20:12Z"
"LA","Louisiana","30968acb-3d58-4e4a-aede-4a53db0c2116","Hugh V. Mcknight DDS","-91.18182774","30.52363622","dentist","general_dentistry | health_and_medical","1134 Swan Ave","Baton Rouge","70807-4574","LA","US","+12257750363","mcknighthdr@bellsouth.net","http://hughvmcknightdds.com/","https://www.facebook.com/173405439399195","","0.9199122190475464","open","8","meta | Overture | Overture-signals","CDLA-Permissive-2.0","2026-04-27T00:00:00.000Z | 2026-06-11T11:57:15Z | 2026-05-12T00:29:08Z | 2026-05-18T13:23:54Z | 2026-05-25T13:08:59Z | 2026-06-01T13:20:32Z | 2026-06-08T13:20:12Z"
"LA","Louisiana","309d0e69-c2bc-40d9-bca4-a9d68e8a07ef","James E. Pope, D.D.S.","-91.1201047452779","30.4296168189472","dentist","","6949 Commerce Cir","Baton Rouge","70809","LA","US","(225) 927-9659","","http://jamespopedds.com","","","0.77","","5","Foursquare | Overture","Apache-2.0 | CDLA-Permissive-2.0","2025-10-17T00:00:00.000 | 2026-06-11T11:57:15Z"
"LA","Louisiana","30e8a812-26fa-4d92-b1b2-efc9b8c22cf2","Lotus Dental - Verges Dental Associates","-90.50829073","30.72639316","dentist","general_dentistry | health_and_medical","103 SE Central Ave","Amite","70422-2837","LA","US","+19852848590","vergesdc1@gmail.com","https://mylotusdental.com/","https://www.facebook.com/723592494389100","","0.9199122190475464","open","10","meta | Overture | Overture-signals","CDLA-Permissive-2.0","2026-04-27T00:00:00.000Z | 2026-06-11T11:57:15Z | 2026-05-12T00:29:08Z | 2026-05-18T13:23:54Z | 2026-05-25T13:08:59Z | 2026-06-01T13:20:32Z | 2026-06-08T13:20:12Z"
"LA","Louisiana","312b9257-318c-4cd9-9732-79c727afa3cc","Cox Kenneth L DDS","-92.87970685","32.58035683","dentist","general_dentistry | health_and_medical","306 Reynolds Rd","Arcadia","71001-4914","LA","US","+13182639411","","","https://www.facebook.com/110512499010832","","0.9199122190475464","open","7","meta | Overture | Overture-signals","CDLA-Permissive-2.0","2026-04-27T00:00:00.000Z | 2026-06-11T11:57:15Z | 2026-05-12T00:29:08Z | 2026-05-18T13:23:54Z | 2026-05-25T13:08:59Z | 2026-06-01T13:20:32Z | 2026-06-08T13:20:12Z"
"LA","Louisiana","3132920a-3ecd-46bc-91b5-fd9fce89ef0f","Robertson Family Dentistry","-93.46527476","33.00583269","dentist","general_dentistry | doctor","302 Butler St","Springhill","71075-2734","LA","US","+13185395098","","","https://www.facebook.com/174551289281163","","0.9199122190475464","open","7","meta | Overture | Overture-signals","CDLA-Permissive-2.0","2026-04-27T00:00:00.000Z | 2026-06-11T11:57:15Z | 2026-05-12T00:29:08Z | 2026-05-18T13:23:54Z | 2026-05-25T13:08:59Z | 2026-06-01T13:20:32Z | 2026-06-08T13:20:12Z"
"LA","Louisiana","317773d6-d469-4c35-850b-c2ff90b05242","Gregory S Strain DDS Family Dentistry","-90.50193499","30.63803006","dentist","general_dentistry | medical_service_organizations","631 W Railroad Ave","Independence","70443-4258","LA","US","+19858784981","","https://www.gregstrain.com","https://www.facebook.com/106615034544439","Gregory S. Strain, DDS","0.9199122190475464","open","8","meta | Overture | Overture-signals","CDLA-Permissive-2.0","2026-04-27T00:00:00.000Z | 2026-06-11T11:57:15Z | 2026-05-12T00:29:08Z | 2026-05-18T13:23:54Z | 2026-05-25T13:08:59Z | 2026-06-01T13:20:32Z | 2026-06-08T13:20:12Z"
"LA","Louisiana","317dc523-48db-4cde-b5a6-1b4b28dedd34","Hargis Family Dental","-92.48758872","31.44776459","dentist","general_dentistry","20970 Highway 167","Dry Prong","71423-3468","LA","US","+13186405055","office@hargisfamilydental.net","https://www.hargisfamilydental.net/","https://www.facebook.com/147871335938315","HARGIS FAMILY DENTAL","0.9199122190475464","open","8","meta | Overture | Overture-signals","CDLA-Permissive-2.0","2026-04-27T00:00:00.000Z | 2026-06-11T11:57:15Z | 2026-05-12T00:29:08Z | 2026-05-18T13:23:54Z | 2026-05-25T13:08:59Z | 2026-06-01T13:20:32Z | 2026-06-08T13:20:12Z"
"LA","Louisiana","31bd82de-5563-4083-8ca4-9892c9022150","Dr. Jeffrey W. Dongieux, DDS","-90.76573872","29.60342803","dentist","general_dentistry","4752 Highway 311","Houma","70360-2810","LA","US","+19858723427","jwdomfs@yahoo.com","http://www.drjeffdongieux.com/","https://www.facebook.com/451441788282941","Dongieux Oral Surgery","0.9199122190475464","open","6","meta | Overture | Overture-signals","CDLA-Permissive-2.0","2026-04-27T00:00:00.000Z | 2026-06-11T11:57:15Z | 2026-05-12T00:29:08Z | 2026-05-18T13:23:54Z | 2026-05-25T13:08:59Z | 2026-06-01T13:20:32Z | 2026-06-08T13:20:12Z"
"LA","Louisiana","31e2b352-240d-448e-9e67-6946e624733b","Wayne Cranford, D.D.S.","-92.16519064","32.51746348","dentist","health_and_medical | teeth_whitening","3626 Cypress St","West Monroe","71291-7314","LA","US","+13183969667","61dentist@gmail.com","https://cranford-wayne-dds.hub.biz/","https://www.facebook.com/885544084644545","","0.9836903214454651","","2","meta | Overture","CDLA-Permissive-2.0","2026-04-27T00:00:00.000Z | 2026-06-11T11:57:15Z"
"LA","Louisiana","32191156-786c-4697-8d37-81b75cdb2eb9","Riley Family Dentistry- Covington- Mary Beilman DDS & Evan Riley DDS","-90.10883964","30.47530351","dentist","general_dentistry","426 S Tyler St","Covington","70433-3040","LA","US","+19858935138","covington@rileyfamilydentistryla.com","https://www.rileyfamilydentistryla.com/","https://www.facebook.com/1555456711426510","","0.8141514658927917","","3","meta | Overture","CDLA-Permissive-2.0","2026-04-27T00:00:00.000Z | 2026-06-11T11:57:15Z"
"LA","Louisiana","3224037a-5e93-4bbd-9f74-73b06fb43761","All Smiles","-89.7237458490062","30.2909553506915","dentist","","2790 Gause Blvd E","Slidell","70461","LA","US","(985) 641-3440","cas@msn.com","http://www.allsmilesmusic.com","https://www.facebook.com/166142810078666","","0.9199122190475464","open","4","Foursquare | Overture | Overture-signals","Apache-2.0 | CDLA-Permissive-2.0","2025-08-19T00:00:00.000 | 2026-06-11T11:57:15Z | 2026-05-12T00:29:08Z | 2026-05-18T13:23:54Z | 2026-05-25T13:08:59Z | 2026-06-01T13:20:32Z | 2026-06-08T13:20:12Z"
"LA","Louisiana","32292d2a-374d-49bf-a1e8-666d42807af7","Parker Dental Center","-90.01897919","29.96746581","dentist","general_dentistry | health_and_medical","5121 N Claiborne Ave","New Orleans","70117-3605","LA","US","+15049494547","kendall@pdcnola.com","http://www.PDCNOLA.com/","https://www.facebook.com/166227766764155","Parker Dental Center","0.9902192950248718","open","8","meta | Overture | Overture-signals","CDLA-Permissive-2.0","2026-04-27T00:00:00.000Z | 2026-06-11T11:57:15Z | 2026-05-12T00:29:08Z | 2026-05-18T13:23:54Z | 2026-05-25T13:08:59Z | 2026-06-01T13:20:32Z | 2026-06-08T13:20:12Z"
"LA","Louisiana","324607e7-79bd-4e8c-9fe0-752d6a4d6266","AG Family Dentistry LLC","-92.47940639","31.28215685","dentist","general_dentistry | doctor","4017 Parliament Dr","Alexandria","71303-3018","LA","US","+13184424430","staff@agdentalclinic.com","https://www.agdentalclinic.com/","https://www.facebook.com/825044634244835","AG Family Dentistry, LLC","0.9902192950248718","open","8","meta | Overture | Overture-signals","CDLA-Permissive-2.0","2026-04-27T00:00:00.000Z | 2026-06-11T11:57:15Z | 2026-05-12T00:29:08Z | 2026-05-18T13:23:54Z | 2026-05-25T13:08:59Z | 2026-06-01T13:20:32Z | 2026-06-08T13:20:12Z"
"LA","Louisiana","32aaa489-8199-4d9d-830d-a1c3b7319e5e","Belle Chasse Dental Center","-89.9935153555484","29.8600821316693","dentist","","8000 Highway 23","Belle Chasse","70037","LA","US","(504) 391-0000","bellechassedental@gmail.com","http://www.ivonnecastrosmiles.com","https://www.facebook.com/154615577885309","","0.9199122190475464","open","8","Foursquare | Overture | Overture-signals","Apache-2.0 | CDLA-Permissive-2.0","2025-10-09T00:00:00.000 | 2026-06-11T11:57:15Z | 2026-05-12T00:29:08Z | 2026-05-18T13:23:54Z | 2026-05-25T13:08:59Z | 2026-06-01T13:20:32Z | 2026-06-08T13:20:12Z"
"LA","Louisiana","3338c4be-c0ce-4f5f-8747-42097b9da933","Smiles By Soileau","-92.04496581","30.16519785","dentist","general_dentistry | cosmetic_dentist","420 Settlers Trace Blvd","Lafayette","70508-6047","LA","US","+13372343551","janis@smilesbysoileau.com","http://www.smilesbysoileau.com/","https://www.facebook.com/1148201438532045","Smiles by Soileau","0.9199122190475464","open","9","meta | Overture | Overture-signals","CDLA-Permissive-2.0","2026-04-27T00:00:00.000Z | 2026-06-11T11:57:15Z | 2026-05-12T00:29:08Z | 2026-05-18T13:23:54Z | 2026-05-25T13:08:59Z | 2026-06-01T13:20:32Z | 2026-06-08T13:20:12Z"
"LA","Louisiana","333d9129-9f40-4085-8598-bb853730c951","Joseph M. Campo, DDS","-90.1776864","30.00527119","dentist","general_dentistry | cosmetic_dentist","4141 Veterans Memorial Blvd","Metairie","70002-5539","LA","US","+15048881617","jcampodds@yahoo.com","http://www.metairiedentalpractice.com/","https://www.facebook.com/304484446410830","","0.9790809750556946","","3","meta | Overture","CDLA-Permissive-2.0","2026-04-27T00:00:00.000Z | 2026-06-11T11:57:15Z"
"LA","Louisiana","334377af-d5bc-4838-be59-8d2b2d42f465","Turpin Bradley Family Dentistry","-92.15248274","32.51465431","dentist","general_dentistry | doctor","308 McMillan Rd","West Monroe","71291-5324","LA","US","+13183230583","mtdds@live.com","http://turpinbradleydental.com/","https://www.facebook.com/804632669574258","","0.999284753203392","","9","meta | Overture","CDLA-Permissive-2.0","2026-04-27T00:00:00.000Z | 2026-06-11T11:57:15Z"
"LA","Louisiana","334cd920-b169-4d3b-aeef-6cec4443a388","Patrick Stuckey","-92.64112227","32.53036907","dentist","general_dentistry | health_and_medical","303 W Alabama Ave","Ruston","71270-4265","LA","US","+13182558648","info@rustondentist.com","http://www.rustondentist.com/","https://www.facebook.com/188724244498656","Patrick Stuckey, DDS","0.9199122190475464","open","8","meta | Overture | Overture-signals","CDLA-Permissive-2.0","2026-04-27T00:00:00.000Z | 2026-06-11T11:57:15Z | 2026-05-12T00:29:08Z | 2026-05-18T13:23:54Z | 2026-05-25T13:08:59Z | 2026-06-01T13:20:32Z | 2026-06-08T13:20:12Z"
"LA","Louisiana","33673551-c7d7-4753-815b-279685ae607f","Gardner Wade, DDS, LLC","-91.072","30.355","dentist","","9828 Bluebonnet Blvd","Baton Rouge","70810","LA","US","(225) 766-6100","gardnerwadedds@bellsouth.net","https://www.gardnerwadedds.com","https://www.twitter.com/gardnerwadedds | https://www.facebook.com/342845219131496","","0.77","","5","Foursquare | Overture","Apache-2.0 | CDLA-Permissive-2.0","2025-08-22T00:00:00.000 | 2026-06-11T11:57:15Z"
"LA","Louisiana","3368395c-f610-4b0a-816e-c09dd78e7a8a","Trans Dental Care","-91.0642065","30.43477067","dentist","cosmetic_dentist | general_dentistry","10914 Old Hammond Hwy","Baton Rouge","70816-8313","LA","US","+12252170359","transdentalbr@gmail.com","http://www.transdentalcarebr.com","https://www.facebook.com/159556084196359","","0.9199122190475464","open","9","meta | Overture | Overture-signals","CDLA-Permissive-2.0","2026-04-27T00:00:00.000Z | 2026-06-11T11:57:15Z | 2026-05-12T00:29:08Z | 2026-05-18T13:23:54Z | 2026-05-25T13:08:59Z | 2026-06-01T13:20:32Z | 2026-06-08T13:20:12Z"
"LA","Louisiana","33d922bb-caef-46f8-8b7f-e7e3fab006d2","Pemberton Nancy J DDS","-90.35911979","29.90874798","dentist","general_dentistry | cosmetic_dentist","111 Monsanto Ave","Luling","70070-2149","LA","US","+19857850620","npembertondds@cox.net","http://nancypembertondds.com/","https://www.facebook.com/380947228617274","","0.9833680987358093","","1","meta | Overture","CDLA-Permissive-2.0","2026-04-27T00:00:00.000Z | 2026-06-11T11:57:15Z"
"LA","Louisiana","34186017-f6b1-4f1b-bdec-5218aa61328e","Wightman Family Dentist","-89.965833749027","29.9392044171461","dentist","","","Chalmette","70043","LA","US","(504) 272-0870","","http://wightmanfamilydental.com","https://www.facebook.com/316764291794466","","0.77","","5","Foursquare | Overture","Apache-2.0 | CDLA-Permissive-2.0","2025-08-22T00:00:00.000 | 2026-06-11T11:57:15Z"
"LA","Louisiana","34c712a6-d5a3-469c-9dfa-08bf9266a473","Pecue Scott M DDS","-91.04772378","30.42402862","dentist","general_dentistry | health_and_medical","12036 Justice Ave","Baton Rouge","70816-5325","LA","US","+12252933966","","http://www.scottpecuedds.com/","https://www.facebook.com/149433818433037","","0.9199122190475464","open","7","meta | Overture | Overture-signals","CDLA-Permissive-2.0","2026-04-27T00:00:00.000Z | 2026-06-11T11:57:15Z | 2026-05-12T00:29:08Z | 2026-05-18T13:23:54Z | 2026-05-25T13:08:59Z | 2026-06-01T13:20:32Z | 2026-06-08T13:20:12Z"
"LA","Louisiana","3520d341-721d-494d-a455-6d1ec40d22ea","Ascension Family Dentistry","-90.90467494","30.2112429","dentist","endodontist | health_and_medical","1530 E Brittany Hwy","Gonzales","70737-4766","LA","US","+12256473301","frontdesk@ascensionfamilydentistry.com","http://ascensionfamilydentistry.com/","https://www.facebook.com/355199214579746","","0.9988872587680817","","8","meta | Overture","CDLA-Permissive-2.0","2026-04-27T00:00:00.000Z | 2026-06-11T11:57:15Z"
"LA","Louisiana","359f62fc-1d0b-47dc-b087-6155274e2ca9","Prestige Dentistry","-90.95646663","30.32040672","dentist","general_dentistry | cosmetic_dentist","38585 Highway 42","Prairieville","70769-4602","LA","US","+12253963570","frontdesk9816@gmail.com","http://www.prestigedentistryla.com/","https://www.facebook.com/471335166365580","","0.9199122190475464","open","9","meta | Overture | Overture-signals","CDLA-Permissive-2.0","2026-04-27T00:00:00.000Z | 2026-06-11T11:57:15Z | 2026-05-12T00:29:08Z | 2026-05-18T13:23:54Z | 2026-05-25T13:08:59Z | 2026-06-01T13:20:32Z | 2026-06-08T13:20:12Z"
"LA","Louisiana","359fa689-7f38-4a29-a734-8a6baee7cff9","Houma Family Dental","-90.73554636","29.58872159","dentist","general_dentistry | medical_service_organizations","5683 Little Bayou Black Dr","Houma","70360-5595","LA","US","+19856452820","marketing@houmafamilydental.com","http://www.houmafamilydental.com/","https://www.facebook.com/351256708391849","Houma Family Dental","0.9913499355316162","open","9","meta | Overture | Overture-signals","CDLA-Permissive-2.0","2026-04-27T00:00:00.000Z | 2026-06-11T11:57:15Z | 2026-05-12T00:29:08Z | 2026-06-08T13:20:12Z"
"LA","Louisiana","35d68b9e-3575-47fe-a1eb-225837345b08","Palmisano Family Dentistry","-90.2051740704846","29.9669185330435","dentist","","2020 Dickory Ave Ste 104","River Ridge","70123","LA","US","(504) 733-0871","","http://www.wjpalmisanodds.com","https://www.facebook.com/206480269370637","","0.9199122190475464","open","8","Foursquare | Overture | Overture-signals","Apache-2.0 | CDLA-Permissive-2.0","2025-10-16T00:00:00.000 | 2026-06-11T11:57:15Z | 2026-05-12T00:29:08Z | 2026-05-18T13:23:54Z | 2026-05-25T13:08:59Z | 2026-06-01T13:20:32Z | 2026-06-08T13:20:12Z"
"LA","Louisiana","360fc3ee-2026-4ccd-8d3b-e1d204074c36","Dr Doug Keller","-91.9181342085888","32.7752216353341","dentist","","312 Durham St","Bastrop","71220","LA","US","(318) 281-3365","","http://www.wunderground.com/swf/Rapid_Fire.swf?units=english&station=KLABASTR6","","","0.9199122190475464","open","4","Foursquare | Overture | Overture-signals","Apache-2.0 | CDLA-Permissive-2.0","2025-08-19T00:00:00.000 | 2026-06-11T11:57:15Z | 2026-05-12T00:29:08Z | 2026-05-18T13:23:54Z | 2026-05-25T13:08:59Z | 2026-06-01T13:20:32Z | 2026-06-08T13:20:12Z"
"LA","Louisiana","3612288e-3b52-4a82-b8be-fdc9350aec05","L. Ortego","-92.41171926","31.40520546","dentist","doctor | family_practice","5813 Monroe Hwy","Ball","71405-3362","LA","US","+13186401470","","http://www.healthgrades.com/dentist/dr-l-ortego-x9vq8","https://www.facebook.com/101794299898692","","0.9723777174949646","","7","meta | Overture","CDLA-Permissive-2.0","2026-04-27T00:00:00.000Z | 2026-06-11T11:57:15Z"
"LA","Louisiana","361d748a-1bbd-40bd-a0f0-3e5bf5b2f69b","Bostick Troy D DDS","-92.14777186","32.52446945","dentist","health_and_medical | cosmetic_dentist","2507 N 7th St","West Monroe","71291-5125","LA","US","+13183964466","","http://www.vitals.com/dentists/Dr_Troy_Bostick","https://www.facebook.com/152891471403402","","0.9199122190475464","open","6","meta | Overture | Overture-signals","CDLA-Permissive-2.0","2026-04-27T00:00:00.000Z | 2026-06-11T11:57:15Z | 2026-05-12T00:29:08Z | 2026-05-18T13:23:54Z | 2026-05-25T13:08:59Z | 2026-06-01T13:20:32Z | 2026-06-08T13:20:12Z"
"LA","Louisiana","367139c4-eb57-408b-881e-6aa7e2275da2","Jeetendra Patel","-92.0755504415931","32.5573993018812","dentist","","3340 Sterlington Rd","Monroe","71203","LA","US","(318) 325-2922","","http://www.affordabledentures.com/office/monroe","","","0.9199122190475464","open","4","Foursquare | Overture | Overture-signals","Apache-2.0 | CDLA-Permissive-2.0","2025-08-22T00:00:00.000 | 2026-06-11T11:57:15Z | 2026-05-12T00:29:08Z | 2026-05-18T13:23:54Z | 2026-05-25T13:08:59Z | 2026-06-01T13:20:32Z | 2026-06-08T13:20:12Z"
"LA","Louisiana","36a65a2c-3359-44f6-bce8-358deee70905","Endodontics","-93.26356658","30.16879597","dentist","general_dentistry | medical_service_organizations","2640 Country Club Rd","Lake Charles","70605-6078","LA","US","+13375646885","","http://www.bargasendo.com","https://www.facebook.com/155025122114878","Casey B. Bargas, DDS","0.8592952489852905","","8","meta | Overture","CDLA-Permissive-2.0","2026-04-27T00:00:00.000Z | 2026-06-11T11:57:15Z"
"LA","Louisiana","36ac8e51-fc4f-4fce-a45b-0ea7cf26c9f5","Seth Christopher O'Shee","-90.99255888","30.35633256","dentist","doctor","18181 Jefferson Hwy","Baton Rouge","70817-7758","LA","US","+12252565554","doctoroshee@osheefamilydentistry.com","http://www.osheefamilydentistry.com/","https://www.facebook.com/1010571109120019","","0.9736796021461487","","7","meta | Overture","CDLA-Permissive-2.0","2026-04-27T00:00:00.000Z | 2026-06-11T11:57:15Z"
"LA","Louisiana","36b0f2c9-e630-4be6-a9b7-13ba49c0d0b4","Schwartz Dental Group","-90.12822346","29.98288444","dentist","cosmetic_dentist | general_dentistry","337 Metairie Rd","Metairie","70005-4338","LA","US","+15048322043","","http://www.drjohnschwartz.com/","https://www.facebook.com/131711786873152","","0.9199122190475464","open","7","meta | Overture | Overture-signals","CDLA-Permissive-2.0","2026-04-27T00:00:00.000Z | 2026-06-11T11:57:15Z | 2026-05-12T00:29:08Z | 2026-05-18T13:23:54Z | 2026-05-25T13:08:59Z | 2026-06-01T13:20:32Z | 2026-06-08T13:20:12Z"
"LA","Louisiana","3715c390-5477-4a51-8a1a-35bcd8f668ea","Dr. Rodney L. Pendleton","-93.80449072","32.45667713","dentist","general_dentistry","4034 Hollywood Ave","Shreveport","71109-7938","LA","US","+13184243739","","http://pendletondds.com","https://www.facebook.com/275809722601829","","0.9199122190475464","open","7","meta | Overture | Overture-signals","CDLA-Permissive-2.0","2026-04-27T00:00:00.000Z | 2026-06-11T11:57:15Z | 2026-05-12T00:29:08Z | 2026-05-18T13:23:54Z | 2026-05-25T13:08:59Z | 2026-06-01T13:20:32Z | 2026-06-08T13:20:12Z"
"LA","Louisiana","372c06ea-883d-4b8b-ae13-dd95bb9e614b","Record Dental Center","-91.02131342","30.54278771","dentist","periodontist | medical_service_organizations","15110 Wax Rd","Baton Rouge","70818-5423","LA","US","+12252611580","frontdesk@recorddentalcenter.com","http://www.recorddentalcenter.com/","https://www.facebook.com/290203094337628","","0.9199122190475464","open","8","meta | Overture | Overture-signals","CDLA-Permissive-2.0","2026-04-27T00:00:00.000Z | 2026-06-11T11:57:15Z | 2026-05-12T00:29:08Z | 2026-05-18T13:23:54Z | 2026-05-25T13:08:59Z | 2026-06-01T13:20:32Z | 2026-06-08T13:20:12Z"
"LA","Louisiana","373a314a-e2c5-4eb5-a981-1d5d5b7e64f8","Frey Prosthodontics","-92.01539828","30.17479401","dentist","prosthodontist | health_and_medical","185 S Beadle Rd","Lafayette","70508-4287","LA","US","+13373540004","freypros2@gmail.com","http://www.freypros.com/","https://www.facebook.com/1396694680384633","","0.9199122190475464","open","7","meta | Overture | Overture-signals","CDLA-Permissive-2.0","2026-04-27T00:00:00.000Z | 2026-06-11T11:57:15Z | 2026-05-12T00:29:08Z | 2026-05-18T13:23:54Z | 2026-05-25T13:08:59Z | 2026-06-01T13:20:32Z | 2026-06-08T13:20:12Z"
"LA","Louisiana","3764d5f2-9cc1-4230-bab3-0d88f68307d1","Natalie S. Jackson","-90.10269769","29.93700955","dentist","general_dentistry | cosmetic_dentist","2633 Napoleon Ave","New Orleans","70115-6340","LA","US","+15048953580","drjackson@nolasmiles.com","https://nolasmiles.com/","https://www.facebook.com/776429942400773","NOLA Smiles Dental Solutions","0.9840410947799683","","3","meta | Overture","CDLA-Permissive-2.0","2026-04-27T00:00:00.000Z | 2026-06-11T11:57:15Z"
"LA","Louisiana","3772c5ee-3b56-4878-b748-2a8e228c9159","Adrian Simm","-91.99961212","29.95380494","dentist","cosmetic_dentist | general_dentistry","1616 Veterans Memorial Dr","Erath","70533-5439","LA","US","+13376564642","","","https://www.facebook.com/121277744618512","","0.9199122190475464","open","9","meta | Overture | Overture-signals","CDLA-Permissive-2.0","2026-04-27T00:00:00.000Z | 2026-06-11T11:57:15Z | 2026-05-12T00:29:08Z | 2026-05-18T13:23:54Z | 2026-05-25T13:08:59Z | 2026-06-01T13:20:32Z | 2026-06-08T13:20:12Z"
"LA","Louisiana","37a12ea8-e241-4126-85d2-3be664e448de","Vidrine Paul D DDS","-93.2054407919555","30.3013405177641","dentist","health_and_medical | medical_service_organizations","108 Executive Dr","Lake Charles","70611-5328","LA","US","+13374331306","","","https://www.facebook.com/165272100166164","","0.8141945600509644","","2","meta | Overture","CDLA-Permissive-2.0","2026-04-27T00:00:00.000Z | 2026-06-11T11:57:15Z"
"LA","Louisiana","381b8d57-2f55-4502-8a5f-330dbd2c8b4c","Babin Dental Care","-90.19661166","30.00649408","dentist","general_dentistry | health_and_medical","5037 Veterans Memorial Blvd","Metairie","70006-5132","LA","US","+15048872428","reptracker@babindentalcare.net","http://babindentalcare.com/","https://www.facebook.com/959914644070027","","0.9936661124229431","","11","meta | Overture","CDLA-Permissive-2.0","2026-04-27T00:00:00.000Z | 2026-06-11T11:57:15Z"
"LA","Louisiana","3827516d-c05c-4f73-ac6a-7d56d6471020","Exceptional Dental","-90.1098913163679","29.8622544766735","dentist","","2521 Ames Blvd","Marrero","70072","LA","US","(504) 340-9696","","http://exceptionaldentalofla.com","","","0.9902192950248718","open","8","Foursquare | Overture | Overture-signals","Apache-2.0 | CDLA-Permissive-2.0","2025-10-27T00:00:00.000 | 2026-06-11T11:57:15Z | 2026-05-12T00:29:08Z | 2026-05-18T13:23:54Z | 2026-05-25T13:08:59Z | 2026-06-01T13:20:32Z | 2026-06-08T13:20:12Z"
"LA","Louisiana","38757665-31d5-41ac-900d-7eeb9af596db","Guilbeau Tony L DDS","-92.01013552","30.21326198","dentist","general_dentistry | medical_service_organizations","906 General Mouton Ave","Lafayette","70501-8512","LA","US","+13372344004","","","https://www.facebook.com/165283953497405","","0.9199122190475464","open","7","meta | Overture | Overture-signals","CDLA-Permissive-2.0","2026-04-27T00:00:00.000Z | 2026-06-11T11:57:15Z | 2026-05-12T00:29:08Z | 2026-05-18T13:23:54Z | 2026-05-25T13:08:59Z | 2026-06-01T13:20:32Z | 2026-06-08T13:20:12Z"
"LA","Louisiana","3897fa06-fa8b-49d5-853e-982a5b827906","Children's Hospital Mobile Dental","-90.19401049","29.96319785","dentist","doctor | hospital","5609 Blessey St","New Orleans","70123-7006","LA","US","+15043427874","","http://www.adultswim.com/shows/childrens-hospital/index.html","https://www.facebook.com/117448878274950","Adult Swim","0.9199122190475464","open","7","meta | Overture | Overture-signals","CDLA-Permissive-2.0","2026-04-27T00:00:00.000Z | 2026-06-11T11:57:15Z | 2026-05-12T00:29:08Z | 2026-05-18T13:23:54Z | 2026-05-25T13:08:59Z | 2026-06-01T13:20:32Z | 2026-06-08T13:20:12Z"
"LA","Louisiana","38c37134-4be6-486e-9f04-8ead846c68b0","Selders Robert L DDS","-93.19864709","30.22531692","dentist","doctor | medical_service_organizations","925 2nd Ave","Lake Charles","70601-4644","LA","US","+13374332524","","http://www.healthgrades.com/dentist/dr-robert-selders-2vmhx","https://www.facebook.com/131162390270358","","0.9199122190475464","open","6","meta | Overture | Overture-signals","CDLA-Permissive-2.0","2026-04-27T00:00:00.000Z | 2026-06-11T11:57:15Z | 2026-05-12T00:29:08Z | 2026-05-18T13:23:54Z | 2026-05-25T13:08:59Z | 2026-06-01T13:20:32Z | 2026-06-08T13:20:12Z"
"LA","Louisiana","390aee97-2a68-4cad-ba29-a5d90586f2d8","Palmisano III Warren J DDS","-90.2051036239125","29.9669390112935","dentist","","2020 Dickory Ave","Elmwood","70123","LA","US","(504) 733-0871","","http://www.wjpalmisanodds.com","https://www.facebook.com/135729403143255","","0.9199122190475464","open","4","Foursquare | Overture | Overture-signals","Apache-2.0 | CDLA-Permissive-2.0","2020-12-01T00:00:00.000 | 2026-06-11T11:57:15Z | 2026-05-12T00:29:08Z | 2026-05-18T13:23:54Z | 2026-05-25T13:08:59Z | 2026-06-01T13:20:32Z | 2026-06-08T13:20:12Z"
"LA","Louisiana","399f9e72-73ce-4929-92d2-36d254bc065a","Collado Myrna L DDS","-90.18103947","30.0061153","dentist","health_and_medical | nurse_practitioner","3330 Kingman St","Metairie","70006-4235","LA","US","+15048882092","myrnadds@bellsouth.net","","https://www.facebook.com/110894985640127","","0.9199122190475464","open","7","meta | Overture | Overture-signals","CDLA-Permissive-2.0","2026-04-27T00:00:00.000Z | 2026-06-11T11:57:15Z | 2026-05-12T00:29:08Z | 2026-05-18T13:23:54Z | 2026-05-25T13:08:59Z | 2026-06-01T13:20:32Z | 2026-06-08T13:20:12Z"
"LA","Louisiana","39b7311b-a13f-4bdf-b547-530c90e11c0e","Dr. Justin Elfert","-92.40507901","30.4993728","dentist","general_dentistry | doctor","501 Moosa Blvd","Eunice","70535-3637","LA","US","+13374577076","elfertdentist@gmail.com","","https://www.facebook.com/184920802124844","","0.9199122190475464","open","8","meta | Overture | Overture-signals","CDLA-Permissive-2.0","2026-04-27T00:00:00.000Z | 2026-06-11T11:57:15Z | 2026-05-12T00:29:08Z | 2026-05-18T13:23:54Z | 2026-05-25T13:08:59Z | 2026-06-01T13:20:32Z | 2026-06-08T13:20:12Z"
"LA","Louisiana","39d52bc2-5f4c-4ee5-ab4e-4ab5806e3781","Bridget Brahney Family Dentistry","-90.16037487","30.00310064","dentist","general_dentistry | medical_service_organizations","3508 Veterans Memorial Blvd","Metairie","70002-5835","LA","US","+15048886860","info@smileneworleans.com","http://www.smileneworleans.com/","https://www.facebook.com/170068259670227","","0.9902192950248718","open","7","meta | Overture | Overture-signals","CDLA-Permissive-2.0","2026-04-27T00:00:00.000Z | 2026-06-11T11:57:15Z | 2026-05-12T00:29:08Z | 2026-05-18T13:23:54Z | 2026-05-25T13:08:59Z | 2026-06-01T13:20:32Z | 2026-06-08T13:20:12Z"
"LA","Louisiana","3a0d1206-27a3-4199-8c33-a39f44cd3fc8","Lamendola Dentistry","-90.92169475","30.2635078","dentist","general_dentistry | cosmetic_dentist","13317 Highway 44","Gonzales","70737-6816","LA","US","+12256444000","info@lamendoladentistry.com","https://www.lamendoladentistry.com/","https://www.facebook.com/244470362265482","","0.9199122190475464","open","7","meta | Overture | Overture-signals","CDLA-Permissive-2.0","2026-04-27T00:00:00.000Z | 2026-06-11T11:57:15Z | 2026-05-12T00:29:08Z | 2026-05-18T13:23:54Z | 2026-05-25T13:08:59Z | 2026-06-01T13:20:32Z | 2026-06-08T13:20:12Z"
"LA","Louisiana","3a123a4e-2453-4335-bb47-3b2891e9c005","Exceptional Dental","-90.251004","30.02023838","dentist","general_dentistry | doctor","1305 W Esplanade Ave","Kenner","70065-2744","LA","US","+15044696333","kenner@exceptionaldentalofla.com","http://exceptionaldentalofla.com","https://www.facebook.com/100348643436328","Exceptional Dental","0.9199122190475464","open","7","meta | Overture | Overture-signals","CDLA-Permissive-2.0","2026-04-27T00:00:00.000Z | 2026-06-11T11:57:15Z | 2026-05-12T00:29:08Z | 2026-05-18T13:23:54Z | 2026-05-25T13:08:59Z | 2026-06-01T13:20:32Z | 2026-06-08T13:20:12Z"
"LA","Louisiana","3a48a57a-a6c1-4147-962e-d6bb5b86ef18","Ferrara Family Dentistry","-90.1597111","30.40957218","dentist","general_dentistry | doctor","301 Covington Hwy","Madisonville","70447-9685","LA","US","+19857772981","drferrara@ferraradental.com","http://www.ferraradental.com/","https://www.facebook.com/266835750146857","Ferrara Family Dentistry LLC","0.9199122190475464","open","9","meta | Overture | Overture-signals","CDLA-Permissive-2.0","2026-04-27T00:00:00.000Z | 2026-06-11T11:57:15Z | 2026-05-12T00:29:08Z | 2026-05-18T13:23:54Z | 2026-05-25T13:08:59Z | 2026-06-01T13:20:32Z | 2026-06-08T13:20:12Z"
"LA","Louisiana","3a6a3264-a2a9-4bf3-895f-1b883d261425","Cleve T. Brown DDS","-90.9612566640625","30.4779854939936","dentist","","615 Williams St","Denham Springs","70726","LA","US","(225) 665-2382","","http://www.drclevebrown.com","https://www.facebook.com/154557894579893","","0.9199122190475464","open","4","Foursquare | Overture | Overture-signals","Apache-2.0 | CDLA-Permissive-2.0","2025-05-30T00:00:00.000 | 2026-06-11T11:57:15Z | 2026-05-12T00:29:08Z | 2026-05-18T13:23:54Z | 2026-05-25T13:08:59Z | 2026-06-01T13:20:32Z | 2026-06-08T13:20:12Z"
"LA","Louisiana","3a7ba85e-1c75-4874-ae9a-1132e1f196cd","Bossier Family Dental center On Airline Drive","-93.7076479223333","32.5354610933333","dentist","orthodontist | health_and_medical","","Bossier City","","LA","US","","","http://www.brighamandbrigham.com/","https://www.facebook.com/231576806899835","","0.8945624232292175","open","10","meta | Overture | Overture-signals","CDLA-Permissive-2.0","2026-04-27T00:00:00.000Z | 2026-06-11T11:57:15Z | 2026-05-12T00:29:08Z | 2026-06-08T13:20:12Z"
"LA","Louisiana","3a8432cb-c2fb-4c49-95e7-96346b7f5378","Livonia Dental Clinic","-91.5591959","30.5573732","dentist","pediatric_dentist","8220 Norwood St","Livonia","70755-3301","LA","US","+12256372364","","http://www.stromaindentistry.com/","https://www.facebook.com/1401423256782994","St. Romain Family Dentistry","0.9199122190475464","open","8","meta | Overture | Overture-signals","CDLA-Permissive-2.0","2026-04-27T00:00:00.000Z | 2026-06-11T11:57:15Z | 2026-05-12T00:29:08Z | 2026-05-18T13:23:54Z | 2026-05-25T13:08:59Z | 2026-06-01T13:20:32Z | 2026-06-08T13:20:12Z"
"LA","Louisiana","3aa609db-3899-451e-96a6-48ffa6abd222","Sullivan T Kevin DDS","-90.13418918","30.45876854","dentist","general_dentistry | doctor","206 Highland Park Plz","Covington","70433-7129","LA","US","+19858923310","","","https://www.facebook.com/166851903325913","","0.8554581999778748","","8","meta | Overture","CDLA-Permissive-2.0","2026-04-27T00:00:00.000Z | 2026-06-11T11:57:15Z"
"LA","Louisiana","3b3868f3-efdd-4467-bb60-ce853f34401a","Bunkie Dentistry LLC","-92.19423091","30.96128609","dentist","maternity_centers","1002 NW Main St","Bunkie","71322-1519","LA","US","+13183469585","bunkiedentist@gmail.com","http://www.wellness.com/dir/2201260/dentist/la/bunkie","https://www.facebook.com/551401518647756","","0.9904786348342896","open","6","meta | Overture | Overture-signals","CDLA-Permissive-2.0","2026-04-27T00:00:00.000Z | 2026-06-11T11:57:15Z | 2026-05-12T00:29:08Z"
"LA","Louisiana","3b43d2d5-8f3c-4855-bcc4-e2df21162b5f","Amy Ferguson DDS","-90.95598311","30.56514446","dentist","general_dentistry | doctor","34287 La Highway 16","Denham Springs","70706-0665","LA","US","+12256676889","fergusonfamilydental2020@gmail.com","https://www.fergusonfamilydds.com/","https://www.facebook.com/1804120049689020","","0.9996921176314354","","8","meta | Overture","CDLA-Permissive-2.0","2026-04-27T00:00:00.000Z | 2026-06-11T11:57:15Z"
"LA","Louisiana","3b48cb64-6b22-447d-bf1e-b59677dedf17","Bayou Childrens Dental Center","-90.765503","29.603238","dentist","","4752 Highway 311","Houma","70360","LA","US","(985) 868-8331","sales@emigre.com","http://bayouchildrensdental.com","","","0.9199122190475464","open","4","Foursquare | Overture | Overture-signals","Apache-2.0 | CDLA-Permissive-2.0","2025-08-22T00:00:00.000 | 2026-06-11T11:57:15Z | 2026-05-12T00:29:08Z | 2026-05-18T13:23:54Z | 2026-05-25T13:08:59Z | 2026-06-01T13:20:32Z | 2026-06-08T13:20:12Z"
"LA","Louisiana","3b70337f-5c6b-43b9-b05e-eb4a615227ce","Smiles Family & Cosmetic Dentistry","-90.049153","29.924626","dentist","health_and_medical","1410 Franklin Ave","Gretna","70053","LA","US","5043983004","","https://www.familydentistry.com/","","","0.85","","7","Microsoft | Overture","CDLA-Permissive-2.0","2022-12-16T18:35:23.417Z | 2026-06-11T11:57:15Z"
"LA","Louisiana","3bb3dc61-ceb6-4ef9-be11-f8c9f5ee4224","La Louisiane Dental","-90.043105","29.919474","dentist","teeth_whitening | hospital","12 Westbank Expy","Gretna","70053-3600","LA","US","+15043621776","","http://www.natchezmoricedental.com","https://www.facebook.com/267608520527265","La Louisiane Complete Dental","0.8384311199188232","","10","meta | Overture","CDLA-Permissive-2.0","2026-04-27T00:00:00.000Z | 2026-06-11T11:57:15Z"
"LA","Louisiana","3bf28346-141a-4c7b-9bee-d80dac4752a7","Christy Lynn Stasney-Forsyth","-89.78187079","30.27655943","dentist","health_and_medical | hospital","240 Erlanger Ave","Slidell","70458-3426","LA","US","+19856434553","","http://www.slidellladentist.com/","https://www.facebook.com/135409049842057","Slidell Family Dental Care","0.9398636221885681","","7","meta | Overture","CDLA-Permissive-2.0","2026-04-27T00:00:00.000Z | 2026-06-11T11:57:15Z"
"LA","Louisiana","3c1a594c-ba6e-4c77-887a-84dfb1816efa","Baton Rouge Braces Company - Dr. Vance Misuraca","-90.961985","30.466842","dentist","","238 Veterans Blvd","Denham Springs","70726","LA","US","(225) 766-3300","","http://www.batonrougebraces.com","https://www.twitter.com/batonrougeortho","","0.9199122190475464","open","4","Foursquare | Overture | Overture-signals","Apache-2.0 | CDLA-Permissive-2.0","2022-10-25T00:00:00.000 | 2026-06-11T11:57:15Z | 2026-05-12T00:29:08Z | 2026-05-18T13:23:54Z | 2026-05-25T13:08:59Z | 2026-06-01T13:20:32Z | 2026-06-08T13:20:12Z"
"LA","Louisiana","3c440d20-f180-457d-b23d-366ab51c0e86","Anzalone Charles DDS","-92.3694784169266","30.2187801984134","dentist","","725 N Avenue K","Crowley","70526","LA","US","(337) 783-2455","","http://www.healthgrades.com/dentist/dr-charles-anzalone-2xvjf","https://www.facebook.com/149595511750287","","0.9199122190475464","open","4","Foursquare | Overture | Overture-signals","Apache-2.0 | CDLA-Permissive-2.0","2025-08-22T00:00:00.000 | 2026-06-11T11:57:15Z | 2026-05-12T00:29:08Z | 2026-05-18T13:23:54Z | 2026-05-25T13:08:59Z | 2026-06-01T13:20:32Z | 2026-06-08T13:20:12Z"
"LA","Louisiana","3c68f5d3-a398-4a31-bb9b-2431c166e4db","Ronald Landry, DDS","-91.1370300779966","30.4218057466383","dentist","","2726 Continental Dr","Baton Rouge","70808","LA","US","(225) 926-5102","staff@drronaldlandry.com","http://www.drronaldlandry.com","https://www.facebook.com/165070080186098","","0.77","","5","Foursquare | Overture","Apache-2.0 | CDLA-Permissive-2.0","2025-08-22T00:00:00.000 | 2026-06-11T11:57:15Z"
"LA","Louisiana","3d4b5305-3c7a-4176-b18e-5d73c8cc571a","Lasting Smiles Dentistry","-90.69856463","30.03977573","dentist","general_dentistry","2232 Albert St","Lutcher","70071-5245","LA","US","+12258694458","lastingsmilesdentistry@gmail.com","https://www.lastingsmilesdentistry.com/","https://www.facebook.com/204416079403192","","0.9199122190475464","open","8","meta | Overture | Overture-signals","CDLA-Permissive-2.0","2026-04-27T00:00:00.000Z | 2026-06-11T11:57:15Z | 2026-05-12T00:29:08Z | 2026-05-18T13:23:54Z | 2026-05-25T13:08:59Z | 2026-06-01T13:20:32Z | 2026-06-08T13:20:12Z"
"LA","Louisiana","3d5e8976-f606-4a3e-bbca-243f36e69aea","Smile-Care Dental","-89.91104634","30.03677309","dentist","health_and_medical | pediatric_dentist","14401 Chef Menteur Blvd","New Orleans","70129-2014","LA","US","+15042544900","transmilecare@gmail.com","http://smilecarenola.com/","https://www.facebook.com/239055762781906","Smile-Care Dental","0.9199122190475464","open","9","meta | Overture | Overture-signals","CDLA-Permissive-2.0","2026-04-27T00:00:00.000Z | 2026-06-11T11:57:15Z | 2026-05-12T00:29:08Z | 2026-05-18T13:23:54Z | 2026-05-25T13:08:59Z | 2026-06-01T13:20:32Z | 2026-06-08T13:20:12Z"
"LA","Louisiana","3df5a640-ca95-4993-be44-000505f6723c","Dr. Boi-Hoang Cecile Vu","-90.04326353","29.91961355","dentist","general_dentistry | health_and_medical","12 Westbank Expy","Gretna","70053-3600","LA","US","+15043621776","","http://www.natchezmoricedental.com/","https://www.facebook.com/161097990577402","La Louisiane Complete Dental","0.9199122190475464","open","8","meta | Overture | Overture-signals","CDLA-Permissive-2.0","2026-04-27T00:00:00.000Z | 2026-06-11T11:57:15Z | 2026-05-12T00:29:08Z | 2026-05-18T13:23:54Z | 2026-05-25T13:08:59Z | 2026-06-01T13:20:32Z | 2026-06-08T13:20:12Z"
"LA","Louisiana","3ece51b2-0310-4166-a2c0-b7515177a4bf","Bayou Braces","-90.033435912835","30.00588832117","dentist","orthodontist | cosmetic_dentist","4800 Chef Menteur Hwy","New Orleans","70126-5000","LA","US","+15044272237","","https://www.bayoubraces.com","https://www.facebook.com/382619278905727","","0.9290810823440552","","1","meta | Overture","CDLA-Permissive-2.0","2026-04-27T00:00:00.000Z | 2026-06-11T11:57:15Z"
"LA","Louisiana","3f515298-71d6-4f82-9151-d8087e0ebdd3","Manuel Charles C DDS","-91.94166774","30.09081668","dentist","doctor","122 Heritage","Broussard","70518-8046","LA","US","+13374514346","dentalassist17@aol.com","http://manuelcharlescdds.placeweb.site","https://www.facebook.com/538816259911246","","0.9199122190475464","open","6","meta | Overture | Overture-signals","CDLA-Permissive-2.0","2026-04-27T00:00:00.000Z | 2026-06-11T11:57:15Z | 2026-05-12T00:29:08Z | 2026-05-18T13:23:54Z | 2026-05-25T13:08:59Z | 2026-06-01T13:20:32Z | 2026-06-08T13:20:12Z"
"LA","Louisiana","3faf174c-b09a-45a0-84f8-66cdc14ee15d","Ganucheau Dental Group","-90.178811","30.00075102","dentist","general_dentistry | doctor","2825 Houma Blvd","Metairie","70006-6635","LA","US","+15048873121","ganucheaudentalgroup@gmail.com","https://www.ganucheaudentalmetairiela.com/","https://www.facebook.com/162909117061987","","0.9199122190475464","open","7","meta | Overture | Overture-signals","CDLA-Permissive-2.0","2026-04-27T00:00:00.000Z | 2026-06-11T11:57:15Z | 2026-05-12T00:29:08Z | 2026-05-18T13:23:54Z | 2026-05-25T13:08:59Z | 2026-06-01T13:20:32Z | 2026-06-08T13:20:12Z"
"LA","Louisiana","3fbece93-ee2d-45bf-8fff-98f75e59ee6f","Healthy Smiles","-90.0954027831903","29.8758622213639","dentist","","4940 Lapalco Blvd","Marrero","70072","LA","US","(504) 340-9334","","http://businessfinder.nola.com/healthy-smiles-marrero-la.html","https://www.facebook.com/287837287930965","","0.9199122190475464","open","4","Foursquare | Overture | Overture-signals","Apache-2.0 | CDLA-Permissive-2.0","2025-08-22T00:00:00.000 | 2026-06-11T11:57:15Z | 2026-05-12T00:29:08Z | 2026-05-18T13:23:54Z | 2026-05-25T13:08:59Z | 2026-06-01T13:20:32Z | 2026-06-08T13:20:12Z"
"LA","Louisiana","405beaf0-e770-486f-9573-bb17f9ffa2e4","Haley Miller Dentistry","-90.1517184","30.433691","dentist","health_and_medical","377 Highway 21, Ste 102","Madisonville","70447","LA","US","9858453120","","https://www.haleymillerdentistry.com/","","","0.9199122190475464","open","8","Microsoft | Overture | Overture-signals","CDLA-Permissive-2.0","2025-07-26T18:56:08.487Z | 2026-06-11T11:57:15Z | 2026-05-12T00:29:08Z | 2026-05-18T13:23:54Z | 2026-05-25T13:08:59Z | 2026-06-01T13:20:32Z | 2026-06-08T13:20:12Z"
"LA","Louisiana","406425b1-4d20-4540-85d6-8b16a3f333ac","Dr Linda Cao , DDS","-90.048688","29.870802","dentist","","2800 Manhattan Blvd Ste D","Harvey","70058","LA","US","(504) 207-0314","","http://smilebrightdental.com","","","0.9199122190475464","open","4","Foursquare | Overture | Overture-signals","Apache-2.0 | CDLA-Permissive-2.0","2025-08-22T00:00:00.000 | 2026-06-11T11:57:15Z | 2026-05-12T00:29:08Z | 2026-05-18T13:23:54Z | 2026-05-25T13:08:59Z | 2026-06-01T13:20:32Z | 2026-06-08T13:20:12Z"
"LA","Louisiana","40b9fdc2-66ac-48a2-ad2a-9cb6a21d1f2e","Morris Family Dentistry","-91.15698265","30.64992745","dentist","general_dentistry | health_and_medical","4488 Church St","Zachary","70791-3104","LA","US","+12256543964","info@chadmorrisdds.com","http://chadmorrisdds.com/","https://www.facebook.com/101388396628603","","0.9199122190475464","open","9","meta | Overture | Overture-signals","CDLA-Permissive-2.0","2026-04-27T00:00:00.000Z | 2026-06-11T11:57:15Z | 2026-05-12T00:29:08Z | 2026-05-18T13:23:54Z | 2026-05-25T13:08:59Z | 2026-06-01T13:20:32Z | 2026-06-08T13:20:12Z"
"LA","Louisiana","40f33940-366f-4cd0-8ebc-3d977ed53334","Brightly Dental","-89.86097183","30.78845442","dentist","general_dentistry","320 Austin St","Bogalusa","70427-3857","LA","US","+19852434389","info@brightlydental.com","http://www.BrightlyDental.com/","https://www.facebook.com/112372854680975","","0.9199122190475464","open","8","meta | Overture | Overture-signals","CDLA-Permissive-2.0","2026-04-27T00:00:00.000Z | 2026-06-11T11:57:15Z | 2026-05-12T00:29:08Z | 2026-05-18T13:23:54Z | 2026-05-25T13:08:59Z | 2026-06-01T13:20:32Z | 2026-06-08T13:20:12Z"
"LA","Louisiana","41550f6f-a44e-4c3b-b6bc-5ff08a67c657","Dr Greg Roberts","-92.4730521938837","31.2903932253804","dentist","","1201 Texas Ave","Alexandria","71301","LA","US","(318) 473-9005","","http://gregrobertsondds.com","","","0.77","","6","Foursquare | Overture","Apache-2.0 | CDLA-Permissive-2.0","2025-10-09T00:00:00.000 | 2026-06-11T11:57:15Z"
"LA","Louisiana","416ce4e8-74e0-447f-b56f-9cd79198544e","Lafayette Pediatric Dentistry","-92.0422198079912","30.1972899862131","dentist","","350 Doucet Rd #101 Ste 101","Lafayette","70503","LA","US","(337) 981-9242","info@nocavitykids.com","https://www.nocavitykids.com","https://www.facebook.com/144829285549848","","0.9199122190475464","open","4","Foursquare | Overture | Overture-signals","Apache-2.0 | CDLA-Permissive-2.0","2022-08-04T00:00:00.000 | 2026-06-11T11:57:15Z | 2026-05-12T00:29:08Z | 2026-05-18T13:23:54Z | 2026-05-25T13:08:59Z | 2026-06-01T13:20:32Z | 2026-06-08T13:20:12Z"
"LA","Louisiana","41752da6-e5fd-4487-b544-a9357b0e231b","Affordable Smiles Of G","-90.028116","29.881404","dentist","medical_service_organizations","400 Lapalco Blvd","Gretna","70056-7372","LA","US","+15043709220","asgretna@affordablesmilesdental.com","https://affordablesmilesdental.com/gretna-office/","https://www.facebook.com/104423474332357","Affordable Smiles Dental","0.9722161889076233","","8","meta | Overture","CDLA-Permissive-2.0","2026-04-27T00:00:00.000Z | 2026-06-11T11:57:15Z"
"LA","Louisiana","4211e64d-4918-4c19-8519-440c9b626c52","Renewed Family Dental","-93.21464955","30.16618733","dentist","general_dentistry | family_practice","5000 Common St","Lake Charles","70607-6940","LA","US","+13373408850","info@renewedfamilydental.com","http://dentistlakecharlesla.com/","https://www.facebook.com/104006955616329","","0.9199122190475464","open","8","meta | Overture | Overture-signals","CDLA-Permissive-2.0","2026-04-27T00:00:00.000Z | 2026-06-11T11:57:15Z | 2026-05-12T00:29:08Z | 2026-05-18T13:23:54Z | 2026-05-25T13:08:59Z | 2026-06-01T13:20:32Z | 2026-06-08T13:20:12Z"
"LA","Louisiana","421fb97f-6822-41d4-a793-d37685c85f6f","Worley Scott L DDS","-93.232745","30.174073","dentist","pediatric_dentist | health_and_medical","4600 Lake St","Lake Charles","70605-5416","LA","US","+13374740240","","http://www.thedentaldepot.com","https://www.facebook.com/167857489896890","The Dental Depot","0.9199122190475464","open","8","meta | Overture | Overture-signals","CDLA-Permissive-2.0","2026-04-27T00:00:00.000Z | 2026-06-11T11:57:15Z | 2026-05-12T00:29:08Z | 2026-05-18T13:23:54Z | 2026-05-25T13:08:59Z | 2026-06-01T13:20:32Z | 2026-06-08T13:20:12Z"
"LA","Louisiana","422fd33a-c351-4fbd-9448-51f2d6b6a03e","Barre Dental Care","-90.046823","29.874471","dentist","endodontist | orthodontist","2645 Manhattan Blvd","Harvey","70058-3363","LA","US","+15043670355","","https://www.barredental.com","https://www.facebook.com/165649833508902","Barre Dental Care","0.9199122190475464","open","9","meta | Overture | Overture-signals","CDLA-Permissive-2.0","2026-04-27T00:00:00.000Z | 2026-06-11T11:57:15Z | 2026-05-12T00:29:08Z | 2026-05-18T13:23:54Z | 2026-05-25T13:08:59Z | 2026-06-01T13:20:32Z | 2026-06-08T13:20:12Z"
"LA","Louisiana","423490ff-a0e7-4820-ac02-9eb078f47449","73 Smiles","-90.989024","30.264823","dentist","orthodontist | cosmetic_dentist","13375 Highway 73","Geismar","70734-3057","LA","US","+12254657373","73smiles@mb2dental.com","https://www.73smiles.com/","https://www.facebook.com/102601291293946","","0.9992355704307556","open","10","meta | Overture | Overture-signals","CDLA-Permissive-2.0","2026-04-27T00:00:00.000Z | 2026-06-11T11:57:15Z | 2026-05-12T00:29:08Z"
"LA","Louisiana","42518b77-9989-438a-ae5a-1a9f36402a27","Patrick L. Mcgee, DDS","-92.0926055978599","32.5285036262741","dentist","","2816 Armand St","Monroe","71201","LA","US","(318) 388-0828","patrickmcgee.dds@outlook.com","http://www.patrickmcgeedds.com","","","0.9199122190475464","open","4","Foursquare | Overture | Overture-signals","Apache-2.0 | CDLA-Permissive-2.0","2025-08-22T00:00:00.000 | 2026-06-11T11:57:15Z | 2026-05-12T00:29:08Z | 2026-05-18T13:23:54Z | 2026-05-25T13:08:59Z | 2026-06-01T13:20:32Z | 2026-06-08T13:20:12Z"
"LA","Louisiana","42db493d-d3d4-4f7b-9b84-75675142fef3","Baton Rouge Modern Dentistry","-91.01282938","30.36147225","dentist","general_dentistry | health_and_medical","14640 Village Market St","Baton Rouge","70817-7695","LA","US","+12254074429","batonrougemoderndentistry@smilegeneration.com","https://www.BatonRougeModernDentistry.com/?sc_cid=Facebook%3AO%3AGP%3A699%3ASocial%3AGeneral%3Ana&_vsrefdom=organic_social&y_source=1_Mzc3Mjk0NC01NTktbG9jYXRpb24ud2Vic2l0ZQ%3D%3D","https://www.facebook.com/563723823813526","Smile Generation","0.9199122190475464","open","10","meta | Overture | Overture-signals","CDLA-Permissive-2.0","2026-04-27T00:00:00.000Z | 2026-06-11T11:57:15Z | 2026-05-12T00:29:08Z | 2026-05-18T13:23:54Z | 2026-05-25T13:08:59Z | 2026-06-01T13:20:32Z | 2026-06-08T13:20:12Z"
"LA","Louisiana","42e074e4-0de5-4213-a48f-1f9194b5a505","Dr. T Kirk Crane","-92.01401959","30.20163484","dentist","general_dentistry | doctor","104 Exchange Pl","Lafayette","70503-2571","LA","US","+13372059565","tkcrane@cranedental.com","https://www.drcranedental.com/","https://www.facebook.com/345172219635","Dr. T Kirk Crane","0.9956764888763427","","8","meta | Overture","CDLA-Permissive-2.0","2026-04-27T00:00:00.000Z | 2026-06-11T11:57:15Z"
"LA","Louisiana","43082deb-087d-46bd-b428-9fab39c0bec4","Stacy Jones DDS","-93.6702107083642","32.4595531403453","dentist","","1611 Jimmie Davis Hwy","Bossier City","71112","LA","US","(318) 742-0800","staceydds@bellsouth.net","http://www.staceysjonesdds.com","","","0.9199122190475464","open","4","Foursquare | Overture | Overture-signals","Apache-2.0 | CDLA-Permissive-2.0","2025-08-22T00:00:00.000 | 2026-06-11T11:57:15Z | 2026-05-12T00:29:08Z | 2026-05-18T13:23:54Z | 2026-05-25T13:08:59Z | 2026-06-01T13:20:32Z | 2026-06-08T13:20:12Z"
"LA","Louisiana","434a355a-c126-4763-a69f-408dc68dfbd2","Scott G Petrie MD","-90.93122414","30.20878587","dentist","orthodontist | health_and_medical","1014 Saint Clair Blvd","Gonzales","70737-5023","LA","US","+12257432000","","https://www.orthopaedicandsportsclinic.com/about/","https://www.facebook.com/224114864267911","","0.8744702935218811","open","8","meta | Overture | Overture-signals","CDLA-Permissive-2.0","2026-04-27T00:00:00.000Z | 2026-06-11T11:57:15Z | 2026-05-12T00:29:08Z"
"LA","Louisiana","434b90e2-d9e7-43a8-8621-bb643508047e","Pearl River Family Dentistry","-89.7614154435681","30.3912685139129","dentist","health_and_medical | river","66240 Highway 41 Spur","Pearl River","70452-5735","LA","US","+19858636740","","https://baldo-ronald-f-dds.hub.biz","https://www.facebook.com/149139361826696","","0.8184798955917358","","9","meta | Overture","CDLA-Permissive-2.0","2026-04-27T00:00:00.000Z | 2026-06-11T11:57:15Z"
"LA","Louisiana","436932af-5f92-4906-b797-3c4eace4eea6","Roy Vaughan DDS","-93.20106067","30.20332429","dentist","general_dentistry | doctor","1402 Oak Park Blvd","Lake Charles","70601-8848","LA","US","+13374782850","","","https://www.facebook.com/133450563373492","","0.9199122190475464","open","7","meta | Overture | Overture-signals","CDLA-Permissive-2.0","2026-04-27T00:00:00.000Z | 2026-06-11T11:57:15Z | 2026-05-12T00:29:08Z | 2026-05-18T13:23:54Z | 2026-05-25T13:08:59Z | 2026-06-01T13:20:32Z | 2026-06-08T13:20:12Z"
"LA","Louisiana","4378b80b-4ab1-49b5-ba5d-4d99b328c2c9","Maurice Dental","-92.12426649","30.10889387","dentist","general_dentistry","8407 Maurice Ave","Maurice","70555-4459","LA","US","+13378932207","","","https://www.facebook.com/243523128847136","","0.9199122190475464","open","7","meta | Overture | Overture-signals","CDLA-Permissive-2.0","2026-04-27T00:00:00.000Z | 2026-06-11T11:57:15Z | 2026-05-12T00:29:08Z | 2026-05-18T13:23:54Z | 2026-05-25T13:08:59Z | 2026-06-01T13:20:32Z | 2026-06-08T13:20:12Z"
"LA","Louisiana","437d1589-33ee-492d-8c15-ac99f24d07e5","Dr Mark Tallis","-91.1127782393679","30.4032430363336","dentist","","5225 Odonovan Dr","Baton Rouge","70808","LA","US","(225) 769-8555","marktallisdds@gmail.com","http://marktallisdds.com","https://www.facebook.com/193552654010442","","0.77","","5","Foursquare | Overture","Apache-2.0 | CDLA-Permissive-2.0","2023-06-14T00:00:00.000 | 2026-06-11T11:57:15Z"
"LA","Louisiana","437de1a8-75ea-44ff-85bf-91ffd0eb1210","Dr. Troy Miller","-92.0451181339077","30.1630910750468","dentist","","210 Beaullieu Dr","Lafayette","70508","LA","US","(337) 984-4747","staff@questdds.com","http://www.questdds.com","https://www.facebook.com/316460781708030","","0.9199122190475464","open","4","Foursquare | Overture | Overture-signals","Apache-2.0 | CDLA-Permissive-2.0","2025-12-30T00:00:00.000 | 2026-06-11T11:57:15Z | 2026-05-12T00:29:08Z | 2026-05-18T13:23:54Z | 2026-05-25T13:08:59Z | 2026-06-01T13:20:32Z | 2026-06-08T13:20:12Z"
"LA","Louisiana","4387043a-c70a-40e2-bba3-9d4190991ffe","Burvant Family Dentistry","-90.10796771","30.47541717","dentist","general_dentistry | health_and_medical","601 W 18th Ave","Covington","70433-3064","LA","US","+19858922403","office@burvantfamilydentistry.com","http://burvantfamilydentistry.com/","https://www.facebook.com/801597266534921","Burvant Family Dentistry","0.9199122190475464","open","9","meta | Overture | Overture-signals","CDLA-Permissive-2.0","2026-04-27T00:00:00.000Z | 2026-06-11T11:57:15Z | 2026-05-12T00:29:08Z | 2026-05-18T13:23:54Z | 2026-05-25T13:08:59Z | 2026-06-01T13:20:32Z | 2026-06-08T13:20:12Z"
"LA","Louisiana","43c3a5fb-6b75-4ddc-bacb-7879a3fe0d9b","Dr. Troy Verges","-90.50829179","30.72635912","dentist","general_dentistry","103 SE Central Ave","Amite","70422-2837","LA","US","+12253834141","","","https://www.facebook.com/233419890757249","","0.9199122190475464","open","7","meta | Overture | Overture-signals","CDLA-Permissive-2.0","2026-04-27T00:00:00.000Z | 2026-06-11T11:57:15Z | 2026-05-12T00:29:08Z | 2026-05-18T13:23:54Z | 2026-05-25T13:08:59Z | 2026-06-01T13:20:32Z | 2026-06-08T13:20:12Z"
"LA","Louisiana","44632688-bc56-4cb9-898c-a479507b0815","Matthew T Whitehead DDS","-92.48542028","31.2725523","dentist","general_dentistry | medical_service_organizations","5213 Rue Verdun","Alexandria","71303-2349","LA","US","+13184455489","","http://www.alexandrialadentist.com","https://www.facebook.com/137571742956529","","0.9199122190475464","open","7","meta | Overture | Overture-signals","CDLA-Permissive-2.0","2026-04-27T00:00:00.000Z | 2026-06-11T11:57:15Z | 2026-05-12T00:29:08Z | 2026-05-18T13:23:54Z | 2026-05-25T13:08:59Z | 2026-06-01T13:20:32Z | 2026-06-08T13:20:12Z"
"LA","Louisiana","4488b9d3-aa0f-4ca6-aeae-8144ded90b22","Camellia Creek Dental Center","-90.08468","30.39797","dentist","teeth_whitening | medical_service_organizations","735 Asbury Dr","Mandeville","70471-1843","LA","US","+19856242334","","http://www.camelliacreek.com/","https://www.facebook.com/127189290667361","","0.9588228464126587","","8","meta | Overture","CDLA-Permissive-2.0","2026-04-27T00:00:00.000Z | 2026-06-11T11:57:15Z"
"LA","Louisiana","448958fe-1fe8-45b3-9288-52a09efca342","Dr. Donna Palmisano","-90.15443908","30.00457625","dentist","dermatologist | cosmetic_dentist","2901 N Causeway Blvd","Metairie","70002-4824","LA","US","+15048852011","drpalmisano@bellsouth.net","https://www.drdonnapalmisano.com/","https://www.facebook.com/369566776582240","","0.9199122190475464","open","8","meta | Overture | Overture-signals","CDLA-Permissive-2.0","2026-04-27T00:00:00.000Z | 2026-06-11T11:57:15Z | 2026-05-12T00:29:08Z | 2026-05-18T13:23:54Z | 2026-05-25T13:08:59Z | 2026-06-01T13:20:32Z | 2026-06-08T13:20:12Z"
"LA","Louisiana","44a1088d-c52b-4667-abd8-a6f8e54373cd","Price & Associates Family Dentistry","-92.0258874082347","30.2190651086277","dentist","","224 Saint Landry St Ste 2A","Lafayette","70506","LA","US","(337) 233-6821","shai.price@yahoo.com","http://www.ashleypricedds.com","https://www.twitter.com/ashleypricedds | https://www.facebook.com/906972059340099","","0.9199122190475464","open","4","Foursquare | Overture | Overture-signals","Apache-2.0 | CDLA-Permissive-2.0","2025-03-20T00:00:00.000 | 2026-06-11T11:57:15Z | 2026-05-12T00:29:08Z | 2026-05-18T13:23:54Z | 2026-05-25T13:08:59Z | 2026-06-01T13:20:32Z | 2026-06-08T13:20:12Z"
"LA","Louisiana","45001a9c-c9b7-428c-8895-887636d9895c","TMJ Baton Rouge Inc- Glenn M. Kidder DDS","-91.04772745","30.42402333","dentist","general_dentistry | health_and_medical","12036 Justice Ave","Baton Rouge","70816-5325","LA","US","+12252924158","drkidderfrontdesk@outlook.com","http://tmjbatonrouge.com/","https://www.facebook.com/629545183565616","","0.9199122190475464","open","9","meta | Overture | Overture-signals","CDLA-Permissive-2.0","2026-04-27T00:00:00.000Z | 2026-06-11T11:57:15Z | 2026-05-12T00:29:08Z | 2026-05-18T13:23:54Z | 2026-05-25T13:08:59Z | 2026-06-01T13:20:32Z | 2026-06-08T13:20:12Z"
"LA","Louisiana","454f8ee4-ae18-4879-a11e-9cd3d33a2063","Parker Orthodontics","-90.98795087","30.105126","dentist","orthodontist | doctor","200 Railroad Ave","Donaldsonville","70346-2528","LA","US","+12259232060","","http://www.harbourorthodontics.com/","https://www.facebook.com/247649551948786","Harbour Orthodontics","0.9199122190475464","open","8","meta | Overture | Overture-signals","CDLA-Permissive-2.0","2026-04-27T00:00:00.000Z | 2026-06-11T11:57:15Z | 2026-05-12T00:29:08Z | 2026-05-18T13:23:54Z | 2026-05-25T13:08:59Z | 2026-06-01T13:20:32Z | 2026-06-08T13:20:12Z"
"LA","Louisiana","456d4a55-4000-4438-a2ef-6e8fce6a7e34","Pediatric Dental Partners","-93.6913317904942","32.5524341161157","dentist","","4001 Viking Dr a","Bossier City","71111","LA","US","(318) 747-7020","","https://www.pediatricdentalpartners.com/bossier-city-office","","","0.77","","5","Foursquare | Overture","Apache-2.0 | CDLA-Permissive-2.0","2025-08-22T00:00:00.000 | 2026-06-11T11:57:15Z"
"LA","Louisiana","456f8b85-a2dd-48ef-979f-82c9d6e58725","J Philip Epling III DDS","-89.73694426","30.34511541","dentist","general_dentistry | doctor","63198 LA-1090","Pearl River","70452-4134","LA","US","+19858637687","epling3@bellsouth.net","http://pearlriverdds.com/","https://www.facebook.com/643057545883630","","0.9649121761322021","","11","meta | Overture","CDLA-Permissive-2.0","2026-04-27T00:00:00.000Z | 2026-06-11T11:57:15Z"
"LA","Louisiana","45b3be78-6633-4db9-b33c-cfa7459e2db1","Chapman Stephen A DDS","-92.463028","31.28406","dentist","family_practice | doctor","3311 Prescott Rd","Alexandria","71301-3900","LA","US","+13184481378","","","https://www.facebook.com/116809171712874","","0.8144534826278687","","2","meta | Overture","CDLA-Permissive-2.0","2026-04-27T00:00:00.000Z | 2026-06-11T11:57:15Z"
"LA","Louisiana","462cb4fa-bbac-4076-b3e2-9d7169a06561","Brush Dental","-91.1570460934609","30.3868950503361","dentist","","411 Ben Hur Rd Ste G","Baton Rouge","70820","LA","US","(225) 960-6447","","http://www.brushdentalbr.com","","","0.77","","5","Foursquare | Overture","Apache-2.0 | CDLA-Permissive-2.0","2025-02-20T00:00:00.000 | 2026-06-11T11:57:15Z"
"LA","Louisiana","4649e4b2-d30b-414f-b1fe-b7f15761d615","Schenck Dental Metairie","-90.196676982566","30.006234431571","dentist","","5037 Veterans Blvd","Metairie","70006-5120","LA","US","","","","https://www.facebook.com/153333951920159","","0.7071675658226013","","9","meta | Overture","CDLA-Permissive-2.0","2026-04-27T00:00:00.000Z | 2026-06-11T11:57:15Z"
"LA","Louisiana","4650de50-5ed9-4992-ae3b-4b8ebde5ed1f","Concord Family Dental","-90.01769423","29.92443723","dentist","general_dentistry | family_practice","3727 MacArthur Blvd","New Orleans","70114-6825","LA","US","+15043678053","concordalgiers@gmail.com","https://www.concordalgiers.com/","https://www.facebook.com/107000308094818","","0.9902192950248718","open","8","meta | Overture | Overture-signals","CDLA-Permissive-2.0","2026-04-27T00:00:00.000Z | 2026-06-11T11:57:15Z | 2026-05-12T00:29:08Z | 2026-05-18T13:23:54Z | 2026-05-25T13:08:59Z | 2026-06-01T13:20:32Z | 2026-06-08T13:20:12Z"
"LA","Louisiana","46ad68a9-e916-4b73-b529-2a44282297e0","Lane Matthew w DDS","-93.46462273","32.99851142","dentist","orthodontist | health_and_medical","500 S Arkansas St","Springhill","71075-3736","LA","US","+13185395194","","http://lanematthewwdds1.placeweb.site","https://www.facebook.com/149159741793673","","0.9199122190475464","open","6","meta | Overture | Overture-signals","CDLA-Permissive-2.0","2026-04-27T00:00:00.000Z | 2026-06-11T11:57:15Z | 2026-05-12T00:29:08Z | 2026-05-18T13:23:54Z | 2026-05-25T13:08:59Z | 2026-06-01T13:20:32Z | 2026-06-08T13:20:12Z"
"LA","Louisiana","474b2753-c29f-482b-b41a-412e8fdf539d","Houma Family Dental","-90.7232308122278","29.596417983343","dentist","","219 Grinage St","Houma","70360","LA","US","(985) 868-5699","houmafamilydental@yahoo.com","http://www.houmafamilydental.com","https://www.facebook.com/202782266399999","","0.9199122190475464","open","4","Foursquare | Overture | Overture-signals","Apache-2.0 | CDLA-Permissive-2.0","2025-08-19T00:00:00.000 | 2026-06-11T11:57:15Z | 2026-05-12T00:29:08Z | 2026-05-18T13:23:54Z | 2026-05-25T13:08:59Z | 2026-06-01T13:20:32Z | 2026-06-08T13:20:12Z"
"LA","Louisiana","47ace9e1-5f6a-435a-84b3-5f620ca83658","David V. Hodgkiss D.D.S.","-93.4451121214766","33.0115711677003","dentist","","1104 Doctors Dr","Springhill","71075","LA","US","(318) 539-5642","","http://springhillsdentistry.com","https://www.facebook.com/127025717360458","","0.9199122190475464","open","4","Foursquare | Overture | Overture-signals","Apache-2.0 | CDLA-Permissive-2.0","2025-08-22T00:00:00.000 | 2026-06-11T11:57:15Z | 2026-05-12T00:29:08Z | 2026-05-18T13:23:54Z | 2026-05-25T13:08:59Z | 2026-06-01T13:20:32Z | 2026-06-08T13:20:12Z"
"LA","Louisiana","47e41ecb-e480-45e7-b0db-459ffd4e4486","Kelly Bouillion","-92.074716","30.184674","dentist","","3233 Ambassador Caffery Pkwy","Lafayette","70506","LA","US","(337) 981-9923","","http://acadianfamilydentistry.com","","","0.9199122190475464","open","4","Foursquare | Overture | Overture-signals","Apache-2.0 | CDLA-Permissive-2.0","2025-06-26T00:00:00.000 | 2026-06-11T11:57:15Z | 2026-05-12T00:29:08Z | 2026-05-18T13:23:54Z | 2026-05-25T13:08:59Z | 2026-06-01T13:20:32Z | 2026-06-08T13:20:12Z"
"LA","Louisiana","48fdc6ac-0e07-4a59-9187-67efbed62470","Signature Smiles Dental - Kim L Bent, DDS","-90.1249787267082","29.8929342100989","dentist","","931 Westwood Dr","Marrero","70072","LA","US","(504) 265-9580","","http://www.signaturesmilesdental.net","https://www.facebook.com/117585428319604","","0.77","","5","Foursquare | Overture","Apache-2.0 | CDLA-Permissive-2.0","2025-08-22T00:00:00.000 | 2026-06-11T11:57:15Z"
"LA","Louisiana","4923b885-b058-49b0-b48d-b74fdd9ab92c","Timoth Perry","-92.08972035","32.52734232","dentist","","3115 Mercedes Dr","Monroe","71201-5153","LA","US","+13183220576","staff@timperrydds.com","http://www.timperrydds.com/","https://www.facebook.com/124538018939529","Dr. Tim Perry","0.9247565269470215","","2","meta | Overture","CDLA-Permissive-2.0","2026-04-27T00:00:00.000Z | 2026-06-11T11:57:15Z"
"LA","Louisiana","4992f0a2-cc0a-475d-918f-77a5b23c9d5b","Aspen Dental","-90.9080032","30.232111","dentist","","119 South Airline Highway","Gonzales","70737","LA","US","","","https://www.aspendental.com/dentist/la/gonzales/119-south-airline-highway/","","Aspen Dental","0.954","","7","AllThePlaces | Overture","CC0-1.0 | CDLA-Permissive-2.0","2026-06-02T15:18:54.000Z | 2026-06-11T11:57:15Z"
"LA","Louisiana","49953e4a-7f5d-4d89-96e6-2ed16a0c6517","Bruno Joseph Savoia","-91.0038634901741","30.0893404437072","dentist","","200 Clinic Dr","Donaldsonville","70346","LA","US","(225) 473-1082","","http://www.savoiadental.com","","","0.9199122190475464","open","4","Foursquare | Overture | Overture-signals","Apache-2.0 | CDLA-Permissive-2.0","2025-08-19T00:00:00.000 | 2026-06-11T11:57:15Z | 2026-05-12T00:29:08Z | 2026-05-18T13:23:54Z | 2026-05-25T13:08:59Z | 2026-06-01T13:20:32Z | 2026-06-08T13:20:12Z"
"LA","Louisiana","49f9235f-003f-460a-9304-f93d036f7b7c","Gottsegen Leslie P DDS","-90.10292086","29.93703669","dentist","general_dentistry | doctor","2633 Napoleon Ave","New Orleans","70115-6340","LA","US","+15048915000","","","https://www.facebook.com/159372204097567","","0.9199122190475464","open","6","meta | Overture | Overture-signals","CDLA-Permissive-2.0","2026-04-27T00:00:00.000Z | 2026-06-11T11:57:15Z | 2026-05-12T00:29:08Z | 2026-05-18T13:23:54Z | 2026-05-25T13:08:59Z | 2026-06-01T13:20:32Z | 2026-06-08T13:20:12Z"
"LA","Louisiana","4a0619c7-1f0c-427d-a158-598e220aed09","Today's Dental Family Dentistry & Specialty Practice","-90.0577090039543","29.8892047464615","dentist","","1708 Manhattan Blvd","Harvey","70058","LA","US","(504) 361-5333","khmoreno@benevis.com","http://www.todaysdentalla.com","https://www.twitter.com/todaysdentalwb | https://www.facebook.com/211457958979375","","0.77","","5","Foursquare | Overture","Apache-2.0 | CDLA-Permissive-2.0","2025-10-24T00:00:00.000 | 2026-06-11T11:57:15Z"
"LA","Louisiana","4a124eac-9ce9-4bbf-8270-6145070f0d7c","James Allen Pearce","-92.0184580020658","30.2021626033965","dentist","","1221 Coolidge Blvd","Lafayette","70503","LA","US","(337) 269-0564","","http://www.jamesapearcedds.com","","","0.9199122190475464","open","4","Foursquare | Overture | Overture-signals","Apache-2.0 | CDLA-Permissive-2.0","2025-08-22T00:00:00.000 | 2026-06-11T11:57:15Z | 2026-05-12T00:29:08Z | 2026-05-18T13:23:54Z | 2026-05-25T13:08:59Z | 2026-06-01T13:20:32Z | 2026-06-08T13:20:12Z"
"LA","Louisiana","4a3ba9c7-d0be-4f95-8e09-ff62b2807f20","Anderson Strickland Dental","-90.95613733","30.49100822","dentist","general_dentistry | cosmetic_dentist","610 N Range Ave","Denham Springs","70726-2934","LA","US","+12256651212","info@stricklanddental.com","http://www.stricklanddental.com","https://www.facebook.com/1921822731392248","","0.9199122190475464","open","8","meta | Overture | Overture-signals","CDLA-Permissive-2.0","2026-04-27T00:00:00.000Z | 2026-06-11T11:57:15Z | 2026-05-12T00:29:08Z | 2026-05-18T13:23:54Z | 2026-05-25T13:08:59Z | 2026-06-01T13:20:32Z | 2026-06-08T13:20:12Z"
"LA","Louisiana","4a40bca7-72a4-44c6-bba1-5b907ddeec7f","Bode Robert DDS","-92.01820359","30.20360567","dentist","general_dentistry | doctor","1144 Coolidge St","Lafayette","70503-2622","LA","US","+13372348788","","","https://www.facebook.com/169556283058211","","0.9199122190475464","open","7","meta | Overture | Overture-signals","CDLA-Permissive-2.0","2026-04-27T00:00:00.000Z | 2026-06-11T11:57:15Z | 2026-05-12T00:29:08Z | 2026-05-18T13:23:54Z | 2026-05-25T13:08:59Z | 2026-06-01T13:20:32Z | 2026-06-08T13:20:12Z"
"LA","Louisiana","4a45632e-216c-4c34-8fa0-98919c31e989","Jose J Figueroa DMD","-90.13301871","30.00133716","dentist","general_dentistry","1000 Veterans Memorial Blvd","Metairie","70005-2852","LA","US","+15048317339","bigfig88.jf@gmail.com","http://bigfigdental.com/","https://www.facebook.com/420159784785578","","0.9199122190475464","open","7","meta | Overture | Overture-signals","CDLA-Permissive-2.0","2026-04-27T00:00:00.000Z | 2026-06-11T11:57:15Z | 2026-05-12T00:29:08Z | 2026-05-18T13:23:54Z | 2026-05-25T13:08:59Z | 2026-06-01T13:20:32Z | 2026-06-08T13:20:12Z"
"LA","Louisiana","4a503dc4-0cb0-462f-8876-60085b08e6cf","Dorothy H Banish Md","-90.10801045","30.47683833","dentist","cardiologist | doctor","619 W 19th Ave","Covington","70433-3057","LA","US","+19858934711","","","https://www.facebook.com/743098499090404","","0.9199122190475464","open","7","meta | Overture | Overture-signals","CDLA-Permissive-2.0","2026-04-27T00:00:00.000Z | 2026-06-11T11:57:15Z | 2026-05-12T00:29:08Z | 2026-05-18T13:23:54Z | 2026-05-25T13:08:59Z | 2026-06-01T13:20:32Z | 2026-06-08T13:20:12Z"
"LA","Louisiana","4a6fdc4c-c00c-464e-9c21-b9e791e45afc","Lege Lance DDS","-92.28273619","30.00540181","dentist","general_dentistry | medical_service_organizations","904 N Cushing Ave","Kaplan","70548-2617","LA","US","+13376437766","llegedds@kaplantel.net","http://www.legefamilydentistry.com/","https://www.facebook.com/113197440373069","","0.9199122190475464","open","7","meta | Overture | Overture-signals","CDLA-Permissive-2.0","2026-04-27T00:00:00.000Z | 2026-06-11T11:57:15Z | 2026-05-12T00:29:08Z | 2026-05-18T13:23:54Z | 2026-05-25T13:08:59Z | 2026-06-01T13:20:32Z | 2026-06-08T13:20:12Z"
"LA","Louisiana","4a85e712-8eaf-4f4f-9c76-dd6b61522a86","Elite Family Dentistry","-93.70776845","32.54407975","dentist","general_dentistry","2300 Airline Dr","Bossier City","71111-1610","LA","US","+13187416778","smile@elitefamilydds.com","http://www.elitefamilydds.com/","https://www.facebook.com/231448346870435","Elite Family Dentistry","0.9907688498497009","open","2","meta | Overture | Overture-signals","CDLA-Permissive-2.0","2026-04-27T00:00:00.000Z | 2026-06-11T11:57:15Z | 2026-05-12T00:29:08Z"
"LA","Louisiana","4a93e28e-1b89-402b-a981-b5dc774fa63d","Baker Vinci Oral Surgery","-91.11443364","30.4341494","dentist","oral_surgeon","7225 Jefferson Hwy","Baton Rouge","70806-8116","LA","US","+12259233223","","http://bakervincioralsurg.com","https://www.facebook.com/148437885211164","","0.9722161889076233","","7","meta | Overture","CDLA-Permissive-2.0","2026-04-27T00:00:00.000Z | 2026-06-11T11:57:15Z"
"LA","Louisiana","4b181f3c-dd68-4f29-9bb6-9926446f71cd","Caldwell Kimberly DDS","-92.0775884","32.5522535","dentist","general_dentistry | doctor","2905 Sterlington Rd","Monroe","71203-2513","LA","US","+13183227717","kimberlylcaldwelldds@gmail.com","http://www.kimberlycaldwelldds.com/","https://www.facebook.com/103003626434020","Caldwell Kimberly DDS","0.9982788801193238","open","9","meta | Overture | Overture-signals","CDLA-Permissive-2.0","2026-04-27T00:00:00.000Z | 2026-06-11T11:57:15Z | 2026-06-08T13:20:12Z"
"LA","Louisiana","4b4e5061-2574-43ce-adbe-666eb83a6b92","Bruce J. Kestler, DDS","-91.0989310708058","30.4456937595896","dentist","health_and_medical | pediatric_dentist","554 Colonial Dr","Baton Rouge","70806-6552","LA","US","+12259232291","dentalpractice70806@yahoo.com","http://www.brucekestlerdds.com/","https://www.facebook.com/540559322745839","","0.664689302444458","","8","meta | Overture","CDLA-Permissive-2.0","2026-04-27T00:00:00.000Z | 2026-06-11T11:57:15Z"
"LA","Louisiana","4b655493-5eaa-4f29-acdb-052d5fbc0003","Ascension Premier Dental","-90.989629","30.255913","dentist","","13053 Hwy. 73","Geismar","70734","LA","US","+12252172697","","","","","0.9199122190475464","open","8","DAC | Overture | Overture-signals","CDLA-Permissive-2.0","2026-06-10T16:03:35.911Z | 2026-06-11T11:57:15Z | 2026-05-12T00:29:08Z | 2026-05-18T13:23:54Z | 2026-05-25T13:08:59Z | 2026-06-01T13:20:32Z | 2026-06-08T13:20:12Z"
"LA","Louisiana","4bb4b6a4-fc3b-42d6-82fa-e6f99103584c","DeFelice Dental","-90.156155714121","29.989441975526","dentist","periodontist | doctor","1900 N Causeway Blvd","Metairie","70001-2872","LA","US","+15048334300","defelicedental1900@gmail.com","https://www.defelicedental.net/","https://www.facebook.com/965772313473590","","0.9991607130169868","","10","meta | Overture","CDLA-Permissive-2.0","2026-04-27T00:00:00.000Z | 2026-06-11T11:57:15Z"
"LA","Louisiana","4bee1c03-4ece-410c-9913-ca5ec11de30b","B.R. Dental Care","-91.0154495520172","30.4267291213897","dentist","","15420 S Harrells Ferry Rd Ste C","Baton Rouge","70816","LA","US","(225) 650-7162","brdentalcareom@mb2dental.com","https://mybrdentalcare.com","https://www.facebook.com/340326302730823","","0.77","","5","Foursquare | Overture","Apache-2.0 | CDLA-Permissive-2.0","2025-08-22T00:00:00.000 | 2026-06-11T11:57:15Z"
"LA","Louisiana","4c028af7-ef69-4c72-81b6-683e8f57832c","Metairie Dental Care","-90.160121","30.013562","dentist","","3521 N Arnoult Rd","Metairie","70002-3570","LA","US","+15048881893","","","https://www.facebook.com/174388769271377","","0.864708423614502","","1","meta | Overture","CDLA-Permissive-2.0","2026-04-27T00:00:00.000Z | 2026-06-11T11:57:15Z"
"LA","Louisiana","4c574074-c2a6-484c-82e0-3a3e887cf85a","MoreSmiles Dental","-90.08377161","30.40824029","dentist","cosmetic_dentist | general_dentistry","7007 Highway 190 East Service Rd","Covington","70433-4955","LA","US","+19852008050","moresmilespatientcare@gmail.com","https://www.moresmiles.com","https://www.facebook.com/110524322974","MoreSmiles Dental","0.9983505934476853","open","3","meta | Overture | Overture-signals","CDLA-Permissive-2.0","2026-04-27T00:00:00.000Z | 2026-06-11T11:57:15Z | 2026-06-08T13:20:12Z"
"LA","Louisiana","4ccac750-35f0-4b82-a3bf-c545dbbf4d4b","Dr. George Fisher DDS, MD","-93.246528","30.190586","dentist","family_practice | health_and_medical","1624 Wolf Cir","Lake Charles","70605-2348","LA","US","+13374780468","","","https://www.facebook.com/234832940211441","","0.8825178146362305","","7","meta | Overture","CDLA-Permissive-2.0","2026-04-27T00:00:00.000Z | 2026-06-11T11:57:15Z"
"LA","Louisiana","4ce24273-4d0f-436f-910b-9198f64f73df","John J. Roberson DDS","-92.01030692","32.55124997","dentist","general_dentistry | cosmetic_dentist","814 LA-139","Monroe","71203-6600","LA","US","+13183432633","jrobpmo@comcast.net","https://www.johnrobersonfamilydentistry.com/","https://www.facebook.com/111608265092354","","0.9887100100517273","","8","meta | Overture","CDLA-Permissive-2.0","2026-04-27T00:00:00.000Z | 2026-06-11T11:57:15Z"
"LA","Louisiana","4d6799c2-6724-421b-bf1a-d166f9a3b4ee","Brandner Oral Surgery","-90.09960311","30.39413439","dentist","oral_surgeon | doctor","220 Dalwill Dr","Mandeville","70471-3481","LA","US","+19856244411","craigbrandner@yahoo.com","http://www.mandevilleoralsurgery.com","https://www.facebook.com/971913549541540","Brandner Oral & Maxillofacial Surgeon Slidell and Mandeville","0.9199122190475464","open","8","meta | Overture | Overture-signals","CDLA-Permissive-2.0","2026-04-27T00:00:00.000Z | 2026-06-11T11:57:15Z | 2026-05-12T00:29:08Z | 2026-05-18T13:23:54Z | 2026-05-25T13:08:59Z | 2026-06-01T13:20:32Z | 2026-06-08T13:20:12Z"
"LA","Louisiana","4da15228-5649-43c3-9cf5-1a602bc71e9e","Gregory Strain DDS","-90.0544602232712","29.8726529494955","dentist","","2209 Lapalco Blvd Ste B","Harvey","70058","LA","US","(504) 368-9545","","http://www.gregstrain.com","","","0.9199122190475464","open","4","Foursquare | Overture | Overture-signals","Apache-2.0 | CDLA-Permissive-2.0","2025-08-19T00:00:00.000 | 2026-06-11T11:57:15Z | 2026-05-12T00:29:08Z | 2026-05-18T13:23:54Z | 2026-05-25T13:08:59Z | 2026-06-01T13:20:32Z | 2026-06-08T13:20:12Z"
"LA","Louisiana","4db7956a-bbda-4f80-829c-fbd753e8ecbb","Southern Smiles of Iberia","-91.81247433","29.99196033","dentist","general_dentistry | health_and_medical","712 S Lewis St","New Iberia","70560-4885","LA","US","+13372568658","southernsmilesofiberia@gmail.com","http://www.southernsmilesofacadiana.com/","https://www.facebook.com/127189777301940","","0.9199122190475464","open","9","meta | Overture | Overture-signals","CDLA-Permissive-2.0","2026-04-27T00:00:00.000Z | 2026-06-11T11:57:15Z | 2026-05-12T00:29:08Z | 2026-05-18T13:23:54Z | 2026-05-25T13:08:59Z | 2026-06-01T13:20:32Z | 2026-06-08T13:20:12Z"
"LA","Louisiana","4db7a558-9db4-4498-9231-b38d9663ba06","W. Wiley Baldridge","-93.72211709","32.44147671","dentist","general_dentistry | medical_service_organizations","7111 University Dr","Shreveport","71105-5033","LA","US","+13187973755","","http://www.baldridgedental.com/","https://www.facebook.com/223597861041396","","0.9199122190475464","open","6","meta | Overture | Overture-signals","CDLA-Permissive-2.0","2026-04-27T00:00:00.000Z | 2026-06-11T11:57:15Z | 2026-05-12T00:29:08Z | 2026-05-18T13:23:54Z | 2026-05-25T13:08:59Z | 2026-06-01T13:20:32Z | 2026-06-08T13:20:12Z"
"LA","Louisiana","4dc50aae-8a0c-47fc-aae9-f5681f4c6819","Evans + Frampton Orthodontics","-90.1966171264648","29.9643669128418","dentist","","5700 Citrus Blvd","Harahan","70123","LA","US","(504) 301-3413","braces@evansorthonola.com","https://efortho.com","https://www.facebook.com/392218784179216","","0.77","","2","Foursquare | Overture","Apache-2.0 | CDLA-Permissive-2.0","2026-03-10T00:00:00.000 | 2026-06-11T11:57:15Z"
"LA","Louisiana","4dce7086-0633-4ec8-802b-286f974bb581","Shreveport Bossier Family Dental Care","-93.78153436","32.40166944","dentist","general_dentistry | medical_service_organizations","910 Bert Kouns Industrial Loop Expy","Shreveport","71118-3410","LA","US","+13186867470","","http://www.shreveportbossierdental.com/","https://www.facebook.com/133578893361745","Shreveport Bossier Family Dental Care","0.9199122190475464","open","10","meta | Overture | Overture-signals","CDLA-Permissive-2.0","2026-04-27T00:00:00.000Z | 2026-06-11T11:57:15Z | 2026-05-12T00:29:08Z | 2026-05-18T13:23:54Z | 2026-05-25T13:08:59Z | 2026-06-01T13:20:32Z | 2026-06-08T13:20:12Z"
"LA","Louisiana","4de6674a-74d3-4c12-a769-1aa31e103e90","Bachtell Dentistry","-93.7179552","32.35484683","dentist","endodontist | medical_service_organizations","1931 Southern Loop","Shreveport","71106-8325","LA","US","+13187018240","lindsey.vosburg@bachtelldentistry.org","http://bachtelldentistry.com/","https://www.facebook.com/466500847034858","","0.9891000390052795","","7","meta | Overture","CDLA-Permissive-2.0","2026-04-27T00:00:00.000Z | 2026-06-11T11:57:15Z"
"LA","Louisiana","4e10cf5c-4756-44ee-bf81-6496cbc90a0f","J. Michael Rooney","-90.0459566228923","29.9032339620488","dentist","","307 Gretna Blvd Ste C","Gretna","70053","LA","US","(504) 362-7130","jmichaelrooneydds@yahoo.com","https://www.gretnaladentist.com","","","0.77","","5","Foursquare | Overture","Apache-2.0 | CDLA-Permissive-2.0","2025-05-31T00:00:00.000 | 2026-06-11T11:57:15Z"
"LA","Louisiana","4e16b9a2-678a-4297-b7c0-ecc76c1f05c4","Dr. G. Michael Davis general dentistry","-92.09434188","32.07956002","dentist","health_and_medical | medical_service_organizations","7915 Highway 165","Columbia","71418-3327","LA","US","+13186496451","","http://www.superpages.com/bp/columbia-la/dr-g-michael-davis-L0128256915.htm","https://www.facebook.com/168344383215503","","0.9670713543891907","","2","meta | Overture","CDLA-Permissive-2.0","2026-04-27T00:00:00.000Z | 2026-06-11T11:57:15Z"
"LA","Louisiana","4e355ae5-32d8-4b5e-ab54-31efebfbc821","Hood Dental Care - Livingston","-90.74739","30.481314","dentist","health_and_medical","29200 S Frost Rd","Livingston","70754","LA","US","2252711085","","https://hooddentalcare.com/livingston/","","","0.85","","5","Microsoft | Overture","CDLA-Permissive-2.0","2025-09-22T20:35:19.833Z | 2026-06-11T11:57:15Z"
"LA","Louisiana","4e35c7a0-8405-4f94-bb85-b5fde0aef95a","The Louisiana Center for Restorative Dentistry","-91.07998632","30.40861803","dentist","general_dentistry | cosmetic_dentist","4450 Bluebonnet Blvd","Baton Rouge","70809-9648","LA","US","+12259275248","admin2@drsdaly.com","https://www.drdalydentistry.com/","https://www.facebook.com/325696530037","","0.9199122190475464","open","9","meta | Overture | Overture-signals","CDLA-Permissive-2.0","2026-04-27T00:00:00.000Z | 2026-06-11T11:57:15Z | 2026-05-12T00:29:08Z | 2026-05-18T13:23:54Z | 2026-05-25T13:08:59Z | 2026-06-01T13:20:32Z | 2026-06-08T13:20:12Z"
"LA","Louisiana","4e470324-06ec-40eb-8f84-7d7db7322467","Southern Pines Dental","-92.91539345","32.55788761","dentist","general_dentistry | doctor","1416 Hazel St","Arcadia","71001-4114","LA","US","+13187133431","contact@southernpines.dental","http://www.southernpinesdental.com/","https://www.facebook.com/1413539725587911","","0.9199122190475464","open","8","meta | Overture | Overture-signals","CDLA-Permissive-2.0","2026-04-27T00:00:00.000Z | 2026-06-11T11:57:15Z | 2026-05-12T00:29:08Z | 2026-05-18T13:23:54Z | 2026-05-25T13:08:59Z | 2026-06-01T13:20:32Z | 2026-06-08T13:20:12Z"
"LA","Louisiana","4ec5d97c-dac1-49b9-9b27-cd3ab557600d","Smile Doctors by DN Orthodontics","-89.7274369635524","30.289781753723","dentist","","2330 Gause Blvd E","Slidell","70461","LA","US","(985) 641-1115","","https://orthodontist.smiledoctors.com/LA/slidell/70461/2330-e-gause-blvd","https://www.facebook.com/245090012333138","","0.77","","5","Foursquare | Overture","Apache-2.0 | CDLA-Permissive-2.0","2020-11-13T00:00:00.000 | 2026-06-11T11:57:15Z"
"LA","Louisiana","4ef87727-b548-494a-8492-9482535bd251","Gordon A Bech","-89.72840663","30.28987879","dentist","general_dentistry","925 Cross Gates Blvd","Slidell","70461-3928","LA","US","+19856414180","","http://www.healthgrades.com/dentist/dr-gordon-bech-xjvc9","https://www.facebook.com/132354940164903","","0.9199122190475464","open","8","meta | Overture | Overture-signals","CDLA-Permissive-2.0","2026-04-27T00:00:00.000Z | 2026-06-11T11:57:15Z | 2026-05-12T00:29:08Z | 2026-05-18T13:23:54Z | 2026-05-25T13:08:59Z | 2026-06-01T13:20:32Z | 2026-06-08T13:20:12Z"
"LA","Louisiana","4f52a3b0-acf9-4063-9891-b35a85eeae8f","Today's Dental Covington","-90.0918856883944","30.4832791055173","dentist","","842 Collins Blvd Ste F","Covington","70433","LA","US","(504) 912-9933","dcossich@yahoo.com","http://cossichfamilydentistry.com","https://www.twitter.com/todaysdentalcov | https://www.facebook.com/351173574990838","","0.9199122190475464","open","4","Foursquare | Overture | Overture-signals","Apache-2.0 | CDLA-Permissive-2.0","2023-03-03T00:00:00.000 | 2026-06-11T11:57:15Z | 2026-05-12T00:29:08Z | 2026-05-18T13:23:54Z | 2026-05-25T13:08:59Z | 2026-06-01T13:20:32Z | 2026-06-08T13:20:12Z"
"LA","Louisiana","4f59a35b-f560-481c-a7c4-0d2c74cdfa57","Dr. James Keller Jr. DDS","-91.098652","30.404232","dentist","family_practice | fashion_accessories_store","8254 One Calais Ave","Baton Rouge","70809-3450","LA","US","+12257693352","","","https://www.facebook.com/174392765952920","","0.7139009833335876","","2","meta | Overture","CDLA-Permissive-2.0","2026-04-27T00:00:00.000Z | 2026-06-11T11:57:15Z"
"LA","Louisiana","4f5cbde4-4be5-4315-93e6-54dc4ded5c52","Absolute Quality Care Family Dentistry","-90.96399964","30.32080622","dentist","general_dentistry | doctor","38384 Highway 42","Prairieville","70769-4011","LA","US","+12256739535","aqcare@prairievilledentist.com","http://www.prairievilledentist.com/","https://www.facebook.com/315852208077","","0.9199122190475464","open","8","meta | Overture | Overture-signals","CDLA-Permissive-2.0","2026-04-27T00:00:00.000Z | 2026-06-11T11:57:15Z | 2026-05-12T00:29:08Z | 2026-05-18T13:23:54Z | 2026-05-25T13:08:59Z | 2026-06-01T13:20:32Z | 2026-06-08T13:20:12Z"
"LA","Louisiana","4fc59de4-e4c6-42d8-98a0-852b093d5956","X-A-Dent","-90.12841826","30.00093851","dentist","general_dentistry","725 Aris Ave","Metairie","70005-2929","LA","US","+15048337634","info@x-a-dent.com","http://www.x-a-dent.com/","https://www.facebook.com/221560585343","X-A-Dent","0.9902192950248718","open","8","meta | Overture | Overture-signals","CDLA-Permissive-2.0","2026-04-27T00:00:00.000Z | 2026-06-11T11:57:15Z | 2026-05-12T00:29:08Z | 2026-05-18T13:23:54Z | 2026-05-25T13:08:59Z | 2026-06-01T13:20:32Z | 2026-06-08T13:20:12Z"
"LA","Louisiana","50295a36-4bb2-4ec5-8da2-bab24da6d587","William Tyler Heath","-91.757799","32.471988","dentist","","1107 Louisa St","Rayville","71269","LA","US","(318) 728-9585","","http://drtylerheath.com","https://www.facebook.com/104544329611626","","0.9199122190475464","open","4","Foursquare | Overture | Overture-signals","Apache-2.0 | CDLA-Permissive-2.0","2025-08-22T00:00:00.000 | 2026-06-11T11:57:15Z | 2026-05-12T00:29:08Z | 2026-05-18T13:23:54Z | 2026-05-25T13:08:59Z | 2026-06-01T13:20:32Z | 2026-06-08T13:20:12Z"
"LA","Louisiana","50bd8a5a-876c-4652-9bac-7c6742f3faa4","Concord Family Dental","-91.0404845","30.55305909","dentist","general_dentistry | cosmetic_dentist","13323 Hooper Rd","Central","70818-3526","LA","US","+12252618050","cfdcentral@concorddentaldds.com","http://www.centralsmileteam.com/","https://www.facebook.com/150189798383334","","0.9199122190475464","open","9","meta | Overture | Overture-signals","CDLA-Permissive-2.0","2026-04-27T00:00:00.000Z | 2026-06-11T11:57:15Z | 2026-05-12T00:29:08Z | 2026-05-18T13:23:54Z | 2026-05-25T13:08:59Z | 2026-06-01T13:20:32Z | 2026-06-08T13:20:12Z"
"LA","Louisiana","51284bde-1eba-435e-b675-2e3ae82c58b8","Fontenot Tim S DDS","-92.41762937","30.49546402","dentist","general_dentistry | doctor","149 N 3rd St","Eunice","70535-3307","LA","US","+13374571342","","http://fontenotdds.com/","https://www.facebook.com/516467758831652","Tim Fontenot DDS","0.9199122190475464","open","8","meta | Overture | Overture-signals","CDLA-Permissive-2.0","2026-04-27T00:00:00.000Z | 2026-06-11T11:57:15Z | 2026-05-12T00:29:08Z | 2026-05-18T13:23:54Z | 2026-05-25T13:08:59Z | 2026-06-01T13:20:32Z | 2026-06-08T13:20:12Z"
"LA","Louisiana","51ac704c-4b51-4a38-9acc-d9a5e5c04546","Dr. Nathan Brown","-89.7763295053678","30.2862487611787","dentist","","1271 7th St","Slidell","70458","LA","US","(985) 643-1010","","https://www.northlakeofs.com","","","0.9199122190475464","open","5","Foursquare | Overture | Overture-signals","Apache-2.0 | CDLA-Permissive-2.0","2025-11-02T00:00:00.000 | 2026-06-11T11:57:15Z | 2026-05-12T00:29:08Z | 2026-05-18T13:23:54Z | 2026-05-25T13:08:59Z | 2026-06-01T13:20:32Z | 2026-06-08T13:20:12Z"
"LA","Louisiana","51ca403b-91f6-481d-ab79-b7e5798bdb3e","Sherman II Eddy w DDS","-93.13785601","32.95911463","dentist","general_dentistry | medical_service_organizations","9915 Highway 79","Haynesville","71038-4913","LA","US","+13186241880","","","https://www.facebook.com/157226780983598","","0.9199122190475464","open","7","meta | Overture | Overture-signals","CDLA-Permissive-2.0","2026-04-27T00:00:00.000Z | 2026-06-11T11:57:15Z | 2026-05-12T00:29:08Z | 2026-05-18T13:23:54Z | 2026-05-25T13:08:59Z | 2026-06-01T13:20:32Z | 2026-06-08T13:20:12Z"
"LA","Louisiana","51f809d6-3500-406e-8be7-cb47c35c5ab6","River Ridge Dental Care","-90.216489","29.955211","dentist","health_and_medical | river","9523 Jefferson Hwy","New Orleans","70123-2523","LA","US","+15047387246","","","https://www.facebook.com/337618236351987","","0.9877496361732483","","9","meta | Overture","CDLA-Permissive-2.0","2026-04-27T00:00:00.000Z | 2026-06-11T11:57:15Z"
"LA","Louisiana","528e2ae9-c1e6-4c7d-8eac-425371199248","Charles Brent Wilson","-91.38617","30.80187","dentist","","7689 US Highway 61","Saint Francisville","70775","LA","US","(225) 635-6554","","http://stfrancisvillefamilydentistry.com","","","0.9199122190475464","open","4","Foursquare | Overture | Overture-signals","Apache-2.0 | CDLA-Permissive-2.0","2025-08-22T00:00:00.000 | 2026-06-11T11:57:15Z | 2026-05-12T00:29:08Z | 2026-05-18T13:23:54Z | 2026-05-25T13:08:59Z | 2026-06-01T13:20:32Z | 2026-06-08T13:20:12Z"
"LA","Louisiana","52bdccff-930b-4472-b2b9-d7f33d93a9cd","Huffstutter G Robert DDS","-92.16784448","32.51741482","dentist","medical_service_organizations | doctor","3716 Cypress St","West Monroe","71291-7435","LA","US","+13183968660","","https://huffstutter-g-robert-dds.hub.biz/","https://www.facebook.com/534065386671254","","0.9199122190475464","open","6","meta | Overture | Overture-signals","CDLA-Permissive-2.0","2026-04-27T00:00:00.000Z | 2026-06-11T11:57:15Z | 2026-05-12T00:29:08Z | 2026-05-18T13:23:54Z | 2026-05-25T13:08:59Z | 2026-06-01T13:20:32Z | 2026-06-08T13:20:12Z"
"LA","Louisiana","5359d46a-3d5a-4ede-87d6-f6adc42946bf","Acadiana Gentle Dental Care","-92.06357332","30.41144498","dentist","health_and_medical | cosmetic_dentist","911 Napoleon Ave","Sunset","70584-6100","LA","US","+13376623516","csorrel9@aol.com","http://national.citysearch.com/profile/4491831/sunset_la/aca","https://www.facebook.com/1905246049538441","","0.9199122190475464","open","6","meta | Overture | Overture-signals","CDLA-Permissive-2.0","2026-04-27T00:00:00.000Z | 2026-06-11T11:57:15Z | 2026-05-12T00:29:08Z | 2026-05-18T13:23:54Z | 2026-05-25T13:08:59Z | 2026-06-01T13:20:32Z | 2026-06-08T13:20:12Z"
"LA","Louisiana","535ebd86-9d6b-4260-a696-c2bc845e4140","Dr. Romell J. Madison and Associates","-90.03363498","30.0066679","dentist","general_dentistry | doctor","4819 Chef Menteur Hwy","New Orleans","70126-5013","LA","US","+15042835516","","http://www.rjmadisondds.com/cosmetic-dentistry","https://www.facebook.com/146147852188398","","0.9199122190475464","open","7","meta | Overture | Overture-signals","CDLA-Permissive-2.0","2026-04-27T00:00:00.000Z | 2026-06-11T11:57:15Z | 2026-05-12T00:29:08Z | 2026-05-18T13:23:54Z | 2026-05-25T13:08:59Z | 2026-06-01T13:20:32Z | 2026-06-08T13:20:12Z"
"LA","Louisiana","5383ca0b-4fe1-4516-9860-2d10817106ca","Carl T Turpin Jr","-91.88865511","32.7778821","dentist","doctor | health_and_medical","2018 E Madison Ave","Bastrop","71220-4035","LA","US","+13182818926","","","https://www.facebook.com/154750217895025","","0.9199122190475464","open","7","meta | Overture | Overture-signals","CDLA-Permissive-2.0","2026-04-27T00:00:00.000Z | 2026-06-11T11:57:15Z | 2026-05-12T00:29:08Z | 2026-05-18T13:23:54Z | 2026-05-25T13:08:59Z | 2026-06-01T13:20:32Z | 2026-06-08T13:20:12Z"
"LA","Louisiana","53bff438-56d4-45bf-a7b5-3c02b1f9d067","R Michael Lee Family Dentistry","-91.06411471","30.41464902","dentist","general_dentistry | health_and_medical","4126 We Heck Ct","Baton Rouge","70816-0410","LA","US","+12252930202","leeddsoffice@bellsouth.net","http://www.rmleefamilydentistry.com/","https://www.facebook.com/196656413717722","","0.8965152502059937","","9","meta | Overture","CDLA-Permissive-2.0","2026-04-27T00:00:00.000Z | 2026-06-11T11:57:15Z"
"LA","Louisiana","53cf61cd-9216-496a-8d0f-dabba2c6ca81","Governale Nick G DDS","-93.079441214678","31.749968189126","dentist","","125 E 5th St","Natchitoches","71457","LA","US","(318) 352-3830","","https://governale-nick-g-dds.hub.biz","https://www.facebook.com/148663008510042","","0.9199122190475464","open","4","Foursquare | Overture | Overture-signals","Apache-2.0 | CDLA-Permissive-2.0","2025-08-19T00:00:00.000 | 2026-06-11T11:57:15Z | 2026-05-12T00:29:08Z | 2026-05-18T13:23:54Z | 2026-05-25T13:08:59Z | 2026-06-01T13:20:32Z | 2026-06-08T13:20:12Z"
"LA","Louisiana","54a04968-3ff2-4d16-9fb2-1be3dcc7bbba","Morgan Family Dentistry","-92.06148413","30.13403353","dentist","general_dentistry | doctor","1206 E Broussard Rd","Lafayette","70508-7835","LA","US","+13375348888","morganfamilydentistry1@yahoo.com","http://www.yourlafayettedentist.com/","https://www.facebook.com/212623955453817","","0.9199122190475464","open","8","meta | Overture | Overture-signals","CDLA-Permissive-2.0","2026-04-27T00:00:00.000Z | 2026-06-11T11:57:15Z | 2026-05-12T00:29:08Z | 2026-05-18T13:23:54Z | 2026-05-25T13:08:59Z | 2026-06-01T13:20:32Z | 2026-06-08T13:20:12Z"
"LA","Louisiana","54d2839b-f67c-4529-9bda-4f3bde1f4c41","Turner Scott DDS","-90.50828168","30.93728616","dentist","general_dentistry","307 Avenue H","Kentwood","70444-2729","LA","US","+19852298080","","http://www.scottturnerdds.com/","https://www.facebook.com/155045987868059","Turner Scott DDS","0.9199122190475464","open","8","meta | Overture | Overture-signals","CDLA-Permissive-2.0","2026-04-27T00:00:00.000Z | 2026-06-11T11:57:15Z | 2026-05-12T00:29:08Z | 2026-05-18T13:23:54Z | 2026-05-25T13:08:59Z | 2026-06-01T13:20:32Z | 2026-06-08T13:20:12Z"
"LA","Louisiana","55c745dd-5806-4be3-8fd7-b261aafd9d5f","Affordable Dentures & Implants","-93.172503","30.193883","dentist","oral_surgeon","3437 Derek Dr","Lake Charles","70607-7533","LA","US","+13374090159","","http://affordabledentures.com/office/lake-charles","https://www.facebook.com/214568228653468","Affordable Dentures & Implants","0.5306033492088318","","8","meta | Overture","CDLA-Permissive-2.0","2026-04-27T00:00:00.000Z | 2026-06-11T11:57:15Z"
"LA","Louisiana","55e5624d-2924-4d00-bf10-16e04729536e","Dr. Waleed Zaid","-91.10842858","30.40414734","dentist","","7777 Hennessy Blvd","Baton Rouge","70808-0301","LA","US","+12252831356","","","https://www.facebook.com/102444108741151","","0.9199122190475464","open","9","meta | Overture | Overture-signals","CDLA-Permissive-2.0","2026-04-27T00:00:00.000Z | 2026-06-11T11:57:15Z | 2026-05-12T00:29:08Z | 2026-05-18T13:23:54Z | 2026-05-25T13:08:59Z | 2026-06-01T13:20:32Z | 2026-06-08T13:20:12Z"
"LA","Louisiana","55ef2a76-dea4-4484-b4be-79d125be4e2e","Orthodontist Baton Rouge","-91.07764","30.41014","dentist","orthodontist | health_and_medical","9618 Jefferson Hwy","Baton Rouge","70809-9636","LA","US","+12254420624","","http://orthodontistbatonrouge.net/","https://www.facebook.com/224834074738724","","0.8048378825187683","","9","meta | Overture","CDLA-Permissive-2.0","2026-04-27T00:00:00.000Z | 2026-06-11T11:57:15Z"
"LA","Louisiana","564a249a-0e96-496b-a155-57325a9b3026","NELA Dental","-92.37820529","32.76670079","dentist","endodontist | orthodontist","7699 Highway 2","Farmerville","71241-6165","LA","US","+13183689518","","http://www.neladental.com","https://www.facebook.com/345959739497782","NELA Dental","0.9199122190475464","open","9","meta | Overture | Overture-signals","CDLA-Permissive-2.0","2026-04-27T00:00:00.000Z | 2026-06-11T11:57:15Z | 2026-05-12T00:29:08Z | 2026-05-18T13:23:54Z | 2026-05-25T13:08:59Z | 2026-06-01T13:20:32Z | 2026-06-08T13:20:12Z"
"LA","Louisiana","5652eeea-300a-481e-a505-94a440da0eb0","Meng Kimberly A DDS","-90.47068623","30.50177892","dentist","general_dentistry","907 W Thomas St","Hammond","70401-3037","LA","US","+19852300200","","","https://www.facebook.com/122129287871602","","0.9199122190475464","open","7","meta | Overture | Overture-signals","CDLA-Permissive-2.0","2026-04-27T00:00:00.000Z | 2026-06-11T11:57:15Z | 2026-05-12T00:29:08Z | 2026-05-18T13:23:54Z | 2026-05-25T13:08:59Z | 2026-06-01T13:20:32Z | 2026-06-08T13:20:12Z"
"LA","Louisiana","568c3bbf-e744-4e18-b86c-9d9fcbe8f273","Kevin C. Astugue, DDS","-90.11325757","30.02000547","dentist","cosmetic_dentist | general_dentistry","100 Allen Toussaint Blvd","New Orleans","70124-2535","LA","US","+15042863880","drastugue@gmail.com","http://astuguedds.com/","https://www.facebook.com/1405373736151932","","0.9199122190475464","open","7","meta | Overture | Overture-signals","CDLA-Permissive-2.0","2026-04-27T00:00:00.000Z | 2026-06-11T11:57:15Z | 2026-05-12T00:29:08Z | 2026-05-18T13:23:54Z | 2026-05-25T13:08:59Z | 2026-06-01T13:20:32Z | 2026-06-08T13:20:12Z"
"LA","Louisiana","56a3f85c-15c1-415e-9f6a-b0dd2ed8bde1","Hummel Glenn E Ms DDS","-92.183636","32.516618","dentist","orthodontist | health_and_medical","4900 Cypress St","West Monroe","71291-7670","LA","US","+13183970073","","http://www.healthgrades.com/dentist/dr-glenn-hummel-yp89l","https://www.facebook.com/106078479534232","","0.9147129058837891","","9","meta | Overture","CDLA-Permissive-2.0","2026-04-27T00:00:00.000Z | 2026-06-11T11:57:15Z"
"LA","Louisiana","56b3e20e-4861-444c-bb46-d3eeb8e84d98","Fransiscus Xaverius","-90.92361483","30.24792198","dentist","general_dentistry | doctor","1835 N Magnolia Ave","Gonzales","70737-2123","LA","US","+12252106571","","http://www.gonzalesladentist.com/","https://www.facebook.com/146860562396967","","0.9735932350158691","","2","meta | Overture","CDLA-Permissive-2.0","2026-04-27T00:00:00.000Z | 2026-06-11T11:57:15Z"
"LA","Louisiana","56e33b4b-4dc4-4b55-90e8-1fea35e8934d","Dr. Andrew G. Murphy","-93.70919755","32.0358521","dentist","general_dentistry","126 Jefferson St","Mansfield","71052-2600","LA","US","+13188721557","","www.vitals.com/dentists/Dr_Andrew_G_Murphy","https://www.facebook.com/178541608844935","","0.9876086711883545","","1","meta | Overture","CDLA-Permissive-2.0","2026-04-27T00:00:00.000Z | 2026-06-11T11:57:15Z"
"LA","Louisiana","5736d3ce-42cd-4a12-b44e-255361aec936","David W Barnett DDS MD","-91.112616","30.434338","dentist","family_practice | doctor","7341 Jefferson Hwy","Baton Rouge","70806-8203","LA","US","+12259265301","","http://www.drdavidbarnett.com/","https://www.facebook.com/120214771417869","","0.9565805792808533","","8","meta | Overture","CDLA-Permissive-2.0","2026-04-27T00:00:00.000Z | 2026-06-11T11:57:15Z"
"LA","Louisiana","5776001e-3ece-4a6e-bd84-dfe0ee526175","Lake Charles Oral & Facial Surgery LLC","-93.192776","30.203051","dentist","oral_surgeon | hospital","2010 Oak Park Blvd","Lake Charles","70601-7828","LA","US","+13374780468","","http://www.lcofs.com/","https://www.facebook.com/134176166631678","LCOFs","0.7237240076065063","","9","meta | Overture","CDLA-Permissive-2.0","2026-04-27T00:00:00.000Z | 2026-06-11T11:57:15Z"
"LA","Louisiana","578fd9ba-751c-4ba0-a571-613aba07acac","Exceptional Dental of Louisiana","-90.0995343433224","29.8959685352714","dentist","","828 Avenue G","Marrero","70072","LA","US","(504) 341-5200","","http://exceptionaldentalofla.com/locations/marrero-2/","https://www.facebook.com/648980111925399","","0.9199122190475464","open","4","Foursquare | Overture | Overture-signals","Apache-2.0 | CDLA-Permissive-2.0","2025-08-22T00:00:00.000 | 2026-06-11T11:57:15Z | 2026-05-12T00:29:08Z | 2026-05-18T13:23:54Z | 2026-05-25T13:08:59Z | 2026-06-01T13:20:32Z | 2026-06-08T13:20:12Z"
"LA","Louisiana","57998e21-227a-42e0-bfd1-c9083366df91","Dr. Phillip Anthony Petitto D.D.S.","-90.48913276","30.50255158","dentist","general_dentistry | health_and_medical","206 Market St","Hammond","70401-2818","LA","US","+19853459139","","http://bvpolitodds.com/","https://www.facebook.com/229146004117949","","0.9199122190475464","open","8","meta | Overture | Overture-signals","CDLA-Permissive-2.0","2026-04-27T00:00:00.000Z | 2026-06-11T11:57:15Z | 2026-05-12T00:29:08Z | 2026-05-18T13:23:54Z | 2026-05-25T13:08:59Z | 2026-06-01T13:20:32Z | 2026-06-08T13:20:12Z"
"LA","Louisiana","57ab68d2-f9eb-4350-98d5-485593241d81","Talley Family & Cosmetic Dentistry","-93.7902750608006","32.5717639602673","dentist","","3600 N Market St","Shreveport","71107","LA","US","(318) 424-6405","","http://northhighlanddental.com","","","0.9199122190475464","open","7","Foursquare | Overture | Overture-signals","Apache-2.0 | CDLA-Permissive-2.0","2025-08-19T00:00:00.000 | 2026-06-11T11:57:15Z | 2026-05-12T00:29:08Z | 2026-05-18T13:23:54Z | 2026-05-25T13:08:59Z | 2026-06-01T13:20:32Z | 2026-06-08T13:20:12Z"
"LA","Louisiana","57f22378-75e0-44a8-81f7-c6054ca115db","Foster Orthodontics","-90.9548854291382","30.470288255446","dentist","","149 Del Orleans Ave # A","Denham Springs","70726","LA","US","(225) 665-7880","","http://www.fosterorthola.com","","","0.77","","5","Foursquare | Overture","Apache-2.0 | CDLA-Permissive-2.0","2025-08-22T00:00:00.000 | 2026-06-11T11:57:15Z"
"LA","Louisiana","58037aec-f4b9-45d7-8144-f28e5e9b42bc","Mitou A. LeMaire, DDS","-89.85717476","30.78715719","dentist","general_dentistry | medical_service_organizations","421 Georgia Ave","Bogalusa","70427-3825","LA","US","+19857325321","mitou1884@bellsouth.net","https://lemaire-mitou-a-dr.hub.biz/","https://www.facebook.com/161235144423642","","0.9199122190475464","open","7","meta | Overture | Overture-signals","CDLA-Permissive-2.0","2026-04-27T00:00:00.000Z | 2026-06-11T11:57:15Z | 2026-05-12T00:29:08Z | 2026-05-18T13:23:54Z | 2026-05-25T13:08:59Z | 2026-06-01T13:20:32Z | 2026-06-08T13:20:12Z"
"LA","Louisiana","585659e7-3045-42f5-960a-98bcdc08629e","Aspen Dental - LaPlace, LA","-90.494798","30.07203","dentist","health_and_medical","1421 W Airline Hwy","La Place","70068","LA","US","9852123223","","https://www.aspendental.com/dentist/la/la-place/1421-w-airline-hwy","","","0.9199122190475464","open","6","Microsoft | Overture | Overture-signals","CDLA-Permissive-2.0","2025-10-05T06:45:02.607Z | 2026-06-11T11:57:15Z | 2026-05-12T00:29:08Z | 2026-05-18T13:23:54Z | 2026-05-25T13:08:59Z | 2026-06-01T13:20:32Z | 2026-06-08T13:20:12Z"
"LA","Louisiana","586c2a7f-8711-44df-8888-c50ea471c8d4","Selser Dental Lab","-90.01946952","29.8914105","dentist","medical_service_organizations","864 Behrman Hwy","Gretna","70056-4546","LA","US","+15043921511","info@selserdental.com","http://www.selserdental.com/","https://www.facebook.com/126604754703258","","0.9199122190475464","open","6","meta | Overture | Overture-signals","CDLA-Permissive-2.0","2026-04-27T00:00:00.000Z | 2026-06-11T11:57:15Z | 2026-05-12T00:29:08Z | 2026-05-18T13:23:54Z | 2026-05-25T13:08:59Z | 2026-06-01T13:20:32Z | 2026-06-08T13:20:12Z"
"LA","Louisiana","58834ed2-2543-4c77-8413-b6138251fecc","Mc Kenna Thomas G DDS","-91.9895172","29.94849987","dentist","general_dentistry","202 W Main St","Delcambre","70528","LA","US","+13376854643","","","https://www.facebook.com/156894704353769","","0.9199122190475464","open","7","meta | Overture | Overture-signals","CDLA-Permissive-2.0","2026-04-27T00:00:00.000Z | 2026-06-11T11:57:15Z | 2026-05-12T00:29:08Z | 2026-05-18T13:23:54Z | 2026-05-25T13:08:59Z | 2026-06-01T13:20:32Z | 2026-06-08T13:20:12Z"
"LA","Louisiana","5927a016-6344-4263-a0ef-987e2cd8365a","Odyssey Dental Lab","-90.0267948064133","29.8820206340019","dentist","","250 Meadowcrest Street, Gretna","Gretna","70056","LA","US","+15045541214","shanie.cog@gmail.com","http://www.odysseydentallab.com/","https://www.facebook.com/999969786776507","","0.9584420919418335","","8","meta | Overture","CDLA-Permissive-2.0","2026-04-27T00:00:00.000Z | 2026-06-11T11:57:15Z"
"LA","Louisiana","5927b1b7-f620-4e77-8908-e32a00ace12b","Calcasieu Dental Care","-93.2488066010671","30.1766303960887","dentist","","4459 Nelson Rd Ste 120","Lake Charles","70605","LA","US","(337) 479-2273","","http://calcasieudentalcare.com","https://www.facebook.com/221507958196721","","0.9199122190475464","open","4","Foursquare | Overture | Overture-signals","Apache-2.0 | CDLA-Permissive-2.0","2025-08-19T00:00:00.000 | 2026-06-11T11:57:15Z | 2026-05-12T00:29:08Z | 2026-05-18T13:23:54Z | 2026-05-25T13:08:59Z | 2026-06-01T13:20:32Z | 2026-06-08T13:20:12Z"
"LA","Louisiana","593923ec-e795-47fe-af22-dde7b53911d4","Balhoff & Guidry","-92.41661392","30.49848265","dentist","health_and_medical | physical_therapy","205 W Magnolia Ave","Eunice","70535-3361","LA","US","+13374578596","","http://www.guidryorthodontics.com","https://www.facebook.com/158813737483995","","0.9199122190475464","open","7","meta | Overture | Overture-signals","CDLA-Permissive-2.0","2026-04-27T00:00:00.000Z | 2026-06-11T11:57:15Z | 2026-05-12T00:29:08Z | 2026-05-18T13:23:54Z | 2026-05-25T13:08:59Z | 2026-06-01T13:20:32Z | 2026-06-08T13:20:12Z"
"LA","Louisiana","5950db36-295f-4d29-b609-7eef348bc3ab","Shannon Family Dentistry","-91.03100451","30.40789551","dentist","general_dentistry","13354 Coursey Blvd","Baton Rouge","70816-4970","LA","US","+12257528348","shannon.kelli@rocketmail.com","https://shannonsmile.com/","https://www.facebook.com/106943792662454","","0.9199122190475464","open","2","meta | Overture | Overture-signals","CDLA-Permissive-2.0","2026-04-27T00:00:00.000Z | 2026-06-11T11:57:15Z | 2026-05-25T13:08:59Z | 2026-06-01T13:20:32Z | 2026-06-08T13:20:12Z"
"LA","Louisiana","595dbc19-96e1-4269-8902-3cc8e8e3d4c3","Tucker Michael R DDS","-91.71654989","32.16457951","dentist","general_dentistry | medical_service_organizations","502 Prairie St","Winnsboro","71295-2707","LA","US","+13184356155","","","https://www.facebook.com/583905778662205","","0.9199122190475464","open","7","meta | Overture | Overture-signals","CDLA-Permissive-2.0","2026-04-27T00:00:00.000Z | 2026-06-11T11:57:15Z | 2026-05-12T00:29:08Z | 2026-05-18T13:23:54Z | 2026-05-25T13:08:59Z | 2026-06-01T13:20:32Z | 2026-06-08T13:20:12Z"
"LA","Louisiana","59813f29-5b63-43a0-a7a2-73ba3274d659","Dr. Michael B. Smith","-90.02681805","29.8818402","dentist","general_dentistry | doctor","250 Ochsner Blvd","Gretna","70056-5257","LA","US","+15043926057","michaelbsmithdds@gmail.com","http://ossla.net","https://www.facebook.com/352101801564504","","0.8280206322669983","","2","meta | Overture","CDLA-Permissive-2.0","2026-04-27T00:00:00.000Z | 2026-06-11T11:57:15Z"
"LA","Louisiana","59ba1679-62c2-4809-9bda-529ae406d8cd","Southern Endodontic Specialist","-90.8091934851955","29.7821111383914","dentist","medical_service_organizations | train_station","2000 Audubon Dr","Thibodaux","70301-5075","LA","US","+19854480445","","http://www.houmaendo.com/","https://www.facebook.com/123084614414726","Southern Endodontic Specialists","0.7622002363204956","","10","meta | Overture","CDLA-Permissive-2.0","2026-04-27T00:00:00.000Z | 2026-06-11T11:57:15Z"
"LA","Louisiana","59c19bc0-9450-4c03-85b5-fe248b4d716a","Coursey Family Dental","-91.02569992","30.40846373","dentist","general_dentistry","13707 Coursey Blvd","Baton Rouge","70817-1306","LA","US","+12253066435","bbdccoursey@mydentalmail.com","https://courseyfamilydental.com/","https://www.facebook.com/660412034159571","Dental Health Society online","0.9199122190475464","open","8","meta | Overture | Overture-signals","CDLA-Permissive-2.0","2026-04-27T00:00:00.000Z | 2026-06-11T11:57:15Z | 2026-05-12T00:29:08Z | 2026-05-18T13:23:54Z | 2026-05-25T13:08:59Z | 2026-06-01T13:20:32Z | 2026-06-08T13:20:12Z"
"LA","Louisiana","59d0cb62-ecde-4f25-a6d6-6076b6ea4c58","Kevin Harris Orthodontist","-91.081808709321","30.4030143960075","dentist","","5015 Bluebonnet Blvd, Baton Rouge, LA 70809","Baton Rouge","70809","LA","US","(225) 291-2951","","http://www.orthonews.com","","","0.9199122190475464","open","4","Foursquare | Overture | Overture-signals","Apache-2.0 | CDLA-Permissive-2.0","2025-08-22T00:00:00.000 | 2026-06-11T11:57:15Z | 2026-05-12T00:29:08Z | 2026-05-18T13:23:54Z | 2026-05-25T13:08:59Z | 2026-06-01T13:20:32Z | 2026-06-08T13:20:12Z"
"LA","Louisiana","59d83d90-cfd2-4d41-a2b8-4c70c4df010d","Dr. Leggio's Dental Office","-90.1084515837707","29.9201499402256","dentist","","4914 Magazine St","New Orleans","70115","LA","US","(504) 899-1556","leggiodentalgroup@gmail.com","http://www.leggiodentalgroup.com","https://www.facebook.com/122431387815125","","0.9199122190475464","open","4","Foursquare | Overture | Overture-signals","Apache-2.0 | CDLA-Permissive-2.0","2021-12-09T00:00:00.000 | 2026-06-11T11:57:15Z | 2026-05-12T00:29:08Z | 2026-05-18T13:23:54Z | 2026-05-25T13:08:59Z | 2026-06-01T13:20:32Z | 2026-06-08T13:20:12Z"
"LA","Louisiana","59eb8e15-b391-4e7f-88fa-12f46b8d32a3","Bayou Braces","-92.02911","30.20181","dentist","orthodontist | health_and_medical","913 S College Rd","Lafayette","70503-3060","LA","US","+18883671271","bayoubraces603@gmail.com","http://www.bayoubraces.com/","https://www.facebook.com/1399171750159785","Bayou Braces & Dentistry","0.9602553248405457","","9","meta | Overture","CDLA-Permissive-2.0","2026-04-27T00:00:00.000Z | 2026-06-11T11:57:15Z"
"LA","Louisiana","5a34fa32-5afd-4a67-b7cc-c70154eaa26f","Burgin John B MD","-92.37624785","30.20121211","dentist","health_and_medical | lawyer","2 Bayou Oaks Dr","Crowley","70526-6700","LA","US","+13377833065","","","https://www.facebook.com/133248870060284","","0.6622623205184937","","8","meta | Overture","CDLA-Permissive-2.0","2026-04-27T00:00:00.000Z | 2026-06-11T11:57:15Z"
"LA","Louisiana","5a45644e-b361-4c34-b0b2-ed0cb350f141","Carl Drewitt Sylvester","-92.28572279","30.69761685","dentist","doctor | medical_service_organizations","604 McArthur St","Ville Platte","70586-2908","LA","US","+13373635582","","","https://www.facebook.com/121032801340917","","0.73178631067276","","7","meta | Overture","CDLA-Permissive-2.0","2026-04-27T00:00:00.000Z | 2026-06-11T11:57:15Z"
"LA","Louisiana","5a47be5a-8f5c-40a5-a889-26d3eee52a75","Magnolia Dental","-90.1291013","30.44505671","dentist","cosmetic_dentist | general_dentistry","6061 Pinnacle Pkwy","Covington","70433","LA","US","+19853276501","mymagnoliadental@gmail.com","http://www.mymagnoliadental.com/","https://www.facebook.com/1317300955077715","","0.9199122190475464","open","7","meta | Overture | Overture-signals","CDLA-Permissive-2.0","2026-04-27T00:00:00.000Z | 2026-06-11T11:57:15Z | 2026-05-12T00:29:08Z | 2026-05-18T13:23:54Z | 2026-05-25T13:08:59Z | 2026-06-01T13:20:32Z | 2026-06-08T13:20:12Z"
"LA","Louisiana","5a6b5150-2916-4449-8ab5-3c16295e2159","Magnolia Modern Dentistry","-90.19827293","30.01847339","dentist","general_dentistry | cosmetic_dentist","4428 Conlin St","Metairie","70006-2183","LA","US","+15048889408","frontdesk@magmoddentistry.com","https://www.magnoliamoderndentistrynola.com/","https://www.facebook.com/109231002218193","","0.9902192950248718","open","8","meta | Overture | Overture-signals","CDLA-Permissive-2.0","2026-04-27T00:00:00.000Z | 2026-06-11T11:57:15Z | 2026-05-12T00:29:08Z | 2026-05-18T13:23:54Z | 2026-05-25T13:08:59Z | 2026-06-01T13:20:32Z | 2026-06-08T13:20:12Z"
"LA","Louisiana","5a7d5b33-6b73-47a0-8f9b-4f1805a1b907","Deep South Family Dentistry","-90.4570728462775","30.4417565388429","dentist","","1160 Highway 51","Ponchatoula","70454","LA","US","(985) 386-9936","","http://deepsouthdental.com","","","0.9199122190475464","open","8","Foursquare | Overture | Overture-signals","Apache-2.0 | CDLA-Permissive-2.0","2025-08-19T00:00:00.000 | 2026-06-11T11:57:15Z | 2026-05-12T00:29:08Z | 2026-05-18T13:23:54Z | 2026-05-25T13:08:59Z | 2026-06-01T13:20:32Z | 2026-06-08T13:20:12Z"
"LA","Louisiana","5ad9c148-c670-41f4-b8db-4f1026010bf5","Motto Clear Aligners","-90.1371791","30.4520306","dentist","health_and_medical","70383 Highway 21 Ste 200","Covington","70433","LA","US","9855906287","","https://www.aspendental.com/dentist/la/covington/70383-highway-21-ste-200/motto-clear-aligners/","","","0.9199122190475464","open","6","Microsoft | Overture | Overture-signals","CDLA-Permissive-2.0","2025-10-05T07:47:31.450Z | 2026-06-11T11:57:15Z | 2026-05-12T00:29:08Z | 2026-05-18T13:23:54Z | 2026-05-25T13:08:59Z | 2026-06-01T13:20:32Z | 2026-06-08T13:20:12Z"
"LA","Louisiana","5b13b26e-5b5a-45b6-a891-749b69569b1f","Gaffney Robert J Dr Dntst","-90.138883","30.002246","dentist","health_and_medical | family_practice","1431 Veterans Blvd","Metairie","70005-2753","LA","US","+15048350340","","","https://www.facebook.com/155609191144137","","0.746964693069458","","8","meta | Overture","CDLA-Permissive-2.0","2026-04-27T00:00:00.000Z | 2026-06-11T11:57:15Z"
"LA","Louisiana","5b1eef6b-864a-4384-9545-f60a88ce271e","Davenport Monica A DDS","-93.80451949","32.54370799","dentist","general_dentistry | health_and_medical","1850 Dr Martin Luther King Dr","Shreveport","71107-5045","LA","US","+13182260244","","https://www.dentalinsurance.com/dir/dr-monica-davenport-dentist...","https://www.facebook.com/141117692610534","DentalInsurance.com","0.9199122190475464","open","8","meta | Overture | Overture-signals","CDLA-Permissive-2.0","2026-04-27T00:00:00.000Z | 2026-06-11T11:57:15Z | 2026-05-12T00:29:08Z | 2026-05-18T13:23:54Z | 2026-05-25T13:08:59Z | 2026-06-01T13:20:32Z | 2026-06-08T13:20:12Z"
"LA","Louisiana","5b3c7d46-b6ae-4859-a2a6-d726473041e7","Martin Family & Cosmetic Dentistry","-92.0269024727191","30.1697138779754","dentist","","104 Rue Bastille","Lafayette","70508","LA","US","(337) 988-4060","brandonmartindds@gmail.com","http://smilingbig.com","https://www.facebook.com/299523980876","","0.77","","5","Foursquare | Overture","Apache-2.0 | CDLA-Permissive-2.0","2025-05-23T00:00:00.000 | 2026-06-11T11:57:15Z"
"LA","Louisiana","5b4cdd26-85d2-4c31-a57e-9e7fc6cef225","Acadian Family Dentistry","-92.07484039","30.18461008","dentist","general_dentistry | health_and_medical","3233 Ambassador Caffery Pkwy","Lafayette","70506-7214","LA","US","+13379819923","acadiandentistry@bellsouth.net","http://www.acadianfamilydentistry.com/","https://www.facebook.com/136031869746169","Acadian Family Dentistry","0.9199122190475464","open","9","meta | Overture | Overture-signals","CDLA-Permissive-2.0","2026-04-27T00:00:00.000Z | 2026-06-11T11:57:15Z | 2026-05-12T00:29:08Z | 2026-05-18T13:23:54Z | 2026-05-25T13:08:59Z | 2026-06-01T13:20:32Z | 2026-06-08T13:20:12Z"
"LA","Louisiana","5b55ebfc-806f-49fd-a5bb-f07fdb59be9c","Governale General Dentistry - Shreveport","-93.73736063","32.42329298","dentist","general_dentistry | health_and_medical","8691 Line Ave","Shreveport","71106-6148","LA","US","+13186708830","","","https://www.facebook.com/117998664617364","","0.9199122190475464","open","8","meta | Overture | Overture-signals","CDLA-Permissive-2.0","2026-04-27T00:00:00.000Z | 2026-06-11T11:57:15Z | 2026-05-12T00:29:08Z | 2026-05-18T13:23:54Z | 2026-05-25T13:08:59Z | 2026-06-01T13:20:32Z | 2026-06-08T13:20:12Z"
"LA","Louisiana","5b5c1fbe-36c8-4525-8b24-132ad61b40d9","Dr. Brandner's Office","-89.7269005906516","30.2901180503688","dentist","","2364 Gause Blvd E","Slidell","70461","LA","US","(985) 259-8527","","http://faceboaok.com/katlebrandngrlme","","","0.9199122190475464","open","4","Foursquare | Overture | Overture-signals","Apache-2.0 | CDLA-Permissive-2.0","2025-06-23T00:00:00.000 | 2026-06-11T11:57:15Z | 2026-05-12T00:29:08Z | 2026-05-18T13:23:54Z | 2026-05-25T13:08:59Z | 2026-06-01T13:20:32Z | 2026-06-08T13:20:12Z"
"LA","Louisiana","5b72bc47-6c4a-4bf4-a7fe-d4db06b780bf","South Rivage Dental","-90.1306901298558","30.0011316746208","dentist","","730 Veterans Memorial Blvd Ste B","Metairie","70005","LA","US","(504) 708-5095","","http://www.southrivagedental.com","https://www.twitter.com/southrivagedds | https://www.facebook.com/841531595862975","","0.9199122190475464","open","4","Foursquare | Overture | Overture-signals","Apache-2.0 | CDLA-Permissive-2.0","2025-10-31T00:00:00.000 | 2026-06-11T11:57:15Z | 2026-05-12T00:29:08Z | 2026-05-18T13:23:54Z | 2026-05-25T13:08:59Z | 2026-06-01T13:20:32Z | 2026-06-08T13:20:12Z"
"LA","Louisiana","5bca00c2-cc95-4f31-8a29-83b27a583ae8","Exceptional Dental of Metairie","-90.18103339","29.9854687","dentist","general_dentistry","1128 Clearview Pkwy","Metairie","70001-3418","LA","US","+15047331135","metairie@exceptionaldentalofla.com","https://exceptionaldentalofla.com/location/metairie/?utm_source=gmb&utm_medium=organic","https://www.facebook.com/341514819753280","Exceptional Dental of Louisiana","0.9902192950248718","open","9","meta | Overture | Overture-signals","CDLA-Permissive-2.0","2026-04-27T00:00:00.000Z | 2026-06-11T11:57:15Z | 2026-05-12T00:29:08Z | 2026-05-18T13:23:54Z | 2026-05-25T13:08:59Z | 2026-06-01T13:20:32Z | 2026-06-08T13:20:12Z"
"LA","Louisiana","5c288b60-ae0b-4e1b-92a6-eda7b72e8881","Family Dentistry","-92.0057206496346","30.2551003728327","dentist","","2521 Moss St","Lafayette","70501","LA","US","(337) 237-2691","toupsdds@cox.net","http://toupsdds.com","https://www.twitter.com/toupsdds | https://www.facebook.com/156023821113420","","0.9199122190475464","open","4","Foursquare | Overture | Overture-signals","Apache-2.0 | CDLA-Permissive-2.0","2025-08-22T00:00:00.000 | 2026-06-11T11:57:15Z | 2026-05-12T00:29:08Z | 2026-05-18T13:23:54Z | 2026-05-25T13:08:59Z | 2026-06-01T13:20:32Z | 2026-06-08T13:20:12Z"
"LA","Louisiana","5c39ca0e-7518-412d-b67f-dabcda065d6d","Coffin Kyle S DDS","-93.74648563","32.44934663","dentist","","6150 Line Ave","Shreveport","71106-2051","LA","US","+13188685726","","http://www.robertpalmerdds.com","https://www.facebook.com/227442940696791","","0.9199122190475464","open","6","meta | Overture | Overture-signals","CDLA-Permissive-2.0","2026-04-27T00:00:00.000Z | 2026-06-11T11:57:15Z | 2026-05-12T00:29:08Z | 2026-05-18T13:23:54Z | 2026-05-25T13:08:59Z | 2026-06-01T13:20:32Z | 2026-06-08T13:20:12Z"
"LA","Louisiana","5c874d87-2a44-461a-b6db-bc4cb803b4dd","Maenza Family Dentistry","-90.2554235","30.02048549","dentist","general_dentistry","909 W Esplanade Ave","Kenner","70065-2700","LA","US","+15044640202","","","https://www.facebook.com/1647699888865949","","0.9199122190475464","open","7","meta | Overture | Overture-signals","CDLA-Permissive-2.0","2026-04-27T00:00:00.000Z | 2026-06-11T11:57:15Z | 2026-05-12T00:29:08Z | 2026-05-18T13:23:54Z | 2026-05-25T13:08:59Z | 2026-06-01T13:20:32Z | 2026-06-08T13:20:12Z"
"LA","Louisiana","5cc95648-7c20-428f-bbdb-db8aa1435cb4","Bordes Daniel P DDS","-90.21683878","29.95553543","dentist","general_dentistry | doctor","9537 Jefferson Hwy","New Orleans","70123-2507","LA","US","+15047377324","","","https://www.facebook.com/162952823722866","","0.9199122190475464","open","8","meta | Overture | Overture-signals","CDLA-Permissive-2.0","2026-04-27T00:00:00.000Z | 2026-06-11T11:57:15Z | 2026-05-12T00:29:08Z | 2026-05-18T13:23:54Z | 2026-05-25T13:08:59Z | 2026-06-01T13:20:32Z | 2026-06-08T13:20:12Z"
"LA","Louisiana","5ce5de6b-0db9-4986-961f-a8d4ca4f319d","Roby J Kent DMD","-90.10287283","29.93698375","dentist","health_and_medical | medical_service_organizations","2633 Napoleon Ave","New Orleans","70115-6340","LA","US","+15048993497","info@drjkentroby.com","http://www.drjkentroby.com/","https://www.facebook.com/159561197397933","","0.9199122190475464","open","8","meta | Overture | Overture-signals","CDLA-Permissive-2.0","2026-04-27T00:00:00.000Z | 2026-06-11T11:57:15Z | 2026-05-12T00:29:08Z | 2026-05-18T13:23:54Z | 2026-05-25T13:08:59Z | 2026-06-01T13:20:32Z | 2026-06-08T13:20:12Z"
"LA","Louisiana","5d7ee709-03ff-426b-a519-60a9988b74f6","Jeff Scruggs","-93.707581089145","32.4440175105431","dentist","","","Shreveport","71105","LA","US","(318) 798-2008","scruggs.dentist@gmail.com","http://www.scruggsdentistry.com","https://www.facebook.com/723403984350591","","0.77","","5","Foursquare | Overture","Apache-2.0 | CDLA-Permissive-2.0","2020-09-17T00:00:00.000 | 2026-06-11T11:57:15Z"
"LA","Louisiana","5d9caa7e-9943-4987-b4fb-f826c4656f35","City of New Orleans Clinics Dental Services","-90.085559","29.938243","dentist","public_and_government_association | health_and_medical","2222 Simon Bolivar Ave","New Orleans","70113-1460","LA","US","+15046582581","","","https://www.facebook.com/135215666528390","","0.8282169103622437","","7","meta | Overture","CDLA-Permissive-2.0","2026-04-27T00:00:00.000Z | 2026-06-11T11:57:15Z"
"LA","Louisiana","5dffdaf0-81c7-4cb1-bf7c-f326bfef5932","Tolar Family Dentistry","-90.1033038102915","29.9353365095214","dentist","","2502 Napoleon Ave","New Orleans","70115","LA","US","(504) 891-1880","","http://tolarfamilydentistry.com","","","0.9902192950248718","open","4","Foursquare | Overture | Overture-signals","Apache-2.0 | CDLA-Permissive-2.0","2026-01-22T00:00:00.000 | 2026-06-11T11:57:15Z | 2026-05-12T00:29:08Z | 2026-05-18T13:23:54Z | 2026-05-25T13:08:59Z | 2026-06-01T13:20:32Z | 2026-06-08T13:20:12Z"
"LA","Louisiana","5e304ea4-56f1-4d88-ae77-ece694b013c9","Clement Family Dentistry","-90.8187296979182","29.7960165347764","dentist","","117 Saint Michael St","Thibodaux","70301","LA","US","(985) 447-4783","receptionist@clementdental.com","http://www.clementdental.com","https://www.facebook.com/168307186516978","","0.9199122190475464","open","4","Foursquare | Overture | Overture-signals","Apache-2.0 | CDLA-Permissive-2.0","2022-12-16T00:00:00.000 | 2026-06-11T11:57:15Z | 2026-05-12T00:29:08Z | 2026-05-18T13:23:54Z | 2026-05-25T13:08:59Z | 2026-06-01T13:20:32Z | 2026-06-08T13:20:12Z"
"LA","Louisiana","5e6397b4-fe49-4e7a-914b-2da0da4abba5","Flettrich Family Dentistry","-90.09604015","29.97909533","dentist","general_dentistry | doctor","729 N Carrollton Ave","New Orleans","70119-4708","LA","US","+15044830955","frontdesk@729dental.com","http://www.flettrichfamilydentistry.com/","https://www.facebook.com/2203524186571716","","0.9199122190475464","open","8","meta | Overture | Overture-signals","CDLA-Permissive-2.0","2026-04-27T00:00:00.000Z | 2026-06-11T11:57:15Z | 2026-05-12T00:29:08Z | 2026-05-18T13:23:54Z | 2026-05-25T13:08:59Z | 2026-06-01T13:20:32Z | 2026-06-08T13:20:12Z"
"LA","Louisiana","5ee36d52-5070-44a0-81bf-56dcf3741a31","Rentrop Jr Rodney J DDS","-93.32529425","30.23017833","dentist","general_dentistry | medical_service_organizations","210 N Cities Service Hwy","Sulphur","70663-5422","LA","US","+13376252025","","","https://www.facebook.com/116896931702918","","0.9199122190475464","open","7","meta | Overture | Overture-signals","CDLA-Permissive-2.0","2026-04-27T00:00:00.000Z | 2026-06-11T11:57:15Z | 2026-05-12T00:29:08Z | 2026-05-18T13:23:54Z | 2026-05-25T13:08:59Z | 2026-06-01T13:20:32Z | 2026-06-08T13:20:12Z"
"LA","Louisiana","5f00428c-6ae6-475e-80bd-a424b72cd4ff","Latiolais Steven R DDS","-93.19501994","30.31075228","dentist","general_dentistry","644 N Highway 171","Lake Charles","70611-5348","LA","US","+13378552742","","","https://www.facebook.com/146286152208083","","0.9199122190475464","open","7","meta | Overture | Overture-signals","CDLA-Permissive-2.0","2026-04-27T00:00:00.000Z | 2026-06-11T11:57:15Z | 2026-05-12T00:29:08Z | 2026-05-18T13:23:54Z | 2026-05-25T13:08:59Z | 2026-06-01T13:20:32Z | 2026-06-08T13:20:12Z"
"LA","Louisiana","5f0d1f47-cf9b-4843-aa7d-b63e561e1e10","Campo Dentistry","-90.12170224","29.9544063","dentist","general_dentistry | cosmetic_dentist","2215 S Carrollton Ave","New Orleans","70118-2952","LA","US","+15048660681","officedr.campo@gmail.com","http://www.neworleansdentistoffice.com/","https://www.facebook.com/119693921400844","","0.9774044752120972","","8","meta | Overture","CDLA-Permissive-2.0","2026-04-27T00:00:00.000Z | 2026-06-11T11:57:15Z"
"LA","Louisiana","6036f20e-4a7c-4fc3-91c8-5848ca303138","Bayou Dental Studio","-92.59898467","31.31081458","dentist","general_dentistry | cosmetic_dentist","719 N Bayou Rapides Rd","Alexandria","71303-7741","LA","US","+13187873556","doc@bayoudentalstudio.com","https://bayoudentalstudio.com/","https://www.facebook.com/439426710149298","","0.9199122190475464","open","8","meta | Overture | Overture-signals","CDLA-Permissive-2.0","2026-04-27T00:00:00.000Z | 2026-06-11T11:57:15Z | 2026-05-12T00:29:08Z | 2026-05-18T13:23:54Z | 2026-05-25T13:08:59Z | 2026-06-01T13:20:32Z | 2026-06-08T13:20:12Z"
"LA","Louisiana","606d3c81-4f2c-40a6-8487-773d8200beec","Odom Jr J H DDS","-91.2055391","30.45379223","dentist","general_dentistry | doctor","227 N Jefferson Ave","Port Allen","70767-2723","LA","US","+12253432251","","https://www.carecredit.com/.../Dr-J-Huntington-Odom-Jr","https://www.facebook.com/117194568341167","","0.9199122190475464","open","7","meta | Overture | Overture-signals","CDLA-Permissive-2.0","2026-04-27T00:00:00.000Z | 2026-06-11T11:57:15Z | 2026-05-12T00:29:08Z | 2026-05-18T13:23:54Z | 2026-05-25T13:08:59Z | 2026-06-01T13:20:32Z | 2026-06-08T13:20:12Z"
"LA","Louisiana","60c5e34a-0771-4335-94c9-255afa2aa1c8","Dentist Baton Rouge","-91.080107","30.408582","dentist","orthodontist","4450 Bluebonnet Blvd","Baton Rouge","70809-9648","LA","US","+12253411871","","https://www.youtube.com/watch?v=Ltv7O5a0-6Y","https://www.facebook.com/1950170871906274","","0.8847865462303162","","10","meta | Overture","CDLA-Permissive-2.0","2026-04-27T00:00:00.000Z | 2026-06-11T11:57:15Z"
"LA","Louisiana","60fc6288-54ba-46d8-b66d-99d673a92598","Shayne Guy Clouatre DDS LLC","-90.90526812","30.21120492","dentist","health_and_medical | family_practice","1504 E Brittany Hwy","Gonzales","70737-4766","LA","US","+12256445311","shayneclouatredds@yahoo.com","","https://www.facebook.com/612600752210094","","0.9199122190475464","open","8","meta | Overture | Overture-signals","CDLA-Permissive-2.0","2026-04-27T00:00:00.000Z | 2026-06-11T11:57:15Z | 2026-05-12T00:29:08Z | 2026-05-18T13:23:54Z | 2026-05-25T13:08:59Z | 2026-06-01T13:20:32Z | 2026-06-08T13:20:12Z"
"LA","Louisiana","6103c6b0-3940-47ce-a1cf-481cdc02f9e9","Nathan Ray Fontenot","-92.658178606001","30.2266420068533","dentist","","715 N Main St","Jennings","70546","LA","US","(337) 824-4963","","http://www.yellow-page-usa.com/listing/Nathan+R.+Fontenot,+Jr+DDS.html","https://www.facebook.com/158453190854161","","0.9199122190475464","open","4","Foursquare | Overture | Overture-signals","Apache-2.0 | CDLA-Permissive-2.0","2025-08-22T00:00:00.000 | 2026-06-11T11:57:15Z | 2026-05-12T00:29:08Z | 2026-05-18T13:23:54Z | 2026-05-25T13:08:59Z | 2026-06-01T13:20:32Z | 2026-06-08T13:20:12Z"
"LA","Louisiana","6151b8c1-6567-405e-a8fc-9ace22ccd435","Louisiana Dental Center - Denham Springs","-90.91976402","30.47391994","dentist","general_dentistry | medical_center","27949 Juban Rd","Denham Springs","70726","LA","US","+12252437704","denham@ladentalcenter.com","https://www.ladentalcenterdenhamsprings.com/","https://www.facebook.com/1402983626581982","Louisiana Dental Center - Denham Springs","0.9998566202819348","open","9","meta | Overture | Overture-signals","CDLA-Permissive-2.0","2026-04-27T00:00:00.000Z | 2026-06-11T11:57:15Z | 2026-05-12T00:29:08Z | 2026-06-08T13:20:12Z"
"LA","Louisiana","616bcde5-8269-4ae2-b45f-3e3ff6eb3d88","Sheard Ber","-90.81079174","29.79445384","dentist","doctor | optometrist","511 Cardinal Dr","Thibodaux","70301","LA","US","+19854479379","","www.drsber.com","https://www.facebook.com/181988631842089","","0.9409956336021423","open","6","meta | Overture | Overture-signals","CDLA-Permissive-2.0","2026-04-27T00:00:00.000Z | 2026-06-11T11:57:15Z | 2026-05-12T00:29:08Z"
"LA","Louisiana","619653cf-2a45-4a67-8667-60a117874fa0","Affordable Dentures & Implants","-92.06449506","32.49884233","dentist","general_dentistry","1128 Pecanland Rd","Monroe","71203-7019","LA","US","+13188009814","fda14932@affordabledentures.com","https://www.affordabledentures.com/locations/la/monroe-east?utm_source=Facebook&utm_medium=Organic_Listing&utm_campaign=14932","https://www.facebook.com/432929866903346","Affordable Dentures & Implants","0.9902192950248718","open","8","meta | Overture | Overture-signals","CDLA-Permissive-2.0","2026-04-27T00:00:00.000Z | 2026-06-11T11:57:15Z | 2026-05-12T00:29:08Z | 2026-05-18T13:23:54Z | 2026-05-25T13:08:59Z | 2026-06-01T13:20:32Z | 2026-06-08T13:20:12Z"
"LA","Louisiana","61a09b4a-6d1f-4a03-a117-6dcee10c5cba","Wayne Lyerly DDS","-90.20200266","30.00575769","dentist","general_dentistry | doctor","5500 Veterans Memorial Blvd","Metairie","70003-1746","LA","US","+15044555252","welyerly@gmail.com","http://www.drwaynelyerly.com","https://www.facebook.com/236907773006128","","0.933177649974823","","3","meta | Overture","CDLA-Permissive-2.0","2026-04-27T00:00:00.000Z | 2026-06-11T11:57:15Z"
"LA","Louisiana","623dbada-a174-44e3-9f50-6b5dd20a8866","Yolanda Null Williams","-90.0818879","29.93796761","dentist","medical_service_organizations | naturopathic_holistic","2029 Oretha Castle Haley Blvd","New Orleans","70113-1410","LA","US","+15045233209","","http://yolandaannwilliams.placeweb.site","https://www.facebook.com/137385193080771","","0.9468547105789185","open","7","meta | Overture | Overture-signals","CDLA-Permissive-2.0","2026-04-27T00:00:00.000Z | 2026-06-11T11:57:15Z | 2026-05-12T00:29:08Z"
"LA","Louisiana","625b258e-5bcb-4dff-9bc0-25dce326dcb6","Brown Scott DDS","-92.3105216997665","32.5229303292462","dentist","","1326 Highway 80 E","Calhoun","71225","LA","US","(318) 644-5948","","https://continue-site.site/?lang=en-us","","","0.9199122190475464","open","4","Foursquare | Overture | Overture-signals","Apache-2.0 | CDLA-Permissive-2.0","2025-08-19T00:00:00.000 | 2026-06-11T11:57:15Z | 2026-05-12T00:29:08Z | 2026-05-18T13:23:54Z | 2026-05-25T13:08:59Z | 2026-06-01T13:20:32Z | 2026-06-08T13:20:12Z"
"LA","Louisiana","6285767b-2b18-48df-b53b-da9b4a5a0872","Cypress Family Dentistry","-90.75278688","29.60474821","dentist","general_dentistry","132 Finish Line Ln","Houma","70360-2486","LA","US","+19852660638","walkerdds@ident.com","http://CypressfamilydentistryLA.com/","https://www.facebook.com/110695387095233","","0.9199122190475464","open","9","meta | Overture | Overture-signals","CDLA-Permissive-2.0","2026-04-27T00:00:00.000Z | 2026-06-11T11:57:15Z | 2026-05-12T00:29:08Z | 2026-05-18T13:23:54Z | 2026-05-25T13:08:59Z | 2026-06-01T13:20:32Z | 2026-06-08T13:20:12Z"
"LA","Louisiana","62cd9952-c609-48b6-ae1b-6c32a72893d8","Maestri Jeffrey M DDS","-92.04061252","30.30971724","dentist","general_dentistry | health_and_medical","258 Arceneaux Rd","Carencro","70520-6220","LA","US","+13378963267","gsmdental@att.net","http://www.redlerilles.com","https://www.facebook.com/110358147408625","","0.9616268873214722","","2","meta | Overture","CDLA-Permissive-2.0","2026-04-27T00:00:00.000Z | 2026-06-11T11:57:15Z"
"LA","Louisiana","62e6c7c1-8ffb-4b3a-bd43-650a72547a69","Bourgeois Dental Lab","-91.1269565197261","30.4500178080194","dentist","","143 S Ardenwood Dr","Baton Rouge","70806","LA","US","(225) 924-0109","","http://www.roedelparsons.com","https://www.facebook.com/168036863212786","","0.9199122190475464","open","4","Foursquare | Overture | Overture-signals","Apache-2.0 | CDLA-Permissive-2.0","2025-08-05T00:00:00.000 | 2026-06-11T11:57:15Z | 2026-05-12T00:29:08Z | 2026-05-18T13:23:54Z | 2026-05-25T13:08:59Z | 2026-06-01T13:20:32Z | 2026-06-08T13:20:12Z"
"LA","Louisiana","630d44d1-3324-489a-8400-d8bb34228863","Guilliot Family Dentistry","-91.93911162","30.14039019","dentist","general_dentistry","224 St Nazaire Rd","Broussard","70518-4259","LA","US","+13372527333","officemanager@guilliotdental.com","https://guilliotdental.com","https://www.facebook.com/106792307557545","","0.9199122190475464","open","8","meta | Overture | Overture-signals","CDLA-Permissive-2.0","2026-04-27T00:00:00.000Z | 2026-06-11T11:57:15Z | 2026-05-12T00:29:08Z | 2026-05-18T13:23:54Z | 2026-05-25T13:08:59Z | 2026-06-01T13:20:32Z | 2026-06-08T13:20:12Z"
"LA","Louisiana","631bdb91-2031-4e24-80fe-60d4c7edc26d","Affordable Dentures & Implants","-93.75406","32.3943","dentist","health_and_medical","9445 Stevens Rd Ste 120","Shreveport","71106","LA","US","3186860493","","https://www.affordabledentures.com/locations/la/shreveport?utm_source=Bing&utm_medium=Organic_Listing&utm_campaign=","","","0.9199122190475464","open","6","Microsoft | Overture | Overture-signals","CDLA-Permissive-2.0","2025-10-04T15:15:01.040Z | 2026-06-11T11:57:15Z | 2026-05-12T00:29:08Z | 2026-05-18T13:23:54Z | 2026-05-25T13:08:59Z | 2026-06-01T13:20:32Z | 2026-06-08T13:20:12Z"
"LA","Louisiana","6340c737-a573-4314-88bc-85f1c4c5c5d3","Basinger Family Dentistry","-93.74731338","32.45491596","dentist","cosmetic_dentist | general_dentistry","818 Pierremont Rd","Shreveport","71106-2034","LA","US","+13188693020","info@basingerdental.com","https://basingerdental.com/","https://www.facebook.com/375990835608890","","0.9199122190475464","open","9","meta | Overture | Overture-signals","CDLA-Permissive-2.0","2026-04-27T00:00:00.000Z | 2026-06-11T11:57:15Z | 2026-05-12T00:29:08Z | 2026-05-18T13:23:54Z | 2026-05-25T13:08:59Z | 2026-06-01T13:20:32Z | 2026-06-08T13:20:12Z"
"LA","Louisiana","6370a461-74d1-45d7-aa67-476b5b77c13c","Theriot Family Dental Care","-92.02841655","30.1721069","dentist","general_dentistry | health_and_medical","121 Rue Louis XIV","Lafayette","70508-5786","LA","US","+13379843408","","https://www.lafayetteladentist.com/lafayette/","https://www.facebook.com/444370395985877","Theriot Family Dental Care","0.9722161889076233","open","10","meta | Overture | Overture-signals","CDLA-Permissive-2.0","2026-04-27T00:00:00.000Z | 2026-06-11T11:57:15Z | 2026-06-08T13:20:12Z"
"LA","Louisiana","638f3010-6c76-451c-aff5-f99b3288dd69","Northlake Dental","-90.08873819","30.39655825","dentist","general_dentistry | cosmetic_dentist","2030 Frontage Rd","Mandeville","70471-3116","LA","US","+19856263338","frontoffice@northlakedental.com","http://www.northlakedental.com/","https://www.facebook.com/234445349909810","Northlake Dental","0.9199122190475464","open","8","meta | Overture | Overture-signals","CDLA-Permissive-2.0","2026-04-27T00:00:00.000Z | 2026-06-11T11:57:15Z | 2026-05-12T00:29:08Z | 2026-05-18T13:23:54Z | 2026-05-25T13:08:59Z | 2026-06-01T13:20:32Z | 2026-06-08T13:20:12Z"
"LA","Louisiana","64ab28c1-ba0c-4e72-8b48-c50bd14373c3","Designer Dental","-89.9723993614308","30.0336591693391","dentist","","10001 Lake Forest Blvd Ste 509","New Orleans","70127","LA","US","(504) 273-7757","","http://www.designerdentalllc.com","","","0.9199122190475464","open","4","Foursquare | Overture | Overture-signals","Apache-2.0 | CDLA-Permissive-2.0","2025-08-22T00:00:00.000 | 2026-06-11T11:57:15Z | 2026-05-12T00:29:08Z | 2026-05-18T13:23:54Z | 2026-05-25T13:08:59Z | 2026-06-01T13:20:32Z | 2026-06-08T13:20:12Z"
"LA","Louisiana","64ae1b29-d7dc-4471-a288-2c18993292db","Parkway Family Dental","-90.02970174","29.90929334","dentist","general_dentistry","441 Terry Pkwy","Gretna","70056-2780","LA","US","+15043022122","pkwyfamilydental@gmail.com","","https://www.facebook.com/105904877684335","","0.9199122190475464","open","7","meta | Overture | Overture-signals","CDLA-Permissive-2.0","2026-04-27T00:00:00.000Z | 2026-06-11T11:57:15Z | 2026-05-12T00:29:08Z | 2026-05-18T13:23:54Z | 2026-05-25T13:08:59Z | 2026-06-01T13:20:32Z | 2026-06-08T13:20:12Z"
"LA","Louisiana","64be8533-388c-4e19-b83c-0291a89154d3","Bailey's Denture Lab","-91.0199068586759","30.8648680370397","dentist","","12227 Jackson St","Clinton","70722","LA","US","(225) 683-0810","","http://www.tbioc.org","","","0.9199122190475464","open","4","Foursquare | Overture | Overture-signals","Apache-2.0 | CDLA-Permissive-2.0","2025-10-18T00:00:00.000 | 2026-06-11T11:57:15Z | 2026-05-12T00:29:08Z | 2026-05-18T13:23:54Z | 2026-05-25T13:08:59Z | 2026-06-01T13:20:32Z | 2026-06-08T13:20:12Z"
"LA","Louisiana","6529fb29-5687-41ca-80c0-2014b762fa2f","Mc Combs Michael DDS","-90.1577235","29.97613899","dentist","general_dentistry","3237 Metairie Rd","Metairie","70001-5214","LA","US","+15048318233","","","https://www.facebook.com/1539762102949867","","0.9543893337249756","","1","meta | Overture","CDLA-Permissive-2.0","2026-04-27T00:00:00.000Z | 2026-06-11T11:57:15Z"
"LA","Louisiana","655243c5-9745-4b6e-b1d2-2a359216f4e5","Dr Jeffry Leeson","-90.1967352","30.00652585","dentist","general_dentistry | health_and_medical","5037 Veterans Memorial Blvd","Metairie","70006-5132","LA","US","+15048876160","jeffry@bellsouth.net","http://www.jeffryaleesondds.com/","https://www.facebook.com/243367295867422","Jeffry A Leeson Inc","0.9970764356255531","","9","meta | Overture","CDLA-Permissive-2.0","2026-04-27T00:00:00.000Z | 2026-06-11T11:57:15Z"
"LA","Louisiana","65609d41-81ca-4cc6-a7c3-9d03661bdd74","Pro-Tech Dental Arts","-91.06761508","30.41058123","dentist","health_and_medical","4444 Arnold Ln","Baton Rouge","70809-2762","LA","US","+12252965556","","","https://www.facebook.com/343040502236873","","0.9199122190475464","open","7","meta | Overture | Overture-signals","CDLA-Permissive-2.0","2026-04-27T00:00:00.000Z | 2026-06-11T11:57:15Z | 2026-05-12T00:29:08Z | 2026-05-18T13:23:54Z | 2026-05-25T13:08:59Z | 2026-06-01T13:20:32Z | 2026-06-08T13:20:12Z"
"LA","Louisiana","65ec2434-99bc-4655-8570-e6171c83e53e","Dr. Ken Leblanc","-92.02681533","30.17005665","dentist","general_dentistry | family_practice","202 Rue Louis XIV","Lafayette","70508-5737","LA","US","+13374069994","ksleblancdds@gmail.com","http://www.kenleblancdds.com/","https://www.facebook.com/135893169818838","Dr Ken LeBlanc DDS PC","0.997635857462883","","9","meta | Overture","CDLA-Permissive-2.0","2026-04-27T00:00:00.000Z | 2026-06-11T11:57:15Z"
"LA","Louisiana","660bac28-6ee2-4772-8f2c-003c5ce111e2","Shreveport Legacy Family Dentistry","-93.72201585","32.47640261","dentist","endodontist | cosmetic_dentist","3503 Youree Dr","Shreveport","71105-2119","LA","US","+13188617207","contact@shreveportlegacydental.com","http://shreveportlegacydental.com/","https://www.facebook.com/154306471793311","","0.9199122190475464","open","7","meta | Overture | Overture-signals","CDLA-Permissive-2.0","2026-04-27T00:00:00.000Z | 2026-06-11T11:57:15Z | 2026-05-12T00:29:08Z | 2026-05-18T13:23:54Z | 2026-05-25T13:08:59Z | 2026-06-01T13:20:32Z | 2026-06-08T13:20:12Z"
"LA","Louisiana","66807743-050a-4403-a27f-d587dcf73a5c","Dr. Bech","-89.7284066138439","30.289872629648","dentist","","925 Cross Gates Blvd","Slidell","70461","LA","US","","","http://www.healthgrades.com/dentist/dr-gordon-bech-xjvc9","https://www.facebook.com/132354940164903","","0.77","","5","Foursquare | Overture","Apache-2.0 | CDLA-Permissive-2.0","2025-08-22T00:00:00.000 | 2026-06-11T11:57:15Z"
"LA","Louisiana","66884d59-21dd-4f56-a4e9-e1dd007e766e","Cade Dental","-93.07996686","31.749194","dentist","general_dentistry","136 E 5th St","Natchitoches","71457-5725","LA","US","+13183570130","","","https://www.facebook.com/157256057672272","","0.9199122190475464","open","9","meta | Overture | Overture-signals","CDLA-Permissive-2.0","2026-04-27T00:00:00.000Z | 2026-06-11T11:57:15Z | 2026-05-12T00:29:08Z | 2026-05-18T13:23:54Z | 2026-05-25T13:08:59Z | 2026-06-01T13:20:32Z | 2026-06-08T13:20:12Z"
"LA","Louisiana","66a574d4-ea9a-4659-b0dd-b3027989b193","Moss Bluff Family Dental Care","-93.22331127","30.30102078","dentist","general_dentistry | cosmetic_dentist","1434 Sam Houston Jones Pkwy","Lake Charles","70611-5458","LA","US","+13378557748","","https://mossblufffamilydental.com/","https://www.facebook.com/595103637019208","","0.9199122190475464","open","8","meta | Overture | Overture-signals","CDLA-Permissive-2.0","2026-04-27T00:00:00.000Z | 2026-06-11T11:57:15Z | 2026-05-12T00:29:08Z | 2026-05-18T13:23:54Z | 2026-05-25T13:08:59Z | 2026-06-01T13:20:32Z | 2026-06-08T13:20:12Z"
"LA","Louisiana","6769fb36-b66d-4fc0-a727-f10c3ee95f0c","All Smiles Dental Center","-91.1324876734262","30.5629709845525","dentist","","12841 Plank Rd","Baker","70714","LA","US","","allsmilesdental@brcoxmail.com","http://allsmilesdentalc.com","https://www.facebook.com/141631002549816","","0.77","","5","Foursquare | Overture","Apache-2.0 | CDLA-Permissive-2.0","2025-08-22T00:00:00.000 | 2026-06-11T11:57:15Z"
"LA","Louisiana","677f9319-cec4-4b2c-b548-19d01121a697","Garon, Mark DDS","-91.0267714721093","30.5435909307588","dentist","","14465 Wax Rd","Baton Rouge","70818","LA","US","(225) 261-0070","","http://pediatricdentistryofzachary.com","","","0.9199122190475464","open","4","Foursquare | Overture | Overture-signals","Apache-2.0 | CDLA-Permissive-2.0","2025-08-22T00:00:00.000 | 2026-06-11T11:57:15Z | 2026-05-12T00:29:08Z | 2026-05-18T13:23:54Z | 2026-05-25T13:08:59Z | 2026-06-01T13:20:32Z | 2026-06-08T13:20:12Z"
"LA","Louisiana","67ae6c9b-1047-4267-a169-b44d59082a76","Taylor Dental","-93.21966512","30.20527113","dentist","general_dentistry","2706 Ryan St","Lake Charles","70601-7328","LA","US","+12253968987","contacttaylor@taylordentalgroup.com","https://www.taylordentalgroup.com/","https://www.facebook.com/338537533411190","Taylor Dental","0.9902192950248718","open","9","meta | Overture | Overture-signals","CDLA-Permissive-2.0","2026-04-27T00:00:00.000Z | 2026-06-11T11:57:15Z | 2026-05-12T00:29:08Z | 2026-05-18T13:23:54Z | 2026-05-25T13:08:59Z | 2026-06-01T13:20:32Z | 2026-06-08T13:20:12Z"
"LA","Louisiana","67e0a8c2-449a-4f0b-bae5-beaea077af10","Dr. Edward C. Massett Jr. DDS","-89.727742","30.290099","dentist","doctor","2334 Gause Blvd E","Slidell","70461-4141","LA","US","+19858934766","","","https://www.facebook.com/1511749559045703","","0.8818020224571228","","9","meta | Overture","CDLA-Permissive-2.0","2026-04-27T00:00:00.000Z | 2026-06-11T11:57:15Z"
"LA","Louisiana","6832956f-b527-4978-8129-0bfe33ad55cb","Noelle Davis DDS","-90.86715445","30.48828232","dentist","general_dentistry","30061 College Dr","Walker","70785-7321","LA","US","+12256640210","office@noelledavisdds.net","http://www.noelledavisdds.net/","https://www.facebook.com/104765712484035","","0.9199122190475464","open","8","meta | Overture | Overture-signals","CDLA-Permissive-2.0","2026-04-27T00:00:00.000Z | 2026-06-11T11:57:15Z | 2026-05-12T00:29:08Z | 2026-05-18T13:23:54Z | 2026-05-25T13:08:59Z | 2026-06-01T13:20:32Z | 2026-06-08T13:20:12Z"
"LA","Louisiana","68ad3a25-3872-4bd7-a031-015caf7b5a51","Harold D Kennedy DDS","-92.0830579","30.5085033","dentist","health_and_medical","2351 Larkspur Ln","Opelousas","70570","LA","US","3373813663","","https://omfsc.com/","","","0.9199122190475464","open","6","Microsoft | Overture | Overture-signals","CDLA-Permissive-2.0","2025-09-29T13:30:14.907Z | 2026-06-11T11:57:15Z | 2026-05-12T00:29:08Z | 2026-05-18T13:23:54Z | 2026-05-25T13:08:59Z | 2026-06-01T13:20:32Z | 2026-06-08T13:20:12Z"
"LA","Louisiana","68f8d989-b02f-4ff8-84a5-ea3558684aa3","Kevin J Hester Family Dentistry","-91.0604224537142","30.4269414374939","dentist","","2576 Toulon Dr","Baton Rouge","70816","LA","US","(225) 292-8270","khsmileteam@yahoo.com","http://www.hesterfamilydentistry.net","https://www.facebook.com/197866553588202","","0.77","","5","Foursquare | Overture","Apache-2.0 | CDLA-Permissive-2.0","2025-08-22T00:00:00.000 | 2026-06-11T11:57:15Z"
"LA","Louisiana","698fa83a-a04e-4c08-aaa3-94c83a669028","Ory Family Dentistry","-90.49538003","30.06941885","dentist","general_dentistry | health_and_medical","430 W 5th St","Laplace","70068-3934","LA","US","+19856529616","rjory12@bellsouth.net","http://orydentists.com/","https://www.facebook.com/160289703993234","","0.9199122190475464","open","7","meta | Overture | Overture-signals","CDLA-Permissive-2.0","2026-04-27T00:00:00.000Z | 2026-06-11T11:57:15Z | 2026-05-12T00:29:08Z | 2026-05-18T13:23:54Z | 2026-05-25T13:08:59Z | 2026-06-01T13:20:32Z | 2026-06-08T13:20:12Z"
"LA","Louisiana","6995f276-5436-42be-88a7-e3e0559d5899","Chuck Coby Soileau","-92.1347316757728","29.9725519026258","dentist","","201 S Saint Charles St","Abbeville","70510","LA","US","(337) 893-1521","","https://chuck-soileau-dds-llc.hub.biz","","","0.9199122190475464","open","4","Foursquare | Overture | Overture-signals","Apache-2.0 | CDLA-Permissive-2.0","2025-08-22T00:00:00.000 | 2026-06-11T11:57:15Z | 2026-05-12T00:29:08Z | 2026-05-18T13:23:54Z | 2026-05-25T13:08:59Z | 2026-06-01T13:20:32Z | 2026-06-08T13:20:12Z"
"LA","Louisiana","69bd2fca-588f-4c68-9f76-a3ad39bec588","Dean Ec Jr Dr","-91.007918","30.409306","dentist","doctor | optometrist","4747 O'Neal Ln","Baton Rouge","70817-1638","LA","US","+12257550988","","","https://www.facebook.com/159917657371787","","0.6303813457489014","","8","meta | Overture","CDLA-Permissive-2.0","2026-04-27T00:00:00.000Z | 2026-06-11T11:57:15Z"
"LA","Louisiana","69cb32af-d503-4ec0-a96f-7bfc9bdbebe5","Levy and Vutera Family Dentistry","-91.12326392","30.44534337","dentist","general_dentistry","6509 Government St","Baton Rouge","70806-6238","LA","US","+12259241824","smile@levyvuteradental.com","https://www.levyvuteradental.com/","https://www.facebook.com/209581202448202","Levy and Vutera Family Dentistry","0.9902192950248718","open","8","meta | Overture | Overture-signals","CDLA-Permissive-2.0","2026-04-27T00:00:00.000Z | 2026-06-11T11:57:15Z | 2026-05-12T00:29:08Z | 2026-05-18T13:23:54Z | 2026-05-25T13:08:59Z | 2026-06-01T13:20:32Z | 2026-06-08T13:20:12Z"
"LA","Louisiana","6a56975c-e6d5-4283-b63f-135eb47dd067","Sevier Dental","-90.74703744","29.59941449","dentist","general_dentistry | cosmetic_dentist","126 Corporate Dr","Houma","70360-2791","LA","US","+19858688282","info@sevierdental.com","http://www.sevierdental.com/","https://www.facebook.com/485099135264445","","0.9199122190475464","open","7","meta | Overture | Overture-signals","CDLA-Permissive-2.0","2026-04-27T00:00:00.000Z | 2026-06-11T11:57:15Z | 2026-05-12T00:29:08Z | 2026-05-18T13:23:54Z | 2026-05-25T13:08:59Z | 2026-06-01T13:20:32Z | 2026-06-08T13:20:12Z"
"LA","Louisiana","6b167d3f-3f7b-4b23-b9b1-9a6baf8d3593","Branstetter Jr Robert M DDS","-91.12668605","30.45699641","dentist","health_and_medical | family_practice","6155 Harry Dr","Baton Rouge","70806-2539","LA","US","+12259244208","rbranstetterdds@yahoo.com","","https://www.facebook.com/1582707248690001","","0.9321320652961731","","2","meta | Overture","CDLA-Permissive-2.0","2026-04-27T00:00:00.000Z | 2026-06-11T11:57:15Z"
"LA","Louisiana","6b5c3a0b-6e7b-43af-b70e-829b1238fe6c","Shreveport Dentist, Benjamin M. Kacos DMD, FICOI","-93.7209326369896","32.4535656746152","dentist","","230 Carroll St #3","Shreveport","71105","LA","US","(318) 299-1520","kacosdental@gmail.com","https://shreveportsdentist.com","https://www.facebook.com/147276138798537","","0.9199122190475464","open","4","Foursquare | Overture | Overture-signals","Apache-2.0 | CDLA-Permissive-2.0","2024-07-15T00:00:00.000 | 2026-06-11T11:57:15Z | 2026-05-12T00:29:08Z | 2026-05-18T13:23:54Z | 2026-05-25T13:08:59Z | 2026-06-01T13:20:32Z | 2026-06-08T13:20:12Z"
"LA","Louisiana","6b71c692-58c6-454a-8f56-38efda8a28a6","Fruge' Family Dentistry","-91.0500055","30.41147241","dentist","general_dentistry","11811 Coursey Blvd","Baton Rouge","70816-4490","LA","US","+12254650005","marketing@cffdds.com","https://www.cffdds.com/","https://www.facebook.com/240464329370511","","0.9928225874900818","open","1","meta | Overture | Overture-signals","CDLA-Permissive-2.0","2026-04-27T00:00:00.000Z | 2026-06-11T11:57:15Z | 2026-05-12T00:29:08Z"
"LA","Louisiana","6b8f1497-16e9-4565-ad0d-dc8a2a7aae1a","Closed","-90.153887","30.019122","dentist","cosmetic_dentist | health_and_medical","3939 N Causeway Blvd","Metairie","70002-1777","LA","US","+15043034049","deepsouth.metairie@gmail.com","http://www.metairiedentalstudio.com/","https://www.facebook.com/156416161646500","","0.7503826022148132","","7","meta | Overture","CDLA-Permissive-2.0","2026-04-27T00:00:00.000Z | 2026-06-11T11:57:15Z"
"LA","Louisiana","6bd08977-5de7-43cc-bebf-5e9a9da3d5a9","Russell Mayer, DDS","-90.471045","30.502083","dentist","orthodontist | health_and_medical","910 W Thomas St","Hammond","70401-3038","LA","US","+19853452285","rmayerdds@bellsouth.net","http://www.rustymayerdds.com/","https://www.facebook.com/551718171629899","Russell Mayer, DDS","0.9247342348098755","","9","meta | Overture","CDLA-Permissive-2.0","2026-04-27T00:00:00.000Z | 2026-06-11T11:57:15Z"
"LA","Louisiana","6c093e6c-d13e-4c5e-a329-ec7c6e65ce26","Dant Sandras DDS","-90.36969577","29.55621324","dentist","general_dentistry | health_and_medical","13373 Highway 3235","Larose","70373","LA","US","+19857983800","dantsandras@ymail.com","http://drsandras.com/","https://www.facebook.com/492422724296068","","0.9199122190475464","open","7","meta | Overture | Overture-signals","CDLA-Permissive-2.0","2026-04-27T00:00:00.000Z | 2026-06-11T11:57:15Z | 2026-05-12T00:29:08Z | 2026-05-18T13:23:54Z | 2026-05-25T13:08:59Z | 2026-06-01T13:20:32Z | 2026-06-08T13:20:12Z"
"LA","Louisiana","6c14f847-f7cf-4441-a503-7649438e3a2d","Affordable Smiles of Lacombe","-89.94742094","30.3154233","dentist","general_dentistry | health_and_medical","27403 Highway 190","Lacombe","70445-6401","LA","US","+19852189445","mylacombedental@gmail.com","http://mylacombedental.com/","https://www.facebook.com/265447510721234","","0.9199122190475464","open","8","meta | Overture | Overture-signals","CDLA-Permissive-2.0","2026-04-27T00:00:00.000Z | 2026-06-11T11:57:15Z | 2026-05-12T00:29:08Z | 2026-05-18T13:23:54Z | 2026-05-25T13:08:59Z | 2026-06-01T13:20:32Z | 2026-06-08T13:20:12Z"
"LA","Louisiana","6c5cbc6c-ace5-400d-b51b-c697c4e4c0d0","Gerald W Foster","-92.14988419","32.51477547","dentist","health_and_medical | teeth_whitening","111 Professional Dr","West Monroe","71291-5331","LA","US","+13183876406","gfoster1@comcast.net","http://foster2.placeweb.site","https://www.facebook.com/122223927834793","","0.9199122190475464","open","6","meta | Overture | Overture-signals","CDLA-Permissive-2.0","2026-04-27T00:00:00.000Z | 2026-06-11T11:57:15Z | 2026-05-12T00:29:08Z | 2026-05-18T13:23:54Z | 2026-05-25T13:08:59Z | 2026-06-01T13:20:32Z | 2026-06-08T13:20:12Z"
"LA","Louisiana","6c5dd956-9d87-4887-8d07-2016a361b61e","Sherman and Balhoff Specialists in Orthodontics","-91.099019","30.375035","dentist","","8311 Bluebonnet Blvd Baton Rouge, LA 70810","Baton Rouge","70810","LA","US","(225) 769-1276","","","https://www.twitter.com/shermanbalhoff","","0.77","","5","Foursquare | Overture","Apache-2.0 | CDLA-Permissive-2.0","2026-04-13T00:00:00.000 | 2026-06-11T11:57:15Z"
"LA","Louisiana","6ca206d1-0649-4504-a3f7-65bc532a3e13","Magnolia Dental","-90.1916645871525","30.4432369104764","dentist","","6061 Pinnacle Pkwy","Covington","70433","LA","US","(985) 327-6501","","https://mymagnoliadental.com","https://www.facebook.com/1317300955077715","","0.77","","5","Foursquare | Overture","Apache-2.0 | CDLA-Permissive-2.0","2021-03-10T00:00:00.000 | 2026-06-11T11:57:15Z"
"LA","Louisiana","6cc7527d-c835-4d8a-8fc6-07f599e0fc99","Dr. James Randall","-91.14013446","30.41744552","dentist","doctor | health_and_medical","4616 Concord Ave","Baton Rouge","70808-3123","LA","US","+12259264640","","http://drmattrandall.com","https://www.facebook.com/148620111848626","","0.9199122190475464","open","7","meta | Overture | Overture-signals","CDLA-Permissive-2.0","2026-04-27T00:00:00.000Z | 2026-06-11T11:57:15Z | 2026-05-12T00:29:08Z | 2026-05-18T13:23:54Z | 2026-05-25T13:08:59Z | 2026-06-01T13:20:32Z | 2026-06-08T13:20:12Z"
"LA","Louisiana","6cf472b0-4871-4a5d-9dce-9dcb5254988f","Palm Family Dentistry","-90.92666008","30.32358087","dentist","general_dentistry | doctor","40398 Highway 42","Prairieville","70769-5245","LA","US","+12256222545","danielpalmdds@gmail.com","https://www.palmfamilydentistry.com/","https://www.facebook.com/1673249592747627","","0.9199122190475464","open","7","meta | Overture | Overture-signals","CDLA-Permissive-2.0","2026-04-27T00:00:00.000Z | 2026-06-11T11:57:15Z | 2026-05-12T00:29:08Z | 2026-05-18T13:23:54Z | 2026-05-25T13:08:59Z | 2026-06-01T13:20:32Z | 2026-06-08T13:20:12Z"
"LA","Louisiana","6d24bea3-d15d-4494-bd5a-d4e8b242b6f8","Taylor Dental & Braces","-91.99931","30.19985","dentist","pediatric_dentist | orthodontist","2001 SW Evangeline Thwy","Lafayette","70508","LA","US","+13377030240","contacttaylor@taylordentalgroup.com","https://www.taylordentalgroup.com/locations/lafayette-la/","https://www.facebook.com/1333597890132917","Taylor Dental","0.9983427971601486","","8","meta | Overture","CDLA-Permissive-2.0","2026-04-27T00:00:00.000Z | 2026-06-11T11:57:15Z"
"LA","Louisiana","6d2b5b0f-e535-43d7-bfee-3a46afe807e9","Oak Tree Family Dentistry","-90.05359483","29.90640031","dentist","orthodontist | family_practice","1729 Lafayette St","Gretna","70053-5775","LA","US","+15042278577","","http://www.oaktreedds.com/","https://www.facebook.com/252664428181107","","0.9902192950248718","open","7","meta | Overture | Overture-signals","CDLA-Permissive-2.0","2026-04-27T00:00:00.000Z | 2026-06-11T11:57:15Z | 2026-05-12T00:29:08Z | 2026-05-18T13:23:54Z | 2026-05-25T13:08:59Z | 2026-06-01T13:20:32Z | 2026-06-08T13:20:12Z"
"LA","Louisiana","6d4ca5e1-4dfb-4b72-bfe6-73ee388ec591","Kathryn E. Beauregard, DDS","-93.73936924","32.42422922","dentist","health_and_medical | hospital","8510 Line Ave","Shreveport","71106-6119","LA","US","+13188693111","","http://www.healthgrades.com/dentist/dr-kathryn-beauregard-southerland-36chj","https://www.facebook.com/121164664629328","","0.9199122190475464","open","7","meta | Overture | Overture-signals","CDLA-Permissive-2.0","2026-04-27T00:00:00.000Z | 2026-06-11T11:57:15Z | 2026-05-12T00:29:08Z | 2026-05-18T13:23:54Z | 2026-05-25T13:08:59Z | 2026-06-01T13:20:32Z | 2026-06-08T13:20:12Z"
"LA","Louisiana","6d6cd781-7d7c-4a1f-908a-e6037951178b","Harry H Goodwin","-93.2906764228569","30.8421747231655","dentist","","509 Bon Ami St","Deridder","70634","LA","US","(337) 463-3272","","http://www.goodwinlestagedental.com","","","0.9199122190475464","open","4","Foursquare | Overture | Overture-signals","Apache-2.0 | CDLA-Permissive-2.0","2025-08-22T00:00:00.000 | 2026-06-11T11:57:15Z | 2026-05-12T00:29:08Z | 2026-05-18T13:23:54Z | 2026-05-25T13:08:59Z | 2026-06-01T13:20:32Z | 2026-06-08T13:20:12Z"
"LA","Louisiana","6da30a22-f3bf-41b2-8090-1116e8ac643c","Gregory Scott Strain","-90.05384924","29.87224022","dentist","family_practice | lawyer","2209 Lapalco Blvd","Harvey","70058-6123","LA","US","+15043689545","","https://www.gregstrain.com","https://www.facebook.com/113530633847189","Gregory S. Strain, DDS","0.9888516068458557","","7","meta | Overture","CDLA-Permissive-2.0","2026-04-27T00:00:00.000Z | 2026-06-11T11:57:15Z"
"LA","Louisiana","6e122960-ea4c-4583-87a6-a121122b3438","Exceptional Dental of Marrero","-90.099549","29.895903","dentist","orthodontist | periodontist","828 Avenue G","Marrero","70072-1830","LA","US","+15043415200","","http://exceptionaldentalofla.com/locations/marrero","https://www.facebook.com/906206309480518","Exceptional Dental","0.9886993765830994","","3","meta | Overture","CDLA-Permissive-2.0","2026-04-27T00:00:00.000Z | 2026-06-11T11:57:15Z"
"LA","Louisiana","6e56b263-4f02-4c02-9003-d7a15f7b3c19","Eiland Jr Edward H DDS","-91.49450831","32.45251579","dentist","general_dentistry | health_and_medical","206 W Michigan St","Delhi","71232-3100","LA","US","+13188782411","","","https://www.facebook.com/143282115717543","","0.9199122190475464","open","7","meta | Overture | Overture-signals","CDLA-Permissive-2.0","2026-04-27T00:00:00.000Z | 2026-06-11T11:57:15Z | 2026-05-12T00:29:08Z | 2026-05-18T13:23:54Z | 2026-05-25T13:08:59Z | 2026-06-01T13:20:32Z | 2026-06-08T13:20:12Z"
"LA","Louisiana","6e81f2cc-c9ba-4570-b843-ac5e227bbe5d","Central Louisiana Dental Center","-92.40954511","31.3337913","dentist","general_dentistry | medical_center","104 Cleco Dr","Pineville","71360-5325","LA","US","+13184450343","drcoteryland@gmail.com","","https://www.facebook.com/1061095547235742","","0.9199122190475464","open","8","meta | Overture | Overture-signals","CDLA-Permissive-2.0","2026-04-27T00:00:00.000Z | 2026-06-11T11:57:15Z | 2026-05-12T00:29:08Z | 2026-05-18T13:23:54Z | 2026-05-25T13:08:59Z | 2026-06-01T13:20:32Z | 2026-06-08T13:20:12Z"
"LA","Louisiana","6ee58b3a-c8a2-4cda-abcc-f6f2ae085609","Brandon Ernest Hagler","-89.975978","30.039004","dentist","","7023 Read Ln","New Orleans","70127","LA","US","(504) 244-0177","info@noeagledental.com","http://noeagledental.com","","","0.9199122190475464","open","4","Foursquare | Overture | Overture-signals","Apache-2.0 | CDLA-Permissive-2.0","2025-08-19T00:00:00.000 | 2026-06-11T11:57:15Z | 2026-05-12T00:29:08Z | 2026-05-18T13:23:54Z | 2026-05-25T13:08:59Z | 2026-06-01T13:20:32Z | 2026-06-08T13:20:12Z"
