"state_code","state","id","name","longitude","latitude","primary_category","alternate_categories","address","locality","postcode","region","country","phones","emails","websites","socials","brand","confidence","operating_status","version","source_datasets","source_licenses","source_update_times"
"MA","Massachusetts","00281b83-e0db-495c-94ce-aecb0f7eb039","Dr. Maria Vasilakis","-71.15741351","42.34897359","dentist","general_dentistry | cosmetic_dentist","438 Washington St","Boston","02135-2966","MA","US","+16177822267","info@drmariadental.com","http://drmariadental.com/","https://www.facebook.com/153213284707258","","0.9902192950248718","open","9","meta | Overture | Overture-signals","CDLA-Permissive-2.0","2026-04-27T00:00:00.000Z | 2026-06-11T11:57:15Z | 2026-05-12T00:29:08Z | 2026-05-18T13:23:54Z | 2026-05-25T13:08:59Z | 2026-06-01T13:20:32Z | 2026-06-08T13:20:12Z"
"MA","Massachusetts","002ec271-dc93-4af0-8081-063ed8f4d70a","Lakeview Family Dentists","-71.33254433","42.67282498","dentist","general_dentistry | cosmetic_dentist","1448 Lakeview Ave","Dracut","01826-3420","MA","US","+19789576300","info@lakeviewfamilydentists.com","https://www.lakeviewfamilydentists.com/","https://www.facebook.com/104450748398355","","0.9902192950248718","open","8","meta | Overture | Overture-signals","CDLA-Permissive-2.0","2026-04-27T00:00:00.000Z | 2026-06-11T11:57:15Z | 2026-05-12T00:29:08Z | 2026-05-18T13:23:54Z | 2026-05-25T13:08:59Z | 2026-06-01T13:20:32Z | 2026-06-08T13:20:12Z"
"MA","Massachusetts","00619f81-a587-4946-a08c-4e6ad2e18513","Parker River Dental","-70.9439871646455","42.7570054604792","dentist","","3 Kent Way","Byfield","01922","MA","US","(978) 255-1891","parkerriverdental1@gmail.com","https://www.parkerriverdental.net","","","0.77","","5","Foursquare | Overture","Apache-2.0 | CDLA-Permissive-2.0","2024-01-21T00:00:00.000 | 2026-06-11T11:57:15Z"
"MA","Massachusetts","008405de-8be1-4a12-ab07-a8ec9ce9c639","Greater Boston Dental","-71.16508359","42.37692542","dentist","general_dentistry","326 Belmont St","Watertown","02472-1303","MA","US","+16179247301","dentistdrmark@gmail.com","https://g.page/Greater-Boston-Dental?gm","https://www.facebook.com/105333394402341","","0.9199122190475464","open","6","meta | Overture | Overture-signals","CDLA-Permissive-2.0","2026-04-27T00:00:00.000Z | 2026-06-11T11:57:15Z | 2026-05-12T00:29:08Z | 2026-05-18T13:23:54Z | 2026-05-25T13:08:59Z | 2026-06-01T13:20:32Z | 2026-06-08T13:20:12Z"
"MA","Massachusetts","008882b0-457e-47e0-bbb4-9ce9ab695602","Kaceli Dental Aesthetics","-71.19725887","42.32669145","dentist","cosmetic_dentist | general_dentistry","1400 Centre St","Newton","02459-2414","MA","US","+16177957211","info@kacelidentalaesthetics.com","http://kacelidentalaesthetics.com/","https://www.facebook.com/113185021740442","","0.9199122190475464","open","9","meta | Overture | Overture-signals","CDLA-Permissive-2.0","2026-04-27T00:00:00.000Z | 2026-06-11T11:57:15Z | 2026-05-12T00:29:08Z | 2026-05-18T13:23:54Z | 2026-05-25T13:08:59Z | 2026-06-01T13:20:32Z | 2026-06-08T13:20:12Z"
"MA","Massachusetts","0091068e-1268-4cb7-beb4-e5c5e0cf1cee","United Dental","-71.30996643","42.64578002","dentist","general_dentistry","131 Merrimack St","Lowell","01852-1723","MA","US","+19787889338","","https://uniteddental.net/","https://www.facebook.com/181740485735964","United Dental","0.9942939877510071","","8","meta | Overture","CDLA-Permissive-2.0","2026-04-27T00:00:00.000Z | 2026-06-11T11:57:15Z"
"MA","Massachusetts","00963dea-6979-4908-ad2e-cbd297ab61d0","Boschetti Dental","-70.99280301","42.40720634","dentist","general_dentistry | cosmetic_dentist","1 Orr Sq","Revere","02151-3200","MA","US","+17812841430","info@boschettidental.com","http://www.BoschettiDental.com/","https://www.facebook.com/125609250802","","0.9902192950248718","open","7","meta | Overture | Overture-signals","CDLA-Permissive-2.0","2026-04-27T00:00:00.000Z | 2026-06-11T11:57:15Z | 2026-05-12T00:29:08Z | 2026-05-18T13:23:54Z | 2026-05-25T13:08:59Z | 2026-06-01T13:20:32Z | 2026-06-08T13:20:12Z"
"MA","Massachusetts","00ce9448-6a96-40cf-b39c-05c9d50c2c72","Aspen Dental","-72.4987974173902","42.1411524425907","dentist","","1356 Boston Road","Springfield","01119","MA","US","(413) 782-8700","","https://www.aspendental.com/dentist/ma/springfield/1356-boston-road-ste-104","https://www.facebook.com/153361341352109","","0.77","","5","Foursquare | Overture","Apache-2.0 | CDLA-Permissive-2.0","2025-10-17T00:00:00.000 | 2026-06-11T11:57:15Z"
"MA","Massachusetts","00ed7823-4f4d-42e5-bea0-10646c124fab","Chestnut Hill Dental","-71.15603984","42.29607778","dentist","general_dentistry | health_and_medical","631 VFW Pkwy","Boston","02132","MA","US","+16173273500","info@chestnuthillsmiles.com","http://www.chestnuthillsmiles.com","https://www.facebook.com/247881085315198","","0.9902192950248718","open","9","meta | Overture | Overture-signals","CDLA-Permissive-2.0","2026-04-27T00:00:00.000Z | 2026-06-11T11:57:15Z | 2026-05-12T00:29:08Z | 2026-05-18T13:23:54Z | 2026-05-25T13:08:59Z | 2026-06-01T13:20:32Z | 2026-06-08T13:20:12Z"
"MA","Massachusetts","00f71b3b-e85e-4371-8fff-cbc773804e48","Westford Dentistry","-71.43941943","42.55578273","dentist","general_dentistry | cosmetic_dentist","288 Littleton Rd","Westford","01886-3509","MA","US","+19785916937","info@westforddentistry.com","http://www.westforddentistry.com/","https://www.facebook.com/119538944728861","Westford Dentistry","0.9998129740357399","","9","meta | Overture","CDLA-Permissive-2.0","2026-04-27T00:00:00.000Z | 2026-06-11T11:57:15Z"
"MA","Massachusetts","0106b863-66ed-4fc0-a646-58281e588957","Kozica Dental","-71.791763","42.271931","dentist","pediatric_dentist | health_and_medical","116 Belmont St","Worcester","01605-2964","MA","US","+15087550751","kozicadental@verizon.net","http://www.kozicadental.com/","https://www.facebook.com/113563955341058","","0.9199122190475464","open","9","meta | Overture | Overture-signals","CDLA-Permissive-2.0","2026-04-27T00:00:00.000Z | 2026-06-11T11:57:15Z | 2026-05-12T00:29:08Z | 2026-05-18T13:23:54Z | 2026-05-25T13:08:59Z | 2026-06-01T13:20:32Z | 2026-06-08T13:20:12Z"
"MA","Massachusetts","010c5c44-a8e6-4d30-8f68-f8ca17341f36","Dr Yoon Ji Jang, DDS","-71.2398962218149","42.3576854078084","dentist","","73 Lexington St Ste 204","Auburndale","02466","MA","US","(617) 244-5020","doc@newtondentistryma.com","http://www.newtondentistryma.com","https://www.facebook.com/107338694084427","","0.77","","5","Foursquare | Overture","Apache-2.0 | CDLA-Permissive-2.0","2025-05-30T00:00:00.000 | 2026-06-11T11:57:15Z"
"MA","Massachusetts","0111b87f-ba9f-41c0-99b6-76b031e88baf","Symmetry Dental","-71.24685519","41.75870362","dentist","general_dentistry | cosmetic_dentist","1719 Grand Army of the Republic Hwy","Swansea","02777-3940","MA","US","+15088120300","info@symmetrydentalandspa.com","http://Symmetrydentalandspa.com/","https://www.facebook.com/197157970738379","","0.9199122190475464","open","8","meta | Overture | Overture-signals","CDLA-Permissive-2.0","2026-04-27T00:00:00.000Z | 2026-06-11T11:57:15Z | 2026-05-12T00:29:08Z | 2026-05-18T13:23:54Z | 2026-05-25T13:08:59Z | 2026-06-01T13:20:32Z | 2026-06-08T13:20:12Z"
"MA","Massachusetts","013461c2-20e6-433a-85fa-174b69849820","Shrewsbury Dental Associates","-71.74157458","42.27523306","dentist","general_dentistry","252 Boston Tpke","Shrewsbury","01545-5265","MA","US","+15087563846","shrewsburydentalma@gmail.com","http://shrewsbury-dental.net","https://www.facebook.com/113875228475422","","0.9199122190475464","open","6","meta | Overture | Overture-signals","CDLA-Permissive-2.0","2026-04-27T00:00:00.000Z | 2026-06-11T11:57:15Z | 2026-05-12T00:29:08Z | 2026-05-18T13:23:54Z | 2026-05-25T13:08:59Z | 2026-06-01T13:20:32Z | 2026-06-08T13:20:12Z"
"MA","Massachusetts","0134f416-de52-42dc-83d2-6fa21c67c4b5","Blue Harbor Dental","-71.03067105","42.2992134","dentist","general_dentistry | cosmetic_dentist","332 Victory Rd","Quincy","02171-3120","MA","US","+16174815151","","http://www.blueharbordental.com","https://www.facebook.com/1711986525595671","","0.9902192950248718","open","8","meta | Overture | Overture-signals","CDLA-Permissive-2.0","2026-04-27T00:00:00.000Z | 2026-06-11T11:57:15Z | 2026-05-12T00:29:08Z | 2026-05-18T13:23:54Z | 2026-05-25T13:08:59Z | 2026-06-01T13:20:32Z | 2026-06-08T13:20:12Z"
"MA","Massachusetts","01950cc7-2ae8-4969-ad31-a30531c2d633","Lakeville Dental Associates","-70.92764565","41.87322145","dentist","general_dentistry","54 Main St","Lakeville","02347-3621","MA","US","+15089236900","","http://www.lakevilledentalma.com","https://www.facebook.com/157364657612553","Lakeville Dental","0.9199122190475464","open","8","meta | Overture | Overture-signals","CDLA-Permissive-2.0","2026-04-27T00:00:00.000Z | 2026-06-11T11:57:15Z | 2026-05-12T00:29:08Z | 2026-05-18T13:23:54Z | 2026-05-25T13:08:59Z | 2026-06-01T13:20:32Z | 2026-06-08T13:20:12Z"
"MA","Massachusetts","019e9b0b-b3b3-4e26-bb6e-1ba6391c98c9","Dental Health Connection: Randall Smith, DDS","-71.2045533339165","42.5152259354489","dentist","","284 Cambridge St","Burlington","01803","MA","US","(781) 272-0540","","http://www.rwsdds.com","https://www.twitter.com/dentalhealthma | https://www.facebook.com/173095463573637","","0.77","","5","Foursquare | Overture","Apache-2.0 | CDLA-Permissive-2.0","2025-08-22T00:00:00.000 | 2026-06-11T11:57:15Z"
"MA","Massachusetts","01a10cce-e09c-42c1-a534-b322d1e37815","Barrington-Swansea Family Dental","-71.26343898","41.76812657","dentist","general_dentistry","2302 Grand Army of the Republic Hwy","Swansea","02777-3907","MA","US","+15084394074","barringtondental2302@gmail.com","https://www.barringtonfamilydental.com/","https://www.facebook.com/417814395013563","Barrington-Swansea Family Dental","0.9929171800613403","","8","meta | Overture","CDLA-Permissive-2.0","2026-04-27T00:00:00.000Z | 2026-06-11T11:57:15Z"
"MA","Massachusetts","01ac6259-6284-44e1-89d1-de89c0f958ec","Trinity Dental","-71.0781994163826","42.3486478418927","dentist","","1 Huntington Ave","Boston","02116","MA","US","(617) 431-1383","","http://www.trinitydentalboston.com","","","0.77","","5","Foursquare | Overture","Apache-2.0 | CDLA-Permissive-2.0","2025-11-24T00:00:00.000 | 2026-06-11T11:57:15Z"
"MA","Massachusetts","01c57562-4f48-437a-8004-c4b81f86ba1a","Dr. Alexis Cenami - Tewksbury Dental Associates","-71.2217943597263","42.6002821171513","dentist","","1438 Main St","Tewksbury","01876","MA","US","(978) 851-7890","","https://www.tewksburydentalassociates.com/dentist-tewksbury/dr-cenami","https://www.twitter.com/tewksburydental | https://www.facebook.com/1412468858969672","","0.77","","5","Foursquare | Overture","Apache-2.0 | CDLA-Permissive-2.0","2020-11-11T00:00:00.000 | 2026-06-11T11:57:15Z"
"MA","Massachusetts","01d01e8d-1919-4f92-b5c6-644c3dd2dc7e","OMG Fall River Dentistry and Braces","-71.16169258","41.67595199","dentist","orthodontist | general_dentistry","90 William S Canning Blvd","Fall River","02721-2338","MA","US","+15086894010","","https://www.dentistryandbracesgroup.com/locations/our-massachusetts-locations/fall-river-dentistry-and-braces/","https://www.facebook.com/998798323297346","OMG Smiles Orthodontics","0.9785122245550155","","8","meta | Overture","CDLA-Permissive-2.0","2026-04-27T00:00:00.000Z | 2026-06-11T11:57:15Z"
"MA","Massachusetts","01d37ac8-18c9-4e12-a2b5-4dbce5a94ee7","Family Dental Care","-71.0594863180386","42.3016000615796","dentist","","1444 Dorchester Ave","Boston","02122","MA","US","(617) 436-7030","northeastdentalgrouppc@gmail.com","https://www.familydentalcarema.com","https://www.facebook.com/942624689145250","","0.77","","5","Foursquare | Overture","Apache-2.0 | CDLA-Permissive-2.0","2025-05-30T00:00:00.000 | 2026-06-11T11:57:15Z"
"MA","Massachusetts","01e44f33-5402-461c-9ef1-ce5e8b4c464f","Capron Park Dental","-71.29398859","41.93720445","dentist","general_dentistry | medical_service_organizations","202 County St","Attleboro","02703-3535","MA","US","+15083191996","frontdesk@capronparkdental.com","https://www.capronparkdental.com/","https://www.facebook.com/243049968185","","0.9902192950248718","open","9","meta | Overture | Overture-signals","CDLA-Permissive-2.0","2026-04-27T00:00:00.000Z | 2026-06-11T11:57:15Z | 2026-05-12T00:29:08Z | 2026-05-18T13:23:54Z | 2026-05-25T13:08:59Z | 2026-06-01T13:20:32Z | 2026-06-08T13:20:12Z"
"MA","Massachusetts","0232f972-ebaa-44ad-b66b-6aab0c34e864","Cochituate Smile Center","-71.4038908481598","42.3026121896319","dentist","","254 Cochituate Rd","Framingham","01701","MA","US","(508) 875-1060","","https://www.cochituatesmilecenter.com","","","0.9902192950248718","open","4","Foursquare | Overture | Overture-signals","Apache-2.0 | CDLA-Permissive-2.0","2025-08-01T00:00:00.000 | 2026-06-11T11:57:15Z | 2026-05-12T00:29:08Z | 2026-05-18T13:23:54Z | 2026-05-25T13:08:59Z | 2026-06-01T13:20:32Z | 2026-06-08T13:20:12Z"
"MA","Massachusetts","0236c094-82aa-43c2-a1e0-13ea9b77c0dc","Bristol County Dentists","-71.33388696","41.97953111","dentist","general_dentistry","16 Barrows St","North Attleboro","02760-2242","MA","US","+15086953719","officena@marinapinkasdmd.com","https://www.bristolcountydentists.com/","https://www.facebook.com/105473698029908","Aesthetic Dental Associates: Dr. Marina Pinkas","0.9901162981987","","8","meta | Overture","CDLA-Permissive-2.0","2026-04-27T00:00:00.000Z | 2026-06-11T11:57:15Z"
"MA","Massachusetts","02440e3d-1d12-4c26-ab27-55ba94113535","Plaza Family Dental","-71.79865693","42.58302761","dentist","general_dentistry | health_and_medical","435 Main St","Fitchburg","01420-8026","MA","US","+19783438380","plazafamilydental2000@gmail.com","http://plazafamilydentalma.com/","https://www.facebook.com/108676551972975","","0.9199122190475464","open","8","meta | Overture | Overture-signals","CDLA-Permissive-2.0","2026-04-27T00:00:00.000Z | 2026-06-11T11:57:15Z | 2026-05-12T00:29:08Z | 2026-05-18T13:23:54Z | 2026-05-25T13:08:59Z | 2026-06-01T13:20:32Z | 2026-06-08T13:20:12Z"
"MA","Massachusetts","025130a6-3451-4903-8009-b8512de91e3f","Community Family Dental","-71.11179546","42.28365157","dentist","orthodontist | health_and_medical","644 American Legion Hwy","Boston","02131-3901","MA","US","+16175538100","","","https://www.facebook.com/124731984246544","","0.8080368041992188","","9","meta | Overture","CDLA-Permissive-2.0","2026-04-27T00:00:00.000Z | 2026-06-11T11:57:15Z"
"MA","Massachusetts","02af1f3d-7abf-490e-a441-5ccee4309931","Quincy High Care Dentistry","-71.0000373805312","42.2528355804066","dentist","","67 Coddington St Ste LL1","Quincy","02169","MA","US","(617) 405-4524","qhcd@comcast.net","http://www.quincyhighcaredentistry.com","https://www.facebook.com/1579527048936304","","0.9902192950248718","open","4","Foursquare | Overture | Overture-signals","Apache-2.0 | CDLA-Permissive-2.0","2021-09-01T00:00:00.000 | 2026-06-11T11:57:15Z | 2026-05-12T00:29:08Z | 2026-05-18T13:23:54Z | 2026-05-25T13:08:59Z | 2026-06-01T13:20:32Z | 2026-06-08T13:20:12Z"
"MA","Massachusetts","02b155d5-e3eb-4de8-83a0-67a34fd2e72f","Albert E Cangiano","-71.1071976165013","42.4233265027026","dentist","","132 Forest St","Medford","02155","MA","US","(781) 396-8365","","http://carabelli.com","","","0.9199122190475464","open","4","Foursquare | Overture | Overture-signals","Apache-2.0 | CDLA-Permissive-2.0","2025-08-19T00:00:00.000 | 2026-06-11T11:57:15Z | 2026-05-12T00:29:08Z | 2026-05-18T13:23:54Z | 2026-05-25T13:08:59Z | 2026-06-01T13:20:32Z | 2026-06-08T13:20:12Z"
"MA","Massachusetts","02b6aa91-88b8-4d88-9a7b-eb02408069a7","Baystate Dental","-72.48170283","42.15931351","dentist","general_dentistry | cosmetic_dentist","77 Winsor St","Ludlow","01056-3469","MA","US","+14135890083","","https://baystate-dental.com/dentist-office/ludlow-ma-01056?utm_source=Google&utm_medium=KnowledgePanel&utm_campaign=Website","https://www.facebook.com/1174573302555812","Baystate Dental PC","0.9948411464691163","","6","meta | Overture","CDLA-Permissive-2.0","2026-04-27T00:00:00.000Z | 2026-06-11T11:57:15Z"
"MA","Massachusetts","02ba6abc-895a-4b77-b778-d47f604a83aa","Plymouth Bay Dental","-70.6277633302733","41.9143736343662","dentist","","110 Long Pond Rd # 105, Plymouth, MA 02360, United States","Plymouth","02360","MA","US","(508) 746-7900","seoservicesbasci@gmail.com","https://www.plymouthbaydental.com","https://www.instagram.com/plymouthbaydental36","","0.77","","2","Foursquare | Overture","Apache-2.0 | CDLA-Permissive-2.0","2026-02-23T00:00:00.000 | 2026-06-11T11:57:15Z"
"MA","Massachusetts","03061a36-d36f-44f3-bf4c-07d9ccb26220","Motto Clear Aligners","-70.9447509","42.5463662","dentist","health_and_medical","5 Sylvan St","Peabody","01960","MA","US","9789777979","","https://www.aspendental.com/dentist/ma/peabody/5-sylvan-st/motto-clear-aligners/","","","0.9199122190475464","open","6","Microsoft | Overture | Overture-signals","CDLA-Permissive-2.0","2025-10-03T21:20:16.983Z | 2026-06-11T11:57:15Z | 2026-05-12T00:29:08Z | 2026-05-18T13:23:54Z | 2026-05-25T13:08:59Z | 2026-06-01T13:20:32Z | 2026-06-08T13:20:12Z"
"MA","Massachusetts","030d254a-6d5b-446b-87be-0595d04ce9d4","Sepe Steven R DDS","-71.14667752","42.28746006","dentist","general_dentistry | health_and_medical","1686 Centre St","Boston","02132-1240","MA","US","+16173238970","drsepesoffice@gmail.com","http://www.mywestroxburydentist.com/","https://www.facebook.com/509872155851935","","0.9199122190475464","open","9","meta | Overture | Overture-signals","CDLA-Permissive-2.0","2026-04-27T00:00:00.000Z | 2026-06-11T11:57:15Z | 2026-05-12T00:29:08Z | 2026-05-18T13:23:54Z | 2026-05-25T13:08:59Z | 2026-06-01T13:20:32Z | 2026-06-08T13:20:12Z"
"MA","Massachusetts","0314f03b-50b4-420f-91db-aa4201a98413","Berkshire Dental Health","-73.23882389","42.4571471","dentist","general_dentistry | medical_service_organizations","553 Tyler St","Pittsfield","01201-4377","MA","US","+14134488909","office@berkshiredentalhealth.com","http://www.berkshiredentalhealth.com/","https://www.facebook.com/133871166625242","","0.9199122190475464","open","8","meta | Overture | Overture-signals","CDLA-Permissive-2.0","2026-04-27T00:00:00.000Z | 2026-06-11T11:57:15Z | 2026-05-12T00:29:08Z | 2026-05-18T13:23:54Z | 2026-05-25T13:08:59Z | 2026-06-01T13:20:32Z | 2026-06-08T13:20:12Z"
"MA","Massachusetts","033c4ce8-705f-4258-9d1b-a9e47bb5bf32","A-Dent Restoration","-71.23489135","42.27955591","dentist","general_dentistry","60 Dedham Ave","Needham","02492-3043","MA","US","+17815598340","office@adentrestorations.com","https://www.a-dentrestorations.com/","https://www.facebook.com/150652078141772","","0.9199122190475464","open","10","meta | Overture | Overture-signals","CDLA-Permissive-2.0","2026-04-27T00:00:00.000Z | 2026-06-11T11:57:15Z | 2026-05-12T00:29:08Z | 2026-05-18T13:23:54Z | 2026-05-25T13:08:59Z | 2026-06-01T13:20:32Z | 2026-06-08T13:20:12Z"
"MA","Massachusetts","03454c8e-f36d-4bc8-94d7-c1a763b3e2b6","Lawnicki Dental Care","-71.13983","42.45124","dentist","medical_service_organizations | cosmetic_dentist","49 Church St","Winchester","01890-2508","MA","US","+17817291444","info@lawnickidentalcare.com","http://www.lawnickidentalcare.com/","https://www.facebook.com/569687466740761","Lawnicki Dental Care","0.9199122190475464","open","7","meta | Overture | Overture-signals","CDLA-Permissive-2.0","2026-04-27T00:00:00.000Z | 2026-06-11T11:57:15Z | 2026-05-12T00:29:08Z | 2026-05-18T13:23:54Z | 2026-05-25T13:08:59Z | 2026-06-01T13:20:32Z | 2026-06-08T13:20:12Z"
"MA","Massachusetts","03c17ca8-824b-4fb5-9e76-41a1e7763e66","Donnelly Orthodontics","-70.82703657","42.1276659","dentist","orthodontist | medical_service_organizations","20 East St","Hanover","02339-1638","MA","US","+17818264499","smile@bewired.com","https://donnelly-orthodontics.hub.biz/","https://www.facebook.com/134813743317420","","0.9199122190475464","open","7","meta | Overture | Overture-signals","CDLA-Permissive-2.0","2026-04-27T00:00:00.000Z | 2026-06-11T11:57:15Z | 2026-05-12T00:29:08Z | 2026-05-18T13:23:54Z | 2026-05-25T13:08:59Z | 2026-06-01T13:20:32Z | 2026-06-08T13:20:12Z"
"MA","Massachusetts","03ffe8e2-e331-4f63-ac92-467c07f71c2e","Dentistry On Park","-71.149731","42.13853871","dentist","general_dentistry | health_and_medical","450 N Main St","Sharon","02067-1172","MA","US","+17814438131","contactus@dentistryonpark.com","https://dentistryonpark.com/","https://www.facebook.com/853705484691589","","0.9455962181091309","","2","meta | Overture","CDLA-Permissive-2.0","2026-04-27T00:00:00.000Z | 2026-06-11T11:57:15Z"
"MA","Massachusetts","046825e5-5fe2-4884-b846-9276876f3dc9","Karavolas Dentistry","-71.24827754","42.36950775","dentist","doctor | cosmetic_dentist","20 Hope Ave","Waltham","02453-2717","MA","US","+17817900859","karavolasdentistry@gmail.com","http://www.caravolasdentistry.com/","https://www.facebook.com/110600140681495","Karavolas Chris DDS","0.9821380376815796","","8","meta | Overture","CDLA-Permissive-2.0","2026-04-27T00:00:00.000Z | 2026-06-11T11:57:15Z"
"MA","Massachusetts","04708799-ab88-4a2b-9108-3fb72751d50e","Atlantic Dental Partners","-71.11469007","42.31105331","dentist","pediatric_dentist | cosmetic_dentist","729 Centre St","Jamaica Plain","02130-2520","MA","US","+16175241110","jamaicaplain@mysmiles.net","https://www.mysmiles.net/book-appointment","https://www.facebook.com/210730102295867","Atlantic Dental Partners-Jamaica Plain, MA","0.9902192950248718","open","8","meta | Overture | Overture-signals","CDLA-Permissive-2.0","2026-04-27T00:00:00.000Z | 2026-06-11T11:57:15Z | 2026-05-12T00:29:08Z | 2026-05-18T13:23:54Z | 2026-05-25T13:08:59Z | 2026-06-01T13:20:32Z | 2026-06-08T13:20:12Z"
"MA","Massachusetts","047bc3fe-7a13-4425-9b3a-6c3e3375a22f","Evershine Dental Group","-71.79676486","42.26677351","dentist","general_dentistry | cosmetic_dentist","100 MLK Jr Blvd","Worcester","01608-1209","MA","US","+17742437782","reception@evershinedental.com","https://evershinedental.com/","https://www.facebook.com/444903252937086","Evershine Dental Clinic","0.9199122190475464","open","9","meta | Overture | Overture-signals","CDLA-Permissive-2.0","2026-04-27T00:00:00.000Z | 2026-06-11T11:57:15Z | 2026-05-12T00:29:08Z | 2026-05-18T13:23:54Z | 2026-05-25T13:08:59Z | 2026-06-01T13:20:32Z | 2026-06-08T13:20:12Z"
"MA","Massachusetts","04ad0253-55bc-4dba-9462-4d458c814f26","Big Smiles Dental","-72.4836303057203","42.1682054493563","dentist","","433 Center St","Ludlow","01056","MA","US","(413) 610-2500","","http://www.bigsmiles-dentalcare.com","","","0.9199122190475464","open","10","Foursquare | Overture | Overture-signals","Apache-2.0 | CDLA-Permissive-2.0","2025-08-19T00:00:00.000 | 2026-06-11T11:57:15Z | 2026-05-12T00:29:08Z | 2026-05-18T13:23:54Z | 2026-05-25T13:08:59Z | 2026-06-01T13:20:32Z | 2026-06-08T13:20:12Z"
"MA","Massachusetts","04bba527-bb0a-4a93-b6bb-84888e7cda0d","Hudson Family Dental","-71.55040602","42.39412135","dentist","general_dentistry | medical_service_organizations","414 Main St","Hudson","01749","MA","US","+19785622782","smile@hudsonfamilydental.com","http://www.hudsonfamilydental.com/","https://www.facebook.com/116164971727277","Hudson Family Dental","0.9199122190475464","open","9","meta | Overture | Overture-signals","CDLA-Permissive-2.0","2026-04-27T00:00:00.000Z | 2026-06-11T11:57:15Z | 2026-05-12T00:29:08Z | 2026-05-18T13:23:54Z | 2026-05-25T13:08:59Z | 2026-06-01T13:20:32Z | 2026-06-08T13:20:12Z"
"MA","Massachusetts","04c7b229-a7cf-44d4-b411-eb20735f3638","Lexington Prosthodontics","-71.2073659149241","42.4304913896588","dentist","","803 Massachusetts Ave","Lexington","02420","MA","US","(781) 862-8220","info@lexingtonprosthodontics.com","http://www.lexingtonprosthodontics.com","https://www.facebook.com/110315459077381","","0.9199122190475464","open","4","Foursquare | Overture | Overture-signals","Apache-2.0 | CDLA-Permissive-2.0","2021-12-21T00:00:00.000 | 2026-06-11T11:57:15Z | 2026-05-12T00:29:08Z | 2026-05-18T13:23:54Z | 2026-05-25T13:08:59Z | 2026-06-01T13:20:32Z | 2026-06-08T13:20:12Z"
"MA","Massachusetts","05057b2b-3e4a-41ed-a2ed-26c64fa05d0d","Danvers Dental Associates","-70.93787218","42.56358214","dentist","general_dentistry | cosmetic_dentist","83 Elm St","Danvers","01923-2836","MA","US","+19787741531","ddadanvers@yahoo.com","http://www.danvers-dental.com/","https://www.facebook.com/146556262031768","Danvers Dental Associates","0.9199122190475464","open","9","meta | Overture | Overture-signals","CDLA-Permissive-2.0","2026-04-27T00:00:00.000Z | 2026-06-11T11:57:15Z | 2026-05-12T00:29:08Z | 2026-05-18T13:23:54Z | 2026-05-25T13:08:59Z | 2026-06-01T13:20:32Z | 2026-06-08T13:20:12Z"
"MA","Massachusetts","051025cb-6df9-4ed0-9c74-933864b94d0f","Elite Dental of Natick","-71.37590426","42.2778039","dentist","general_dentistry | medical_service_organizations","232 Pond St","Natick","01760-4366","MA","US","+15083199339","info@elitedentalofnatick.com","https://www.elitedentalofnatick.com/","https://www.facebook.com/202037566588689","","0.9902192950248718","open","9","meta | Overture | Overture-signals","CDLA-Permissive-2.0","2026-04-27T00:00:00.000Z | 2026-06-11T11:57:15Z | 2026-05-12T00:29:08Z | 2026-05-18T13:23:54Z | 2026-05-25T13:08:59Z | 2026-06-01T13:20:32Z | 2026-06-08T13:20:12Z"
"MA","Massachusetts","05b0e684-fcc3-4412-bf45-eeef28b246b3","Alpha Dental Taunton","-71.09038905","41.92288775","dentist","general_dentistry | health_and_medical","247 Broadway","Taunton","02780-1508","MA","US","+15088222582","taunton@alphadentalcenter.com","https://alphadentalcenter.com/taunton-location/","https://www.facebook.com/381120095299302","Alpha Dental Center","0.9997915878891945","","9","meta | Overture","CDLA-Permissive-2.0","2026-04-27T00:00:00.000Z | 2026-06-11T11:57:15Z"
"MA","Massachusetts","062c19d6-153a-4ce2-9df8-04807a7406c8","Halifax Family Dental","-70.84377211","41.99390098","dentist","endodontist","284 Monponsett St","Halifax","02338-1430","MA","US","+17812937188","","https://alphadentalcenter.com/halifax-family-dental/","https://www.facebook.com/100319682132812","Doctor Neena Alpha Dental centre","0.9199122190475464","open","9","meta | Overture | Overture-signals","CDLA-Permissive-2.0","2026-04-27T00:00:00.000Z | 2026-06-11T11:57:15Z | 2026-05-12T00:29:08Z | 2026-05-18T13:23:54Z | 2026-05-25T13:08:59Z | 2026-06-01T13:20:32Z | 2026-06-08T13:20:12Z"
"MA","Massachusetts","062ff76e-a1a1-4ede-912c-d07113353351","Marlborough Oral & Maxillofacial Surgery PC","-71.546769","42.34679","dentist","oral_surgeon | hospital","116 Main St","Marlborough","01752-3811","MA","US","+15084855575","","http://www.marlboroughoms.com","https://www.facebook.com/162299157133624","","0.9199122190475464","open","7","meta | Overture | Overture-signals","CDLA-Permissive-2.0","2026-04-27T00:00:00.000Z | 2026-06-11T11:57:15Z | 2026-05-12T00:29:08Z | 2026-05-18T13:23:54Z | 2026-05-25T13:08:59Z | 2026-06-01T13:20:32Z | 2026-06-08T13:20:12Z"
"MA","Massachusetts","0671b8a3-c5c9-438f-8749-866a5d3d2e77","Dr. Ahlin Family Dentistry and Orthodontics","-70.675301","42.609704","dentist","orthodontist | pediatric_dentist","1 Essex Ave","Gloucester","01930-4927","MA","US","+19782939020","jeffahlinortho@aol.com","","https://www.facebook.com/146940892008621","","0.9656265377998352","","7","meta | Overture","CDLA-Permissive-2.0","2026-04-27T00:00:00.000Z | 2026-06-11T11:57:15Z"
"MA","Massachusetts","06aae100-6635-4040-b049-2a564b03c3b0","Cape Pediatric & Family Dentistry","-70.07411838","41.68599073","dentist","pediatric_dentist | health_and_medical","719 Main St","Harwich","02645-2751","MA","US","+15084327555","info@pediatricdentist.org","http://www.pediatricdentist.org","https://www.facebook.com/138244949555906","Cape Pediatric & Family Dentistry","0.9199122190475464","open","7","meta | Overture | Overture-signals","CDLA-Permissive-2.0","2026-04-27T00:00:00.000Z | 2026-06-11T11:57:15Z | 2026-05-12T00:29:08Z | 2026-05-18T13:23:54Z | 2026-05-25T13:08:59Z | 2026-06-01T13:20:32Z | 2026-06-08T13:20:12Z"
"MA","Massachusetts","06b5bce1-390e-453b-b240-38d484f0d2ad","Children's Dentistry","-71.5439457672722","42.1421137277367","dentist","","West Street","Milford","01757","MA","US","(508) 478-2131","","http://pediatricdentistrymilford.com","","","0.77","","5","Foursquare | Overture","Apache-2.0 | CDLA-Permissive-2.0","2025-08-22T00:00:00.000 | 2026-06-11T11:57:15Z"
"MA","Massachusetts","070aeffc-3b7d-4953-87df-5eee64b55c4c","Nashoba Valley Dental","-71.64887578","42.58518918","dentist","general_dentistry | cosmetic_dentist","228 Great Rd","Shirley","01464-2216","MA","US","+19788833133","info@nashobadental.com","http://www.nashobavalleydental.com/","https://www.facebook.com/874995592648918","","0.9998337309360504","","9","meta | Overture","CDLA-Permissive-2.0","2026-04-27T00:00:00.000Z | 2026-06-11T11:57:15Z"
"MA","Massachusetts","0734c9b2-6d4a-47e7-a4be-d599c2936e78","Natick Dental Partners","-71.38772307","42.282528","dentist","general_dentistry","235 W Central St","Natick","01760-3770","MA","US","+15086532417","info@gotfloss.com","http://www.gotfloss.com/","https://www.facebook.com/152889574821756","Natick Dental Partners","0.9902192950248718","open","10","meta | Overture | Overture-signals","CDLA-Permissive-2.0","2026-04-27T00:00:00.000Z | 2026-06-11T11:57:15Z | 2026-05-12T00:29:08Z | 2026-05-18T13:23:54Z | 2026-05-25T13:08:59Z | 2026-06-01T13:20:32Z | 2026-06-08T13:20:12Z"
"MA","Massachusetts","0755bcff-91d8-440a-93ae-9ee91595e5dc","The Face Dental Group","-71.09030337","42.34860186","dentist","prosthodontist | cosmetic_dentist","392 Commonwealth Ave","Boston","02215-2801","MA","US","+16172365969","office@facedentalgroup.com","https://www.facedentalgroup.com/","https://www.facebook.com/254806671054501","","0.9902192950248718","open","8","meta | Overture | Overture-signals","CDLA-Permissive-2.0","2026-04-27T00:00:00.000Z | 2026-06-11T11:57:15Z | 2026-05-12T00:29:08Z | 2026-05-18T13:23:54Z | 2026-05-25T13:08:59Z | 2026-06-01T13:20:32Z | 2026-06-08T13:20:12Z"
"MA","Massachusetts","0794eb74-e4e0-4ed4-a158-525a2717220f","Failla and DeFrancesco Family Dentistry","-71.25085671","42.37621406","dentist","general_dentistry | health_and_medical","976 Main St","Waltham","02451-7413","MA","US","+17818943143","office@fddental.com","http://www.fddental.com/","https://www.facebook.com/220794324628315","Failla and DeFrancesco Family Dentistry","0.988976240158081","","8","meta | Overture","CDLA-Permissive-2.0","2026-04-27T00:00:00.000Z | 2026-06-11T11:57:15Z"
"MA","Massachusetts","07ba78bb-8db8-4916-a79d-ebaa04244cfd","DentPlant","-71.09171063","42.39188388","dentist","periodontist","281 Broadway","Somerville","02145-1979","MA","US","+16175919888","drbrendan@dentplant.net","http://www.dentplant.net","https://www.facebook.com/352878548189925","Dentplant","0.9983141869306564","","9","meta | Overture","CDLA-Permissive-2.0","2026-04-27T00:00:00.000Z | 2026-06-11T11:57:15Z"
"MA","Massachusetts","07c6c084-2a57-4423-8281-8b1d744c57d1","Hanna Family Dental Office","-71.54825843","42.14448489","dentist","general_dentistry | cosmetic_dentist","215 West St","Milford","01757-2277","MA","US","+15084730200","drhannadentistry@gmail.com","","https://www.facebook.com/228251870696545","","0.9892151951789856","","10","meta | Overture","CDLA-Permissive-2.0","2026-04-27T00:00:00.000Z | 2026-06-11T11:57:15Z"
"MA","Massachusetts","07fdf7a7-45cd-4918-867e-c48fc15e3fed","Aesthetic Dental of Whitman","-70.93859","42.080544","dentist","health_and_medical","29 Temple St","Whitman","02382","MA","US","7814474751","","https://alphadentalcenter.com/aesthetic-dental-of-whitman","","","0.9902192950248718","open","4","Microsoft | Overture | Overture-signals","CDLA-Permissive-2.0","2025-08-08T17:32:55.053Z | 2026-06-11T11:57:15Z | 2026-05-12T00:29:08Z | 2026-05-18T13:23:54Z | 2026-05-25T13:08:59Z | 2026-06-01T13:20:32Z | 2026-06-08T13:20:12Z"
"MA","Massachusetts","0800f886-7297-4855-aa58-ff3538bc15bf","Lancaster Dental","-71.67584044","42.43780985","dentist","general_dentistry | health_and_medical","136 High St Ext","Lancaster","01523-2056","MA","US","+19783659497","info@lancasterdmd.com","http://lancasterdmd.com/","https://www.facebook.com/1423987594535552","","0.9199122190475464","open","8","meta | Overture | Overture-signals","CDLA-Permissive-2.0","2026-04-27T00:00:00.000Z | 2026-06-11T11:57:15Z | 2026-05-12T00:29:08Z | 2026-05-18T13:23:54Z | 2026-05-25T13:08:59Z | 2026-06-01T13:20:32Z | 2026-06-08T13:20:12Z"
"MA","Massachusetts","080d6ea8-3131-483b-95b6-fb95ef726a4d","Common Park Dental","-71.81371564","42.26606815","dentist","general_dentistry | cosmetic_dentist","111 Elm St","Worcester","01609-1967","MA","US","+15087621945","info@commonparkdental.com","https://www.commonparkdental.com/","https://www.facebook.com/502485583205442","","0.9994950833618641","","8","meta | Overture","CDLA-Permissive-2.0","2026-04-27T00:00:00.000Z | 2026-06-11T11:57:15Z"
"MA","Massachusetts","08215383-4d53-4e43-984d-555b3c7c7283","Worcester Dental Arts","-71.80646254","42.28335333","dentist","orthodontist","300 Grove St","Worcester","01605-3908","MA","US","+15087932114","","https://www.worcesterdentalarts.com/","https://www.facebook.com/172376882634656","","0.9199122190475464","open","7","meta | Overture | Overture-signals","CDLA-Permissive-2.0","2026-04-27T00:00:00.000Z | 2026-06-11T11:57:15Z | 2026-05-12T00:29:08Z | 2026-05-18T13:23:54Z | 2026-05-25T13:08:59Z | 2026-06-01T13:20:32Z | 2026-06-08T13:20:12Z"
"MA","Massachusetts","0895ecbb-4f24-4481-928b-9f9877cd2bb1","Cambridge Dental Associates","-71.1004426737019","42.3729925166025","dentist","","126 Inman St","Cambridge","02139","MA","US","(617) 492-8210","cambridgedentalassociates@gmail.com","","https://www.facebook.com/107480085986555","","0.9902192950248718","open","5","Foursquare | Overture | Overture-signals","Apache-2.0 | CDLA-Permissive-2.0","2026-03-18T00:00:00.000 | 2026-06-11T11:57:15Z | 2026-05-12T00:29:08Z | 2026-05-18T13:23:54Z | 2026-05-25T13:08:59Z | 2026-06-01T13:20:32Z | 2026-06-08T13:20:12Z"
"MA","Massachusetts","08bb2f3c-2607-4a01-b5ee-1e0e1d9ee7c8","Progressive Dental Management","-71.22782089","42.30991083","dentist","general_dentistry","220 Reservoir St","Needham","02494-3133","MA","US","+17814005920","","","https://www.facebook.com/100287268207901","","0.9199122190475464","open","7","meta | Overture | Overture-signals","CDLA-Permissive-2.0","2026-04-27T00:00:00.000Z | 2026-06-11T11:57:15Z | 2026-05-12T00:29:08Z | 2026-05-18T13:23:54Z | 2026-05-25T13:08:59Z | 2026-06-01T13:20:32Z | 2026-06-08T13:20:12Z"
"MA","Massachusetts","08cbe879-13d3-40eb-83c2-12a5651b4264","Dr. James Mcdonough DDS","-71.0174062112898","42.2686708028132","dentist","","628 Hancock St","Quincy","02170","MA","US","(617) 479-8375","","http://www.wollastondentalgroup.com","","","0.9199122190475464","open","4","Foursquare | Overture | Overture-signals","Apache-2.0 | CDLA-Permissive-2.0","2025-08-22T00:00:00.000 | 2026-06-11T11:57:15Z | 2026-05-12T00:29:08Z | 2026-05-18T13:23:54Z | 2026-05-25T13:08:59Z | 2026-06-01T13:20:32Z | 2026-06-08T13:20:12Z"
"MA","Massachusetts","08d1849a-ad40-439e-8871-adc7f4b47923","Chadda Dental Associates","-71.12378688","42.25690669","dentist","general_dentistry | doctor","1234 Hyde Park Ave","Hyde Park","02136-2819","MA","US","+16173616996","","http://beautifulbostonsmiles.com","https://www.facebook.com/487341214704103","","0.9199122190475464","open","7","meta | Overture | Overture-signals","CDLA-Permissive-2.0","2026-04-27T00:00:00.000Z | 2026-06-11T11:57:15Z | 2026-05-12T00:29:08Z | 2026-05-18T13:23:54Z | 2026-05-25T13:08:59Z | 2026-06-01T13:20:32Z | 2026-06-08T13:20:12Z"
"MA","Massachusetts","08d4c8f8-6be6-4520-bb72-13f7f5ef96a6","Emessa Dental Associates","-71.144411","42.139135","dentist","teeth_whitening | health_and_medical","95 Washington St","Canton","02021","MA","US","+17818282600","info@emessadental.com","http://www.emessadental.com/","https://www.facebook.com/280879175351093","Emessa Dental Associates","0.9722161889076233","","7","meta | Overture","CDLA-Permissive-2.0","2026-04-27T00:00:00.000Z | 2026-06-11T11:57:15Z"
"MA","Massachusetts","08ea1d1c-c238-4695-9648-14aec53aef28","Alliance Dental Care","-72.53123965","42.04306792","dentist","general_dentistry","265 Benton Dr","East Longmeadow","01028-3219","MA","US","+14135070362","","https://www.dentisteastlongmeadow.com/","https://www.facebook.com/108288202213531","","0.9199122190475464","open","8","meta | Overture | Overture-signals","CDLA-Permissive-2.0","2026-04-27T00:00:00.000Z | 2026-06-11T11:57:15Z | 2026-05-12T00:29:08Z | 2026-05-18T13:23:54Z | 2026-05-25T13:08:59Z | 2026-06-01T13:20:32Z | 2026-06-08T13:20:12Z"
"MA","Massachusetts","0902a6a3-382d-4bbb-80c2-efa46aa13ea8","Merry Dental","-71.27342168","42.56627707","dentist","cosmetic_dentist | teeth_whitening","337 Boston Rd","Billerica","01821-1819","MA","US","+19784045400","merrydentalpc@gmail.com","http://www.merrydentalpc.com/","https://www.facebook.com/259046004113668","","0.9973032891750335","","7","meta | Overture","CDLA-Permissive-2.0","2026-04-27T00:00:00.000Z | 2026-06-11T11:57:15Z"
"MA","Massachusetts","09188d57-b580-455e-8bee-9dd8c4d09d8e","Bankhead & Groipen","-71.124262877477","42.2560933492677","dentist","","1259 Hyde Park Ave","Hyde Park","02136","MA","US","(617) 364-5500","","http://www.bankheadandgroipen.com","","","0.9199122190475464","open","4","Foursquare | Overture | Overture-signals","Apache-2.0 | CDLA-Permissive-2.0","2025-12-23T00:00:00.000 | 2026-06-11T11:57:15Z | 2026-05-12T00:29:08Z | 2026-05-18T13:23:54Z | 2026-05-25T13:08:59Z | 2026-06-01T13:20:32Z | 2026-06-08T13:20:12Z"
"MA","Massachusetts","09dae18a-7101-48c3-9700-d0fdccb76f70","Cleft Lip and Palate Program at Waltham","-71.2483295","42.3688361","dentist","health_and_medical","9 Hope Avenue, Boston Children's at Waltham","Waltham","02453","MA","US","6173556309","","https://www.childrenshospital.org/programs/cleft-lip-and-palate-program","","","0.85","","9","Microsoft | Overture","CDLA-Permissive-2.0","2024-04-06T07:43:21.253Z | 2026-06-11T11:57:15Z"
"MA","Massachusetts","09ddf2e3-5ae0-4686-b15e-7bf96d1c7496","The Dental Group at Post Office Square","-71.05649223","42.35672705","dentist","general_dentistry | medical_service_organizations","3 Post Office Sq","Boston","02109-2244","MA","US","+16174266011","tdgpos@yahoo.com","http://www.tdg3pos.com","https://www.facebook.com/100486562115683","The Dental Group At Post Office Square","0.981884217262268","","8","meta | Overture","CDLA-Permissive-2.0","2026-04-27T00:00:00.000Z | 2026-06-11T11:57:15Z"
"MA","Massachusetts","09f3e6e4-af62-46d9-9f6d-904106c93b75","Excel Dental Methuen","-71.15957234","42.72430998","dentist","general_dentistry","49 Jackson St","Methuen","01844-5068","MA","US","+19782582377","methuen@ourexceldental.com","https://www.ourexceldental.com/","https://www.facebook.com/2074650436162276","Excel Dental Lowell","0.9902192950248718","open","8","meta | Overture | Overture-signals","CDLA-Permissive-2.0","2026-04-27T00:00:00.000Z | 2026-06-11T11:57:15Z | 2026-05-12T00:29:08Z | 2026-05-18T13:23:54Z | 2026-05-25T13:08:59Z | 2026-06-01T13:20:32Z | 2026-06-08T13:20:12Z"
"MA","Massachusetts","09fa8cd0-bc77-495b-b876-58f4aab01e1f","Brown Richard S Dr","-71.1242828","42.37856159","dentist","fashion_accessories_store | hospital","14 Concord Ave","Cambridge","02138-2356","MA","US","+16178642577","","","https://www.facebook.com/347988691919891","","0.9199122190475464","open","6","meta | Overture | Overture-signals","CDLA-Permissive-2.0","2026-04-27T00:00:00.000Z | 2026-06-11T11:57:15Z | 2026-05-12T00:29:08Z | 2026-05-18T13:23:54Z | 2026-05-25T13:08:59Z | 2026-06-01T13:20:32Z | 2026-06-08T13:20:12Z"
"MA","Massachusetts","0a3de251-bf2b-47a6-ae94-714b90234074","Dr. Mia W. Fitzgerald, DMD","-71.41575727","42.37489899","dentist","general_dentistry","200 Concord Rd","Sudbury","01776-2352","MA","US","+19784436081","","http://www.miafitzgerald.com/","https://www.facebook.com/165163034035099","","0.9691926836967468","","2","meta | Overture","CDLA-Permissive-2.0","2026-04-27T00:00:00.000Z | 2026-06-11T11:57:15Z"
"MA","Massachusetts","0a3ee6d7-04c5-47a6-8807-a086718fecde","Yoon H Kang DMD PhD","-71.1934684996409","42.32984925081","dentist","","93 Union St Ste 404","Newton","02459","MA","US","(617) 244-8087","ykangdmd@verizon.net","http://www.ykangdmd.com","https://www.facebook.com/211285005586287","","0.9199122190475464","open","4","Foursquare | Overture | Overture-signals","Apache-2.0 | CDLA-Permissive-2.0","2025-08-22T00:00:00.000 | 2026-06-11T11:57:15Z | 2026-05-12T00:29:08Z | 2026-05-18T13:23:54Z | 2026-05-25T13:08:59Z | 2026-06-01T13:20:32Z | 2026-06-08T13:20:12Z"
"MA","Massachusetts","0a427343-d95e-4641-9a28-f52332c1a83f","Dr Shea.","-71.1628916207999","42.293811524486","dentist","","335 Corey St","West Roxbury","02132","MA","US","(617) 327-5335","","http://sheadentistry.com","","","0.9199122190475464","open","4","Foursquare | Overture | Overture-signals","Apache-2.0 | CDLA-Permissive-2.0","2026-03-13T00:00:00.000 | 2026-06-11T11:57:15Z | 2026-05-12T00:29:08Z | 2026-05-18T13:23:54Z | 2026-05-25T13:08:59Z | 2026-06-01T13:20:32Z | 2026-06-08T13:20:12Z"
"MA","Massachusetts","0a479aba-b350-4081-a37e-785c966ec7e3","Dr Max Kernizan D.M.D.","-72.524425302126","42.0775995315359","dentist","","382 N Main St","East Longmeadow","01028","MA","US","(413) 525-0100","","http://westernmassoralsurgery.com","","","0.9199122190475464","open","4","Foursquare | Overture | Overture-signals","Apache-2.0 | CDLA-Permissive-2.0","2025-08-19T00:00:00.000 | 2026-06-11T11:57:15Z | 2026-05-12T00:29:08Z | 2026-05-18T13:23:54Z | 2026-05-25T13:08:59Z | 2026-06-01T13:20:32Z | 2026-06-08T13:20:12Z"
"MA","Massachusetts","0a53464d-bbe9-47c6-8115-348c5d77d711","Unique Dental of Winchendon","-72.04746581","42.68241027","dentist","general_dentistry","77 Central St","Winchendon","01475","MA","US","+19782970675","smile@uniquedentalofwinchendon.com","https://uniquedentalofwinchendon.com/","https://www.facebook.com/100552274718266","","0.9199122190475464","open","9","meta | Overture | Overture-signals","CDLA-Permissive-2.0","2026-04-27T00:00:00.000Z | 2026-06-11T11:57:15Z | 2026-05-12T00:29:08Z | 2026-05-18T13:23:54Z | 2026-05-25T13:08:59Z | 2026-06-01T13:20:32Z | 2026-06-08T13:20:12Z"
"MA","Massachusetts","0a6afdca-3b77-41aa-8701-54854323a337","Dr. Richard Oliver","-71.0577305131819","42.353836830853","dentist","","295 Devonshire St Fl 3","Boston","02110","MA","US","(617) 350-7774","info@richardoliverdmd.com","http://www.richardoliverdmd.com","","","0.9199122190475464","open","4","Foursquare | Overture | Overture-signals","Apache-2.0 | CDLA-Permissive-2.0","2026-01-15T00:00:00.000 | 2026-06-11T11:57:15Z | 2026-05-12T00:29:08Z | 2026-05-18T13:23:54Z | 2026-05-25T13:08:59Z | 2026-06-01T13:20:32Z | 2026-06-08T13:20:12Z"
"MA","Massachusetts","0a83a979-1bc6-4d3a-9079-6041cc5e9d1c","All Dental","-71.32835487","41.98290727","dentist","general_dentistry | medical_service_organizations","90 Orne St","North Attleboro","02760-6328","MA","US","+15086951903","info@alldentalna.com","https://www.alldentalna.com/","https://www.facebook.com/140188639444287","","0.9988752943277359","open","10","meta | Overture | Overture-signals","CDLA-Permissive-2.0","2026-04-27T00:00:00.000Z | 2026-06-11T11:57:15Z | 2026-06-08T13:20:12Z"
"MA","Massachusetts","0aef4a4f-3783-43a3-b6e1-4f8706de3f96","Great Road Dental Associates","-71.41774178","42.49760593","dentist","general_dentistry | health_and_medical","296 Great Rd","Acton","01720-4785","MA","US","+19782638525","admin@greatroaddental.com","http://www.greatroaddental.com/","https://www.facebook.com/220405838007138","","0.9199122190475464","open","9","meta | Overture | Overture-signals","CDLA-Permissive-2.0","2026-04-27T00:00:00.000Z | 2026-06-11T11:57:15Z | 2026-05-12T00:29:08Z | 2026-05-18T13:23:54Z | 2026-05-25T13:08:59Z | 2026-06-01T13:20:32Z | 2026-06-08T13:20:12Z"
"MA","Massachusetts","0b25018b-e2be-4203-87a2-4b3e0cc2e955","David M. Wolf","-71.48930139","42.142599","dentist","general_dentistry","37 Birch St","Milford","01757-5501","MA","US","+15084734999","office@davidwolfdds.com","http://www.davidwolfdds.com/","https://www.facebook.com/141620069182321","","0.9199122190475464","open","5","meta | Overture | Overture-signals","CDLA-Permissive-2.0","2026-04-27T00:00:00.000Z | 2026-06-11T11:57:15Z | 2026-05-12T00:29:08Z | 2026-05-18T13:23:54Z | 2026-05-25T13:08:59Z | 2026-06-01T13:20:32Z | 2026-06-08T13:20:12Z"
"MA","Massachusetts","0b30d309-c4ca-47a0-a793-abf4580b4025","Raynham Dental Group","-71.0391944","41.90716897","dentist","general_dentistry | doctor","688 Orchard St","Raynham","02767-1342","MA","US","+15088242202","contact@raynhamdentalgroup.com","http://www.michaelscanlondds.com/","https://www.facebook.com/802845416477428","","0.9902192950248718","open","7","meta | Overture | Overture-signals","CDLA-Permissive-2.0","2026-04-27T00:00:00.000Z | 2026-06-11T11:57:15Z | 2026-05-12T00:29:08Z | 2026-05-18T13:23:54Z | 2026-05-25T13:08:59Z | 2026-06-01T13:20:32Z | 2026-06-08T13:20:12Z"
"MA","Massachusetts","0b36fad8-86e9-4e66-9ab8-658d350ca6b0","Aarohi Dental PC","-70.92934314","41.63067691","dentist","general_dentistry | doctor","399 County St","New Bedford","02740-7943","MA","US","+15089975577","aarohidental@gmail.com","http://aarohidental.com/","https://www.facebook.com/105605905693574","Aarohi Dental - Dr. Palayam","0.9199122190475464","open","9","meta | Overture | Overture-signals","CDLA-Permissive-2.0","2026-04-27T00:00:00.000Z | 2026-06-11T11:57:15Z | 2026-05-12T00:29:08Z | 2026-05-18T13:23:54Z | 2026-05-25T13:08:59Z | 2026-06-01T13:20:32Z | 2026-06-08T13:20:12Z"
"MA","Massachusetts","0b4d1762-dcb2-4580-a5eb-91ee57dab80a","Danvers Dental Care","-70.93530804","42.56995779","dentist","general_dentistry | medical_service_organizations","40 Poplar St","Danvers","01923-2285","MA","US","+19787748181","danversdental@yahoo.com","http://www.danversdentalcare.com/","https://www.facebook.com/164199160447290","","0.9199122190475464","open","8","meta | Overture | Overture-signals","CDLA-Permissive-2.0","2026-04-27T00:00:00.000Z | 2026-06-11T11:57:15Z | 2026-05-12T00:29:08Z | 2026-05-18T13:23:54Z | 2026-05-25T13:08:59Z | 2026-06-01T13:20:32Z | 2026-06-08T13:20:12Z"
"MA","Massachusetts","0b5570ee-5bfd-4631-a5a7-0c7a89ab847b","Robert M Burton DMD","-71.22907734","42.30559034","dentist","general_dentistry","56 Kearney Rd","Needham","02494-2500","MA","US","+16173321234","drburtonneedham@gmail.com","http://www.drrobertmburton.com/","https://www.facebook.com/105042245616072","","0.9199122190475464","open","7","meta | Overture | Overture-signals","CDLA-Permissive-2.0","2026-04-27T00:00:00.000Z | 2026-06-11T11:57:15Z | 2026-05-12T00:29:08Z | 2026-05-18T13:23:54Z | 2026-05-25T13:08:59Z | 2026-06-01T13:20:32Z | 2026-06-08T13:20:12Z"
"MA","Massachusetts","0b566375-1397-4ca2-a929-3fd822c75d9f","Perfect Dental","-71.28482816","41.94215443","dentist","general_dentistry | health_and_medical","1 Wall St","Attleboro","02703-2844","MA","US","+17742033757","attleboro@myperfectdental.com","https://www.perfectdental.com/locations/perfect-dental-attleboro/","https://www.facebook.com/470713543011676","Perfect Dental","0.9902192950248718","open","9","meta | Overture | Overture-signals","CDLA-Permissive-2.0","2026-04-27T00:00:00.000Z | 2026-06-11T11:57:15Z | 2026-05-12T00:29:08Z | 2026-05-18T13:23:54Z | 2026-05-25T13:08:59Z | 2026-06-01T13:20:32Z | 2026-06-08T13:20:12Z"
"MA","Massachusetts","0b5ff772-5bdd-42be-9f28-755b72ab198a","Advanced Dental Technologies","-71.10833942","42.47894784","dentist","general_dentistry","85 Maple St","Stoneham","02180-3197","MA","US","+17814386110","customerservice@adt-us.com","http://www.adt-us.com/","https://www.facebook.com/441043876351970","","0.9199122190475464","open","7","meta | Overture | Overture-signals","CDLA-Permissive-2.0","2026-04-27T00:00:00.000Z | 2026-06-11T11:57:15Z | 2026-05-12T00:29:08Z | 2026-05-18T13:23:54Z | 2026-05-25T13:08:59Z | 2026-06-01T13:20:32Z | 2026-06-08T13:20:12Z"
"MA","Massachusetts","0b6a93d6-7cdb-4278-b043-554b3b3fd5cd","Occlusion Prosthetics","-70.2946367","41.68235089","dentist","cosmetic_dentist","270 Communication Way","Barnstable","02601-1883","MA","US","+15088274377","occlusionprosthetics@gmail.com","","https://www.facebook.com/108775839792879","","0.9199122190475464","open","8","meta | Overture | Overture-signals","CDLA-Permissive-2.0","2026-04-27T00:00:00.000Z | 2026-06-11T11:57:15Z | 2026-05-12T00:29:08Z | 2026-05-18T13:23:54Z | 2026-05-25T13:08:59Z | 2026-06-01T13:20:32Z | 2026-06-08T13:20:12Z"
"MA","Massachusetts","0b8c733d-f525-4913-bd61-20400a0a3c05","Excel Dental Chelsea","-71.03740682","42.38988029","dentist","general_dentistry","110 Park St","Chelsea","02150-2709","MA","US","+16174662277","chelsea@ourexceldental.com","http://www.ourexceldental.com/","https://www.facebook.com/104704942374787","Excel Dental Lowell","0.9902192950248718","open","8","meta | Overture | Overture-signals","CDLA-Permissive-2.0","2026-04-27T00:00:00.000Z | 2026-06-11T11:57:15Z | 2026-05-12T00:29:08Z | 2026-05-18T13:23:54Z | 2026-05-25T13:08:59Z | 2026-06-01T13:20:32Z | 2026-06-08T13:20:12Z"
"MA","Massachusetts","0b9bbd0e-3fb5-4de0-8f2b-62f64ddd8f83","Dentistry With A Smile","-71.15864303","41.69025075","dentist","general_dentistry | cosmetic_dentist","920 Plymouth Ave","Fall River","02721-1944","MA","US","+15086726471","info@dentistrywithasmile.com","https://www.dentistrywithasmile.com/","https://www.facebook.com/501822936554396","Dentistry with a Smile, LLC","0.9902192950248718","open","11","meta | Overture | Overture-signals","CDLA-Permissive-2.0","2026-04-27T00:00:00.000Z | 2026-06-11T11:57:15Z | 2026-05-12T00:29:08Z | 2026-05-18T13:23:54Z | 2026-05-25T13:08:59Z | 2026-06-01T13:20:32Z | 2026-06-08T13:20:12Z"
"MA","Massachusetts","0ba52b7d-633c-461d-95c8-02cb9ad1c697","Massasoit Dental Associates","-71.03152062","42.07806895","dentist","general_dentistry | cosmetic_dentist","288 Belmont St","Brockton","02301-5188","MA","US","+15085830103","info@massasoitdental.com","http://www.massasoitdental.com/","https://www.facebook.com/55750910171","Massasoit Dental Associates","0.9902192950248718","open","8","meta | Overture | Overture-signals","CDLA-Permissive-2.0","2026-04-27T00:00:00.000Z | 2026-06-11T11:57:15Z | 2026-05-12T00:29:08Z | 2026-05-18T13:23:54Z | 2026-05-25T13:08:59Z | 2026-06-01T13:20:32Z | 2026-06-08T13:20:12Z"
"MA","Massachusetts","0bd4d4e3-7852-486d-a390-314b6d9f6934","Incredible Dental","-71.03511358","42.11460126","dentist","general_dentistry | health_and_medical","747 W Main St","Avon","02322-1746","MA","US","+15085878300","tcurtindds@comcast.net","http://www.incredibledental.net/","https://www.facebook.com/260084457377414","Incredible Dental","0.9199122190475464","open","9","meta | Overture | Overture-signals","CDLA-Permissive-2.0","2026-04-27T00:00:00.000Z | 2026-06-11T11:57:15Z | 2026-05-12T00:29:08Z | 2026-05-18T13:23:54Z | 2026-05-25T13:08:59Z | 2026-06-01T13:20:32Z | 2026-06-08T13:20:12Z"
"MA","Massachusetts","0bde79f4-b5ca-4daf-baa0-2256119ac2b1","Derek Song, DMD","-71.20667714","42.51523657","dentist","cosmetic_dentist | hospital","281 Cambridge St","Burlington","01803-2529","MA","US","+17812725890","info@dereksongdmd.com","https://www.dereksongdmd.com/","https://www.facebook.com/2016116351796831","","0.9199122190475464","open","7","meta | Overture | Overture-signals","CDLA-Permissive-2.0","2026-04-27T00:00:00.000Z | 2026-06-11T11:57:15Z | 2026-05-12T00:29:08Z | 2026-05-18T13:23:54Z | 2026-05-25T13:08:59Z | 2026-06-01T13:20:32Z | 2026-06-08T13:20:12Z"
"MA","Massachusetts","0c2cb850-d7a1-41f5-9bb7-b43fc5d497f3","Mullany Dentistry of Duxbury","-70.6915219","42.0597862","dentist","health_and_medical","10 Enterprise St Ste 7","Duxbury","02332","MA","US","7819342120","","https://dentistduxbury.com/","","","0.85","","8","Microsoft | Overture","CDLA-Permissive-2.0","2025-08-30T17:38:36.593Z | 2026-06-11T11:57:15Z"
"MA","Massachusetts","0c524513-b700-4833-8db6-04702360bd5b","L. David Gassiraro DMD","-71.16378149","42.29300239","dentist","general_dentistry | health_and_medical","725 VFW Pkwy","Boston","02132-1744","MA","US","+16173232796","drldgassiraro@aol.com","http://gassirarodental.com/","https://www.facebook.com/190136331008164","","0.9199122190475464","open","8","meta | Overture | Overture-signals","CDLA-Permissive-2.0","2026-04-27T00:00:00.000Z | 2026-06-11T11:57:15Z | 2026-05-12T00:29:08Z | 2026-05-18T13:23:54Z | 2026-05-25T13:08:59Z | 2026-06-01T13:20:32Z | 2026-06-08T13:20:12Z"
"MA","Massachusetts","0c55edb8-4bee-48ce-a125-85a83a49dc3b","Motto Clear Aligners","-71.0474452","41.9067717","dentist","health_and_medical","500 South St W","Raynham","02767","MA","US","5088226565","","https://www.aspendental.com/dentist/ma/raynham/500-south-street-west/motto-clear-aligners/","","","0.9199122190475464","open","8","Microsoft | Overture | Overture-signals","CDLA-Permissive-2.0","2025-10-03T21:21:41.673Z | 2026-06-11T11:57:15Z | 2026-05-12T00:29:08Z | 2026-05-18T13:23:54Z | 2026-05-25T13:08:59Z | 2026-06-01T13:20:32Z | 2026-06-08T13:20:12Z"
"MA","Massachusetts","0c7b4bc0-c3a8-49f1-aa4f-9c777dc20571","Dentists of Worcester","-71.80404291","42.28863349","dentist","general_dentistry | health_and_medical","70 Gold Star Blvd","Worcester","01606-2812","MA","US","+15086359543","dentistsofworcester@smilegeneration.com","https://spklr.io/6002qANE?y_source=1_MTAyMjAyMTk0MC01NTktbG9jYXRpb24ud2Vic2l0ZQ%3D%3D","https://www.facebook.com/322683400930651","Smile Generation","0.9199122190475464","open","7","meta | Overture | Overture-signals","CDLA-Permissive-2.0","2026-04-27T00:00:00.000Z | 2026-06-11T11:57:15Z | 2026-05-12T00:29:08Z | 2026-05-18T13:23:54Z | 2026-05-25T13:08:59Z | 2026-06-01T13:20:32Z | 2026-06-08T13:20:12Z"
"MA","Massachusetts","0c815e93-c6f9-4913-a883-414f8c5d8cfa","My Dental Kids and Adult Dentistry","-71.23683569","42.37089025","dentist","general_dentistry","314 Moody St","Waltham","02453-5202","MA","US","+17813980000","mydentalwaltham@gmail.com","http://www.mydentalcares.com/","https://www.facebook.com/129744963798859","My Dental East Boston","0.9199122190475464","open","8","meta | Overture | Overture-signals","CDLA-Permissive-2.0","2026-04-27T00:00:00.000Z | 2026-06-11T11:57:15Z | 2026-05-12T00:29:08Z | 2026-05-18T13:23:54Z | 2026-05-25T13:08:59Z | 2026-06-01T13:20:32Z | 2026-06-08T13:20:12Z"
"MA","Massachusetts","0ca1d0e1-e0b8-4231-8d81-8b5efc75886b","Dental Partners Of Boston At Fort Point","-71.0480211900818","42.3522878128335","dentist","","46 Farnsworth St","Boston","02210","MA","US","(617) 802-6888","contact@dentalpartnersofboston.com","https://www.dentalpartnersofboston.com","","","0.77","","5","Foursquare | Overture","Apache-2.0 | CDLA-Permissive-2.0","2025-10-17T00:00:00.000 | 2026-06-11T11:57:15Z"
"MA","Massachusetts","0caaecf5-b840-4535-b010-e07635bea0ec","MGS Dental","-71.21059858","42.5941407","dentist","general_dentistry | cosmetic_dentist","1756 Main St","Tewksbury","01876-2003","MA","US","+19788458706","info@mgs.dental","http://mgs.dental/virtualconsult","https://www.facebook.com/167093219974484","","0.9902192950248718","open","9","meta | Overture | Overture-signals","CDLA-Permissive-2.0","2026-04-27T00:00:00.000Z | 2026-06-11T11:57:15Z | 2026-05-12T00:29:08Z | 2026-05-18T13:23:54Z | 2026-05-25T13:08:59Z | 2026-06-01T13:20:32Z | 2026-06-08T13:20:12Z"
"MA","Massachusetts","0cb9bc5e-8a94-4328-82e7-bcb9b20768e2","Easton Family Dental","-71.0815847","42.04765503","dentist","general_dentistry | medical_service_organizations","584 Washington St","South Easton","02375-1145","MA","US","+15082050560","mfdmd@eastonfamilydental.net","http://eastonfamilydental.net/","https://www.facebook.com/388720807868106","Easton Family Dental","0.9949991703033447","","8","meta | Overture","CDLA-Permissive-2.0","2026-04-27T00:00:00.000Z | 2026-06-11T11:57:15Z"
"MA","Massachusetts","0ccdaa42-b68b-4e63-a432-dff001f76553","New England Oral Surgery Assoc.","-71.2739084943903","42.5660631100391","dentist","","337 Boston Rd","Billerica","01821","MA","US","(978) 667-8600","","http://www.newenglandoralsurgery.com","https://www.facebook.com/162783527073584","","0.9199122190475464","open","4","Foursquare | Overture | Overture-signals","Apache-2.0 | CDLA-Permissive-2.0","2024-06-17T00:00:00.000 | 2026-06-11T11:57:15Z | 2026-05-12T00:29:08Z | 2026-05-18T13:23:54Z | 2026-05-25T13:08:59Z | 2026-06-01T13:20:32Z | 2026-06-08T13:20:12Z"
"MA","Massachusetts","0cdef11f-6f2c-4eca-821f-3b90766103ea","Q Smile Dental Spa","-71.04212629","42.14661494","dentist","general_dentistry | cosmetic_dentist","482 S Main St","Randolph","02368-5223","MA","US","+16174798420","qsmileds@gmail.com","http://www.Qsmileds.com/","https://www.facebook.com/103912144328244","","0.9902192950248718","open","7","meta | Overture | Overture-signals","CDLA-Permissive-2.0","2026-04-27T00:00:00.000Z | 2026-06-11T11:57:15Z | 2026-05-12T00:29:08Z | 2026-05-18T13:23:54Z | 2026-05-25T13:08:59Z | 2026-06-01T13:20:32Z | 2026-06-08T13:20:12Z"
"MA","Massachusetts","0cfab3f9-08a6-46ec-b27b-e31f76abf3b3","Darling and Kramers","-70.88952771","42.24126903","dentist","general_dentistry | doctor","22 Central St","Hingham","02043-2515","MA","US","+17817490781","jeffreydarlingdmd@gmail.com","http://jeffreydarlingdmd.com/","https://www.facebook.com/1582312405364987","","0.9199122190475464","open","7","meta | Overture | Overture-signals","CDLA-Permissive-2.0","2026-04-27T00:00:00.000Z | 2026-06-11T11:57:15Z | 2026-05-12T00:29:08Z | 2026-05-18T13:23:54Z | 2026-05-25T13:08:59Z | 2026-06-01T13:20:32Z | 2026-06-08T13:20:12Z"
"MA","Massachusetts","0d0e4067-8b5b-438e-9d7f-931fe7cabe7b","Dr. Megan Swanson DDS","-71.1509669796317","42.4819446893013","dentist","","474 Main St","Woburn","01801","MA","US","(781) 604-3999","","https://www.woburndentistryma.com","","","0.9199122190475464","open","4","Foursquare | Overture | Overture-signals","Apache-2.0 | CDLA-Permissive-2.0","2024-10-16T00:00:00.000 | 2026-06-11T11:57:15Z | 2026-05-12T00:29:08Z | 2026-05-18T13:23:54Z | 2026-05-25T13:08:59Z | 2026-06-01T13:20:32Z | 2026-06-08T13:20:12Z"
"MA","Massachusetts","0d1e960e-25a3-4266-868d-9a735736f922","Yvonne Small DMD","-71.1317249831082","42.2827797026278","dentist","","4354 Washington St","Roslindale","02131","MA","US","(617) 323-1743","","http://collegedegreeconnect.com","","","0.77","","6","Foursquare | Overture","Apache-2.0 | CDLA-Permissive-2.0","2025-10-17T00:00:00.000 | 2026-06-11T11:57:15Z"
"MA","Massachusetts","0d69417a-e92d-45ba-a3aa-94ae1052378e","Aesthetic Dental Associates","-71.14971828","42.13835682","dentist","doctor | health_and_medical","450 N Main St","Sharon","02067-1172","MA","US","+17817844888","office@marinapinkasdmd.com","http://www.marinapinkasdmd.com/","https://www.facebook.com/650744141625976","Aesthetic Dental Associates: Dr. Marina Pinkas","0.9199122190475464","open","8","meta | Overture | Overture-signals","CDLA-Permissive-2.0","2026-04-27T00:00:00.000Z | 2026-06-11T11:57:15Z | 2026-05-12T00:29:08Z | 2026-05-18T13:23:54Z | 2026-05-25T13:08:59Z | 2026-06-01T13:20:32Z | 2026-06-08T13:20:12Z"
"MA","Massachusetts","0d8d6a22-61bf-43c3-89e7-9458cf6d4052","Hirayama DMD","-71.0805955588328","42.349099041014","dentist","","745 Boylston St","Boston","02116","MA","US","(617) 536-3984","","http://www.kikukohirayama.com","","","0.9199122190475464","open","4","Foursquare | Overture | Overture-signals","Apache-2.0 | CDLA-Permissive-2.0","2024-12-13T00:00:00.000 | 2026-06-11T11:57:15Z | 2026-05-12T00:29:08Z | 2026-05-18T13:23:54Z | 2026-05-25T13:08:59Z | 2026-06-01T13:20:32Z | 2026-06-08T13:20:12Z"
"MA","Massachusetts","0d9cc06e-f040-4e67-b886-e89b3f48321c","Dalwin Bruce","-71.5755817001963","42.5428573277437","dentist","","325 Ayer Rd","Harvard","01451","MA","US","(978) 772-6658","wbrucedalwin@yahoo.com","http://www.dalwinfamilydentistry.com","https://www.facebook.com/296234687151689","","0.77","","5","Foursquare | Overture","Apache-2.0 | CDLA-Permissive-2.0","2026-04-05T00:00:00.000 | 2026-06-11T11:57:15Z"
"MA","Massachusetts","0db5e71d-5910-4965-b9ea-21ee8194aae0","Amherst Dental Group","-72.50596604","42.37617365","dentist","general_dentistry | health_and_medical","650 Main St","Amherst","01002-2415","MA","US","+14132539582","adg@amherstdental.net","http://www.amherstdental.net/","https://www.facebook.com/285738218146005","Latin American Cultural Center- UMass Amherst","0.9902192950248718","open","9","meta | Overture | Overture-signals","CDLA-Permissive-2.0","2026-04-27T00:00:00.000Z | 2026-06-11T11:57:15Z | 2026-05-12T00:29:08Z | 2026-05-18T13:23:54Z | 2026-05-25T13:08:59Z | 2026-06-01T13:20:32Z | 2026-06-08T13:20:12Z"
"MA","Massachusetts","0dd678c2-d847-4af4-8236-201401147bd0","University Dental Group","-71.77009212","42.27120686","dentist","general_dentistry | health_and_medical","330 Plantation St","Worcester","01604-1750","MA","US","+15087531911","dscavone@universitydentalgroup.com","https://www.universitydentalgroup.com/","https://www.facebook.com/108504834083885","University Dental Group","0.9902192950248718","open","9","meta | Overture | Overture-signals","CDLA-Permissive-2.0","2026-04-27T00:00:00.000Z | 2026-06-11T11:57:15Z | 2026-05-12T00:29:08Z | 2026-05-18T13:23:54Z | 2026-05-25T13:08:59Z | 2026-06-01T13:20:32Z | 2026-06-08T13:20:12Z"
"MA","Massachusetts","0ddb02c9-6595-4b0e-bb65-1c944fd9c6ef","Bass River Dental","-70.19747114","41.67735292","dentist","general_dentistry | health_and_medical","249 Station Ave","Yarmouth","02664-1863","MA","US","+15083986939","info@bassriverdental.com","http://www.bassriverdental.com/","https://www.facebook.com/1092405617498019","","0.9199122190475464","open","8","meta | Overture | Overture-signals","CDLA-Permissive-2.0","2026-04-27T00:00:00.000Z | 2026-06-11T11:57:15Z | 2026-05-12T00:29:08Z | 2026-05-18T13:23:54Z | 2026-05-25T13:08:59Z | 2026-06-01T13:20:32Z | 2026-06-08T13:20:12Z"
"MA","Massachusetts","0de89967-c20d-47fe-9455-59dcaf4c9d70","Peter G. Veale, DMD","-71.06642789","42.01254746","dentist","family_practice | health_and_medical","448 Turnpike St","South Easton","02375-1776","MA","US","+15082384070","","","https://www.facebook.com/133829156667153","","0.8717573285102844","","1","meta | Overture","CDLA-Permissive-2.0","2026-04-27T00:00:00.000Z | 2026-06-11T11:57:15Z"
"MA","Massachusetts","0e2c2ae0-1972-457c-9381-1148cdb8c069","Express Teeth Whitening Center","-71.1251344578014","42.4990752913489","dentist","teeth_whitening | beauty_and_spa","21 Cummings Park","Woburn","01801-2109","MA","US","+17812810670","","http://www.teethwhiteningquick.com/","https://www.facebook.com/271529584093","Express Teeth Whitening Center Woburn, MA","0.8770536780357361","","8","meta | Overture","CDLA-Permissive-2.0","2026-04-27T00:00:00.000Z | 2026-06-11T11:57:15Z"
"MA","Massachusetts","0e3bdaa2-2290-4c9f-80d7-0c1e2a0dc567","Affordable Denture Repair","-71.107954","42.480722","dentist","health_and_medical","62J Montvale Ave Unit 2","Stoneham","02180","MA","US","5089805517","","http://affordabledenturerepair.com/","","","0.9199122190475464","open","6","Microsoft | Overture | Overture-signals","CDLA-Permissive-2.0","2025-09-03T12:45:15.410Z | 2026-06-11T11:57:15Z | 2026-05-12T00:29:08Z | 2026-05-18T13:23:54Z | 2026-05-25T13:08:59Z | 2026-06-01T13:20:32Z | 2026-06-08T13:20:12Z"
"MA","Massachusetts","0e718ce1-1c33-4f1e-bd04-ddcea7322f27","Inspired Dental Studio","-71.10496966","42.39844656","dentist","general_dentistry | cosmetic_dentist","87 Medford St","Medford","02155-6500","MA","US","+17819606558","inspireddentalstudio@gmail.com","http://www.inspireddentalmedford.com/","https://www.facebook.com/101349492667477","","0.9199122190475464","open","8","meta | Overture | Overture-signals","CDLA-Permissive-2.0","2026-04-27T00:00:00.000Z | 2026-06-11T11:57:15Z | 2026-05-12T00:29:08Z | 2026-05-18T13:23:54Z | 2026-05-25T13:08:59Z | 2026-06-01T13:20:32Z | 2026-06-08T13:20:12Z"
"MA","Massachusetts","0e7b7eab-1e3a-4611-ab9b-b84442195fcd","WPH","-70.92759","42.4661","dentist","prosthodontist | pediatric_dentist","60 Lewis St","Lynn","01902-4814","MA","US","","","","https://www.facebook.com/163548713672897","","0.9783838987350464","","2","meta | Overture","CDLA-Permissive-2.0","2026-04-27T00:00:00.000Z | 2026-06-11T11:57:15Z"
"MA","Massachusetts","0e7f9792-c076-47c6-ad45-0e69e689d803","Harris Dental Centerville","-70.3466704","41.6570758","dentist","health_and_medical","1645 Falmouth Rd Ste 4B","Centerville","02632","MA","US","5087710605","","https://www.harrisdentalcenterville.com/","","","0.9199122190475464","open","6","Microsoft | Overture | Overture-signals","CDLA-Permissive-2.0","2025-04-11T12:30:53.107Z | 2026-06-11T11:57:15Z | 2026-05-12T00:29:08Z | 2026-05-18T13:23:54Z | 2026-05-25T13:08:59Z | 2026-06-01T13:20:32Z | 2026-06-08T13:20:12Z"
"MA","Massachusetts","0e8df71e-fa98-4f8c-ba31-f494055ef04b","Dream Smile Dental","-71.1181386643678","42.1918898987231","dentist","","2184 Washington St","Canton","02021","MA","US","(781) 330-0900","appointments@dreamsmiledental.com","http://www.dreamsmiledental.com","https://www.facebook.com/138829122796799","","0.77","","5","Foursquare | Overture","Apache-2.0 | CDLA-Permissive-2.0","2022-03-16T00:00:00.000 | 2026-06-11T11:57:15Z"
"MA","Massachusetts","0ea5e723-a978-4690-95d4-99f772fa424a","Aubin Orthodontics of Wakefield","-71.0715571874491","42.5025180939784","dentist","","15 Richardson Ave","Wakefield","01880","MA","US","(781) 245-1001","","https://www.wakefieldorthodonticcare.com","https://www.twitter.com/wakefieldortho | https://www.facebook.com/149223155093335","","0.9199122190475464","open","4","Foursquare | Overture | Overture-signals","Apache-2.0 | CDLA-Permissive-2.0","2021-02-01T00:00:00.000 | 2026-06-11T11:57:15Z | 2026-05-12T00:29:08Z | 2026-05-18T13:23:54Z | 2026-05-25T13:08:59Z | 2026-06-01T13:20:32Z | 2026-06-08T13:20:12Z"
"MA","Massachusetts","0eaa60f8-48aa-4828-9dc9-98485e89dafa","Theroux Dental Associates","-71.69898984","42.22002968","dentist","general_dentistry | cosmetic_dentist","103 Worcester St","Grafton","01536-1050","MA","US","+15088392262","info@therouxdental.com","https://www.therouxdental.com/","https://www.facebook.com/470797909644614","","0.9199122190475464","open","7","meta | Overture | Overture-signals","CDLA-Permissive-2.0","2026-04-27T00:00:00.000Z | 2026-06-11T11:57:15Z | 2026-05-12T00:29:08Z | 2026-05-18T13:23:54Z | 2026-05-25T13:08:59Z | 2026-06-01T13:20:32Z | 2026-06-08T13:20:12Z"
"MA","Massachusetts","0ebdb464-5136-4926-90de-5e4606cf55e1","Dr Chang Dental Group Boston","-71.0516987748219","42.3567850549274","dentist","","1 International Pl # 735","Boston","02110","MA","US","(617) 330-8887","","http://www.drchang.com","https://www.facebook.com/170071056410000","","0.9199122190475464","open","4","Foursquare | Overture | Overture-signals","Apache-2.0 | CDLA-Permissive-2.0","2025-04-23T00:00:00.000 | 2026-06-11T11:57:15Z | 2026-05-12T00:29:08Z | 2026-05-18T13:23:54Z | 2026-05-25T13:08:59Z | 2026-06-01T13:20:32Z | 2026-06-08T13:20:12Z"
"MA","Massachusetts","0f0fd710-8621-486f-9b55-2075504fbcac","Motto Clear Aligners","-71.0500553","42.0938053","dentist","health_and_medical","165 Westgate Dr","Brockton","02301","MA","US","5085592300","","https://www.aspendental.com/dentist/ma/brockton/165-westgate-drive/motto-clear-aligners/","","","0.9199122190475464","open","6","Microsoft | Overture | Overture-signals","CDLA-Permissive-2.0","2025-10-03T21:18:20.960Z | 2026-06-11T11:57:15Z | 2026-05-12T00:29:08Z | 2026-05-18T13:23:54Z | 2026-05-25T13:08:59Z | 2026-06-01T13:20:32Z | 2026-06-08T13:20:12Z"
"MA","Massachusetts","0f2ad971-8b1f-4276-83f7-b90a9b2aa27c","Dr Howard Yoon DMD","-71.1582487821579","42.4177344625347","dentist","","22 Mill St Ste 104","Arlington","02476","MA","US","(781) 648-0279","","https://www.arlingtondentistryma.com","","","0.9199122190475464","open","4","Foursquare | Overture | Overture-signals","Apache-2.0 | CDLA-Permissive-2.0","2023-12-30T00:00:00.000 | 2026-06-11T11:57:15Z | 2026-05-12T00:29:08Z | 2026-05-18T13:23:54Z | 2026-05-25T13:08:59Z | 2026-06-01T13:20:32Z | 2026-06-08T13:20:12Z"
"MA","Massachusetts","0f3c34aa-9086-486c-8093-ab9654de9a0f","Mullany Jr G Thomas DDS","-73.36030603","42.19556355","dentist","general_dentistry","16 Pleasant St","Great Barrington","01230-1325","MA","US","+14135280884","dmd0884@hotmail.com","","https://www.facebook.com/100332466323716","","0.8034937381744385","","7","meta | Overture","CDLA-Permissive-2.0","2026-04-27T00:00:00.000Z | 2026-06-11T11:57:15Z"
"MA","Massachusetts","0f45981e-6f91-4ceb-852a-88017b6c62bc","Smile Family Dental Care","-71.358263","42.217041","dentist","","16 Snow St Ste 16","Sherborn","01770","MA","US","(781) 536-4051","","http://www.smilefamilydentalcare.com","","","0.9199122190475464","open","4","Foursquare | Overture | Overture-signals","Apache-2.0 | CDLA-Permissive-2.0","2025-08-22T00:00:00.000 | 2026-06-11T11:57:15Z | 2026-05-12T00:29:08Z | 2026-05-18T13:23:54Z | 2026-05-25T13:08:59Z | 2026-06-01T13:20:32Z | 2026-06-08T13:20:12Z"
"MA","Massachusetts","0f4c4205-0719-4933-a928-00798c4cd08e","Wilkins Handa Mello","-71.4541132003069","42.4740316718817","dentist","medical_center | health_and_medical","255 Main St","Acton","01720","MA","US","7816407245","","http://www.wilkinshandamello.com/","","","0.9199122190475464","open","8","Microsoft | Overture | Overture-signals","CDLA-Permissive-2.0","2013-01-29T03:14:30.233Z | 2026-06-11T11:57:15Z | 2026-05-12T00:29:08Z | 2026-05-18T13:23:54Z | 2026-05-25T13:08:59Z | 2026-06-01T13:20:32Z | 2026-06-08T13:20:12Z"
"MA","Massachusetts","0f54e65b-5ff5-4cb0-b64c-bb887754b819","Amesbury Dental Associates","-70.90819452","42.84816494","dentist","general_dentistry | medical_service_organizations","282 Elm St","Amesbury","01913-4320","MA","US","+19783883505","info@amesburydentist.com","http://www.Amesburydentist.com/","https://www.facebook.com/749725171709284","","0.9199122190475464","open","7","meta | Overture | Overture-signals","CDLA-Permissive-2.0","2026-04-27T00:00:00.000Z | 2026-06-11T11:57:15Z | 2026-05-12T00:29:08Z | 2026-05-18T13:23:54Z | 2026-05-25T13:08:59Z | 2026-06-01T13:20:32Z | 2026-06-08T13:20:12Z"
"MA","Massachusetts","0f594fc9-b894-41d2-b236-d4f2aae9de86","Amanda A Stone","-71.17602501","42.26754671","dentist","health_and_medical | doctor","110 Bridge St","Dedham","02026-1737","MA","US","+17813297600","info@dedhamdentist.com","https://www.dedhamdentist.com","https://www.facebook.com/315905865100743","Dedham Dentist","0.6840070486068726","","8","meta | Overture","CDLA-Permissive-2.0","2026-04-27T00:00:00.000Z | 2026-06-11T11:57:15Z"
"MA","Massachusetts","0f7a5bac-2be4-453e-81a3-93c4fed182b1","Grafton Dental Care","-71.6967085743343","42.2204190402091","dentist","","100 Worcester St","Grafton","01536","MA","US","(508) 318-4477","graftondentalcare@gmail.com","https://graftondentalcare.com","https://www.twitter.com/graftondental | https://www.facebook.com/564395817100037","","0.77","","5","Foursquare | Overture","Apache-2.0 | CDLA-Permissive-2.0","2022-07-20T00:00:00.000 | 2026-06-11T11:57:15Z"
"MA","Massachusetts","0f89c605-ce96-4d91-b6e2-33ebc427b4ff","Weymouth Smiles Dental","-70.93835955","42.217755","dentist","general_dentistry","536 Broad St","East Weymouth","02189-1362","MA","US","+17813312442","weymouthsmiles@comcast.net","http://www.weymouthsmilesdental.com/","https://www.facebook.com/147004038673506","","0.9998282939195633","","8","meta | Overture","CDLA-Permissive-2.0","2026-04-27T00:00:00.000Z | 2026-06-11T11:57:15Z"
"MA","Massachusetts","0fa623b4-f0a6-49e2-ace3-09df336193ee","Comfort Dental","-71.2502298","42.6184432","dentist","health_and_medical","307 Old Boston Rd","Tewksbury","01876","MA","US","9788512492","","http://www.comfortdentallive.com/","","","0.9199122190475464","open","6","Microsoft | Overture | Overture-signals","CDLA-Permissive-2.0","2022-06-02T05:42:29.110Z | 2026-06-11T11:57:15Z | 2026-05-12T00:29:08Z | 2026-05-18T13:23:54Z | 2026-05-25T13:08:59Z | 2026-06-01T13:20:32Z | 2026-06-08T13:20:12Z"
"MA","Massachusetts","0fca62e8-8dcd-4a85-8cf0-55fe11f5a01d","Roger R Sonier DDS","-72.626761","42.317665","dentist","","196 Pleasant St","Northampton","01060-5000","MA","US","+14132537628","","","https://www.facebook.com/155687811137106","","0.6276532411575317","","7","meta | Overture","CDLA-Permissive-2.0","2026-04-27T00:00:00.000Z | 2026-06-11T11:57:15Z"
"MA","Massachusetts","0feff5dd-cf92-4201-818b-cc53a5056e9d","Dentology","-71.1271398010166","42.5051651715726","dentist","","444 Washington St Ste 301","Woburn","01801","MA","US","(781) 722-0270","","http://www.dentologyboston.com","","","0.9199122190475464","open","4","Foursquare | Overture | Overture-signals","Apache-2.0 | CDLA-Permissive-2.0","2025-08-22T00:00:00.000 | 2026-06-11T11:57:15Z | 2026-05-12T00:29:08Z | 2026-05-18T13:23:54Z | 2026-05-25T13:08:59Z | 2026-06-01T13:20:32Z | 2026-06-08T13:20:12Z"
"MA","Massachusetts","0ffe098b-206f-47fb-9987-74f1eb3a99a3","Holden Family Dentistry","-71.85465067","42.34617589","dentist","endodontist | doctor","1010 Main St","Holden","01520-1237","MA","US","+15088293292","admin@holdenfamilydentistry.com","http://www.holdenfamilydentistry.com/","https://www.facebook.com/1391866361133061","","0.9902192950248718","open","7","meta | Overture | Overture-signals","CDLA-Permissive-2.0","2026-04-27T00:00:00.000Z | 2026-06-11T11:57:15Z | 2026-05-12T00:29:08Z | 2026-05-18T13:23:54Z | 2026-05-25T13:08:59Z | 2026-06-01T13:20:32Z | 2026-06-08T13:20:12Z"
"MA","Massachusetts","10315ff1-f24c-4446-baad-71b3bf72b6eb","Surf Side Dental Studio","-70.84507095","42.26003333","dentist","general_dentistry | cosmetic_dentist","344 Rockland St","Hingham","02043-1471","MA","US","+17817496750","officestaff@surfsidedentalstudio.com","http://www.surfsidedentalstudio.com/","https://www.facebook.com/107666981050497","","0.9199122190475464","open","8","meta | Overture | Overture-signals","CDLA-Permissive-2.0","2026-04-27T00:00:00.000Z | 2026-06-11T11:57:15Z | 2026-05-12T00:29:08Z | 2026-05-18T13:23:54Z | 2026-05-25T13:08:59Z | 2026-06-01T13:20:32Z | 2026-06-08T13:20:12Z"
"MA","Massachusetts","1033aee1-757d-4eaa-8224-47b23d277b4c","Peter Drob, D.M.D., P.C.","-71.818175","42.263699","dentist","doctor | oral_surgeon","475 Pleasant St","Worcester","01609-1858","MA","US","+15087567121","","http://www.DrobOralSurgeon.com/","https://www.facebook.com/146495415423908","Peter Drob, D.M.D., P.C.","0.6028199195861816","","10","meta | Overture","CDLA-Permissive-2.0","2026-04-27T00:00:00.000Z | 2026-06-11T11:57:15Z"
"MA","Massachusetts","105ee465-6361-4fe5-bf0b-d8599589cb63","Chelsea Dental Associates","-71.03197983","42.39650797","dentist","","109 Washington Ave","Chelsea","02150-3923","MA","US","+16178842824","chelseadental109@gmail.com","https://www.chelseadentalaesthetics.com","https://www.facebook.com/1928728474090176","","0.9902192950248718","open","8","meta | Overture | Overture-signals","CDLA-Permissive-2.0","2026-04-27T00:00:00.000Z | 2026-06-11T11:57:15Z | 2026-05-12T00:29:08Z | 2026-05-18T13:23:54Z | 2026-05-25T13:08:59Z | 2026-06-01T13:20:32Z | 2026-06-08T13:20:12Z"
"MA","Massachusetts","1082c546-2e77-4b50-952b-d8f4105c0f4f","Dr. Jinhyung Cho","-71.00377397","42.41605509","dentist","general_dentistry","256 American Legion Hwy","Revere","02151-2401","MA","US","+17812890800","central.dental@comcast.net","http://jcdentalma.com/","https://www.facebook.com/110229403708565","","0.9902192950248718","open","8","meta | Overture | Overture-signals","CDLA-Permissive-2.0","2026-04-27T00:00:00.000Z | 2026-06-11T11:57:15Z | 2026-05-12T00:29:08Z | 2026-05-18T13:23:54Z | 2026-05-25T13:08:59Z | 2026-06-01T13:20:32Z | 2026-06-08T13:20:12Z"
"MA","Massachusetts","108c4d28-abbf-41c2-92eb-33015a0ac272","Trident Dental Care","-71.8085178","42.28379865","dentist","general_dentistry | doctor","16 Park Ave","Worcester","01605-3911","MA","US","+15087962900","tridentdentalcare@gmail.com","http://www.tridentdentalcare.com/","https://www.facebook.com/829672133776653","","0.9902192950248718","open","10","meta | Overture | Overture-signals","CDLA-Permissive-2.0","2026-04-27T00:00:00.000Z | 2026-06-11T11:57:15Z | 2026-05-12T00:29:08Z | 2026-05-18T13:23:54Z | 2026-05-25T13:08:59Z | 2026-06-01T13:20:32Z | 2026-06-08T13:20:12Z"
"MA","Massachusetts","1092481f-360c-46a1-8457-c55c65f59811","Ashland Family and Implant Dentistry","-71.46697073","42.2622757","dentist","general_dentistry | cosmetic_dentist","37 Main St","Ashland","01721-1104","MA","US","+15088817700","info@familydentistryinc.com","https://familydentistryinc.com/","https://www.facebook.com/130465733827292","","0.9199122190475464","open","8","meta | Overture | Overture-signals","CDLA-Permissive-2.0","2026-04-27T00:00:00.000Z | 2026-06-11T11:57:15Z | 2026-05-12T00:29:08Z | 2026-05-18T13:23:54Z | 2026-05-25T13:08:59Z | 2026-06-01T13:20:32Z | 2026-06-08T13:20:12Z"
"MA","Massachusetts","10aad29e-8ca3-4188-a0ab-d65a322b2c98","Middlesex Oral Surgery Services","-71.07666954","42.42674042","dentist","oral_surgeon | health_and_medical","1 Centre St","Malden","02148-5527","MA","US","+17813214700","","","https://www.facebook.com/155947644445137","","0.6905413269996643","","8","meta | Overture","CDLA-Permissive-2.0","2026-04-27T00:00:00.000Z | 2026-06-11T11:57:15Z"
"MA","Massachusetts","1106ab23-021e-4e0f-a6e7-021af533b454","Chestnut Hill Endodontics","-71.1667431461464","42.3222688312825","dentist","","1244 Boylston St Ste 203","Chestnut Hill","02467","MA","US","(617) 232-7000","","http://www.chestnuthillendodontics.com","","","0.77","","5","Foursquare | Overture","Apache-2.0 | CDLA-Permissive-2.0","2024-05-22T00:00:00.000 | 2026-06-11T11:57:15Z"
"MA","Massachusetts","11162446-fc0d-419a-945f-81bd4ba09674","Starr and Glick Orthodontics","-71.3068115777257","42.184987524136","dentist","","16 Park St","Medfield","02052","MA","US","(508) 359-2576","info@drstarranddrglick.com","http://www.drstarranddrglick.com","","","0.77","","5","Foursquare | Overture","Apache-2.0 | CDLA-Permissive-2.0","2025-08-19T00:00:00.000 | 2026-06-11T11:57:15Z"
"MA","Massachusetts","112e42c9-33d5-4464-b8b6-bc7e526b13b2","Pro Brite Dental","-71.04344066","42.42187698","dentist","health_and_medical","948 Broadway","Everett","02149-3128","MA","US","+16172944128","","https://pro-brite-dental.business.site","https://www.facebook.com/477765742695639","","0.9902192950248718","open","6","meta | Overture | Overture-signals","CDLA-Permissive-2.0","2026-04-27T00:00:00.000Z | 2026-06-11T11:57:15Z | 2026-05-12T00:29:08Z | 2026-05-18T13:23:54Z | 2026-05-25T13:08:59Z | 2026-06-01T13:20:32Z | 2026-06-08T13:20:12Z"
"MA","Massachusetts","11357154-6c52-40a1-8cf6-bf4f445b1f8f","Gwendolyn Cugine D.M.D.","-71.1083571951956","42.4199208606213","dentist","","47 Forest Street","Medford","02155","MA","US","(781) 391-2800","","http://www.bracesbydrgwen.com/office-locations/medford/","https://www.facebook.com/236680160433704","","0.77","","5","Foursquare | Overture","Apache-2.0 | CDLA-Permissive-2.0","2026-02-26T00:00:00.000 | 2026-06-11T11:57:15Z"
"MA","Massachusetts","113abb4d-89c1-48bf-84d4-97946aee7a6f","Atlantic Dental Arts","-71.178211","42.5547251","dentist","general_dentistry","264 Main St","Wilmington","01887-2342","MA","US","+19784889001","wilmington@atldentalarts.com","https://www.atldentalarts.com/","https://www.facebook.com/105394845296867","","0.9902192950248718","open","7","meta | Overture | Overture-signals","CDLA-Permissive-2.0","2026-04-27T00:00:00.000Z | 2026-06-11T11:57:15Z | 2026-05-12T00:29:08Z | 2026-05-18T13:23:54Z | 2026-05-25T13:08:59Z | 2026-06-01T13:20:32Z | 2026-06-08T13:20:12Z"
"MA","Massachusetts","115f3858-13d0-4b1e-a648-d56f8a08c944","Allen Dental","-70.9826421174856","42.1885801131656","dentist","","382 Grove St","Braintree","02184","MA","US","(781) 816-8585","","https://www.allendentalassociates.com","","","0.77","","5","Foursquare | Overture","Apache-2.0 | CDLA-Permissive-2.0","2026-03-09T00:00:00.000 | 2026-06-11T11:57:15Z"
"MA","Massachusetts","1180a13b-63c6-45f5-9fe8-b06098c02d0c","Donley Cara L DDS","-71.41309511","42.36166577","dentist","","327 Boston Post Rd","Sudbury","01776-3061","MA","US","+19784438833","","http://www.drcaradonley.com/","https://www.facebook.com/220484431390532","","0.9199122190475464","open","8","meta | Overture | Overture-signals","CDLA-Permissive-2.0","2026-04-27T00:00:00.000Z | 2026-06-11T11:57:15Z | 2026-05-12T00:29:08Z | 2026-05-18T13:23:54Z | 2026-05-25T13:08:59Z | 2026-06-01T13:20:32Z | 2026-06-08T13:20:12Z"
"MA","Massachusetts","119fc73c-a40c-44b3-88dc-a70f9388a5a0","James J Ostromecky, DDS","-71.9961636","42.24783665","dentist","general_dentistry | doctor","48 Pleasant St","Spencer","01562-1626","MA","US","+15088856366","drjim1990@aol.com","http://jamesostromeckydds.com/","https://www.facebook.com/109989481678964","","0.9199122190475464","open","7","meta | Overture | Overture-signals","CDLA-Permissive-2.0","2026-04-27T00:00:00.000Z | 2026-06-11T11:57:15Z | 2026-05-12T00:29:08Z | 2026-05-18T13:23:54Z | 2026-05-25T13:08:59Z | 2026-06-01T13:20:32Z | 2026-06-08T13:20:12Z"
"MA","Massachusetts","11a199ad-7412-4771-bc23-21902c5e722d","Canton Modern Dentistry","-71.14615666","42.14032376","dentist","general_dentistry | health_and_medical","95 Washington St","Canton","02021","MA","US","+17814513150","cantonmoderndentistry@smilegeneration.com","https://www.CantonModernDentistry.com/?sc_cid=Facebook%3AO%3AGP%3A887%3ASocial%3AGeneral%3Ana&_vsrefdom=organic_social&y_source=1_MzA3OTUzMjgtNTU5LWxvY2F0aW9uLndlYnNpdGU%3D","https://www.facebook.com/112102728231569","Smile Generation","0.9902192950248718","open","9","meta | Overture | Overture-signals","CDLA-Permissive-2.0","2026-04-27T00:00:00.000Z | 2026-06-11T11:57:15Z | 2026-05-12T00:29:08Z | 2026-05-18T13:23:54Z | 2026-05-25T13:08:59Z | 2026-06-01T13:20:32Z | 2026-06-08T13:20:12Z"
"MA","Massachusetts","11dbea06-09ce-4ed3-af2e-65e66724c787","Southborough Orthodontics","-71.525","42.3056","dentist","health_and_medical | doctor","Southborough Library, 25 Main St","Southborough","01772","MA","US","+15084815399","","http://Southboroughorthodontics.com/","https://www.facebook.com/1413797712265861","","0.7235354781150818","","7","meta | Overture","CDLA-Permissive-2.0","2026-04-27T00:00:00.000Z | 2026-06-11T11:57:15Z"
"MA","Massachusetts","11ea9eb8-1bca-49b7-b6a2-c150f67c3aab","Alpha Dental Chelsea","-71.02630496","42.39734006","dentist","general_dentistry | health_and_medical","778 Broadway","Chelsea","02150-3016","MA","US","+16174099080","alphadentalchelsea@gmail.com","http://www.alphadentalsomerville.com/","https://www.facebook.com/573934449327639","Alpha Dental Somerville","0.9902192950248718","open","9","meta | Overture | Overture-signals","CDLA-Permissive-2.0","2026-04-27T00:00:00.000Z | 2026-06-11T11:57:15Z | 2026-05-12T00:29:08Z | 2026-05-18T13:23:54Z | 2026-05-25T13:08:59Z | 2026-06-01T13:20:32Z | 2026-06-08T13:20:12Z"
"MA","Massachusetts","11fec2ab-58ca-406e-a3e4-c0fc207659fa","Massachusetts Oral & Maxillofacial Surgery","-71.19284","42.48252","dentist","oral_surgeon","111 S Bedford St","Burlington","01803-5145","MA","US","+19787229963","","https://massoms.com/burlington","https://www.facebook.com/102199095984883","Massachusetts Oral & Maxillofacial Surgery","0.9199122190475464","open","8","meta | Overture | Overture-signals","CDLA-Permissive-2.0","2026-04-27T00:00:00.000Z | 2026-06-11T11:57:15Z | 2026-05-12T00:29:08Z | 2026-05-18T13:23:54Z | 2026-05-25T13:08:59Z | 2026-06-01T13:20:32Z | 2026-06-08T13:20:12Z"
"MA","Massachusetts","120f8320-8016-443a-bf84-cb9c5c1fb8f8","Simply Dental of Lowell","-71.31135819","42.64459433","dentist","general_dentistry | cosmetic_dentist","155 Market St","Lowell","01852","MA","US","+19784852929","info@simplydentaloflowell.com","http://simplydentaloflowell.com/","https://www.facebook.com/262463703773337","","0.9199122190475464","open","7","meta | Overture | Overture-signals","CDLA-Permissive-2.0","2026-04-27T00:00:00.000Z | 2026-06-11T11:57:15Z | 2026-05-12T00:29:08Z | 2026-05-18T13:23:54Z | 2026-05-25T13:08:59Z | 2026-06-01T13:20:32Z | 2026-06-08T13:20:12Z"
"MA","Massachusetts","1211ca06-c83b-4966-beac-f33f27d683e9","Quinn James T DDS","-70.90758786","42.81874011","dentist","general_dentistry | health_and_medical","253 Low St","Newburyport","01950-3510","MA","US","+19784625050","","http://www.jamestquinndds.com","https://www.facebook.com/162962820400541","","0.9199122190475464","open","7","meta | Overture | Overture-signals","CDLA-Permissive-2.0","2026-04-27T00:00:00.000Z | 2026-06-11T11:57:15Z | 2026-05-12T00:29:08Z | 2026-05-18T13:23:54Z | 2026-05-25T13:08:59Z | 2026-06-01T13:20:32Z | 2026-06-08T13:20:12Z"
"MA","Massachusetts","12237469-dc7c-4376-879f-8019a62e527b","Great Hill Dental","-70.99979652","42.21063388","dentist","general_dentistry | medical_service_organizations","100 Grossman Dr","Braintree","02184-4949","MA","US","+17819964306","braintreeinfo@greathilldental.com","https://braintree.greathilldental.com/","https://www.facebook.com/1689549747995566","Great Hill Dental Partners, LLC","0.9902192950248718","open","9","meta | Overture | Overture-signals","CDLA-Permissive-2.0","2026-04-27T00:00:00.000Z | 2026-06-11T11:57:15Z | 2026-05-12T00:29:08Z | 2026-05-18T13:23:54Z | 2026-05-25T13:08:59Z | 2026-06-01T13:20:32Z | 2026-06-08T13:20:12Z"
"MA","Massachusetts","122baf48-5f23-4975-88d5-2e040dab4285","Millbury Family Dentistry","-71.76447524","42.1975917","dentist","general_dentistry | cosmetic_dentist","116 N Main St","Millbury","01527-2021","MA","US","+15088652622","millburyfamilydentistry@gmail.com","http://www.millburyfamilydentistry.com/","https://www.facebook.com/395697083816520","","0.9199122190475464","open","9","meta | Overture | Overture-signals","CDLA-Permissive-2.0","2026-04-27T00:00:00.000Z | 2026-06-11T11:57:15Z | 2026-05-12T00:29:08Z | 2026-05-18T13:23:54Z | 2026-05-25T13:08:59Z | 2026-06-01T13:20:32Z | 2026-06-08T13:20:12Z"
"MA","Massachusetts","1235bb9c-7c49-485a-b763-5cdf5e2a1ec6","Belmont Dental Esthetics","-71.1749162038496","42.3982588947304","dentist","","84 Leonard St","Belmont","02478","MA","US","(617) 489-1215","bdesthetics@gmail.com","http://www.belmontdentalesthetics.com","https://www.facebook.com/235971486562658","","0.77","","5","Foursquare | Overture","Apache-2.0 | CDLA-Permissive-2.0","2025-06-16T00:00:00.000 | 2026-06-11T11:57:15Z"
"MA","Massachusetts","1246b72a-d272-47cc-95ba-1e42e36eff7b","EMA Dental","-72.533682","42.079336","dentist","orthodontist | prosthodontist","16 Gerrard Ave","East Longmeadow","01028-1606","MA","US","+14137318800","timh@tntdental.com","https://www.emadental.com/","https://www.facebook.com/504336766708585","","0.9199122190475464","open","10","meta | Overture | Overture-signals","CDLA-Permissive-2.0","2026-04-27T00:00:00.000Z | 2026-06-11T11:57:15Z | 2026-05-12T00:29:08Z | 2026-05-18T13:23:54Z | 2026-05-25T13:08:59Z | 2026-06-01T13:20:32Z | 2026-06-08T13:20:12Z"
"MA","Massachusetts","1261cf23-0631-44d1-aee8-116380516c20","Gardner Dental Group","-71.98315698","42.57664936","dentist","general_dentistry","49 Cross St","Gardner","01440-2209","MA","US","+19786325659","gardnerdental@verizon.net","http://www.gardnerdentalgroup.net/","https://www.facebook.com/633651053351411","Gardner Patel Dental Group","0.9199122190475464","open","9","meta | Overture | Overture-signals","CDLA-Permissive-2.0","2026-04-27T00:00:00.000Z | 2026-06-11T11:57:15Z | 2026-05-12T00:29:08Z | 2026-05-18T13:23:54Z | 2026-05-25T13:08:59Z | 2026-06-01T13:20:32Z | 2026-06-08T13:20:12Z"
"MA","Massachusetts","1263d810-4e3e-4f3d-bc95-f383f52fb822","Dr. Uduak Anako-Okereke","-71.08518284","42.30265355","dentist","health_and_medical | cosmetic_dentist","632 Blue Hill Ave","Boston","02121-3213","MA","US","+16178253400","","http://www.harvardstreet.org/","https://www.facebook.com/1002466433147051","Harvard Street Neighborhood Health Center","0.9199122190475464","open","8","meta | Overture | Overture-signals","CDLA-Permissive-2.0","2026-04-27T00:00:00.000Z | 2026-06-11T11:57:15Z | 2026-05-12T00:29:08Z | 2026-05-18T13:23:54Z | 2026-05-25T13:08:59Z | 2026-06-01T13:20:32Z | 2026-06-08T13:20:12Z"
"MA","Massachusetts","12670b34-a51e-46f2-b34b-c0cd6d6b067f","Attleboro Dental Group","-71.3466517","41.94331292","dentist","general_dentistry","1174 S Washington St","North Attleborough","02760-4446","MA","US","+17743310260","frontdesk@attleborodentalgroup.com","https://www.attleborodentalgroup.com/","https://www.facebook.com/109124298500124","","0.9902192950248718","open","10","meta | Overture | Overture-signals","CDLA-Permissive-2.0","2026-04-27T00:00:00.000Z | 2026-06-11T11:57:15Z | 2026-05-12T00:29:08Z | 2026-05-18T13:23:54Z | 2026-05-25T13:08:59Z | 2026-06-01T13:20:32Z | 2026-06-08T13:20:12Z"
"MA","Massachusetts","12739836-3f8e-4783-b02d-c391190bd4f1","Natick Dental Associates","-71.34708786","42.2825532","dentist","health_and_medical","1 Common St","Natick","01760-4718","MA","US","+15086535390","","http://www.natickdental.com","https://www.facebook.com/153690074667608","","0.9199122190475464","open","7","meta | Overture | Overture-signals","CDLA-Permissive-2.0","2026-04-27T00:00:00.000Z | 2026-06-11T11:57:15Z | 2026-05-12T00:29:08Z | 2026-05-18T13:23:54Z | 2026-05-25T13:08:59Z | 2026-06-01T13:20:32Z | 2026-06-08T13:20:12Z"
"MA","Massachusetts","129a405d-270b-41dd-a31a-1f2a2cb09f5b","Dr. Swati Agnihotri","-71.659393","42.112954","dentist","","12 Prospect St","Whitinsville","01588-1458","MA","US","+15082348107","drswati@drtubo.com","https://www.drtubo.com/","https://www.facebook.com/114921591486008","Whitinsville Family Dentistry","0.7830551862716675","","8","meta | Overture","CDLA-Permissive-2.0","2026-04-27T00:00:00.000Z | 2026-06-11T11:57:15Z"
"MA","Massachusetts","12a178bc-ae1a-4887-85b8-723a834ff19d","Hanson Family Dental","-70.8707476","42.06524239","dentist","general_dentistry | medical_service_organizations","604 County Rd","Hanson","02341-1668","MA","US","+17812948022","hansonfamilydental@comcast.com","http://hansonfamilydental.com","https://www.facebook.com/162812457070027","","0.9199122190475464","open","9","meta | Overture | Overture-signals","CDLA-Permissive-2.0","2026-04-27T00:00:00.000Z | 2026-06-11T11:57:15Z | 2026-05-12T00:29:08Z | 2026-05-18T13:23:54Z | 2026-05-25T13:08:59Z | 2026-06-01T13:20:32Z | 2026-06-08T13:20:12Z"
"MA","Massachusetts","12b23a10-0b97-489e-8bb7-10655a061da6","Dr. Carol Rice DMD","-71.2398941516221","42.3577098866457","dentist","","73 Lexington Street, Suite 204","Newton","02466","MA","US","(617) 244-5020","","http://www.newtondentistryma.com","","","0.9199122190475464","open","4","Foursquare | Overture | Overture-signals","Apache-2.0 | CDLA-Permissive-2.0","2025-04-04T00:00:00.000 | 2026-06-11T11:57:15Z | 2026-05-12T00:29:08Z | 2026-05-18T13:23:54Z | 2026-05-25T13:08:59Z | 2026-06-01T13:20:32Z | 2026-06-08T13:20:12Z"
"MA","Massachusetts","13096f1b-4225-44d2-9886-2ad77f1cec23","Dental Collaborative Roslindale","-71.13532665","42.27962322","dentist","general_dentistry","4452 Washington St","Roslindale","02131-3440","MA","US","+16173236020","drtreon@gmail.com","http://drtreon.com","https://www.facebook.com/440054166193827","","0.9902192950248718","open","7","meta | Overture | Overture-signals","CDLA-Permissive-2.0","2026-04-27T00:00:00.000Z | 2026-06-11T11:57:15Z | 2026-05-12T00:29:08Z | 2026-05-18T13:23:54Z | 2026-05-25T13:08:59Z | 2026-06-01T13:20:32Z | 2026-06-08T13:20:12Z"
"MA","Massachusetts","13429b18-3de8-4bff-abb5-e0a4f4a38dc4","Inertia Dental","-71.1033507362244","42.5156869105855","dentist","","291 Main Street","Reading","01864","MA","US","(978) 276-4422","","https://www.inertiadental.com","https://www.twitter.com/inertiadental | https://www.facebook.com/710140746112588 | https://www.instagram.com/inertiadental","","0.77","","5","Foursquare | Overture","Apache-2.0 | CDLA-Permissive-2.0","2020-09-16T00:00:00.000 | 2026-06-11T11:57:15Z"
"MA","Massachusetts","134dc70b-36e2-43af-a360-e168074dd5da","Pemberton Dental Associates","-71.16429428","42.70850559","dentist","general_dentistry","100 Amesbury St","Lawrence","01840-1321","MA","US","+19786877811","pemberton@varinosdental.com","http://www.pembertondental.com/?utm_source=fb_hp","https://www.facebook.com/100277245747818","Pemberton Dental Associates","0.9902192950248718","open","11","meta | Overture | Overture-signals","CDLA-Permissive-2.0","2026-04-27T00:00:00.000Z | 2026-06-11T11:57:15Z | 2026-05-12T00:29:08Z | 2026-05-18T13:23:54Z | 2026-05-25T13:08:59Z | 2026-06-01T13:20:32Z | 2026-06-08T13:20:12Z"
"MA","Massachusetts","13882892-2ead-48b1-a49e-4e861804cc70","Smile Dental Group","-71.1555137","42.478282","dentist","health_and_medical","65 Pleasant St","Woburn","01801","MA","US","7819333448","","https://www.smileadentalgroup.com/","","","0.9199122190475464","open","6","Microsoft | Overture | Overture-signals","CDLA-Permissive-2.0","2025-09-05T00:07:19.137Z | 2026-06-11T11:57:15Z | 2026-05-12T00:29:08Z | 2026-05-18T13:23:54Z | 2026-05-25T13:08:59Z | 2026-06-01T13:20:32Z | 2026-06-08T13:20:12Z"
"MA","Massachusetts","13a1b68d-9dc3-416a-9e9d-0e670ebff604","Pearl Orthodontics Brookline","-71.11406","42.34456","dentist","","1170 Beacon St","Brookline","02446-3959","MA","US","+16176440744","info.brookline@dentistryandbraces.com","https://www.orthopearl.com/","https://www.facebook.com/158059787401205","","0.6261003613471985","","4","meta | Overture","CDLA-Permissive-2.0","2026-04-27T00:00:00.000Z | 2026-06-11T11:57:15Z"
"MA","Massachusetts","13a1fb85-576e-48a6-b7eb-d461cdf3c5ea","Metro South Dental Group","-71.0333926","42.07805808","dentist","general_dentistry | cosmetic_dentist","79 Byron Ave","Brockton","02301-4201","MA","US","+15085835684","manager@metrosouthdentalgroup.com","http://www.metrosouthdentalgroup.com","https://www.facebook.com/1149480065196001","","0.9199122190475464","open","8","meta | Overture | Overture-signals","CDLA-Permissive-2.0","2026-04-27T00:00:00.000Z | 2026-06-11T11:57:15Z | 2026-05-12T00:29:08Z | 2026-05-18T13:23:54Z | 2026-05-25T13:08:59Z | 2026-06-01T13:20:32Z | 2026-06-08T13:20:12Z"
"MA","Massachusetts","13bacd2a-bca7-4783-afd8-e5308a23a157","Faneuil Hall Dental Associates","-71.05313766","42.35911879","dentist","general_dentistry","177 State St","Boston","02109-2603","MA","US","+16175234444","smile@fhdental.com","http://www.FHDental.com/","https://www.facebook.com/717623938385040","家康牙醫診所","0.9902192950248718","open","9","meta | Overture | Overture-signals","CDLA-Permissive-2.0","2026-04-27T00:00:00.000Z | 2026-06-11T11:57:15Z | 2026-05-12T00:29:08Z | 2026-05-18T13:23:54Z | 2026-05-25T13:08:59Z | 2026-06-01T13:20:32Z | 2026-06-08T13:20:12Z"
"MA","Massachusetts","13bb915f-aee2-4e79-81d6-d43dcd981e46","Dr. Linda J. Massod, D.M.D., P.C. Dentistry: Esthetic, Restorative, Cosmetic & General","-70.93807977","42.5551913","dentist","cosmetic_dentist | general_dentistry","85 Constitution Ln","Danvers","01923-3627","MA","US","+19787744505","lmdanvers@aol.com","https://www.wemakebeautifulsmiles.com/","https://www.facebook.com/421438471270255","","0.9557536840438843","open","10","meta | Overture | Overture-signals","CDLA-Permissive-2.0","2026-04-27T00:00:00.000Z | 2026-06-11T11:57:15Z | 2026-06-08T13:20:12Z"
"MA","Massachusetts","1441704c-d6a6-46c0-9fee-e99b0c74971b","Atkins & Meola Dental Group","-71.2217655","42.3048385","dentist","health_and_medical","32 Wexford St","Needham","02494","MA","US","7814490477","","https://smileandskin.com/office-locations/dentists-needham-ma/","","","0.9655","","7","Microsoft | Overture","CDLA-Permissive-2.0","2022-10-25T18:52:03.080Z | 2026-06-11T11:57:15Z"
"MA","Massachusetts","145c3add-64cd-4e1b-989b-9b2a997fefb9","Alaa AlWazzan, DMD, PC","-71.0191345268439","42.2697117210001","dentist","","580 Hancock St","Quincy","02170","MA","US","(617) 328-5060","","http://www.quincydmd.com","https://www.facebook.com/388450804687558","","0.9199122190475464","open","4","Foursquare | Overture | Overture-signals","Apache-2.0 | CDLA-Permissive-2.0","2025-08-22T00:00:00.000 | 2026-06-11T11:57:15Z | 2026-05-12T00:29:08Z | 2026-05-18T13:23:54Z | 2026-05-25T13:08:59Z | 2026-06-01T13:20:32Z | 2026-06-08T13:20:12Z"
"MA","Massachusetts","14850598-2836-4d10-adba-abd20014c45e","Harbor Community Dental Center-Provincetown","-70.1836","42.0581","dentist","","","Provincetown","","MA","US","","","https://www.hhsi.us/2020/06/02/harbor-health-announces-closure-of-harbor-community-dental-center-provincetown/","https://www.facebook.com/295850094462542","","0.8078457713127136","","7","meta | Overture","CDLA-Permissive-2.0","2026-04-27T00:00:00.000Z | 2026-06-11T11:57:15Z"
"MA","Massachusetts","14c0fb69-7dad-4470-9aa3-85f484e73804","Michael Szarek DMD","-71.312554166182","42.6470902022125","dentist","","75 Arcand Dr","Lowell","01852","MA","US","(978) 454-9332","","http://drszarek.com","","","0.9199122190475464","open","4","Foursquare | Overture | Overture-signals","Apache-2.0 | CDLA-Permissive-2.0","2025-08-22T00:00:00.000 | 2026-06-11T11:57:15Z | 2026-05-12T00:29:08Z | 2026-05-18T13:23:54Z | 2026-05-25T13:08:59Z | 2026-06-01T13:20:32Z | 2026-06-08T13:20:12Z"
"MA","Massachusetts","157f7b02-eeb6-4542-b6c0-77e33ede9231","Great Hill Dental","-70.9458948","42.54448103","dentist","general_dentistry | cosmetic_dentist","39 Cross St","Peabody","01960-1628","MA","US","+19782534286","peabodyinfo@greathilldental.com","https://peabody.greathilldental.com/","https://www.facebook.com/1555626008091033","Great Hill Dental Partners, LLC","0.9199122190475464","open","8","meta | Overture | Overture-signals","CDLA-Permissive-2.0","2026-04-27T00:00:00.000Z | 2026-06-11T11:57:15Z | 2026-05-12T00:29:08Z | 2026-05-18T13:23:54Z | 2026-05-25T13:08:59Z | 2026-06-01T13:20:32Z | 2026-06-08T13:20:12Z"
"MA","Massachusetts","15fbbd5a-9f42-4d76-9d6b-2204efdacce4","Timothy Deahl, D.D.S. General and Aesthetic Dentistry","-71.12750914","42.39481919","dentist","periodontist | doctor","2286 Massachusetts Ave","Cambridge","02140-1876","MA","US","+16178684046","","http://www.drdeahldentistry.com/","https://www.facebook.com/290225808079824","","0.9057891964912415","","7","meta | Overture","CDLA-Permissive-2.0","2026-04-27T00:00:00.000Z | 2026-06-11T11:57:15Z"
"MA","Massachusetts","1611c72e-6788-4a97-b64f-cc6c96f7a900","Dr. Kallen K Hull","-71.10387746","42.51518575","dentist","general_dentistry | doctor","274 Main St","Reading","01867-3611","MA","US","+17819422020","info@drkhull.com","https://www.drkhull.com/","https://www.facebook.com/412553632147110","","0.9199122190475464","open","2","meta | Overture | Overture-signals","CDLA-Permissive-2.0","2026-04-27T00:00:00.000Z | 2026-06-11T11:57:15Z | 2026-05-25T13:08:59Z | 2026-06-01T13:20:32Z | 2026-06-08T13:20:12Z"
"MA","Massachusetts","16157af5-5b01-426e-b588-69d657c8aa69","Georgetown Family Dentistry","-70.99305865","42.72564811","dentist","general_dentistry | doctor","37 W Main St","Georgetown","01833-2000","MA","US","+18452413904","info@georgetowndentist.com","http://georgetowndentist.com/","https://www.facebook.com/778966168881642","Georgetown Family Dentistry","0.9902192950248718","open","9","meta | Overture | Overture-signals","CDLA-Permissive-2.0","2026-04-27T00:00:00.000Z | 2026-06-11T11:57:15Z | 2026-05-12T00:29:08Z | 2026-05-18T13:23:54Z | 2026-05-25T13:08:59Z | 2026-06-01T13:20:32Z | 2026-06-08T13:20:12Z"
"MA","Massachusetts","16563350-0d6b-4c47-a140-69861110dcbb","Veale-Veale","-71.06641011","42.012725","dentist","general_dentistry | doctor","448 Turnpike St","Easton","02375-1776","MA","US","+15082384070","","http://www.veale-veale.com","https://www.facebook.com/178881335501672","John T. Veale D.M.D. M.P.H. Peter G. Veale D.M.D.","0.9902192950248718","open","8","meta | Overture | Overture-signals","CDLA-Permissive-2.0","2026-04-27T00:00:00.000Z | 2026-06-11T11:57:15Z | 2026-05-12T00:29:08Z | 2026-05-18T13:23:54Z | 2026-05-25T13:08:59Z | 2026-06-01T13:20:32Z | 2026-06-08T13:20:12Z"
"MA","Massachusetts","1679439a-6470-43c8-8de1-db4c242ebbd9","Central New England Endodontis and Implantology","-71.859186873955","42.3525974952417","dentist","","67 Highland St","Holden","01520","MA","US","(508) 791-5529","","http://www.centralneei.com","","","0.9199122190475464","open","4","Foursquare | Overture | Overture-signals","Apache-2.0 | CDLA-Permissive-2.0","2025-08-19T00:00:00.000 | 2026-06-11T11:57:15Z | 2026-05-12T00:29:08Z | 2026-05-18T13:23:54Z | 2026-05-25T13:08:59Z | 2026-06-01T13:20:32Z | 2026-06-08T13:20:12Z"
"MA","Massachusetts","168b00db-4a78-4215-a459-062e05359b42","Gerry Casazza and Assoc.","-71.0657086698067","42.4820783644366","dentist","","968 Main St","Wakefield","01880","MA","US","(781) 245-7650","","https://futureofdentistry.com","","","0.9199122190475464","open","4","Foursquare | Overture | Overture-signals","Apache-2.0 | CDLA-Permissive-2.0","2024-02-14T00:00:00.000 | 2026-06-11T11:57:15Z | 2026-05-12T00:29:08Z | 2026-05-18T13:23:54Z | 2026-05-25T13:08:59Z | 2026-06-01T13:20:32Z | 2026-06-08T13:20:12Z"
"MA","Massachusetts","16beb371-3569-411a-8353-33ca4f9e8641","Wellesley Family and Cosmetic Dental Associates","-71.27475628","42.31190492","dentist","cosmetic_dentist | general_dentistry","310 Washington St","Wellesley Hills","02481-4949","MA","US","+16172772666","","https://www.wellesleyfamilycosmeticdental.com/","https://www.facebook.com/396467233741905","","0.7424755692481995","","6","meta | Overture","CDLA-Permissive-2.0","2026-04-27T00:00:00.000Z | 2026-06-11T11:57:15Z"
"MA","Massachusetts","16f0a744-34ea-4730-ba33-4f0e5f9211f4","Boston Post Dental & Implants","-71.43869228","42.36082976","dentist","general_dentistry","616 Boston Post Rd","Sudbury","01776-3376","MA","US","+19784433111","contact@bostonpostdental.com","http://www.bostonpostdental.com/","https://www.facebook.com/102969478512954","","0.9969983398914337","","8","meta | Overture","CDLA-Permissive-2.0","2026-04-27T00:00:00.000Z | 2026-06-11T11:57:15Z"
"MA","Massachusetts","175799df-53f6-483d-9ad9-c574208917d2","Somerville Family Dental","-71.0972318495254","42.3813926207427","dentist","","23 Bow St","Somerville","02143","MA","US","(617) 718-0118","","http://www.somervillefamilydental.com","","","0.77","","6","Foursquare | Overture","Apache-2.0 | CDLA-Permissive-2.0","2025-12-18T00:00:00.000 | 2026-06-11T11:57:15Z"
"MA","Massachusetts","1760b868-71a3-4204-9ad1-225d07ab3cc6","Berkshire Denture Repair","-73.25314762","42.45082762","dentist","medical_service_organizations | professional_services","152 North St","Pittsfield","01201","MA","US","+14134993780","berkshiredenturerepair@yahoo.com","http://berkshiredenturerepair.com/","https://www.facebook.com/1638666396421499","","0.9199122190475464","open","9","meta | Overture | Overture-signals","CDLA-Permissive-2.0","2026-04-27T00:00:00.000Z | 2026-06-11T11:57:15Z | 2026-05-12T00:29:08Z | 2026-05-18T13:23:54Z | 2026-05-25T13:08:59Z | 2026-06-01T13:20:32Z | 2026-06-08T13:20:12Z"
"MA","Massachusetts","1773e019-e4ee-42f4-a325-7d09db878e50","Pleasant Dental Center","-71.14712915","42.74436222","dentist","cosmetic_dentist | general_dentistry","126 Pleasant Valley St","Methuen","01844-7217","MA","US","+19786889200","contactus@pleasantdentalcenter.com","http://www.pleasantdentalcenter.com/","https://www.facebook.com/153322424735025","Pleasant Dental Center - Dr. George A. Ezzi","0.9972926497459411","","9","meta | Overture","CDLA-Permissive-2.0","2026-04-27T00:00:00.000Z | 2026-06-11T11:57:15Z"
"MA","Massachusetts","1796978e-fe18-4eb8-b944-bcab40607055","Atlantic Dental Partners","-71.06733203","42.42228677","dentist","general_dentistry | medical_service_organizations","214 Main St","Malden","02148-6907","MA","US","+17813210018","dr.eskandar@mysmiles.net","http://mysmiles.net/","https://www.facebook.com/227875554048238","Atlantic Dental Partners-Jamaica Plain, MA","0.9902192950248718","open","8","meta | Overture | Overture-signals","CDLA-Permissive-2.0","2026-04-27T00:00:00.000Z | 2026-06-11T11:57:15Z | 2026-05-12T00:29:08Z | 2026-05-18T13:23:54Z | 2026-05-25T13:08:59Z | 2026-06-01T13:20:32Z | 2026-06-08T13:20:12Z"
"MA","Massachusetts","17a97b51-d3b4-4389-977d-0a970513bc94","North Shore & Brookline Endodontics","-70.9502088","42.53893288","dentist","endodontist | health_and_medical","6 Essex Center Dr","Peabody","01960-2904","MA","US","+19785320500","peabody@nsbendo.com","https://www.nsbendo.com/root-canal-peabody-ma/","https://www.facebook.com/454541394556737","North Shore & Brookline Endodontics","0.9199122190475464","open","8","meta | Overture | Overture-signals","CDLA-Permissive-2.0","2026-04-27T00:00:00.000Z | 2026-06-11T11:57:15Z | 2026-05-12T00:29:08Z | 2026-05-18T13:23:54Z | 2026-05-25T13:08:59Z | 2026-06-01T13:20:32Z | 2026-06-08T13:20:12Z"
"MA","Massachusetts","17bdab8e-96e5-4afe-9d7f-aeef36e683df","Congress Dental Group","-71.05618559","42.35403146","dentist","general_dentistry","160 Federal St","Boston","02110-1700","MA","US","+16175748700","congressdental@verizon.net","https://bit.ly/AppointmentCongressDental","https://www.facebook.com/118149568251564","","0.9902192950248718","open","9","meta | Overture | Overture-signals","CDLA-Permissive-2.0","2026-04-27T00:00:00.000Z | 2026-06-11T11:57:15Z | 2026-05-12T00:29:08Z | 2026-05-18T13:23:54Z | 2026-05-25T13:08:59Z | 2026-06-01T13:20:32Z | 2026-06-08T13:20:12Z"
"MA","Massachusetts","17d8daa9-a434-442a-b77b-67b83e47e304","Neighborhood Dental Group","-71.813663","42.26618","dentist","health_and_medical","111 Elm St","Worcester","01609-1967","MA","US","+15087521302","","http://neighborhooddentalgroup.com/","https://www.facebook.com/1528358480759836","","0.8872412443161011","","7","meta | Overture","CDLA-Permissive-2.0","2026-04-27T00:00:00.000Z | 2026-06-11T11:57:15Z"
"MA","Massachusetts","17ec6257-a3e8-4415-a83d-0c0b1d870a99","Aurora Periodontal Care","-71.3036928505655","42.3661466537089","dentist","","56 Colpitts Rd Ste 2","Weston","02493","MA","US","(781) 894-3223","patients@auroraperiodontal.com","http://www.auroraperiodontal.com","","","0.9199122190475464","open","4","Foursquare | Overture | Overture-signals","Apache-2.0 | CDLA-Permissive-2.0","2025-08-05T00:00:00.000 | 2026-06-11T11:57:15Z | 2026-05-12T00:29:08Z | 2026-05-18T13:23:54Z | 2026-05-25T13:08:59Z | 2026-06-01T13:20:32Z | 2026-06-08T13:20:12Z"
"MA","Massachusetts","17fbd272-d562-42c1-bfbc-2040fa8c0ca1","Dr Arthur Hannigan","-70.0006098733187","41.7840111335052","dentist","","81 Old Colony Way Ste C","Orleans","02653","MA","US","(508) 255-4312","","http://www.orleansimplantdentist.com","","","0.9199122190475464","open","4","Foursquare | Overture | Overture-signals","Apache-2.0 | CDLA-Permissive-2.0","2025-08-22T00:00:00.000 | 2026-06-11T11:57:15Z | 2026-05-12T00:29:08Z | 2026-05-18T13:23:54Z | 2026-05-25T13:08:59Z | 2026-06-01T13:20:32Z | 2026-06-08T13:20:12Z"
"MA","Massachusetts","18047686-66ec-4515-bb6a-be3f46494fef","Pediatric Dental Associates of Brookline","-71.124601","42.329909","dentist","orthodontist | pediatric_dentist","300 Boylston St","Brookline","02467-1936","MA","US","+16172327100","brooklinepediatricdental@gmail.com","http://www.brooklinepediatricdental.com/","https://www.facebook.com/262638272019","","0.8968249559402466","","8","meta | Overture","CDLA-Permissive-2.0","2026-04-27T00:00:00.000Z | 2026-06-11T11:57:15Z"
"MA","Massachusetts","1817f131-5577-421b-993c-414c5081d673","Braces Place Of Lowell","-71.3219520252696","42.6212455942915","dentist","","710 Chelmsford St","Lowell","01851","MA","US","(978) 454-0774","info@bracesplaces.com","http://bracesplaces.com","https://www.facebook.com/551229685033258","","0.77","","5","Foursquare | Overture","Apache-2.0 | CDLA-Permissive-2.0","2025-08-22T00:00:00.000 | 2026-06-11T11:57:15Z"
"MA","Massachusetts","183f15c5-bdf4-4b64-8852-0e090ffc8c80","Pleasant Street Dental","-71.1061537941692","42.3655784164468","dentist","","14 Pleasant St","Cambridge","02139","MA","US","(617) 876-7900","pleasantstdental@verizon.net","http://pleasantstdental.com","https://www.facebook.com/332372613536291","","0.9199122190475464","open","5","Foursquare | Overture | Overture-signals","Apache-2.0 | CDLA-Permissive-2.0","2026-03-05T00:00:00.000 | 2026-06-11T11:57:15Z | 2026-05-12T00:29:08Z | 2026-05-18T13:23:54Z | 2026-05-25T13:08:59Z | 2026-06-01T13:20:32Z | 2026-06-08T13:20:12Z"
"MA","Massachusetts","185d9710-923b-42e4-90ca-fd4e423c1081","Community Dentists","-71.1639012339769","42.7064164027906","dentist","","420 Essex St","Lawrence","01840","MA","US","(978) 682-4525","","http://communitydentists.com","","","0.9199122190475464","open","4","Foursquare | Overture | Overture-signals","Apache-2.0 | CDLA-Permissive-2.0","2025-08-19T00:00:00.000 | 2026-06-11T11:57:15Z | 2026-05-12T00:29:08Z | 2026-05-18T13:23:54Z | 2026-05-25T13:08:59Z | 2026-06-01T13:20:32Z | 2026-06-08T13:20:12Z"
"MA","Massachusetts","186d50f4-122e-4b56-89dd-e31c4208ba75","Auburn Dental Group","-71.83144532","42.18794929","dentist","general_dentistry | cosmetic_dentist","492 Washington St","Auburn","01501-5708","MA","US","+15088036417","auburndentalgrouppc@gmail.com","https://www.theauburndentist.com/","https://www.facebook.com/120864934592452","","0.9815822839736938","open","9","meta | Overture | Overture-signals","CDLA-Permissive-2.0","2026-04-27T00:00:00.000Z | 2026-06-11T11:57:15Z | 2026-06-08T13:20:12Z"
"MA","Massachusetts","18b11c5a-76e9-4775-b74a-028c00bcc78f","Ted Filandrianos DMD and Associates LLC","-71.19743563","42.32675803","dentist","general_dentistry","1400 Centre St","Newton","02459-2414","MA","US","+16172444871","drtedoffice@aol.com","http://www.teethbydrted.com/","https://www.facebook.com/340496766159259","Ted Filandrianos DMD and Associates LLC","0.9888532799482346","","8","meta | Overture","CDLA-Permissive-2.0","2026-04-27T00:00:00.000Z | 2026-06-11T11:57:15Z"
"MA","Massachusetts","18ddabcd-39db-4209-8b54-7243514f651c","Greendale Dental","-71.7986638","42.30859474","dentist","general_dentistry","500 W Boylston St","Worcester","01606-2058","MA","US","+15088526616","","","https://www.facebook.com/116084931753795","","0.9902192950248718","open","7","meta | Overture | Overture-signals","CDLA-Permissive-2.0","2026-04-27T00:00:00.000Z | 2026-06-11T11:57:15Z | 2026-05-12T00:29:08Z | 2026-05-18T13:23:54Z | 2026-05-25T13:08:59Z | 2026-06-01T13:20:32Z | 2026-06-08T13:20:12Z"
"MA","Massachusetts","18e2e8bf-538f-43f8-8ff7-9c14e7c7c5aa","Acorn Orthodontics","-71.01003","42.5862399","dentist","orthodontist | health_and_medical","119 S Main St","Middleton","01949-3303","MA","US","+17818443004","bebrinandcugine@gmail.com","https://www.acornorthodontics.com/middleton-office/","https://www.facebook.com/1928572467423229","Acorn Orthodontics","0.992107093334198","open","11","meta | Overture | Overture-signals","CDLA-Permissive-2.0","2026-04-27T00:00:00.000Z | 2026-06-11T11:57:15Z | 2026-06-08T13:20:12Z"
"MA","Massachusetts","19517559-f713-4066-aa7d-77774fd66b5d","Gian Calandrelli","-71.32477371","41.82777127","dentist","health_and_medical | medical_service_organizations","520 Taunton Ave","Seekonk","02771-3101","MA","US","+15083367260","dentist@smilebuilder.com","http://www.smilebuilder.com/","https://www.facebook.com/149464171783988","","0.9828914403915405","","9","meta | Overture","CDLA-Permissive-2.0","2026-04-27T00:00:00.000Z | 2026-06-11T11:57:15Z"
"MA","Massachusetts","19809a37-ba76-4d36-b09f-0b81e872b499","Wakefield Custom Dental","-71.07027521","42.50223315","dentist","cosmetic_dentist | general_dentistry","1 W Water St","Wakefield","01880-2929","MA","US","+17812464244","info@wakefieldcustomdental.com","http://www.wakefieldcustomdental.com","https://www.facebook.com/308160469388589","","0.9902192950248718","open","7","meta | Overture | Overture-signals","CDLA-Permissive-2.0","2026-04-27T00:00:00.000Z | 2026-06-11T11:57:15Z | 2026-05-12T00:29:08Z | 2026-05-18T13:23:54Z | 2026-05-25T13:08:59Z | 2026-06-01T13:20:32Z | 2026-06-08T13:20:12Z"
"MA","Massachusetts","19ac2c64-b100-4cb2-b5d9-dfa3e2685fd6","Future of Dentistry - Billerica","-71.24798465","42.54116322","dentist","general_dentistry | cosmetic_dentist","668 Boston Rd","Billerica","01821-5323","MA","US","+19784192461","fod.billerica@gmail.com","http://futureofdentistry.com/","https://www.facebook.com/169375543966316","Future of Dentistry - Wakefield","0.9199122190475464","open","9","meta | Overture | Overture-signals","CDLA-Permissive-2.0","2026-04-27T00:00:00.000Z | 2026-06-11T11:57:15Z | 2026-05-12T00:29:08Z | 2026-05-18T13:23:54Z | 2026-05-25T13:08:59Z | 2026-06-01T13:20:32Z | 2026-06-08T13:20:12Z"
"MA","Massachusetts","19b537be-e83b-4918-803f-abab7bb053be","Mark Rosebush Inc","-71.69190333","42.66009411","dentist","general_dentistry | medical_service_organizations","162 Main St","Townsend","01469-1038","MA","US","+19785978909","","http://drrosebushdmd.com","https://www.facebook.com/153965884640369","","0.9382593631744385","","8","meta | Overture","CDLA-Permissive-2.0","2026-04-27T00:00:00.000Z | 2026-06-11T11:57:15Z"
"MA","Massachusetts","19c3d537-309e-4af9-b2e9-70424328a995","Sophia Martz Dentist","-70.7651869556207","42.5773826472735","dentist","","66 Summer St","Manchester","01944","MA","US","(978) 526-0077","","http://www.drmartz.com","","","0.77","","6","Foursquare | Overture","Apache-2.0 | CDLA-Permissive-2.0","2025-10-09T00:00:00.000 | 2026-06-11T11:57:15Z"
"MA","Massachusetts","19e696ff-dd40-4c3b-bde1-f294d4919d79","Main Street Dental","-71.36756976","42.16345671","dentist","","1100 Main St","Millis","02054-1473","MA","US","+15083765588","mainstreetdentalmillis@gmail.com","https://www.msdmillis.com/","https://www.facebook.com/102551076102563","","0.8758161067962646","","8","meta | Overture","CDLA-Permissive-2.0","2026-04-27T00:00:00.000Z | 2026-06-11T11:57:15Z"
"MA","Massachusetts","1a0e40a7-00a4-4912-809c-9f5c7bb06336","Cronin's Dental","-71.23689369","42.37226833","dentist","health_and_medical","225 Moody St","Waltham","02453-5322","MA","US","+17816478000","","http://www.croninsdental.com","https://www.facebook.com/149036971806922","","0.9758358597755432","","8","meta | Overture","CDLA-Permissive-2.0","2026-04-27T00:00:00.000Z | 2026-06-11T11:57:15Z"
"MA","Massachusetts","1a314f9f-6dc0-4989-ad57-7bc3d88d988d","Wellesley Family Dental","-71.27435779","42.31212673","dentist","general_dentistry | family_practice","298 Washington St","Wellesley Hills","02481","MA","US","+17812639900","smile@wellesleyfamilydental.com","http://www.wellesleyfamilydental.com/","https://www.facebook.com/159361420840527","","0.9902192950248718","open","8","meta | Overture | Overture-signals","CDLA-Permissive-2.0","2026-04-27T00:00:00.000Z | 2026-06-11T11:57:15Z | 2026-05-12T00:29:08Z | 2026-05-18T13:23:54Z | 2026-05-25T13:08:59Z | 2026-06-01T13:20:32Z | 2026-06-08T13:20:12Z"
"MA","Massachusetts","1a4402fe-02db-4890-b0b3-6608448990fd","Refresh Valley Dental","-72.62403862","42.30358933","dentist","general_dentistry | cosmetic_dentist","15 Atwood Dr","Northampton","01060-4273","MA","US","+14133874585","office@refreshvalleydental.com","http://www.refreshvalleydental.com/","https://www.facebook.com/106049134744234","","0.9902192950248718","open","7","meta | Overture | Overture-signals","CDLA-Permissive-2.0","2026-04-27T00:00:00.000Z | 2026-06-11T11:57:15Z | 2026-05-12T00:29:08Z | 2026-05-18T13:23:54Z | 2026-05-25T13:08:59Z | 2026-06-01T13:20:32Z | 2026-06-08T13:20:12Z"
"MA","Massachusetts","1a953722-9e25-4025-bf40-f4802b0a80ab","Harvey Family Dental","-71.23570591","42.28613105","dentist","general_dentistry","1183 Highland Ave","Needham","02494-3270","MA","US","+16176751500","info@harveydentalma.com","https://harveydentalma.com/","https://www.facebook.com/106659429018057","","0.9902192950248718","open","9","meta | Overture | Overture-signals","CDLA-Permissive-2.0","2026-04-27T00:00:00.000Z | 2026-06-11T11:57:15Z | 2026-05-12T00:29:08Z | 2026-05-18T13:23:54Z | 2026-05-25T13:08:59Z | 2026-06-01T13:20:32Z | 2026-06-08T13:20:12Z"
"MA","Massachusetts","1a9beb4b-bc46-47a7-914e-92c8a98dae8f","Boston Dental","-71.0588507746357","42.3591953689618","dentist","","35 Court St","Boston","02108","MA","US","(617) 402-5000","appointments@bostondental.com","https://bostondental.com","https://www.twitter.com/bdsmiledesigns | https://www.facebook.com/1858690731090031","","0.9902192950248718","open","4","Foursquare | Overture | Overture-signals","Apache-2.0 | CDLA-Permissive-2.0","2024-12-16T00:00:00.000 | 2026-06-11T11:57:15Z | 2026-05-12T00:29:08Z | 2026-05-18T13:23:54Z | 2026-05-25T13:08:59Z | 2026-06-01T13:20:32Z | 2026-06-08T13:20:12Z"
"MA","Massachusetts","1acc3b3b-4dab-4265-8f30-6997f63217ba","Belmont Family Dental Care","-71.17331107","42.39557172","dentist","general_dentistry","385 Concord Ave","Belmont","02478-3037","MA","US","+16174841920","office@belmontfamilydentalcare.com","https://belmontfamilydentalcare.com/","https://www.facebook.com/117959047889491","","0.9902192950248718","open","8","meta | Overture | Overture-signals","CDLA-Permissive-2.0","2026-04-27T00:00:00.000Z | 2026-06-11T11:57:15Z | 2026-05-12T00:29:08Z | 2026-05-18T13:23:54Z | 2026-05-25T13:08:59Z | 2026-06-01T13:20:32Z | 2026-06-08T13:20:12Z"
"MA","Massachusetts","1ad7eb60-0fb9-411a-9fa4-6866c0454054","Smiley Dental Waltham","-71.23499751091","42.375768601703","dentist","","1030 Main St","Waltham","02451","MA","US","(781) 666-6000","","https://smileydentalwaltham.com","","","0.77","","5","Foursquare | Overture","Apache-2.0 | CDLA-Permissive-2.0","2024-10-18T00:00:00.000 | 2026-06-11T11:57:15Z"
"MA","Massachusetts","1b072ca2-15a9-4df0-97e3-9808661751c6","Twin City Dental Care","-71.78148732","42.55227429","dentist","general_dentistry | doctor","865 Merriam Ave","Leominster","01453-1230","MA","US","+19787518655","info@twincitydentalcare.com","http://www.twincitydentalcare.com/services","https://www.facebook.com/1614452008875621","","0.9199122190475464","open","9","meta | Overture | Overture-signals","CDLA-Permissive-2.0","2026-04-27T00:00:00.000Z | 2026-06-11T11:57:15Z | 2026-05-12T00:29:08Z | 2026-05-18T13:23:54Z | 2026-05-25T13:08:59Z | 2026-06-01T13:20:32Z | 2026-06-08T13:20:12Z"
"MA","Massachusetts","1b3f6ae0-f938-47c8-ae72-f6a445bc0b86","ACE DENTAL - WEYMOUTH","-70.9553257","42.1693697","dentist","health_and_medical","1025 Main St","Weymouth","02190","MA","US","7813313469","","http://acedentalweymouth.com/","","","0.85","","9","Microsoft | Overture","CDLA-Permissive-2.0","2021-09-18T20:59:20.477Z | 2026-06-11T11:57:15Z"
"MA","Massachusetts","1b480c8c-0c5e-4b53-95bb-60e0f3e30f0d","Smile Life Dental","-71.1476671","42.53867418","dentist","cosmetic_dentist | general_dentistry","211 Lowell St","Wilmington","01887-3014","MA","US","+19786574550","team@mysmilelifedental.com","https://mysmilelifedental.com/","https://www.facebook.com/112443756845871","","0.9199122190475464","open","8","meta | Overture | Overture-signals","CDLA-Permissive-2.0","2026-04-27T00:00:00.000Z | 2026-06-11T11:57:15Z | 2026-05-12T00:29:08Z | 2026-05-18T13:23:54Z | 2026-05-25T13:08:59Z | 2026-06-01T13:20:32Z | 2026-06-08T13:20:12Z"
"MA","Massachusetts","1b950e4e-a87d-4b30-8b4e-469912bdc543","Dr. Joseph J. Salusti Dentist","-71.18719543","42.36705447","dentist","doctor | prosthodontist","118 Main St","Watertown","02472-4415","MA","US","+16179240135","info@drsalustidmd.com","http://drsalustidmd.com/","https://www.facebook.com/647744699024904","","0.950093686580658","","8","meta | Overture","CDLA-Permissive-2.0","2026-04-27T00:00:00.000Z | 2026-06-11T11:57:15Z"
"MA","Massachusetts","1ba782bd-e133-4051-9df9-94ee1d8701ce","Pearla Dental","-71.77726533","42.29495737","dentist","general_dentistry | health_and_medical","490 Lincoln St","Worcester","01605-1920","MA","US","+15088694225","","https://pearladental.com/","https://www.facebook.com/284086678324832","Pearla Dental LLC","0.9902192950248718","open","9","meta | Overture | Overture-signals","CDLA-Permissive-2.0","2026-04-27T00:00:00.000Z | 2026-06-11T11:57:15Z | 2026-05-12T00:29:08Z | 2026-05-18T13:23:54Z | 2026-05-25T13:08:59Z | 2026-06-01T13:20:32Z | 2026-06-08T13:20:12Z"
"MA","Massachusetts","1bb5d0bf-2817-427b-b11d-3667b8e4d073","Courtney Lavigne Dentistry","-71.3664136049807","42.36524641074","dentist","","109 Andrew Ave","Wayland","01778","MA","US","(508) 358-2122","hello@courtneylavigne.com","http://www.courtneylavigne.com","https://www.twitter.com/lavignedmd | https://www.facebook.com/636614293068049","","0.9199122190475464","open","4","Foursquare | Overture | Overture-signals","Apache-2.0 | CDLA-Permissive-2.0","2023-12-12T00:00:00.000 | 2026-06-11T11:57:15Z | 2026-05-12T00:29:08Z | 2026-05-18T13:23:54Z | 2026-05-25T13:08:59Z | 2026-06-01T13:20:32Z | 2026-06-08T13:20:12Z"
"MA","Massachusetts","1bbb25f0-de52-45fc-aafe-8997a0ce934a","Professional Family Dentistry","-71.388012","42.581919","dentist","orthodontist | health_and_medical","290 Littleton Rd","Chelmsford","01824-3406","MA","US","+19782563261","drmfs74@gmail.com","http://www.chelmsforddentist.com/","https://www.facebook.com/334992185155","","0.9855039715766907","","7","meta | Overture","CDLA-Permissive-2.0","2026-04-27T00:00:00.000Z | 2026-06-11T11:57:15Z"
"MA","Massachusetts","1bc7098e-6366-4cca-8ae8-8570fb4742c7","Wellesley Dental Associates","-71.29430719","42.29929935","dentist","general_dentistry","148 Linden St","Wellesley","02482-7900","MA","US","+17814317295","drleewda@gmail.com","http://www.josephleedmd.com/","https://www.facebook.com/828798974122486","Wellesley Dental Associates","0.9199122190475464","open","9","meta | Overture | Overture-signals","CDLA-Permissive-2.0","2026-04-27T00:00:00.000Z | 2026-06-11T11:57:15Z | 2026-05-12T00:29:08Z | 2026-05-18T13:23:54Z | 2026-05-25T13:08:59Z | 2026-06-01T13:20:32Z | 2026-06-08T13:20:12Z"
"MA","Massachusetts","1be8462c-0225-4ed8-8571-0f14e0f1634e","Gentle Dental Waltham","-71.2462885","42.37637094","dentist","general_dentistry","879 Main St","Waltham","02451-7414","MA","US","+17818502361","gentledentalwaltham@42northdental.com","https://www.gentledental.com/dental-offices/ma/waltham","https://www.facebook.com/303576382993630","Gentle Dental","0.954780101776123","","8","meta | Overture","CDLA-Permissive-2.0","2026-04-27T00:00:00.000Z | 2026-06-11T11:57:15Z"
"MA","Massachusetts","1c02ed1a-a5b3-4e55-8f53-2ccb8f6b6197","Amity Street Dental","-72.52279472","42.37561608","dentist","periodontist | doctor","148 Amity St","Amherst","01002-2201","MA","US","+14135498100","info@amitystreetdental.com","http://amitystreetdental.com/","https://www.facebook.com/997566610262123","","0.9902192950248718","open","7","meta | Overture | Overture-signals","CDLA-Permissive-2.0","2026-04-27T00:00:00.000Z | 2026-06-11T11:57:15Z | 2026-05-12T00:29:08Z | 2026-05-18T13:23:54Z | 2026-05-25T13:08:59Z | 2026-06-01T13:20:32Z | 2026-06-08T13:20:12Z"
"MA","Massachusetts","1c110833-b332-4666-9e59-75ffb8e076da","New England Dental Group","-71.54054358","42.29103407","dentist","general_dentistry | health_and_medical","257 Turnpike Rd","Southborough","01772-1791","MA","US","+15082816464","southborough@newenglanddentalgroup.com","https://www.newenglanddentalgroup.com/","https://www.facebook.com/130831270306298","New England Dental Group","0.9902192950248718","open","8","meta | Overture | Overture-signals","CDLA-Permissive-2.0","2026-04-27T00:00:00.000Z | 2026-06-11T11:57:15Z | 2026-05-12T00:29:08Z | 2026-05-18T13:23:54Z | 2026-05-25T13:08:59Z | 2026-06-01T13:20:32Z | 2026-06-08T13:20:12Z"
"MA","Massachusetts","1c26c5da-4284-452e-91be-dd74ab897dd0","Brockton Dental Group","-71.02045523","42.08078249","dentist","general_dentistry","231 Main St","Brockton","02301-4342","MA","US","+15085888338","brocktondentalgroup@yahoo.com","http://brocktondentalgroup.com/","https://www.facebook.com/494518547320495","","0.9199122190475464","open","8","meta | Overture | Overture-signals","CDLA-Permissive-2.0","2026-04-27T00:00:00.000Z | 2026-06-11T11:57:15Z | 2026-05-12T00:29:08Z | 2026-05-18T13:23:54Z | 2026-05-25T13:08:59Z | 2026-06-01T13:20:32Z | 2026-06-08T13:20:12Z"
"MA","Massachusetts","1c376c6a-36c7-406d-8203-cf27606114b4","Gillis Dental","-71.2359126307383","42.2855061822576","dentist","","1211 Highland Ave","Needham","02492","MA","US","(781) 444-4782","gillisdental@42northdental.com","http://www.gillisdental.com","https://www.facebook.com/426385020753327","","0.77","","5","Foursquare | Overture","Apache-2.0 | CDLA-Permissive-2.0","2025-05-23T00:00:00.000 | 2026-06-11T11:57:15Z"
"MA","Massachusetts","1c66f700-af69-435a-a417-f378e066adb3","Di Tolla Maris L DDS","-70.93227915","42.84920119","dentist","general_dentistry","5 Morrill Pl","Amesbury","01913-3501","MA","US","+19783884323","","","https://www.facebook.com/168094653560829","","0.9199122190475464","open","7","meta | Overture | Overture-signals","CDLA-Permissive-2.0","2026-04-27T00:00:00.000Z | 2026-06-11T11:57:15Z | 2026-05-12T00:29:08Z | 2026-05-18T13:23:54Z | 2026-05-25T13:08:59Z | 2026-06-01T13:20:32Z | 2026-06-08T13:20:12Z"
"MA","Massachusetts","1c770fa9-c283-4c8a-8ee1-a5039ac4d01b","Sutton Dental","-71.73766366","42.16034271","dentist","general_dentistry | doctor","160 Worcester Providence Tpke","Sutton","01590-2901","MA","US","+15088652334","hello@suttondental.net","https://www.suttondental.net","https://www.facebook.com/166003573810209","Sutton Dental","0.9979483693838119","","8","meta | Overture","CDLA-Permissive-2.0","2026-04-27T00:00:00.000Z | 2026-06-11T11:57:15Z"
"MA","Massachusetts","1c884bc5-d57e-419b-b188-541beee7db53","Louis M. Grillon, D.D.S.","-72.6218451348254","42.1756873572001","dentist","","436 Chicopee St","Chicopee","01013","MA","US","(413) 533-0528","","http://www.drgrillon.com","https://www.facebook.com/125431347510712","","0.9199122190475464","open","4","Foursquare | Overture | Overture-signals","Apache-2.0 | CDLA-Permissive-2.0","2023-11-10T00:00:00.000 | 2026-06-11T11:57:15Z | 2026-05-12T00:29:08Z | 2026-05-18T13:23:54Z | 2026-05-25T13:08:59Z | 2026-06-01T13:20:32Z | 2026-06-08T13:20:12Z"
"MA","Massachusetts","1cc1960c-efb3-4496-8df6-9d597ae2a175","Karen L. Madruga DMD","-71.52647831","42.30597346","dentist","general_dentistry","11 Main St","Southborough","01772-1661","MA","US","+15084816100","","https://www.southborodental.com/staff.html","https://www.facebook.com/104265807706732","Karen LYNN Madruga","0.8705176237225533","","9","meta | Overture","CDLA-Permissive-2.0","2026-04-27T00:00:00.000Z | 2026-06-11T11:57:15Z"
"MA","Massachusetts","1cc606bf-bc56-4626-822c-cb55fb799337","Alegria Dental Group","-71.09501923","42.37291984","dentist","doctor | health_and_medical","1058 Cambridge St","Cambridge","02139-1407","MA","US","+16178682545","alegriadental@outlook.com","http://www.bettyjeanmarydmd.com/","https://www.facebook.com/1415964611992025","Central Dental Associates","0.9748919606208801","","7","meta | Overture","CDLA-Permissive-2.0","2026-04-27T00:00:00.000Z | 2026-06-11T11:57:15Z"
"MA","Massachusetts","1ccd9b0c-a76b-4476-b349-85fe7e4994f8","Baystate Dental","-72.0584223","42.12564964","dentist","general_dentistry | health_and_medical","110 Charlton Rd","Sturbridge","01566-1538","MA","US","+17744811408","","https://baystate-dental.com/dentist-office/sturbridge-ma-01566?utm_source=Google&utm_medium=KnowledgePanel&utm_campaign=Website","https://www.facebook.com/2069920053032776","Baystate Dental PC","0.9902192950248718","open","10","meta | Overture | Overture-signals","CDLA-Permissive-2.0","2026-04-27T00:00:00.000Z | 2026-06-11T11:57:15Z | 2026-05-12T00:29:08Z | 2026-05-18T13:23:54Z | 2026-05-25T13:08:59Z | 2026-06-01T13:20:32Z | 2026-06-08T13:20:12Z"
"MA","Massachusetts","1cfd2dd1-08bd-4d79-9039-3725f3e5678f","Melrose Dental Care","-71.06683925","42.45486991","dentist","general_dentistry | doctor","80 W Foster St","Melrose","02176-3811","MA","US","+17816655060","","https://www.melrosedentalcare.com/","https://www.facebook.com/546175835907905","","0.9199122190475464","open","7","meta | Overture | Overture-signals","CDLA-Permissive-2.0","2026-04-27T00:00:00.000Z | 2026-06-11T11:57:15Z | 2026-05-12T00:29:08Z | 2026-05-18T13:23:54Z | 2026-05-25T13:08:59Z | 2026-06-01T13:20:32Z | 2026-06-08T13:20:12Z"
"MA","Massachusetts","1d166fd1-2b32-4922-9ba3-337e989e109d","Soo Woo Kim DMsC DMD","-71.10511","42.337631","dentist","health_and_medical","300 Longwood Ave","Boston","02115","MA","US","6173556571","","https://www.childrenshospital.org/directory/physicians/k/soo-woo-kim","","","0.9199122190475464","open","8","Microsoft | Overture | Overture-signals","CDLA-Permissive-2.0","2024-04-17T10:47:23.920Z | 2026-06-11T11:57:15Z | 2026-05-12T00:29:08Z | 2026-05-18T13:23:54Z | 2026-05-25T13:08:59Z | 2026-06-01T13:20:32Z | 2026-06-08T13:20:12Z"
"MA","Massachusetts","1d2c3fbb-6001-4f05-b3e6-4d056657b0d1","Dr. Michael Gold, DDS","-71.1756933584511","42.3977635813851","dentist","","Leonard Street","Belmont","02478","MA","US","(617) 484-6558","contactus@mpgolddds.com","http://www.mpgolddds.com","","","0.77","","5","Foursquare | Overture","Apache-2.0 | CDLA-Permissive-2.0","2025-02-05T00:00:00.000 | 2026-06-11T11:57:15Z"
"MA","Massachusetts","1d5b78f2-5711-4718-a7ac-471c8ec8c92b","Newburyport Family Dental Care","-70.90263","42.82192","dentist","doctor","","Newburyport","","MA","US","+19784654040","vakadentalcare@gmail.com","http://www.newburyportfamilydentalcare.com/","https://www.facebook.com/205773989862083","","0.6563908457756042","","2","meta | Overture","CDLA-Permissive-2.0","2026-04-27T00:00:00.000Z | 2026-06-11T11:57:15Z"
"MA","Massachusetts","1d7322f1-8433-45c0-95c5-860d2f3ff159","Venus Dental","-71.46780875","42.42780769","dentist","periodontist | health_and_medical","63 Great Rd","Maynard","01754-2097","MA","US","+19782985281","venusdentalpc@gmail.com","http://www.venusdentalpc.com/","https://www.facebook.com/185708864813140","","0.9199122190475464","open","9","meta | Overture | Overture-signals","CDLA-Permissive-2.0","2026-04-27T00:00:00.000Z | 2026-06-11T11:57:15Z | 2026-05-12T00:29:08Z | 2026-05-18T13:23:54Z | 2026-05-25T13:08:59Z | 2026-06-01T13:20:32Z | 2026-06-08T13:20:12Z"
"MA","Massachusetts","1db1d857-9392-4e04-921c-cf27c6a85bea","Albert J. Sandler DMD","-71.12854857","42.7481438","dentist","","386 Merrimack St","Methuen","01844","MA","US","(978) 683-3343","albertsandlerdmd@comcast.net","http://www.methuencosmeticdentist.com","https://www.facebook.com/167672529990270","","0.9199122190475464","open","4","Foursquare | Overture | Overture-signals","Apache-2.0 | CDLA-Permissive-2.0","2024-03-25T00:00:00.000 | 2026-06-11T11:57:15Z | 2026-05-12T00:29:08Z | 2026-05-18T13:23:54Z | 2026-05-25T13:08:59Z | 2026-06-01T13:20:32Z | 2026-06-08T13:20:12Z"
"MA","Massachusetts","1db96eed-f678-4d16-a248-0fbd670ba7c7","Care Dental Associates","-71.04523748","42.76511589","dentist","general_dentistry | cosmetic_dentist","62 Brown St","Haverhill","01830","MA","US","+19785218477","haverhill@caredentalassociates.com","http://www.caredentalassociates.com/","https://www.facebook.com/486533058753423","Caredental Associates","0.9199122190475464","open","8","meta | Overture | Overture-signals","CDLA-Permissive-2.0","2026-04-27T00:00:00.000Z | 2026-06-11T11:57:15Z | 2026-05-12T00:29:08Z | 2026-05-18T13:23:54Z | 2026-05-25T13:08:59Z | 2026-06-01T13:20:32Z | 2026-06-08T13:20:12Z"
"MA","Massachusetts","1dd43fbe-e5ba-46b7-aecc-d7e5fc453ed1","Charlestown Dental Care","-71.06376508","42.37527105","dentist","doctor | health_and_medical","1 Thompson Sq","Charlestown","02129-3308","MA","US","+16172420663","jeffgoldmandds@verizon.net","http://www.drgoldmandentist.com/","https://www.facebook.com/172241822820858","","0.9107151031494141","","2","meta | Overture","CDLA-Permissive-2.0","2026-04-27T00:00:00.000Z | 2026-06-11T11:57:15Z"
"MA","Massachusetts","1ddfa1f6-9c21-455b-b494-28e7099a6077","Family Dental and Implant Center","-71.07829215","42.42682246","dentist","general_dentistry","388 Pleasant St","Malden","02148-3534","MA","US","+17813246200","maldendental@comcast.net","https://www.familydentalofmalden.com/","https://www.facebook.com/442225965635544","","0.9902192950248718","open","9","meta | Overture | Overture-signals","CDLA-Permissive-2.0","2026-04-27T00:00:00.000Z | 2026-06-11T11:57:15Z | 2026-05-12T00:29:08Z | 2026-05-18T13:23:54Z | 2026-05-25T13:08:59Z | 2026-06-01T13:20:32Z | 2026-06-08T13:20:12Z"
"MA","Massachusetts","1de44654-43e7-4851-938c-f6c07ec905fc","Joseph Yamin, D.M.D, Orthodontist","-71.7629051181909","42.5274216350845","dentist","","55 West St","Leominster","01453","MA","US","(978) 534-0173","joeortho0173@yahoo.com","http://www.joeortho.net","https://www.facebook.com/160052890681560","","0.9199122190475464","open","4","Foursquare | Overture | Overture-signals","Apache-2.0 | CDLA-Permissive-2.0","2025-08-22T00:00:00.000 | 2026-06-11T11:57:15Z | 2026-05-12T00:29:08Z | 2026-05-18T13:23:54Z | 2026-05-25T13:08:59Z | 2026-06-01T13:20:32Z | 2026-06-08T13:20:12Z"
"MA","Massachusetts","1e0de5d8-f946-471f-b4b6-642b2e0411f5","Worcester Quality Dental","-71.82595602","42.27013934","dentist","periodontist | pediatric_dentist","715 Pleasant St","Worcester","01602-1904","MA","US","+15087540918","wqualitydental@gmail.com","https://www.worcesterqualitydental.com/","https://www.facebook.com/203670430422758","Worcester Quality Dental","0.9199122190475464","open","9","meta | Overture | Overture-signals","CDLA-Permissive-2.0","2026-04-27T00:00:00.000Z | 2026-06-11T11:57:15Z | 2026-05-12T00:29:08Z | 2026-05-18T13:23:54Z | 2026-05-25T13:08:59Z | 2026-06-01T13:20:32Z | 2026-06-08T13:20:12Z"
"MA","Massachusetts","1e415646-735d-47aa-a210-b6ce506696bb","Dr. Gobran","-71.81814385119","42.2651069534301","dentist","","Park Ave","Worcester","01609","MA","US","(508) 753-3200","info@drgobran.com","https://drgobran.com","https://www.twitter.com/dr_monicagobran","","0.77","","5","Foursquare | Overture","Apache-2.0 | CDLA-Permissive-2.0","2024-03-26T00:00:00.000 | 2026-06-11T11:57:15Z"
"MA","Massachusetts","1e44aaae-22fa-4806-8ece-f819a108e318","Marlborough Dental Lab","-71.56065757","42.34542718","dentist","","469 Lincoln St","Marlborough","01752-2083","MA","US","+15086240607","","","https://www.facebook.com/417502942342990","","0.9199122190475464","open","7","meta | Overture | Overture-signals","CDLA-Permissive-2.0","2026-04-27T00:00:00.000Z | 2026-06-11T11:57:15Z | 2026-05-12T00:29:08Z | 2026-05-18T13:23:54Z | 2026-05-25T13:08:59Z | 2026-06-01T13:20:32Z | 2026-06-08T13:20:12Z"
"MA","Massachusetts","1e466355-b464-49c0-99e0-49c0b1766b5f","Our Family Dental","-71.81032416","42.24316656","dentist","general_dentistry","700 Southbridge St","Worcester","01610-2941","MA","US","+17742439500","ourfamilydental@gmail.com","http://ourfamilydentalma.com/","https://www.facebook.com/105651317514921","","0.9902192950248718","open","9","meta | Overture | Overture-signals","CDLA-Permissive-2.0","2026-04-27T00:00:00.000Z | 2026-06-11T11:57:15Z | 2026-05-12T00:29:08Z | 2026-05-18T13:23:54Z | 2026-05-25T13:08:59Z | 2026-06-01T13:20:32Z | 2026-06-08T13:20:12Z"
"MA","Massachusetts","1e468041-a8b0-44a1-9dd3-c3e0a1681eca","Partners In Oral Health","-71.22552359","42.31315101","dentist","","381 Elliot St","Newton","02464-1130","MA","US","+16175270880","partnersoh@gmail.com","http://partnersinoralhealth.com/","https://www.facebook.com/146196330897682","","0.9902192950248718","open","10","meta | Overture | Overture-signals","CDLA-Permissive-2.0","2026-04-27T00:00:00.000Z | 2026-06-11T11:57:15Z | 2026-05-12T00:29:08Z | 2026-05-18T13:23:54Z | 2026-05-25T13:08:59Z | 2026-06-01T13:20:32Z | 2026-06-08T13:20:12Z"
"MA","Massachusetts","1e59c994-a2a7-4235-a0a6-134bdb32c697","General & Implant Dentistry of Worcester County","-71.831551","42.265887","dentist","oral_surgeon | health_and_medical","87 June St","Worcester","01602-2948","MA","US","+15087570591","debby@charlessamborskidds.com","https://www.charlessamborskidds.com/","https://www.facebook.com/119377701426199","General & Implant Dentistry of Worcester County","0.9729328155517578","","9","meta | Overture","CDLA-Permissive-2.0","2026-04-27T00:00:00.000Z | 2026-06-11T11:57:15Z"
"MA","Massachusetts","1e72d529-908d-45d6-824e-bfd8f629b97b","Framingham Oral & Maxillofacial Surgery PC","-71.4164104531834","42.2825594963818","dentist","","29 Lincoln St","Framingham","01702","MA","US","(508) 879-1300","carinec@foamspc.com","http://www.framinghamoms.com","https://www.twitter.com/intent | https://www.facebook.com/125056777547346","","0.9199122190475464","open","4","Foursquare | Overture | Overture-signals","Apache-2.0 | CDLA-Permissive-2.0","2025-08-22T00:00:00.000 | 2026-06-11T11:57:15Z | 2026-05-12T00:29:08Z | 2026-05-18T13:23:54Z | 2026-05-25T13:08:59Z | 2026-06-01T13:20:32Z | 2026-06-08T13:20:12Z"
"MA","Massachusetts","1e9c388c-1163-4f08-b407-58cf74747853","Robert R. Feudo DMD","-70.93757816","42.555261","dentist","cosmetic_dentist | general_dentistry","85 Constitution Ln","Danvers","01923-3627","MA","US","+19787778850","robertrfuedodmd@verizon.net","http://Feudodental.com/","https://www.facebook.com/156046074417588","","0.9199122190475464","open","8","meta | Overture | Overture-signals","CDLA-Permissive-2.0","2026-04-27T00:00:00.000Z | 2026-06-11T11:57:15Z | 2026-05-12T00:29:08Z | 2026-05-18T13:23:54Z | 2026-05-25T13:08:59Z | 2026-06-01T13:20:32Z | 2026-06-08T13:20:12Z"
"MA","Massachusetts","1ea7b266-bd9f-46ee-9e97-f48274145e5d","Thrive Dental Co.","-71.41317742","42.47845883","dentist","general_dentistry | health_and_medical","107 Great Rd","Acton","01720-5696","MA","US","+19783938110","hello@thrivedental.co","http://thrivedental.co/","https://www.facebook.com/110313277029455","Thrive Dental Co","0.9199122190475464","open","8","meta | Overture | Overture-signals","CDLA-Permissive-2.0","2026-04-27T00:00:00.000Z | 2026-06-11T11:57:15Z | 2026-05-12T00:29:08Z | 2026-05-18T13:23:54Z | 2026-05-25T13:08:59Z | 2026-06-01T13:20:32Z | 2026-06-08T13:20:12Z"
"MA","Massachusetts","1eac0dfa-7bdb-4719-ab6e-0f7ae1ccc0a6","Sahara Dental","-71.12517693","42.34425266","dentist","general_dentistry","364 Harvard St","Brookline","02446-2920","MA","US","+18572188222","info@saharadentalcenter.com","http://www.saharadentalcenter.com/","https://www.facebook.com/1593859227549313","","0.9902192950248718","open","9","meta | Overture | Overture-signals","CDLA-Permissive-2.0","2026-04-27T00:00:00.000Z | 2026-06-11T11:57:15Z | 2026-05-12T00:29:08Z | 2026-05-18T13:23:54Z | 2026-05-25T13:08:59Z | 2026-06-01T13:20:32Z | 2026-06-08T13:20:12Z"
"MA","Massachusetts","1ef547b8-2e15-413a-a6e5-540285203bbc","Dr. Michael Boschetti","-70.9929085921176","42.4071276522177","dentist","","1 Orr Sq","Revere","02151","MA","US","(781) 284-1430","info@mboschetti.com","http://www.michaelboschetti.com","","","0.9199122190475464","open","4","Foursquare | Overture | Overture-signals","Apache-2.0 | CDLA-Permissive-2.0","2026-03-21T00:00:00.000 | 2026-06-11T11:57:15Z | 2026-05-12T00:29:08Z | 2026-05-18T13:23:54Z | 2026-05-25T13:08:59Z | 2026-06-01T13:20:32Z | 2026-06-08T13:20:12Z"
"MA","Massachusetts","1f080ed6-2bb2-4d1e-8605-8ff660f709e2","AP Dental - Swampscott","-70.9011062","42.48354117","dentist","general_dentistry | cosmetic_dentist","990 Paradise Rd","Swampscott","01907-1309","MA","US","+17813846646","swampscott@ap.dental","https://ap.dental/","https://www.facebook.com/218011722343863","AP Dental Center","0.9806320667266846","","2","meta | Overture","CDLA-Permissive-2.0","2026-04-27T00:00:00.000Z | 2026-06-11T11:57:15Z"
"MA","Massachusetts","1f407d18-f9ff-46b7-bc1f-daf74758f062","Norton Family Dentistry","-71.21542313","41.95558686","dentist","general_dentistry | medical_service_organizations","236 W Main St","Norton","02766-2107","MA","US","+15082261686","nortonfamilydental@gmail.com","https://www.nortonfamilydental.com/","https://www.facebook.com/391059400959544","Norton Family Dental Group","0.9850912094116211","","3","meta | Overture","CDLA-Permissive-2.0","2026-04-27T00:00:00.000Z | 2026-06-11T11:57:15Z"
"MA","Massachusetts","1f4ad733-d414-4aef-8881-957e63916448","A-One Dental","-71.04894477","42.06825436","dentist","pediatric_dentist | hospital","772 Belmont St","Brockton","02301-5603","MA","US","+15085808888","dr.g@myfirstdental.com","http://aonedentalma.com","https://www.facebook.com/276679865826301","","0.9199122190475464","open","7","meta | Overture | Overture-signals","CDLA-Permissive-2.0","2026-04-27T00:00:00.000Z | 2026-06-11T11:57:15Z | 2026-05-12T00:29:08Z | 2026-05-18T13:23:54Z | 2026-05-25T13:08:59Z | 2026-06-01T13:20:32Z | 2026-06-08T13:20:12Z"
"MA","Massachusetts","1f546353-6a7f-456d-893d-76f0b6ebc3fc","Community Dentists of Lowell","-71.30342991","42.61545623","dentist","general_dentistry | medical_service_organizations","1484 Gorham St","Lowell","01852-5241","MA","US","+19784594949","communitydentistsoflowell@gmail.com","https://www.communitydentistsoflowell.com/","https://www.facebook.com/910844275452077","","0.9902192950248718","open","7","meta | Overture | Overture-signals","CDLA-Permissive-2.0","2026-04-27T00:00:00.000Z | 2026-06-11T11:57:15Z | 2026-05-12T00:29:08Z | 2026-05-18T13:23:54Z | 2026-05-25T13:08:59Z | 2026-06-01T13:20:32Z | 2026-06-08T13:20:12Z"
"MA","Massachusetts","1f5c3d0b-ab2d-4f85-8742-8cc69cef1dd7","Burlington Center Dental Associates","-71.21018964","42.51935952","dentist","general_dentistry","30 Chestnut Ave","Burlington","01803-1600","MA","US","+17812723663","burlington@varinosdental.com","https://burlingtoncenterdental.com/","https://www.facebook.com/100515005513936","","0.9199122190475464","open","8","meta | Overture | Overture-signals","CDLA-Permissive-2.0","2026-04-27T00:00:00.000Z | 2026-06-11T11:57:15Z | 2026-05-12T00:29:08Z | 2026-05-18T13:23:54Z | 2026-05-25T13:08:59Z | 2026-06-01T13:20:32Z | 2026-06-08T13:20:12Z"
"MA","Massachusetts","1fbea84d-9241-4f2d-9d88-5f4bc16b5146","Natick Dental Health","-71.359267","42.2972965","dentist","general_dentistry","164 N Main St","Natick","01760-2738","MA","US","+15082179123","info@natickdentalhealth.com","https://www.thenatickdentist.com/","https://www.facebook.com/2012093245480886","Bedi Dental Group","0.9199122190475464","open","8","meta | Overture | Overture-signals","CDLA-Permissive-2.0","2026-04-27T00:00:00.000Z | 2026-06-11T11:57:15Z | 2026-05-12T00:29:08Z | 2026-05-18T13:23:54Z | 2026-05-25T13:08:59Z | 2026-06-01T13:20:32Z | 2026-06-08T13:20:12Z"
"MA","Massachusetts","1fc38f15-8e26-4111-b58e-36d0a00f8d1b","Dr. Fiore DMD","-71.076255892086","42.5045488185058","dentist","","39 Yale Avenue","Wakefield","01880","MA","US","(781) 245-5366","","http://www.fioredentalassociates.com","","","0.77","","5","Foursquare | Overture","Apache-2.0 | CDLA-Permissive-2.0","2024-09-10T00:00:00.000 | 2026-06-11T11:57:15Z"
"MA","Massachusetts","1ff67640-baa8-4309-b04c-37629745f214","3-D Dental PC","-71.4518162986739","42.4750612954327","dentist","","411 Massachusetts Ave Ste 204","Acton","01720","MA","US","(978) 266-1288","","https://3-ddental.com","","","0.77","","9","Foursquare | Overture","Apache-2.0 | CDLA-Permissive-2.0","2025-12-09T00:00:00.000 | 2026-06-11T11:57:15Z"
"MA","Massachusetts","2009a807-0c26-45b3-97de-f718d21b6693","Bravo Albert A Podiatrist","-73.2470812","42.46111228","dentist","doctor | podiatrist","800 North St","Pittsfield","01201-4110","MA","US","+14134483668","","http://www.bravopodiatry.net","https://www.facebook.com/109503309212883","Bravo-Podiatry Diabetic FootCare.org","0.9321781992912292","","8","meta | Overture","CDLA-Permissive-2.0","2026-04-27T00:00:00.000Z | 2026-06-11T11:57:15Z"
"MA","Massachusetts","2025706f-4d04-4f3c-bd0e-18283eec7f75","DiNinno Family Dental","-71.78789801","42.55760513","dentist","general_dentistry","931 South St","Fitchburg","01420-7019","MA","US","+19783428710","tina@dininnofamilydental.com","http://DiNinnoFamilyDental.com/","https://www.facebook.com/180072912089165","DiNinno Family Dental","0.9199122190475464","open","8","meta | Overture | Overture-signals","CDLA-Permissive-2.0","2026-04-27T00:00:00.000Z | 2026-06-11T11:57:15Z | 2026-05-12T00:29:08Z | 2026-05-18T13:23:54Z | 2026-05-25T13:08:59Z | 2026-06-01T13:20:32Z | 2026-06-08T13:20:12Z"
"MA","Massachusetts","202be164-396b-4ff4-b837-fb92c8705851","Francis R. McCarthy, DMD","-71.1417586361261","42.6558828619809","dentist","","15 Central St","Andover","01810","MA","US","(978) 475-1230","drm@francismccarthydmd.com","http://www.francismccarthydmd.com","https://www.facebook.com/157872554244548","","0.9199122190475464","open","5","Foursquare | Overture | Overture-signals","Apache-2.0 | CDLA-Permissive-2.0","2025-06-06T00:00:00.000 | 2026-06-11T11:57:15Z | 2026-05-12T00:29:08Z | 2026-05-18T13:23:54Z | 2026-05-25T13:08:59Z | 2026-06-01T13:20:32Z | 2026-06-08T13:20:12Z"
"MA","Massachusetts","20450a9b-a3d8-4b2a-8c74-5b83be7a35f0","Plainville Dental Care","-71.3052961579985","42.0117638821126","dentist","","13 Taunton St Unit 8","Plainville","02762","MA","US","(508) 699-4822","","https://www.theplainvilledentist.com","","","0.9199122190475464","open","9","Foursquare | Overture | Overture-signals","Apache-2.0 | CDLA-Permissive-2.0","2025-08-05T00:00:00.000 | 2026-06-11T11:57:15Z | 2026-05-12T00:29:08Z | 2026-05-18T13:23:54Z | 2026-05-25T13:08:59Z | 2026-06-01T13:20:32Z | 2026-06-08T13:20:12Z"
"MA","Massachusetts","2054449f-0a25-42e3-9350-1f0a985f1166","Gentle Dental Jamaica Plain","-71.11400148","42.31428549","dentist","general_dentistry","612 Centre St","Jamaica Plain","02130-2552","MA","US","+16173791965","gentledentaljp@42northdental.com","https://www.gentledental.com/dental-offices/ma/boston/jamaica-plain","https://www.facebook.com/272297272818130","Gentle Dental","0.9902192950248718","open","9","meta | Overture | Overture-signals","CDLA-Permissive-2.0","2026-04-27T00:00:00.000Z | 2026-06-11T11:57:15Z | 2026-05-12T00:29:08Z | 2026-05-18T13:23:54Z | 2026-05-25T13:08:59Z | 2026-06-01T13:20:32Z | 2026-06-08T13:20:12Z"
"MA","Massachusetts","205599e7-9507-40d8-a500-04f6360c7cd0","Community Dentists of Worcester","-71.8141858","42.2730727","dentist","health_and_medical","227 Russell St","Worcester,","01602","MA","US","7742557345","","","","","0.9199122190475464","open","7","Microsoft | Overture | Overture-signals","CDLA-Permissive-2.0","2025-08-25T08:31:13.200Z | 2026-06-11T11:57:15Z | 2026-05-12T00:29:08Z | 2026-05-18T13:23:54Z | 2026-05-25T13:08:59Z | 2026-06-01T13:20:32Z | 2026-06-08T13:20:12Z"
"MA","Massachusetts","20679296-9593-43c9-ae95-d9d52e39e6f6","Lexington Dental","-71.2283273058981","42.445446336144","dentist","","114 Waltham St","Lexington","02421","MA","US","(781) 862-0350","front.desk@lexingtondentalassociates.com","http://www.lexingtondentalassociates.com","https://www.facebook.com/133027096748068","","0.77","","5","Foursquare | Overture","Apache-2.0 | CDLA-Permissive-2.0","2024-01-30T00:00:00.000 | 2026-06-11T11:57:15Z"
"MA","Massachusetts","20b9ed3b-4086-40f2-b7e8-610b09bc9a30","Merle Zicherman and Associates","-70.96033183","42.47045492","dentist","general_dentistry | health_and_medical","225 Boston St","Lynn","01904-3123","MA","US","+17815817798","","https://www.mzldental.com","https://www.facebook.com/165614600162437","MZL Dental & Orthodontics","0.9674426317214966","","8","meta | Overture","CDLA-Permissive-2.0","2026-04-27T00:00:00.000Z | 2026-06-11T11:57:15Z"
"MA","Massachusetts","20db7d89-41cf-4a46-aee7-de0069f7c60a","Eash Dental","-71.12219109","42.34206512","dentist","general_dentistry","1330 Beacon St # 261","Brookline","02446","MA","US","+16175660103","info@eashdental.com","http://EashDental.com/","https://www.facebook.com/319717065417026","","0.9199122190475464","open","8","meta | Overture | Overture-signals","CDLA-Permissive-2.0","2026-04-27T00:00:00.000Z | 2026-06-11T11:57:15Z | 2026-05-12T00:29:08Z | 2026-05-18T13:23:54Z | 2026-05-25T13:08:59Z | 2026-06-01T13:20:32Z | 2026-06-08T13:20:12Z"
"MA","Massachusetts","210a5555-1f06-4fc4-a8ea-94cf8de0064e","Schofield, Martin & Smagula Family Dentistry","-71.427383324077","42.5639018956192","dentist","","200 Littleton Rd","Westford","01886","MA","US","(978) 692-7563","","https://www.westfordfamilydentistry.com","","","0.77","","5","Foursquare | Overture","Apache-2.0 | CDLA-Permissive-2.0","2024-02-05T00:00:00.000 | 2026-06-11T11:57:15Z"
"MA","Massachusetts","212d260f-2199-42f6-af68-7afd65d71383","R. Scott Smith, DMD","-72.57579305","42.25863435","dentist","orthodontist | doctor","25 College St","South Hadley","01075","MA","US","+14135360847","lynns@gotsmiles.net","http://www.gotsmiles.net","https://www.facebook.com/155294987842784","Smith R Scott DMD PC & Associates","0.9199122190475464","open","8","meta | Overture | Overture-signals","CDLA-Permissive-2.0","2026-04-27T00:00:00.000Z | 2026-06-11T11:57:15Z | 2026-05-12T00:29:08Z | 2026-05-18T13:23:54Z | 2026-05-25T13:08:59Z | 2026-06-01T13:20:32Z | 2026-06-08T13:20:12Z"
"MA","Massachusetts","2134c629-6f9b-4749-a4be-cb3b30035e59","James U Rice DMD","-70.85049","42.503504","dentist","health_and_medical | family_practice","2 Hooper St","Marblehead","01945-3213","MA","US","+17816313162","","","https://www.facebook.com/138700256177907","","0.8054183125495911","","9","meta | Overture","CDLA-Permissive-2.0","2026-04-27T00:00:00.000Z | 2026-06-11T11:57:15Z"
"MA","Massachusetts","21436754-ef81-4f7a-9eb2-12747f417e1d","A Mother's Touch Pediatric Dentistry","-71.7847290039062","42.5543403625488","dentist","","104 Whalon St Ste 2D","Fitchburg","01420","MA","US","(978) 342-7000","","https://www.amotherstouchdental.com","","","0.9902192950248718","open","4","Foursquare | Overture | Overture-signals","Apache-2.0 | CDLA-Permissive-2.0","2025-10-07T00:00:00.000 | 2026-06-11T11:57:15Z | 2026-05-12T00:29:08Z | 2026-05-18T13:23:54Z | 2026-05-25T13:08:59Z | 2026-06-01T13:20:32Z | 2026-06-08T13:20:12Z"
"MA","Massachusetts","2155f972-0ae1-4dfd-bced-a200b43f011d","Belmont Dental Group","-71.16001982","42.39144188","dentist","general_dentistry | health_and_medical","57 Concord Ave","Belmont","02478-4027","MA","US","+17815274708","contactus@belmontdental.com","https://www.belmontdental.com/","https://www.facebook.com/144914758899468","Belmont Dental UK","0.9902192950248718","open","9","meta | Overture | Overture-signals","CDLA-Permissive-2.0","2026-04-27T00:00:00.000Z | 2026-06-11T11:57:15Z | 2026-05-12T00:29:08Z | 2026-05-18T13:23:54Z | 2026-05-25T13:08:59Z | 2026-06-01T13:20:32Z | 2026-06-08T13:20:12Z"
"MA","Massachusetts","21689512-f2f8-4fea-a48f-30d8a5013e70","Concord Dental - Family & Cosmetic Dentistry","-71.3860753","42.4600293","dentist","health_and_medical","290 Baker Ave Ste 201","Concord","01742","MA","US","9783694808","","https://www.myconcorddentalcare.com/","","","0.85","","7","Microsoft | Overture","CDLA-Permissive-2.0","2025-09-11T04:21:40.883Z | 2026-06-11T11:57:15Z"
"MA","Massachusetts","21f3f9f3-3ff2-4799-a406-4589ceb0bacb","Endodontics inc","-70.8911263487733","42.5264459756118","dentist","","2 Winter St","Salem","01970","MA","US","(978) 745-6900","none@none.com","http://www.endodonticsinc.com","","","0.9199122190475464","open","4","Foursquare | Overture | Overture-signals","Apache-2.0 | CDLA-Permissive-2.0","2025-01-31T00:00:00.000 | 2026-06-11T11:57:15Z | 2026-05-12T00:29:08Z | 2026-05-18T13:23:54Z | 2026-05-25T13:08:59Z | 2026-06-01T13:20:32Z | 2026-06-08T13:20:12Z"
"MA","Massachusetts","22230efb-beaf-42cb-971d-afbafe63966f","Sarah Haven Davis","-71.25095934","42.44055571","dentist","general_dentistry | health_and_medical","120 School St","Lexington","02421-7432","MA","US","+17815197513","info@sarahdavisdmd.com","https://sarahdavisdmd.com/","https://www.facebook.com/170903642965435","","0.9199122190475464","open","8","meta | Overture | Overture-signals","CDLA-Permissive-2.0","2026-04-27T00:00:00.000Z | 2026-06-11T11:57:15Z | 2026-05-12T00:29:08Z | 2026-05-18T13:23:54Z | 2026-05-25T13:08:59Z | 2026-06-01T13:20:32Z | 2026-06-08T13:20:12Z"
"MA","Massachusetts","223f48c8-d775-4ebc-b8c4-ccfdaef370d0","Hull Family Dental","-70.860847","42.273998","dentist","doctor","278 Nantasket Ave","Hull","02045-2927","MA","US","+17819253303","","","https://www.facebook.com/1376334839304637","","0.8789888620376587","","10","meta | Overture","CDLA-Permissive-2.0","2026-04-27T00:00:00.000Z | 2026-06-11T11:57:15Z"
"MA","Massachusetts","22436e60-a596-4a0c-a7ed-dda832bdebc9","Daniel J Molloy","-70.2415332968817","41.6525425254231","dentist","","30 Higgins Crowell Rd Ste 3","West Yarmouth","02673","MA","US","(508) 771-3336","","http://capecodrootcanal.com","https://www.facebook.com/111138548948264","","0.9199122190475464","open","4","Foursquare | Overture | Overture-signals","Apache-2.0 | CDLA-Permissive-2.0","2025-08-22T00:00:00.000 | 2026-06-11T11:57:15Z | 2026-05-12T00:29:08Z | 2026-05-18T13:23:54Z | 2026-05-25T13:08:59Z | 2026-06-01T13:20:32Z | 2026-06-08T13:20:12Z"
"MA","Massachusetts","2244a39a-4a69-477e-8148-7a4ff8cab748","Sambath Keo Inc","-71.3553876","42.6333399","dentist","endodontist | health_and_medical","50 Wood St","Lowell","01851-1519","MA","US","+19784419991","","","https://www.facebook.com/125450050842636","","0.9199122190475464","open","6","meta | Overture | Overture-signals","CDLA-Permissive-2.0","2026-04-27T00:00:00.000Z | 2026-06-11T11:57:15Z | 2026-05-12T00:29:08Z | 2026-05-18T13:23:54Z | 2026-05-25T13:08:59Z | 2026-06-01T13:20:32Z | 2026-06-08T13:20:12Z"
"MA","Massachusetts","225c6777-f9fb-4e14-9cfc-55ca0898e4eb","Pioneer Dental Newton Ma","-71.18483406","42.35796083","dentist","pediatric_dentist | endodontist","269 Washington St","Newton","02458","MA","US","+16176410005","newton@pioneerdental.com","http://www.pioneerdental.com/","https://www.facebook.com/246850435764998","Pioneer Dental Clinic","0.9963769948482514","","10","meta | Overture","CDLA-Permissive-2.0","2026-04-27T00:00:00.000Z | 2026-06-11T11:57:15Z"
"MA","Massachusetts","2274b303-af3b-41bf-950a-e7b64e954c57","Reading Dental PC","-71.10394795","42.51490981","dentist","general_dentistry | medical_service_organizations","270 Main St","Reading","01867-3610","MA","US","+17812054149","adow@readingdentalpc.com","https://readingdentalpc.com/","https://www.facebook.com/110657392331400","","0.9199122190475464","open","7","meta | Overture | Overture-signals","CDLA-Permissive-2.0","2026-04-27T00:00:00.000Z | 2026-06-11T11:57:15Z | 2026-05-12T00:29:08Z | 2026-05-18T13:23:54Z | 2026-05-25T13:08:59Z | 2026-06-01T13:20:32Z | 2026-06-08T13:20:12Z"
"MA","Massachusetts","2277a60c-3422-4f81-ab2f-a8ba46d3b8c4","Frank J. Dimauro","-71.006555","42.583364","dentist","","161 S Main St Ste 200","Middleton","01949","MA","US","(978) 777-9959","","http://frankjdimaurodmd.com","","","0.77","","5","Foursquare | Overture","Apache-2.0 | CDLA-Permissive-2.0","2025-08-22T00:00:00.000 | 2026-06-11T11:57:15Z"
"MA","Massachusetts","227da4e0-7c39-46a4-b0ab-eee4468d31a9","Michele Lecomte","-71.14648035","41.74399509","dentist","general_dentistry","863 County St","Somerset","02726-5033","MA","US","+15086744556","michele@lecomte.comcastbiz.net","http://www.ident.ws/lecomte","https://www.facebook.com/206131242768056","","0.7087377905845642","","7","meta | Overture","CDLA-Permissive-2.0","2026-04-27T00:00:00.000Z | 2026-06-11T11:57:15Z"
"MA","Massachusetts","22bb86f8-b3ef-46e0-8c5a-ee764ee22155","Southbridge Family Dental","-72.03433346","42.07516673","dentist","general_dentistry | medical_service_organizations","305 Main St","Southbridge","01550-3726","MA","US","+15087650880","southbridgefamilydental@gmail.com","http://www.southbridgefamilydental.com","https://www.facebook.com/163120877039097","","0.9199122190475464","open","8","meta | Overture | Overture-signals","CDLA-Permissive-2.0","2026-04-27T00:00:00.000Z | 2026-06-11T11:57:15Z | 2026-05-12T00:29:08Z | 2026-05-18T13:23:54Z | 2026-05-25T13:08:59Z | 2026-06-01T13:20:32Z | 2026-06-08T13:20:12Z"
"MA","Massachusetts","22ccc498-a507-46df-a8e2-4945f0ec1b6b","Dr. Raffi Dental","-71.1298912410011","42.4214355298436","dentist","","411 High St","Medford","02155","MA","US","(781) 396-7707","","http://www.raffidental.com","","","0.9902192950248718","open","4","Foursquare | Overture | Overture-signals","Apache-2.0 | CDLA-Permissive-2.0","2026-03-25T00:00:00.000 | 2026-06-11T11:57:15Z | 2026-05-12T00:29:08Z | 2026-05-18T13:23:54Z | 2026-05-25T13:08:59Z | 2026-06-01T13:20:32Z | 2026-06-08T13:20:12Z"
"MA","Massachusetts","22ff78ea-d18d-4576-993a-cba8e4d2f0fb","Dental Associates of Lowell","-71.33256043","42.63293565","dentist","general_dentistry | cosmetic_dentist","163 Pine St","Lowell","01851-3112","MA","US","+19784545648","daol163@gmail.com","http://www.wecreatesmiles.info/","https://www.facebook.com/121974907860157","Dental Associates of Lowell","0.9902192950248718","open","9","meta | Overture | Overture-signals","CDLA-Permissive-2.0","2026-04-27T00:00:00.000Z | 2026-06-11T11:57:15Z | 2026-05-12T00:29:08Z | 2026-05-18T13:23:54Z | 2026-05-25T13:08:59Z | 2026-06-01T13:20:32Z | 2026-06-08T13:20:12Z"
"MA","Massachusetts","23081a1d-5002-4cbe-98b6-09b9fe09682c","Horizon Dental","-70.953139","42.243025","dentist","health_and_medical | surgical_center","312 Bridge St","North Weymouth","02191-0004","MA","US","+17813370500","info@myhorizondental.com","http://myhorizondental.com/","https://www.facebook.com/1731045563821659","","0.8843823671340942","","8","meta | Overture","CDLA-Permissive-2.0","2026-04-27T00:00:00.000Z | 2026-06-11T11:57:15Z"
"MA","Massachusetts","232c12ee-69ad-48f3-bb8e-45e4b35c7121","Woods Hole Dental Associates","-70.67090055","41.5246807","dentist","professional_services","91 Water St","Falmouth","02543-1025","MA","US","+15087907801","kdemarest@barnstabledental.com","http://www.barnstabledental.com","https://www.facebook.com/457829081069971","","0.9586208087205887","","9","meta | Overture","CDLA-Permissive-2.0","2026-04-27T00:00:00.000Z | 2026-06-11T11:57:15Z"
"MA","Massachusetts","233feca5-605e-4b0f-a4bc-1d41fef9457f","Hyannis Harbor Dental","-70.28586705","41.65017779","dentist","general_dentistry | doctor","310 South St","Hyannis","02601-3932","MA","US","+15087751955","doctor@hyannisharbordental.com","http://www.hyannisharbordental.net/","https://www.facebook.com/1001840336502762","","0.9902192950248718","open","9","meta | Overture | Overture-signals","CDLA-Permissive-2.0","2026-04-27T00:00:00.000Z | 2026-06-11T11:57:15Z | 2026-05-12T00:29:08Z | 2026-05-18T13:23:54Z | 2026-05-25T13:08:59Z | 2026-06-01T13:20:32Z | 2026-06-08T13:20:12Z"
"MA","Massachusetts","2387c032-783b-4247-970b-07b105e1c97f","Tufts Special Care Dental Clinics","-72.62766782","42.12091548","dentist","","1275 Elm St","West Springfield","01089-1818","MA","US","+14133631345","","https://dental.tufts.edu/patient-care/specialty-clinics/tufts-dental-facilities","https://www.facebook.com/195047790542573","","0.9780434370040894","open","3","meta | Overture | Overture-signals","CDLA-Permissive-2.0","2026-04-27T00:00:00.000Z | 2026-06-11T11:57:15Z | 2026-06-08T13:20:12Z"
"MA","Massachusetts","23893513-532d-4c3a-9ec5-7318590bbd82","Pleasant Street Dentist","-71.365779","42.163171","dentist","","10 Pleasant St","Millis","02054","MA","US","(508) 376-5448","","https://www.pleasantstreetdentist.com","","","0.9902192950248718","open","4","Foursquare | Overture | Overture-signals","Apache-2.0 | CDLA-Permissive-2.0","2025-08-05T00:00:00.000 | 2026-06-11T11:57:15Z | 2026-05-12T00:29:08Z | 2026-05-18T13:23:54Z | 2026-05-25T13:08:59Z | 2026-06-01T13:20:32Z | 2026-06-08T13:20:12Z"
"MA","Massachusetts","2394855e-b6c3-4cb7-b2cc-24dea0d86392","Steven L. Robinson","-70.487976","41.710291","dentist","","335 Cotuit Rd","Sandwich","02563","MA","US","(508) 888-4400","","http://www.sandwichfamilydental.com","","","0.9199122190475464","open","4","Foursquare | Overture | Overture-signals","Apache-2.0 | CDLA-Permissive-2.0","2025-08-22T00:00:00.000 | 2026-06-11T11:57:15Z | 2026-05-12T00:29:08Z | 2026-05-18T13:23:54Z | 2026-05-25T13:08:59Z | 2026-06-01T13:20:32Z | 2026-06-08T13:20:12Z"
"MA","Massachusetts","23954483-a8c1-4591-a5d9-0b457678ff41","Northborough Dental Associates","-71.63159742","42.32339608","dentist","general_dentistry | cosmetic_dentist","1 E Main St","Northborough","01532-1662","MA","US","+15085710358","northborough@42northdental.com","https://www.northboroughdentalassociates.com/","https://www.facebook.com/233966679953224","Northborough Dental Associates","0.9997563315927982","","8","meta | Overture","CDLA-Permissive-2.0","2026-04-27T00:00:00.000Z | 2026-06-11T11:57:15Z"
"MA","Massachusetts","23e0e522-863f-4303-81e8-81325d4ed526","Joseph B. Flaherty III, DMD","-70.91053833","41.8833164","dentist","general_dentistry | doctor","47 E Grove St","Middleborough","02346-1816","MA","US","+15089471955","","http://www.flahertydmd.com/","https://www.facebook.com/537556049745558","","0.9199122190475464","open","9","meta | Overture | Overture-signals","CDLA-Permissive-2.0","2026-04-27T00:00:00.000Z | 2026-06-11T11:57:15Z | 2026-05-12T00:29:08Z | 2026-05-18T13:23:54Z | 2026-05-25T13:08:59Z | 2026-06-01T13:20:32Z | 2026-06-08T13:20:12Z"
"MA","Massachusetts","24113491-dc61-4bae-969e-8b3109619b19","Jay M Epstein","-70.95098471","42.47543233","dentist","general_dentistry | doctor","295 Western Ave","Lynn","01904-3024","MA","US","+17815982100","epstein295@gmail.com","http://drjayepstein.com/","https://www.facebook.com/781281258578479","Jay M Epstein DMD, PC","0.9722161889076233","open","9","meta | Overture | Overture-signals","CDLA-Permissive-2.0","2026-04-27T00:00:00.000Z | 2026-06-11T11:57:15Z | 2026-05-12T00:29:08Z"
"MA","Massachusetts","242c4825-ff84-4241-9708-bdb02b57c735","Todd W Reeves","-71.55250979","42.35468003","dentist","general_dentistry | medical_service_organizations","120 Union St","Marlborough","01752-1247","MA","US","+15084856940","twrdmd@comcast.net","http://www.treevesdental.com/","https://www.facebook.com/152512531555949","","0.9199122190475464","open","7","meta | Overture | Overture-signals","CDLA-Permissive-2.0","2026-04-27T00:00:00.000Z | 2026-06-11T11:57:15Z | 2026-05-12T00:29:08Z | 2026-05-18T13:23:54Z | 2026-05-25T13:08:59Z | 2026-06-01T13:20:32Z | 2026-06-08T13:20:12Z"
"MA","Massachusetts","2439b17c-4ad0-4f6f-a16d-a72198160b8d","Perfect Dental","-71.36217798","42.62499175","dentist","health_and_medical | teeth_whitening","65 Drum Hill Rd","Chelmsford","01824-1503","MA","US","+19787702308","chelmsford@myperfectdental.com","https://www.perfectdental.com/locations/perfect-dental-chelmsford/","https://www.facebook.com/324374191070383","Perfect Dental","0.9902192950248718","open","9","meta | Overture | Overture-signals","CDLA-Permissive-2.0","2026-04-27T00:00:00.000Z | 2026-06-11T11:57:15Z | 2026-05-12T00:29:08Z | 2026-05-18T13:23:54Z | 2026-05-25T13:08:59Z | 2026-06-01T13:20:32Z | 2026-06-08T13:20:12Z"
"MA","Massachusetts","248ffde8-f64a-4791-a4d5-d5eabbb2f608","Iman Mack, D.M.D","-71.1823818081585","42.3669046999891","dentist","","15 Summer St","Watertown","02472","MA","US","(617) 924-1989","","http://www.mackdental.com","","","0.9199122190475464","open","4","Foursquare | Overture | Overture-signals","Apache-2.0 | CDLA-Permissive-2.0","2026-02-16T00:00:00.000 | 2026-06-11T11:57:15Z | 2026-05-12T00:29:08Z | 2026-05-18T13:23:54Z | 2026-05-25T13:08:59Z | 2026-06-01T13:20:32Z | 2026-06-08T13:20:12Z"
"MA","Massachusetts","249aab3e-516e-4f8b-bd65-8bd54fcabbfe","Seth M. Roth, DMD","-71.1123351072443","42.1362170288225","dentist","","450 Pearl St","Stoughton","02072","MA","US","(781) 344-5543","drsethroth@yahoo.com","http://drsethroth.com","","","0.77","","5","Foursquare | Overture","Apache-2.0 | CDLA-Permissive-2.0","2025-08-22T00:00:00.000 | 2026-06-11T11:57:15Z"
"MA","Massachusetts","249f7605-4d92-42e3-bbe0-6ccf9ac6e9fd","Wegrzyn Dental Group","-72.5865379","42.17051966","dentist","general_dentistry | health_and_medical","391 Montgomery St","Chicopee","01020-1929","MA","US","+14135928099","receptionwdg@wegrzyndentalgroup.com","http://www.wegrzyndental.com/","https://www.facebook.com/168861419794724","","0.9199122190475464","open","8","meta | Overture | Overture-signals","CDLA-Permissive-2.0","2026-04-27T00:00:00.000Z | 2026-06-11T11:57:15Z | 2026-05-12T00:29:08Z | 2026-05-18T13:23:54Z | 2026-05-25T13:08:59Z | 2026-06-01T13:20:32Z | 2026-06-08T13:20:12Z"
"MA","Massachusetts","24d0f950-6f07-4c65-9b7f-32a26604d4f8","Orthodontic Specialists of New England","-70.9961053402729","41.6419291451505","dentist","health_and_medical | mortgage_broker","408 State Rd","North Dartmouth","02747-4302","MA","US","+18552722374","dartmouth@ne4braces.com","https://southeastortho.com/dartmouth","https://www.facebook.com/160755167299422","","0.6687204241752625","","7","meta | Overture","CDLA-Permissive-2.0","2026-04-27T00:00:00.000Z | 2026-06-11T11:57:15Z"
"MA","Massachusetts","24e98df9-a4fd-4e01-a858-0c4a03fc35ff","White Arch Dental Harvard","-71.57551441","42.5428147","dentist","general_dentistry","325 Ayer Rd","Harvard","01451-1132","MA","US","+19787726658","whitearchdental@gmail.com","https://whitearchdental.com/","https://www.facebook.com/652200744641700","","0.9199122190475464","open","10","meta | Overture | Overture-signals","CDLA-Permissive-2.0","2026-04-27T00:00:00.000Z | 2026-06-11T11:57:15Z | 2026-05-12T00:29:08Z | 2026-05-18T13:23:54Z | 2026-05-25T13:08:59Z | 2026-06-01T13:20:32Z | 2026-06-08T13:20:12Z"
"MA","Massachusetts","24fdcc56-bf5b-4a2e-861b-988502628a70","Welcome Smiles","-71.84604991","42.21493446","dentist","general_dentistry | health_and_medical","184 Oxford St N","Auburn","01501-1529","MA","US","+15088323205","dentistry@welcomesmiles.com","http://www.WelcomeSmiles.com/","https://www.facebook.com/163509216996253","","0.9199122190475464","open","8","meta | Overture | Overture-signals","CDLA-Permissive-2.0","2026-04-27T00:00:00.000Z | 2026-06-11T11:57:15Z | 2026-05-12T00:29:08Z | 2026-05-18T13:23:54Z | 2026-05-25T13:08:59Z | 2026-06-01T13:20:32Z | 2026-06-08T13:20:12Z"
"MA","Massachusetts","2518de9e-7365-4d90-b894-30d7f92a0244","Cohasset Dental","-70.8205827185297","42.2336014406406","dentist","","223 Chief Justice Cushing Hwy #104","Cohasset","02025","MA","US","(781) 383-9393","","https://www.cohassetdental.com","https://www.facebook.com/123130301039432","","0.77","","5","Foursquare | Overture","Apache-2.0 | CDLA-Permissive-2.0","2024-06-27T00:00:00.000 | 2026-06-11T11:57:15Z"
"MA","Massachusetts","259ae7c5-9f0c-457c-9ae1-0afa1d53053c","Man Wai Ng DDS MPH","-71.10511","42.337631","dentist","hospital | health_and_medical","300 Longwood Ave","Boston","02115","MA","US","6173556571","","https://www.childrenshospital.org/directory/physicians/n/man-wai-ng","","","0.9199122190475464","open","8","Microsoft | Overture | Overture-signals","CDLA-Permissive-2.0","2024-04-17T10:47:23.920Z | 2026-06-11T11:57:15Z | 2026-05-12T00:29:08Z | 2026-05-18T13:23:54Z | 2026-05-25T13:08:59Z | 2026-06-01T13:20:32Z | 2026-06-08T13:20:12Z"
"MA","Massachusetts","25a94c43-de42-4342-8fcb-78af2b982665","Orthodontic Associates of New England","-71.3535546295336","42.5997460536837","dentist","","18 North Rd Ste 1","Chelmsford","01824","MA","US","(978) 250-1961","","http://www.orthodonticassociatesofnewengland.com","","","0.9902192950248718","open","4","Foursquare | Overture | Overture-signals","Apache-2.0 | CDLA-Permissive-2.0","2025-07-17T00:00:00.000 | 2026-06-11T11:57:15Z | 2026-05-12T00:29:08Z | 2026-05-18T13:23:54Z | 2026-05-25T13:08:59Z | 2026-06-01T13:20:32Z | 2026-06-08T13:20:12Z"
"MA","Massachusetts","25b9e522-dd10-4c45-b1ef-6f69e0b07d65","Khaled Charles Zohni","-71.5953010261677","42.2874547576363","dentist","","176 E Main St Ste 2","Westborough","01581","MA","US","(508) 366-8300","","http://www.commonwealthdentalassociates.com","","","0.9199122190475464","open","4","Foursquare | Overture | Overture-signals","Apache-2.0 | CDLA-Permissive-2.0","2025-08-22T00:00:00.000 | 2026-06-11T11:57:15Z | 2026-05-12T00:29:08Z | 2026-05-18T13:23:54Z | 2026-05-25T13:08:59Z | 2026-06-01T13:20:32Z | 2026-06-08T13:20:12Z"
"MA","Massachusetts","25cc58b8-bed1-49c0-940d-507804ef4be0","Baystate Dental","-72.59582631","42.10585826","dentist","general_dentistry | cosmetic_dentist","1795 Main St","Springfield","01103-1015","MA","US","+14133584391","springfield212@baystate-dental.com","https://baystate-dental.com/dentist-office/springfield-ma-01103-main-st?utm_source=Google&utm_medium=KnowledgePanel&utm_campaign=Website","https://www.facebook.com/1120249467995314","Baystate Dental PC","0.9902192950248718","open","8","meta | Overture | Overture-signals","CDLA-Permissive-2.0","2026-04-27T00:00:00.000Z | 2026-06-11T11:57:15Z | 2026-05-12T00:29:08Z | 2026-05-18T13:23:54Z | 2026-05-25T13:08:59Z | 2026-06-01T13:20:32Z | 2026-06-08T13:20:12Z"
"MA","Massachusetts","26049537-8236-4f83-a58c-43f8cc098fa5","Salisbury Family Dental","-70.8614852138034","42.8442564084248","dentist","","19 Lafayette Rd","Salisbury","01952","MA","US","(978) 465-8831","salisburydental19@gmail.com","http://www.salisburyfamilydental.net","https://www.facebook.com/186342434751575","","0.9199122190475464","open","5","Foursquare | Overture | Overture-signals","Apache-2.0 | CDLA-Permissive-2.0","2025-03-21T00:00:00.000 | 2026-06-11T11:57:15Z | 2026-05-12T00:29:08Z | 2026-05-18T13:23:54Z | 2026-05-25T13:08:59Z | 2026-06-01T13:20:32Z | 2026-06-08T13:20:12Z"
"MA","Massachusetts","2609c9d1-b6e5-47f9-a062-13de72b4857c","Aveni Dental Professionals","-70.65862029","41.95436821","dentist","orthodontist | pediatric_dentist","10 Lincoln St","Plymouth","02360-3326","MA","US","+15082177454","avenidental@42northdental.com","https://www.avenidental.com/","https://www.facebook.com/388575621867097","","0.9902192950248718","open","7","meta | Overture | Overture-signals","CDLA-Permissive-2.0","2026-04-27T00:00:00.000Z | 2026-06-11T11:57:15Z | 2026-05-12T00:29:08Z | 2026-05-18T13:23:54Z | 2026-05-25T13:08:59Z | 2026-06-01T13:20:32Z | 2026-06-08T13:20:12Z"
"MA","Massachusetts","263e04aa-bb44-4a22-aee2-ddaa9bbbcea0","Dental Arts of Westwood","-71.21014453","42.24100746","dentist","general_dentistry | health_and_medical","100 High St","Westwood","02090-1196","MA","US","+17817339378","office@dentalartsofwestwood.com","http://www.dentalartsofwestwood.com/","https://www.facebook.com/139517166114208","Dental Arts of Westwood","0.9902192950248718","open","9","meta | Overture | Overture-signals","CDLA-Permissive-2.0","2026-04-27T00:00:00.000Z | 2026-06-11T11:57:15Z | 2026-05-12T00:29:08Z | 2026-05-18T13:23:54Z | 2026-05-25T13:08:59Z | 2026-06-01T13:20:32Z | 2026-06-08T13:20:12Z"
"MA","Massachusetts","264987e7-97bb-43e1-ac46-1b464404218d","Commonwealth Oral Surgery","-71.1286801988853","42.3965651264282","dentist","","2353 Massachusetts Ave","Cambridge","02140","MA","US","(617) 492-8700","","http://www.comsa.tv","","","0.9902192950248718","open","4","Foursquare | Overture | Overture-signals","Apache-2.0 | CDLA-Permissive-2.0","2025-05-19T00:00:00.000 | 2026-06-11T11:57:15Z | 2026-05-12T00:29:08Z | 2026-05-18T13:23:54Z | 2026-05-25T13:08:59Z | 2026-06-01T13:20:32Z | 2026-06-08T13:20:12Z"
"MA","Massachusetts","2658f03e-0f2d-4681-be77-0beffb9bf2b1","Ascent Dental Care (Powered by Great Expressions Dental Centers)","-72.53715424","42.05880005","dentist","general_dentistry | cosmetic_dentist","21 Dwight Rd","Longmeadow","01106-1765","MA","US","+14137078620","gedc0434@greatexpressions.com","https://www.greatexpressions.com/dental-offices/dentist-in-longmeadow-ma-21-dwight-rd/","https://www.facebook.com/427968130401899","Great Expressions Dental Centers","0.7206140756607056","","1","meta | Overture","CDLA-Permissive-2.0","2026-04-27T00:00:00.000Z | 2026-06-11T11:57:15Z"
"MA","Massachusetts","26606f3c-e41f-4464-808a-1207b5525693","Blackstone Valley Dental Associates","-71.5286565","42.01632738","dentist","general_dentistry | health_and_medical","12 Main St","Blackstone","01504-2202","MA","US","+15088831050","info@blackstonevalleydental.com","http://www.blackstonevalleydental.com/","https://www.facebook.com/140230102661936","Blackstone Valley Dental Associates","0.9199122190475464","open","10","meta | Overture | Overture-signals","CDLA-Permissive-2.0","2026-04-27T00:00:00.000Z | 2026-06-11T11:57:15Z | 2026-05-12T00:29:08Z | 2026-05-18T13:23:54Z | 2026-05-25T13:08:59Z | 2026-06-01T13:20:32Z | 2026-06-08T13:20:12Z"
"MA","Massachusetts","26684378-b98b-47ea-8b99-44eebebfb991","Medfield Dental","-71.30534405","42.18759274","dentist","general_dentistry","36 Janes Ave","Medfield","02052-2005","MA","US","+15083596900","info@medfielddental.com","http://www.medfielddental.com","https://www.facebook.com/209544955729351","","0.992741870880127","","9","meta | Overture","CDLA-Permissive-2.0","2026-04-27T00:00:00.000Z | 2026-06-11T11:57:15Z"
"MA","Massachusetts","2677e2b5-a6a2-46e2-a649-893ab18080cf","Canton Dental Group","-71.14623324","42.15388914","dentist","health_and_medical | cosmetic_dentist","608 Washington St","Canton","02021","MA","US","+17818281788","cantondentalgroup@yahoo.com","http://www.cantondentalgroup.com/","https://www.facebook.com/892181937465981","Canton Dental Group","0.9902192950248718","open","8","meta | Overture | Overture-signals","CDLA-Permissive-2.0","2026-04-27T00:00:00.000Z | 2026-06-11T11:57:15Z | 2026-05-12T00:29:08Z | 2026-05-18T13:23:54Z | 2026-05-25T13:08:59Z | 2026-06-01T13:20:32Z | 2026-06-08T13:20:12Z"
"MA","Massachusetts","269e3116-167b-4e23-a480-b86d4b1f86f5","Magnolia Dental","-71.07142367","42.42654118","dentist","general_dentistry","145 Exchange St","Malden","02148-5512","MA","US","+17816275297","info@magnoliadentalma.com","http://magnoliadentalma.com/","https://www.facebook.com/205208673575470","","0.9902192950248718","open","9","meta | Overture | Overture-signals","CDLA-Permissive-2.0","2026-04-27T00:00:00.000Z | 2026-06-11T11:57:15Z | 2026-05-12T00:29:08Z | 2026-05-18T13:23:54Z | 2026-05-25T13:08:59Z | 2026-06-01T13:20:32Z | 2026-06-08T13:20:12Z"
"MA","Massachusetts","26ad644c-bbef-41b6-9788-e490588b55df","MY Dental Studio","-72.63338333","42.33028114","dentist","","241 King St","Northampton","01060-2335","MA","US","+14135864200","info@mydentalstudioma.com","http://www.mydentalstudioma.com/","https://www.facebook.com/105524659306014","","0.9199122190475464","open","8","meta | Overture | Overture-signals","CDLA-Permissive-2.0","2026-04-27T00:00:00.000Z | 2026-06-11T11:57:15Z | 2026-05-12T00:29:08Z | 2026-05-18T13:23:54Z | 2026-05-25T13:08:59Z | 2026-06-01T13:20:32Z | 2026-06-08T13:20:12Z"
"MA","Massachusetts","26cf76a0-52a9-46ec-b2aa-4503df59f3a0","Eric G. Piascik, DDS","-71.5332536907079","42.353111296003","dentist","","46 Hosmer St","Marlborough","01752","MA","US","(508) 485-2960","","https://www.drericdmd.com","https://www.twitter.com/ericgpiascikdds | https://www.facebook.com/193884827488984","","0.9199122190475464","open","8","Foursquare | Overture | Overture-signals","Apache-2.0 | CDLA-Permissive-2.0","2021-01-04T00:00:00.000 | 2026-06-11T11:57:15Z | 2026-05-12T00:29:08Z | 2026-05-18T13:23:54Z | 2026-05-25T13:08:59Z | 2026-06-01T13:20:32Z | 2026-06-08T13:20:12Z"
"MA","Massachusetts","26d79329-eae4-4dc3-930c-4877f05c9dc9","Winthrop Street Dentistry","-71.79394261","42.24904125","dentist","general_dentistry","10 Winthrop St","Worcester","01604-4435","MA","US","+15087560990","info@winthropstreetdentistry.com","https://www.winthropstreetdentistry.com/","https://www.facebook.com/102894957995685","","0.9902192950248718","open","8","meta | Overture | Overture-signals","CDLA-Permissive-2.0","2026-04-27T00:00:00.000Z | 2026-06-11T11:57:15Z | 2026-05-12T00:29:08Z | 2026-05-18T13:23:54Z | 2026-05-25T13:08:59Z | 2026-06-01T13:20:32Z | 2026-06-08T13:20:12Z"
"MA","Massachusetts","273dd4ad-25c5-488a-9ab2-bed21af0a350","Ciel Dental Lab","-71.0637919","42.42785505","dentist","","10 Holden St","Malden","02148-5237","MA","US","+17816051566","","https://cieldentalstudio.com/","https://www.facebook.com/206939476583717","","0.9199122190475464","open","8","meta | Overture | Overture-signals","CDLA-Permissive-2.0","2026-04-27T00:00:00.000Z | 2026-06-11T11:57:15Z | 2026-05-12T00:29:08Z | 2026-05-18T13:23:54Z | 2026-05-25T13:08:59Z | 2026-06-01T13:20:32Z | 2026-06-08T13:20:12Z"
"MA","Massachusetts","275717a2-148d-4f5b-ae6c-3e527a7ccc4b","Pocasset Dental","-70.5846425379637","41.7021893301648","dentist","","580 MacArthur Blvd","Pocasset","02559","MA","US","(508) 563-5549","","http://cosmeticandfamilydentistry.com","https://www.facebook.com/208345965870887","","0.9199122190475464","open","4","Foursquare | Overture | Overture-signals","Apache-2.0 | CDLA-Permissive-2.0","2026-01-21T00:00:00.000 | 2026-06-11T11:57:15Z | 2026-05-12T00:29:08Z | 2026-05-18T13:23:54Z | 2026-05-25T13:08:59Z | 2026-06-01T13:20:32Z | 2026-06-08T13:20:12Z"
"MA","Massachusetts","2779b183-0ca4-4516-aa3f-422ccd4b8ffa","Dentology Implants TMJ Dentist","-71.04940711","42.35113177","dentist","general_dentistry","330 Congress St","Boston","02210-1216","MA","US","+16172616440","330congress@dentologyboston.com","http://dentologyboston.com/","https://www.facebook.com/277593612906","DENTOLOGY","0.9199122190475464","open","9","meta | Overture | Overture-signals","CDLA-Permissive-2.0","2026-04-27T00:00:00.000Z | 2026-06-11T11:57:15Z | 2026-05-12T00:29:08Z | 2026-05-18T13:23:54Z | 2026-05-25T13:08:59Z | 2026-06-01T13:20:32Z | 2026-06-08T13:20:12Z"
"MA","Massachusetts","278ac0b1-ff6c-43d7-9aca-de9cb5325dda","Kangaroo Smiles Pediatric Dentistry and Orthodontics","-71.3018198","42.6451987","dentist","","33 Bartlett St Ste 501","Lowell","01852","MA","US","(978) 425-1496","info@kangaroosmiles.com","http://kangaroosmiles.com","https://www.twitter.com/kangaroosmiles | https://www.instagram.com/kangaroosmiles","","0.77","","5","Foursquare | Overture","Apache-2.0 | CDLA-Permissive-2.0","2026-01-12T00:00:00.000 | 2026-06-11T11:57:15Z"
"MA","Massachusetts","279387e5-9e78-45f7-9203-f45687467180","Riverside Dental Associates","-71.047309","42.767426","dentist","orthodontist | health_and_medical","288 Groveland St","Haverhill","01830-6669","MA","US","+19784648446","riverside@varinosdental.com","http://www.riversidedentalca.com/?utm_source=fb_hp","https://www.facebook.com/104528218036004","","0.9736438989639282","","7","meta | Overture","CDLA-Permissive-2.0","2026-04-27T00:00:00.000Z | 2026-06-11T11:57:15Z"
"MA","Massachusetts","27a4a46c-1300-4733-bfc4-aee7e22ec44a","Hsiao Yuh-Fang Dentist","-72.40655112","42.28383333","dentist","general_dentistry | cosmetic_dentist","71 N Main St","Belchertown","01007-1299","MA","US","+14133237660","office@drhsiaollc.com","http://www.yuh-fanghsiaodmd.com/","https://www.facebook.com/1640678866189089","Hsiao Yuh-Fang Dentist","0.9199122190475464","open","10","meta | Overture | Overture-signals","CDLA-Permissive-2.0","2026-04-27T00:00:00.000Z | 2026-06-11T11:57:15Z | 2026-05-12T00:29:08Z | 2026-05-18T13:23:54Z | 2026-05-25T13:08:59Z | 2026-06-01T13:20:32Z | 2026-06-08T13:20:12Z"
"MA","Massachusetts","27a674b1-abd2-461d-a91d-5ae44fea92c3","Westborough Family Dental","-71.609537","42.27463615","dentist","general_dentistry","57 E Main St","Westborough","01581-1445","MA","US","+15083662210","staff@westboroughfamilydental.com","http://westboroughfamilydental.com/","https://www.facebook.com/1635187296518642","","0.9958553165197372","","8","meta | Overture","CDLA-Permissive-2.0","2026-04-27T00:00:00.000Z | 2026-06-11T11:57:15Z"
"MA","Massachusetts","28081483-03b9-426a-a17e-25112fbb14b6","Sein H. Siao and Associates","-71.32856304","42.06557487","dentist","general_dentistry | periodontist","14 Common St","Wrentham","02093-1476","MA","US","+15083848136","info@fisherandsiao.com","https://drsiao.com/","https://www.facebook.com/178150172204592","","0.9968775510787964","","10","meta | Overture","CDLA-Permissive-2.0","2026-04-27T00:00:00.000Z | 2026-06-11T11:57:15Z"
"MA","Massachusetts","2809c07e-b0ec-4816-8874-f5f2a43e1c6c","Dr. Su Jin Bae DDS","-71.34844453","42.28346532","dentist","general_dentistry | cosmetic_dentist","14 W Central St","Natick","01760-4514","MA","US","+15087205000","smile@natickfamilydental.com","https://www.natickfamilydental.com/","https://www.facebook.com/372581862598985","Natick Family Dental","0.9199122190475464","open","10","meta | Overture | Overture-signals","CDLA-Permissive-2.0","2026-04-27T00:00:00.000Z | 2026-06-11T11:57:15Z | 2026-05-12T00:29:08Z | 2026-05-18T13:23:54Z | 2026-05-25T13:08:59Z | 2026-06-01T13:20:32Z | 2026-06-08T13:20:12Z"
"MA","Massachusetts","28401b70-efe5-48c3-a0c4-a6bffd4f3633","Icon Dental","-71.23256904","42.45397133","dentist","general_dentistry | doctor","57 Bedford St","Lexington","02420-4500","MA","US","+17818618978","info@icondentallexington.com","http://www.icondentallexington.com/","https://www.facebook.com/970469219708189","","0.9199122190475464","open","9","meta | Overture | Overture-signals","CDLA-Permissive-2.0","2026-04-27T00:00:00.000Z | 2026-06-11T11:57:15Z | 2026-05-12T00:29:08Z | 2026-05-18T13:23:54Z | 2026-05-25T13:08:59Z | 2026-06-01T13:20:32Z | 2026-06-08T13:20:12Z"
"MA","Massachusetts","28910959-586f-42f8-99ce-3d3b71cf497e","Monika J. Pronczuk, DMD, PC","-70.7540523246897","42.1072767154772","dentist","orthodontist | cosmetic_dentist","892 Plain St","Marshfield","02050-2191","MA","US","+17818348969","office@marshfieldsmiles.net","http://www.BeautifulSouthShoreSmiles.com/","https://www.facebook.com/205117452890836","Monika J. Pronczuk, DMD, PC","0.914659857749939","","9","meta | Overture","CDLA-Permissive-2.0","2026-04-27T00:00:00.000Z | 2026-06-11T11:57:15Z"
"MA","Massachusetts","28b0d414-86c2-41cf-ab0c-996dfa6882f1","Dugan Frederick K DDS","-70.49319362","41.75896104","dentist","general_dentistry | doctor","135 RT-6A","Sandwich","02563-2060","MA","US","+15088882728","frontdesk@dugan-dental.com","","https://www.facebook.com/157396444323762","","0.9588373303413391","","8","meta | Overture","CDLA-Permissive-2.0","2026-04-27T00:00:00.000Z | 2026-06-11T11:57:15Z"
"MA","Massachusetts","28b79d57-b7ed-4c60-9ead-23990419ea43","Dr. Manuel Molina","-71.39540078","42.29845136","dentist","periodontist","60 Worcester Rd","Framingham","01702-5312","MA","US","+15088791100","info@lexingtonperiodontics.com","https://www.selectperio.com/","https://www.facebook.com/103842464861129","Rabinovitz & Molina PC","0.9199122190475464","open","8","meta | Overture | Overture-signals","CDLA-Permissive-2.0","2026-04-27T00:00:00.000Z | 2026-06-11T11:57:15Z | 2026-05-12T00:29:08Z | 2026-05-18T13:23:54Z | 2026-05-25T13:08:59Z | 2026-06-01T13:20:32Z | 2026-06-08T13:20:12Z"
"MA","Massachusetts","28d93017-d249-48c2-a30d-c7639c18a09e","Dental Dreams","-70.9406089","41.67689721","dentist","general_dentistry | pediatric_dentist","1054 Kings Hwy","New Bedford","02745-4949","MA","US","+15089950340","","https://www.dentaldreams.com/location/dental-dreams-kings-highway-new-bedford/","https://www.facebook.com/147884058609154","Dental Dreams","0.9902192950248718","open","9","meta | Overture | Overture-signals","CDLA-Permissive-2.0","2026-04-27T00:00:00.000Z | 2026-06-11T11:57:15Z | 2026-05-12T00:29:08Z | 2026-05-18T13:23:54Z | 2026-05-25T13:08:59Z | 2026-06-01T13:20:32Z | 2026-06-08T13:20:12Z"
"MA","Massachusetts","28f0a6ed-6233-415c-83e6-2cc30ca38632","Peabody Dental Center","-70.98987708","42.54868711","dentist","hospital","587 Lowell St","Peabody","01960-2331","MA","US","+19785353162","","http://www.peabodydentalcenter.com","https://www.facebook.com/161398697245180","","0.5330020785331726","","7","meta | Overture","CDLA-Permissive-2.0","2026-04-27T00:00:00.000Z | 2026-06-11T11:57:15Z"
"MA","Massachusetts","28f6b32c-67ef-4eda-942f-c99f9061c136","Mark Dental Group","-71.20917365","42.35045001","dentist","doctor | health_and_medical","37 Austin St","Newton","02460-1842","MA","US","+16172443249","markdental@markdental.com","http://www.markdental.com/","https://www.facebook.com/1705199029715716","","0.9199122190475464","open","7","meta | Overture | Overture-signals","CDLA-Permissive-2.0","2026-04-27T00:00:00.000Z | 2026-06-11T11:57:15Z | 2026-05-12T00:29:08Z | 2026-05-18T13:23:54Z | 2026-05-25T13:08:59Z | 2026-06-01T13:20:32Z | 2026-06-08T13:20:12Z"
"MA","Massachusetts","291bb892-eaf9-42a0-814f-41b8fa3872ba","A+ Dentistry","-71.134839","42.339868","dentist","health_and_medical | medical_service_organizations","1616 Beacon St","Brookline","02446-2271","MA","US","+16172649200","","http://www.aplusdentist.com/","https://www.facebook.com/114088305291025","A+ Dentistry","0.7405736446380615","","7","meta | Overture","CDLA-Permissive-2.0","2026-04-27T00:00:00.000Z | 2026-06-11T11:57:15Z"
"MA","Massachusetts","291fa6b3-63aa-4026-b74a-3b160803c09f","Dr. Parinaz Esteki DDS","-71.1580610275269","42.4177381587844","dentist","","22 Mill Street Suite 104","Arlington","02476","MA","US","(781) 648-0279","","https://www.arlingtondentalma.com","","","0.77","","3","Foursquare | Overture","Apache-2.0 | CDLA-Permissive-2.0","2025-11-17T00:00:00.000 | 2026-06-11T11:57:15Z"
"MA","Massachusetts","292c2fa7-3d47-47da-95f6-65d62ea11026","Dr Joseph P Nore","-71.07270452","42.34319229","dentist","general_dentistry | doctor","586 Tremont St","Boston","02118-1659","MA","US","+16172673334","appointments@drnoredds.com","http://drnoredds.com/","https://www.facebook.com/109276254590481","Joseph P. Nore DDS","0.9902192950248718","open","9","meta | Overture | Overture-signals","CDLA-Permissive-2.0","2026-04-27T00:00:00.000Z | 2026-06-11T11:57:15Z | 2026-05-12T00:29:08Z | 2026-05-18T13:23:54Z | 2026-05-25T13:08:59Z | 2026-06-01T13:20:32Z | 2026-06-08T13:20:12Z"
"MA","Massachusetts","29461714-589b-45fd-853e-deba576358c7","Dental Associates of Cape Cod","-70.28492146","41.66045728","dentist","general_dentistry","262 Barnstable Rd","Hyannis","02601","MA","US","+15087781200","info@dentalcapecod.com","http://www.dentalcapecod.com","https://www.facebook.com/45187452254","Dental Associates of Cape Cod","0.9902192950248718","open","9","meta | Overture | Overture-signals","CDLA-Permissive-2.0","2026-04-27T00:00:00.000Z | 2026-06-11T11:57:15Z | 2026-05-12T00:29:08Z | 2026-05-18T13:23:54Z | 2026-05-25T13:08:59Z | 2026-06-01T13:20:32Z | 2026-06-08T13:20:12Z"
"MA","Massachusetts","295c1714-57a9-497a-a5bb-dd474cde6960","Boxborough Orthodontics","-71.511011250715","42.4822894949627","dentist","","629 Massachusetts Ave","Boxborough","01719","MA","US","(978) 264-9797","myste@110.net","http://www.orthodontistsinma.com/boxborough-orthodontics.html","https://www.facebook.com/388325274596651","","0.9199122190475464","open","4","Foursquare | Overture | Overture-signals","Apache-2.0 | CDLA-Permissive-2.0","2025-08-19T00:00:00.000 | 2026-06-11T11:57:15Z | 2026-05-12T00:29:08Z | 2026-05-18T13:23:54Z | 2026-05-25T13:08:59Z | 2026-06-01T13:20:32Z | 2026-06-08T13:20:12Z"
"MA","Massachusetts","29a8cd91-a654-44d7-9a83-158dda0d98f5","Dr. Filandrianos & Associates","-71.1973170917309","42.3266606839625","dentist","","1400 Centre St","Newton","02459","MA","US","(617) 244-4871","","http://www.teethbydrted.com","","","0.77","","6","Foursquare | Overture","Apache-2.0 | CDLA-Permissive-2.0","2025-09-23T00:00:00.000 | 2026-06-11T11:57:15Z"
"MA","Massachusetts","29bb9029-778e-4a20-9358-ebfb39730f95","West Newton Dental Associates","-71.22672622","42.34920581","dentist","general_dentistry | health_and_medical","1306 Washington St","West Newton","02465","MA","US","+16173796112","doctorappts@westnewtondental.com","https://plus.google.com/107294855203969081510","https://www.facebook.com/260372624057870","","0.997945404112339","","9","meta | Overture","CDLA-Permissive-2.0","2026-04-27T00:00:00.000Z | 2026-06-11T11:57:15Z"
"MA","Massachusetts","29d5bc25-5d1e-4a19-a3f9-5527bf346fa6","Quabbin Valley Dental","-72.22887056","42.59397318","dentist","health_and_medical","546 Main St","Athol","01331-1821","MA","US","+19788304610","info@quabbinvalleydental.com","http://www.quabbinvalleydental.com","https://www.facebook.com/495456760563203","","0.9199122190475464","open","9","meta | Overture | Overture-signals","CDLA-Permissive-2.0","2026-04-27T00:00:00.000Z | 2026-06-11T11:57:15Z | 2026-05-12T00:29:08Z | 2026-05-18T13:23:54Z | 2026-05-25T13:08:59Z | 2026-06-01T13:20:32Z | 2026-06-08T13:20:12Z"
"MA","Massachusetts","29e7fe2e-9951-4bef-8d44-9c83940ef016","Beyond Your Smile","-71.40400032","42.3028573","dentist","general_dentistry","254 Cochituate Rd","Framingham","01701-5041","MA","US","+15088751060","beyondyoursmile@verizon.net","https://beyondyoursmile.net/","https://www.facebook.com/531409106892526","Beyond Your Smile Dentistry","0.9902192950248718","open","8","meta | Overture | Overture-signals","CDLA-Permissive-2.0","2026-04-27T00:00:00.000Z | 2026-06-11T11:57:15Z | 2026-05-12T00:29:08Z | 2026-05-18T13:23:54Z | 2026-05-25T13:08:59Z | 2026-06-01T13:20:32Z | 2026-06-08T13:20:12Z"
"MA","Massachusetts","29f4a33f-632b-4453-921d-a6a5db78eeb2","George E Maloney","-71.82424704","42.27000358","dentist","health_and_medical","334 Highland St","Worcester","01602-2131","MA","US","+15087521007","","","https://www.facebook.com/104976258232280","","0.9199122190475464","open","7","meta | Overture | Overture-signals","CDLA-Permissive-2.0","2026-04-27T00:00:00.000Z | 2026-06-11T11:57:15Z | 2026-05-12T00:29:08Z | 2026-05-18T13:23:54Z | 2026-05-25T13:08:59Z | 2026-06-01T13:20:32Z | 2026-06-08T13:20:12Z"
"MA","Massachusetts","2a31ddb5-8ff8-4c50-bfd4-48ef1b6b26d3","North Shore Dental Center","-70.95019216","42.53897377","dentist","general_dentistry","6 Essex Center Dr","Peabody","01960-2904","MA","US","+19785320088","contactus@northshoredentalcenter.com","http://www.northshoredentalcenter.com/","https://www.facebook.com/112765304513286","North Shore Dental Center, Dr. Hiam Elias DMD PC","0.9882537215948105","","10","meta | Overture","CDLA-Permissive-2.0","2026-04-27T00:00:00.000Z | 2026-06-11T11:57:15Z"
"MA","Massachusetts","2a64ec8f-a3df-4cc0-922d-825b8bf347b2","James F. Drew DMD PC","-71.16425794","42.70849676","dentist","general_dentistry","100 Amesbury St","Lawrence","01840-1321","MA","US","+19786835311","","https://drew-james-f.hub.biz/","https://www.facebook.com/133816906667102","","0.9199122190475464","open","8","meta | Overture | Overture-signals","CDLA-Permissive-2.0","2026-04-27T00:00:00.000Z | 2026-06-11T11:57:15Z | 2026-05-12T00:29:08Z | 2026-05-18T13:23:54Z | 2026-05-25T13:08:59Z | 2026-06-01T13:20:32Z | 2026-06-08T13:20:12Z"
"MA","Massachusetts","2a6921af-f098-43c1-826a-188d1dcdff5c","Newton Street Dental","-72.56833","42.238792","dentist","","41 Ashton Ln","South Hadley","01075","MA","US","(413) 534-7735","","http://www.newtondentalassociates.com","","","0.9199122190475464","open","4","Foursquare | Overture | Overture-signals","Apache-2.0 | CDLA-Permissive-2.0","2025-08-19T00:00:00.000 | 2026-06-11T11:57:15Z | 2026-05-12T00:29:08Z | 2026-05-18T13:23:54Z | 2026-05-25T13:08:59Z | 2026-06-01T13:20:32Z | 2026-06-08T13:20:12Z"
"MA","Massachusetts","2a8b7c5d-5525-4321-aeea-967fd5c0c5e1","Ludlow Dentistry and Braces","-72.48242644","42.16937319","dentist","general_dentistry | orthodontist","433 Center St","Ludlow","01056-2857","MA","US","+14136102500","infoludlow@dentistryandbraces.com","http://www.ludlowdentistryandbraces.com/","https://www.facebook.com/549244731866426","Children and Family Dentistry and Braces","0.9997693977057934","","8","meta | Overture","CDLA-Permissive-2.0","2026-04-27T00:00:00.000Z | 2026-06-11T11:57:15Z"
"MA","Massachusetts","2aa0544b-5543-4d47-8c17-34124b275b38","Southboro Dental","-71.5264474784529","42.3061186755471","dentist","","5 Main St","Southborough","01772","MA","US","(508) 481-6511","","http://www.southboroughhouseofpizza.com/","","","0.77","","5","Foursquare | Overture","Apache-2.0 | CDLA-Permissive-2.0","2026-03-16T00:00:00.000 | 2026-06-11T11:57:15Z"
"MA","Massachusetts","2aaa18bf-993b-4378-8a9a-d352a162f91e","Periodontal Associates","-71.0668146895477","42.0596212079518","dentist","","1245 Belmont St","Brockton","02301","MA","US","(508) 586-4759","edward@edcohen.com","http://www.nidcr.nih.gov/oralhealth/Topics/GumDiseases/PeriodontalGumDisease.htm","","","0.9199122190475464","open","4","Foursquare | Overture | Overture-signals","Apache-2.0 | CDLA-Permissive-2.0","2025-08-19T00:00:00.000 | 2026-06-11T11:57:15Z | 2026-05-12T00:29:08Z | 2026-05-18T13:23:54Z | 2026-05-25T13:08:59Z | 2026-06-01T13:20:32Z | 2026-06-08T13:20:12Z"
"MA","Massachusetts","2ab8b61f-fe13-4f24-b068-e705b11544a7","Dr. Kenneth Joseph Murphy DMD","-71.08353425","42.64213647","dentist","pediatric_dentist | family_practice","1538 Turnpike St","North Andover","01845-6200","MA","US","+19786815053","","http://www.northandoverdental.com","https://www.facebook.com/698529376916519","","0.9199122190475464","open","8","meta | Overture | Overture-signals","CDLA-Permissive-2.0","2026-04-27T00:00:00.000Z | 2026-06-11T11:57:15Z | 2026-05-12T00:29:08Z | 2026-05-18T13:23:54Z | 2026-05-25T13:08:59Z | 2026-06-01T13:20:32Z | 2026-06-08T13:20:12Z"
"MA","Massachusetts","2ae80f8d-0b2a-47cd-863b-d0995ab52a43","Community Health Center of Franklin County","-72.60545529","42.58769736","dentist","pediatric_dentist","102 Main St","Greenfield","01301-3275","MA","US","+14133258500","socialmedia@chcfc.org","http://www.chcfc.org","https://www.facebook.com/143311545720809","Community Health Center of Franklin County, Inc.","0.9902192950248718","open","9","meta | Overture | Overture-signals","CDLA-Permissive-2.0","2026-04-27T00:00:00.000Z | 2026-06-11T11:57:15Z | 2026-05-12T00:29:08Z | 2026-05-18T13:23:54Z | 2026-05-25T13:08:59Z | 2026-06-01T13:20:32Z | 2026-06-08T13:20:12Z"
"MA","Massachusetts","2b146cfe-ef71-487b-8fae-49f87ce807a2","Ace Dental Boston","-71.1199270840453","42.2569755080538","dentist","","1138 River St","Boston","02136","MA","US","(617) 361-5020","info@acedentalboston.com","https://acedentalboston.com","https://www.twitter.com/acedentalboston | https://www.facebook.com/1809689475914114","","0.77","","6","Foursquare | Overture","Apache-2.0 | CDLA-Permissive-2.0","2025-10-17T00:00:00.000 | 2026-06-11T11:57:15Z"
"MA","Massachusetts","2b18c56c-4a97-4ea5-b439-346a1bf55d56","Dr Natasha Bhalla DDS","-71.348253250253","42.2834558474736","dentist","","14 W Central St","Natick","01760","MA","US","(508) 720-5000","","https://www.natickfamilydental.com","https://www.facebook.com/433602306499516","","0.9199122190475464","open","4","Foursquare | Overture | Overture-signals","Apache-2.0 | CDLA-Permissive-2.0","2025-05-30T00:00:00.000 | 2026-06-11T11:57:15Z | 2026-05-12T00:29:08Z | 2026-05-18T13:23:54Z | 2026-05-25T13:08:59Z | 2026-06-01T13:20:32Z | 2026-06-08T13:20:12Z"
"MA","Massachusetts","2b94e7aa-279a-4680-91e8-b7c3a9713126","Dr Robert Anusbigian, DMD","-71.800551327093","42.2636645636552","dentist","doctor | teeth_whitening","27 Mechanic St","Worcester","01608-2402","MA","US","+15087917200","anusbigiandmd2729@verizon.net","http://www.anusbigiandmd.com/","https://www.facebook.com/412947125495299","","0.7110509276390076","","7","meta | Overture","CDLA-Permissive-2.0","2026-04-27T00:00:00.000Z | 2026-06-11T11:57:15Z"
"MA","Massachusetts","2bc49321-8fd7-44f8-b4b3-f4078487acc3","Reich Laurence DDS","-71.84321263","42.20557179","dentist","general_dentistry | health_and_medical","26 Swanson Rd","Auburn","01501-1957","MA","US","+15088322409","","","https://www.facebook.com/116437298376961","","0.9199122190475464","open","7","meta | Overture | Overture-signals","CDLA-Permissive-2.0","2026-04-27T00:00:00.000Z | 2026-06-11T11:57:15Z | 2026-05-12T00:29:08Z | 2026-05-18T13:23:54Z | 2026-05-25T13:08:59Z | 2026-06-01T13:20:32Z | 2026-06-08T13:20:12Z"
"MA","Massachusetts","2bcb09eb-086e-4677-9d2d-fa7ab334ec55","Harelick Dental Associates","-70.89876811","41.65778824","dentist","general_dentistry | health_and_medical","278 Alden Rd","Fairhaven","02719-4430","MA","US","+15089930515","team@drharelick.com","http://www.drharelick.com/","https://www.facebook.com/120799194617408","","0.9998346665799618","","8","meta | Overture","CDLA-Permissive-2.0","2026-04-27T00:00:00.000Z | 2026-06-11T11:57:15Z"
"MA","Massachusetts","2bdaaac4-4a58-4797-bcd0-6384b0271d08","Yoon Ji Jang","-71.23991522","42.35774898","dentist","cosmetic_dentist | pediatric_dentist","73 Lexington St","Newton","02466-1325","MA","US","+16172445020","doc@newtondentistryma.com","http://www.newtondentistryma.com/","https://www.facebook.com/107338694084427","Newton Dentistry","0.7547174096107483","","7","meta | Overture","CDLA-Permissive-2.0","2026-04-27T00:00:00.000Z | 2026-06-11T11:57:15Z"
"MA","Massachusetts","2be30257-38df-4fe4-97e7-5d6d707f3aaf","Roxbury Dental @Dudley","-71.0831656441803","42.3287457157623","dentist","health_and_medical","156 Dudley St","Roxbury","02119","MA","US","6174457050","","https://www.helloroxburydental.com/","","","0.9902192950248718","open","6","Microsoft | Overture | Overture-signals","CDLA-Permissive-2.0","2025-09-07T19:23:01.707Z | 2026-06-11T11:57:15Z | 2026-05-12T00:29:08Z | 2026-05-18T13:23:54Z | 2026-05-25T13:08:59Z | 2026-06-01T13:20:32Z | 2026-06-08T13:20:12Z"
"MA","Massachusetts","2c19280c-17a9-408b-9dab-388b5a60c5cc","Innovate Dental","-71.9014262642308","42.2453892012307","dentist","","119 S Main St","Leicester","01524","MA","US","(508) 892-4882","","https://innovatedental.net/contact-us-leicester","https://www.twitter.com/ld_associates","","0.9199122190475464","open","4","Foursquare | Overture | Overture-signals","Apache-2.0 | CDLA-Permissive-2.0","2025-06-06T00:00:00.000 | 2026-06-11T11:57:15Z | 2026-05-12T00:29:08Z | 2026-05-18T13:23:54Z | 2026-05-25T13:08:59Z | 2026-06-01T13:20:32Z | 2026-06-08T13:20:12Z"
"MA","Massachusetts","2c1d2fcd-c7b1-4cd0-8dc9-a16972df9525","Holyoke Dental Associates","-72.62920388","42.19475465","dentist","general_dentistry | medical_service_organizations","610 South St","Holyoke","01040-3655","MA","US","+14135338378","","http://www.holyokedentalassociates.com/","https://www.facebook.com/1676536895932587","Holyoke Dental Associates","0.9199122190475464","open","8","meta | Overture | Overture-signals","CDLA-Permissive-2.0","2026-04-27T00:00:00.000Z | 2026-06-11T11:57:15Z | 2026-05-12T00:29:08Z | 2026-05-18T13:23:54Z | 2026-05-25T13:08:59Z | 2026-06-01T13:20:32Z | 2026-06-08T13:20:12Z"
"MA","Massachusetts","2c43983d-3162-4dba-a246-859c35be18d8","Dr. Azadeh Nemati-Rad, DMD","-71.15789265","42.41762","dentist","general_dentistry | health_and_medical","22 Mill St","Arlington","02476-4738","MA","US","+17816480279","info@arlingtondentalma.com","https://www.arlingtondentalma.com/","https://www.facebook.com/192339147292985","Elina Fooks, DMD","0.9199122190475464","open","9","meta | Overture | Overture-signals","CDLA-Permissive-2.0","2026-04-27T00:00:00.000Z | 2026-06-11T11:57:15Z | 2026-05-12T00:29:08Z | 2026-05-18T13:23:54Z | 2026-05-25T13:08:59Z | 2026-06-01T13:20:32Z | 2026-06-08T13:20:12Z"
"MA","Massachusetts","2cdad352-07a8-414c-8e56-c285fdaabd4e","Coastal Dental","-71.3348198","41.87294792","dentist","orthodontist | teeth_whitening","21 Brook St","Seekonk","02771-4500","MA","US","+15083997073","seekonk@coastaldentalgrp.com","http://coastaldentalma.com/","https://www.facebook.com/1900218403625240","","0.9199122190475464","open","7","meta | Overture | Overture-signals","CDLA-Permissive-2.0","2026-04-27T00:00:00.000Z | 2026-06-11T11:57:15Z | 2026-05-12T00:29:08Z | 2026-05-18T13:23:54Z | 2026-05-25T13:08:59Z | 2026-06-01T13:20:32Z | 2026-06-08T13:20:12Z"
"MA","Massachusetts","2ce8b9f9-5ffa-453f-8985-6c09f4e9e4f9","Medford Square Dentistry & Implants","-71.10996746","42.41774444","dentist","endodontist","30 Main St","Medford","02155-7102","MA","US","+17813912440","connect.msdi@gmail.com","https://medfordsquaredentistry.com/","https://www.facebook.com/105376611931555","Medford Square Dentistry & Implants","0.9902192950248718","open","8","meta | Overture | Overture-signals","CDLA-Permissive-2.0","2026-04-27T00:00:00.000Z | 2026-06-11T11:57:15Z | 2026-05-12T00:29:08Z | 2026-05-18T13:23:54Z | 2026-05-25T13:08:59Z | 2026-06-01T13:20:32Z | 2026-06-08T13:20:12Z"
"MA","Massachusetts","2cf7abcf-baf5-4d45-89ca-eb377293d77c","Haverhill Pediatric Dentistry & Orthodontics","-71.0784703793076","42.7742204066439","dentist","","76 Merrimack St","Haverhill","01830","MA","US","(978) 521-1999","","https://haverhillpedoandortho.com","","","0.9902192950248718","open","8","Foursquare | Overture | Overture-signals","Apache-2.0 | CDLA-Permissive-2.0","2025-08-21T00:00:00.000 | 2026-06-11T11:57:15Z | 2026-05-12T00:29:08Z | 2026-05-18T13:23:54Z | 2026-05-25T13:08:59Z | 2026-06-01T13:20:32Z | 2026-06-08T13:20:12Z"
"MA","Massachusetts","2d058e51-61be-46db-9ad4-fe0d54f6a497","North Shore & Brookline Endodontics","-70.9276696041036","42.4661949106863","dentist","","60 Lewis St","Lynn","01902","MA","US","(781) 599-1100","mail@nsendo.com","http://www.nsbendo.com","https://www.twitter.com/nsbendo","","0.9199122190475464","open","9","Foursquare | Overture | Overture-signals","Apache-2.0 | CDLA-Permissive-2.0","2025-09-03T00:00:00.000 | 2026-06-11T11:57:15Z | 2026-05-12T00:29:08Z | 2026-05-18T13:23:54Z | 2026-05-25T13:08:59Z | 2026-06-01T13:20:32Z | 2026-06-08T13:20:12Z"
"MA","Massachusetts","2d156875-2e35-45d7-952c-179fa0ffe070","Kaddis Dental","-71.341295710189","42.2856675717502","dentist","","6 Dewey St","Natick","01760","MA","US","(508) 653-3930","","http://kaddisdental.com","","","0.9199122190475464","open","4","Foursquare | Overture | Overture-signals","Apache-2.0 | CDLA-Permissive-2.0","2025-08-19T00:00:00.000 | 2026-06-11T11:57:15Z | 2026-05-12T00:29:08Z | 2026-05-18T13:23:54Z | 2026-05-25T13:08:59Z | 2026-06-01T13:20:32Z | 2026-06-08T13:20:12Z"
"MA","Massachusetts","2d17cf93-af14-4afe-a9f8-29969c71c843","Dental Designs Boston","-71.09004542","42.34864501","dentist","cosmetic_dentist | general_dentistry","388 Commonwealth Ave","Boston","02215-2800","MA","US","+16176286800","info@designsboston.com","","https://www.facebook.com/869636629558543","","0.8491398191452026","","2","meta | Overture","CDLA-Permissive-2.0","2026-04-27T00:00:00.000Z | 2026-06-11T11:57:15Z"
"MA","Massachusetts","2d1cee47-ea00-44be-b707-81c7b77a3246","JNL Family Dental Office","-71.41475959","42.28279527","dentist","general_dentistry","270 Concord St","Framingham","01702-6489","MA","US","+15088727700","jnldentaltwo@gmail.com","https://www.jnldentaloffice.com/","https://www.facebook.com/508443753010538","1st Family Dental","0.9902192950248718","open","9","meta | Overture | Overture-signals","CDLA-Permissive-2.0","2026-04-27T00:00:00.000Z | 2026-06-11T11:57:15Z | 2026-05-12T00:29:08Z | 2026-05-18T13:23:54Z | 2026-05-25T13:08:59Z | 2026-06-01T13:20:32Z | 2026-06-08T13:20:12Z"
"MA","Massachusetts","2d1d586b-5c9a-4368-ade5-a3161297c513","UMass Memorial Medical Group","-71.76575","42.278297","dentist","doctor | hospital | medical_center | health_and_medical","367 Plantation St","Worcester","01605","MA","US","5083341419","","","","","0.9199122190475464","open","6","Microsoft | Overture | Overture-signals","CDLA-Permissive-2.0","2025-10-04T13:01:07.653Z | 2026-06-11T11:57:15Z | 2026-05-12T00:29:08Z | 2026-05-18T13:23:54Z | 2026-05-25T13:08:59Z | 2026-06-01T13:20:32Z | 2026-06-08T13:20:12Z"
"MA","Massachusetts","2d32571c-5978-4f5b-a1e1-25539f27be62","Lakeside Family Dental","-71.752646","42.27379079","dentist","general_dentistry","50 Boston Tpke","Shrewsbury","01545-3540","MA","US","+15087922991","lakesidedentaldg@gmail.com","https://www.lakesidefamilydentist.com/","https://www.facebook.com/1854149981286412","","0.998715391755104","","8","meta | Overture","CDLA-Permissive-2.0","2026-04-27T00:00:00.000Z | 2026-06-11T11:57:15Z"
"MA","Massachusetts","2d3dfd26-8945-460b-8ccf-e4e6cbeb8a1e","Banda Recreativa Portuguesa","-70.9171474252933","42.5289426560062","dentist","","103 Tremont St","Peabody","01960","MA","US","(978) 532-4439","","http://www.bandapt.com","","","0.9199122190475464","open","5","Foursquare | Overture | Overture-signals","Apache-2.0 | CDLA-Permissive-2.0","2025-08-22T00:00:00.000 | 2026-06-11T11:57:15Z | 2026-05-12T00:29:08Z | 2026-05-18T13:23:54Z | 2026-05-25T13:08:59Z | 2026-06-01T13:20:32Z | 2026-06-08T13:20:12Z"
"MA","Massachusetts","2d3ff4be-fd0c-4c10-b525-1a4179ebec79","South Hadley Dental Associates","-72.58328894","42.23634827","dentist","general_dentistry | health_and_medical","15 Dayton St","South Hadley","01075-1924","MA","US","+14135364455","","","https://www.facebook.com/205117522925744","","0.9199122190475464","open","7","meta | Overture | Overture-signals","CDLA-Permissive-2.0","2026-04-27T00:00:00.000Z | 2026-06-11T11:57:15Z | 2026-05-12T00:29:08Z | 2026-05-18T13:23:54Z | 2026-05-25T13:08:59Z | 2026-06-01T13:20:32Z | 2026-06-08T13:20:12Z"
"MA","Massachusetts","2d4416d1-4472-4923-ae5f-600f9f4a1085","Varinos Dental Associates of Riverside","-71.04717","42.76757","dentist","cosmetic_dentist","288 Groveland St","Haverhill","01830-6669","MA","US","+19782346198","newburyport@varinosdental.com","http://www.varinosdental.com/?utm_source=fb_hp","https://www.facebook.com/111194410348493","Varinos Dental Associates","0.7489939332008362","","10","meta | Overture","CDLA-Permissive-2.0","2026-04-27T00:00:00.000Z | 2026-06-11T11:57:15Z"
"MA","Massachusetts","2d5d25c4-ff48-468b-883b-2120f5c6867e","Paquette Family Dental Group","-71.56720336","42.39937576","dentist","general_dentistry | medical_service_organizations","66 Cox St","Hudson","01749-1441","MA","US","+19785626926","info@paquettefamilydental.com","http://www.paquettefamilydental.com/","https://www.facebook.com/122517571232767","Paquette Family Dental Group","0.9974761193990708","","9","meta | Overture","CDLA-Permissive-2.0","2026-04-27T00:00:00.000Z | 2026-06-11T11:57:15Z"
"MA","Massachusetts","2d683a08-d747-46ce-b35f-f62f7a56050a","Cherry Harika","-71.55057639","42.21008012","dentist","general_dentistry","22 South St","Hopkinton","01748-2246","MA","US","+15086251814","","","https://www.facebook.com/446317586147649","","0.9199122190475464","open","6","meta | Overture | Overture-signals","CDLA-Permissive-2.0","2026-04-27T00:00:00.000Z | 2026-06-11T11:57:15Z | 2026-05-12T00:29:08Z | 2026-05-18T13:23:54Z | 2026-05-25T13:08:59Z | 2026-06-01T13:20:32Z | 2026-06-08T13:20:12Z"
"MA","Massachusetts","2d71d78c-6ac8-4644-b7ad-43a8fdb50fef","Bandoni Dental - Family Dentistry","-70.840559","42.1404799","dentist","health_and_medical","51 Mill St., Ste 6","Hanover","02339","MA","US","7818294568","","http://bandonidentaloffice.com/","","","0.85","","7","Microsoft | Overture","CDLA-Permissive-2.0","2022-11-04T14:26:29.460Z | 2026-06-11T11:57:15Z"
"MA","Massachusetts","2da04f89-ca6e-4181-bdeb-f84095c8805b","Jeffrey C. Russo, DMD","-72.44083661","42.05927274","dentist","general_dentistry","2 Allen St","Hampden","01036-9551","MA","US","+14135663972","info@russodentistry.com","http://www.russodentistry.com/","https://www.facebook.com/361120464487960","","0.9199122190475464","open","9","meta | Overture | Overture-signals","CDLA-Permissive-2.0","2026-04-27T00:00:00.000Z | 2026-06-11T11:57:15Z | 2026-05-12T00:29:08Z | 2026-05-18T13:23:54Z | 2026-05-25T13:08:59Z | 2026-06-01T13:20:32Z | 2026-06-08T13:20:12Z"
"MA","Massachusetts","2de10301-9d50-4f89-b924-17d3c2edb541","Dr. Gary Mikels","-71.067381116146","42.1006410303251","dentist","","348 N Pearl St","Brockton","02301","MA","US","(508) 584-6070","","http://www.drmikels.com","","","0.9199122190475464","open","5","Foursquare | Overture | Overture-signals","Apache-2.0 | CDLA-Permissive-2.0","2024-12-23T00:00:00.000 | 2026-06-11T11:57:15Z | 2026-05-12T00:29:08Z | 2026-05-18T13:23:54Z | 2026-05-25T13:08:59Z | 2026-06-01T13:20:32Z | 2026-06-08T13:20:12Z"
"MA","Massachusetts","2dff31a0-7b79-4095-ab76-b33be6e9cd79","BFD Braintree Family Dental","-71.0039176783026","42.2195223195884","dentist","","381 Washington St","Braintree","02184","MA","US","(781) 843-0340","braintreefamilydental@gmail.com","https://www.braintreefamilydental.com","https://www.facebook.com/1475437222764518","","0.77","","5","Foursquare | Overture","Apache-2.0 | CDLA-Permissive-2.0","2023-09-28T00:00:00.000 | 2026-06-11T11:57:15Z"
"MA","Massachusetts","2e166e0d-dc61-4b14-a071-b4418bbb383a","Monica Rao DMD","-71.70782193","42.23164674","dentist","cosmetic_dentist | general_dentistry","33 N Main St","North Grafton","01536-1560","MA","US","+15088394233","raomonica@hotmail.com","https://monicaraodentist.com/","https://www.facebook.com/919547931233628","Monica Rao D.M.D","0.9199122190475464","open","9","meta | Overture | Overture-signals","CDLA-Permissive-2.0","2026-04-27T00:00:00.000Z | 2026-06-11T11:57:15Z | 2026-05-12T00:29:08Z | 2026-05-18T13:23:54Z | 2026-05-25T13:08:59Z | 2026-06-01T13:20:32Z | 2026-06-08T13:20:12Z"
"MA","Massachusetts","2e3a70b4-2067-4f07-b431-8b2837b822ea","Motto Clear Aligners","-71.7415661","42.5350613","dentist","health_and_medical","14 Commercial Rd","Leominster","01453","MA","US","9788409900","","https://www.aspendental.com/dentist/ma/leominster/14-commercial-road/motto-clear-aligners/","","","0.9199122190475464","open","6","Microsoft | Overture | Overture-signals","CDLA-Permissive-2.0","2025-10-03T21:19:31.300Z | 2026-06-11T11:57:15Z | 2026-05-12T00:29:08Z | 2026-05-18T13:23:54Z | 2026-05-25T13:08:59Z | 2026-06-01T13:20:32Z | 2026-06-08T13:20:12Z"
"MA","Massachusetts","2e3f021b-6ef4-45b8-956c-cb86f2ae2013","Soheil Samiei","-70.67821317","42.62798298","dentist","endodontist | medical_service_organizations","9 Dr Osman Babson Rd","Gloucester","01930-1812","MA","US","+19782813772","drsamiei@gloucesterdental.com","http://gloucesterdental.com/","https://www.facebook.com/285957154755467","Soheil Samiei, D.M.D., P.C.","0.9199122190475464","open","8","meta | Overture | Overture-signals","CDLA-Permissive-2.0","2026-04-27T00:00:00.000Z | 2026-06-11T11:57:15Z | 2026-05-12T00:29:08Z | 2026-05-18T13:23:54Z | 2026-05-25T13:08:59Z | 2026-06-01T13:20:32Z | 2026-06-08T13:20:12Z"
"MA","Massachusetts","2e432d4c-db56-400f-89cb-c4372d7f2c80","Henry Schein Dental - New England","-71.2656978","42.38396022","dentist","health_and_medical | surgical_appliances_and_supplies","220 Bear Hill Rd","Waltham","02451-1004","MA","US","+17814669915","ron.o'shea@henryschein.com","https://www.facebook.com/Ron.OSheaHenryScheinFSC","https://www.facebook.com/107923572624683","Henry Schein UK","0.9199122190475464","open","9","meta | Overture | Overture-signals","CDLA-Permissive-2.0","2026-04-27T00:00:00.000Z | 2026-06-11T11:57:15Z | 2026-05-12T00:29:08Z | 2026-05-18T13:23:54Z | 2026-05-25T13:08:59Z | 2026-06-01T13:20:32Z | 2026-06-08T13:20:12Z"
"MA","Massachusetts","2e5ec1a8-8bc7-4ad7-aed7-0c93e73de9ea","Copley Dental W Natick","-71.3273864","42.30440908","dentist","general_dentistry | health_and_medical","17 Worcester St","Natick","01760-2213","MA","US","+15086555757","info@copleydental.com","http://copleydentalnatick.com/","https://www.facebook.com/212615999582178","","0.9014832377433777","","8","meta | Overture","CDLA-Permissive-2.0","2026-04-27T00:00:00.000Z | 2026-06-11T11:57:15Z"
"MA","Massachusetts","2e712933-4674-4a5d-9208-b023173db340","Eugene B. Nichols, Dmd","-71.2481102894497","42.0657743784396","dentist","","15R Mechanic St","Foxborough","02035","MA","US","(508) 543-2233","","http://www.nicholsfamilydentistry.com","","","0.9199122190475464","open","8","Foursquare | Overture | Overture-signals","Apache-2.0 | CDLA-Permissive-2.0","2025-08-22T00:00:00.000 | 2026-06-11T11:57:15Z | 2026-05-12T00:29:08Z | 2026-05-18T13:23:54Z | 2026-05-25T13:08:59Z | 2026-06-01T13:20:32Z | 2026-06-08T13:20:12Z"
"MA","Massachusetts","2ea4a0f8-6940-4648-85c8-06183e0e86bc","Southbridge Dentistry & Implants","-72.03379553","42.07549287","dentist","cosmetic_dentist | general_dentistry","11 Central St","Southbridge","01550","MA","US","+15089096122","connect.sbdi@gmail.com","http://southbridgedentistryandimplants.com/","https://www.facebook.com/389357420926252","","0.9199122190475464","open","8","meta | Overture | Overture-signals","CDLA-Permissive-2.0","2026-04-27T00:00:00.000Z | 2026-06-11T11:57:15Z | 2026-05-12T00:29:08Z | 2026-05-18T13:23:54Z | 2026-05-25T13:08:59Z | 2026-06-01T13:20:32Z | 2026-06-08T13:20:12Z"
"MA","Massachusetts","2ed92996-fe03-45f2-864d-83c45a3cf3f5","Quality Dental Care LLC","-70.9123164636792","42.1226600221742","dentist","","214 Market St Ste 1","Rockland","02370","MA","US","(781) 957-1330","info@qualitydentalcarellc.com","https://www.qualitydentalcarellc.com","https://www.facebook.com/161658410528440","","0.9902192950248718","open","8","Foursquare | Overture | Overture-signals","Apache-2.0 | CDLA-Permissive-2.0","2021-02-05T00:00:00.000 | 2026-06-11T11:57:15Z | 2026-05-12T00:29:08Z | 2026-05-18T13:23:54Z | 2026-05-25T13:08:59Z | 2026-06-01T13:20:32Z | 2026-06-08T13:20:12Z"
"MA","Massachusetts","2ef82fb2-359e-4c1d-a0e9-cf6c706b39a9","North Acton Dental","-71.41584084","42.49398927","dentist","general_dentistry | health_and_medical","255 Great Rd","Acton","01720-4739","MA","US","+19782661614","padma@northactondental.com","http://northactondental.com/","https://www.facebook.com/481592321914564","","0.9902192950248718","open","9","meta | Overture | Overture-signals","CDLA-Permissive-2.0","2026-04-27T00:00:00.000Z | 2026-06-11T11:57:15Z | 2026-05-12T00:29:08Z | 2026-05-18T13:23:54Z | 2026-05-25T13:08:59Z | 2026-06-01T13:20:32Z | 2026-06-08T13:20:12Z"
"MA","Massachusetts","2f15d7a2-ea5e-4733-a645-10bb1989967f","Dr. Fitzpatrick D.M.D.","-71.1584410689551","42.4178297182261","dentist","","22 Mill St #2","Arlington","02476","MA","US","(781) 646-4822","","http://www.fitzpatrickdmd.com","","","0.77","","5","Foursquare | Overture","Apache-2.0 | CDLA-Permissive-2.0","2025-08-22T00:00:00.000 | 2026-06-11T11:57:15Z"
"MA","Massachusetts","2f21850f-5783-42de-9912-3cec7954cf79","Middlesex Cosmetic Dentistry","-71.1434698615441","42.4631079754921","dentist","","955 Main St","Winchester","01890","MA","US","(781) 721-9900","","http://middlesexcosmeticdentistry.com","","","0.9199122190475464","open","4","Foursquare | Overture | Overture-signals","Apache-2.0 | CDLA-Permissive-2.0","2025-08-19T00:00:00.000 | 2026-06-11T11:57:15Z | 2026-05-12T00:29:08Z | 2026-05-18T13:23:54Z | 2026-05-25T13:08:59Z | 2026-06-01T13:20:32Z | 2026-06-08T13:20:12Z"
"MA","Massachusetts","2f5937da-9ea1-4eb0-839e-3c0753439a81","Affordable Dentures and Implants","-70.99609711","41.64256767","dentist","general_dentistry","424 State Rd","Dartmouth","02747-4302","MA","US","+17745193411","fda29338@affordabledentures.com","https://www.affordabledentures.com/locations/ma/dartmouth?utm_source=Facebook&utm_medium=Organic_Listing&utm_campaign=29338","https://www.facebook.com/113175705107225","Affordable Dentures & Implants","0.9199122190475464","open","10","meta | Overture | Overture-signals","CDLA-Permissive-2.0","2026-04-27T00:00:00.000Z | 2026-06-11T11:57:15Z | 2026-05-12T00:29:08Z | 2026-05-18T13:23:54Z | 2026-05-25T13:08:59Z | 2026-06-01T13:20:32Z | 2026-06-08T13:20:12Z"
"MA","Massachusetts","2f92c0fc-e7a2-4165-8c07-290e52f6e081","Temple Family Dentistry","-71.02510189","42.24404888","dentist","general_dentistry | health_and_medical","1261 Furnace Brook Pkwy","Quincy","02169-4721","MA","US","+16174723700","","http://www.templefamilydentalcare.com/","https://www.facebook.com/170338583601459","","0.9872902035713196","","9","meta | Overture","CDLA-Permissive-2.0","2026-04-27T00:00:00.000Z | 2026-06-11T11:57:15Z"
"MA","Massachusetts","2fa26041-7673-4539-8f31-32837d06825d","Dr. Deborah Yarmush","-71.24984","42.15133","dentist","health_and_medical | oral_surgeon","801 Main St","Walpole","02081-3030","MA","US","+15086682897","yarmushdmd@gmail.com","http://www.dryarmush.com/","https://www.facebook.com/186547148448483","","0.8755524754524231","","7","meta | Overture","CDLA-Permissive-2.0","2026-04-27T00:00:00.000Z | 2026-06-11T11:57:15Z"
"MA","Massachusetts","2fa5201e-72de-4f66-839c-6a9b861c9f4e","New Generation Dental Center","-71.25920774","42.32576457","dentist","general_dentistry | health_and_medical","1 Washington St","Wellesley","02481-1700","MA","US","+17814319999","office@ngdentalcenter.com","http://www.ngdentalcenter.com/","https://www.facebook.com/158467310853307","","0.9199122190475464","open","8","meta | Overture | Overture-signals","CDLA-Permissive-2.0","2026-04-27T00:00:00.000Z | 2026-06-11T11:57:15Z | 2026-05-12T00:29:08Z | 2026-05-18T13:23:54Z | 2026-05-25T13:08:59Z | 2026-06-01T13:20:32Z | 2026-06-08T13:20:12Z"
"MA","Massachusetts","2fccc02f-f888-4cbe-99e3-65ee0df88077","William Heggerick, D.D.S","-71.27879","42.30783","dentist","prosthodontist | cosmetic_dentist","396 Washington St","Wellesley","02481-6209","MA","US","+17818940347","","https://westondentalspecialistsgroup.com/dental-office-weston-ma/william-c-heggerick/","https://www.facebook.com/2120722651503025","","0.9199122190475464","open","8","meta | Overture | Overture-signals","CDLA-Permissive-2.0","2026-04-27T00:00:00.000Z | 2026-06-11T11:57:15Z | 2026-05-12T00:29:08Z | 2026-05-18T13:23:54Z | 2026-05-25T13:08:59Z | 2026-06-01T13:20:32Z | 2026-06-08T13:20:12Z"
"MA","Massachusetts","2fdcf216-5a67-449c-ba88-46f4d21e40d1","Aspen Dental","-71.159969","42.742578","dentist","","90 Pleasant Valley St Ste 704","Methuen","01844","MA","US","(978) 837-4400","","https://www.aspendental.com/dentist/ma/methuen/90-pleasant-valley-st-unit-704","https://www.twitter.com/aspendental | https://www.facebook.com/191379740873662","","0.77","","5","Foursquare | Overture","Apache-2.0 | CDLA-Permissive-2.0","2025-06-06T00:00:00.000 | 2026-06-11T11:57:15Z"
"MA","Massachusetts","2fe31310-4d59-4712-95b0-06294420166c","My Dentist Worcester","-71.80092829","42.26299526","dentist","general_dentistry | doctor","44 Front St","Worcester","01608-1712","MA","US","+15087539200","wor@mydentistwor.com","https://www.appointnow.com/?P=4209&O=118&PT=0&campaignID&rnd=637793815072259545","https://www.facebook.com/109314314898478","","0.9902192950248718","open","10","meta | Overture | Overture-signals","CDLA-Permissive-2.0","2026-04-27T00:00:00.000Z | 2026-06-11T11:57:15Z | 2026-05-12T00:29:08Z | 2026-05-18T13:23:54Z | 2026-05-25T13:08:59Z | 2026-06-01T13:20:32Z | 2026-06-08T13:20:12Z"
"MA","Massachusetts","3009b436-f49d-4f17-a836-6303f34a7c8e","Affordable Family Dental","-71.03307843","42.39500111","dentist","general_dentistry","59 Washington Ave","Chelsea","02150","MA","US","+16178892668","affordablefamilydentalchelsea@gmail.com","https://www.dentistschelsea.com","https://www.facebook.com/199016316899629","","0.9902192950248718","open","8","meta | Overture | Overture-signals","CDLA-Permissive-2.0","2026-04-27T00:00:00.000Z | 2026-06-11T11:57:15Z | 2026-05-12T00:29:08Z | 2026-05-18T13:23:54Z | 2026-05-25T13:08:59Z | 2026-06-01T13:20:32Z | 2026-06-08T13:20:12Z"
"MA","Massachusetts","303b68c1-0ac3-4e3f-ab3e-482bcb2f0a34","Aspen Dental - East Walpole, MA","-71.2033873340276","42.155285119546","dentist","","116 Providence Hwy","East Walpole","02032","MA","US","(508) 734-3200","","https://www.aspendental.com/dentist/ma/east-walpole/116-providence-hwy","https://www.twitter.com/aspendental | https://www.facebook.com/150292778440296","","0.77","","5","Foursquare | Overture","Apache-2.0 | CDLA-Permissive-2.0","2025-08-22T00:00:00.000 | 2026-06-11T11:57:15Z"
"MA","Massachusetts","306bef63-69b8-41e9-bf05-df4406ae54e6","Dr. Paul Marshall","-70.28596062","41.6604113","dentist","medical_service_organizations | health_and_medical","306 Winter St","Hyannis","02601-2960","MA","US","+15077750933","pkmarshalldentist1@gmail.com","http://www.cosmeticdentistofcapecod.com/","https://www.facebook.com/1580277532219155","","0.8585264682769775","","8","meta | Overture","CDLA-Permissive-2.0","2026-04-27T00:00:00.000Z | 2026-06-11T11:57:15Z"
"MA","Massachusetts","3072d9a3-95be-4e85-8a38-1e066285c01b","Eric Martin DDS","-70.95970995","41.6265008","dentist","health_and_medical | hospital","530 Hawthorn St","Dartmouth","02747-3717","MA","US","+15089945443","","","https://www.facebook.com/511888475506472","","0.7903825044631958","","7","meta | Overture","CDLA-Permissive-2.0","2026-04-27T00:00:00.000Z | 2026-06-11T11:57:15Z"
"MA","Massachusetts","308d5ebc-2d99-4436-9487-8d8f8c9eaf6c","Dr. Emma Y. Wu Aesthetic Family Dentistry","-71.127392","42.6736856","dentist","health_and_medical","203 Turnpike St Unit 125","North Andover","01845","MA","US","9786862223","","https://www.dremmawu.com/","","","0.85","","9","Microsoft | Overture","CDLA-Permissive-2.0","2023-11-02T10:08:49.283Z | 2026-06-11T11:57:15Z"
"MA","Massachusetts","30a9428b-7f82-4324-9411-8ec8bac1744e","Emerson Dental","-71.27421272","42.49029167","dentist","general_dentistry | medical_service_organizations","168 Great Rd","Bedford","01730-2709","MA","US","+17813949213","bedford@emerson-dental.com","https://www.emerson-dental.com/","https://www.facebook.com/115635933168662","","0.9199122190475464","open","8","meta | Overture | Overture-signals","CDLA-Permissive-2.0","2026-04-27T00:00:00.000Z | 2026-06-11T11:57:15Z | 2026-05-12T00:29:08Z | 2026-05-18T13:23:54Z | 2026-05-25T13:08:59Z | 2026-06-01T13:20:32Z | 2026-06-08T13:20:12Z"
"MA","Massachusetts","30bb2650-4d0c-48a1-b3b2-35c66560983a","Belchertown Dental Family","-72.4011648251881","42.2768552232196","dentist","","1 Main St Ste 102","Belchertown","01007","MA","US","(413) 323-4455","","http://www.dentalfamily.com","","","0.9199122190475464","open","4","Foursquare | Overture | Overture-signals","Apache-2.0 | CDLA-Permissive-2.0","2025-08-22T00:00:00.000 | 2026-06-11T11:57:15Z | 2026-05-12T00:29:08Z | 2026-05-18T13:23:54Z | 2026-05-25T13:08:59Z | 2026-06-01T13:20:32Z | 2026-06-08T13:20:12Z"
"MA","Massachusetts","30e077fc-ac9c-4c8f-ad46-237d73a24679","Dr. Carol Rice DMD","-71.348469972545","42.283465372286","dentist","","14 West Central Street","Natick","01760","MA","US","(508) 720-5000","","https://www.natickfamilydental.com","","","0.77","","6","Foursquare | Overture","Apache-2.0 | CDLA-Permissive-2.0","2025-11-19T00:00:00.000 | 2026-06-11T11:57:15Z"
"MA","Massachusetts","30e0ba76-ad5d-48fd-bcf4-da5877f840df","Burlington Smiles Dental","-71.20652065","42.51486558","dentist","general_dentistry","279 Cambridge St","Burlington","01803-2441","MA","US","+17812725080","info@burlingtonsmilesdental.com","http://www.burlingtonsmilesdental.com/","https://www.facebook.com/661690140956608","","0.9916874766349792","","9","meta | Overture","CDLA-Permissive-2.0","2026-04-27T00:00:00.000Z | 2026-06-11T11:57:15Z"
"MA","Massachusetts","30e8420f-4cb7-4f34-ac40-9d9d5bfb851e","Natick Dental Partners LLP","-71.3755410560564","42.2776605481028","dentist","","230 Pond St","Natick","01760","MA","US","(508) 319-9046","","http://www.adultdentistrynatick.com","","","0.9199122190475464","open","5","Foursquare | Overture | Overture-signals","Apache-2.0 | CDLA-Permissive-2.0","2025-05-14T00:00:00.000 | 2026-06-11T11:57:15Z | 2026-05-12T00:29:08Z | 2026-05-18T13:23:54Z | 2026-05-25T13:08:59Z | 2026-06-01T13:20:32Z | 2026-06-08T13:20:12Z"
"MA","Massachusetts","30fa5db3-6e1a-4d94-8e5a-ad09df7f7b1a","Avedikian Suzanne DDS","-71.07828384","42.42681853","dentist","general_dentistry | doctor","388 Pleasant St","Malden","02148-3534","MA","US","+17813222488","info@bestpleasantstdental.com","http://www.bestpleasantstdental.com/","https://www.facebook.com/2126551434098907","","0.9199122190475464","open","7","meta | Overture | Overture-signals","CDLA-Permissive-2.0","2026-04-27T00:00:00.000Z | 2026-06-11T11:57:15Z | 2026-05-12T00:29:08Z | 2026-05-18T13:23:54Z | 2026-05-25T13:08:59Z | 2026-06-01T13:20:32Z | 2026-06-08T13:20:12Z"
"MA","Massachusetts","311303e3-94a2-425a-b82b-1e630b9ea98b","Dr. Melissa Torres","-70.956343","42.548847","dentist","orthodontist | cosmetic_dentist","300 Andover St","Peabody","01960-1505","MA","US","+19785951713","inquiries@drmelissatorres.com","https://mieldentalaesthetics.com/","https://www.facebook.com/100617415081021","","0.7051702737808228","","1","meta | Overture","CDLA-Permissive-2.0","2026-04-27T00:00:00.000Z | 2026-06-11T11:57:15Z"
"MA","Massachusetts","311d1679-c74b-4fc2-898e-28d366bb3674","Jun Young Park","-71.103634","42.520633","dentist","health_and_medical","161 Ash St Ste B","Reading","01867","MA","US","7819446761","","https://www.readingdentalma.com/","","","0.9199122190475464","open","6","Microsoft | Overture | Overture-signals","CDLA-Permissive-2.0","2022-12-02T22:59:01.203Z | 2026-06-11T11:57:15Z | 2026-05-12T00:29:08Z | 2026-05-18T13:23:54Z | 2026-05-25T13:08:59Z | 2026-06-01T13:20:32Z | 2026-06-08T13:20:12Z"
"MA","Massachusetts","312ef587-87b6-4ef2-bca6-9cfa5e558a07","Ashland Elite Dental","-71.4653678","42.25968534","dentist","health_and_medical | oral_surgeon","171 Main St","Ashland","01721-1154","MA","US","+15088811280","info@ashlandelite.net","http://www.ashlandelite.net/","https://www.facebook.com/468878525593","","0.9902192950248718","open","7","meta | Overture | Overture-signals","CDLA-Permissive-2.0","2026-04-27T00:00:00.000Z | 2026-06-11T11:57:15Z | 2026-05-12T00:29:08Z | 2026-05-18T13:23:54Z | 2026-05-25T13:08:59Z | 2026-06-01T13:20:32Z | 2026-06-08T13:20:12Z"
"MA","Massachusetts","31466fb8-89d3-49de-b820-a44c095f4bac","Atlantis Dental","-71.417","42.2788","dentist","health_and_medical","223 Walnut St Unit 22","Framingham","01702","MA","US","5082705050","","https://www.myatlantisdental.com/","","","0.85","","7","Microsoft | Overture","CDLA-Permissive-2.0","2023-10-17T02:01:57.597Z | 2026-06-11T11:57:15Z"
"MA","Massachusetts","315bf9f4-ec36-4aff-892f-f9e9b65c4806","Westport Dental","-71.10481346","41.64152362","dentist","general_dentistry | health_and_medical","708 Sanford Rd","Westport","02790-4038","MA","US","+15086750561","manager@westportdentalpc.com","http://www.westportmadentistry.com/","https://www.facebook.com/1467327783538153","","0.9199122190475464","open","8","meta | Overture | Overture-signals","CDLA-Permissive-2.0","2026-04-27T00:00:00.000Z | 2026-06-11T11:57:15Z | 2026-05-12T00:29:08Z | 2026-05-18T13:23:54Z | 2026-05-25T13:08:59Z | 2026-06-01T13:20:32Z | 2026-06-08T13:20:12Z"
"MA","Massachusetts","3167f82b-09cf-4321-8a71-7eb9915f0bfe","Paxton Dental Care","-71.92671768","42.31030596","dentist","general_dentistry | health_and_medical","672 Pleasant St","Paxton","01612-1306","MA","US","+15085572400","","http://paxtondentalcare.com/","https://www.facebook.com/399396723326","Paxton Dental Care","0.9902192950248718","open","9","meta | Overture | Overture-signals","CDLA-Permissive-2.0","2026-04-27T00:00:00.000Z | 2026-06-11T11:57:15Z | 2026-05-12T00:29:08Z | 2026-05-18T13:23:54Z | 2026-05-25T13:08:59Z | 2026-06-01T13:20:32Z | 2026-06-08T13:20:12Z"
"MA","Massachusetts","31714bce-21cb-4fd7-90ee-99fd7b397b28","Lynnfield Dental Associates","-71.03422538","42.51196275","dentist","general_dentistry | cosmetic_dentist","50 Salem St","Lynnfield","01940-0019","MA","US","+17812462211","smile@lynnfielddental.com","http://www.lynnfielddental.com/","https://www.facebook.com/392960607402330","Lynnfield Dental Associates","0.9984999924898148","","6","meta | Overture","CDLA-Permissive-2.0","2026-04-27T00:00:00.000Z | 2026-06-11T11:57:15Z"
"MA","Massachusetts","31d5c21e-64e7-48d1-bf7c-2e962f8fbd73","Dr. Carl Ferreira DMD","-71.1532034052624","41.6730124884798","dentist","","1190 Stafford Rd","Fall River","02721","MA","US","(508) 679-4197","carl@carlferreiradmd.com","http://www.carlferreiradmd.com","https://www.facebook.com/253963518048665","","0.9199122190475464","open","9","Foursquare | Overture | Overture-signals","Apache-2.0 | CDLA-Permissive-2.0","2025-08-22T00:00:00.000 | 2026-06-11T11:57:15Z | 2026-05-12T00:29:08Z | 2026-05-18T13:23:54Z | 2026-05-25T13:08:59Z | 2026-06-01T13:20:32Z | 2026-06-08T13:20:12Z"
"MA","Massachusetts","31fdc363-2f10-442e-912e-4e16e6429379","Serenity Family Dental of Burlington","-71.20605814","42.51502104","dentist","general_dentistry","279 Cambridge St","Burlington","01803-2441","MA","US","+17812723340","","https://www.serenityfamilydentalcare.com/","https://www.facebook.com/242355972303116","","0.9199122190475464","open","9","meta | Overture | Overture-signals","CDLA-Permissive-2.0","2026-04-27T00:00:00.000Z | 2026-06-11T11:57:15Z | 2026-05-12T00:29:08Z | 2026-05-18T13:23:54Z | 2026-05-25T13:08:59Z | 2026-06-01T13:20:32Z | 2026-06-08T13:20:12Z"
"MA","Massachusetts","32292ce1-17b0-4b81-aece-dc28c1d15c01","Wilbraham Family Dentristy","-72.4446833657468","42.1507330075406","dentist","","70 Post Office Park","Wilbraham","01095","MA","US","(413) 438-0372","info@wilbrahamfamilydentistry.com","http://www.wilbrahamfamilydentistry.com","https://www.facebook.com/140904619330491","","0.77","","5","Foursquare | Overture","Apache-2.0 | CDLA-Permissive-2.0","2025-12-03T00:00:00.000 | 2026-06-11T11:57:15Z"
"MA","Massachusetts","325321c9-7cc2-4f4f-942e-7dd7a4365376","Aspen Dental","-70.305414","41.67461","dentist","","1070 Iyannough Rd Suite A20","Hyannis","02601","MA","US","","","https://www.aspendental.com/dentist/ma/hyannis/1070-iyannough-rd-suite-a20/","","Aspen Dental","0.954","","5","AllThePlaces | Overture","CC0-1.0 | CDLA-Permissive-2.0","2026-06-02T15:18:54.000Z | 2026-06-11T11:57:15Z"
"MA","Massachusetts","326d6570-90de-49bb-98da-261b1b23bc6c","Center for oralhealthequity and research","-71.404283","42.303465","dentist","","945 Concord St","Framingham","01701-4613","MA","US","+15083883082","sumaasundaresan@centerfororalhealthequityandresearch.com","http://centerfororalhealthequityandresearch.com/","https://www.facebook.com/119246737947386","","0.7513800263404846","","8","meta | Overture","CDLA-Permissive-2.0","2026-04-27T00:00:00.000Z | 2026-06-11T11:57:15Z"
"MA","Massachusetts","328979e2-b6bb-4fc3-b433-a66ff1c1bd9e","Newton Dental Associates","-71.19338858","42.3295376","dentist","general_dentistry | cosmetic_dentist","93 Union St","Newton","02459-2234","MA","US","+16179650060","nda@newtondentalassociates.com","http://www.newtondentalassociates.com/contact","https://www.facebook.com/325430532277","Newton Dental Associates","0.9902192950248718","open","9","meta | Overture | Overture-signals","CDLA-Permissive-2.0","2026-04-27T00:00:00.000Z | 2026-06-11T11:57:15Z | 2026-05-12T00:29:08Z | 2026-05-18T13:23:54Z | 2026-05-25T13:08:59Z | 2026-06-01T13:20:32Z | 2026-06-08T13:20:12Z"
"MA","Massachusetts","32a3642a-a78f-4386-8f43-689b9ce4c68e","Sharon Family & Pediatric Dentistry","-71.17931247","42.12079236","dentist","health_and_medical","26 E Chestnut St","Sharon","02067-2012","MA","US","+17814887855","sharonfamilydentist@gmail.com","https://www.norfolkfamilyandpediatricdentistry.com/","https://www.facebook.com/124573603894129","","0.9199122190475464","open","7","meta | Overture | Overture-signals","CDLA-Permissive-2.0","2026-04-27T00:00:00.000Z | 2026-06-11T11:57:15Z | 2026-05-12T00:29:08Z | 2026-05-18T13:23:54Z | 2026-05-25T13:08:59Z | 2026-06-01T13:20:32Z | 2026-06-08T13:20:12Z"
"MA","Massachusetts","32b41723-04b6-483c-a390-e51e9192fa53","Smile Center","-71.5969109637759","42.6673752399507","dentist","","11 Main St","Pepperell","01463","MA","US","(978) 433-6344","smilecenterne@gmail.com","http://www.pepperellsmilecenter.com","","","0.9199122190475464","open","4","Foursquare | Overture | Overture-signals","Apache-2.0 | CDLA-Permissive-2.0","2025-08-19T00:00:00.000 | 2026-06-11T11:57:15Z | 2026-05-12T00:29:08Z | 2026-05-18T13:23:54Z | 2026-05-25T13:08:59Z | 2026-06-01T13:20:32Z | 2026-06-08T13:20:12Z"
"MA","Massachusetts","32c8858f-28d4-42be-a172-9bb904c1ccc1","V Mourmoutis DMD PC","-71.06191913","42.45861422","dentist","general_dentistry | doctor","27 E Emerson St","Melrose","02176-3520","MA","US","+17816653442","","","https://www.facebook.com/110607815688075","","0.9199122190475464","open","7","meta | Overture | Overture-signals","CDLA-Permissive-2.0","2026-04-27T00:00:00.000Z | 2026-06-11T11:57:15Z | 2026-05-12T00:29:08Z | 2026-05-18T13:23:54Z | 2026-05-25T13:08:59Z | 2026-06-01T13:20:32Z | 2026-06-08T13:20:12Z"
"MA","Massachusetts","32eb747d-2980-4ad1-b1af-73239514daf6","Ace Dental","-70.9491005367879","42.4634049800454","dentist","","74 Market St","Lynn","01901","MA","US","(781) 581-1411","","http://acedentalassociates.com","https://www.facebook.com/152834974759933","","0.9199122190475464","open","8","Foursquare | Overture | Overture-signals","Apache-2.0 | CDLA-Permissive-2.0","2025-08-19T00:00:00.000 | 2026-06-11T11:57:15Z | 2026-05-12T00:29:08Z | 2026-05-18T13:23:54Z | 2026-05-25T13:08:59Z | 2026-06-01T13:20:32Z | 2026-06-08T13:20:12Z"
"MA","Massachusetts","3304a2b4-d258-4793-b204-ef6533cdfb39","Willows Dental Group","-71.1074","42.659109","dentist","","795 Turnpike St","North Andover","01845-6128","MA","US","+19785100086","info@futureofdentistry.com","https://futureofdentistry.com/north-andover/","https://www.facebook.com/103760942135886","","0.9190383964776992","","9","meta | Overture","CDLA-Permissive-2.0","2026-04-27T00:00:00.000Z | 2026-06-11T11:57:15Z"
"MA","Massachusetts","3308edad-c8d1-46a2-8d47-24c14dc14c10","Perfect Dental – Revere","-71.0229217087163","42.4322170509879","dentist","","651 Squire Rd","Revere","02151","MA","US","(781) 289-3331","revere@myperfectdental.com","https://www.perfectdental.com/locations/perfect-dental-revere/","https://www.facebook.com/166883760154298","","0.9199122190475464","open","4","Foursquare | Overture | Overture-signals","Apache-2.0 | CDLA-Permissive-2.0","2020-11-11T00:00:00.000 | 2026-06-11T11:57:15Z | 2026-05-12T00:29:08Z | 2026-05-18T13:23:54Z | 2026-05-25T13:08:59Z | 2026-06-01T13:20:32Z | 2026-06-08T13:20:12Z"
"MA","Massachusetts","332b70c4-1e54-4cff-ae3a-b1f19b36acf5","Hamilton Dentistry","-70.87561944","42.61096707","dentist","cosmetic_dentist | general_dentistry","61 Railroad Ave","Hamilton","01982-2218","MA","US","+19784684411","info@hamiltondentistry.net","http://www.hamiltondentistry.net/","https://www.facebook.com/114114555286499","Hamilton Dentistry","0.9199122190475464","open","9","meta | Overture | Overture-signals","CDLA-Permissive-2.0","2026-04-27T00:00:00.000Z | 2026-06-11T11:57:15Z | 2026-05-12T00:29:08Z | 2026-05-18T13:23:54Z | 2026-05-25T13:08:59Z | 2026-06-01T13:20:32Z | 2026-06-08T13:20:12Z"
"MA","Massachusetts","3349b836-d11f-4de2-8d46-4a7684b184ed","Dr. Emma Y. Wu Aesthetic Family Dentistry","-71.12731474","42.67380169","dentist","cosmetic_dentist | general_dentistry","203 Turnpike St","North Andover","01845-5038","MA","US","+19789726688","info@dremmawu.com","http://www.dremmawu.com/contact","https://www.facebook.com/125309597639451","Dr. Emma Wu","0.8874827027320862","","10","meta | Overture","CDLA-Permissive-2.0","2026-04-27T00:00:00.000Z | 2026-06-11T11:57:15Z"
"MA","Massachusetts","3356f570-bb61-4245-97dc-7d158d68e47b","Robert Tatoian","-72.65768652","42.07447957","dentist","general_dentistry | health_and_medical","850 Springfield St","Agawam","01030-2152","MA","US","+14137338277","","","https://www.facebook.com/461273757393040","","0.9199122190475464","open","8","meta | Overture | Overture-signals","CDLA-Permissive-2.0","2026-04-27T00:00:00.000Z | 2026-06-11T11:57:15Z | 2026-05-12T00:29:08Z | 2026-05-18T13:23:54Z | 2026-05-25T13:08:59Z | 2026-06-01T13:20:32Z | 2026-06-08T13:20:12Z"
"MA","Massachusetts","3364ac3b-fbc3-4d4d-94cf-88532552372e","Washington Park Dental","-71.08267246","42.31863925","dentist","general_dentistry","333 Warren St","Boston","02119-1850","MA","US","+16174274242","info@washingtonparkdental.net","http://www.washingtonparkdental.net/","https://www.facebook.com/556922638135486","","0.9902192950248718","open","2","meta | Overture | Overture-signals","CDLA-Permissive-2.0","2026-04-27T00:00:00.000Z | 2026-06-11T11:57:15Z | 2026-05-25T13:08:59Z | 2026-06-01T13:20:32Z | 2026-06-08T13:20:12Z"
"MA","Massachusetts","336c4925-7405-4479-bc5e-72a9c59b2407","Alan Ko DMD","-71.543946","42.142114","dentist","orthodontist | doctor","192 West St","Milford","01757-2273","MA","US","+15084783800","info@goodmanko.com","http://www.goodmanko.com","https://www.facebook.com/147656421932244","","0.9722161889076233","","9","meta | Overture","CDLA-Permissive-2.0","2026-04-27T00:00:00.000Z | 2026-06-11T11:57:15Z"
"MA","Massachusetts","33822afb-41cf-4051-83b8-34d42c159797","Dental Dreams","-71.164756216638","41.6768004955559","dentist","","45 Mariano Bishop Blvd","Fall River","02721","MA","US","(508) 674-6800","","http://www.dentaldreams.com","https://www.facebook.com/178781225473083","","0.77","","5","Foursquare | Overture","Apache-2.0 | CDLA-Permissive-2.0","2025-08-22T00:00:00.000 | 2026-06-11T11:57:15Z"
"MA","Massachusetts","3385d732-42eb-4bad-b585-f76b66471d57","Globus Dental Care","-70.94218186","42.46698629","dentist","general_dentistry","175 Union St","Lynn","01901-1310","MA","US","+17815929200","globusdentalcare@gmail.com","https://globus-dental.business.site/","https://www.facebook.com/100357604734718","","0.9902192950248718","open","9","meta | Overture | Overture-signals","CDLA-Permissive-2.0","2026-04-27T00:00:00.000Z | 2026-06-11T11:57:15Z | 2026-05-12T00:29:08Z | 2026-05-18T13:23:54Z | 2026-05-25T13:08:59Z | 2026-06-01T13:20:32Z | 2026-06-08T13:20:12Z"
"MA","Massachusetts","33a12b2a-29eb-4b7d-8b5c-61a2c86cb916","Mesou Lai DDS MS","-71.10511","42.337631","dentist","hospital | health_and_medical","300 Longwood Ave","Boston","02115","MA","US","6173556571","","https://www.childrenshospital.org/directory/physicians/l/mesou-lai","","","0.9199122190475464","open","8","Microsoft | Overture | Overture-signals","CDLA-Permissive-2.0","2024-04-17T10:47:23.920Z | 2026-06-11T11:57:15Z | 2026-05-12T00:29:08Z | 2026-05-18T13:23:54Z | 2026-05-25T13:08:59Z | 2026-06-01T13:20:32Z | 2026-06-08T13:20:12Z"
"MA","Massachusetts","33a440f1-426d-44ae-a378-2352307689fa","Cape Cod Braces","-70.2891335356684","41.648357996872","dentist","","429 South Street","Hyannis","02601","MA","US","(508) 771-1415","","http://capecodbraces.com","","","0.77","","1","Foursquare | Overture","Apache-2.0 | CDLA-Permissive-2.0","2026-04-13T00:00:00.000 | 2026-06-11T11:57:15Z"
"MA","Massachusetts","33b0ccb1-3403-4822-a760-77f8d5c80c3d","Michel Andre Jusseaume","-71.0917738629474","41.568613738458","dentist","","1021 Main Rd","Westport","02790","MA","US","(508) 636-5111","jusseaume.wendell@gmail.com","http://www.greatwestportsmiles.com","https://www.facebook.com/105125622885939","","0.9199122190475464","open","4","Foursquare | Overture | Overture-signals","Apache-2.0 | CDLA-Permissive-2.0","2025-08-22T00:00:00.000 | 2026-06-11T11:57:15Z | 2026-05-12T00:29:08Z | 2026-05-18T13:23:54Z | 2026-05-25T13:08:59Z | 2026-06-01T13:20:32Z | 2026-06-08T13:20:12Z"
"MA","Massachusetts","33c6f73f-3ed7-431a-a434-96fe6bd299f9","Inspired Dental Wellness","-73.247611999512","42.303409343166","dentist","","33 Park St","Lee","01238-1752","MA","US","+14132431222","info@inspireddentalwellness.com","http://www.inspireddentalwellness.com/","https://www.facebook.com/311818385354203","","0.7758014798164368","","7","meta | Overture","CDLA-Permissive-2.0","2026-04-27T00:00:00.000Z | 2026-06-11T11:57:15Z"
"MA","Massachusetts","33db3915-c0a6-4047-8163-11cf394a7ac5","A House Full of Smiles","-71.3161034168382","42.1301525312302","dentist","","124 Boardman St","Norfolk","02056","MA","US","(508) 520-9225","","https://housefullofsmiles.com","https://www.facebook.com/382309091862852","","0.9902192950248718","open","4","Foursquare | Overture | Overture-signals","Apache-2.0 | CDLA-Permissive-2.0","2021-02-13T00:00:00.000 | 2026-06-11T11:57:15Z | 2026-05-12T00:29:08Z | 2026-05-18T13:23:54Z | 2026-05-25T13:08:59Z | 2026-06-01T13:20:32Z | 2026-06-08T13:20:12Z"
"MA","Massachusetts","33ddad38-8657-49d1-ba26-de93fc88724b","Dr. Daniel Greenstein","-70.84386841","41.99485729","dentist","health_and_medical | cosmetic_dentist","Shelby Plaza, 284 Monponsett St","Halifax","02338-1404","MA","US","+17812937188","","https://www.dentalinsurance.com/dir/dr-daniel-greenstein-dentist...","https://www.facebook.com/239406192878337","DentalInsurance.com","0.9564825296401978","","9","meta | Overture","CDLA-Permissive-2.0","2026-04-27T00:00:00.000Z | 2026-06-11T11:57:15Z"
"MA","Massachusetts","34024cf3-8cf6-4f55-8e46-c1f7d9dfb713","1010 Dental On Elm","-71.80927635","42.26537882","dentist","general_dentistry | health_and_medical","70 Elm St","Worcester","01609-2300","MA","US","+15087551293","office@1010dental.com","http://www.1010dental.com/","https://www.facebook.com/371112726428599","","0.9902192950248718","open","8","meta | Overture | Overture-signals","CDLA-Permissive-2.0","2026-04-27T00:00:00.000Z | 2026-06-11T11:57:15Z | 2026-05-12T00:29:08Z | 2026-05-18T13:23:54Z | 2026-05-25T13:08:59Z | 2026-06-01T13:20:32Z | 2026-06-08T13:20:12Z"
"MA","Massachusetts","342ad870-d3c4-4431-bf9e-855136ac1860","Town Hall Dental Spa","-70.61736695","41.55223093","dentist","cosmetic_dentist | medical_spa","107 Town Hall Sq","Falmouth","02540-2783","MA","US","+15085482442","info@townhalldentalspa.com","http://www.townhalldentalspa.com/","https://www.facebook.com/108512688003467","","0.9902192950248718","open","8","meta | Overture | Overture-signals","CDLA-Permissive-2.0","2026-04-27T00:00:00.000Z | 2026-06-11T11:57:15Z | 2026-05-12T00:29:08Z | 2026-05-18T13:23:54Z | 2026-05-25T13:08:59Z | 2026-06-01T13:20:32Z | 2026-06-08T13:20:12Z"
"MA","Massachusetts","34346a60-0eb4-46fb-b94a-68f6b795cb4e","Dr. Zajac & Associates","-71.87054529","42.05790492","dentist","health_and_medical | doctor","6 Slater St","Webster","01570-2350","MA","US","+15089438111","","","https://www.facebook.com/2015761365317795","","0.9147176742553711","","7","meta | Overture","CDLA-Permissive-2.0","2026-04-27T00:00:00.000Z | 2026-06-11T11:57:15Z"
"MA","Massachusetts","34780eba-d428-482e-992d-cf343b7691bb","Cedarwood Dental Care","-71.01201658","42.42518002","dentist","general_dentistry | medical_service_organizations","252 Squire Rd","Revere","02151-4311","MA","US","+17812861620","cedarwooddentalcare@gmail.com","https://app.nexhealth.com/appt/Cedar_Wood_Dental_Care?lid=73487","https://www.facebook.com/688146744655896","Cedarwood Dental Care","0.9199122190475464","open","9","meta | Overture | Overture-signals","CDLA-Permissive-2.0","2026-04-27T00:00:00.000Z | 2026-06-11T11:57:15Z | 2026-05-12T00:29:08Z | 2026-05-18T13:23:54Z | 2026-05-25T13:08:59Z | 2026-06-01T13:20:32Z | 2026-06-08T13:20:12Z"
"MA","Massachusetts","34a28289-e66b-4ecb-b156-b1a521d7e617","Gentle Dental Norwood","-71.19042186","42.17862123","dentist","general_dentistry | health_and_medical","980 Boston Providence Tpke","Norwood","02062-5002","MA","US","+17814513135","gentledentalnorwood@42northdental.com","https://www.gentledental.com/dental-offices/ma/norwood","https://www.facebook.com/977044892391308","Gentle Dental","0.9199122190475464","open","9","meta | Overture | Overture-signals","CDLA-Permissive-2.0","2026-04-27T00:00:00.000Z | 2026-06-11T11:57:15Z | 2026-05-12T00:29:08Z | 2026-05-18T13:23:54Z | 2026-05-25T13:08:59Z | 2026-06-01T13:20:32Z | 2026-06-08T13:20:12Z"
"MA","Massachusetts","34c3e70e-b21e-4c3c-9ce6-87175a5fa028","Dental Park","-71.15922665","42.24805925","dentist","general_dentistry","211 High St","Dedham","02026-2852","MA","US","+17813266260","info@dentalparkcare.com","http://dentalparkcare.com/","https://www.facebook.com/646057662542877","","0.9985528320074082","","9","meta | Overture","CDLA-Permissive-2.0","2026-04-27T00:00:00.000Z | 2026-06-11T11:57:15Z"
"MA","Massachusetts","34f2ca86-53e3-46d1-9071-ab75cc0c4f8b","Pleasant St Dental","-72.51176542","42.0648578","dentist","health_and_medical | teeth_whitening","10 Pleasant St","East Longmeadow","01028-2420","MA","US","+14135250955","frontdeskdrduong@gmail.com","http://www.dramystgermaindentist.com","https://www.facebook.com/128201410586700","","0.9199122190475464","open","9","meta | Overture | Overture-signals","CDLA-Permissive-2.0","2026-04-27T00:00:00.000Z | 2026-06-11T11:57:15Z | 2026-05-12T00:29:08Z | 2026-05-18T13:23:54Z | 2026-05-25T13:08:59Z | 2026-06-01T13:20:32Z | 2026-06-08T13:20:12Z"
"MA","Massachusetts","3544e2cb-b6f2-43fd-ba8b-755468ba8e85","Brookline Dental Specialists","-71.11986622","42.34123144","dentist","general_dentistry","21 Longwood Ave","Brookline","02446-5239","MA","US","+16177380806","info@brookline-dental.com","http://www.brookline-dental.com/","https://www.facebook.com/100792156646856","Brookline Dental Specialists","0.9902192950248718","open","9","meta | Overture | Overture-signals","CDLA-Permissive-2.0","2026-04-27T00:00:00.000Z | 2026-06-11T11:57:15Z | 2026-05-12T00:29:08Z | 2026-05-18T13:23:54Z | 2026-05-25T13:08:59Z | 2026-06-01T13:20:32Z | 2026-06-08T13:20:12Z"
"MA","Massachusetts","3552b486-258d-48f2-b6a9-0782e242fe95","Quincy Dentist","-71.004675","42.256441","dentist","health_and_medical | hospital","44 Greenleaf St","Quincy","02169-4411","MA","US","+16174796220","office@jfdentalpc.com","http://www.quincydentist.com/contact-us","https://www.facebook.com/124369571030156","Quincy Dentist","0.9514247179031372","","8","meta | Overture","CDLA-Permissive-2.0","2026-04-27T00:00:00.000Z | 2026-06-11T11:57:15Z"
"MA","Massachusetts","3573ee19-a4b8-48cf-8f55-11f1be540305","Unique Dental Care","-71.31919162","41.97442219","dentist","cosmetic_dentist | endodontist","380 Elm St","North Attleboro","02760-3314","MA","US","+15083998800","uniquedentalcare@gmail.com","http://uniquedental.care/","https://www.facebook.com/288515974567575","","0.9199122190475464","open","7","meta | Overture | Overture-signals","CDLA-Permissive-2.0","2026-04-27T00:00:00.000Z | 2026-06-11T11:57:15Z | 2026-05-12T00:29:08Z | 2026-05-18T13:23:54Z | 2026-05-25T13:08:59Z | 2026-06-01T13:20:32Z | 2026-06-08T13:20:12Z"
"MA","Massachusetts","3582be18-f7d1-4919-b19d-09ea6d9665f4","Dr. Ficarelli","-71.1800990843076","42.3187917955202","dentist","","300 Boylston St","Chestnut Hill","02467","MA","US","(617) 232-7100","","https://www.boylstonstreetdental.com","","","0.9199122190475464","open","4","Foursquare | Overture | Overture-signals","Apache-2.0 | CDLA-Permissive-2.0","2024-10-16T00:00:00.000 | 2026-06-11T11:57:15Z | 2026-05-12T00:29:08Z | 2026-05-18T13:23:54Z | 2026-05-25T13:08:59Z | 2026-06-01T13:20:32Z | 2026-06-08T13:20:12Z"
"MA","Massachusetts","35a18292-99af-4c86-b7ab-b01eec7a27ce","H.F. Wehbe, DDS, DMD","-71.1672422618087","42.2753826508048","dentist","","172 Spring St","Boston","02132","MA","US","(617) 323-5000","wehbedmd@gmail.com","https://www.familydental.com","","","0.77","","5","Foursquare | Overture","Apache-2.0 | CDLA-Permissive-2.0","2026-01-22T00:00:00.000 | 2026-06-11T11:57:15Z"
"MA","Massachusetts","35d79b47-da8d-4a6d-ab41-84b5e4c4ae20","Main Street Dental Care","-71.08106304","42.78764966","dentist","general_dentistry | health_and_medical","483 Main St","Haverhill","01830-3221","MA","US","+19783747381","dr.clancyboynton@ms-dc.com","http://www.haverhillsedationdentistry.com/","https://www.facebook.com/122115541223787","","0.9199122190475464","open","7","meta | Overture | Overture-signals","CDLA-Permissive-2.0","2026-04-27T00:00:00.000Z | 2026-06-11T11:57:15Z | 2026-05-12T00:29:08Z | 2026-05-18T13:23:54Z | 2026-05-25T13:08:59Z | 2026-06-01T13:20:32Z | 2026-06-08T13:20:12Z"
"MA","Massachusetts","3610bca9-4dc0-401f-bd16-c0a871553479","Nardi Family Dental","-72.50355143","42.09572552","dentist","general_dentistry","275 Bicentennial Hwy","Springfield","01118-1900","MA","US","+14134269632","dpnfamilydentistry@gmail.com","http://www.drnardidds.com/","https://www.facebook.com/142764182559002","","0.9977323418855667","","6","meta | Overture","CDLA-Permissive-2.0","2026-04-27T00:00:00.000Z | 2026-06-11T11:57:15Z"
"MA","Massachusetts","361b1d2a-da41-4b3a-b65a-98e51346259d","Amazing Family Dental","-71.19589213","42.73623908","dentist","general_dentistry","436 Broadway","Methuen","01844-2052","MA","US","+19786821002","staff@myamazingfamilydental.com","http://www.myamazingfamilydental.com/","https://www.facebook.com/118041759583326","","0.9199122190475464","open","9","meta | Overture | Overture-signals","CDLA-Permissive-2.0","2026-04-27T00:00:00.000Z | 2026-06-11T11:57:15Z | 2026-05-12T00:29:08Z | 2026-05-18T13:23:54Z | 2026-05-25T13:08:59Z | 2026-06-01T13:20:32Z | 2026-06-08T13:20:12Z"
"MA","Massachusetts","3626e14d-c213-439c-9ee0-a2c2577c06f4","Dent Plant of Framingham","-71.41689004","42.2785203","dentist","oral_surgeon","100 Concord St","Framingham","01702-8328","MA","US","+15088722624","","http://dentplant.net","https://www.facebook.com/316259755065790","","0.9199122190475464","open","8","meta | Overture | Overture-signals","CDLA-Permissive-2.0","2026-04-27T00:00:00.000Z | 2026-06-11T11:57:15Z | 2026-05-12T00:29:08Z | 2026-05-18T13:23:54Z | 2026-05-25T13:08:59Z | 2026-06-01T13:20:32Z | 2026-06-08T13:20:12Z"
"MA","Massachusetts","36a07e3e-4b39-410b-8fcb-ca7dc1201c99","Trans Dental","-71.0372285593181","42.3908714389107","dentist","","Broadway","Chelsea","02150","MA","US","(617) 884-0165","","https://www.transdentalcare.net","https://www.facebook.com/149440288432452","","0.77","","5","Foursquare | Overture","Apache-2.0 | CDLA-Permissive-2.0","2020-10-16T00:00:00.000 | 2026-06-11T11:57:15Z"
"MA","Massachusetts","36a0869f-1e68-4f07-9734-9f3db1705c6a","Dr Mariam Ghavamian","-71.1176128021759","42.3427956078926","dentist","","1247 Beacon St Ste 1","Brookline","02446","MA","US","(617) 738-0806","","https://www.brookline-dental.com","","","0.9199122190475464","open","4","Foursquare | Overture | Overture-signals","Apache-2.0 | CDLA-Permissive-2.0","2025-08-22T00:00:00.000 | 2026-06-11T11:57:15Z | 2026-05-12T00:29:08Z | 2026-05-18T13:23:54Z | 2026-05-25T13:08:59Z | 2026-06-01T13:20:32Z | 2026-06-08T13:20:12Z"
"MA","Massachusetts","36c90158-7352-46b5-8f72-ff72b70f5b9e","Goldfarb & Goldfarb","-71.1251392712072","42.3446524038352","dentist","","367 Harvard St","Brookline","02446","MA","US","(617) 277-1112","ggdental@aol.com","http://www.goldfarbandgoldfarb.com","https://www.facebook.com/122561157802436","","0.9199122190475464","open","4","Foursquare | Overture | Overture-signals","Apache-2.0 | CDLA-Permissive-2.0","2024-07-10T00:00:00.000 | 2026-06-11T11:57:15Z | 2026-05-12T00:29:08Z | 2026-05-18T13:23:54Z | 2026-05-25T13:08:59Z | 2026-06-01T13:20:32Z | 2026-06-08T13:20:12Z"
"MA","Massachusetts","36ccdd7c-9c1c-4f3c-812a-1752c24dd782","Tremont Dental Care","-71.07490503","42.34231363","dentist","general_dentistry | doctor","635 Tremont St","Boston","02118-1346","MA","US","+16174240606","info@tremontdentalcare.com","http://tremontdentalcare.com/online-consult/","https://www.facebook.com/192330784135893","","0.9902192950248718","open","8","meta | Overture | Overture-signals","CDLA-Permissive-2.0","2026-04-27T00:00:00.000Z | 2026-06-11T11:57:15Z | 2026-05-12T00:29:08Z | 2026-05-18T13:23:54Z | 2026-05-25T13:08:59Z | 2026-06-01T13:20:32Z | 2026-06-08T13:20:12Z"
"MA","Massachusetts","36cd9e0b-0e92-4c7b-92e0-f822e6cc23a6","Locke and White Dental Associates","-70.8740737845448","42.28303795119","dentist","","529 Nantasket Ave","Hull","02045","MA","US","(781) 925-5100","","http://www.lockeandwhitedmd.com","https://www.facebook.com/163057023754090","","0.77","","5","Foursquare | Overture","Apache-2.0 | CDLA-Permissive-2.0","2025-08-22T00:00:00.000 | 2026-06-11T11:57:15Z"
"MA","Massachusetts","36ea8268-d142-400d-b50b-36932d28822f","Robert W. Shamey","-72.2627235","42.24898185","dentist","doctor | medical_service_organizations","244 West St","Ware","01082-9748","MA","US","+14139674550","drshamey230@gmail.com","http://www.drshamey.com/","https://www.facebook.com/1446212665642717","Robert W. Shamey, DMD","0.9199122190475464","open","9","meta | Overture | Overture-signals","CDLA-Permissive-2.0","2026-04-27T00:00:00.000Z | 2026-06-11T11:57:15Z | 2026-05-12T00:29:08Z | 2026-05-18T13:23:54Z | 2026-05-25T13:08:59Z | 2026-06-01T13:20:32Z | 2026-06-08T13:20:12Z"
"MA","Massachusetts","36f3e841-ab5e-4818-bbd2-ccf93ffd8434","Michael J. Williams: Periodontist","-73.2550505319298","42.4461627846376","dentist","","South St, Pittsfield, MA 01201","Pittsfield","01201","MA","US","(413) 442-7855","","http://www.berkshireperio.com","","","0.77","","5","Foursquare | Overture","Apache-2.0 | CDLA-Permissive-2.0","2025-08-18T00:00:00.000 | 2026-06-11T11:57:15Z"
"MA","Massachusetts","3704ef8d-d16b-44c1-a58e-6cfaac6f63aa","Mondovi Dental","-72.76441611","42.06511709","dentist","general_dentistry | health_and_medical","627 College Hwy","Southwick","01077-9828","MA","US","+14135693170","southwick@mondovidental.com","https://www.mondovidental.com/locations/massachusetts-dental-centers/southwick-ma/","https://www.facebook.com/469631826580137","OneDent Of Westchester","0.9199122190475464","open","8","meta | Overture | Overture-signals","CDLA-Permissive-2.0","2026-04-27T00:00:00.000Z | 2026-06-11T11:57:15Z | 2026-05-12T00:29:08Z | 2026-05-18T13:23:54Z | 2026-05-25T13:08:59Z | 2026-06-01T13:20:32Z | 2026-06-08T13:20:12Z"
"MA","Massachusetts","370aaeb0-39a5-4409-9b25-07824fe51ef6","Larry A. Johnson, DDS, PC","-72.068819","42.113165","dentist","periodontist | doctor","69 Hall Rd","Sturbridge","01566-1519","MA","US","+15083472673","info@drlarryjohnson.com","http://www.drlarryjohnson.com/","https://www.facebook.com/447602058658797","","0.9199122190475464","open","9","meta | Overture | Overture-signals","CDLA-Permissive-2.0","2026-04-27T00:00:00.000Z | 2026-06-11T11:57:15Z | 2026-05-12T00:29:08Z | 2026-05-18T13:23:54Z | 2026-05-25T13:08:59Z | 2026-06-01T13:20:32Z | 2026-06-08T13:20:12Z"
"MA","Massachusetts","3765c997-19a3-4a6f-8838-46bee14ef61e","Brandon L Cairo, DMD","-71.81011443","42.30473504","dentist","general_dentistry | health_and_medical","102 Shore Dr","Worcester","01605-2459","MA","US","+15088525200","reception@drcairo.com","http://www.drcairo.com/","https://www.facebook.com/143176135802636","","0.9199122190475464","open","9","meta | Overture | Overture-signals","CDLA-Permissive-2.0","2026-04-27T00:00:00.000Z | 2026-06-11T11:57:15Z | 2026-05-12T00:29:08Z | 2026-05-18T13:23:54Z | 2026-05-25T13:08:59Z | 2026-06-01T13:20:32Z | 2026-06-08T13:20:12Z"
"MA","Massachusetts","37810bed-cc20-4995-8eb9-a71a97dc4931","Dental Implants Cambridge","-71.07835273","42.37076454","dentist","cosmetic_dentist","160 Cambridge St","Cambridge","02141-1819","MA","US","+18667343374","eastcambridgedentalgroup@gmail.com","https://www.avalondentalcenter.com/dental-implants","https://www.facebook.com/106367181640045","Avalon Dental Center","0.9382867217063904","","8","meta | Overture","CDLA-Permissive-2.0","2026-04-27T00:00:00.000Z | 2026-06-11T11:57:15Z"
"MA","Massachusetts","379ac3c2-7ab7-4355-b998-a1db0d228d4b","Weiler  Walkley & Assoc","-70.036745702043","41.7232696835912","dentist","","527 Long Pond Dr","Harwich","02645","MA","US","(508) 430-0000","","http://www.weilerandwalkley.com","https://www.facebook.com/129085477109319","","0.9199122190475464","open","4","Foursquare | Overture | Overture-signals","Apache-2.0 | CDLA-Permissive-2.0","2025-08-22T00:00:00.000 | 2026-06-11T11:57:15Z | 2026-05-12T00:29:08Z | 2026-05-18T13:23:54Z | 2026-05-25T13:08:59Z | 2026-06-01T13:20:32Z | 2026-06-08T13:20:12Z"
"MA","Massachusetts","37ae7e6c-88a4-44eb-bdf3-e933df327558","Kingston Bay Dentistry","-70.73026927","42.01211932","dentist","general_dentistry","187 Summer St","Kingston","02364","MA","US","+17815822300","hollisdentistry@icloud.com","http://www.hollis-dentistry.com","https://www.facebook.com/486609684729004","","0.9902192950248718","open","8","meta | Overture | Overture-signals","CDLA-Permissive-2.0","2026-04-27T00:00:00.000Z | 2026-06-11T11:57:15Z | 2026-05-12T00:29:08Z | 2026-05-18T13:23:54Z | 2026-05-25T13:08:59Z | 2026-06-01T13:20:32Z | 2026-06-08T13:20:12Z"
"MA","Massachusetts","37efe90a-c9df-4711-bc1e-a0fc935692bd","Raynham Family Dental","-71.0803453","41.93821922","dentist","health_and_medical | cosmetic_dentist","302 Broadway","Raynham","02767-1439","MA","US","+15088247211","","http://raynhamdental.com/","https://www.facebook.com/108084492664063","","0.9902192950248718","open","7","meta | Overture | Overture-signals","CDLA-Permissive-2.0","2026-04-27T00:00:00.000Z | 2026-06-11T11:57:15Z | 2026-05-12T00:29:08Z | 2026-05-18T13:23:54Z | 2026-05-25T13:08:59Z | 2026-06-01T13:20:32Z | 2026-06-08T13:20:12Z"
"MA","Massachusetts","37f138d9-1be2-4195-ae0c-5c36dd0f0f49","Jeffrey David Stone","-71.3022494280152","42.6451341777146","dentist","","33 Bartlett St Ste 405","Lowell","01852","MA","US","(978) 458-1264","desk@lowelloralsurgery.com","http://www.lowelloralsurgery.com","","","0.9199122190475464","open","4","Foursquare | Overture | Overture-signals","Apache-2.0 | CDLA-Permissive-2.0","2025-08-22T00:00:00.000 | 2026-06-11T11:57:15Z | 2026-05-12T00:29:08Z | 2026-05-18T13:23:54Z | 2026-05-25T13:08:59Z | 2026-06-01T13:20:32Z | 2026-06-08T13:20:12Z"
"MA","Massachusetts","37fb1a24-ae04-47ff-a8f0-db0ca56b45a4","Kevin J Wendell, DDS","-71.0917738629474","41.568613738458","dentist","","1021 Main Rd","Westport","02790","MA","US","(508) 636-5111","","http://www.greatwestportsmiles.com","","","0.9199122190475464","open","4","Foursquare | Overture | Overture-signals","Apache-2.0 | CDLA-Permissive-2.0","2025-11-19T00:00:00.000 | 2026-06-11T11:57:15Z | 2026-05-12T00:29:08Z | 2026-05-18T13:23:54Z | 2026-05-25T13:08:59Z | 2026-06-01T13:20:32Z | 2026-06-08T13:20:12Z"
"MA","Massachusetts","38477432-6e8c-444d-ac6e-2e442e292a19","Suhair A. Shamoon, DMD, Dentist - Leading Physician of the World","-71.15848","41.69016","dentist","endodontist | orthodontist","920 Plymouth Ave","Fall River","02721-1944","MA","US","+15086726471","office@dentistrywithasmile.com","http://dentistrywithasmile.com/","https://www.facebook.com/1537580889802573","Dentistry with a Smile, LLC","0.6747159957885742","","8","meta | Overture","CDLA-Permissive-2.0","2026-04-27T00:00:00.000Z | 2026-06-11T11:57:15Z"
"MA","Massachusetts","3858294d-5cf9-41a3-a89d-b4938e7f9bdb","family dentistry","-71.0597769684241","42.3007225363492","dentist","","1470 Dorchester Ave","Dorchester","02122","MA","US","(617) 379-3360","dorchesterdds@hotmail.com","https://www.greaterbostondental.com","","","0.77","","5","Foursquare | Overture","Apache-2.0 | CDLA-Permissive-2.0","2025-09-14T00:00:00.000 | 2026-06-11T11:57:15Z"
"MA","Massachusetts","3887b845-3ec7-474f-8d97-2fa0a7bdb0e8","Motto Clear Aligners","-71.1598587","41.6714859","dentist","health_and_medical","824 William S Canning Blvd","Fall River","02721","MA","US","5087301800","","https://www.aspendental.com/dentist/ma/fall-river/824-william-s-canning-blvd-a/motto-clear-aligners/","","","0.9199122190475464","open","6","Microsoft | Overture | Overture-signals","CDLA-Permissive-2.0","2025-10-03T21:18:37.180Z | 2026-06-11T11:57:15Z | 2026-05-12T00:29:08Z | 2026-05-18T13:23:54Z | 2026-05-25T13:08:59Z | 2026-06-01T13:20:32Z | 2026-06-08T13:20:12Z"
"MA","Massachusetts","38cc4529-cd68-43b2-a411-2051fab75c90","Dr. Daniel W. K. Kao DMD","-71.1040413379669","42.5148714235752","dentist","","161 Ash Street, Suite B","Reading","01867","MA","US","(781) 944-6761","","https://www.readingdentalma.com","","","0.77","","3","Foursquare | Overture","Apache-2.0 | CDLA-Permissive-2.0","2025-12-15T00:00:00.000 | 2026-06-11T11:57:15Z"
"MA","Massachusetts","38cda76f-73e7-45a4-abf8-7d5aebe01601","Dr. Neide Coutinho and Associates","-71.42578885","42.29092874","dentist","general_dentistry","435 Union Ave","Framingham","01702-5852","MA","US","+15086289888","office@drcoutinho.com","http://www.drcoutinho.com/","https://www.facebook.com/277066859036160","","0.9754438996315002","","9","meta | Overture","CDLA-Permissive-2.0","2026-04-27T00:00:00.000Z | 2026-06-11T11:57:15Z"
"MA","Massachusetts","38e4b0b9-351c-41b4-8463-1fdaf1caa30c","Northbridge Smiles","-71.64746298","42.12456323","dentist","general_dentistry | health_and_medical","1167 Providence Rd","Whitinsville","01588-2195","MA","US","+15084440110","yaritza@northbridgesmiles.com","http://www.northbridgesmiles.com/","https://www.facebook.com/161849021211499","","0.9199122190475464","open","7","meta | Overture | Overture-signals","CDLA-Permissive-2.0","2026-04-27T00:00:00.000Z | 2026-06-11T11:57:15Z | 2026-05-12T00:29:08Z | 2026-05-18T13:23:54Z | 2026-05-25T13:08:59Z | 2026-06-01T13:20:32Z | 2026-06-08T13:20:12Z"
"MA","Massachusetts","38e69b5b-8b63-4822-82f6-a5318aca4d04","Diamond Dental - Malden","-71.065592","42.424244","dentist","endodontist | pediatric_dentist","70 Eastern Ave","Malden","02148-5014","MA","US","+17813380818","diamonddentalmass@gmail.com","http://diamonddentalmass.com/contact-us/","https://www.facebook.com/1286091751467603","","0.9975269800424575","","10","meta | Overture","CDLA-Permissive-2.0","2026-04-27T00:00:00.000Z | 2026-06-11T11:57:15Z"
"MA","Massachusetts","3913cea3-64f2-4f34-a4dd-e5d214165886","Marion Dental Health Associates","-70.76655349","41.70296901","dentist","general_dentistry | medical_service_organizations","3 Spring St","Marion","02738-1503","MA","US","+15087480744","office@mariondentalhealth.com","https://www.mariondentalhealth.com/","https://www.facebook.com/367867810643223","Marion Dental Health Associates","0.9199122190475464","open","8","meta | Overture | Overture-signals","CDLA-Permissive-2.0","2026-04-27T00:00:00.000Z | 2026-06-11T11:57:15Z | 2026-05-12T00:29:08Z | 2026-05-18T13:23:54Z | 2026-05-25T13:08:59Z | 2026-06-01T13:20:32Z | 2026-06-08T13:20:12Z"
"MA","Massachusetts","39b49560-b067-4af6-bb8b-3bd3f3127abb","Candace Cox","-71.0342794447081","41.9028048431961","dentist","","166 Paramount Dr","Raynham","02767","MA","US","(508) 880-0802","","http://www.ecdentaldesign.com","","","0.9199122190475464","open","4","Foursquare | Overture | Overture-signals","Apache-2.0 | CDLA-Permissive-2.0","2025-08-19T00:00:00.000 | 2026-06-11T11:57:15Z | 2026-05-12T00:29:08Z | 2026-05-18T13:23:54Z | 2026-05-25T13:08:59Z | 2026-06-01T13:20:32Z | 2026-06-08T13:20:12Z"
"MA","Massachusetts","39d13a48-b500-497b-90fb-14edc362f02b","Merry Dental, PC: Marjan Fakhri, DMD","-71.2736189766865","42.5662217148089","dentist","health_and_medical","337 Boston Rd","Billerica","01821","MA","US","9786633321","","https://merrydentalpc.com/?y_source=1_MzA5NTIzNzAtNzI5LWxvY2F0aW9uLndlYnNpdGU%3D","","","0.85","","1","Microsoft | Overture","CDLA-Permissive-2.0","2024-11-18T05:09:21.477Z | 2026-06-11T11:57:15Z"
"MA","Massachusetts","39d7a08e-645e-4756-a5f7-1b06228d6f0c","Ellen Jones Community Dental Center","-70.15021434","41.69458504","dentist","general_dentistry | health_and_medical","Patriot Square, 492 Route 134","South Dennis","02660","MA","US","+15087785400","","http://www.hhsi.us/cape-cod/ellen-jones-community-dental-center/","https://www.facebook.com/307254502756747","","0.9902192950248718","open","8","meta | Overture | Overture-signals","CDLA-Permissive-2.0","2026-04-27T00:00:00.000Z | 2026-06-11T11:57:15Z | 2026-05-12T00:29:08Z | 2026-05-18T13:23:54Z | 2026-05-25T13:08:59Z | 2026-06-01T13:20:32Z | 2026-06-08T13:20:12Z"
"MA","Massachusetts","39e795a4-87c4-4e54-81c5-115f96bcca24","Orange Dental Group","-72.30758591","42.59130018","dentist","medical_service_organizations | health_and_medical","9 Grove St","Orange","01364-1009","MA","US","+19785443515","infoorangedental1@verizon.net","http://www.orangedentalgroup.net/","https://www.facebook.com/1593751330898153","Orange Dental Group","0.9199122190475464","open","8","meta | Overture | Overture-signals","CDLA-Permissive-2.0","2026-04-27T00:00:00.000Z | 2026-06-11T11:57:15Z | 2026-05-12T00:29:08Z | 2026-05-18T13:23:54Z | 2026-05-25T13:08:59Z | 2026-06-01T13:20:32Z | 2026-06-08T13:20:12Z"
"MA","Massachusetts","39f085d9-8ac5-4e4b-b356-1735cfe5d2a4","Dentistry By Design","-71.13945245","42.65611092","dentist","general_dentistry | doctor","19 Barnard St","Andover","01810-3601","MA","US","+19784755333","dentistrybydesign@smileandover.com","http://www.smileandover.com/","https://www.facebook.com/542241745882866","Smile Design Dentistry","0.9199122190475464","open","9","meta | Overture | Overture-signals","CDLA-Permissive-2.0","2026-04-27T00:00:00.000Z | 2026-06-11T11:57:15Z | 2026-05-12T00:29:08Z | 2026-05-18T13:23:54Z | 2026-05-25T13:08:59Z | 2026-06-01T13:20:32Z | 2026-06-08T13:20:12Z"
"MA","Massachusetts","39fa30f5-bc87-4275-ab97-587cb20ac9bf","1st Advantage Dental","-72.4862701","42.35617544","dentist","general_dentistry | health_and_medical","31 Hall Dr","Amherst","01002-2751","MA","US","+14134667206","1stadamherst@mydentalmail.com","https://1stadvantagedentalamherst.com/","https://www.facebook.com/1893435480892195","Dental Health Society online","0.9902192950248718","open","10","meta | Overture | Overture-signals","CDLA-Permissive-2.0","2026-04-27T00:00:00.000Z | 2026-06-11T11:57:15Z | 2026-05-12T00:29:08Z | 2026-05-18T13:23:54Z | 2026-05-25T13:08:59Z | 2026-06-01T13:20:32Z | 2026-06-08T13:20:12Z"
"MA","Massachusetts","3a018d16-7023-4e42-a6fd-dfa03a35a34a","Valdemar Welz, DMD","-71.0905892486892","42.3485829210911","dentist","","398 Commonwealth Ave","Boston","02215","MA","US","(617) 262-3737","","https://www.drwelz.com","https://www.facebook.com/496403923779005","","0.9199122190475464","open","4","Foursquare | Overture | Overture-signals","Apache-2.0 | CDLA-Permissive-2.0","2021-02-23T00:00:00.000 | 2026-06-11T11:57:15Z | 2026-05-12T00:29:08Z | 2026-05-18T13:23:54Z | 2026-05-25T13:08:59Z | 2026-06-01T13:20:32Z | 2026-06-08T13:20:12Z"
"MA","Massachusetts","3a0449dd-27c1-44f4-ac02-c45bbc8569d3","Crystal Family Dental","-70.97854262","41.99130044","dentist","cosmetic_dentist | general_dentistry","23 Union St","Bridgewater","02324-1412","MA","US","+15086976596","crystalfamilydental2@gmail.com","https://crystalfamilydental.net/","https://www.facebook.com/178983501955505","Crystal Family Dental Care","0.9199122190475464","open","8","meta | Overture | Overture-signals","CDLA-Permissive-2.0","2026-04-27T00:00:00.000Z | 2026-06-11T11:57:15Z | 2026-05-12T00:29:08Z | 2026-05-18T13:23:54Z | 2026-05-25T13:08:59Z | 2026-06-01T13:20:32Z | 2026-06-08T13:20:12Z"
