"state_code","state","id","name","longitude","latitude","primary_category","alternate_categories","address","locality","postcode","region","country","phones","emails","websites","socials","brand","confidence","operating_status","version","source_datasets","source_licenses","source_update_times"
"MI","Michigan","00118011-ec30-4e2b-b296-56758900a74f","Dr Kenneth E Grove Jr DDS","-84.26186601","43.65473014","dentist","endodontist | family_practice","2821 W Wackerly St","Midland","48640-6995","MI","US","+19896318790","","http://www.healthgrades.com/dentist/dr-kenneth-grove-yvq6v","https://www.facebook.com/169566866386724","","0.9770647287368774","","7","meta | Overture","CDLA-Permissive-2.0","2026-04-27T00:00:00.000Z | 2026-06-11T11:57:15Z"
"MI","Michigan","002c36d9-4437-45f7-9533-047f852ce4b6","Harkema David J DMD PC","-84.74972476","42.74103883","dentist","general_dentistry | health_and_medical","100 W Saginaw Hwy","Grand Ledge","48837-1800","MI","US","+15176277000","drharkemadmd@gmail.com","http://www.grandledgedentist.com/","https://www.facebook.com/312971824592","","0.9199122190475464","open","7","meta | Overture | Overture-signals","CDLA-Permissive-2.0","2026-04-27T00:00:00.000Z | 2026-06-11T11:57:15Z | 2026-05-12T00:29:08Z | 2026-05-18T13:23:54Z | 2026-05-25T13:08:59Z | 2026-06-01T13:20:32Z | 2026-06-08T13:20:12Z"
"MI","Michigan","003280ee-616a-455f-ab9d-b01836e6026a","Dearborn Oral and Maxillofacial","-83.24607245","42.29764097","dentist","oral_surgeon | hospital","2120 Monroe St","Dearborn","48124-2923","MI","US","+13135625800","","http://www.dearbornoralmaxillofacial.net","https://www.facebook.com/125535857501081","","0.9731820225715637","","9","meta | Overture","CDLA-Permissive-2.0","2026-04-27T00:00:00.000Z | 2026-06-11T11:57:15Z"
"MI","Michigan","0050a09b-8595-45f8-b976-7cdda7798ab1","Wesley Orthodontics","-82.908752","42.434903","dentist","","20155 Mack Ave","Grosse Pointe Woods","48236","MI","US","(313) 640-7777","","http://www.wesleyortho.com","","","0.9199122190475464","open","4","Foursquare | Overture | Overture-signals","Apache-2.0 | CDLA-Permissive-2.0","2025-08-19T00:00:00.000 | 2026-06-11T11:57:15Z | 2026-05-12T00:29:08Z | 2026-05-18T13:23:54Z | 2026-05-25T13:08:59Z | 2026-06-01T13:20:32Z | 2026-06-08T13:20:12Z"
"MI","Michigan","00740b19-d696-4a6b-b46a-92878689a72a","North Pine Family Dentistry","-86.08345807","44.64149784","dentist","general_dentistry","589 Beulah Hwy","Benzonia Twp","49617-8708","MI","US","+12318824424","northpinedental@gmail.com","http://www.northpinedental.com/","https://www.facebook.com/100276789136631","","0.9199122190475464","open","9","meta | Overture | Overture-signals","CDLA-Permissive-2.0","2026-04-27T00:00:00.000Z | 2026-06-11T11:57:15Z | 2026-05-12T00:29:08Z | 2026-05-18T13:23:54Z | 2026-05-25T13:08:59Z | 2026-06-01T13:20:32Z | 2026-06-08T13:20:12Z"
"MI","Michigan","00968924-5e9b-4248-a61d-5ec73b5a9ea3","Schaefer Dental Group","-84.61983489","42.72621196","dentist","medical_service_organizations | health_and_medical","4911 W St Joseph Hwy","Delta Twp","48917-4088","MI","US","+15173211848","schaeferdentalgrouplansing@gmail.com","http://www.schaeferdentalgroup.com/","https://www.facebook.com/114877558711424","Schaefer Dental Group Lansing","0.9199122190475464","open","5","meta | Overture | Overture-signals","CDLA-Permissive-2.0","2026-04-27T00:00:00.000Z | 2026-06-11T11:57:15Z | 2026-05-12T00:29:08Z | 2026-05-18T13:23:54Z | 2026-05-25T13:08:59Z | 2026-06-01T13:20:32Z | 2026-06-08T13:20:12Z"
"MI","Michigan","00af74e1-fb36-4abf-9295-e07504351f59","Douglas G. Thompson,DDS","-83.2624009091439","42.5462670191658","dentist","","3684 W Maple Rd","Bloomfield Hills","48301","MI","US","(248) 642-1000","jacquie@ioralmed.com","https://www.integrativeoralmedicine.com","https://www.facebook.com/359138700915193","","0.9199122190475464","open","4","Foursquare | Overture | Overture-signals","Apache-2.0 | CDLA-Permissive-2.0","2022-03-23T00:00:00.000 | 2026-06-11T11:57:15Z | 2026-05-12T00:29:08Z | 2026-05-18T13:23:54Z | 2026-05-25T13:08:59Z | 2026-06-01T13:20:32Z | 2026-06-08T13:20:12Z"
"MI","Michigan","00c14fc6-c4e9-44e1-a78a-3254bf1df884","Claudia Menton, D.D.S.","-83.372931","42.391339","dentist","health_and_medical | teeth_whitening","14700 Farmington Rd","Livonia","48154-5430","MI","US","+17344223666","cmenton@drmenton.com","http://www.drmenton.com/","https://www.facebook.com/129560017055256","","0.5120720267295837","","7","meta | Overture","CDLA-Permissive-2.0","2026-04-27T00:00:00.000Z | 2026-06-11T11:57:15Z"
"MI","Michigan","00d73843-83fb-4371-900b-b304f5ce8534","Michigan Avenue Dentistry","-86.111588475992","42.7768584491416","dentist","","99 W 23rd St","Holland","49423","MI","US","(616) 396-5197","","http://www.michiganavenuedentistry.com","","","0.9199122190475464","open","4","Foursquare | Overture | Overture-signals","Apache-2.0 | CDLA-Permissive-2.0","2025-08-19T00:00:00.000 | 2026-06-11T11:57:15Z | 2026-05-12T00:29:08Z | 2026-05-18T13:23:54Z | 2026-05-25T13:08:59Z | 2026-06-01T13:20:32Z | 2026-06-08T13:20:12Z"
"MI","Michigan","00fe777e-4390-468b-a275-13cd92e29ac1","Broadway Family Dentistry","-84.76995168","43.60474238","dentist","general_dentistry","611 E Broadway St","Mt Pleasant","48858-2793","MI","US","+19897735299","katelyn.nietendds@gmail.com","http://www.katelynnietendds.com/","https://www.facebook.com/519024505202977","","0.9913661479949951","","1","meta | Overture","CDLA-Permissive-2.0","2026-04-27T00:00:00.000Z | 2026-06-11T11:57:15Z"
"MI","Michigan","0111344e-a19f-4eac-931f-3b097e8d6b54","K. Donald Jackson, DDS","-82.510199","42.817876","dentist","oral_surgeon | doctor","1980 Fred W Moore Hwy","St Clair","48079-4701","MI","US","+18103297440","","http://www.kdonaldjacksondds.com/","https://www.facebook.com/324476414375723","","0.7054861783981323","","8","meta | Overture","CDLA-Permissive-2.0","2026-04-27T00:00:00.000Z | 2026-06-11T11:57:15Z"
"MI","Michigan","01279d0a-12ee-4b47-b2fa-6004219ef538","Vincent P. Mack","-85.64288506","44.72237573","dentist","general_dentistry | health_and_medical","3347 S Airport Rd W","Traverse City","49684-7939","MI","US","+12319297737","","","https://www.facebook.com/164656540257475","","0.9902192950248718","open","7","meta | Overture | Overture-signals","CDLA-Permissive-2.0","2026-04-27T00:00:00.000Z | 2026-06-11T11:57:15Z | 2026-05-12T00:29:08Z | 2026-05-18T13:23:54Z | 2026-05-25T13:08:59Z | 2026-06-01T13:20:32Z | 2026-06-08T13:20:12Z"
"MI","Michigan","014925fc-2261-4fbf-a724-5eb662ba7f91","Randy Bisping","-86.26549437","43.18944451","dentist","oral_surgeon | health_and_medical","3579 Henry St","Norton Shores","49441-6716","MI","US","+12317391215","","https://www.carecredit.com/.../Randy-L-Bisping-DDS-MS-PC","https://www.facebook.com/142115979168650","","0.8329941034317017","","7","meta | Overture","CDLA-Permissive-2.0","2026-04-27T00:00:00.000Z | 2026-06-11T11:57:15Z"
"MI","Michigan","0159ba6d-89af-4ae2-b048-2671f5a05006","Elmwood Park Dental Center","-83.03289899","42.33864902","dentist","general_dentistry | health_and_medical","1547 E Lafayette St","Detroit","48207-2958","MI","US","+13135676200","","https://www.elmwoodparkdentalcenter.com","https://www.facebook.com/1891052864461643","Park Dental","0.9199122190475464","open","9","meta | Overture | Overture-signals","CDLA-Permissive-2.0","2026-04-27T00:00:00.000Z | 2026-06-11T11:57:15Z | 2026-05-12T00:29:08Z | 2026-05-18T13:23:54Z | 2026-05-25T13:08:59Z | 2026-06-01T13:20:32Z | 2026-06-08T13:20:12Z"
"MI","Michigan","017f5b40-df2e-4f27-b868-940a87e9284d","Bartnicki Dental","-83.48046749","42.37354688","dentist","endodontist | pediatric_dentist","225 N Sheldon Rd","Plymouth","48170-1524","MI","US","+17344530227","bartnickidental@msn.com","http://www.bartnickidental.com/","https://www.facebook.com/441824516016025","Bartnicki Dental","0.9199122190475464","open","10","meta | Overture | Overture-signals","CDLA-Permissive-2.0","2026-04-27T00:00:00.000Z | 2026-06-11T11:57:15Z | 2026-05-12T00:29:08Z | 2026-05-18T13:23:54Z | 2026-05-25T13:08:59Z | 2026-06-01T13:20:32Z | 2026-06-08T13:20:12Z"
"MI","Michigan","0191626f-581f-43f2-89c8-a92ff04b673f","Studio 2 Digital Dental Design","-85.60712133","42.90555226","dentist","","2405 32nd St SE","Kentwood","49512-1759","MI","US","+16169572140","info@studio2dental.com","http://www.studio2dental.com/","https://www.facebook.com/121861297867038","","0.9199122190475464","open","8","meta | Overture | Overture-signals","CDLA-Permissive-2.0","2026-04-27T00:00:00.000Z | 2026-06-11T11:57:15Z | 2026-05-12T00:29:08Z | 2026-05-18T13:23:54Z | 2026-05-25T13:08:59Z | 2026-06-01T13:20:32Z | 2026-06-08T13:20:12Z"
"MI","Michigan","0202e41d-c7a5-40c9-9ce9-e25cbef2c3be","Family Dental Center of Waterford - Part of the Lavender Dental Group","-83.38163221","42.68671483","dentist","orthodontist","4721 Dixie Hwy","Waterford","48329-3565","MI","US","+12486737026","","https://waterford.thelavenderdentalgroup.com/","https://www.facebook.com/105016341992447","","0.9178829193115234","","8","meta | Overture","CDLA-Permissive-2.0","2026-04-27T00:00:00.000Z | 2026-06-11T11:57:15Z"
"MI","Michigan","02089556-b1cb-4e03-9e0e-dbac4da3cceb","Water's Edge Dentistry","-86.33016905","44.24714408","dentist","endodontist | orthodontist","504 Water St","Manistee","49660-1544","MI","US","+12317237957","grpaine@dslextreme.com","http://manisteedentists.com/","https://www.facebook.com/388947484490817","","0.9199122190475464","open","6","meta | Overture | Overture-signals","CDLA-Permissive-2.0","2026-04-27T00:00:00.000Z | 2026-06-11T11:57:15Z | 2026-05-12T00:29:08Z | 2026-05-18T13:23:54Z | 2026-05-25T13:08:59Z | 2026-06-01T13:20:32Z | 2026-06-08T13:20:12Z"
"MI","Michigan","0212f178-02b7-4890-92ab-2cdee6c77e4a","Dentist Essexville, MI","-83.867547","43.581301","dentist","health_and_medical","2272 21st St","Bay City","48708-7407","MI","US","+19898940061","","http://www.ToddRathkeDDS.com/","https://www.facebook.com/189639664405308","","0.8386467695236206","","7","meta | Overture","CDLA-Permissive-2.0","2026-04-27T00:00:00.000Z | 2026-06-11T11:57:15Z"
"MI","Michigan","0225ee51-2789-49de-91c6-dc554a2534ba","Santarossa Dental","-83.4183578533221","42.7433734356344","dentist","","7210 N Main St #104","Clarkston","48346","MI","US","(248) 620-9010","","http://www.santarossadental.com","","","0.9199122190475464","open","4","Foursquare | Overture | Overture-signals","Apache-2.0 | CDLA-Permissive-2.0","2026-04-08T00:00:00.000 | 2026-06-11T11:57:15Z | 2026-05-12T00:29:08Z | 2026-05-18T13:23:54Z | 2026-05-25T13:08:59Z | 2026-06-01T13:20:32Z | 2026-06-08T13:20:12Z"
"MI","Michigan","024b8511-579c-4927-a555-2934381500fe","Centennial Dental Lab","-84.21314067","42.25115111","dentist","health_and_medical","100 W Michigan Ave","Grass Lake","49240-9188","MI","US","+15175228852","","http://www.centennialdentalab.com/","https://www.facebook.com/213410669169330","","0.9199122190475464","open","7","meta | Overture | Overture-signals","CDLA-Permissive-2.0","2026-04-27T00:00:00.000Z | 2026-06-11T11:57:15Z | 2026-05-12T00:29:08Z | 2026-05-18T13:23:54Z | 2026-05-25T13:08:59Z | 2026-06-01T13:20:32Z | 2026-06-08T13:20:12Z"
"MI","Michigan","02615198-c42c-4fd4-8b01-bf303484fd0f","Ford Dental Group","-83.17664158","42.32963428","dentist","cosmetic_dentist | general_dentistry","5601 Schaefer Rd","Dearborn","48126-4713","MI","US","+13135824800","info@forddentalgroup.net","https://www.forddentalgroup.net/","https://www.facebook.com/186120914834735","","0.9997882195711136","","8","meta | Overture","CDLA-Permissive-2.0","2026-04-27T00:00:00.000Z | 2026-06-11T11:57:15Z"
"MI","Michigan","02c63fc8-0a42-4167-a473-404e5bfed68e","Dzingle Norman R DDS","-84.76426353","43.60189419","dentist","general_dentistry | doctor","1015 E Wisconsin St","Mt Pleasant","48858-2922","MI","US","+19897721334","","http://www.mtpleasantdentalman.com","https://www.facebook.com/808349649241244","","0.9199122190475464","open","8","meta | Overture | Overture-signals","CDLA-Permissive-2.0","2026-04-27T00:00:00.000Z | 2026-06-11T11:57:15Z | 2026-05-12T00:29:08Z | 2026-05-18T13:23:54Z | 2026-05-25T13:08:59Z | 2026-06-01T13:20:32Z | 2026-06-08T13:20:12Z"
"MI","Michigan","02cf8bc6-246b-46bc-8e24-819c0de6c557","Emergency Dental","-86.51314481","42.04329102","dentist","general_dentistry | medical_service_organizations","2454 W Glenlord Rd","Lincoln Twp","49127-9557","MI","US","+12694282222","","http://www.emergencydental.org","https://www.facebook.com/156223031084706","Emergency Dental Care USA Tacoma","0.9199122190475464","open","8","meta | Overture | Overture-signals","CDLA-Permissive-2.0","2026-04-27T00:00:00.000Z | 2026-06-11T11:57:15Z | 2026-05-12T00:29:08Z | 2026-05-18T13:23:54Z | 2026-05-25T13:08:59Z | 2026-06-01T13:20:32Z | 2026-06-08T13:20:12Z"
"MI","Michigan","02eac287-cd81-4a72-ba63-1b7d306f5adc","Motto Clear Aligners","-86.093928","42.8291974","dentist","health_and_medical","3351 W Shore Dr Ste 20","Holland","49424","MI","US","6163932100","","https://www.aspendental.com/dentist/mi/holland/3351-west-shore-drive-ste-20/motto-clear-aligners/","","","0.9199122190475464","open","6","Microsoft | Overture | Overture-signals","CDLA-Permissive-2.0","2025-10-03T21:13:53.073Z | 2026-06-11T11:57:15Z | 2026-05-12T00:29:08Z | 2026-05-18T13:23:54Z | 2026-05-25T13:08:59Z | 2026-06-01T13:20:32Z | 2026-06-08T13:20:12Z"
"MI","Michigan","02fa1947-d7be-4d85-bd9b-ee26d166db09","Churchgrove Dental Associates","-83.74797193","43.33643763","dentist","general_dentistry","123 Churchgrove Rd","Frankenmuth","48734-1029","MI","US","+19896526271","admin@churchgrovedentalassociates.com","http://ChurchgroveDentalAssociates.com/","https://www.facebook.com/101297155190609","","0.9199122190475464","open","7","meta | Overture | Overture-signals","CDLA-Permissive-2.0","2026-04-27T00:00:00.000Z | 2026-06-11T11:57:15Z | 2026-05-12T00:29:08Z | 2026-05-18T13:23:54Z | 2026-05-25T13:08:59Z | 2026-06-01T13:20:32Z | 2026-06-08T13:20:12Z"
"MI","Michigan","030e81b4-2beb-4748-b1ce-58eee95eabc7","Cohrs Family Dentistry","-85.62886765","42.19953582","dentist","general_dentistry | health_and_medical","8110 Cooley Dr","Portage","49024-4046","MI","US","+12693823125","reptracker@portagedentistry.com","http://www.portagedentistry.com/","https://www.facebook.com/1520342098229587","","0.9616288542747498","","3","meta | Overture","CDLA-Permissive-2.0","2026-04-27T00:00:00.000Z | 2026-06-11T11:57:15Z"
"MI","Michigan","0326c516-27b4-4565-8e0e-b903580e526d","Dr. Dexter Flemming","-83.17846281","42.21354613","dentist","cosmetic_dentist | orthodontist","2201 Ford Ave","Wyandotte","48192-2314","MI","US","+17342824224","","","https://www.facebook.com/123757477810435","","0.7706757187843323","","8","meta | Overture","CDLA-Permissive-2.0","2026-04-27T00:00:00.000Z | 2026-06-11T11:57:15Z"
"MI","Michigan","033adf2e-0d07-4de5-b006-bb8d95112b4b","Dr. Vincent Buscemi","-83.2203272907063","42.559883423526","dentist","","60 W Big Beaver Rd Suite 140","Bloomfield Hills","48304","MI","US","(248) 654-8848","gssdental@gmail.com","https://www.buscemifamilydentistry.com","https://www.facebook.com/116861755000593","","0.9199122190475464","open","4","Foursquare | Overture | Overture-signals","Apache-2.0 | CDLA-Permissive-2.0","2025-10-02T00:00:00.000 | 2026-06-11T11:57:15Z | 2026-05-12T00:29:08Z | 2026-05-18T13:23:54Z | 2026-05-25T13:08:59Z | 2026-06-01T13:20:32Z | 2026-06-08T13:20:12Z"
"MI","Michigan","0352338a-3542-4759-8cf0-2a04785aa220","Dentist Arnold Bansen","-83.063409","42.565181","dentist","hospital | doctor","4515 Metropolitan Pkwy","Sterling Heights","48310-3901","MI","US","+15869791450","bansenandhiegel@sbcglobal.net","http://SmileSterlingHeights.com/","https://www.facebook.com/162834757069783","Dentist Arnold Bansen","0.6659333109855652","","8","meta | Overture","CDLA-Permissive-2.0","2026-04-27T00:00:00.000Z | 2026-06-11T11:57:15Z"
"MI","Michigan","036183e9-d120-44d9-8393-f5fb0af4a251","Affordable Dentures & Implants","-83.32778739","42.38282115","dentist","general_dentistry | prosthodontist","28535 Schoolcraft Rd","Livonia","48150-2237","MI","US","+17348846826","fda17385@affordabledentures.com","https://www.affordabledentures.com/locations/mi/livonia?utm_source=Facebook&utm_medium=Organic_Listing&utm_campaign=17385","https://www.facebook.com/107355121965776","Affordable Dentures & Implants","0.9199122190475464","open","9","meta | Overture | Overture-signals","CDLA-Permissive-2.0","2026-04-27T00:00:00.000Z | 2026-06-11T11:57:15Z | 2026-05-12T00:29:08Z | 2026-05-18T13:23:54Z | 2026-05-25T13:08:59Z | 2026-06-01T13:20:32Z | 2026-06-08T13:20:12Z"
"MI","Michigan","0364604f-015d-48c2-a1da-d2d8ec679add","Dr. Frank Alley","-85.6058869006807","42.2017770522513","dentist","","7934 Ashton Woods Dr","Portage","49024","MI","US","327-3290","","http://www.portagedds.com","","","0.9199122190475464","open","4","Foursquare | Overture | Overture-signals","Apache-2.0 | CDLA-Permissive-2.0","2024-05-03T00:00:00.000 | 2026-06-11T11:57:15Z | 2026-05-12T00:29:08Z | 2026-05-18T13:23:54Z | 2026-05-25T13:08:59Z | 2026-06-01T13:20:32Z | 2026-06-08T13:20:12Z"
"MI","Michigan","0368c01d-dad8-46ff-90e1-4e5a893b9810","Oakcrest Dental Center","-83.23253895","42.19902303","dentist","general_dentistry | health_and_medical","20302 Eureka Rd","Taylor","48180-5310","MI","US","+17342835757","22023@nadentalgroup.com","https://www.gorefreshdental.com/locations/refresh-dental-taylor/","https://www.facebook.com/158929744137307","Refresh Dental","0.9922249376773834","open","10","meta | Overture | Overture-signals","CDLA-Permissive-2.0","2026-04-27T00:00:00.000Z | 2026-06-11T11:57:15Z | 2026-05-12T00:29:08Z | 2026-06-08T13:20:12Z"
"MI","Michigan","039086d4-29f5-4f04-ae08-00fa5218c72f","Alpine Oral Surgery","-85.6815032958984","43.0133018493652","dentist","","","Grand Rapids","49544","MI","US","(616) 785-1700","","http://alpineoralsurgery.com","https://www.facebook.com/142281265808660","","0.77","","5","Foursquare | Overture","Apache-2.0 | CDLA-Permissive-2.0","2022-09-20T00:00:00.000 | 2026-06-11T11:57:15Z"
"MI","Michigan","039ea547-4cd3-4d1d-87a9-53e21170ad9e","My Community Dental Centers","-85.10426033","43.25143406","dentist","general_dentistry | medical_service_organizations","1550 W Sidney Rd","Sidney","48885-9748","MI","US","+19893282200","","http://www.mydental.org/","https://www.facebook.com/1350967685012972","MCDC • My Community Dental Centers","0.9199122190475464","open","10","meta | Overture | Overture-signals","CDLA-Permissive-2.0","2026-04-27T00:00:00.000Z | 2026-06-11T11:57:15Z | 2026-05-12T00:29:08Z | 2026-05-18T13:23:54Z | 2026-05-25T13:08:59Z | 2026-06-01T13:20:32Z | 2026-06-08T13:20:12Z"
"MI","Michigan","03a9ba97-0abd-49e0-b018-afbca3c22ef8","Eight Mile Dental Center","-83.22146059","42.44403306","dentist","general_dentistry | medical_center","18201 W 8 Mile Rd","Detroit","48219-1510","MI","US","+13135355200","","http://www.pauldentalgroup.com","https://www.facebook.com/143130929067057","","0.9199122190475464","open","7","meta | Overture | Overture-signals","CDLA-Permissive-2.0","2026-04-27T00:00:00.000Z | 2026-06-11T11:57:15Z | 2026-05-12T00:29:08Z | 2026-05-18T13:23:54Z | 2026-05-25T13:08:59Z | 2026-06-01T13:20:32Z | 2026-06-08T13:20:12Z"
"MI","Michigan","03af7004-7ed0-4239-86ac-be4db811bca6","Associated Family Dentists","-85.569538","42.920027","dentist","medical_service_organizations | health_and_medical","2355 E Paris Ave SE","Grand Rapids","49546-6188","MI","US","+16169429595","williamrobsondds@gmail.com","https://twitter.com/AFDentists","https://www.facebook.com/232058906945319","","0.9199122190475464","open","6","meta | Overture | Overture-signals","CDLA-Permissive-2.0","2026-04-27T00:00:00.000Z | 2026-06-11T11:57:15Z | 2026-05-12T00:29:08Z | 2026-05-18T13:23:54Z | 2026-05-25T13:08:59Z | 2026-06-01T13:20:32Z | 2026-06-08T13:20:12Z"
"MI","Michigan","03def9c3-56cd-442a-ba3b-100181ee5f13","Sedation Dentistry Center of Michigan","-82.95494416","42.49474531","dentist","general_dentistry","16211 E 11 Mile Rd","Roseville","48066-4334","MI","US","+15867792216","njkaminskidds@aol.com","http://sedationdentistrycenter.com","https://www.facebook.com/1200690276762077","Sedation Dentistry Center of M","0.9199122190475464","open","9","meta | Overture | Overture-signals","CDLA-Permissive-2.0","2026-04-27T00:00:00.000Z | 2026-06-11T11:57:15Z | 2026-05-12T00:29:08Z | 2026-05-18T13:23:54Z | 2026-05-25T13:08:59Z | 2026-06-01T13:20:32Z | 2026-06-08T13:20:12Z"
"MI","Michigan","042346ff-e4a8-4181-93ce-d392ec6650ba","Adam Fienman","-83.36619643","42.54216996","dentist","general_dentistry","5813 W Maple Rd","West Bloomfield","48322-4400","MI","US","+12485393600","","http://www.fienmandds.com/","https://www.facebook.com/463290034425172","","0.9199122190475464","open","8","meta | Overture | Overture-signals","CDLA-Permissive-2.0","2026-04-27T00:00:00.000Z | 2026-06-11T11:57:15Z | 2026-05-12T00:29:08Z | 2026-05-18T13:23:54Z | 2026-05-25T13:08:59Z | 2026-06-01T13:20:32Z | 2026-06-08T13:20:12Z"
"MI","Michigan","0447a669-9a40-4a80-8000-659443997c29","Dr Marvin Herschfus DDS","-83.1842216735252","42.4937735733448","dentist","","2341 Coolidge Hwy","Berkley","48072","MI","US","(248) 291-3125","","http://www.mh-dds.com","","","0.77","","5","Foursquare | Overture","Apache-2.0 | CDLA-Permissive-2.0","2025-08-22T00:00:00.000 | 2026-06-11T11:57:15Z"
"MI","Michigan","0449f035-cd88-4164-b90b-c56b1884353b","Zwingman David R DDS","-83.98258657","43.4513596","dentist","general_dentistry | doctor","3350 Shattuck Rd","Saginaw","48603-3287","MI","US","+19897930670","drzwingmandds@yahoo.com","http://drzwingman.com/","https://www.facebook.com/1676989842326876","","0.9974107474088669","","8","meta | Overture","CDLA-Permissive-2.0","2026-04-27T00:00:00.000Z | 2026-06-11T11:57:15Z"
"MI","Michigan","04552d9d-0ae0-4489-a044-a15c6e5340c6","Baumstark, Reynold J. DDS","-84.02676313","43.41661306","dentist","teeth_whitening | medical_service_organizations","5605 Colony Dr N","Saginaw","48638-7187","MI","US","+19897930353","lisa@baumstarkdds.com","http://www.aaoms.org/","https://www.facebook.com/138890136159067","","0.9199122190475464","open","6","meta | Overture | Overture-signals","CDLA-Permissive-2.0","2026-04-27T00:00:00.000Z | 2026-06-11T11:57:15Z | 2026-05-12T00:29:08Z | 2026-05-18T13:23:54Z | 2026-05-25T13:08:59Z | 2026-06-01T13:20:32Z | 2026-06-08T13:20:12Z"
"MI","Michigan","04adaff3-5f62-48ad-a12a-3b9b8b1ecc88","Lovlien Thomas C DDS","-90.14180875","46.46499895","dentist","orthodontist | health_and_medical","250 Roosevelt St","Ironwood","49938-1737","MI","US","+19069329720","","http://www.tlovlienortho.com","https://www.facebook.com/159668004056617","","0.9199122190475464","open","8","meta | Overture | Overture-signals","CDLA-Permissive-2.0","2026-04-27T00:00:00.000Z | 2026-06-11T11:57:15Z | 2026-05-12T00:29:08Z | 2026-05-18T13:23:54Z | 2026-05-25T13:08:59Z | 2026-06-01T13:20:32Z | 2026-06-08T13:20:12Z"
"MI","Michigan","04b0a094-8062-4593-abf5-3816ce84d1a2","Dr. Robin P. Steely","-85.18551947","42.35615131","dentist","general_dentistry","5761 Morgan Rd E","Battle Creek","49037-2659","MI","US","+12699688151","info@steelydds.com","http://www.steelydds.com/","https://www.facebook.com/147536391967660","","0.9668198823928833","","9","meta | Overture","CDLA-Permissive-2.0","2026-04-27T00:00:00.000Z | 2026-06-11T11:57:15Z"
"MI","Michigan","04c6c39c-3e06-4a44-ad33-4d86039c9bca","Kaatz Sue","-83.22048993","42.47240958","dentist","lawyer | family_practice","24764 Southfield Rd","Southfield","48075-2715","MI","US","+12485572618","","https://markowitz-steven-dds-mi.hub.biz/","https://www.facebook.com/161081863914353","","0.9199122190475464","open","6","meta | Overture | Overture-signals","CDLA-Permissive-2.0","2026-04-27T00:00:00.000Z | 2026-06-11T11:57:15Z | 2026-05-12T00:29:08Z | 2026-05-18T13:23:54Z | 2026-05-25T13:08:59Z | 2026-06-01T13:20:32Z | 2026-06-08T13:20:12Z"
"MI","Michigan","04da266a-cb5f-4173-98d4-cd309f862673","David Bradley DDS","-83.46098484","42.47823276","dentist","general_dentistry | health_and_medical","42010 Grand River Ave","Novi","48375-1831","MI","US","+12483809330","davidbradleyddspc@gmail.com","http://www.davidbradleydds.com/","https://www.facebook.com/896264200579580","","0.9199122190475464","open","9","meta | Overture | Overture-signals","CDLA-Permissive-2.0","2026-04-27T00:00:00.000Z | 2026-06-11T11:57:15Z | 2026-05-12T00:29:08Z | 2026-05-18T13:23:54Z | 2026-05-25T13:08:59Z | 2026-06-01T13:20:32Z | 2026-06-08T13:20:12Z"
"MI","Michigan","04e59171-dd20-482c-8405-92c09eb55dc8","Gary A Cohen DDS PC","-83.31324751","42.31185069","dentist","general_dentistry | medical_service_organizations","27560 Cherry Hill Rd","Garden City","48135-3152","MI","US","+17344225480","garyacohen@msn.com","http://garycohendental.com/","https://www.facebook.com/760043364148235","","0.9993221784234047","","8","meta | Overture","CDLA-Permissive-2.0","2026-04-27T00:00:00.000Z | 2026-06-11T11:57:15Z"
"MI","Michigan","04e83c0c-7c67-47c8-a82d-ed861441f4a4","Chelsea Dexter Dental Group","-84.0240371","42.30844035","dentist","general_dentistry | health_and_medical","901 Taylor St","Chelsea","48118-2301","MI","US","+17344757303","info@chelseadexterdental.com","http://chelseadexterdental.com/","https://www.facebook.com/220056031866672","","0.9199122190475464","open","9","meta | Overture | Overture-signals","CDLA-Permissive-2.0","2026-04-27T00:00:00.000Z | 2026-06-11T11:57:15Z | 2026-05-12T00:29:08Z | 2026-05-18T13:23:54Z | 2026-05-25T13:08:59Z | 2026-06-01T13:20:32Z | 2026-06-08T13:20:12Z"
"MI","Michigan","04ea0185-3773-4721-8cb9-955da2da9363","Mullally Patrick J DDS MSD","-86.2569173320416","43.186836624835","dentist","health_and_medical | lawyer","427 Seminole Rd","Norton Shores","49444-3747","MI","US","+12317339676","","","https://www.facebook.com/153681061335445","","0.8002025485038757","","10","meta | Overture","CDLA-Permissive-2.0","2026-04-27T00:00:00.000Z | 2026-06-11T11:57:15Z"
"MI","Michigan","0510a092-ecfb-435a-98f8-a8ba232597fa","McLemore Family Dental","-83.379022","42.73035732","dentist","periodontist | health_and_medical","6300 Sashabaw Rd","Independence Twp","48346-2269","MI","US","+12486259444","mclemorefamilydental@gmail.com","http://mclemorefamilydental.com/","https://www.facebook.com/449915891750119","","0.9199122190475464","open","7","meta | Overture | Overture-signals","CDLA-Permissive-2.0","2026-04-27T00:00:00.000Z | 2026-06-11T11:57:15Z | 2026-05-12T00:29:08Z | 2026-05-18T13:23:54Z | 2026-05-25T13:08:59Z | 2026-06-01T13:20:32Z | 2026-06-08T13:20:12Z"
"MI","Michigan","0523fe24-e503-426b-8741-97003d788b09","Destiny Dental","-84.0342071359278","43.4316307563214","dentist","","1720 Lawndale Rd","Saginaw","48638","MI","US","(989) 249-7888","","http://www.destinydentalcare.com","","","0.77","","5","Foursquare | Overture","Apache-2.0 | CDLA-Permissive-2.0","2025-08-22T00:00:00.000 | 2026-06-11T11:57:15Z"
"MI","Michigan","0541eea6-2bb6-4d4f-a83d-172024b2caf3","Park Dental Care","-83.22737967","42.40425334","dentist","health_and_medical","18935 Grand River Ave","Detroit","48223-2273","MI","US","+13138358280","parkdentalcarepc@gmail.com","http://www.parkdentalcarepc.com/","https://www.facebook.com/287058991163160","Park Dental","0.9935201895236969","open","10","meta | Overture | Overture-signals","CDLA-Permissive-2.0","2026-04-27T00:00:00.000Z | 2026-06-11T11:57:15Z | 2026-06-08T13:20:12Z"
"MI","Michigan","054e9c0c-c835-4225-a106-10a047b98972","The Implant Center at North Oaks Dental","-83.13978826","42.51886479","dentist","orthodontist","3107 Rochester Rd","Royal Oak","48073-3548","MI","US","+12482207021","info@royaloakdentalimplants.com","http://www.RoyalOakDentalImplants.com/","https://www.facebook.com/413354612587607","","0.9458868503570557","","6","meta | Overture","CDLA-Permissive-2.0","2026-04-27T00:00:00.000Z | 2026-06-11T11:57:15Z"
"MI","Michigan","05669cb2-6525-4d6d-b228-46a7643df554","English and Roumayah Family Dentistry","-85.61180131","43.07590003","dentist","general_dentistry","6220 Jupiter Ave NE","Belmont","49306-8708","MI","US","+16163619387","frontdesk@ericenglishdds.com","http://www.englishandroumayahfamilydentistry.com/","https://www.facebook.com/110779142284062","English Eric J DR","0.9940291249752045","","9","meta | Overture","CDLA-Permissive-2.0","2026-04-27T00:00:00.000Z | 2026-06-11T11:57:15Z"
"MI","Michigan","05687a14-ffc7-4e04-a7c0-bce76ad8fe30","Foundational Roots","-83.876045","42.330593","dentist","","7300 Dexter Ann Arbor Rd","Dexter","48130-8598","MI","US","+17343453043","hello@foundationalroots.com","https://foundationalroots.com/","https://www.facebook.com/274611229070237","","0.5772194862365723","","9","meta | Overture","CDLA-Permissive-2.0","2026-04-27T00:00:00.000Z | 2026-06-11T11:57:15Z"
"MI","Michigan","0589d660-94c2-4c60-ac1d-4babbedd3dc8","Mark Clark","-83.75030891","43.03082234","dentist","doctor | medical_service_organizations","3550 Flushing Rd","Flint","48504-4255","MI","US","+18107324370","","http://clark14.placeweb.site","https://www.facebook.com/143480035776812","","0.954473078250885","","8","meta | Overture","CDLA-Permissive-2.0","2026-04-27T00:00:00.000Z | 2026-06-11T11:57:15Z"
"MI","Michigan","058e1afb-8e8f-457a-98fd-467e4c965da3","Pristine Dental Care","-83.22944212","42.67922103","dentist","general_dentistry | doctor","3021 E Walton Blvd","Auburn Hills","48326-2368","MI","US","+12487913726","info@mypristinedentalcare.com","https://mypristinedentalcare.com","https://www.facebook.com/100775918532653","","0.9199122190475464","open","8","meta | Overture | Overture-signals","CDLA-Permissive-2.0","2026-04-27T00:00:00.000Z | 2026-06-11T11:57:15Z | 2026-05-12T00:29:08Z | 2026-05-18T13:23:54Z | 2026-05-25T13:08:59Z | 2026-06-01T13:20:32Z | 2026-06-08T13:20:12Z"
"MI","Michigan","0595fa20-d1f5-4e11-ad0a-63c93cfa3284","Kakos Dental","-83.14569302","42.49848793","dentist","general_dentistry","122 Catalpa Dr","Royal Oak","48067-1242","MI","US","+12483987880","royaloak@kakosdental.com","http://Kakosdental.com/","https://www.facebook.com/101294339019159","Kakos Dental","0.9199122190475464","open","8","meta | Overture | Overture-signals","CDLA-Permissive-2.0","2026-04-27T00:00:00.000Z | 2026-06-11T11:57:15Z | 2026-05-12T00:29:08Z | 2026-05-18T13:23:54Z | 2026-05-25T13:08:59Z | 2026-06-01T13:20:32Z | 2026-06-08T13:20:12Z"
"MI","Michigan","0597902b-9e18-4a73-ae22-367b868d3544","Chad Curtis Carver","-83.1915189582084","42.1537045627641","dentist","","1680 Kingsway Ct Ste 1","Trenton","48183","MI","US","(734) 675-2510","","http://www.carverbisarodentistry.com","","","0.77","","5","Foursquare | Overture","Apache-2.0 | CDLA-Permissive-2.0","2025-10-17T00:00:00.000 | 2026-06-11T11:57:15Z"
"MI","Michigan","059d732a-bf0d-4f7b-82e1-b23a62e4cd7e","Frank G. Radtke, DDS","-83.71957669","43.17781335","dentist","general_dentistry | health_and_medical","2128 W Vienna Rd","Vienna Twp","48420-2128","MI","US","+18106868870","","","https://www.facebook.com/191439840898128","","0.9199122190475464","open","9","meta | Overture | Overture-signals","CDLA-Permissive-2.0","2026-04-27T00:00:00.000Z | 2026-06-11T11:57:15Z | 2026-05-12T00:29:08Z | 2026-05-18T13:23:54Z | 2026-05-25T13:08:59Z | 2026-06-01T13:20:32Z | 2026-06-08T13:20:12Z"
"MI","Michigan","05bb8d9d-6408-4ada-801e-8274028c5c4f","James Latinis","-82.95174687","42.62186794","dentist","general_dentistry | cosmetic_dentist","44250 Garfield Rd","Clinton Twp","48038-7420","MI","US","+15862286650","dr.jameslatinis@yahoo.com","http://www.jameslatinisdds.com/","https://www.facebook.com/376936562449598","","0.9199122190475464","open","8","meta | Overture | Overture-signals","CDLA-Permissive-2.0","2026-04-27T00:00:00.000Z | 2026-06-11T11:57:15Z | 2026-05-12T00:29:08Z | 2026-05-18T13:23:54Z | 2026-05-25T13:08:59Z | 2026-06-01T13:20:32Z | 2026-06-08T13:20:12Z"
"MI","Michigan","05cd0873-a990-4cc1-8046-dcd0bdf2832a","Peninsula Endodontics","-87.08266987","45.73765242","dentist","endodontist | health_and_medical","2500 7th Ave S","Escanaba","49829-1176","MI","US","+19067894000","","","https://www.facebook.com/227727724668938","","0.9199122190475464","open","9","meta | Overture | Overture-signals","CDLA-Permissive-2.0","2026-04-27T00:00:00.000Z | 2026-06-11T11:57:15Z | 2026-05-12T00:29:08Z | 2026-05-18T13:23:54Z | 2026-05-25T13:08:59Z | 2026-06-01T13:20:32Z | 2026-06-08T13:20:12Z"
"MI","Michigan","05d1534f-36f7-4bc3-acb9-0495d7973019","Waverly Area Family Dental Cr","-84.6038301","42.7338615","dentist","health_and_medical","3911 W Michigan Ave","Lansing","48917","MI","US","5173234109","","","","","0.9199122190475464","open","6","Microsoft | Overture | Overture-signals","CDLA-Permissive-2.0","2015-05-14T13:19:53.823Z | 2026-06-11T11:57:15Z | 2026-05-12T00:29:08Z | 2026-05-18T13:23:54Z | 2026-05-25T13:08:59Z | 2026-06-01T13:20:32Z | 2026-06-08T13:20:12Z"
"MI","Michigan","05d2430c-b5cd-4354-aa80-58b54e713a97","Piche & Olson Dentistry","-85.61647086","44.76311525","dentist","general_dentistry | health_and_medical","335 E State St","Traverse City","49684-2516","MI","US","+12319472716","drppiche@gmail.com","http://traversecitydds.com/","https://www.facebook.com/125983044123789","","0.9879783391952515","","8","meta | Overture","CDLA-Permissive-2.0","2026-04-27T00:00:00.000Z | 2026-06-11T11:57:15Z"
"MI","Michigan","05d57ef6-793f-4ed8-a3e6-6d609e427f03","Dr. David S. Miller DDS","-86.48327409","42.09068658","dentist","general_dentistry | doctor","824 Napier Ave","St Joseph","49085-2043","MI","US","+12699834371","drdavidsmillerdds@gmail.com","https://www.stjosephmidentist.com/","https://www.facebook.com/1275174415847529","","0.9788458347320557","","9","meta | Overture","CDLA-Permissive-2.0","2026-04-27T00:00:00.000Z | 2026-06-11T11:57:15Z"
"MI","Michigan","05de9651-d565-425b-a44e-63cd6f8a63f9","Dr Gregory Yassick","-83.79293127","43.06055082","dentist","health_and_medical | lawyer","6004 W Pierson Rd","Mt Morris Twp","48433-2335","MI","US","+18102334354","","","https://www.facebook.com/147427515302152","","0.9199122190475464","open","6","meta | Overture | Overture-signals","CDLA-Permissive-2.0","2026-04-27T00:00:00.000Z | 2026-06-11T11:57:15Z | 2026-05-12T00:29:08Z | 2026-05-18T13:23:54Z | 2026-05-25T13:08:59Z | 2026-06-01T13:20:32Z | 2026-06-08T13:20:12Z"
"MI","Michigan","05e366e8-7f4a-4726-881e-0b21fa23b39b","Rand McKinley Family Dentistry","-85.1996763990273","42.2975014193163","dentist","","882 Capital Ave SW","Battle Creek","49015","MI","US","(269) 963-8256","","http://www.mckinleydentistry.com","","","0.77","","6","Foursquare | Overture","Apache-2.0 | CDLA-Permissive-2.0","2025-09-25T00:00:00.000 | 2026-06-11T11:57:15Z"
"MI","Michigan","05e6078e-9bca-48e7-a602-8799d99005ea","Randy J. O'Laughlin, DDS","-83.96256626","43.85596145","dentist","general_dentistry","224 S Manitou St","Pinconning","48650-9350","MI","US","+19898794721","","","https://www.facebook.com/134533063264685","","0.764823853969574","","8","meta | Overture","CDLA-Permissive-2.0","2026-04-27T00:00:00.000Z | 2026-06-11T11:57:15Z"
"MI","Michigan","05f9cc58-2e32-4ce8-9fe1-7c867a60dc79","Andrew Z. Green DDS","-83.93475679","43.62591286","dentist","family_practice","3926 Traxler Ct","Bay City","48706-9283","MI","US","+19896869600","baycitydentistry@gmail.com","http://www.azgdds.com/","https://www.facebook.com/476716765519077","","0.9722161889076233","","9","meta | Overture","CDLA-Permissive-2.0","2026-04-27T00:00:00.000Z | 2026-06-11T11:57:15Z"
"MI","Michigan","061bca3c-aee9-446e-91b1-fc46a876dc2f","Eric J Steiner DDS","-83.34160104","42.52801906","dentist","general_dentistry | cosmetic_dentist","32931 Middlebelt Rd","Farmington Hills","48334-1772","MI","US","+12486269915","","http://smilefarmingtonhills.com/","https://www.facebook.com/113153668757619","","0.9199122190475464","open","10","meta | Overture | Overture-signals","CDLA-Permissive-2.0","2026-04-27T00:00:00.000Z | 2026-06-11T11:57:15Z | 2026-05-12T00:29:08Z | 2026-05-18T13:23:54Z | 2026-05-25T13:08:59Z | 2026-06-01T13:20:32Z | 2026-06-08T13:20:12Z"
"MI","Michigan","062f1a86-237c-4dcb-97b5-59b2126db5c8","Hillsdale Dental Associates","-84.62338791","41.90372459","dentist","","1426 Hudson Rd","Hillsdale","49242-8314","MI","US","+15174377339","office@hda.dental","http://www.hillsdaledentists.com","https://www.facebook.com/103272239344524","","0.9199122190475464","open","6","meta | Overture | Overture-signals","CDLA-Permissive-2.0","2026-04-27T00:00:00.000Z | 2026-06-11T11:57:15Z | 2026-05-12T00:29:08Z | 2026-05-18T13:23:54Z | 2026-05-25T13:08:59Z | 2026-06-01T13:20:32Z | 2026-06-08T13:20:12Z"
"MI","Michigan","06532322-b372-4128-bb9a-5a94054d00a1","Polyviou Family Dentistry","-83.194921","42.229458","dentist","","3784 Dix Hwy","Lincoln Park","48146","MI","US","+13135135595","","https://www.polyvioudental.com","","","0.9199122190475464","open","7","DAC | Overture | Overture-signals","CDLA-Permissive-2.0","2026-06-10T16:03:35.911Z | 2026-06-11T11:57:15Z | 2026-05-12T00:29:08Z | 2026-05-18T13:23:54Z | 2026-05-25T13:08:59Z | 2026-06-01T13:20:32Z | 2026-06-08T13:20:12Z"
"MI","Michigan","067fda64-c82a-4549-8460-5c2f197ae712","Pogoncheff Dental","-84.51398599","42.76051735","dentist","general_dentistry | medical_service_organizations","2628 Lake Lansing Rd","Lansing","48912-3668","MI","US","+15174825636","pogonj@umich.edu","http://www.pogoncheffdds.com/","https://www.facebook.com/147763335268846","","0.9199122190475464","open","10","meta | Overture | Overture-signals","CDLA-Permissive-2.0","2026-04-27T00:00:00.000Z | 2026-06-11T11:57:15Z | 2026-05-12T00:29:08Z | 2026-05-18T13:23:54Z | 2026-05-25T13:08:59Z | 2026-06-01T13:20:32Z | 2026-06-08T13:20:12Z"
"MI","Michigan","06a9e2fb-295c-4471-a2cd-34b25b55b19c","44 West Dental Professionals","-85.770175553143","42.8841696983839","dentist","","4330 44th St SW Ste 105","Grandville","49418","MI","US","(616) 530-2200","info@44westdental.com","https://44westdental.com","https://www.facebook.com/340461799448683","","0.77","","7","Foursquare | Overture","Apache-2.0 | CDLA-Permissive-2.0","2025-05-28T00:00:00.000 | 2026-06-11T11:57:15Z"
"MI","Michigan","06b5e6ce-3d05-46bf-a5a7-5d48ccb22f8c","Liberty Dental","-83.79862845","42.27283264","dentist","general_dentistry | cosmetic_dentist","3443 W Liberty Rd","Ann Arbor","48103-9013","MI","US","+17349940909","info@libertydentalplc.com","http://libertydentalplc.com/","https://www.facebook.com/198009310226020","","0.9199122190475464","open","8","meta | Overture | Overture-signals","CDLA-Permissive-2.0","2026-04-27T00:00:00.000Z | 2026-06-11T11:57:15Z | 2026-05-12T00:29:08Z | 2026-05-18T13:23:54Z | 2026-05-25T13:08:59Z | 2026-06-01T13:20:32Z | 2026-06-08T13:20:12Z"
"MI","Michigan","06b5f21f-c6ff-4787-90a2-121b73aed56a","Great Lakes Jaw Surgery","-85.617065","42.885589","dentist","oral_surgeon | doctor","2017 Eastcastle Dr SE","Grand Rapids","49508-8872","MI","US","+16162812370","leslie@greatlakesjawsurgery.com","http://www.greatlakesjawsurgery.net/","https://www.facebook.com/104447682954188","","0.9199122190475464","open","10","meta | Overture | Overture-signals","CDLA-Permissive-2.0","2026-04-27T00:00:00.000Z | 2026-06-11T11:57:15Z | 2026-05-12T00:29:08Z | 2026-05-18T13:23:54Z | 2026-05-25T13:08:59Z | 2026-06-01T13:20:32Z | 2026-06-08T13:20:12Z"
"MI","Michigan","06bd4e57-4109-44cf-9aed-fa2ba587bd2c","Clinton Township Family Dental","-82.9511158","42.5806456","dentist","general_dentistry | family_practice","38550 Garfield Rd","Clinton Twp","48038-3406","MI","US","+15864161444","drrabban@clintontownshipfamilydental.com","https://www.clintontownshipfamilydental.com/","https://www.facebook.com/103140494808150","","0.9199122190475464","open","9","meta | Overture | Overture-signals","CDLA-Permissive-2.0","2026-04-27T00:00:00.000Z | 2026-06-11T11:57:15Z | 2026-05-12T00:29:08Z | 2026-05-18T13:23:54Z | 2026-05-25T13:08:59Z | 2026-06-01T13:20:32Z | 2026-06-08T13:20:12Z"
"MI","Michigan","06c15acb-f53f-42f8-9c84-cd12fdb4f4b4","Dr. Benton, D.D.S.","-83.2453332005549","42.5847023785217","dentist","","40646 Woodward Ave","Bloomfield Hills","48304","MI","US","(248) 645-0780","","https://www.seyfriedandassociates.com","","","0.9199122190475464","open","4","Foursquare | Overture | Overture-signals","Apache-2.0 | CDLA-Permissive-2.0","2025-05-15T00:00:00.000 | 2026-06-11T11:57:15Z | 2026-05-12T00:29:08Z | 2026-05-18T13:23:54Z | 2026-05-25T13:08:59Z | 2026-06-01T13:20:32Z | 2026-06-08T13:20:12Z"
"MI","Michigan","06c7ff99-e182-408f-8c59-fed9eb759ced","Herreman And Bosscher Ortodonticts","-85.2773113852493","43.1807465383244","dentist","","100 S Greenville West Dr","Greenville","48838","MI","US","(616) 225-2730","","https://www.herremansorthodontics.com","https://www.facebook.com/226147234099201","","0.9199122190475464","open","4","Foursquare | Overture | Overture-signals","Apache-2.0 | CDLA-Permissive-2.0","2025-08-22T00:00:00.000 | 2026-06-11T11:57:15Z | 2026-05-12T00:29:08Z | 2026-05-18T13:23:54Z | 2026-05-25T13:08:59Z | 2026-06-01T13:20:32Z | 2026-06-08T13:20:12Z"
"MI","Michigan","06d3ad91-a640-44da-a120-873e8c6a8469","Logan Matthew","-84.24480761","42.09954991","dentist","endodontist | health_and_medical","170 Wamplers Lake Rd","Brooklyn","49230-9585","MI","US","+15175923003","mlogan1530@gmail.com","http://matthewlogandds.com","https://www.facebook.com/410564742398765","","0.9199122190475464","open","6","meta | Overture | Overture-signals","CDLA-Permissive-2.0","2026-04-27T00:00:00.000Z | 2026-06-11T11:57:15Z | 2026-05-12T00:29:08Z | 2026-05-18T13:23:54Z | 2026-05-25T13:08:59Z | 2026-06-01T13:20:32Z | 2026-06-08T13:20:12Z"
"MI","Michigan","0704088d-dde1-4153-a9d8-3dbdadb3be3a","Gentle Touch Family Dentistry","-83.2224905888378","42.491510163987","dentist","","27435 Southfield Rd","Lathrup Village","48076","MI","US","(248) 552-0076","","http://www.drdanadental.com","https://www.twitter.com/gentletouchden | https://www.facebook.com/149951828512834","","0.9199122190475464","open","4","Foursquare | Overture | Overture-signals","Apache-2.0 | CDLA-Permissive-2.0","2023-03-15T00:00:00.000 | 2026-06-11T11:57:15Z | 2026-05-12T00:29:08Z | 2026-05-18T13:23:54Z | 2026-05-25T13:08:59Z | 2026-06-01T13:20:32Z | 2026-06-08T13:20:12Z"
"MI","Michigan","070afb7f-3880-4050-80d0-88c9a83f7fc8","Angela Harris, DDS","-86.11766676","42.76494234","dentist","general_dentistry","890 Washington Ave","Holland","49423-7702","MI","US","+16163557009","","","https://www.facebook.com/116084738253747","","0.9199122190475464","open","9","meta | Overture | Overture-signals","CDLA-Permissive-2.0","2026-04-27T00:00:00.000Z | 2026-06-11T11:57:15Z | 2026-05-12T00:29:08Z | 2026-05-18T13:23:54Z | 2026-05-25T13:08:59Z | 2026-06-01T13:20:32Z | 2026-06-08T13:20:12Z"
"MI","Michigan","071610d1-7c3b-4148-a232-90f7afdfc2af","LifeCare Dental","-85.77620973","43.550351","dentist","general_dentistry | doctor","1033 E Wilcox Ave","White Cloud","49349-8794","MI","US","+12316896651","mylifecaredental@gmail.com","http://MyLifeCareDental.com/","https://www.facebook.com/273515096012163","LifeCare Dental","0.9199122190475464","open","9","meta | Overture | Overture-signals","CDLA-Permissive-2.0","2026-04-27T00:00:00.000Z | 2026-06-11T11:57:15Z | 2026-05-12T00:29:08Z | 2026-05-18T13:23:54Z | 2026-05-25T13:08:59Z | 2026-06-01T13:20:32Z | 2026-06-08T13:20:12Z"
"MI","Michigan","0739e09b-e3d7-4345-a1e9-0be7ae17ade8","Inspired Family Dental Care","-82.90797206","42.43361398","dentist","general_dentistry | health_and_medical","1685 Fairholme Rd","Grosse Pointe Woods","48236-2368","MI","US","+13135125700","frontdesk@inspiredfamilydentalcare.com","https://inspiredfamilydentalcare.com/","https://www.facebook.com/108647208403845","","0.9199122190475464","open","10","meta | Overture | Overture-signals","CDLA-Permissive-2.0","2026-04-27T00:00:00.000Z | 2026-06-11T11:57:15Z | 2026-05-12T00:29:08Z | 2026-05-18T13:23:54Z | 2026-05-25T13:08:59Z | 2026-06-01T13:20:32Z | 2026-06-08T13:20:12Z"
"MI","Michigan","073e355d-010c-4453-92b3-a4fc98014569","The Dental Group","-82.8816769123491","42.5885742509683","dentist","","233 Southbound Gratiot Ave","Mount Clemens","48043","MI","US","(586) 783-8383","","http://www.nadentalgroup.com","https://www.facebook.com/214257411919363","","0.9199122190475464","open","4","Foursquare | Overture | Overture-signals","Apache-2.0 | CDLA-Permissive-2.0","2025-08-22T00:00:00.000 | 2026-06-11T11:57:15Z | 2026-05-12T00:29:08Z | 2026-05-18T13:23:54Z | 2026-05-25T13:08:59Z | 2026-06-01T13:20:32Z | 2026-06-08T13:20:12Z"
"MI","Michigan","0750c712-d95e-498a-8a5f-48cde54cbc6c","Mashni Dentistry","-84.48439554","42.75799103","dentist","general_dentistry | health_and_medical","2121 Abbot Rd","East Lansing","48823-8535","MI","US","+15173511733","jason@mashnidentistry.com","http://www.mashnidentistry.com/","https://www.facebook.com/168770826635490","Mashni Dentistry","0.9199122190475464","open","8","meta | Overture | Overture-signals","CDLA-Permissive-2.0","2026-04-27T00:00:00.000Z | 2026-06-11T11:57:15Z | 2026-05-12T00:29:08Z | 2026-05-18T13:23:54Z | 2026-05-25T13:08:59Z | 2026-06-01T13:20:32Z | 2026-06-08T13:20:12Z"
"MI","Michigan","0758164d-654c-471b-9985-2e400d2c421e","Duski Dentistry","-84.6496987","45.0257386","dentist","health_and_medical","911 E M 32","Gaylord","49735","MI","US","9897326436","","https://duskidentistry.com/","","","0.85","","7","Microsoft | Overture","CDLA-Permissive-2.0","2025-03-20T17:19:54.117Z | 2026-06-11T11:57:15Z"
"MI","Michigan","078272d1-0763-4fce-bca5-ec01492d5605","Jeffery McFadden, DDS","-83.3716652","42.4258223","dentist","health_and_medical","715 Byron Rd","Howell","48843","MI","US","5172255600","","https://www.specializedsurgeons.com/","","","0.85","","7","Microsoft | Overture","CDLA-Permissive-2.0","2025-09-23T19:36:48.243Z | 2026-06-11T11:57:15Z"
"MI","Michigan","078e0108-63f7-448c-90c7-883b1a2c2694","Dr. Gordon Pocialik, DDS","-83.1583778570318","42.6810542944424","dentist","","1435 Walton Blvd","Rochester Hills","48309","MI","US","(248) 650-3434","","https://rochesterhillsmichigandentistry.com","","","0.9199122190475464","open","4","Foursquare | Overture | Overture-signals","Apache-2.0 | CDLA-Permissive-2.0","2026-03-03T00:00:00.000 | 2026-06-11T11:57:15Z | 2026-05-12T00:29:08Z | 2026-05-18T13:23:54Z | 2026-05-25T13:08:59Z | 2026-06-01T13:20:32Z | 2026-06-08T13:20:12Z"
"MI","Michigan","079751fb-1fe0-4979-ac0a-f2d9e83874fe","Croswell Dental Care","-82.61945628","43.26988193","dentist","general_dentistry | health_and_medical","47 S Howard Ave","Croswell","48422-1315","MI","US","+18106793182","patrickwarddds@att.net","http://croswelldental.com","https://www.facebook.com/521089164733406","","0.9199122190475464","open","8","meta | Overture | Overture-signals","CDLA-Permissive-2.0","2026-04-27T00:00:00.000Z | 2026-06-11T11:57:15Z | 2026-05-12T00:29:08Z | 2026-05-18T13:23:54Z | 2026-05-25T13:08:59Z | 2026-06-01T13:20:32Z | 2026-06-08T13:20:12Z"
"MI","Michigan","079c6ec8-0e31-4564-89f0-bdde9b3d503e","Allen Park Dentistry","-83.21919509","42.24821557","dentist","general_dentistry | health_and_medical","8400 Allen Rd","Allen Park","48101-1430","MI","US","+13139288848","allenparkdentistry@primedentistry.com","http://www.allenparkdentistry.com/","https://www.facebook.com/104812787821580","","0.9199122190475464","open","8","meta | Overture | Overture-signals","CDLA-Permissive-2.0","2026-04-27T00:00:00.000Z | 2026-06-11T11:57:15Z | 2026-05-12T00:29:08Z | 2026-05-18T13:23:54Z | 2026-05-25T13:08:59Z | 2026-06-01T13:20:32Z | 2026-06-08T13:20:12Z"
"MI","Michigan","07a0c1a2-021b-4e55-a2ed-0e9470d98087","Debra Z. Mannia","-86.61033061","41.79951991","dentist","general_dentistry","103 S Elm St","Three Oaks","49128-1123","MI","US","+12697565431","","","https://www.facebook.com/421880991163989","","0.9199122190475464","open","6","meta | Overture | Overture-signals","CDLA-Permissive-2.0","2026-04-27T00:00:00.000Z | 2026-06-11T11:57:15Z | 2026-05-12T00:29:08Z | 2026-05-18T13:23:54Z | 2026-05-25T13:08:59Z | 2026-06-01T13:20:32Z | 2026-06-08T13:20:12Z"
"MI","Michigan","07b91885-18c2-4701-b47b-0b800d762363","Discounted Dental","-83.0471179390342","42.5322772297894","dentist","","32520 Mound Rd","Warren","48092","MI","US","(586) 553-9520","info@discounteddental.com","http://discounteddentalpc.com","https://www.facebook.com/797413390355839","","0.9199122190475464","open","4","Foursquare | Overture | Overture-signals","Apache-2.0 | CDLA-Permissive-2.0","2025-08-20T00:00:00.000 | 2026-06-11T11:57:15Z | 2026-05-12T00:29:08Z | 2026-05-18T13:23:54Z | 2026-05-25T13:08:59Z | 2026-06-01T13:20:32Z | 2026-06-08T13:20:12Z"
"MI","Michigan","07ce717f-ed97-440c-b226-62b1aa2c7969","Paganini Mark DDS","-83.0320017336368","43.8024718066559","dentist","","1080 S Van Dyke Rd Ste 103","Bad Axe","48413","MI","US","(989) 269-9769","","http://paganinidentistbadaxe.com","https://www.facebook.com/792815624086676","","0.9199122190475464","open","4","Foursquare | Overture | Overture-signals","Apache-2.0 | CDLA-Permissive-2.0","2025-08-22T00:00:00.000 | 2026-06-11T11:57:15Z | 2026-05-12T00:29:08Z | 2026-05-18T13:23:54Z | 2026-05-25T13:08:59Z | 2026-06-01T13:20:32Z | 2026-06-08T13:20:12Z"
"MI","Michigan","07d7c3ab-4be8-472d-aa6d-a41ba75d7bb5","Huisman Family Dentistry","-86.07744345","42.80956291","dentist","cosmetic_dentist | health_and_medical","397 N 120th Ave","Holland","49424-2118","MI","US","+16162082763","jhuisman@huismandental.com","http://www.hollandmidentist.com/","https://www.facebook.com/20075389006","Huisman Family Dentistry","0.9997837223112583","","8","meta | Overture","CDLA-Permissive-2.0","2026-04-27T00:00:00.000Z | 2026-06-11T11:57:15Z"
"MI","Michigan","0810fd00-10cb-4a01-a0b2-81c72f1692ea","Dental Arts","-83.47296075","42.36921671","dentist","general_dentistry | doctor","1075 Maple St","Plymouth","48170-1545","MI","US","+17344409266","dental_arts@yahoo.com","http://www.premiersmiles.com/","https://www.facebook.com/266072636887315","Dental Arts","0.9995401217639446","","9","meta | Overture","CDLA-Permissive-2.0","2026-04-27T00:00:00.000Z | 2026-06-11T11:57:15Z"
"MI","Michigan","0815c3a1-ebad-4abf-b88a-83c1b5f324c3","Kari Family Dentistry","-83.61685593","42.51586113","dentist","general_dentistry","30789 Milford Rd","New Hudson","48165-8596","MI","US","+12482646099","info@karifamilydentistry.com","http://www.karifamilydentistry.com/","https://www.facebook.com/579673652200442","Kari Family Dentistry","0.9199122190475464","open","9","meta | Overture | Overture-signals","CDLA-Permissive-2.0","2026-04-27T00:00:00.000Z | 2026-06-11T11:57:15Z | 2026-05-12T00:29:08Z | 2026-05-18T13:23:54Z | 2026-05-25T13:08:59Z | 2026-06-01T13:20:32Z | 2026-06-08T13:20:12Z"
"MI","Michigan","083805a1-23ee-43c7-a133-7bcb9bff675f","Wyoming Dental","-85.70481983","42.88483834","dentist","general_dentistry | medical_service_organizations","1621 44th St SW","Wyoming","49509-4387","MI","US","+16165329003","info@wyomingdental.com","https://www.wyomingdental.com/","https://www.facebook.com/454229541265734","","0.9964917510747909","","9","meta | Overture","CDLA-Permissive-2.0","2026-04-27T00:00:00.000Z | 2026-06-11T11:57:15Z"
"MI","Michigan","088411f6-94a0-4747-856e-98cf4c08df1a","Dentalworks Novi Twelve Oaks","-83.4760906","42.4927619","dentist","","27600 Novi Rd","Novi","48377","MI","US","(248) 374-0125","","http://novitwelveoaks.dentalworks.com","https://www.facebook.com/594863064051539","","0.77","","5","Foursquare | Overture","Apache-2.0 | CDLA-Permissive-2.0","2025-03-20T00:00:00.000 | 2026-06-11T11:57:15Z"
"MI","Michigan","08c17d0d-80d1-4db0-b5d4-ff8592a65841","S P Dental","-83.213802","42.531419","dentist","health_and_medical | cosmetic_dentist","32990 Pierce St","Beverly Hills","48025-3216","MI","US","+12485943300","","http://www.spdental.com/","https://www.facebook.com/157613950938960","Spdental, Lda","0.8746700286865234","","7","meta | Overture","CDLA-Permissive-2.0","2026-04-27T00:00:00.000Z | 2026-06-11T11:57:15Z"
"MI","Michigan","08d34d21-3e6c-4484-8e2f-c44f86f16ed6","Southshore Dental","-83.20285478","42.14072868","dentist","general_dentistry | cosmetic_dentist","2861 West Rd","Trenton","48183-2400","MI","US","+17346750585","southshoredds@southshoredentist.com","https://www.southshoredentist.com/","https://www.facebook.com/333710350046629","","0.9199122190475464","open","7","meta | Overture | Overture-signals","CDLA-Permissive-2.0","2026-04-27T00:00:00.000Z | 2026-06-11T11:57:15Z | 2026-05-12T00:29:08Z | 2026-05-18T13:23:54Z | 2026-05-25T13:08:59Z | 2026-06-01T13:20:32Z | 2026-06-08T13:20:12Z"
"MI","Michigan","08ed4e76-1538-465a-bc7e-9369306f5136","Avanti Dental Lab Inc","-83.10842364","42.55565696","dentist","","1973 Brinston Dr","Troy","48083-2218","MI","US","+12485280686","","http://avantilab.com/","https://www.facebook.com/168050610054809","Dead Sea Scrolls-LIVE","0.9199122190475464","open","7","meta | Overture | Overture-signals","CDLA-Permissive-2.0","2026-04-27T00:00:00.000Z | 2026-06-11T11:57:15Z | 2026-05-12T00:29:08Z | 2026-05-18T13:23:54Z | 2026-05-25T13:08:59Z | 2026-06-01T13:20:32Z | 2026-06-08T13:20:12Z"
"MI","Michigan","08effb1a-35c4-4466-b591-4e2e59b353d3","Dr Gary Fiteny DDS PC","-83.37961742","42.7220631","dentist","general_dentistry | doctor","5635 Sashabaw Rd","Independence Twp","48346-3149","MI","US","+12486202933","gary@drgaryfiteny.com","https://drgaryfiteny.com/","https://www.facebook.com/864053817092954","","0.9889819025993347","","9","meta | Overture","CDLA-Permissive-2.0","2026-04-27T00:00:00.000Z | 2026-06-11T11:57:15Z"
"MI","Michigan","09011a3e-ac4b-4434-80ed-65915776048c","Dr. Michael Lanzetta D.D.S  Orthodontics","-83.232898121251","42.198743953661","dentist","","20392 Eureka Rd","Taylor","48180","MI","US","(734) 284-4300","","http://calldrmike.com","https://www.twitter.com/calldrmike | https://www.facebook.com/157293920118","","0.77","","5","Foursquare | Overture","Apache-2.0 | CDLA-Permissive-2.0","2025-08-22T00:00:00.000 | 2026-06-11T11:57:15Z"
"MI","Michigan","091612a0-8518-4a1d-ae26-87aaf707ce01","Luria & Allswang","-83.2580347","42.3032916","dentist","health_and_medical","22914 Michigan Ave","Dearborn","48124","MI","US","","","https://www.dearbornsmiles.com/","","","0.9199122190475464","open","6","Microsoft | Overture | Overture-signals","CDLA-Permissive-2.0","2023-05-05T18:39:07.320Z | 2026-06-11T11:57:15Z | 2026-05-12T00:29:08Z | 2026-05-18T13:23:54Z | 2026-05-25T13:08:59Z | 2026-06-01T13:20:32Z | 2026-06-08T13:20:12Z"
"MI","Michigan","093e5034-015d-4166-bcb4-a503e75f0bef","DRs Nevins Family Dentistry","-85.4912556025273","43.7154467007267","dentist","","1283-1309 N State St","Big Rapids","49307","MI","US","(231) 796-4409","","http://nevinsfamilydentistry.placeweb.site","https://www.facebook.com/244112192322192","","0.77","","5","Foursquare | Overture","Apache-2.0 | CDLA-Permissive-2.0","2021-02-16T00:00:00.000 | 2026-06-11T11:57:15Z"
"MI","Michigan","095a504e-953c-4c4f-a123-425121b7af12","Destiny Dental","-84.03352014","43.43302897","dentist","general_dentistry","1720 Lawndale Rd","Saginaw","48638-4396","MI","US","+19892497888","","http://www.destinydentalcare.com","https://www.facebook.com/115276402458461","Destiny Dental","0.9850319415330887","","8","meta | Overture","CDLA-Permissive-2.0","2026-04-27T00:00:00.000Z | 2026-06-11T11:57:15Z"
"MI","Michigan","095d5f9e-b0c1-4462-a539-ec9259bf4fc9","Northern Aesthetic Dental Lab","-87.083252","45.7878151","dentist","health_and_medical | home_cleaning","1650 17.4 Rd","Escanaba","49829-9561","MI","US","+19065537471","haley@nadentallab.com","http://nadentallab.com/","https://www.facebook.com/1617115058549269","","0.6013743877410889","","7","meta | Overture","CDLA-Permissive-2.0","2026-04-27T00:00:00.000Z | 2026-06-11T11:57:15Z"
"MI","Michigan","0967e37c-5d66-4f4c-84cc-c3f83e27ce52","Shukairy Niman K DDS","-83.8602009894565","43.0627314416248","dentist","","323 W Main St","Flushing","48433","MI","US","(810) 659-7800","","http://www.flushingdental.com","","","0.9199122190475464","open","4","Foursquare | Overture | Overture-signals","Apache-2.0 | CDLA-Permissive-2.0","2025-08-19T00:00:00.000 | 2026-06-11T11:57:15Z | 2026-05-12T00:29:08Z | 2026-05-18T13:23:54Z | 2026-05-25T13:08:59Z | 2026-06-01T13:20:32Z | 2026-06-08T13:20:12Z"
"MI","Michigan","097ad000-05d7-48b8-9b1f-2f3784bdeb74","Fredal Orthodontics","-83.0321337843216","42.6292452899014","dentist","","45428 Van Dyke Ave","Utica","48317","MI","US","(313) 263-7893","","https://www.fredalortho.com","https://www.facebook.com/112883863829299","","0.77","","5","Foursquare | Overture","Apache-2.0 | CDLA-Permissive-2.0","2020-12-14T00:00:00.000 | 2026-06-11T11:57:15Z"
"MI","Michigan","097d0246-581d-4d67-a59d-7e1251c1e31e","Great Expressions Dental Centers","-83.2361109","42.58472235","dentist","general_dentistry","300 E Long Lake Rd","Bloomfield Hills","48304-2374","MI","US","+12482302478","gedc0145@greatexpressions.com","https://www.greatexpressions.com/dental-offices/dentist-in-bloomfield-hills-michigan/","https://www.facebook.com/104620035524416","Great Expressions Dental Centers","0.9199122190475464","open","8","meta | Overture | Overture-signals","CDLA-Permissive-2.0","2026-04-27T00:00:00.000Z | 2026-06-11T11:57:15Z | 2026-05-12T00:29:08Z | 2026-05-18T13:23:54Z | 2026-05-25T13:08:59Z | 2026-06-01T13:20:32Z | 2026-06-08T13:20:12Z"
"MI","Michigan","099fb876-a64c-4ff2-a801-4bc0f20b23fc","Dr. Dennis Dhondt","-82.94403852","42.5252358","dentist","general_dentistry | doctor","31042 Utica Rd","Fraser","48026-2534","MI","US","+15862944455","dhondt2@comcast.net","http://www.macombdds.com/","https://www.facebook.com/161685227194351","","0.9919463992118835","","9","meta | Overture","CDLA-Permissive-2.0","2026-04-27T00:00:00.000Z | 2026-06-11T11:57:15Z"
"MI","Michigan","09a1c447-55c5-4c74-b070-b96570e11362","Grand River","-83.967801","42.617919","dentist","health_and_medical | river","2700 W Grand River Ave","Howell","48843-8533","MI","US","+15175467211","wgndds2700@comcast.net","http://howelldentistry.com/","https://www.facebook.com/132690173423325","Grand River Dental Care","0.9379994869232178","","7","meta | Overture","CDLA-Permissive-2.0","2026-04-27T00:00:00.000Z | 2026-06-11T11:57:15Z"
"MI","Michigan","09c0262c-d921-4567-b867-75ee624748d9","Roy M. Rosen","-83.2217708","42.47740488","dentist","general_dentistry | doctor","25511 Southfield Rd","Southfield","48075-1830","MI","US","+12485591559","info@thedetroitdentist.com","http://www.thedetroitdentist.com","https://www.facebook.com/214206951923321","","0.9644501209259033","open","2","meta | Overture | Overture-signals","CDLA-Permissive-2.0","2026-04-27T00:00:00.000Z | 2026-06-11T11:57:15Z | 2026-05-25T13:08:59Z | 2026-06-01T13:20:32Z | 2026-06-08T13:20:12Z"
"MI","Michigan","09c4b8e0-19f0-4544-a2b1-36abb30504fd","Gerald T Licari","-85.1378513860462","42.7827086798777","dentist","","1032 4th Ave","Lake Odessa","48849","MI","US","(616) 374-8828","","http://www.healthgrades.com/dentist/dr-gerald-licari-y5v4b","https://www.facebook.com/147317281980179","","0.77","","5","Foursquare | Overture","Apache-2.0 | CDLA-Permissive-2.0","2025-08-22T00:00:00.000 | 2026-06-11T11:57:15Z"
"MI","Michigan","09e0930f-a9f0-40df-ba20-318686099ca7","My Community Dental Centers ~ St. Johns","-84.5354919","42.9871749","dentist","health_and_medical","1307 E Townsend Rd","Saint Johns","48879","MI","US","8558785026","","","","","0.9199122190475464","open","7","Microsoft | Overture | Overture-signals","CDLA-Permissive-2.0","2025-04-22T01:07:53.930Z | 2026-06-11T11:57:15Z | 2026-05-12T00:29:08Z | 2026-05-18T13:23:54Z | 2026-05-25T13:08:59Z | 2026-06-01T13:20:32Z | 2026-06-08T13:20:12Z"
"MI","Michigan","09f005d0-c9ac-41fb-a4ab-645f20fbdac4","Family Dentistry Dr. Jerry Clore","-85.6721509519592","42.8402439290636","dentist","","334 68th St SW","Grand Rapids","49548","MI","US","(616) 281-1331","","https://www.christianmembershipdirectory.com","","","0.9199122190475464","open","4","Foursquare | Overture | Overture-signals","Apache-2.0 | CDLA-Permissive-2.0","2025-08-22T00:00:00.000 | 2026-06-11T11:57:15Z | 2026-05-12T00:29:08Z | 2026-05-18T13:23:54Z | 2026-05-25T13:08:59Z | 2026-06-01T13:20:32Z | 2026-06-08T13:20:12Z"
"MI","Michigan","09f192a8-5fec-4c71-bbbe-1a136d5e4337","Bhola Monish DDS MS","-83.3805307945232","42.6898607386566","dentist","","4664 W Walton Blvd # 48329-35","Waterford","48329","MI","US","(248) 674-0418","","http://mdcsmile.com","https://www.facebook.com/141447449234690","","0.77","","5","Foursquare | Overture","Apache-2.0 | CDLA-Permissive-2.0","2025-08-19T00:00:00.000 | 2026-06-11T11:57:15Z"
"MI","Michigan","0a006671-4479-4c25-b4b9-aa14e5b07a8b","Dr. Timothy D. Andres","-83.17314083","42.21361012","dentist","general_dentistry | health_and_medical","1717 Ford Ave","Wyandotte","48192-2305","MI","US","+17342853100","frontdesk@drtimdentist.com","http://www.drtimdentist.com","https://www.facebook.com/159733597378844","","0.9199122190475464","open","9","meta | Overture | Overture-signals","CDLA-Permissive-2.0","2026-04-27T00:00:00.000Z | 2026-06-11T11:57:15Z | 2026-05-12T00:29:08Z | 2026-05-18T13:23:54Z | 2026-05-25T13:08:59Z | 2026-06-01T13:20:32Z | 2026-06-08T13:20:12Z"
"MI","Michigan","0a272844-f5b9-4720-9a49-535c5ffcb1fc","Spillane & Reynolds Orthodontics","-83.1504467631962","42.6826265691796","dentist","","1202 Walton Blvd Ste 200","Rochester","48307","MI","US","(248) 651-8860","myamazingsmile@aol.com","http://www.myamazingsmile.com","","","0.77","","5","Foursquare | Overture","Apache-2.0 | CDLA-Permissive-2.0","2025-08-22T00:00:00.000 | 2026-06-11T11:57:15Z"
"MI","Michigan","0a513d40-6d8b-460d-bce2-cf07765c0a37","Endodontics, PC","-83.2648513274975","42.3030891376878","dentist","","22731 Newman St Ste 125","Dearborn","48124","MI","US","(313) 565-9118","r1943j@aol.com","https://www.endodonticspc.com","","","0.77","","5","Foursquare | Overture","Apache-2.0 | CDLA-Permissive-2.0","2025-05-30T00:00:00.000 | 2026-06-11T11:57:15Z"
"MI","Michigan","0a749d88-e8ce-4282-a8fb-b182d0c0d754","Family Dentistry of Allen Park","-83.22865644","42.23068901","dentist","general_dentistry","10501 Allen Rd","Allen Park","48101","MI","US","+13133833000","office@familydentistryap.com","http://www.familydentistryap.com/","https://www.facebook.com/701888653207809","Bear Creek Family Dentistry","0.9902192950248718","open","7","meta | Overture | Overture-signals","CDLA-Permissive-2.0","2026-04-27T00:00:00.000Z | 2026-06-11T11:57:15Z | 2026-05-12T00:29:08Z | 2026-05-18T13:23:54Z | 2026-05-25T13:08:59Z | 2026-06-01T13:20:32Z | 2026-06-08T13:20:12Z"
"MI","Michigan","0a7e0dc2-584f-40bd-8f5f-729efb7499e4","Ravenna Family Dentistry","-85.93886017","43.18942727","dentist","general_dentistry","12374 Stafford St","Ravenna","49451-5104","MI","US","+12318536618","","http://www.ravennadentist.com/","https://www.facebook.com/1450413095240709","","0.9199122190475464","open","8","meta | Overture | Overture-signals","CDLA-Permissive-2.0","2026-04-27T00:00:00.000Z | 2026-06-11T11:57:15Z | 2026-05-12T00:29:08Z | 2026-05-18T13:23:54Z | 2026-05-25T13:08:59Z | 2026-06-01T13:20:32Z | 2026-06-08T13:20:12Z"
"MI","Michigan","0a81df0f-74c8-41ff-a2b5-e8eb09f4073d","Great Expressions Dental Centers - Wyandotte","-83.1804548","42.2154674","dentist","health_and_medical","1805 Fort St","Wyandotte","48192","MI","US","3133832270","","https://www.greatexpressions.com/dental-offices/dentist-in-lincoln-park-michigan/","","","0.9902192950248718","open","8","Microsoft | Overture | Overture-signals","CDLA-Permissive-2.0","2025-09-05T06:58:36.403Z | 2026-06-11T11:57:15Z | 2026-05-12T00:29:08Z | 2026-05-18T13:23:54Z | 2026-05-25T13:08:59Z | 2026-06-01T13:20:32Z | 2026-06-08T13:20:12Z"
"MI","Michigan","0a995af0-b22d-4134-bd24-959d0acc23d9","Mid Michigan Dental Excellence","-84.661658","43.377923","dentist","health_and_medical | teeth_whitening","306 N State St","Alma","48801-1619","MI","US","+19894634036","","http://www.midmichigandentalexcellence.com/","https://www.facebook.com/145913095555023","Mid Michigan Dental Excellence","0.8898736834526062","","7","meta | Overture","CDLA-Permissive-2.0","2026-04-27T00:00:00.000Z | 2026-06-11T11:57:15Z"
"MI","Michigan","0a9f4fb2-3ce6-443f-a3e2-1b763b9a31fe","Motto Clear Aligners","-87.0800871","45.7470684","dentist","health_and_medical","205 N Lincoln Rd","Escanaba","49829","MI","US","9062339477","","https://www.aspendental.com/dentist/mi/escanaba/205-north-lincoln-rd/motto-clear-aligners/","","","0.9199122190475464","open","7","Microsoft | Overture | Overture-signals","CDLA-Permissive-2.0","2025-10-05T05:45:13.983Z | 2026-06-11T11:57:15Z | 2026-05-12T00:29:08Z | 2026-05-18T13:23:54Z | 2026-05-25T13:08:59Z | 2026-06-01T13:20:32Z | 2026-06-08T13:20:12Z"
"MI","Michigan","0ab81e87-22a5-4488-9c51-598bc6789b67","Family Dentistry of Royal Oak","-83.17743681","42.51038215","dentist","endodontist | orthodontist","2711 W Webster Rd","Royal Oak","48073-3700","MI","US","+12483998100","marketing@royaloakfamilydentist.com","http://www.royaloakfamilydentist.com/","https://www.facebook.com/533964953327078","","0.9199122190475464","open","8","meta | Overture | Overture-signals","CDLA-Permissive-2.0","2026-04-27T00:00:00.000Z | 2026-06-11T11:57:15Z | 2026-05-12T00:29:08Z | 2026-05-18T13:23:54Z | 2026-05-25T13:08:59Z | 2026-06-01T13:20:32Z | 2026-06-08T13:20:12Z"
"MI","Michigan","0ac9e762-6562-43b7-b2a0-4eed3c4c0d67","Smile Avenue Family and Cosmetic Dentistry","-85.02482508","41.94441971","dentist","cosmetic_dentist | general_dentistry","591 W Chicago St","Coldwater","49036-9189","MI","US","+15172797900","smileavenue49036@yahoo.com","http://www.SmileAvenueDentistry.com/","https://www.facebook.com/157076437663930","Smile Avenue Family and Cosmetic Dentistry - Dr Amanda Stough, D.D.S.","0.9199122190475464","open","8","meta | Overture | Overture-signals","CDLA-Permissive-2.0","2026-04-27T00:00:00.000Z | 2026-06-11T11:57:15Z | 2026-05-12T00:29:08Z | 2026-05-18T13:23:54Z | 2026-05-25T13:08:59Z | 2026-06-01T13:20:32Z | 2026-06-08T13:20:12Z"
"MI","Michigan","0b2fc04b-7057-4a61-bd52-54f6d45c174f","Scott Hood Dds","-84.036485","41.898361","dentist","medical_service_organizations | cosmetic_dentist","127 S Main St","Adrian","49221-2623","MI","US","+15172656939","","http://cosmeticdentistryadrian.com","https://www.facebook.com/176736592391762","","0.5846129059791565","","1","meta | Overture","CDLA-Permissive-2.0","2026-04-27T00:00:00.000Z | 2026-06-11T11:57:15Z"
"MI","Michigan","0b42433c-c247-48f4-94fd-403e59b19a6c","Family Dental Services","-83.396441703257","43.4902181268268","dentist","","147 W Lincoln St","Caro","48723","MI","US","(989) 673-3314","","https://carohealthysmiles.com","https://www.facebook.com/161495073877874","","0.9199122190475464","open","4","Foursquare | Overture | Overture-signals","Apache-2.0 | CDLA-Permissive-2.0","2022-11-15T00:00:00.000 | 2026-06-11T11:57:15Z | 2026-05-12T00:29:08Z | 2026-05-18T13:23:54Z | 2026-05-25T13:08:59Z | 2026-06-01T13:20:32Z | 2026-06-08T13:20:12Z"
"MI","Michigan","0b44d09e-06f9-4018-8ab0-7b3478e491a4","Convenient Family Dentistry","-83.6301694744243","42.8879971441285","dentist","","9499 Holly Rd","Grand Blanc","48439","MI","US","(810) 694-7450","","http://www.cfdds.net","https://www.facebook.com/104927749573353","","0.77","","5","Foursquare | Overture","Apache-2.0 | CDLA-Permissive-2.0","2025-08-19T00:00:00.000 | 2026-06-11T11:57:15Z"
"MI","Michigan","0b563ec8-9423-4e0c-ab55-763a489f3dc0","dr reed orthodontist","-84.9576309006585","45.3733990742095","dentist","","414 Petoskey St","Petoskey","49770","MI","US","(231) 347-4145","","http://paulreedortho.com","","","0.9199122190475464","open","4","Foursquare | Overture | Overture-signals","Apache-2.0 | CDLA-Permissive-2.0","2025-08-22T00:00:00.000 | 2026-06-11T11:57:15Z | 2026-05-12T00:29:08Z | 2026-05-18T13:23:54Z | 2026-05-25T13:08:59Z | 2026-06-01T13:20:32Z | 2026-06-08T13:20:12Z"
"MI","Michigan","0b6ff22f-d7f5-462e-b65f-a526340db6dd","Turcotte Dentistry","-85.20064409","42.30099929","dentist","cafe | betting_center","131 Iroquois Ave","Battle Creek","49015-3324","MI","US","+12696017339","","https://turcotte-jeffrey-dds-plc.hub.biz/","https://www.facebook.com/111410205587974","","0.9199122190475464","open","6","meta | Overture | Overture-signals","CDLA-Permissive-2.0","2026-04-27T00:00:00.000Z | 2026-06-11T11:57:15Z | 2026-05-12T00:29:08Z | 2026-05-18T13:23:54Z | 2026-05-25T13:08:59Z | 2026-06-01T13:20:32Z | 2026-06-08T13:20:12Z"
"MI","Michigan","0ba6dca9-9871-4d4d-a40d-d5b2125702c9","Lisa Mcshane","-86.46995052","42.06702939","dentist","health_and_medical | cosmetic_dentist","2800 Niles Rd","St Joseph","49085-3317","MI","US","+12694292511","","http://www.lisamcshanedds.com","https://www.facebook.com/154409181266685","","0.7180330753326416","","7","meta | Overture","CDLA-Permissive-2.0","2026-04-27T00:00:00.000Z | 2026-06-11T11:57:15Z"
"MI","Michigan","0bb68a45-7c61-404e-a7c6-0fac575ab56e","Kakos Dental","-83.40246901","42.54104668","dentist","general_dentistry | cosmetic_dentist","6621 W Maple Rd","West Bloomfield","48322-3004","MI","US","+12484895950","info@kakosdental.com","http://kakosdental.com/","https://www.facebook.com/371968592813762","Kakos Dental","0.9199122190475464","open","8","meta | Overture | Overture-signals","CDLA-Permissive-2.0","2026-04-27T00:00:00.000Z | 2026-06-11T11:57:15Z | 2026-05-12T00:29:08Z | 2026-05-18T13:23:54Z | 2026-05-25T13:08:59Z | 2026-06-01T13:20:32Z | 2026-06-08T13:20:12Z"
"MI","Michigan","0bc13ef4-6e0d-4760-a315-4b2ccb060b81","Carleton Dental Care","-83.37935744","42.05594455","dentist","general_dentistry | doctor","117 Medical Center Dr","Carleton","48117-9461","MI","US","+17346548130","carletondentalcare@yahoo.com","http://carletondental.com/","https://www.facebook.com/162585344177283","Carleton Dental Practice","0.9199122190475464","open","8","meta | Overture | Overture-signals","CDLA-Permissive-2.0","2026-04-27T00:00:00.000Z | 2026-06-11T11:57:15Z | 2026-05-12T00:29:08Z | 2026-05-18T13:23:54Z | 2026-05-25T13:08:59Z | 2026-06-01T13:20:32Z | 2026-06-08T13:20:12Z"
"MI","Michigan","0beb7cb5-fbca-4258-add6-b01ecc52a48f","Smoler Smiles Family and Implant Dentistry","-83.3885876","42.31482707","dentist","general_dentistry","820 N Wayne Rd","Westland","48185-3632","MI","US","+17347285600","drbruce@smolersmiles.com","https://drsmoler.simplifydsystems.com/edu","https://www.facebook.com/78698238860","","0.9199122190475464","open","8","meta | Overture | Overture-signals","CDLA-Permissive-2.0","2026-04-27T00:00:00.000Z | 2026-06-11T11:57:15Z | 2026-05-12T00:29:08Z | 2026-05-18T13:23:54Z | 2026-05-25T13:08:59Z | 2026-06-01T13:20:32Z | 2026-06-08T13:20:12Z"
"MI","Michigan","0c0165c7-199b-4f96-af2f-8d99137576b6","Campbell William D DDS","-83.05194096","42.5653625","dentist","general_dentistry | medical_service_organizations","5555 Metropolitan Pkwy","Sterling Heights","48310-4102","MI","US","+15869778888","","http://www.williamcampbelldds.com/","https://www.facebook.com/147293995674735","","0.9199122190475464","open","7","meta | Overture | Overture-signals","CDLA-Permissive-2.0","2026-04-27T00:00:00.000Z | 2026-06-11T11:57:15Z | 2026-05-12T00:29:08Z | 2026-05-18T13:23:54Z | 2026-05-25T13:08:59Z | 2026-06-01T13:20:32Z | 2026-06-08T13:20:12Z"
"MI","Michigan","0c3510a7-7b93-4039-a920-00972ffd7513","Mark Peterson DDS","-85.6939448610965","43.0083726437655","dentist","","2440 Gaynor Ave NW","Grand Rapids","49544","MI","US","(616) 784-8444","","http://www.healthgrades.com/dentist/dr-mark-peterson-y77hn","https://www.facebook.com/394403283904559","","0.9199122190475464","open","4","Foursquare | Overture | Overture-signals","Apache-2.0 | CDLA-Permissive-2.0","2025-11-11T00:00:00.000 | 2026-06-11T11:57:15Z | 2026-05-12T00:29:08Z | 2026-05-18T13:23:54Z | 2026-05-25T13:08:59Z | 2026-06-01T13:20:32Z | 2026-06-08T13:20:12Z"
"MI","Michigan","0c8a4f66-09c3-4d09-81cf-e437d44b88f6","Tru Family Dental Trenton","-83.1917175628427","42.1548759514862","dentist","","1550 Kingsway Ct","Trenton","48183","MI","US","(734) 671-8414","","https://trufamilydental.com/dental-offices/trenton/","https://www.facebook.com/429896960545716","","0.9199122190475464","open","4","Foursquare | Overture | Overture-signals","Apache-2.0 | CDLA-Permissive-2.0","2023-01-05T00:00:00.000 | 2026-06-11T11:57:15Z | 2026-05-12T00:29:08Z | 2026-05-18T13:23:54Z | 2026-05-25T13:08:59Z | 2026-06-01T13:20:32Z | 2026-06-08T13:20:12Z"
"MI","Michigan","0c9c68d6-7140-4f1c-ae39-f7c2666fd3e3","Dr. Mark Salhaney DDS","-85.557971","42.945645","dentist","endodontist | health_and_medical","4500 Cascade Rd SE","Grand Rapids","49546-3665","MI","US","+16169571304","","http://www.salhaneydental.com","https://www.facebook.com/807361342714354","","0.6182252764701843","","8","meta | Overture","CDLA-Permissive-2.0","2026-04-27T00:00:00.000Z | 2026-06-11T11:57:15Z"
"MI","Michigan","0cb1574a-9363-48a6-8bee-e0721e18f5e5","Mid Michigan Dental Center","-84.17698709","43.01519427","dentist","general_dentistry | medical_center","1425 N M-52","Owosso","48867-1234","MI","US","+19897291999","info@drjafri.com","http://www.drjafri.com/","https://www.facebook.com/135368575573","","0.9722161889076233","open","9","meta | Overture | Overture-signals","CDLA-Permissive-2.0","2026-04-27T00:00:00.000Z | 2026-06-11T11:57:15Z | 2026-06-08T13:20:12Z"
"MI","Michigan","0ccc49b1-5a8e-4ec1-9894-b672a719ae8a","Smile to Me","-83.53582754","42.53092814","dentist","general_dentistry","646 N Wixom Rd","Wixom","48393-2172","MI","US","+12486241910","office@smiletomellc.com","https://www.smiletomedds.com/","https://www.facebook.com/104395322224414","","0.9902192950248718","open","9","meta | Overture | Overture-signals","CDLA-Permissive-2.0","2026-04-27T00:00:00.000Z | 2026-06-11T11:57:15Z | 2026-05-12T00:29:08Z | 2026-05-18T13:23:54Z | 2026-05-25T13:08:59Z | 2026-06-01T13:20:32Z | 2026-06-08T13:20:12Z"
"MI","Michigan","0ce1b7c5-3bc9-4e1c-9cf4-08a39e00952a","Ryan J Rinke DDS","-82.76435744","42.67674419","dentist","general_dentistry | health_and_medical","34301 23 Mile Rd","Chesterfield Twp","48047-4432","MI","US","+15867257571","rjrinke@sbcglobal.net","http://www.newbaltimore-dentist.com/","https://www.facebook.com/637222056305426","","0.9199122190475464","open","9","meta | Overture | Overture-signals","CDLA-Permissive-2.0","2026-04-27T00:00:00.000Z | 2026-06-11T11:57:15Z | 2026-05-12T00:29:08Z | 2026-05-18T13:23:54Z | 2026-05-25T13:08:59Z | 2026-06-01T13:20:32Z | 2026-06-08T13:20:12Z"
"MI","Michigan","0ce4ac4b-9cd3-426a-bf5d-3522f6e969bc","Rochester Advanced Dentistry","-83.13862604","42.68174218","dentist","cosmetic_dentist | general_dentistry","433 W University Dr","Rochester","48307-1943","MI","US","+12484536168","info@rochesteradvanceddentistry.com","https://www.rochesteradvanceddentistry.com/","https://www.facebook.com/123306132315","Rochester Advanced Dentistry","0.9902192950248718","open","8","meta | Overture | Overture-signals","CDLA-Permissive-2.0","2026-04-27T00:00:00.000Z | 2026-06-11T11:57:15Z | 2026-05-12T00:29:08Z | 2026-05-18T13:23:54Z | 2026-05-25T13:08:59Z | 2026-06-01T13:20:32Z | 2026-06-08T13:20:12Z"
"MI","Michigan","0cec1271-748b-4bde-965d-2796a4e995f6","Towler Family Dentistry","-84.03325734","41.90181237","dentist","general_dentistry | doctor","133 E Maple Ave","Adrian","49221-2157","MI","US","+15179017164","towlerfamilydentistry@42northdental.com","https://tyfamilydentistry.com/","https://www.facebook.com/999605410167501","","0.9199122190475464","open","9","meta | Overture | Overture-signals","CDLA-Permissive-2.0","2026-04-27T00:00:00.000Z | 2026-06-11T11:57:15Z | 2026-05-12T00:29:08Z | 2026-05-18T13:23:54Z | 2026-05-25T13:08:59Z | 2026-06-01T13:20:32Z | 2026-06-08T13:20:12Z"
"MI","Michigan","0d2e5809-7a6f-4f6a-a2ef-867fdc6ef850","Lasting Smile Dental","-83.03490511","42.71939583","dentist","general_dentistry","57850 Van Dyke Rd","Washington","48094-3821","MI","US","+15862071091","lastingsmiledental@gmail.com","https://lastingsmiledentalmichigan.com/","https://www.facebook.com/269416720418571","","0.9199122190475464","open","8","meta | Overture | Overture-signals","CDLA-Permissive-2.0","2026-04-27T00:00:00.000Z | 2026-06-11T11:57:15Z | 2026-05-12T00:29:08Z | 2026-05-18T13:23:54Z | 2026-05-25T13:08:59Z | 2026-06-01T13:20:32Z | 2026-06-08T13:20:12Z"
"MI","Michigan","0d423657-c7c3-4562-b90a-5a4b7d3c6594","EGR Dental","-85.61591913","42.95089287","dentist","general_dentistry | medical_service_organizations","2140 Wealthy St SE","East Grand Rapids","49506-3056","MI","US","+16164588901","contact@egrdental.com","http://www.egrdental.com/","https://www.facebook.com/178048695546757","","0.9807178974151611","","9","meta | Overture","CDLA-Permissive-2.0","2026-04-27T00:00:00.000Z | 2026-06-11T11:57:15Z"
"MI","Michigan","0d6cbc7c-5f10-4bca-87d3-b3a037055a46","Grove Dental Group","-83.95092436","43.41539908","dentist","endodontist | cosmetic_dentist","1555 S Washington Ave","Saginaw","48601-2818","MI","US","+19897540219","grovedentalrc@yahoo.com","https://www.robertwcadydds.com/","https://www.facebook.com/1412722288982771","","0.9199122190475464","open","7","meta | Overture | Overture-signals","CDLA-Permissive-2.0","2026-04-27T00:00:00.000Z | 2026-06-11T11:57:15Z | 2026-05-12T00:29:08Z | 2026-05-18T13:23:54Z | 2026-05-25T13:08:59Z | 2026-06-01T13:20:32Z | 2026-06-08T13:20:12Z"
"MI","Michigan","0d732550-03c4-4271-84aa-0764b732c861","DentalWorks & Orthodontics Royal Oak","-83.18364579","42.51604891","dentist","orthodontist | general_dentistry","30760 Woodward Ave","Royal Oak","48073-0918","MI","US","+12486750946","","https://www.dentalworks.com/offices/michigan/royal-oak/","https://www.facebook.com/184959958659949","DentalWorks","0.9199122190475464","open","8","meta | Overture | Overture-signals","CDLA-Permissive-2.0","2026-04-27T00:00:00.000Z | 2026-06-11T11:57:15Z | 2026-05-12T00:29:08Z | 2026-05-18T13:23:54Z | 2026-05-25T13:08:59Z | 2026-06-01T13:20:32Z | 2026-06-08T13:20:12Z"
"MI","Michigan","0d79b4f8-90be-47a1-9bcc-f1c8b2035902","Davison Dental PLLC","-83.51720563","43.01830118","dentist","general_dentistry | doctor","1049 S State Rd","Davison","48423-1903","MI","US","+18106533393","frontdesk@davisondental.com","http://www.DavisonDental.com/","https://www.facebook.com/211964123810","Davison Dental, PLLC","0.9199122190475464","open","9","meta | Overture | Overture-signals","CDLA-Permissive-2.0","2026-04-27T00:00:00.000Z | 2026-06-11T11:57:15Z | 2026-05-12T00:29:08Z | 2026-05-18T13:23:54Z | 2026-05-25T13:08:59Z | 2026-06-01T13:20:32Z | 2026-06-08T13:20:12Z"
"MI","Michigan","0dafdd7a-2051-4aef-97a0-15166f1d4e5b","Carl Piontkowski, DDS","-82.953458","42.610713","dentist","oral_surgeon","42657 Garfield Rd","Clinton Twp","48038-5023","MI","US","+15862635540","piontkowskicarl@yahoo.com","http://www.clintontownshipdentist.com/","https://www.facebook.com/1419118931717545","","0.5113946199417114","","5","meta | Overture","CDLA-Permissive-2.0","2026-04-27T00:00:00.000Z | 2026-06-11T11:57:15Z"
"MI","Michigan","0db97ce6-aa57-4df4-a73d-12c89b6b4f56","Dr. Dennis W. Mollard","-83.51874077","44.26716455","dentist","general_dentistry | doctor","508 W Lake St","Tawas City","48763-8318","MI","US","+19893626159","","www.lesneskidds.com","https://www.facebook.com/159395524082578","","0.8631211519241333","","9","meta | Overture","CDLA-Permissive-2.0","2026-04-27T00:00:00.000Z | 2026-06-11T11:57:15Z"
"MI","Michigan","0dcabc83-6e3d-4e01-affa-562772c19fc2","Dr. Serra's Dentist Office","-83.4609279459149","42.4783592658189","dentist","","42010 Grand River Ave, Novi, MI 48375, United States","Novi","48375","MI","US","(248) 380-9330","","http://dentalcarenovi.com","","","0.9199122190475464","open","4","Foursquare | Overture | Overture-signals","Apache-2.0 | CDLA-Permissive-2.0","2025-05-15T00:00:00.000 | 2026-06-11T11:57:15Z | 2026-05-12T00:29:08Z | 2026-05-18T13:23:54Z | 2026-05-25T13:08:59Z | 2026-06-01T13:20:32Z | 2026-06-08T13:20:12Z"
"MI","Michigan","0ddd806e-1228-4b4a-a96d-d7293852f639","Lakeside Family and Implant Dentistry","-82.97001973","42.61192121","dentist","general_dentistry | cosmetic_dentist","15400 19 Mile Rd","Clinton Twp","48038-6311","MI","US","+15866841731","smiles@mylakesidedentist.com","https://www.mylakesidedentist.com/","https://www.facebook.com/123213117546620","","0.9199122190475464","open","8","meta | Overture | Overture-signals","CDLA-Permissive-2.0","2026-04-27T00:00:00.000Z | 2026-06-11T11:57:15Z | 2026-05-12T00:29:08Z | 2026-05-18T13:23:54Z | 2026-05-25T13:08:59Z | 2026-06-01T13:20:32Z | 2026-06-08T13:20:12Z"
"MI","Michigan","0e3b9e29-3109-4bc8-a10b-42c9c6ab2935","Mack Dental Center","-82.9189486","42.44609922","dentist","general_dentistry | medical_service_organizations","20640 Vernier Rd","Harper Woods","48225-1415","MI","US","+13133436650","","http://mackdentalcenter.com/","https://www.facebook.com/141296795910896","","0.9199122190475464","open","7","meta | Overture | Overture-signals","CDLA-Permissive-2.0","2026-04-27T00:00:00.000Z | 2026-06-11T11:57:15Z | 2026-05-12T00:29:08Z | 2026-05-18T13:23:54Z | 2026-05-25T13:08:59Z | 2026-06-01T13:20:32Z | 2026-06-08T13:20:12Z"
"MI","Michigan","0eb7fd41-178f-4ce2-9612-6fb2645bebe2","Smile Orthodontics","-86.2160896273276","43.0441566051064","dentist","","17272 Robbins Rd Ste 104","Grand Haven","49417","MI","US","(616) 607-8023","jennahcoulson@sb-dental.com","https://www.modernfamilydentalgh.com","https://www.facebook.com/106685607365921","","0.9199122190475464","open","4","Foursquare | Overture | Overture-signals","Apache-2.0 | CDLA-Permissive-2.0","2023-02-02T00:00:00.000 | 2026-06-11T11:57:15Z | 2026-05-12T00:29:08Z | 2026-05-18T13:23:54Z | 2026-05-25T13:08:59Z | 2026-06-01T13:20:32Z | 2026-06-08T13:20:12Z"
"MI","Michigan","0eb90fa9-a316-4795-b07d-67bb2e477ad4","Smith Eric S DDS","-83.105895","42.499844","dentist","oral_surgeon | health_and_medical","28119 John R Rd","Madison Heights","48071-2810","MI","US","+12485488787","","","https://www.facebook.com/134613026590526","","0.8402217030525208","","10","meta | Overture","CDLA-Permissive-2.0","2026-04-27T00:00:00.000Z | 2026-06-11T11:57:15Z"
"MI","Michigan","0ebe7203-fe1e-4a72-b42f-0b108b0566ab","West Ann Arbor Dentistry","-83.7708074338243","42.2671748917295","dentist","","1817 W Stadium Blvd","Ann Arbor","48103","MI","US","(734) 663-0100","","http://www.westannarbordentistry.com","https://www.facebook.com/119260514836962","","0.9199122190475464","open","4","Foursquare | Overture | Overture-signals","Apache-2.0 | CDLA-Permissive-2.0","2023-04-19T00:00:00.000 | 2026-06-11T11:57:15Z | 2026-05-12T00:29:08Z | 2026-05-18T13:23:54Z | 2026-05-25T13:08:59Z | 2026-06-01T13:20:32Z | 2026-06-08T13:20:12Z"
"MI","Michigan","0ec769d6-4313-4efc-ab65-11d7f3f37fc7","Dr. Robert Hale DDS","-83.542133","43.034867","dentist","medical_service_organizations | doctor","8379 Davison Rd","Davison","48423-2089","MI","US","+18106537120","oralcare@rhaledds.com","http://www.rhaledds.com/","https://www.facebook.com/1351104201687811","Robert Hale DDS PC","0.9571689963340759","","9","meta | Overture","CDLA-Permissive-2.0","2026-04-27T00:00:00.000Z | 2026-06-11T11:57:15Z"
"MI","Michigan","0ed1cc08-763a-48df-9171-a9f5466ddb52","Convenient Dental Care","-82.8942290128096","42.5631747691407","dentist","","35992 S Gratiot Ave","Clinton Township","48035","MI","US","(586) 790-7360","","http://convenientdentalcare.com","https://www.facebook.com/556146881121125","","0.77","","5","Foursquare | Overture","Apache-2.0 | CDLA-Permissive-2.0","2025-08-22T00:00:00.000 | 2026-06-11T11:57:15Z"
"MI","Michigan","0ee6f168-c1f5-4042-a889-dcd47b24c392","Ferguson Family Dentistry","-86.35646504","43.41588473","dentist","general_dentistry","8670 Ferry St","Montague","49437-1208","MI","US","+12318944820","","https://josephfergusondds.com","https://www.facebook.com/527413884876820","","0.9864941835403442","","10","meta | Overture","CDLA-Permissive-2.0","2026-04-27T00:00:00.000Z | 2026-06-11T11:57:15Z"
"MI","Michigan","0efbb917-d982-4489-8fca-3c2907247332","marko farion","-83.16596806","42.53975784","dentist","cosmetic_dentist | general_dentistry","870 Crooks Rd","Clawson","48017-1311","MI","US","+12484350110","drmarkofarion@comcast.net","http://www.troydentists.com/","https://www.facebook.com/103842719695072","","0.9199122190475464","open","8","meta | Overture | Overture-signals","CDLA-Permissive-2.0","2026-04-27T00:00:00.000Z | 2026-06-11T11:57:15Z | 2026-05-12T00:29:08Z | 2026-05-18T13:23:54Z | 2026-05-25T13:08:59Z | 2026-06-01T13:20:32Z | 2026-06-08T13:20:12Z"
"MI","Michigan","0f019305-c87d-41f2-bb12-cfbce1727cdb","Dr. White Dental","-83.79484083","43.25023551","dentist","general_dentistry","7971 Main St","Birch Run","48415-8001","MI","US","+19896249381","info@drwhitedental.com","http://www.drwhitedental.com/","https://www.facebook.com/288991891199837","Dr. White Dental","0.9199122190475464","open","8","meta | Overture | Overture-signals","CDLA-Permissive-2.0","2026-04-27T00:00:00.000Z | 2026-06-11T11:57:15Z | 2026-05-12T00:29:08Z | 2026-05-18T13:23:54Z | 2026-05-25T13:08:59Z | 2026-06-01T13:20:32Z | 2026-06-08T13:20:12Z"
"MI","Michigan","0f09c351-aeb2-48fe-9455-cc520a44f542","Canton Family Smile","-83.487028759052","42.3258693379043","dentist","","5958 N Canton Center Rd","Canton","48187","MI","US","(734) 459-4960","samerdds@gmail.com","https://www.cantonfamilysmile.com","https://www.facebook.com/499657006801879","","0.77","","5","Foursquare | Overture","Apache-2.0 | CDLA-Permissive-2.0","2021-08-02T00:00:00.000 | 2026-06-11T11:57:15Z"
"MI","Michigan","0f303e10-f37f-400e-a5e6-700547ef7a27","Michigan Community Dental Clinics","-85.4838703366227","43.675784507033","dentist","","14435 Northland Dr","Big Rapids","49307","MI","US","(231) 796-3617","info@midental.org","http://www.midental.org","https://www.facebook.com/134493406736989","","0.9199122190475464","open","4","Foursquare | Overture | Overture-signals","Apache-2.0 | CDLA-Permissive-2.0","2025-08-22T00:00:00.000 | 2026-06-11T11:57:15Z | 2026-05-12T00:29:08Z | 2026-05-18T13:23:54Z | 2026-05-25T13:08:59Z | 2026-06-01T13:20:32Z | 2026-06-08T13:20:12Z"
"MI","Michigan","0f3574f8-6f4c-4312-b0c9-c5591a124f02","All About Sleep","-83.4578292","42.3226367","dentist","sleep_specialist | health_and_medical","42180 Ford Rd Ste 301","Canton","48187","MI","US","7342596633","","http://www.allaboutsleep.us/","","","0.9627123370766639","","6","Microsoft | Overture","CDLA-Permissive-2.0","2016-10-14T17:31:22.803Z | 2026-06-11T11:57:15Z"
"MI","Michigan","0f3b773d-1b3e-4862-94a1-b4203a087cb7","Mulder Dental","-85.61661625","42.88474022","dentist","general_dentistry | health_and_medical","2008 Eastcastle Dr SE","Grand Rapids","49508-8874","MI","US","+16164558400","","http://www.grandrapidsmidental.com/","https://www.facebook.com/158910737457161","","0.9199122190475464","open","8","meta | Overture | Overture-signals","CDLA-Permissive-2.0","2026-04-27T00:00:00.000Z | 2026-06-11T11:57:15Z | 2026-05-12T00:29:08Z | 2026-05-18T13:23:54Z | 2026-05-25T13:08:59Z | 2026-06-01T13:20:32Z | 2026-06-08T13:20:12Z"
"MI","Michigan","0f3f25df-713d-4310-b35b-caac8d180793","South Lyon Dental Care Center","-83.64930812","42.44128997","dentist","general_dentistry | doctor","21800 Pontiac Trl","South Lyon","48178-7400","MI","US","+12484378300","office@southlyondental.com","http://www.southlyondental.com/","https://www.facebook.com/473754386131362","South Lyon Dental Care Center","0.9902192950248718","open","11","meta | Overture | Overture-signals","CDLA-Permissive-2.0","2026-04-27T00:00:00.000Z | 2026-06-11T11:57:15Z | 2026-05-12T00:29:08Z | 2026-05-18T13:23:54Z | 2026-05-25T13:08:59Z | 2026-06-01T13:20:32Z | 2026-06-08T13:20:12Z"
"MI","Michigan","0f64410e-d363-4e4f-a975-2efab79f63dd","Roche Dental Laboratory","-85.6861341368935","42.869009286362","dentist","","900 52nd St SW","Wyoming","49509","MI","US","(616) 261-0150","","http://dentalservices.net","","","0.9199122190475464","open","4","Foursquare | Overture | Overture-signals","Apache-2.0 | CDLA-Permissive-2.0","2025-08-05T00:00:00.000 | 2026-06-11T11:57:15Z | 2026-05-12T00:29:08Z | 2026-05-18T13:23:54Z | 2026-05-25T13:08:59Z | 2026-06-01T13:20:32Z | 2026-06-08T13:20:12Z"
"MI","Michigan","0f6f2463-5ae9-4cb3-a863-d29ffb0743b6","Rummel Andrew DDS","-85.48186205","43.69804138","dentist","orthodontist | cosmetic_dentist","107 S Michigan Ave","Big Rapids","49307-1859","MI","US","+12315926597","","https://rummelortho.com","https://www.facebook.com/364020507674428","","0.989639163017273","","2","meta | Overture","CDLA-Permissive-2.0","2026-04-27T00:00:00.000Z | 2026-06-11T11:57:15Z"
"MI","Michigan","0f720db9-5f4c-47fb-8485-102785e26f79","Drs. Shaw and Jane","-83.4032310118308","42.4250295236946","dentist","","33627 7 Mile Rd","Livonia","48152","MI","US","(248) 471-1555","","https://www.thebigsmile.com","https://www.twitter.com/drsshawandjane | https://www.facebook.com/233700760019121","","0.77","","5","Foursquare | Overture","Apache-2.0 | CDLA-Permissive-2.0","2025-06-19T00:00:00.000 | 2026-06-11T11:57:15Z"
"MI","Michigan","0f7a5440-6fdc-4945-b761-75409f7dc9c7","Aspen Dental - Kalamazoo, MI","-85.652275","42.2965763","dentist","health_and_medical","5160 W Main St","Kalamazoo","49009","MI","US","2692208968","","https://www.aspendental.com/dentist/mi/kalamazoo/5160-west-main-street","","","0.9199122190475464","open","6","Microsoft | Overture | Overture-signals","CDLA-Permissive-2.0","2025-10-03T20:57:25.017Z | 2026-06-11T11:57:15Z | 2026-05-12T00:29:08Z | 2026-05-18T13:23:54Z | 2026-05-25T13:08:59Z | 2026-06-01T13:20:32Z | 2026-06-08T13:20:12Z"
"MI","Michigan","0f8a7e98-0295-4226-878d-778233471099","Marshall Family Dentistry","-84.98608479","42.26831235","dentist","general_dentistry | doctor","207 Winston Dr","Marshall","49068-8526","MI","US","+12697816300","marshallfamilydds@gmail.com","","https://www.facebook.com/1805969852952524","","0.9199122190475464","open","7","meta | Overture | Overture-signals","CDLA-Permissive-2.0","2026-04-27T00:00:00.000Z | 2026-06-11T11:57:15Z | 2026-05-12T00:29:08Z | 2026-05-18T13:23:54Z | 2026-05-25T13:08:59Z | 2026-06-01T13:20:32Z | 2026-06-08T13:20:12Z"
"MI","Michigan","0fe0e559-10e9-4264-a36b-9851e5f4370c","Dr. Karl M. Hogue","-84.24610323","43.65208001","dentist","health_and_medical | medical_service_organizations","5916 Eastman Ave","Midland","48640-6840","MI","US","+19898352785","hoguedds@sbcglobal.net","http://www.ident.ws/karlhoguedds","https://www.facebook.com/194228287209","","0.9199122190475464","open","6","meta | Overture | Overture-signals","CDLA-Permissive-2.0","2026-04-27T00:00:00.000Z | 2026-06-11T11:57:15Z | 2026-05-12T00:29:08Z | 2026-05-18T13:23:54Z | 2026-05-25T13:08:59Z | 2026-06-01T13:20:32Z | 2026-06-08T13:20:12Z"
"MI","Michigan","0fed700a-c345-4b5b-9320-08c21523942c","Michael James Brunner","-83.9457526099262","42.4548035080454","dentist","","315 S Howell St","Pinckney","48169","MI","US","(734) 878-3167","mjbrunnerdds@gmail.com","http://www.brunnerfamilydental.com","https://www.facebook.com/265410676817168","","0.9199122190475464","open","4","Foursquare | Overture | Overture-signals","Apache-2.0 | CDLA-Permissive-2.0","2025-08-19T00:00:00.000 | 2026-06-11T11:57:15Z | 2026-05-12T00:29:08Z | 2026-05-18T13:23:54Z | 2026-05-25T13:08:59Z | 2026-06-01T13:20:32Z | 2026-06-08T13:20:12Z"
"MI","Michigan","100b4144-d432-4803-b868-6aeb302ac1a6","MCDC","-83.02925908","42.35589599","dentist","general_dentistry | medical_center","3000 Gratiot Ave","Detroit","48207-2369","MI","US","+18773136232","","http://www.mydental.org/","https://www.facebook.com/189163725017101","Mydental","0.9199122190475464","open","8","meta | Overture | Overture-signals","CDLA-Permissive-2.0","2026-04-27T00:00:00.000Z | 2026-06-11T11:57:15Z | 2026-05-12T00:29:08Z | 2026-05-18T13:23:54Z | 2026-05-25T13:08:59Z | 2026-06-01T13:20:32Z | 2026-06-08T13:20:12Z"
"MI","Michigan","10113c7e-c78a-47d0-8ee5-34c7b0e7df9d","Great Lakes Dental","-83.8868600745079","42.3347405274356","dentist","","3060 Baker Rd","Dexter","48130","MI","US","(734) 426-4651","","http://www.greatlakesfamilydentalgroup.com/all-our-locations/dexter","","","0.9199122190475464","open","4","Foursquare | Overture | Overture-signals","Apache-2.0 | CDLA-Permissive-2.0","2025-08-22T00:00:00.000 | 2026-06-11T11:57:15Z | 2026-05-12T00:29:08Z | 2026-05-18T13:23:54Z | 2026-05-25T13:08:59Z | 2026-06-01T13:20:32Z | 2026-06-08T13:20:12Z"
"MI","Michigan","1013f175-6bb6-4767-800c-2609774bb8d1","Steven Taft DDS","-83.7730619","42.99710817","dentist","general_dentistry | cosmetic_dentist","2222 S Linden Rd","Flint","48532-5413","MI","US","+18107332222","","http://steventaftdds.com/","https://www.facebook.com/1708219782733962","","0.9199122190475464","open","8","meta | Overture | Overture-signals","CDLA-Permissive-2.0","2026-04-27T00:00:00.000Z | 2026-06-11T11:57:15Z | 2026-05-12T00:29:08Z | 2026-05-18T13:23:54Z | 2026-05-25T13:08:59Z | 2026-06-01T13:20:32Z | 2026-06-08T13:20:12Z"
"MI","Michigan","1015d12f-9b03-4c22-bac4-f2ff06bdaa19","Merit Dental","-82.89311768","42.52776012","dentist","general_dentistry | health_and_medical","31549 Harper Ave","St Clair Shores","48082-2455","MI","US","+15862931530","stclairshores@meritdental.com","https://meritdental.com/locations/michigan-dental-centers/st-clair-shores-mi/","https://www.facebook.com/432390269949386","Merit Dental","0.9199122190475464","open","9","meta | Overture | Overture-signals","CDLA-Permissive-2.0","2026-04-27T00:00:00.000Z | 2026-06-11T11:57:15Z | 2026-05-12T00:29:08Z | 2026-05-18T13:23:54Z | 2026-05-25T13:08:59Z | 2026-06-01T13:20:32Z | 2026-06-08T13:20:12Z"
"MI","Michigan","10182ebc-185c-4ea8-9a1f-20a1ce6d2787","Aspen Dental","-83.9688975","43.4795419","dentist","","2685 Tittabawassee Rd","Saginaw","48604","MI","US","","","https://www.aspendental.com/dentist/mi/saginaw/2685-tittabawassee-rd/","","Aspen Dental","0.954","","7","AllThePlaces | Overture","CC0-1.0 | CDLA-Permissive-2.0","2026-06-02T15:18:54.000Z | 2026-06-11T11:57:15Z"
"MI","Michigan","10213be8-6ac5-4eda-9171-9db7a8f714b7","Dobos Paul DDS PLLC","-84.17952894","42.45135882","dentist","medical_service_organizations | health_and_medical","120 E Main St","Stockbridge","49285-9482","MI","US","+15178518455","pauldobosdds@frontier.com","http://www.pauldobosdds.com/","https://www.facebook.com/116154605111838","","0.9199122190475464","open","6","meta | Overture | Overture-signals","CDLA-Permissive-2.0","2026-04-27T00:00:00.000Z | 2026-06-11T11:57:15Z | 2026-05-12T00:29:08Z | 2026-05-18T13:23:54Z | 2026-05-25T13:08:59Z | 2026-06-01T13:20:32Z | 2026-06-08T13:20:12Z"
"MI","Michigan","1025867e-8e26-4ec0-aa7d-c874f7070b40","Frankenmuth Fam Dent Assoc","-83.75571972","43.33540969","dentist","health_and_medical","1025 W Genesee St","Frankenmuth","48734","MI","US","9896526196","","https://www.frankenmuthfamilydental.com/","","","0.85","","5","Microsoft | Overture","CDLA-Permissive-2.0","2025-02-27T10:23:06.077Z | 2026-06-11T11:57:15Z"
"MI","Michigan","1028326f-7fb5-4ba8-ad79-fcf43163df6c","Family Dentistry of Dearborn","-83.18628977","42.33589923","dentist","general_dentistry","6325 Chase Rd","Dearborn","48126-4522","MI","US","+13135846530","mmahajeridds@hotmail.com","http://www.dearbornfamilydentist.com/","https://www.facebook.com/544275282334902","","0.9199122190475464","open","7","meta | Overture | Overture-signals","CDLA-Permissive-2.0","2026-04-27T00:00:00.000Z | 2026-06-11T11:57:15Z | 2026-05-12T00:29:08Z | 2026-05-18T13:23:54Z | 2026-05-25T13:08:59Z | 2026-06-01T13:20:32Z | 2026-06-08T13:20:12Z"
"MI","Michigan","103220da-bbba-4b12-a53c-e483ea64dbf3","Michigan Community Dental Clinics","-85.015865","45.213483","dentist","","1 Water St Ste 200","Boyne City","49712","MI","US","(231) 347-5884","","http://www.midental.org","","","0.9199122190475464","open","4","Foursquare | Overture | Overture-signals","Apache-2.0 | CDLA-Permissive-2.0","2025-08-05T00:00:00.000 | 2026-06-11T11:57:15Z | 2026-05-12T00:29:08Z | 2026-05-18T13:23:54Z | 2026-05-25T13:08:59Z | 2026-06-01T13:20:32Z | 2026-06-08T13:20:12Z"
"MI","Michigan","103606cd-8ce9-4e6b-8ad1-679ee1cb3c92","Pradko, Gallagher & Slanec","-82.7439047371749","42.7987593136538","dentist","","36600 Heritage Dr","Richmond","48062","MI","US","(586) 727-3815","","https://www.growingsmilespd.com","https://www.facebook.com/1620303184893849","","0.9199122190475464","open","4","Foursquare | Overture | Overture-signals","Apache-2.0 | CDLA-Permissive-2.0","2023-06-19T00:00:00.000 | 2026-06-11T11:57:15Z | 2026-05-12T00:29:08Z | 2026-05-18T13:23:54Z | 2026-05-25T13:08:59Z | 2026-06-01T13:20:32Z | 2026-06-08T13:20:12Z"
"MI","Michigan","10380002-420f-462a-b86b-f2d4e6948e35","Berman Family Dentistry","-83.4690655","42.35759156","dentist","general_dentistry | health_and_medical","9430 S Main St","Plymouth","48170-4149","MI","US","+17344532200","bermanfamilydentistry@gmail.com","http://www.bermanfamilydentistry.com/","https://www.facebook.com/297169950377182","","0.9199122190475464","open","9","meta | Overture | Overture-signals","CDLA-Permissive-2.0","2026-04-27T00:00:00.000Z | 2026-06-11T11:57:15Z | 2026-05-12T00:29:08Z | 2026-05-18T13:23:54Z | 2026-05-25T13:08:59Z | 2026-06-01T13:20:32Z | 2026-06-08T13:20:12Z"
"MI","Michigan","10539409-2bda-45b8-84b2-c104e62bf40a","Kaad Family Dentistry","-88.08089854","45.80325654","dentist","general_dentistry","828 John McNeil Dr","Kingsford","49802-4446","MI","US","+19067747304","kaadfamilydentistry@gmail.com","http://www.kaadfamilydentistry.com/","https://www.facebook.com/143115809067394","Kaad Family Dentistry","0.9199122190475464","open","9","meta | Overture | Overture-signals","CDLA-Permissive-2.0","2026-04-27T00:00:00.000Z | 2026-06-11T11:57:15Z | 2026-05-12T00:29:08Z | 2026-05-18T13:23:54Z | 2026-05-25T13:08:59Z | 2026-06-01T13:20:32Z | 2026-06-08T13:20:12Z"
"MI","Michigan","1077645a-01f3-4998-ba42-76fc2aa4400f","Goldstein Dental Group","-83.47496625","42.46438436","dentist","general_dentistry","23895 Novi Rd","Novi","48375-0200","MI","US","+12483742273","goldsteindds@hotmail.com","https://www.goldsteindentalgroup.com/","https://www.facebook.com/112319118253333","","0.9199122190475464","open","7","meta | Overture | Overture-signals","CDLA-Permissive-2.0","2026-04-27T00:00:00.000Z | 2026-06-11T11:57:15Z | 2026-05-12T00:29:08Z | 2026-05-18T13:23:54Z | 2026-05-25T13:08:59Z | 2026-06-01T13:20:32Z | 2026-06-08T13:20:12Z"
"MI","Michigan","109d6129-27d6-40d3-8692-b50ce60cff91","Schoonover William D DDS","-84.6112374823057","42.8254350577224","dentist","","4321 W Herbison Rd","Dewitt","48820","MI","US","(517) 669-3655","","http://dewittdental.com","https://www.facebook.com/162158277135720","","0.9199122190475464","open","4","Foursquare | Overture | Overture-signals","Apache-2.0 | CDLA-Permissive-2.0","2025-08-22T00:00:00.000 | 2026-06-11T11:57:15Z | 2026-05-12T00:29:08Z | 2026-05-18T13:23:54Z | 2026-05-25T13:08:59Z | 2026-06-01T13:20:32Z | 2026-06-08T13:20:12Z"
"MI","Michigan","10bd3885-3b58-4706-93fb-01e6692b4fdc","Dillingham & Associates","-83.24172411","42.58102445","dentist","general_dentistry | doctor","39400 Woodward Ave","Bloomfield Hills","48304-5150","MI","US","+12486459797","info@dillinghamdds.com","https://www.dillinghamdds.com/","https://www.facebook.com/662474503827559","","0.9199122190475464","open","8","meta | Overture | Overture-signals","CDLA-Permissive-2.0","2026-04-27T00:00:00.000Z | 2026-06-11T11:57:15Z | 2026-05-12T00:29:08Z | 2026-05-18T13:23:54Z | 2026-05-25T13:08:59Z | 2026-06-01T13:20:32Z | 2026-06-08T13:20:12Z"
"MI","Michigan","10de198a-7649-4875-884d-2b84c650a4ee","Uppleger Dental","-83.22381543","42.51623122","dentist","general_dentistry | cosmetic_dentist","30855 Southfield Rd","Southfield","48076-7735","MI","US","+12487922400","info@upplegerdental.com","http://upplegerdental.com/","https://www.facebook.com/133218133453443","","0.9199122190475464","open","7","meta | Overture | Overture-signals","CDLA-Permissive-2.0","2026-04-27T00:00:00.000Z | 2026-06-11T11:57:15Z | 2026-05-12T00:29:08Z | 2026-05-18T13:23:54Z | 2026-05-25T13:08:59Z | 2026-06-01T13:20:32Z | 2026-06-08T13:20:12Z"
"MI","Michigan","10e53175-b7d2-4797-8ff6-6786bee34291","Mark K Turcotte D.D.S.","-83.1304431313864","42.6233400125022","dentist","","S Rochester Rd, MI","Rochester","48307","MI","US","(248) 853-3022","","http://www.markturcottefamilydental.com","","","0.77","","5","Foursquare | Overture","Apache-2.0 | CDLA-Permissive-2.0","2025-06-26T00:00:00.000 | 2026-06-11T11:57:15Z"
"MI","Michigan","10e69970-ed15-4d3c-9739-1781f1e762b4","West Michigan Dental Professionals","-85.50546666","42.80595158","dentist","endodontist","6477 Cherry Meadow Dr SE","Caledonia","49316-7350","MI","US","+16168918990","info@smilewmdp.com","http://www.smilewmdp.com/","https://www.facebook.com/149948058377530","","0.9199122190475464","open","7","meta | Overture | Overture-signals","CDLA-Permissive-2.0","2026-04-27T00:00:00.000Z | 2026-06-11T11:57:15Z | 2026-05-12T00:29:08Z | 2026-05-18T13:23:54Z | 2026-05-25T13:08:59Z | 2026-06-01T13:20:32Z | 2026-06-08T13:20:12Z"
"MI","Michigan","10f1332d-871e-4391-997f-4833edb5f459","Ivanrest Family Dentistry","-85.7431226986192","42.9082234926105","dentist","","3100 Ivanrest Ave SW","Grandville","49418","MI","US","(616) 538-3060","ivanrestfamilydentistry@gmail.com","http://www.ivanrestdentistry.com","https://www.facebook.com/212179395616478","","0.9199122190475464","open","4","Foursquare | Overture | Overture-signals","Apache-2.0 | CDLA-Permissive-2.0","2022-08-29T00:00:00.000 | 2026-06-11T11:57:15Z | 2026-05-12T00:29:08Z | 2026-05-18T13:23:54Z | 2026-05-25T13:08:59Z | 2026-06-01T13:20:32Z | 2026-06-08T13:20:12Z"
"MI","Michigan","10f690e1-fdb4-4979-a790-511f3f743443","Martines Dental Laboratory","-83.05455395","42.55023766","dentist","health_and_medical","5322 15 Mile Rd","Sterling Heights","48310-5112","MI","US","+15862683535","larry@martinesdentallab.com","http://www.martinesdentallab.com/","https://www.facebook.com/290934097620851","","0.9199122190475464","open","7","meta | Overture | Overture-signals","CDLA-Permissive-2.0","2026-04-27T00:00:00.000Z | 2026-06-11T11:57:15Z | 2026-05-12T00:29:08Z | 2026-05-18T13:23:54Z | 2026-05-25T13:08:59Z | 2026-06-01T13:20:32Z | 2026-06-08T13:20:12Z"
"MI","Michigan","110d55e3-c32c-4755-af36-1c60701107dd","Farmbrook Dental Group","-83.2865019344547","42.5461783080536","dentist","","6400 Telegraph Rd Ste 1500","Bloomfield Hills","48301","MI","US","(248) 855-0824","","http://farmbrookdentalgroup.com","","","0.9902192950248718","open","7","Foursquare | Overture | Overture-signals","Apache-2.0 | CDLA-Permissive-2.0","2025-08-22T00:00:00.000 | 2026-06-11T11:57:15Z | 2026-05-12T00:29:08Z | 2026-05-18T13:23:54Z | 2026-05-25T13:08:59Z | 2026-06-01T13:20:32Z | 2026-06-08T13:20:12Z"
"MI","Michigan","1110e18f-059f-440e-a957-dd53736002b8","James F Holtgreive DDS","-85.565518","42.3028594","dentist","health_and_medical","1206 Gull Rd","Kalamazoo","49048","MI","US","2693852100","","","","","0.9199122190475464","open","7","Microsoft | Overture | Overture-signals","CDLA-Permissive-2.0","2015-05-14T09:48:17.587Z | 2026-06-11T11:57:15Z | 2026-05-12T00:29:08Z | 2026-05-18T13:23:54Z | 2026-05-25T13:08:59Z | 2026-06-01T13:20:32Z | 2026-06-08T13:20:12Z"
"MI","Michigan","1124ed9b-3b88-4d01-84ba-9d1f1649617c","Dr Prelene Jaglal- FNB Bank City Specialist Medical & Dental Centre","-84.4553637169679","44.9851010975467","dentist","doctor | family_practice","Shop 8, 4 First Place Cnr Harrison & Pritchard Street, Johannesburg CBD","Johannesburg","2001","MI","US","","dr.p.jaglal@gmail.com","http://drpjaglal.wixsite.com/","https://www.facebook.com/787527564937867","","0.8025313019752502","","10","meta | Overture","CDLA-Permissive-2.0","2026-04-27T00:00:00.000Z | 2026-06-11T11:57:15Z"
"MI","Michigan","1128fbac-f291-4887-bd15-d573021c0bfe","Motto Clear Aligners","-83.43320609","42.322761","dentist","health_and_medical","39883 Ford Rd","Canton","48187","MI","US","7344563155","","https://www.aspendental.com/dentist/mi/canton/39883-ford-road/motto-clear-aligners/","","","0.9199122190475464","open","8","Microsoft | Overture | Overture-signals","CDLA-Permissive-2.0","2025-10-03T21:12:27.317Z | 2026-06-11T11:57:15Z | 2026-05-12T00:29:08Z | 2026-05-18T13:23:54Z | 2026-05-25T13:08:59Z | 2026-06-01T13:20:32Z | 2026-06-08T13:20:12Z"
"MI","Michigan","11352858-3ad1-467b-ba71-bcd0e1a5f719","West Michigan Oral & Maxillofacial Surgery","-85.770175553143","42.8841696983839","dentist","","4330 44th St SW","Grandville","49418","MI","US","(616) 530-4710","","https://www.westmichiganoralsurgery.com","https://www.twitter.com/wmoms | https://www.facebook.com/426991947695329","","0.77","","5","Foursquare | Overture","Apache-2.0 | CDLA-Permissive-2.0","2025-08-22T00:00:00.000 | 2026-06-11T11:57:15Z"
"MI","Michigan","11692f59-87d4-4a38-a868-d5ebc0643b1c","Jeffrey Smith","-85.74333301","42.90862105","dentist","general_dentistry","3050 Ivanrest Ave SW","Grandville","49418-1400","MI","US","+16165311554","","https://www.jeffsmithddsms.com","https://www.facebook.com/162465563783620","","0.9989307625889778","","9","meta | Overture","CDLA-Permissive-2.0","2026-04-27T00:00:00.000Z | 2026-06-11T11:57:15Z"
"MI","Michigan","116bc9af-8c37-4991-95c5-1a83b2fc615a","River Ridge Dentistry","-85.70390476","42.86114492","dentist","general_dentistry | cosmetic_dentist","5675 Burlingame Ave SW","Wyoming","49509-9700","MI","US","+16165387320","info@riverridgedentistry.com","http://www.riverridgedentistry.com/","https://www.facebook.com/282793181867","River Ridge Family Dentistry and Integrated Oral Health","0.9199122190475464","open","9","meta | Overture | Overture-signals","CDLA-Permissive-2.0","2026-04-27T00:00:00.000Z | 2026-06-11T11:57:15Z | 2026-05-12T00:29:08Z | 2026-05-18T13:23:54Z | 2026-05-25T13:08:59Z | 2026-06-01T13:20:32Z | 2026-06-08T13:20:12Z"
"MI","Michigan","1173514f-b0e9-4c52-a5b8-80a8e412a179","Aspen Dental","-83.318834","43.051416","dentist","","936 S Main St","Lapeer","48446","MI","US","","","https://www.aspendental.com/dentist/mi/lapeer/936-s-main-st/","","Aspen Dental","0.8","","2","AllThePlaces | Overture","CC0-1.0 | CDLA-Permissive-2.0","2026-06-02T15:18:54.000Z | 2026-06-11T11:57:15Z"
"MI","Michigan","118fdbff-78ea-4473-aa53-d84dca1b4aba","Smile connections","-83.0857595403038","42.5005345116011","dentist","","28303 Dequindre Rd, Madison Heights, MI 48071","Madison Heights","48071","MI","US","(248) 398-6600","veldent@yahoo.com","http://www.smile-connections.com","https://www.facebook.com/387982754599079","","0.77","","3","Foursquare | Overture","Apache-2.0 | CDLA-Permissive-2.0","2025-08-22T00:00:00.000 | 2026-06-11T11:57:15Z"
"MI","Michigan","11b871d8-e003-4bb2-bbe9-20ee92a071fc","daily dental Center","-83.7597025239395","42.2448316888709","dentist","","905 W Eisenhower Cir Ste 105","Ann Arbor","48103","MI","US","(734) 997-8805","drwang@dailydentalcenter.com","http://www.dailydentalcenter.com","https://www.facebook.com/409826195707951","","0.9902192950248718","open","4","Foursquare | Overture | Overture-signals","Apache-2.0 | CDLA-Permissive-2.0","2026-01-21T00:00:00.000 | 2026-06-11T11:57:15Z | 2026-05-12T00:29:08Z | 2026-05-18T13:23:54Z | 2026-05-25T13:08:59Z | 2026-06-01T13:20:32Z | 2026-06-08T13:20:12Z"
"MI","Michigan","11e89f15-3bec-4a6e-b552-a7ed4b11ca9e","Dr. Ali A. Sobh","-83.18686075","42.32895777","dentist","general_dentistry | doctor","14639 Ford Rd","Dearborn","48126-3173","MI","US","+13135821960","","","https://www.facebook.com/180742591986549","","0.9199122190475464","open","7","meta | Overture | Overture-signals","CDLA-Permissive-2.0","2026-04-27T00:00:00.000Z | 2026-06-11T11:57:15Z | 2026-05-12T00:29:08Z | 2026-05-18T13:23:54Z | 2026-05-25T13:08:59Z | 2026-06-01T13:20:32Z | 2026-06-08T13:20:12Z"
"MI","Michigan","11ea6ffb-d765-4b21-b36d-f9abb3a3d7c2","Linden Family Dental","-83.7811554","42.81223291","dentist","general_dentistry","314 S Main St","Linden","48451-8949","MI","US","+18107357868","appointments4lfd@gmail.com","http://www.lindenfamilydental.net/","https://www.facebook.com/103458928780974","","0.9199122190475464","open","7","meta | Overture | Overture-signals","CDLA-Permissive-2.0","2026-04-27T00:00:00.000Z | 2026-06-11T11:57:15Z | 2026-05-12T00:29:08Z | 2026-05-18T13:23:54Z | 2026-05-25T13:08:59Z | 2026-06-01T13:20:32Z | 2026-06-08T13:20:12Z"
"MI","Michigan","11fd6016-58bb-41c7-90e2-8c3b14feaf1a","Tru Family Dental","-82.99305748","42.61203257","dentist","general_dentistry | family_practice","43205 Schoenherr Rd","Sterling Heights","48313-1957","MI","US","+15863817819","tfdsterlingheights@mydentalmail.com","https://tfdsterlingheights.com/","https://www.facebook.com/102977075376888","","0.9199122190475464","open","8","meta | Overture | Overture-signals","CDLA-Permissive-2.0","2026-04-27T00:00:00.000Z | 2026-06-11T11:57:15Z | 2026-05-12T00:29:08Z | 2026-05-18T13:23:54Z | 2026-05-25T13:08:59Z | 2026-06-01T13:20:32Z | 2026-06-08T13:20:12Z"
"MI","Michigan","11fefa72-19c4-4fc5-b9d5-6bf8017327d4","Young Robert D Dds","-83.07783633","43.02450189","dentist","cosmetic_dentist | general_dentistry","110 W 3rd St","Imlay City","48444-1096","MI","US","+18107246441","imlaycitydentist@gmail.com","http://www.imlaycitydentist.com/","https://www.facebook.com/120162676043373","","0.9996558208167553","","9","meta | Overture","CDLA-Permissive-2.0","2026-04-27T00:00:00.000Z | 2026-06-11T11:57:15Z"
"MI","Michigan","123c17a3-d985-4718-b1cc-c14b3e5af575","Kakaris Family Dental","-83.22696488","42.15430337","dentist","general_dentistry | medical_service_organizations","21080 Allen Rd","Woodhaven","48183-1602","MI","US","+18555252747","info@kakarisdentistry.com","http://kakarisdentistry.com/","https://www.facebook.com/189954945752","Kakaris Dentistry","0.992220938205719","open","11","meta | Overture | Overture-signals","CDLA-Permissive-2.0","2026-04-27T00:00:00.000Z | 2026-06-11T11:57:15Z | 2026-05-12T00:29:08Z | 2026-06-08T13:20:12Z"
"MI","Michigan","128b8cba-e63f-4f5a-9516-b7239fb2d843","Kakaris Family Dentistry","-83.2281175577358","42.154548903705","dentist","","21080 Allen Rd","Woodhaven","48183","MI","US","(855) 525-2747","info@kakarisdentistry.com","http://www.kakarisdentistry.com","https://www.twitter.com/kakarisdentist | https://www.facebook.com/189954945752","","0.9199122190475464","open","4","Foursquare | Overture | Overture-signals","Apache-2.0 | CDLA-Permissive-2.0","2021-11-05T00:00:00.000 | 2026-06-11T11:57:15Z | 2026-05-12T00:29:08Z | 2026-05-18T13:23:54Z | 2026-05-25T13:08:59Z | 2026-06-01T13:20:32Z | 2026-06-08T13:20:12Z"
"MI","Michigan","12ba8f45-e1f6-4752-90b9-0367cf3711b0","endodontic associates pc","-83.4190769913379","42.723334779792","dentist","","6770 Dixie Hwy Ste 300","Clarkston","48346","MI","US","(248) 620-0002","annarbor@endodonticassoc.com","http://www.endodonticassoc.com","https://www.facebook.com/169739423090099","","0.77","","5","Foursquare | Overture","Apache-2.0 | CDLA-Permissive-2.0","2026-03-06T00:00:00.000 | 2026-06-11T11:57:15Z"
"MI","Michigan","12c8eaac-99f8-4ac1-935b-0a35a9d1c0f6","Ortisi and Abate Family Dentistry","-82.98750738","42.55248024","dentist","general_dentistry","13801 15 Mile Rd","Sterling Heights","48312-4206","MI","US","+15869782250","mabate92@comcast.net","https://ortisiandabatefamilydentistry.com/","https://www.facebook.com/192356040809284","","0.9998264288008213","","9","meta | Overture","CDLA-Permissive-2.0","2026-04-27T00:00:00.000Z | 2026-06-11T11:57:15Z"
"MI","Michigan","12cf44ea-e842-4c5f-af66-2691dca0fad5","Matthew Pinsky, BSBA, DDS, MD","-83.7650678","42.5219325","dentist","health_and_medical","9880 E Grand River Ave Ste 150","Brighton","48116","MI","US","8102272626","","https://www.ofsmi.com/","","","0.9199122190475464","open","6","Microsoft | Overture | Overture-signals","CDLA-Permissive-2.0","2025-09-17T23:29:44.030Z | 2026-06-11T11:57:15Z | 2026-05-12T00:29:08Z | 2026-05-18T13:23:54Z | 2026-05-25T13:08:59Z | 2026-06-01T13:20:32Z | 2026-06-08T13:20:12Z"
"MI","Michigan","12f721a3-bac1-4cbd-9cd9-6c87926fcc87","Contemporary Endodontics","-83.719257","42.945654","dentist","doctor | endodontist","5409 Gateway Ctr","Flint","48507-3992","MI","US","+18102350100","","http://www.kinraendo.com/","https://www.facebook.com/200401616738722","","0.9772447347640991","","9","meta | Overture","CDLA-Permissive-2.0","2026-04-27T00:00:00.000Z | 2026-06-11T11:57:15Z"
"MI","Michigan","132b53c0-898c-4cfb-8677-657c97a53aa3","Moon Jr William H DDS","-83.63350992","43.0051709","dentist","lawyer | health_and_medical","1481 S Center Rd","Burton","48509-1779","MI","US","+18107442982","","http://moonjrwilliamhdds.placeweb.site","https://www.facebook.com/148647205178596","","0.9199122190475464","open","6","meta | Overture | Overture-signals","CDLA-Permissive-2.0","2026-04-27T00:00:00.000Z | 2026-06-11T11:57:15Z | 2026-05-12T00:29:08Z | 2026-05-18T13:23:54Z | 2026-05-25T13:08:59Z | 2026-06-01T13:20:32Z | 2026-06-08T13:20:12Z"
"MI","Michigan","1354cb8e-f16f-4fc7-a3b1-288a90b8f498","Midtowne Smiles","-85.65434533","42.97148077","dentist","general_dentistry | cosmetic_dentist","555 Mid Towne NE","Grand Rapids","49503-5729","MI","US","+16167849150","office@midtownedentistry.com","https://www.midtownedentistry.com/","https://www.facebook.com/164602473566541","","0.9938959687948227","","8","meta | Overture","CDLA-Permissive-2.0","2026-04-27T00:00:00.000Z | 2026-06-11T11:57:15Z"
"MI","Michigan","1392ccb0-6325-4a80-bf6f-f8cbdf0b3c78","Quakertown Family Dental Center","-83.37392629","42.498459","dentist","general_dentistry","32905 W 12 Mile Rd","Farmington Hills","48334-3342","MI","US","+12484897008","","","https://www.facebook.com/192366154241611","","0.9199122190475464","open","7","meta | Overture | Overture-signals","CDLA-Permissive-2.0","2026-04-27T00:00:00.000Z | 2026-06-11T11:57:15Z | 2026-05-12T00:29:08Z | 2026-05-18T13:23:54Z | 2026-05-25T13:08:59Z | 2026-06-01T13:20:32Z | 2026-06-08T13:20:12Z"
"MI","Michigan","13a61589-a1dc-49cb-acf6-944e6267af67","Gary Adiska DDS PC","-84.180387941924","42.4515884693898","dentist","","100 W Main St","Stockbridge","49285","MI","US","(517) 851-8008","","https://www.adiskafamilydental.com","https://www.facebook.com/789734814474453","","0.9199122190475464","open","4","Foursquare | Overture | Overture-signals","Apache-2.0 | CDLA-Permissive-2.0","2025-08-22T00:00:00.000 | 2026-06-11T11:57:15Z | 2026-05-12T00:29:08Z | 2026-05-18T13:23:54Z | 2026-05-25T13:08:59Z | 2026-06-01T13:20:32Z | 2026-06-08T13:20:12Z"
"MI","Michigan","13aa6b55-bf1c-4677-a12b-21ee0f93cb67","Belleville Smiles","-83.48618036","42.2050528","dentist","general_dentistry","35 Main St","Belleville","48111-3286","MI","US","+17346973011","office@belleville-smiles.com","http://belleville-smiles.com/","https://www.facebook.com/549270291594619","","0.9199122190475464","open","7","meta | Overture | Overture-signals","CDLA-Permissive-2.0","2026-04-27T00:00:00.000Z | 2026-06-11T11:57:15Z | 2026-05-12T00:29:08Z | 2026-05-18T13:23:54Z | 2026-05-25T13:08:59Z | 2026-06-01T13:20:32Z | 2026-06-08T13:20:12Z"
"MI","Michigan","13d9e1a9-1aea-4cca-918d-c271f7505582","Rummell Orthodontics - Andrew Rummel DDS","-85.4817623709672","43.6981106392906","dentist","","107 S Michigan Ave","Big Rapids","49307","MI","US","(231) 592-6597","","https://weence.com/dentists/rummel-andrew-dds","","","0.9199122190475464","open","4","Foursquare | Overture | Overture-signals","Apache-2.0 | CDLA-Permissive-2.0","2025-08-22T00:00:00.000 | 2026-06-11T11:57:15Z | 2026-05-12T00:29:08Z | 2026-05-18T13:23:54Z | 2026-05-25T13:08:59Z | 2026-06-01T13:20:32Z | 2026-06-08T13:20:12Z"
"MI","Michigan","13fcea2b-9b87-4091-aaa3-4e19d2154850","Dee Michael P DDS","-84.12125402","43.52461344","dentist","general_dentistry | medical_service_organizations","180 E Washington St","Freeland","48623","MI","US","+19896955578","","","https://www.facebook.com/453231871766805","","0.9199122190475464","open","8","meta | Overture | Overture-signals","CDLA-Permissive-2.0","2026-04-27T00:00:00.000Z | 2026-06-11T11:57:15Z | 2026-05-12T00:29:08Z | 2026-05-18T13:23:54Z | 2026-05-25T13:08:59Z | 2026-06-01T13:20:32Z | 2026-06-08T13:20:12Z"
"MI","Michigan","14103b8c-867d-4f86-8589-258d872e0ddb","Todd Feller D.D.S. PC","-83.6478624","42.24783199","dentist","","567 N Hewitt Rd","Ypsilanti","48197-1812","MI","US","+17345289306","fellerdental@sbcglobal.net","http://www.fellerdental.com","https://www.facebook.com/101409531555086","","0.9199122190475464","open","6","meta | Overture | Overture-signals","CDLA-Permissive-2.0","2026-04-27T00:00:00.000Z | 2026-06-11T11:57:15Z | 2026-05-12T00:29:08Z | 2026-05-18T13:23:54Z | 2026-05-25T13:08:59Z | 2026-06-01T13:20:32Z | 2026-06-08T13:20:12Z"
"MI","Michigan","14133824-e240-4396-b2a7-4c94b28d0269","Advanced Endodontics","-83.44010222","42.52668382","dentist","endodontist | doctor","39525 W 14 Mile Rd","Novi","48377-1632","MI","US","+12486689103","info@advancedendonet.com","https://www.freewaysites.com/advancedendonet/","https://www.facebook.com/1601709640093423","Advanced Endodontics","0.9199122190475464","open","8","meta | Overture | Overture-signals","CDLA-Permissive-2.0","2026-04-27T00:00:00.000Z | 2026-06-11T11:57:15Z | 2026-05-12T00:29:08Z | 2026-05-18T13:23:54Z | 2026-05-25T13:08:59Z | 2026-06-01T13:20:32Z | 2026-06-08T13:20:12Z"
"MI","Michigan","142757c3-1169-400e-ad00-69869147a5e4","Novi Reconstructive Dentistry","-83.46326911","42.47894021","dentist","general_dentistry | health_and_medical","42260 Grand River Ave","Novi","48375-1836","MI","US","+12483497900","","https://www.novireconstructivedentistry.com","https://www.facebook.com/151845801523947","","0.9199122190475464","open","7","meta | Overture | Overture-signals","CDLA-Permissive-2.0","2026-04-27T00:00:00.000Z | 2026-06-11T11:57:15Z | 2026-05-12T00:29:08Z | 2026-05-18T13:23:54Z | 2026-05-25T13:08:59Z | 2026-06-01T13:20:32Z | 2026-06-08T13:20:12Z"
"MI","Michigan","142d3f2a-de94-4567-a033-d19fc9e28359","Care Free Medical","-84.56752","42.74119","dentist","family_practice | doctor","1100 W Saginaw St","Lansing","48915-2020","MI","US","+15178875922","bsaltman@carefreemedical.org","http://www.carefreemedical.com","https://www.facebook.com/347880258570092","","0.9199122190475464","open","7","meta | Overture | Overture-signals","CDLA-Permissive-2.0","2026-04-27T00:00:00.000Z | 2026-06-11T11:57:15Z | 2026-05-12T00:29:08Z | 2026-05-18T13:23:54Z | 2026-05-25T13:08:59Z | 2026-06-01T13:20:32Z | 2026-06-08T13:20:12Z"
"MI","Michigan","142d464c-3a37-407f-8e5c-7dc5d8956e85","North Park Family Dental","-85.65902799","43.02204879","dentist","general_dentistry","422 N Park St NE","Grand Rapids","49525","MI","US","+16163617265","info@npfamilydental.com","http://www.npfamilydental.com/","https://www.facebook.com/118399904843249","Park Dental","0.9199122190475464","open","8","meta | Overture | Overture-signals","CDLA-Permissive-2.0","2026-04-27T00:00:00.000Z | 2026-06-11T11:57:15Z | 2026-05-12T00:29:08Z | 2026-05-18T13:23:54Z | 2026-05-25T13:08:59Z | 2026-06-01T13:20:32Z | 2026-06-08T13:20:12Z"
"MI","Michigan","148563ef-5b5a-407b-80be-b148bcf8d89b","Family Orthodontics","-86.439705","43.963476","dentist","orthodontist | medical_service_organizations","701 N Washington Ave","Ludington","49431-1504","MI","US","+12318456700","smiles@petersonbraces.com","http://www.familyorthosmiles.com","https://www.facebook.com/166566046692654","","0.9199122190475464","open","9","meta | Overture | Overture-signals","CDLA-Permissive-2.0","2026-04-27T00:00:00.000Z | 2026-06-11T11:57:15Z | 2026-05-12T00:29:08Z | 2026-05-18T13:23:54Z | 2026-05-25T13:08:59Z | 2026-06-01T13:20:32Z | 2026-06-08T13:20:12Z"
"MI","Michigan","14a3021a-d4f4-48e5-8db7-2c2b9cb4c324","Shawn Morris DDS and Dan Simmons DDS","-83.36068091","42.34646246","dentist","general_dentistry | cosmetic_dentist","32363 Ann Arbor Trl","Westland","48185-1470","MI","US","+17344255580","morris-simmons@sbcglobal.net","https://www.morrissimmonsassoc.com","https://www.facebook.com/325227410907438","","0.9199122190475464","open","7","meta | Overture | Overture-signals","CDLA-Permissive-2.0","2026-04-27T00:00:00.000Z | 2026-06-11T11:57:15Z | 2026-05-12T00:29:08Z | 2026-05-18T13:23:54Z | 2026-05-25T13:08:59Z | 2026-06-01T13:20:32Z | 2026-06-08T13:20:12Z"
"MI","Michigan","14a9d7fc-7829-4995-bb44-e2677f3365be","Rose Street Dental","-85.60067023","44.76404444","dentist","general_dentistry | health_and_medical","876 E Front St","Traverse City","49686-2704","MI","US","+12319476880","info@rosestreetdental.com","http://www.rosestreetdental.com/","https://www.facebook.com/352978164787538","","0.9199122190475464","open","9","meta | Overture | Overture-signals","CDLA-Permissive-2.0","2026-04-27T00:00:00.000Z | 2026-06-11T11:57:15Z | 2026-05-12T00:29:08Z | 2026-05-18T13:23:54Z | 2026-05-25T13:08:59Z | 2026-06-01T13:20:32Z | 2026-06-08T13:20:12Z"
"MI","Michigan","14bd3c88-652b-4a22-a994-88e56bddfc29","Dr. Gregory E Elliott DDS","-83.38505608","42.44071255","dentist","medical_service_organizations | naturopathic_holistic","20704 Gill Rd","Farmington Hills","48335-5230","MI","US","+12484732000","greg@drgregelliott.com","http://www.drgregelliott.com","https://www.facebook.com/167616210756991","","0.9199122190475464","open","7","meta | Overture | Overture-signals","CDLA-Permissive-2.0","2026-04-27T00:00:00.000Z | 2026-06-11T11:57:15Z | 2026-05-12T00:29:08Z | 2026-05-18T13:23:54Z | 2026-05-25T13:08:59Z | 2026-06-01T13:20:32Z | 2026-06-08T13:20:12Z"
"MI","Michigan","14e2b2c4-2769-433b-88af-8c902d28ee72","Dental Clinics North","-84.66955861","45.04318905","dentist","health_and_medical","95 Livingston Blvd","Livingston Twp","49735-9464","MI","US","+18668786552","","https://dental-clinics-north-gaylord.hub.biz","https://www.facebook.com/117790608281767","","0.9199122190475464","open","8","meta | Overture | Overture-signals","CDLA-Permissive-2.0","2026-04-27T00:00:00.000Z | 2026-06-11T11:57:15Z | 2026-05-12T00:29:08Z | 2026-05-18T13:23:54Z | 2026-05-25T13:08:59Z | 2026-06-01T13:20:32Z | 2026-06-08T13:20:12Z"
"MI","Michigan","14f12fdb-113b-43de-9cee-7969f63a88d2","Livonia Dental Office","-83.33074215","42.44142718","dentist","cosmetic_dentist | general_dentistry","28807 8 Mile Rd","Livonia","48152-2078","MI","US","+12485165266","info@mylivoniadentist.com","http://www.mylivoniadentist.com/","https://www.facebook.com/334101479797205","","0.9199122190475464","open","8","meta | Overture | Overture-signals","CDLA-Permissive-2.0","2026-04-27T00:00:00.000Z | 2026-06-11T11:57:15Z | 2026-05-12T00:29:08Z | 2026-05-18T13:23:54Z | 2026-05-25T13:08:59Z | 2026-06-01T13:20:32Z | 2026-06-08T13:20:12Z"
"MI","Michigan","1511b366-bcf6-42d1-98ff-57215ebbacfd","Colleen Guilliat DDS","-82.4837448176231","42.9806707031751","dentist","","4018 Lapeer Rd","Port Huron","48060","MI","US","(810) 987-3823","","https://guilliat-colleen-m-dds.hub.biz","https://www.facebook.com/117632808297584","","0.77","","5","Foursquare | Overture","Apache-2.0 | CDLA-Permissive-2.0","2025-08-22T00:00:00.000 | 2026-06-11T11:57:15Z"
"MI","Michigan","15136077-a146-4214-9ecc-509a8f0924c1","S. M. Smyka, DDS","-85.5922702104605","44.7584515214709","dentist","","1208 E 8th St","Traverse City","49686","MI","US","(231) 946-6561","contactus@stanleysmykadds.com","http://www.stanleysmykadds.com","https://www.facebook.com/104285402970135","","0.9199122190475464","open","4","Foursquare | Overture | Overture-signals","Apache-2.0 | CDLA-Permissive-2.0","2023-02-09T00:00:00.000 | 2026-06-11T11:57:15Z | 2026-05-12T00:29:08Z | 2026-05-18T13:23:54Z | 2026-05-25T13:08:59Z | 2026-06-01T13:20:32Z | 2026-06-08T13:20:12Z"
"MI","Michigan","152c8851-0b14-40bf-a586-f3aac94afc1a","Smileguys","-82.48045514","42.91355129","dentist","general_dentistry","1100 Michigan Ave","Marysville","48040-2112","MI","US","+18103649300","smileguys364@gmail.com","http://smileguys.net","https://www.facebook.com/356066134527192","","0.9199122190475464","open","6","meta | Overture | Overture-signals","CDLA-Permissive-2.0","2026-04-27T00:00:00.000Z | 2026-06-11T11:57:15Z | 2026-05-12T00:29:08Z | 2026-05-18T13:23:54Z | 2026-05-25T13:08:59Z | 2026-06-01T13:20:32Z | 2026-06-08T13:20:12Z"
"MI","Michigan","153245ee-c7f0-4d34-85c0-f1939da1a551","Royal Dental Center","-83.43592898","42.56413197","dentist","general_dentistry | cosmetic_dentist","4819 Haggerty Rd","West Bloomfield","48323-3901","MI","US","+12488639109","myroyaldentalcenter@gmail.com","https://myroyaldentalcenter.com/","https://www.facebook.com/109510594796311","","0.9902192950248718","open","8","meta | Overture | Overture-signals","CDLA-Permissive-2.0","2026-04-27T00:00:00.000Z | 2026-06-11T11:57:15Z | 2026-05-12T00:29:08Z | 2026-05-18T13:23:54Z | 2026-05-25T13:08:59Z | 2026-06-01T13:20:32Z | 2026-06-08T13:20:12Z"
"MI","Michigan","1533403e-1446-44e4-90ff-5d44b8b87e48","Restoration Dental","-83.158676","42.488679","dentist","general_dentistry | cosmetic_dentist","26831 Woodward Ave","Huntington Woods","48070-1362","MI","US","+12483991200","restorationdent@gmail.com","http://www.restorationdent.com/","https://www.facebook.com/246188292696478","","0.9983559846878052","","9","meta | Overture","CDLA-Permissive-2.0","2026-04-27T00:00:00.000Z | 2026-06-11T11:57:15Z"
"MI","Michigan","153f59ce-6cc2-42b9-9f4d-d1a29d702f51","Huron Dental Center","-83.69766324","42.25306456","dentist","general_dentistry","2345 S Huron Pkwy","Ann Arbor","48104-5124","MI","US","+17349739155","","http://www.hurondentalcenter.com/","https://www.facebook.com/138521320158922","","0.8972287774085999","","8","meta | Overture","CDLA-Permissive-2.0","2026-04-27T00:00:00.000Z | 2026-06-11T11:57:15Z"
"MI","Michigan","15663d44-470b-4c40-95f2-30a7f293f496","Signature Smiles","-83.79226048","42.55508433","dentist","general_dentistry | cosmetic_dentist","8130 Grand River Rd","Brighton","48114-9376","MI","US","+18104251574","signaturesmilesbrighton@mydentalmail.com","https://signaturesmilesbrighton.com/","https://www.facebook.com/362441426951990","Dental Health Society online","0.9199122190475464","open","10","meta | Overture | Overture-signals","CDLA-Permissive-2.0","2026-04-27T00:00:00.000Z | 2026-06-11T11:57:15Z | 2026-05-12T00:29:08Z | 2026-05-18T13:23:54Z | 2026-05-25T13:08:59Z | 2026-06-01T13:20:32Z | 2026-06-08T13:20:12Z"
"MI","Michigan","157c3346-50b1-4cec-bbb8-9c63fe2ed955","Dennis M Rogers","-83.2436216400135","42.4291710737926","dentist","","20429 W 7 Mile Rd","Detroit","48219","MI","US","(313) 533-4333","","https://rogers-dennis-m-dds.hub.biz","https://www.facebook.com/155770911130228","","0.77","","5","Foursquare | Overture","Apache-2.0 | CDLA-Permissive-2.0","2025-08-22T00:00:00.000 | 2026-06-11T11:57:15Z"
"MI","Michigan","15c37434-4e56-4052-9be1-89e882adfa0b","Healthy Life Dentistry","-85.6165950041485","42.8858743568467","dentist","","2017 Eastcastle Dr SE #B","Grand Rapids","49508","MI","US","(616) 281-0220","sapdds@sbcglobal.net","http://drpirochta.com","","","0.77","","3","Foursquare | Overture","Apache-2.0 | CDLA-Permissive-2.0","2025-10-03T00:00:00.000 | 2026-06-11T11:57:15Z"
"MI","Michigan","15cdd0ba-e85f-4cc7-87e7-f6e9115f6948","Advanced Dentistry Center","-83.28527994","42.51762993","dentist","general_dentistry | medical_service_organizations","31350 Telegraph Rd","Bingham Farms","48025-4366","MI","US","+12485949592","adc@ddsemails.com","http://www.matidds.com/","https://www.facebook.com/110686645684891","Advanced Dentistry Center","0.9902192950248718","open","8","meta | Overture | Overture-signals","CDLA-Permissive-2.0","2026-04-27T00:00:00.000Z | 2026-06-11T11:57:15Z | 2026-05-12T00:29:08Z | 2026-05-18T13:23:54Z | 2026-05-25T13:08:59Z | 2026-06-01T13:20:32Z | 2026-06-08T13:20:12Z"
"MI","Michigan","15e05860-48d8-461f-9e21-869899978a85","Dr. Maha Bishara, PEARLY SMILE DENTAL STUDIO","-82.975786","42.655064","dentist","health_and_medical","48889 Hayes Rd","Shelby Township","48315","MI","US","5865665220","","http://pearlysmiledentalstudio.com/","","","0.85","","7","Microsoft | Overture","CDLA-Permissive-2.0","2025-08-31T21:03:34.843Z | 2026-06-11T11:57:15Z"
"MI","Michigan","15e4cba9-9ccb-4078-b3e6-ce00fcdf56aa","Associates In Family Dentistry","-85.64321157","44.77472121","dentist","general_dentistry | cosmetic_dentist","10850 E Traverse Hwy","Traverse City","49684-1305","MI","US","+12312611420","aifd@smiletc.com","http://www.smiletc.com/","https://www.facebook.com/171837150766","Associates in Family Dentistry","0.9199122190475464","open","8","meta | Overture | Overture-signals","CDLA-Permissive-2.0","2026-04-27T00:00:00.000Z | 2026-06-11T11:57:15Z | 2026-05-12T00:29:08Z | 2026-05-18T13:23:54Z | 2026-05-25T13:08:59Z | 2026-06-01T13:20:32Z | 2026-06-08T13:20:12Z"
"MI","Michigan","1634d8e0-f25f-426d-bd8a-a0c88c3a2eec","Stines Alfred V DDS","-83.87096191","42.58478866","dentist","general_dentistry | medical_service_organizations","4148 E Grand River Ave","Howell","48843-6538","MI","US","+15175529210","stinesdental@hotmail.com","http://www.stinesfamilydentistry.com","https://www.facebook.com/211440375588689","Stines Dental","0.9199122190475464","open","8","meta | Overture | Overture-signals","CDLA-Permissive-2.0","2026-04-27T00:00:00.000Z | 2026-06-11T11:57:15Z | 2026-05-12T00:29:08Z | 2026-05-18T13:23:54Z | 2026-05-25T13:08:59Z | 2026-06-01T13:20:32Z | 2026-06-08T13:20:12Z"
"MI","Michigan","16679b6a-361e-413f-bef8-cd0bc3cbd4da","Rogers City Dental","-83.81386846","45.41799095","dentist","general_dentistry | health_and_medical","216 S 3rd St","Rogers City","49779-1712","MI","US","+19897342828","rogercitydental@gmail.com","http://www.rogerscitydental.com/","https://www.facebook.com/292987981633715","Rogers City Dental","0.9199122190475464","open","10","meta | Overture | Overture-signals","CDLA-Permissive-2.0","2026-04-27T00:00:00.000Z | 2026-06-11T11:57:15Z | 2026-05-12T00:29:08Z | 2026-05-18T13:23:54Z | 2026-05-25T13:08:59Z | 2026-06-01T13:20:32Z | 2026-06-08T13:20:12Z"
"MI","Michigan","1677af52-885e-4649-b55f-12e5a4d38fe0","Lakeside Oral Surgery & Dental Implant Center","-85.5814362530953","44.76069593145","dentist","","431 Mundom Ave","Traverse City","49686","MI","US","(231) 947-4141","info@lakesideoralsurgery.com","http://www.lakesideoralsurgery.com","https://www.facebook.com/103284499737872","","0.77","","5","Foursquare | Overture","Apache-2.0 | CDLA-Permissive-2.0","2025-10-19T00:00:00.000 | 2026-06-11T11:57:15Z"
"MI","Michigan","16ade56e-6864-42c8-be49-23c432f2beae","Dr. Fawzia Ahmed-Siddiqui DDS PC","-83.60202014","42.23254796","dentist","endodontist | family_practice","428 S Grove St","Ypsilanti","48198-5752","MI","US","+17345472800","ourfriendlydentist@yahoo.com","","https://www.facebook.com/268261863912701","","0.9850010871887207","","8","meta | Overture","CDLA-Permissive-2.0","2026-04-27T00:00:00.000Z | 2026-06-11T11:57:15Z"
"MI","Michigan","16af5631-15a0-4ea2-a78d-74bd434bbfbd","Clarkston Dental Care","-83.4181","42.72227","dentist","","","Clarkston","","MI","US","+12486255511","","http://clarkstondentalcare.com/","https://www.facebook.com/100219585955960","","0.968018114566803","","7","meta | Overture","CDLA-Permissive-2.0","2026-04-27T00:00:00.000Z | 2026-06-11T11:57:15Z"
"MI","Michigan","16b1f683-eaca-4378-bf1d-59a64260a08d","LakeView Family Dental West Bloomfield","-83.42142082","42.56788535","dentist","general_dentistry | doctor","7010 Pontiac Trl","West Bloomfield","48323-2017","MI","US","+12483633304","lakeviewdentalmi@gmail.com","https://www.lakeviewdentist.com/","https://www.facebook.com/154415778751","LakeView Family Dental of West Bloomfield","0.9199122190475464","open","8","meta | Overture | Overture-signals","CDLA-Permissive-2.0","2026-04-27T00:00:00.000Z | 2026-06-11T11:57:15Z | 2026-05-12T00:29:08Z | 2026-05-18T13:23:54Z | 2026-05-25T13:08:59Z | 2026-06-01T13:20:32Z | 2026-06-08T13:20:12Z"
"MI","Michigan","16c68c88-f1b1-4df0-b784-fca2a97f4e85","David M. Juliani DDS","-83.1502994035756","42.682586431016","dentist","","1202 Walton Blvd Ste. 204","Rochester Hills","48307","MI","US","(248) 651-2273","","https://davidjuliani.com","https://www.facebook.com/154365137938341","","0.77","","5","Foursquare | Overture","Apache-2.0 | CDLA-Permissive-2.0","2020-10-09T00:00:00.000 | 2026-06-11T11:57:15Z"
"MI","Michigan","16e9edc2-c384-4ff5-a2cd-76fb1066bd60","Dr. David R. Rindfusz","-84.47560658","45.61444097","dentist","general_dentistry | doctor","10711 N Straits Hwy","Cheboygan","49721-9077","MI","US","+12316279352","nmfd.jfusz@gmail.com","","https://www.facebook.com/1572385776317236","","0.9199122190475464","open","10","meta | Overture | Overture-signals","CDLA-Permissive-2.0","2026-04-27T00:00:00.000Z | 2026-06-11T11:57:15Z | 2026-05-12T00:29:08Z | 2026-05-18T13:23:54Z | 2026-05-25T13:08:59Z | 2026-06-01T13:20:32Z | 2026-06-08T13:20:12Z"
"MI","Michigan","1701fa6f-9cb0-4efc-864e-c01b1978c894","Applewood Dental","-85.6412445368888","42.8689740528636","dentist","","954 52nd St SW","Grand Rapids","49508","MI","US","(616) 724-1780","","http://www.applewoodsmile.com","","","0.77","","5","Foursquare | Overture","Apache-2.0 | CDLA-Permissive-2.0","2025-08-22T00:00:00.000 | 2026-06-11T11:57:15Z"
"MI","Michigan","172d88bb-5ca8-490d-ab14-0fde6a5da82f","Onaway Family Dentistry","-84.23418713","45.35289215","dentist","general_dentistry","4080 Michigan Ave","Onaway","49765-8852","MI","US","+19897338533","onawaydentist@gmail.com","http://www.onawayfamilydentistry.com/","https://www.facebook.com/105578886288843","","0.9199122190475464","open","8","meta | Overture | Overture-signals","CDLA-Permissive-2.0","2026-04-27T00:00:00.000Z | 2026-06-11T11:57:15Z | 2026-05-12T00:29:08Z | 2026-05-18T13:23:54Z | 2026-05-25T13:08:59Z | 2026-06-01T13:20:32Z | 2026-06-08T13:20:12Z"
"MI","Michigan","1744e5a1-33f6-4286-811a-c653fbcd2f05","Zand Family Dental","-83.98670791","43.43701485","dentist","general_dentistry | professional_services","2110 N Morson St","Saginaw","48602-3456","MI","US","+19897927981","info@zandfamilydental.com","https://zandfamilydental.com","https://www.facebook.com/104395905396452","","0.9199122190475464","open","9","meta | Overture | Overture-signals","CDLA-Permissive-2.0","2026-04-27T00:00:00.000Z | 2026-06-11T11:57:15Z | 2026-05-12T00:29:08Z | 2026-05-18T13:23:54Z | 2026-05-25T13:08:59Z | 2026-06-01T13:20:32Z | 2026-06-08T13:20:12Z"
"MI","Michigan","174d123f-7f27-4575-8bdf-d7fbc2396823","Ricci John J DDS","-82.90822079","42.4382934","dentist","general_dentistry | doctor","20361 Mack Ave","Grosse Pointe Woods","48236-1677","MI","US","+13138855009","","","https://www.facebook.com/159300220769613","","0.9199122190475464","open","7","meta | Overture | Overture-signals","CDLA-Permissive-2.0","2026-04-27T00:00:00.000Z | 2026-06-11T11:57:15Z | 2026-05-12T00:29:08Z | 2026-05-18T13:23:54Z | 2026-05-25T13:08:59Z | 2026-06-01T13:20:32Z | 2026-06-08T13:20:12Z"
"MI","Michigan","17694445-1f3f-4e22-b966-5525dbd0700c","Oscoda Dental Service","-83.3529255989553","44.451013572226","dentist","doctor | health_and_medical","5701 N Skeel Ave","Oscoda","48750-1595","MI","US","+19897397927","","http://www.alconahealthcenters.org/","https://www.facebook.com/1721460918087215","Alcona Health Center","0.7670540809631348","","1","meta | Overture","CDLA-Permissive-2.0","2026-04-27T00:00:00.000Z | 2026-06-11T11:57:15Z"
"MI","Michigan","177bb6ae-eecb-495a-943c-9264a8a37605","Samuel Bander","-85.57138317","42.94266758","dentist","endodontist | doctor","1151 E Paris Ave SE","Grand Rapids","49546-3605","MI","US","+16169495980","offsite@drsambander.com","http://www.drsambander.com/","https://www.facebook.com/579409505504540","Bander Samuel T DDS","0.6482895016670227","","10","meta | Overture","CDLA-Permissive-2.0","2026-04-27T00:00:00.000Z | 2026-06-11T11:57:15Z"
"MI","Michigan","1782fff7-5edd-472c-a312-1e7e64c0ce71","Badalamenti-Ferlito Orthodontics","-82.973184","42.670845","dentist","orthodontist | medical_service_organizations","15340 23 Mile Rd","Macomb","48044-1000","MI","US","+15862109210","braces@drborhto.com","http://www.drbortho.com","https://www.facebook.com/519794484849810","","0.9199122190475464","open","8","meta | Overture | Overture-signals","CDLA-Permissive-2.0","2026-04-27T00:00:00.000Z | 2026-06-11T11:57:15Z | 2026-05-12T00:29:08Z | 2026-05-18T13:23:54Z | 2026-05-25T13:08:59Z | 2026-06-01T13:20:32Z | 2026-06-08T13:20:12Z"
"MI","Michigan","17da72f8-2e60-47a9-b5f5-2bd7e090552b","Stern, Sylvan S DDS","-83.21468198","42.50308207","dentist","general_dentistry | doctor","17040 W 12 Mile Rd","Southfield","48076-2124","MI","US","+12485590995","ssstern2583@outlook.com","https://www.sylvansterndds.com/","https://www.facebook.com/191633071005872","","0.9820636510848999","","1","meta | Overture","CDLA-Permissive-2.0","2026-04-27T00:00:00.000Z | 2026-06-11T11:57:15Z"
"MI","Michigan","17fb4166-b81c-43b5-80a8-840771e9b27e","Kalamazoo Dental Associates","-85.59685924","42.26956497","dentist","general_dentistry | cosmetic_dentist","2131 Hudson St","Kalamazoo","49008-2302","MI","US","+12693448988","kalamazoodds@gmail.com","http://www.kalamazoodds.com/","https://www.facebook.com/100159371390083","Bear Creek Family Dentistry","0.9199122190475464","open","9","meta | Overture | Overture-signals","CDLA-Permissive-2.0","2026-04-27T00:00:00.000Z | 2026-06-11T11:57:15Z | 2026-05-12T00:29:08Z | 2026-05-18T13:23:54Z | 2026-05-25T13:08:59Z | 2026-06-01T13:20:32Z | 2026-06-08T13:20:12Z"
"MI","Michigan","17fc4038-569d-4f37-bb8e-77386bb8cfc3","The Hills Dental Associates","-83.1532847","42.6756564","dentist","health_and_medical","441 S LIVERNOIS Rd Ste #275","ROCHESTER HILLS","48307","MI","US","2486081300","","https://www.hillsdental.com/","","","0.9199122190475464","open","6","Microsoft | Overture | Overture-signals","CDLA-Permissive-2.0","2025-09-07T09:27:08.090Z | 2026-06-11T11:57:15Z | 2026-05-12T00:29:08Z | 2026-05-18T13:23:54Z | 2026-05-25T13:08:59Z | 2026-06-01T13:20:32Z | 2026-06-08T13:20:12Z"
"MI","Michigan","18130ee9-6c98-4651-8a7e-08d2b76092eb","My Community Dental Centers Cadillac","-85.38528629","44.24483414","dentist","medical_center | health_and_medical","521 Cobb St","Cadillac","49601-2589","MI","US","+12317757662","","http://www.mydental.org/","https://www.facebook.com/188013251766006","MCDC • My Community Dental Centers","0.997618305683136","","10","meta | Overture","CDLA-Permissive-2.0","2026-04-27T00:00:00.000Z | 2026-06-11T11:57:15Z"
"MI","Michigan","18321d24-b26b-4ee9-834d-9ec091d2cb3d","Dr. George L. Poy Jr","-83.42778904","42.66064211","dentist","general_dentistry | doctor","7096 Highland Rd","Waterford","48327-1502","MI","US","+12486664453","","http://www.georgepoyfamilydentistry.com/","https://www.facebook.com/406812099388478","","0.9593995809555054","","2","meta | Overture","CDLA-Permissive-2.0","2026-04-27T00:00:00.000Z | 2026-06-11T11:57:15Z"
"MI","Michigan","184554b7-99a9-469c-9373-d2cc751fb7ce","Hart Dental","-86.36426115","43.7017605","dentist","general_dentistry | medical_service_organizations","113 Washington St","Hart","49420-1198","MI","US","+12318732920","","http://www.hartolsonfamilydentistry.com","https://www.facebook.com/155612484477059","","0.9199122190475464","open","9","meta | Overture | Overture-signals","CDLA-Permissive-2.0","2026-04-27T00:00:00.000Z | 2026-06-11T11:57:15Z | 2026-05-12T00:29:08Z | 2026-05-18T13:23:54Z | 2026-05-25T13:08:59Z | 2026-06-01T13:20:32Z | 2026-06-08T13:20:12Z"
"MI","Michigan","184d0111-60d9-48d1-a393-284e245bbf9f","Brite Dental","-86.3393482","41.94732214","dentist","general_dentistry | medical_service_organizations","200 N Cass St","Berrien Springs","49103-1161","MI","US","+12694717970","","http://www.britesdental.com","https://www.facebook.com/125656254155262","Brite Dental Care Paisley","0.9856034517288208","open","9","meta | Overture | Overture-signals","CDLA-Permissive-2.0","2026-04-27T00:00:00.000Z | 2026-06-11T11:57:15Z | 2026-05-12T00:29:08Z"
"MI","Michigan","184e0b9f-74e6-4c38-a917-a3f7f834a5cb","Adiska Family Dental","-84.04824411","42.14542148","dentist","general_dentistry | medical_service_organizations","500 Galloway Dr","Manchester","48158-8672","MI","US","+17344288277","manchester@adiskadental.com","http://www.adiskafamilydental.com/","https://www.facebook.com/492363144252239","Adiska Family Dental","0.9199122190475464","open","8","meta | Overture | Overture-signals","CDLA-Permissive-2.0","2026-04-27T00:00:00.000Z | 2026-06-11T11:57:15Z | 2026-05-12T00:29:08Z | 2026-05-18T13:23:54Z | 2026-05-25T13:08:59Z | 2026-06-01T13:20:32Z | 2026-06-08T13:20:12Z"
"MI","Michigan","186839a0-0f3b-4769-915e-a9282fa528c0","Mason Dental Group","-84.42994059","42.5819272","dentist","general_dentistry","782 E Columbia St","Mason","48854-1310","MI","US","+15176761091","","http://www.masondentist.com","https://www.facebook.com/153508661352562","","0.9199122190475464","open","8","meta | Overture | Overture-signals","CDLA-Permissive-2.0","2026-04-27T00:00:00.000Z | 2026-06-11T11:57:15Z | 2026-05-12T00:29:08Z | 2026-05-18T13:23:54Z | 2026-05-25T13:08:59Z | 2026-06-01T13:20:32Z | 2026-06-08T13:20:12Z"
"MI","Michigan","1894afc7-259d-4eb9-84a4-82cc8505d746","Yale Main Street Dentistry","-82.79795024","43.12715975","dentist","general_dentistry | medical_service_organizations","210 S Main St","Yale","48097-3319","MI","US","+18103874746","contact@yaledentist.com","http://www.yaledentist.com/","https://www.facebook.com/1654800117955004","","0.9978724718093872","","8","meta | Overture","CDLA-Permissive-2.0","2026-04-27T00:00:00.000Z | 2026-06-11T11:57:15Z"
"MI","Michigan","18b8c439-56ed-4565-b55e-a9118ef75734","Dr. David S. Novak","-85.60996184","42.26069225","dentist","general_dentistry | doctor","1850 Whites Rd","Kalamazoo","49008-4801","MI","US","+12693292004","david.novakdds@yahoo.com","http://davidsnovakdds.com/","https://www.facebook.com/446101088782979","","0.9199122190475464","open","7","meta | Overture | Overture-signals","CDLA-Permissive-2.0","2026-04-27T00:00:00.000Z | 2026-06-11T11:57:15Z | 2026-05-12T00:29:08Z | 2026-05-18T13:23:54Z | 2026-05-25T13:08:59Z | 2026-06-01T13:20:32Z | 2026-06-08T13:20:12Z"
"MI","Michigan","18c05590-0c32-4b52-ba91-fa19000bc06f","Elegant Smile","-83.05615534","42.40712353","dentist","health_and_medical | medical_service_organizations","12021 Conant St","Hamtramck","48212-2716","MI","US","+13138937454","","http://www.anelegantsmile.com","https://www.facebook.com/160130060674075","","0.9199122190475464","open","6","meta | Overture | Overture-signals","CDLA-Permissive-2.0","2026-04-27T00:00:00.000Z | 2026-06-11T11:57:15Z | 2026-05-12T00:29:08Z | 2026-05-18T13:23:54Z | 2026-05-25T13:08:59Z | 2026-06-01T13:20:32Z | 2026-06-08T13:20:12Z"
"MI","Michigan","18c6bf5e-61d1-4918-83c0-813cdeb48c31","Blue Spruce Dental","-84.33064819","42.23350296","dentist","general_dentistry | medical_service_organizations","4519 Page Ave","Michigan Center","49254-1039","MI","US","+15177643870","office@bluesprucedental.com","https://www.bluesprucedental.com","https://www.facebook.com/545657658782738","","0.9199122190475464","open","10","meta | Overture | Overture-signals","CDLA-Permissive-2.0","2026-04-27T00:00:00.000Z | 2026-06-11T11:57:15Z | 2026-05-12T00:29:08Z | 2026-05-18T13:23:54Z | 2026-05-25T13:08:59Z | 2026-06-01T13:20:32Z | 2026-06-08T13:20:12Z"
"MI","Michigan","18c7579b-fc27-43a3-b80e-13654be1c65a","Mark J Mann DDS","-83.48895","42.328227","dentist","doctor","6231 N Canton Center Rd","Canton","48187-2692","MI","US","+17342075300","","http://www.cantondentistmi.com/","https://www.facebook.com/645174012269910","","0.9580563306808472","","8","meta | Overture","CDLA-Permissive-2.0","2026-04-27T00:00:00.000Z | 2026-06-11T11:57:15Z"
"MI","Michigan","18c91f1c-3ef2-42f1-a14f-76bc019b3d31","G. Scott Kelly","-87.0378645018531","45.8369532344716","dentist","","5 Lowrie Ave","Gladstone","49837","MI","US","(906) 428-1923","","http://www.kellydental.net","","","0.77","","5","Foursquare | Overture","Apache-2.0 | CDLA-Permissive-2.0","2025-08-19T00:00:00.000 | 2026-06-11T11:57:15Z"
"MI","Michigan","18dd9e8a-6fa2-4bc7-ba46-94df27863ef4","Dr. Michael A. Cucci DDS","-85.639139","41.944769","dentist","medical_service_organizations | health_and_medical","221 N Hooker Ave","Three Rivers","49093-2231","MI","US","+12692733065","","https://cucci-michael-a-dds.hub.biz/","https://www.facebook.com/159546037399783","","0.9199122190475464","open","8","meta | Overture | Overture-signals","CDLA-Permissive-2.0","2026-04-27T00:00:00.000Z | 2026-06-11T11:57:15Z | 2026-05-12T00:29:08Z | 2026-05-18T13:23:54Z | 2026-05-25T13:08:59Z | 2026-06-01T13:20:32Z | 2026-06-08T13:20:12Z"
"MI","Michigan","18fbcbe7-ce10-4ec7-9746-7adc3d2da342","Tally Dental Excellence","-83.20221343","42.26390783","dentist","general_dentistry | medical_service_organizations","5300 Allen Rd","Allen Park","48101-2924","MI","US","+13139286684","office@tallydentalexcellence.com","http://tallydentalexcellence.com/","https://www.facebook.com/109161422473828","","0.9199122190475464","open","8","meta | Overture | Overture-signals","CDLA-Permissive-2.0","2026-04-27T00:00:00.000Z | 2026-06-11T11:57:15Z | 2026-05-12T00:29:08Z | 2026-05-18T13:23:54Z | 2026-05-25T13:08:59Z | 2026-06-01T13:20:32Z | 2026-06-08T13:20:12Z"
"MI","Michigan","1901c0ca-03c2-45a4-8264-11a9bab8e33a","John Frieswyk DDS","-86.11600592","42.77039864","dentist","general_dentistry | doctor","203 W 30th St","Holland","49423-6938","MI","US","+16163921108","dr.frieswyk@gmail.com","http://gnegydental.com","https://www.facebook.com/631230720286827","","0.9199122190475464","open","7","meta | Overture | Overture-signals","CDLA-Permissive-2.0","2026-04-27T00:00:00.000Z | 2026-06-11T11:57:15Z | 2026-05-12T00:29:08Z | 2026-05-18T13:23:54Z | 2026-05-25T13:08:59Z | 2026-06-01T13:20:32Z | 2026-06-08T13:20:12Z"
"MI","Michigan","1929a6a1-ecc8-4b85-97c2-1acaa0bd4cb7","Ferguson Joseph A DDS","-86.3563906773903","43.4159652701654","dentist","","8670 Ferry St","Montague","49437","MI","US","(231) 894-4820","","http://www.josephfergusondds.com","","","0.77","","3","Foursquare | Overture","Apache-2.0 | CDLA-Permissive-2.0","2025-12-02T00:00:00.000 | 2026-06-11T11:57:15Z"
"MI","Michigan","192b53a6-f237-474f-b2f2-4846f55a9c77","Just A Smile Away Dental","-83.98426582","43.45112005","dentist","general_dentistry | cosmetic_dentist","3456 Shattuck Rd","Saginaw","48603-7003","MI","US","+19897928315","sabourindds@gmail.com","https://www.instagram.com/justasmileawaydental/","https://www.facebook.com/200287030048487","","0.9199122190475464","open","8","meta | Overture | Overture-signals","CDLA-Permissive-2.0","2026-04-27T00:00:00.000Z | 2026-06-11T11:57:15Z | 2026-05-12T00:29:08Z | 2026-05-18T13:23:54Z | 2026-05-25T13:08:59Z | 2026-06-01T13:20:32Z | 2026-06-08T13:20:12Z"
"MI","Michigan","1965149c-1d82-4a3f-9368-48b7f8117ab5","Bay Mills Health Center","-84.6012487","46.4516503","dentist","counseling_and_mental_health | doctor","12124 W Lakeshore Dr","Brimley","49715-9319","MI","US","+19062485527","","http://baymillshealthcenter.com","https://www.facebook.com/1601306470110902","Bay Mills Health Center","0.9807716059684753","","8","meta | Overture","CDLA-Permissive-2.0","2026-04-27T00:00:00.000Z | 2026-06-11T11:57:15Z"
"MI","Michigan","196bab2b-ff97-4f8b-8000-6dd9a974d726","McGue Dental Care","-83.2378182253207","42.2559544921009","dentist","","20555 Ecorse Rd #A","Taylor","48180","MI","US","(313) 928-2150","","https://www.taylormade-dental.com","","","0.77","","5","Foursquare | Overture","Apache-2.0 | CDLA-Permissive-2.0","2024-12-24T00:00:00.000 | 2026-06-11T11:57:15Z"
"MI","Michigan","196c7080-a6bb-42cb-8eee-ffda5bbb56f3","Dr Natasha Atlevski-Gates DDS","-83.65101392","42.46624945","dentist","doctor","546 N Lafayette St","South Lyon","48178-2000","MI","US","+12484861730","","http://www.gentledentistsouthlyon.com/","https://www.facebook.com/190489764693892","","0.6663148403167725","","2","meta | Overture","CDLA-Permissive-2.0","2026-04-27T00:00:00.000Z | 2026-06-11T11:57:15Z"
"MI","Michigan","197b21ec-ece4-4d03-aa0d-0002bdab3064","Motto Clear Aligners","-87.451931","46.5499128","dentist","","2850 US Highway 41 W","Marquette","49855","MI","US","9066291369","","https://www.aspendental.com/dentist/mi/marquette/2850-us-41-west/motto-clear-aligners/","","","0.9199122190475464","open","6","Microsoft | Overture | Overture-signals","CDLA-Permissive-2.0","2025-10-03T21:27:26.813Z | 2026-06-11T11:57:15Z | 2026-05-12T00:29:08Z | 2026-05-18T13:23:54Z | 2026-05-25T13:08:59Z | 2026-06-01T13:20:32Z | 2026-06-08T13:20:12Z"
"MI","Michigan","198f3933-3795-4aca-ab56-4122f7b0740d","ProCare Dental of Monroe","-83.36884026","41.98543496","dentist","general_dentistry | health_and_medical","7500 N Telegraph Rd","Frenchtown Twp","48162-9367","MI","US","+17345862400","myprocaredental@gmail.com","http://procaredentalmonroe.com/","https://www.facebook.com/1670041933244877","","0.9199122190475464","open","9","meta | Overture | Overture-signals","CDLA-Permissive-2.0","2026-04-27T00:00:00.000Z | 2026-06-11T11:57:15Z | 2026-05-12T00:29:08Z | 2026-05-18T13:23:54Z | 2026-05-25T13:08:59Z | 2026-06-01T13:20:32Z | 2026-06-08T13:20:12Z"
"MI","Michigan","19a13fd9-f8c7-414d-a7de-b1e610cda429","Alberto A. Herrero","-83.83749511","42.28354655","dentist","cosmetic_dentist | periodontist","203 S Zeeb Rd","Scio Twp","48103-8324","MI","US","+17342229140","frontdesk@ahdentistry.com","https://www.ahdentistry.com/","https://www.facebook.com/331396343654250","","0.9199122190475464","open","7","meta | Overture | Overture-signals","CDLA-Permissive-2.0","2026-04-27T00:00:00.000Z | 2026-06-11T11:57:15Z | 2026-05-12T00:29:08Z | 2026-05-18T13:23:54Z | 2026-05-25T13:08:59Z | 2026-06-01T13:20:32Z | 2026-06-08T13:20:12Z"
"MI","Michigan","19d372ad-7b91-4402-837e-58ce484a9e2d","Woodland Lake Family Dental","-83.79149287","42.55503654","dentist","general_dentistry","8127 Grand River Rd","Brighton","48114-9375","MI","US","+18102296740","brightondental@mcadc.com","https://woodlandlakefamilydental.com?y_source=1_ODM3Mjg3OC00NDAtbG9jYXRpb24ud2Vic2l0ZQ==","https://www.facebook.com/203413229753335","","0.9199122190475464","open","8","meta | Overture | Overture-signals","CDLA-Permissive-2.0","2026-04-27T00:00:00.000Z | 2026-06-11T11:57:15Z | 2026-05-12T00:29:08Z | 2026-05-18T13:23:54Z | 2026-05-25T13:08:59Z | 2026-06-01T13:20:32Z | 2026-06-08T13:20:12Z"
"MI","Michigan","19ed6876-cc42-4e62-9c45-b665a45bff96","Robert J Opie","-83.41495524","42.72247196","dentist","health_and_medical | oral_surgeon","6445 Citation Dr","Clarkston","48346-2996","MI","US","+12486255000","admin@clarkstondentalgroup.com","http://www.clarkstondentalgroup.com/","https://www.facebook.com/125322047545298","","0.9199122190475464","open","7","meta | Overture | Overture-signals","CDLA-Permissive-2.0","2026-04-27T00:00:00.000Z | 2026-06-11T11:57:15Z | 2026-05-12T00:29:08Z | 2026-05-18T13:23:54Z | 2026-05-25T13:08:59Z | 2026-06-01T13:20:32Z | 2026-06-08T13:20:12Z"
"MI","Michigan","19fca1f6-0202-4b46-819b-bd88253a881c","Standale Dental","-85.76474836","42.97273295","dentist","general_dentistry","3935 Lake Michigan Dr NW","Walker","49534-7844","MI","US","+16164537755","info@standaledentaldds.com","http://www.standaledentaldds.com/","https://www.facebook.com/306766926042921","","0.9199122190475464","open","8","meta | Overture | Overture-signals","CDLA-Permissive-2.0","2026-04-27T00:00:00.000Z | 2026-06-11T11:57:15Z | 2026-05-12T00:29:08Z | 2026-05-18T13:23:54Z | 2026-05-25T13:08:59Z | 2026-06-01T13:20:32Z | 2026-06-08T13:20:12Z"
"MI","Michigan","1a4b6421-117b-4a96-9a88-725f5b1fd6af","Alexander Dental, P.C.","-83.3726892468144","42.3914251525526","dentist","","14600 Farmington Rd Ste 103","Livonia","48154","MI","US","(734) 237-6103","","http://livonialocaldentists.com","","","0.77","","5","Foursquare | Overture","Apache-2.0 | CDLA-Permissive-2.0","2026-03-02T00:00:00.000 | 2026-06-11T11:57:15Z"
"MI","Michigan","1a5d27d8-097a-4939-9e28-3b754d5dc28e","The Dental Spa","-83.4059419738691","42.7097294991553","dentist","","6100 Dixie Hwy","Clarkston","48346","MI","US","(248) 623-4600","","http://www.dentalspa.net","","","0.9199122190475464","open","4","Foursquare | Overture | Overture-signals","Apache-2.0 | CDLA-Permissive-2.0","2025-06-11T00:00:00.000 | 2026-06-11T11:57:15Z | 2026-05-12T00:29:08Z | 2026-05-18T13:23:54Z | 2026-05-25T13:08:59Z | 2026-06-01T13:20:32Z | 2026-06-08T13:20:12Z"
"MI","Michigan","1a6f19f6-5ac7-480a-b248-9276c14bad96","Tamarack Family Dentistry","-85.27795487","43.44201818","dentist","general_dentistry | cosmetic_dentist","412 Lincoln Ave","Lakeview","48850-5004","MI","US","+19893527752","tamarackfamilydentistry@yahoo.com","http://tamarackfamilydentistry.com/","https://www.facebook.com/184341961613956","","0.9199122190475464","open","9","meta | Overture | Overture-signals","CDLA-Permissive-2.0","2026-04-27T00:00:00.000Z | 2026-06-11T11:57:15Z | 2026-05-12T00:29:08Z | 2026-05-18T13:23:54Z | 2026-05-25T13:08:59Z | 2026-06-01T13:20:32Z | 2026-06-08T13:20:12Z"
"MI","Michigan","1a7e2c87-4094-443f-a404-ad949fda1cf7","Okemos Dental Care","-84.43131224","42.72290996","dentist","general_dentistry","2228 Grand River Ave","Okemos","48864-1604","MI","US","+15173470034","okemosdentalcare@gmail.com","http://www.Okemosdentalcare.com/","https://www.facebook.com/113891263375506","","0.9199122190475464","open","7","meta | Overture | Overture-signals","CDLA-Permissive-2.0","2026-04-27T00:00:00.000Z | 2026-06-11T11:57:15Z | 2026-05-12T00:29:08Z | 2026-05-18T13:23:54Z | 2026-05-25T13:08:59Z | 2026-06-01T13:20:32Z | 2026-06-08T13:20:12Z"
"MI","Michigan","1a84bbba-5be6-43be-ac86-61636d9c7922","Mariner Dental","-82.50055302","42.71355322","dentist","general_dentistry","540 S Parker St","Marine City","48039-3593","MI","US","+18107651440","office@marinerdental.com","https://marinerdental.com/","https://www.facebook.com/1804636976303874","","0.9902192950248718","open","8","meta | Overture | Overture-signals","CDLA-Permissive-2.0","2026-04-27T00:00:00.000Z | 2026-06-11T11:57:15Z | 2026-05-12T00:29:08Z | 2026-05-18T13:23:54Z | 2026-05-25T13:08:59Z | 2026-06-01T13:20:32Z | 2026-06-08T13:20:12Z"
"MI","Michigan","1a8bb845-6fab-4cd6-8fed-1548c9b05f5a","Lisa K. Zaborski","-83.05416088","42.6716109","dentist","pediatric_dentist | teeth_whitening","51333 Mound Rd","Shelby Twp","48316-4344","MI","US","+15867391155","drzaborski@zaborskidental.com","http://www.zaborskidental.com/","https://www.facebook.com/624008657631106","Lisa K. Zaborski DDS., PC","0.9199122190475464","open","8","meta | Overture | Overture-signals","CDLA-Permissive-2.0","2026-04-27T00:00:00.000Z | 2026-06-11T11:57:15Z | 2026-05-12T00:29:08Z | 2026-05-18T13:23:54Z | 2026-05-25T13:08:59Z | 2026-06-01T13:20:32Z | 2026-06-08T13:20:12Z"
"MI","Michigan","1a97b747-22b6-44bc-b854-7697649c4b99","Ultimate Dental - Brownstown, MI","-83.2269314","42.158777","dentist","cosmetic_dentist | health_and_medical","19636 Allen Rd","Brownstown Twp","48183-1022","MI","US","+17344794600","office@ultimatedentalservices.com","https://www.ultimatedentalservices.com","https://www.facebook.com/142275622519715","Ultimate Dental - Brownstown, MI","0.9897510409355164","","1","meta | Overture","CDLA-Permissive-2.0","2026-04-27T00:00:00.000Z | 2026-06-11T11:57:15Z"
"MI","Michigan","1aaace5f-91ac-4f9b-8060-27173a4098ca","Generations Family Dental Care","-83.312164","42.500799","dentist","health_and_medical | optometrist","26776 W 12 Mile Rd","Southfield","48034-7807","MI","US","+12483553993","generationsdds@gmail.com","http://www.generationsfamilydentalcare.com","https://www.facebook.com/1606849169586299","Generations Family Dental Care","0.9622556567192078","","8","meta | Overture","CDLA-Permissive-2.0","2026-04-27T00:00:00.000Z | 2026-06-11T11:57:15Z"
"MI","Michigan","1aaf74c4-e667-420d-9039-4dd79fde4c48","Cynthia Foster","-83.20204612","42.45994635","dentist","doctor | family_practice","23077 Greenfield Rd","Southfield","48075-3706","MI","US","+12489055490","cynsule@gmail.com","https://twitter.com/CFosterDDS","https://www.facebook.com/649981028392069","","0.9199122190475464","open","6","meta | Overture | Overture-signals","CDLA-Permissive-2.0","2026-04-27T00:00:00.000Z | 2026-06-11T11:57:15Z | 2026-05-12T00:29:08Z | 2026-05-18T13:23:54Z | 2026-05-25T13:08:59Z | 2026-06-01T13:20:32Z | 2026-06-08T13:20:12Z"
"MI","Michigan","1ae5ec56-3025-4707-98d3-0090abaa0eb2","Aaron Moeggenborg, DDS","-84.6618673","43.3769103","dentist","health_and_medical","226 N State St","Alma","48801","MI","US","9894635392","","https://www.mymichigan.org/doctors/find-a-doctor-basic-profile/moeggenborg-aaron/?utm_medium=local&utm_source=bing_places-local&utm_campaign=local-alma-mmhd-1234","","","0.9199122190475464","open","6","Microsoft | Overture | Overture-signals","CDLA-Permissive-2.0","2023-10-31T18:34:18.563Z | 2026-06-11T11:57:15Z | 2026-05-12T00:29:08Z | 2026-05-18T13:23:54Z | 2026-05-25T13:08:59Z | 2026-06-01T13:20:32Z | 2026-06-08T13:20:12Z"
"MI","Michigan","1b4afc34-a78e-4b6d-8162-aaa5b407cf1f","David J. Campbell DDS","-83.517245","42.648793","dentist","hospital | optometrist","7110 Highland Rd","White Lake","48383-2851","MI","US","+12488878387","drdavidcambell@comcast.net","https://www.drdavidcampbell.com/","https://www.facebook.com/538712399553941","","0.9199122190475464","open","7","meta | Overture | Overture-signals","CDLA-Permissive-2.0","2026-04-27T00:00:00.000Z | 2026-06-11T11:57:15Z | 2026-05-12T00:29:08Z | 2026-05-18T13:23:54Z | 2026-05-25T13:08:59Z | 2026-06-01T13:20:32Z | 2026-06-08T13:20:12Z"
"MI","Michigan","1b5d86e9-88c4-4082-83bf-3828d126e8bd","Dr. Ronald L. Sudomir","-83.08872879","42.60895138","dentist","general_dentistry | doctor","43184 Dequindre Rd","Sterling Heights","48314-1709","MI","US","+15867395000","sudomirdds@yahoo.com","http://www.oursterlingheightsdentist.com/","https://www.facebook.com/519866988103473","","0.9867050051689148","","8","meta | Overture","CDLA-Permissive-2.0","2026-04-27T00:00:00.000Z | 2026-06-11T11:57:15Z"
"MI","Michigan","1b830076-0568-4847-822b-fc5900a20483","John F. Brucia DDS - Cosmetic and Family Dentistry.","-83.00710968","42.51563302","dentist","cosmetic_dentist | general_dentistry","30300 Hoover Rd","Warren","48093-6516","MI","US","+15865589510","","http://www.johnfbruciadds.com/","https://www.facebook.com/259722380744058","","0.9199122190475464","open","9","meta | Overture | Overture-signals","CDLA-Permissive-2.0","2026-04-27T00:00:00.000Z | 2026-06-11T11:57:15Z | 2026-05-12T00:29:08Z | 2026-05-18T13:23:54Z | 2026-05-25T13:08:59Z | 2026-06-01T13:20:32Z | 2026-06-08T13:20:12Z"
"MI","Michigan","1bb4c364-de72-40d0-b874-9ad2e8b18fa6","Sharp Smile Center","-85.61215663","42.23235346","dentist","general_dentistry | cosmetic_dentist","5835 Oakland Dr","Portage","49024-1118","MI","US","+12693444004","info@sharpsmilecenter.com","http://www.sharpsmilecenter.com/","https://www.facebook.com/333614724560","Sharp Smile Center","0.9199122190475464","open","8","meta | Overture | Overture-signals","CDLA-Permissive-2.0","2026-04-27T00:00:00.000Z | 2026-06-11T11:57:15Z | 2026-05-12T00:29:08Z | 2026-05-18T13:23:54Z | 2026-05-25T13:08:59Z | 2026-06-01T13:20:32Z | 2026-06-08T13:20:12Z"
"MI","Michigan","1bfc3e37-3fc4-4c4c-bd4f-c602a799eff1","Spring Lake Signature Smiles - Dr Caitlin Kovalak DDS","-86.17849249","43.07606422","dentist","general_dentistry | cosmetic_dentist","110 Dewitt Ln","Spring Lake","49456-1921","MI","US","+16168421562","staci@slsignaturesmiles.com","http://www.slsignaturesmiles.com/","https://www.facebook.com/206162006237658","Spring Lake Signature Smiles - Dr Caitlin Kovalak DDS","0.9953809231519699","","9","meta | Overture","CDLA-Permissive-2.0","2026-04-27T00:00:00.000Z | 2026-06-11T11:57:15Z"
"MI","Michigan","1c013bb3-e6b6-4f41-802c-9137d40e6d9d","South Haven Family Dentistry","-86.26438789","42.38939429","dentist","general_dentistry | health_and_medical","1088 Bailey Ave","South Haven","49090-6723","MI","US","+12696371306","","http://www.southhavenfamilydentistry.com/","https://www.facebook.com/129690113750647","Bear Creek Family Dentistry","0.9959372282028198","","9","meta | Overture","CDLA-Permissive-2.0","2026-04-27T00:00:00.000Z | 2026-06-11T11:57:15Z"
"MI","Michigan","1c055de1-7780-4fed-a5f2-bdb6944bef12","Tuccini Orthodontic Lab","-83.20503248","42.23919916","dentist","laboratory_testing","9628 Rosedale Blvd","Allen Park","48101-1306","MI","US","+13133861827","","http://www.familiatuccini.com","https://www.facebook.com/219795644814573","Familia Tuccini Orthodontic Lab","0.5382277369499207","","7","meta | Overture","CDLA-Permissive-2.0","2026-04-27T00:00:00.000Z | 2026-06-11T11:57:15Z"
"MI","Michigan","1c0d38a1-90e7-493d-a442-5223ae0f8adb","Dr. Kevin Coe","-85.6250345668424","42.877083052192","dentist","","4760 Kalamazoo Ave SE","Kentwood","49508","MI","US","(616) 281-3020","kevincoedds@yahoo.com","http://www.coe-dentistry.com","https://www.facebook.com/112418002118453","","0.9199122190475464","open","4","Foursquare | Overture | Overture-signals","Apache-2.0 | CDLA-Permissive-2.0","2026-03-02T00:00:00.000 | 2026-06-11T11:57:15Z | 2026-05-12T00:29:08Z | 2026-05-18T13:23:54Z | 2026-05-25T13:08:59Z | 2026-06-01T13:20:32Z | 2026-06-08T13:20:12Z"
"MI","Michigan","1c13ebe8-298c-43bf-b16b-19d9070bc1de","Oral & Maxillofacial Surgery Associates of Western Michigan Plc","-85.560527520258","42.9477569320975","dentist","","847 Parchment Dr SE Ste 125","Grand Rapids","49546","MI","US","(616) 957-4020","","http://www.omsaofwm.com","https://www.facebook.com/168924399787838","","0.9199122190475464","open","4","Foursquare | Overture | Overture-signals","Apache-2.0 | CDLA-Permissive-2.0","2025-08-22T00:00:00.000 | 2026-06-11T11:57:15Z | 2026-05-12T00:29:08Z | 2026-05-18T13:23:54Z | 2026-05-25T13:08:59Z | 2026-06-01T13:20:32Z | 2026-06-08T13:20:12Z"
"MI","Michigan","1c62ffb2-34c0-4506-835d-acd47fa4116d","Texas Corners Dental","-85.6818477726736","42.2011156738496","dentist","","6780 W Q Ave","Kalamazoo","49009","MI","US","(269) 372-2400","info@texascornersdental.com","http://www.texascornersdental.com","https://www.facebook.com/375764599183575","","0.77","","6","Foursquare | Overture","Apache-2.0 | CDLA-Permissive-2.0","2025-12-18T00:00:00.000 | 2026-06-11T11:57:15Z"
"MI","Michigan","1c8ecde4-72ab-4853-b11e-4562f0ab912d","Dr. Julie Cichoracki-Family Dentistry","-82.76398189","42.80850192","dentist","general_dentistry","35000 Division Rd","Richmond","48062-1564","MI","US","+15867271100","becky@drjuliec.com","http://www.drjuliec.com/","https://www.facebook.com/141175042584313","Dr. Julie Cichoracki-Family Dentistry","0.9199122190475464","open","10","meta | Overture | Overture-signals","CDLA-Permissive-2.0","2026-04-27T00:00:00.000Z | 2026-06-11T11:57:15Z | 2026-05-12T00:29:08Z | 2026-05-18T13:23:54Z | 2026-05-25T13:08:59Z | 2026-06-01T13:20:32Z | 2026-06-08T13:20:12Z"
"MI","Michigan","1ca24639-fc91-4f16-b5ba-8b147da582a0","Delta Dental Plan of Michigan","-83.35331628","42.49821754","dentist","health_and_medical | insurance_agency","27500 Stansbury Blvd","Farmington Hills","48334-3811","MI","US","+12484429535","cdoroh@deltadentalmi.com","http://www.deltadentalmi.com","https://www.facebook.com/133127630086896","Delta Dental of Michigan","0.9909890294075012","","8","meta | Overture","CDLA-Permissive-2.0","2026-04-27T00:00:00.000Z | 2026-06-11T11:57:15Z"
"MI","Michigan","1ca4f435-5ace-4afb-9a06-73cd97b7f661","Michael Valentine DDS","-83.392401","41.93496","dentist","","311 Stewart Rd","Monroe","48162-4393","MI","US","+17342411144","amieval@charter.net","http://valentinedentistry.com/","https://www.facebook.com/452993821558565","","0.8139584064483643","","1","meta | Overture","CDLA-Permissive-2.0","2026-04-27T00:00:00.000Z | 2026-06-11T11:57:15Z"
"MI","Michigan","1cad310d-697d-445c-a0be-908fc5a6da88","Dental Radiance","-83.2056994681761","42.5413729083521","dentist","","800 S Adams Rd","Birmingham","48009","MI","US","(248) 792-6979","","http://www.midentalradiance.com","","","0.9199122190475464","open","8","Foursquare | Overture | Overture-signals","Apache-2.0 | CDLA-Permissive-2.0","2024-01-02T00:00:00.000 | 2026-06-11T11:57:15Z | 2026-05-12T00:29:08Z | 2026-05-18T13:23:54Z | 2026-05-25T13:08:59Z | 2026-06-01T13:20:32Z | 2026-06-08T13:20:12Z"
"MI","Michigan","1cbadee3-566f-4e73-8a15-9b4b7ed84a90","Flossin in Clawson","-83.14618479","42.52995394","dentist","general_dentistry","430 S Main St","Clawson","48017-2012","MI","US","+12486332660","info@flossininclawson.com","http://www.flossininclawson.com/","https://www.facebook.com/58085402268","Flossin In Clawson Cosmetic Dentistry","0.9199122190475464","open","9","meta | Overture | Overture-signals","CDLA-Permissive-2.0","2026-04-27T00:00:00.000Z | 2026-06-11T11:57:15Z | 2026-05-12T00:29:08Z | 2026-05-18T13:23:54Z | 2026-05-25T13:08:59Z | 2026-06-01T13:20:32Z | 2026-06-08T13:20:12Z"
"MI","Michigan","1cd5468e-6722-4ecb-a412-99b39ec0f55c","Andrew G Aretakis PC","-83.31880954","43.06290182","dentist","general_dentistry | doctor","1386 N Main St","Lapeer","48446-1349","MI","US","+18106642235","agadds@gmail.com","http://andrewaretakisdds.com/","https://www.facebook.com/162006193828102","","0.9986855030059815","","9","meta | Overture","CDLA-Permissive-2.0","2026-04-27T00:00:00.000Z | 2026-06-11T11:57:15Z"
"MI","Michigan","1ce30016-d5c3-4b4e-8ba0-5da6521b8c18","Aaron Ruskin","-83.79650549","42.54618649","dentist","health_and_medical","7927 Nemco Way","Brighton","48116-9458","MI","US","+18102299600","","","https://www.facebook.com/268089999967113","","0.9199122190475464","open","7","meta | Overture | Overture-signals","CDLA-Permissive-2.0","2026-04-27T00:00:00.000Z | 2026-06-11T11:57:15Z | 2026-05-12T00:29:08Z | 2026-05-18T13:23:54Z | 2026-05-25T13:08:59Z | 2026-06-01T13:20:32Z | 2026-06-08T13:20:12Z"
"MI","Michigan","1ce6dd8f-63e1-4020-8b8f-30695f9e486c","WCC Dental Assisting","-83.66361","42.26326","dentist","college_university | school","4800 E Huron River Dr","Ann Arbor","48105-9481","MI","US","+17349733332","den@wccnet.edu","https://www.wccnet.edu/learn/departments/alhd/dental/","https://www.facebook.com/110584278083939","Washtenaw Community College","0.7922621369361877","","2","meta | Overture","CDLA-Permissive-2.0","2026-04-27T00:00:00.000Z | 2026-06-11T11:57:15Z"
"MI","Michigan","1d0fb096-f69f-4bde-a197-027ef69d995c","Sharon L Dow","-84.667418550753","41.9798870471898","dentist","","211 Harley St","Jonesville","49250","MI","US","(517) 849-9195","","http://ww6.place-web.com","","","0.9199122190475464","open","4","Foursquare | Overture | Overture-signals","Apache-2.0 | CDLA-Permissive-2.0","2025-08-22T00:00:00.000 | 2026-06-11T11:57:15Z | 2026-05-12T00:29:08Z | 2026-05-18T13:23:54Z | 2026-05-25T13:08:59Z | 2026-06-01T13:20:32Z | 2026-06-08T13:20:12Z"
"MI","Michigan","1d280313-90ba-483c-b3f1-f18450301bef","Scott A Minniear DDS","-84.41342739","42.24581359","dentist","orthodontist","306 W Washington Ave","Jackson","49201-2141","MI","US","+15177878880","samdds1500@aol.com","http://www.minneardental.com","https://www.facebook.com/617195911657781","","0.9014194011688232","","5","meta | Overture","CDLA-Permissive-2.0","2026-04-27T00:00:00.000Z | 2026-06-11T11:57:15Z"
"MI","Michigan","1d29ddfe-cd0a-4321-bc62-b67f5c76ed79","Weiss Randall G DDS","-83.99540409","43.43756848","dentist","general_dentistry | health_and_medical","2061 Passolt St","Saginaw","48603-4016","MI","US","+19897971997","","https://weiss-randall-g.hub.biz/","https://www.facebook.com/126248230761746","","0.9199122190475464","open","7","meta | Overture | Overture-signals","CDLA-Permissive-2.0","2026-04-27T00:00:00.000Z | 2026-06-11T11:57:15Z | 2026-05-12T00:29:08Z | 2026-05-18T13:23:54Z | 2026-05-25T13:08:59Z | 2026-06-01T13:20:32Z | 2026-06-08T13:20:12Z"
"MI","Michigan","1d340a1d-5a84-4980-8fd0-2744d52fadac","Oakland Family Dentistry","-83.359168988337","42.5327885293323","dentist","","7125 Orchard Lake Rd Ste 310","West Bloomfield","48322","MI","US","(248) 855-1855","","http://www.makingbeautifulsmiles.com","https://www.facebook.com/140480639365252","","0.77","","5","Foursquare | Overture","Apache-2.0 | CDLA-Permissive-2.0","2025-08-19T00:00:00.000 | 2026-06-11T11:57:15Z"
"MI","Michigan","1d37ee8f-cbb9-4092-af34-1c9fbc77c3a6","Edmore Family Dentistry","-85.05775516","43.40849529","dentist","general_dentistry | health_and_medical","1315 Edmore Rd","Edmore","48829-9737","MI","US","+19894273430","edmorefamilydentistry@gmail.com","http://www.edmorefamilydentistry.com/","https://www.facebook.com/262057610581256","","0.9951618313789368","","8","meta | Overture","CDLA-Permissive-2.0","2026-04-27T00:00:00.000Z | 2026-06-11T11:57:15Z"
"MI","Michigan","1d5299d2-2579-4ec8-a751-63f5664af886","Scott Smith PC","-84.04796546","41.91290652","dentist","medical_service_organizations | health_and_medical","770 Riverside Ave","Adrian","49221-1465","MI","US","+15172655577","","http://Fishingforadentist.com/","https://www.facebook.com/383050158443294","","0.9199122190475464","open","6","meta | Overture | Overture-signals","CDLA-Permissive-2.0","2026-04-27T00:00:00.000Z | 2026-06-11T11:57:15Z | 2026-05-12T00:29:08Z | 2026-05-18T13:23:54Z | 2026-05-25T13:08:59Z | 2026-06-01T13:20:32Z | 2026-06-08T13:20:12Z"
"MI","Michigan","1d810e8e-3250-4940-b440-62d3e835ed80","Novi Oral & Maxillofacial Surgery","-83.4764377383651","42.4654533848055","dentist","","23975 Novi Rd","Novi","48375","MI","US","(248) 348-2115","","http://www.noviomfs.com","https://www.facebook.com/115822778477336","","0.9199122190475464","open","4","Foursquare | Overture | Overture-signals","Apache-2.0 | CDLA-Permissive-2.0","2025-08-22T00:00:00.000 | 2026-06-11T11:57:15Z | 2026-05-12T00:29:08Z | 2026-05-18T13:23:54Z | 2026-05-25T13:08:59Z | 2026-06-01T13:20:32Z | 2026-06-08T13:20:12Z"
"MI","Michigan","1d9f674a-0d6a-4cce-9827-003b7f1ab52c","Rockwood Family Dental","-83.24529842","42.06681065","dentist","general_dentistry","21969 Huron River Dr","Rockwood","48173-1237","MI","US","+17343799322","rockwoodfamilydental@gmail.com","http://rockwoodfamilydental.com/","https://www.facebook.com/107275895706404","","0.9199122190475464","open","9","meta | Overture | Overture-signals","CDLA-Permissive-2.0","2026-04-27T00:00:00.000Z | 2026-06-11T11:57:15Z | 2026-05-12T00:29:08Z | 2026-05-18T13:23:54Z | 2026-05-25T13:08:59Z | 2026-06-01T13:20:32Z | 2026-06-08T13:20:12Z"
"MI","Michigan","1dcd3d9b-18a1-4d75-a286-e78623d0bbd6","Motto Clear Aligners","-83.749679","42.985459","dentist","health_and_medical","G3538 Miller Rd Ste A","Flint","48507","MI","US","8104240400","","https://www.aspendental.com/dentist/mi/flint/g3538-miller-road-ste-a","","","0.85","","8","Microsoft | Overture","CDLA-Permissive-2.0","2024-09-12T21:09:05.087Z | 2026-06-11T11:57:15Z"
"MI","Michigan","1df31549-751d-4506-b93c-c14e906b9701","Peter M. Soloman DDS, PC","-83.133345","42.643294","dentist","orthodontist | doctor","2490 S Rochester Rd","Rochester Hills","48307-3817","MI","US","+12488522266","","http://www.pmsdds.com/","https://www.facebook.com/1667374266840089","","0.8849137425422668","","8","meta | Overture","CDLA-Permissive-2.0","2026-04-27T00:00:00.000Z | 2026-06-11T11:57:15Z"
"MI","Michigan","1dfc2ffd-62cd-4146-8007-004b27deb0c9","Dr. Powell and Udrys Dentistry","-83.7879887201556","42.1803100570428","dentist","","1101 N Ann Arbor St","Saline","48176","MI","US","(734) 429-2522","","http://www.powellandudrysdental.com/","https://www.twitter.com/PowellandUdrys","","0.9199122190475464","open","4","Foursquare | Overture | Overture-signals","Apache-2.0 | CDLA-Permissive-2.0","2025-08-22T00:00:00.000 | 2026-06-11T11:57:15Z | 2026-05-12T00:29:08Z | 2026-05-18T13:23:54Z | 2026-05-25T13:08:59Z | 2026-06-01T13:20:32Z | 2026-06-08T13:20:12Z"
"MI","Michigan","1e121c17-f61f-42de-bf05-f31bf4e0f552","Mark J Halboth, DDS","-83.39973746","42.39718477","dentist","general_dentistry | health_and_medical","36000 5 Mile Rd","Livonia","48154-1918","MI","US","+17344643430","","http://www.awesomedental.com","https://www.facebook.com/111669222228807","","0.9199122190475464","open","8","meta | Overture | Overture-signals","CDLA-Permissive-2.0","2026-04-27T00:00:00.000Z | 2026-06-11T11:57:15Z | 2026-05-12T00:29:08Z | 2026-05-18T13:23:54Z | 2026-05-25T13:08:59Z | 2026-06-01T13:20:32Z | 2026-06-08T13:20:12Z"
"MI","Michigan","1e1d80b3-70d5-4e60-b854-c298c86e5944","Stephen M Sgrazzutti DDS & Nicholas P White DDS","-84.014014","43.430146","dentist","orthodontist | medical_service_organizations","1542 N Center Rd","Saginaw","48638-5564","MI","US","+19897995660","info@saginawfamilydentistry.com","http://www.saginawfamilydentistry.com/","https://www.facebook.com/369955956500095","","0.9722161889076233","","9","meta | Overture","CDLA-Permissive-2.0","2026-04-27T00:00:00.000Z | 2026-06-11T11:57:15Z"
"MI","Michigan","1e247243-2e65-442a-9ce7-f0388b9c16a5","John J Kozicki DDS","-83.12821038","42.58850222","dentist","general_dentistry | health_and_medical","4770 Rochester Rd","Troy","48085-4951","MI","US","+12486899191","drkozicki@yahoo.com","http://www.johnjkozickiddspc.com/","https://www.facebook.com/388370814529720","","0.9199122190475464","open","8","meta | Overture | Overture-signals","CDLA-Permissive-2.0","2026-04-27T00:00:00.000Z | 2026-06-11T11:57:15Z | 2026-05-12T00:29:08Z | 2026-05-18T13:23:54Z | 2026-05-25T13:08:59Z | 2026-06-01T13:20:32Z | 2026-06-08T13:20:12Z"
"MI","Michigan","1e32c0e1-ae31-4c81-b038-091b92bfe6c9","John Carter","-84.23320549","43.65433112","dentist","endodontist","555 W Wackerly St","Midland","48640-4710","MI","US","+19896318040","","http://www.johncarterdds.com","https://www.facebook.com/110670115639356","","0.9199122190475464","open","7","meta | Overture | Overture-signals","CDLA-Permissive-2.0","2026-04-27T00:00:00.000Z | 2026-06-11T11:57:15Z | 2026-05-12T00:29:08Z | 2026-05-18T13:23:54Z | 2026-05-25T13:08:59Z | 2026-06-01T13:20:32Z | 2026-06-08T13:20:12Z"
"MI","Michigan","1e377243-c031-4a96-bbf8-b898924b95c7","Motto Clear Aligners","-85.6884146","43.02370699","dentist","health_and_medical","3320 Alpine Ave NW","Grand Rapids","49544","MI","US","6167853100","","https://www.aspendental.com/dentist/mi/grand-rapids/3320-alpine-ave/motto-clear-aligners/","","","0.9199122190475464","open","6","Microsoft | Overture | Overture-signals","CDLA-Permissive-2.0","2025-10-03T21:19:32.803Z | 2026-06-11T11:57:15Z | 2026-05-12T00:29:08Z | 2026-05-18T13:23:54Z | 2026-05-25T13:08:59Z | 2026-06-01T13:20:32Z | 2026-06-08T13:20:12Z"
"MI","Michigan","1e6808c7-0bab-4e36-81e2-7a985b4a28e2","Jason H. Carlson D.D.S., PLLC","-83.990726384225","42.9250632027155","dentist","","8900 E Lansing Rd","Durand","48429","MI","US","(989) 288-4832","jcarlsondds@gmail.com","http://www.jasoncarlsondds.com","https://www.facebook.com/1542742866020684","","0.77","","3","Foursquare | Overture","Apache-2.0 | CDLA-Permissive-2.0","2025-11-01T00:00:00.000 | 2026-06-11T11:57:15Z"
"MI","Michigan","1e79a6d1-29eb-4ab7-ad8e-db056e4ff4f3","Great Expressions Dental Centers","-83.28700794","42.50562809","dentist","general_dentistry | medical_service_organizations","29777 Telegraph Rd","Southfield","48034-1303","MI","US","+18887645380","jack.allen@greatexpressions.com","https://www.greatexpressions.com","https://www.facebook.com/387456108441031","Great Expressions Dental Centers","0.9199122190475464","open","7","meta | Overture | Overture-signals","CDLA-Permissive-2.0","2026-04-27T00:00:00.000Z | 2026-06-11T11:57:15Z | 2026-05-12T00:29:08Z | 2026-05-18T13:23:54Z | 2026-05-25T13:08:59Z | 2026-06-01T13:20:32Z | 2026-06-08T13:20:12Z"
"MI","Michigan","1e7f21e2-a3e5-4767-b96a-1efcc048aa15","Pure Dental","-83.4248979","42.46800903","dentist","general_dentistry | cosmetic_dentist","38215 W 10 Mile Rd","Farmington Hills","48335-2866","MI","US","+12488880364","puredentalmi@gmail.com","http://www.puredentalmi.com/","https://www.facebook.com/204070566280098","Pure Dental, Dr. Sheela Neral DDS & Associates","0.9727990627288818","","1","meta | Overture","CDLA-Permissive-2.0","2026-04-27T00:00:00.000Z | 2026-06-11T11:57:15Z"
"MI","Michigan","1ea5cc1d-67a4-4f82-b96c-e34fe7d07dda","Graceful Dental Innovations- formerly Gentner Family Dentistry","-84.54632985","42.99282012","dentist","general_dentistry | cosmetic_dentist","907 S Old US 27","St Johns","48879-2435","MI","US","+19892247559","admin@gdi.dental","http://gracefuldentalinnovations.com/","https://www.facebook.com/112785708766215","","0.9892703294754028","","2","meta | Overture","CDLA-Permissive-2.0","2026-04-27T00:00:00.000Z | 2026-06-11T11:57:15Z"
"MI","Michigan","1ead2115-5b9e-40ac-a545-60224a9359f8","Danta-Dahl Kimberly A","-82.95183889","42.60960849","dentist","general_dentistry","42550 Garfield Rd","Clinton Twp","48038-1644","MI","US","+15862282800","dr.dahl@att.net","http://www.kimberlydanta-dahldds.com","https://www.facebook.com/117070631685325","","0.9199122190475464","open","7","meta | Overture | Overture-signals","CDLA-Permissive-2.0","2026-04-27T00:00:00.000Z | 2026-06-11T11:57:15Z | 2026-05-12T00:29:08Z | 2026-05-18T13:23:54Z | 2026-05-25T13:08:59Z | 2026-06-01T13:20:32Z | 2026-06-08T13:20:12Z"
"MI","Michigan","1eb8803b-6d04-4b71-b70d-e4a4fe73ee55","Modern American Dental Clinic","-83.18407825","42.34409887","dentist","health_and_medical","14350 W Warren Ave","Dearborn","48126-1459","MI","US","+13135821919","berrydentist@yahoo.com","https://www.modernamericandental.com/","https://www.facebook.com/411175915733207","","0.9199122190475464","open","9","meta | Overture | Overture-signals","CDLA-Permissive-2.0","2026-04-27T00:00:00.000Z | 2026-06-11T11:57:15Z | 2026-05-12T00:29:08Z | 2026-05-18T13:23:54Z | 2026-05-25T13:08:59Z | 2026-06-01T13:20:32Z | 2026-06-08T13:20:12Z"
"MI","Michigan","1ebcb6ff-f3b2-4f5a-972b-041afab0643d","Sterling Family Dentistry","-83.03279524","42.61583244","dentist","prosthodontist | medical_service_organizations","43771 Van Dyke Ave","Sterling Heights","48314-2445","MI","US","+15863232273","drsassack@yahoo.com","http://www.sassackdental.com","https://www.facebook.com/175682109215795","Sterling Family Dentistry, P.C.","0.9199122190475464","open","7","meta | Overture | Overture-signals","CDLA-Permissive-2.0","2026-04-27T00:00:00.000Z | 2026-06-11T11:57:15Z | 2026-05-12T00:29:08Z | 2026-05-18T13:23:54Z | 2026-05-25T13:08:59Z | 2026-06-01T13:20:32Z | 2026-06-08T13:20:12Z"
"MI","Michigan","1ec5fada-ffa3-4ea7-83d9-25a3c5f07b86","Dental Care Team - Fenton Rd.","-83.69196","42.95133","dentist","","5301 Fenton Rd","Flint","48507-4034","MI","US","+18102142749","","https://dentalcareteam.com/fenton/","https://www.facebook.com/825381114472942","Dental Care Team","0.6466630697250366","","7","meta | Overture","CDLA-Permissive-2.0","2026-04-27T00:00:00.000Z | 2026-06-11T11:57:15Z"
"MI","Michigan","1ef04898-778d-4a4a-9810-a59e007b62d2","Kentwood Family Dental Care","-85.6038346623591","42.8800427164192","dentist","","4611 N Breton Ct SE","Kentwood","49508","MI","US","(616) 612-1176","jrossidds@yahoo.com","https://www.kentwoodfamilydentalcare.com","https://www.twitter.com/kentwooddental | https://www.facebook.com/114107980417024 | https://www.instagram.com/kentwoodfamilydentalcare","","0.9199122190475464","open","4","Foursquare | Overture | Overture-signals","Apache-2.0 | CDLA-Permissive-2.0","2021-06-29T00:00:00.000 | 2026-06-11T11:57:15Z | 2026-05-12T00:29:08Z | 2026-05-18T13:23:54Z | 2026-05-25T13:08:59Z | 2026-06-01T13:20:32Z | 2026-06-08T13:20:12Z"
"MI","Michigan","1f02c572-459f-4e4f-88a9-9b43d037eb64","Patriot Dental Lab","-83.92835935","44.2772444","dentist","","4875 Tawas Rd","Prescott","48756","MI","US","+19898733737","rob@patriotdentallab.com","http://www.patriotdentallab.com/","https://www.facebook.com/132069633511266","Patriot Dental Lab","0.5623703002929688","","2","meta | Overture","CDLA-Permissive-2.0","2026-04-27T00:00:00.000Z | 2026-06-11T11:57:15Z"
"MI","Michigan","1f07b020-baa9-479b-8acf-b40a232a0d8f","Bruce Leonard DDS","-85.1985514","42.30076377","dentist","doctor | health_and_medical","3 John R St","Battle Creek","49015-5007","MI","US","+12699682880","","http://www.dentistbattlecreekmi.com/","https://www.facebook.com/1344166658958299","","0.9950798183679581","","8","meta | Overture","CDLA-Permissive-2.0","2026-04-27T00:00:00.000Z | 2026-06-11T11:57:15Z"
"MI","Michigan","1f1d3938-2776-4eb5-813b-807633626a03","A+ Dentistry","-83.4998956","42.27006846","dentist","general_dentistry","47166 Michigan Ave","Canton","48188-2583","MI","US","+17344959460","info@aplus-dentistry.com","https://www.aplusdentistrymi.hibuwebsites.com/","https://www.facebook.com/851707388249049","","0.9199122190475464","open","8","meta | Overture | Overture-signals","CDLA-Permissive-2.0","2026-04-27T00:00:00.000Z | 2026-06-11T11:57:15Z | 2026-05-12T00:29:08Z | 2026-05-18T13:23:54Z | 2026-05-25T13:08:59Z | 2026-06-01T13:20:32Z | 2026-06-08T13:20:12Z"
"MI","Michigan","1f376931-5018-4507-acef-04d5eb4d4ae1","David Belokonny","-83.28533208","42.51761034","dentist","general_dentistry","31350 Telegraph Rd","Bingham Farms","48025-4366","MI","US","+12486460064","smile.office.em@gmail.com","http://www.smile123.com/","https://www.facebook.com/159983550691832","","0.9199122190475464","open","7","meta | Overture | Overture-signals","CDLA-Permissive-2.0","2026-04-27T00:00:00.000Z | 2026-06-11T11:57:15Z | 2026-05-12T00:29:08Z | 2026-05-18T13:23:54Z | 2026-05-25T13:08:59Z | 2026-06-01T13:20:32Z | 2026-06-08T13:20:12Z"
"MI","Michigan","1f4621b7-9675-4043-9f93-65ce9785bc25","Dr. Nidal Hammoud D.D.S.","-83.19558878","42.3344476","dentist","general_dentistry | doctor","6150 Greenfield Rd","Dearborn","48126-6003","MI","US","+13132542141","executivedentistrygreenfield@hotmail.com","","https://www.facebook.com/1344350852283201","","0.9199122190475464","open","8","meta | Overture | Overture-signals","CDLA-Permissive-2.0","2026-04-27T00:00:00.000Z | 2026-06-11T11:57:15Z | 2026-05-12T00:29:08Z | 2026-05-18T13:23:54Z | 2026-05-25T13:08:59Z | 2026-06-01T13:20:32Z | 2026-06-08T13:20:12Z"
"MI","Michigan","1f514844-d746-4412-8635-c3f2ba17b464","Jill F Van De Veire","-86.1131232305981","42.312843364625","dentist","","308 Charles St","Bangor","49013","MI","US","(269) 427-7850","","http://www.intercare.org","","","0.9199122190475464","open","4","Foursquare | Overture | Overture-signals","Apache-2.0 | CDLA-Permissive-2.0","2025-08-19T00:00:00.000 | 2026-06-11T11:57:15Z | 2026-05-12T00:29:08Z | 2026-05-18T13:23:54Z | 2026-05-25T13:08:59Z | 2026-06-01T13:20:32Z | 2026-06-08T13:20:12Z"
"MI","Michigan","1f6c6066-7cb2-4965-a3e3-1bb8c35c6cff","Pierce Dental Centre","-83.21175882","42.47345332","dentist","general_dentistry | health_and_medical","16915 W 10 Mile Rd","Southfield","48075-2919","MI","US","+12484239494","ronturnerdds@aol.com","https://www.southfieldsmile.com","https://www.facebook.com/1475437249338095","","0.9199122190475464","open","8","meta | Overture | Overture-signals","CDLA-Permissive-2.0","2026-04-27T00:00:00.000Z | 2026-06-11T11:57:15Z | 2026-05-12T00:29:08Z | 2026-05-18T13:23:54Z | 2026-05-25T13:08:59Z | 2026-06-01T13:20:32Z | 2026-06-08T13:20:12Z"
"MI","Michigan","1f916cd5-b075-472d-b47a-a1b315ea2fa1","ACE Dentistry PLLC","-86.01227622","42.81242355","dentist","general_dentistry","243 E Main Ave","Zeeland","49464-1748","MI","US","+16167726933","drlee@acedentistrymi.com","http://www.acedentistrymi.com/","https://www.facebook.com/101215938638007","","0.9199122190475464","open","7","meta | Overture | Overture-signals","CDLA-Permissive-2.0","2026-04-27T00:00:00.000Z | 2026-06-11T11:57:15Z | 2026-05-12T00:29:08Z | 2026-05-18T13:23:54Z | 2026-05-25T13:08:59Z | 2026-06-01T13:20:32Z | 2026-06-08T13:20:12Z"
"MI","Michigan","1f9d72da-dd29-4dbe-855e-dd303bfe34f5","Saglimbene David J DDS","-82.90836474","42.46393956","dentist","general_dentistry | doctor","22790 Harper Ave","St Clair Shores","48080-1831","MI","US","+15867760654","","","https://www.facebook.com/1834294133511629","","0.9652329683303833","","2","meta | Overture","CDLA-Permissive-2.0","2026-04-27T00:00:00.000Z | 2026-06-11T11:57:15Z"
"MI","Michigan","1fa49148-b4ea-432d-8ca7-5924d15a5b3a","Burton Family Dentistry","-83.63342064","43.00521262","dentist","general_dentistry","1481 S Center Rd","Burton","48509-1779","MI","US","+18107442982","smile@burtonfamilydentist.com","https://www.burtonfamilydentist.com/","https://www.facebook.com/111822655163786","","0.9199122190475464","open","7","meta | Overture | Overture-signals","CDLA-Permissive-2.0","2026-04-27T00:00:00.000Z | 2026-06-11T11:57:15Z | 2026-05-12T00:29:08Z | 2026-05-18T13:23:54Z | 2026-05-25T13:08:59Z | 2026-06-01T13:20:32Z | 2026-06-08T13:20:12Z"
"MI","Michigan","1fb144eb-c695-4b5f-bb6d-25d8beb6968f","Dr Koonman DDS","-83.774973750114","43.013480901718","dentist","health_and_medical | hospital","5051 Villa Linde Pkwy","Flint","48532-3449","MI","US","","","http://www.healthgrades.com/dentist/dr-mark-koonmen-2vf4v","https://www.facebook.com/146344478770003","","0.683125913143158","","8","meta | Overture","CDLA-Permissive-2.0","2026-04-27T00:00:00.000Z | 2026-06-11T11:57:15Z"
"MI","Michigan","1fc9c488-ae65-4fbb-8547-f7b79e7e0b55","Paula Druskins","-84.76551993","43.58354968","dentist","general_dentistry","1903 Evans St","Mt Pleasant","48858-4459","MI","US","+19897723216","","http://pauladruskinsdds.com/","https://www.facebook.com/220575778389952","","0.9199122190475464","open","8","meta | Overture | Overture-signals","CDLA-Permissive-2.0","2026-04-27T00:00:00.000Z | 2026-06-11T11:57:15Z | 2026-05-12T00:29:08Z | 2026-05-18T13:23:54Z | 2026-05-25T13:08:59Z | 2026-06-01T13:20:32Z | 2026-06-08T13:20:12Z"
"MI","Michigan","1ff06d8a-2a6d-41f3-9523-303bbd68202d","Periodontal Specialties","-83.02945766","42.59120344","dentist","periodontist | health_and_medical","8130 Constitution Blvd","Sterling Heights","48313-3801","MI","US","+15864120090","","http://periodontalspecialtiesmi.com","https://www.facebook.com/158409497525246","Periodontal Specialties","0.9199122190475464","open","10","meta | Overture | Overture-signals","CDLA-Permissive-2.0","2026-04-27T00:00:00.000Z | 2026-06-11T11:57:15Z | 2026-05-12T00:29:08Z | 2026-05-18T13:23:54Z | 2026-05-25T13:08:59Z | 2026-06-01T13:20:32Z | 2026-06-08T13:20:12Z"
"MI","Michigan","2007e4d2-281d-48ac-a257-f9092cef696d","Ann Arbor Dental Care","-83.80000318","42.27920112","dentist","general_dentistry | health_and_medical","450 S Wagner Rd","Ann Arbor","48103-1944","MI","US","+17346688420","annarbordentalcare@gmail.com","http://annarbordentalcare.com/","https://www.facebook.com/344036585613126","Ann Arbor Dental Care, PLLC","0.9199122190475464","open","9","meta | Overture | Overture-signals","CDLA-Permissive-2.0","2026-04-27T00:00:00.000Z | 2026-06-11T11:57:15Z | 2026-05-12T00:29:08Z | 2026-05-18T13:23:54Z | 2026-05-25T13:08:59Z | 2026-06-01T13:20:32Z | 2026-06-08T13:20:12Z"
"MI","Michigan","200a1cd3-7327-4509-b2ff-12b2c4280ae8","Timothy M. Ruby DDS at Forest Hills Family Dentistry","-86.4298923279247","43.9637291398305","dentist","","921 E Tinkham Ave","Ludington","49431","MI","US","(231) 845-6313","","http://www.foresthillsfamilydentistry.com","https://www.facebook.com/510548985718611","","0.9199122190475464","open","4","Foursquare | Overture | Overture-signals","Apache-2.0 | CDLA-Permissive-2.0","2025-08-19T00:00:00.000 | 2026-06-11T11:57:15Z | 2026-05-12T00:29:08Z | 2026-05-18T13:23:54Z | 2026-05-25T13:08:59Z | 2026-06-01T13:20:32Z | 2026-06-08T13:20:12Z"
"MI","Michigan","201afc20-492a-4b78-9cd8-04b73bddb80f","Dr. Viraj Shah","-83.12766256","42.57198874","dentist","general_dentistry | health_and_medical","3638 Rochester Rd","Troy","48083-5213","MI","US","+15869770300","info@myintegritydental.com","https://myintegritydental.com/","https://www.facebook.com/315855271610783","Integrity Dental- Dr. Viraj Shah, DDS","0.9248417615890503","","9","meta | Overture","CDLA-Permissive-2.0","2026-04-27T00:00:00.000Z | 2026-06-11T11:57:15Z"
"MI","Michigan","2043bba6-66f3-47ac-978e-ada39a415c86","Dr. Chris Bryant D.D.S.","-83.6036344593541","42.9087223472367","dentist","doctor | pediatric_dentist","8285 S Saginaw Rd","Grand Blanc","48439-2436","MI","US","+18106949470","dr.chrisbryant@ameritech.net","http://www.yourgrandblancdentist.com/","https://www.facebook.com/126070897437490","","0.9732827544212341","","7","meta | Overture","CDLA-Permissive-2.0","2026-04-27T00:00:00.000Z | 2026-06-11T11:57:15Z"
"MI","Michigan","204e1884-dec8-47d9-994b-e4380cf9e230","Betsy Meade Orthodontics","-83.6438328347503","42.2454930816315","dentist","","2780 Packard Rd","Ypsilanti","48197","MI","US","(734) 481-1060","info@meaderiolobraces.com","","https://www.facebook.com/191082220935163","","0.77","","5","Foursquare | Overture","Apache-2.0 | CDLA-Permissive-2.0","2026-01-14T00:00:00.000 | 2026-06-11T11:57:15Z"
"MI","Michigan","20534e06-db84-4241-9b05-f813d8887412","Hock Family Dentistry","-83.48079078","42.3589846","dentist","general_dentistry","44560 Ann Arbor Rd W","Plymouth","48170-3908","MI","US","+17344558844","hockdds@outlook.com","http://www.hockfamilydentistry.com/","https://www.facebook.com/144744202259262","Hock Family Dentistry","0.9902192950248718","open","9","meta | Overture | Overture-signals","CDLA-Permissive-2.0","2026-04-27T00:00:00.000Z | 2026-06-11T11:57:15Z | 2026-05-12T00:29:08Z | 2026-05-18T13:23:54Z | 2026-05-25T13:08:59Z | 2026-06-01T13:20:32Z | 2026-06-08T13:20:12Z"
"MI","Michigan","205fce10-e0e6-43dd-910a-f10396f348f2","Khazaal Adnan DDS","-83.189984759045","42.3178122272444","dentist","","15031 Michigan Ave","Dearborn","48126","MI","US","(313) 582-3600","dentalartc@yahoo.com","http://dentalartclinicusa.com","","","0.9199122190475464","open","4","Foursquare | Overture | Overture-signals","Apache-2.0 | CDLA-Permissive-2.0","2025-03-21T00:00:00.000 | 2026-06-11T11:57:15Z | 2026-05-12T00:29:08Z | 2026-05-18T13:23:54Z | 2026-05-25T13:08:59Z | 2026-06-01T13:20:32Z | 2026-06-08T13:20:12Z"
"MI","Michigan","208ecc44-2edb-4128-bce3-451016275237","Hibbeln & Kowal Dental","-83.15198111","42.67568562","dentist","endodontist | hospital","441 S Livernois Rd","Rochester Hills","48307-2584","MI","US","+12486081300","info@handkdental.com","https://www.hillsdental.com","https://www.facebook.com/153256221414495","","0.9199122190475464","open","8","meta | Overture | Overture-signals","CDLA-Permissive-2.0","2026-04-27T00:00:00.000Z | 2026-06-11T11:57:15Z | 2026-05-12T00:29:08Z | 2026-05-18T13:23:54Z | 2026-05-25T13:08:59Z | 2026-06-01T13:20:32Z | 2026-06-08T13:20:12Z"
"MI","Michigan","208ed424-0f86-40ae-bacd-56bc2507772f","New Era Dental","-83.68951871","42.25483674","dentist","general_dentistry | medical_service_organizations","3500 Washtenaw Ave","Ann Arbor","48104-5244","MI","US","+17348080000","kvarga@neweradentalmi.com","https://www.neweradentalmi.com/","https://www.facebook.com/169466863846826","New Era Dental","0.9199122190475464","open","9","meta | Overture | Overture-signals","CDLA-Permissive-2.0","2026-04-27T00:00:00.000Z | 2026-06-11T11:57:15Z | 2026-05-12T00:29:08Z | 2026-05-18T13:23:54Z | 2026-05-25T13:08:59Z | 2026-06-01T13:20:32Z | 2026-06-08T13:20:12Z"
"MI","Michigan","20ce9847-c374-485d-bc62-de6546637ccb","Catherine Uyco Pike","-85.57645375","42.24339877","dentist","general_dentistry","5102 Lovers Ln","Portage","49002-1558","MI","US","+12693443855","drcpike@gmail.com","http://www.catherinepikedds.com/","https://www.facebook.com/131788590349014","","0.9921922087669373","","9","meta | Overture","CDLA-Permissive-2.0","2026-04-27T00:00:00.000Z | 2026-06-11T11:57:15Z"
"MI","Michigan","20d4cc1e-5ddf-43f3-bb16-98daa2a883fa","West Michigan Family Dental","-85.9604484401161","43.4720460511261","dentist","","517 N Stone Rd Ste 102","Fremont","49412","MI","US","(231) 924-5542","","https://westmichiganfamilydental.com","","","0.9199122190475464","open","4","Foursquare | Overture | Overture-signals","Apache-2.0 | CDLA-Permissive-2.0","2026-02-17T00:00:00.000 | 2026-06-11T11:57:15Z | 2026-05-12T00:29:08Z | 2026-05-18T13:23:54Z | 2026-05-25T13:08:59Z | 2026-06-01T13:20:32Z | 2026-06-08T13:20:12Z"
"MI","Michigan","20d59006-f92b-469e-a72a-dda8d108a43a","Motto Clear Aligners","-85.6438282","44.7223152","dentist","health_and_medical","3375 S Airport Rd W","Traverse City","49684","MI","US","2314860555","","https://www.aspendental.com/dentist/mi/traverse-city/3375-s-airport-rd/motto-clear-aligners/","","","0.9199122190475464","open","6","Microsoft | Overture | Overture-signals","CDLA-Permissive-2.0","2025-10-05T07:32:00.467Z | 2026-06-11T11:57:15Z | 2026-05-12T00:29:08Z | 2026-05-18T13:23:54Z | 2026-05-25T13:08:59Z | 2026-06-01T13:20:32Z | 2026-06-08T13:20:12Z"
"MI","Michigan","20ffadd7-df05-44b6-b884-cee6d82817ec","Chang James w DDS","-83.30026371","42.67767861","dentist","general_dentistry | health_and_medical","1472 Baldwin Ave","Pontiac","48340-1102","MI","US","+12483322448","","https://chang-james-w-dds.hub.biz/","https://www.facebook.com/146828318695901","","0.9199122190475464","open","7","meta | Overture | Overture-signals","CDLA-Permissive-2.0","2026-04-27T00:00:00.000Z | 2026-06-11T11:57:15Z | 2026-05-12T00:29:08Z | 2026-05-18T13:23:54Z | 2026-05-25T13:08:59Z | 2026-06-01T13:20:32Z | 2026-06-08T13:20:12Z"
"MI","Michigan","211ef64a-6d62-43d1-93be-d45a3ea0a563","Michael J Aiello, DDS","-82.97175987","42.61653599","dentist","general_dentistry","43630 Hayes Rd","Clinton Twp","48038-3536","MI","US","+15862636800","michaelaiellodds@gmail.com","https://www.michaelaiellodds.com/","https://www.facebook.com/144177738971541","","0.9199122190475464","open","7","meta | Overture | Overture-signals","CDLA-Permissive-2.0","2026-04-27T00:00:00.000Z | 2026-06-11T11:57:15Z | 2026-05-12T00:29:08Z | 2026-05-18T13:23:54Z | 2026-05-25T13:08:59Z | 2026-06-01T13:20:32Z | 2026-06-08T13:20:12Z"
"MI","Michigan","212521ff-76cd-485a-a45b-cd80059b6906","Parkside Dental Team","-83.40081973","42.33902238","dentist","general_dentistry | cosmetic_dentist","36444 Warren Rd","Westland","48185-2093","MI","US","+17342616060","parksidedental0@gmail.com","http://www.detroitcosmeticdentistry.com/","https://www.facebook.com/132990180238629","","0.9902192950248718","open","8","meta | Overture | Overture-signals","CDLA-Permissive-2.0","2026-04-27T00:00:00.000Z | 2026-06-11T11:57:15Z | 2026-05-12T00:29:08Z | 2026-05-18T13:23:54Z | 2026-05-25T13:08:59Z | 2026-06-01T13:20:32Z | 2026-06-08T13:20:12Z"
"MI","Michigan","21288452-a1bd-44f8-a871-fe8202e456f3","Mark A. Dennis DDS","-83.52968287","42.80072456","dentist","general_dentistry | doctor","16104 Dixie Hwy","Davisburg","48350-1004","MI","US","+12483288888","mdennis@ddds.comcastbiz.net","http://www.markdennisdds.com/careers.htm","https://www.facebook.com/1550407801868643","","0.9966219276189804","","8","meta | Overture","CDLA-Permissive-2.0","2026-04-27T00:00:00.000Z | 2026-06-11T11:57:15Z"
"MI","Michigan","21343c37-cee4-496e-b990-de7f731a56e8","Boss Orthodontics","-84.75718733","43.60121317","dentist","health_and_medical | cosmetic_dentist","401 S Crapo St","Mt Pleasant","48858-2998","MI","US","+19897753336","","https://boss-dental-plc.hub.biz","https://www.facebook.com/159399297416038","Boss Orthodontics","0.9199122190475464","open","7","meta | Overture | Overture-signals","CDLA-Permissive-2.0","2026-04-27T00:00:00.000Z | 2026-06-11T11:57:15Z | 2026-05-12T00:29:08Z | 2026-05-18T13:23:54Z | 2026-05-25T13:08:59Z | 2026-06-01T13:20:32Z | 2026-06-08T13:20:12Z"
"MI","Michigan","2134ba2d-0df2-4724-9be4-7c4118eedd8b","Hoover Family Dental","-83.0057600466864","42.4853143891085","dentist","","26000 Hoover Rd #102","Warren","48089","MI","US","(586) 480-2256","","http://www.hooverfamilydentalcare.com","","","0.9902192950248718","open","4","Foursquare | Overture | Overture-signals","Apache-2.0 | CDLA-Permissive-2.0","2025-08-22T00:00:00.000 | 2026-06-11T11:57:15Z | 2026-05-12T00:29:08Z | 2026-05-18T13:23:54Z | 2026-05-25T13:08:59Z | 2026-06-01T13:20:32Z | 2026-06-08T13:20:12Z"
"MI","Michigan","2154706e-e61c-4408-93d3-0cb6fb7b6884","Dr. Thos. Burdo, DDS","-85.6963441831895","43.0287286196029","dentist","","1100 Four Mile Rd NW","Grand Rapids","49544","MI","US","(616) 784-6377","info@burdodds.com","http://burdodds.com","https://www.facebook.com/102952769784442","","0.77","","6","Foursquare | Overture","Apache-2.0 | CDLA-Permissive-2.0","2026-03-02T00:00:00.000 | 2026-06-11T11:57:15Z"
"MI","Michigan","2161a25d-7eec-4fc1-9aea-513ab7677683","Platinum Dental Care","-83.40266391","42.39581498","dentist","general_dentistry | cosmetic_dentist","15230 Levan Rd","Livonia","48154-5044","MI","US","+17345225520","","https://www.platinumdentalcaremi.com/","https://www.facebook.com/104079197942150","","0.9199122190475464","open","8","meta | Overture | Overture-signals","CDLA-Permissive-2.0","2026-04-27T00:00:00.000Z | 2026-06-11T11:57:15Z | 2026-05-12T00:29:08Z | 2026-05-18T13:23:54Z | 2026-05-25T13:08:59Z | 2026-06-01T13:20:32Z | 2026-06-08T13:20:12Z"
"MI","Michigan","2164b46e-24a3-4a31-9da8-75ff94855209","616 Dental Studio","-85.68933415","42.97740555","dentist","general_dentistry | cosmetic_dentist","736 Stocking Ave NW","Grand Rapids","49504-5153","MI","US","+16162147865","","https://616dentalstudio.com","https://www.facebook.com/541579812939641","","0.9902192950248718","open","8","meta | Overture | Overture-signals","CDLA-Permissive-2.0","2026-04-27T00:00:00.000Z | 2026-06-11T11:57:15Z | 2026-05-12T00:29:08Z | 2026-05-18T13:23:54Z | 2026-05-25T13:08:59Z | 2026-06-01T13:20:32Z | 2026-06-08T13:20:12Z"
"MI","Michigan","2169c206-5787-4482-8b9c-ac3bc3200e10","Beckwith Family Dental","-85.626577310161","42.9840424825558","dentist","","1726 Leonard St NE","Grand Rapids","49505","MI","US","(616) 459-0478","beckwithfamilydentalcare@gmail.com","http://www.beckwithfdc.com","https://www.facebook.com/136365770350320","","0.9199122190475464","open","4","Foursquare | Overture | Overture-signals","Apache-2.0 | CDLA-Permissive-2.0","2024-03-11T00:00:00.000 | 2026-06-11T11:57:15Z | 2026-05-12T00:29:08Z | 2026-05-18T13:23:54Z | 2026-05-25T13:08:59Z | 2026-06-01T13:20:32Z | 2026-06-08T13:20:12Z"
"MI","Michigan","218f9c9d-7dd5-4607-9e82-e3ccc90dacc7","Cooley David F DDS","-85.57525142","42.24501667","dentist","orthodontist | professional_services","5108 Lovers Ln","Portage","49002-1558","MI","US","+12693451021","cooleykazoo@gmail.com","http://www.cooleykazoodental.com/","https://www.facebook.com/101920265175000","","0.8539938926696777","","1","meta | Overture","CDLA-Permissive-2.0","2026-04-27T00:00:00.000Z | 2026-06-11T11:57:15Z"
"MI","Michigan","2198e0da-ab35-48a9-92fe-aeedc3955c58","Buscemi Family Dentistry","-83.22025945","42.55984567","dentist","general_dentistry","60 W Big Beaver Rd","Bloomfield Hills","48304-3909","MI","US","+12486548848","buscemidental@gmail.com","http://www.buscemifamilydentistry.com/","https://www.facebook.com/116861755000593","","0.9199122190475464","open","7","meta | Overture | Overture-signals","CDLA-Permissive-2.0","2026-04-27T00:00:00.000Z | 2026-06-11T11:57:15Z | 2026-05-12T00:29:08Z | 2026-05-18T13:23:54Z | 2026-05-25T13:08:59Z | 2026-06-01T13:20:32Z | 2026-06-08T13:20:12Z"
"MI","Michigan","219a8fd5-40bd-4fcb-b5f5-85a6fc178a04","Vernor Dental Care","-83.12802395","42.31123092","dentist","general_dentistry | health_and_medical","8044 W Vernor Hwy","Detroit","48209-1522","MI","US","+13138432411","vernordentalcare@gmail.com","http://www.vernordentalcare.com/","https://www.facebook.com/1132424080135293","","0.9902192950248718","open","9","meta | Overture | Overture-signals","CDLA-Permissive-2.0","2026-04-27T00:00:00.000Z | 2026-06-11T11:57:15Z | 2026-05-12T00:29:08Z | 2026-05-18T13:23:54Z | 2026-05-25T13:08:59Z | 2026-06-01T13:20:32Z | 2026-06-08T13:20:12Z"
"MI","Michigan","21b26b13-b9bf-4232-b023-204d11a36ef1","Aspen Dental","-84.2457658","43.6624582","dentist","","1520 Joe Mann Blvd","Midland","48642","MI","US","","","https://www.aspendental.com/dentist/mi/midland/1520-joe-mann-blvd/","","Aspen Dental","0.954","","5","AllThePlaces | Overture","CC0-1.0 | CDLA-Permissive-2.0","2026-06-02T15:18:54.000Z | 2026-06-11T11:57:15Z"
"MI","Michigan","21b2c700-647c-436e-952f-21d202431ebf","Shadi Krecht DMD","-83.445514","42.358088","dentist","health_and_medical | cosmetic_dentist","9389 N Haggerty Rd","Plymouth","48170-4622","MI","US","+17349282112","info@shadikrecht.com","http://www.shadikrecht.com/","https://www.facebook.com/358236931031197","","0.9049720168113708","","9","meta | Overture","CDLA-Permissive-2.0","2026-04-27T00:00:00.000Z | 2026-06-11T11:57:15Z"
"MI","Michigan","21c4c847-4278-40c5-9cd0-21a90aac029d","Devante Josephs","-83.781988","42.9769524","dentist","health_and_medical","3380 S Dye Rd","Flint","48507","MI","US","8107321450","","https://www.ralphburgessdds.com/","","","0.85","","7","Microsoft | Overture","CDLA-Permissive-2.0","2025-04-19T07:16:31.707Z | 2026-06-11T11:57:15Z"
"MI","Michigan","21d340a3-0a50-4059-8b17-dddb218c72b8","Creative Dentistry of Portage","-85.56783982","42.20085903","dentist","pediatric_dentist | cosmetic_dentist","1816 E Centre Ave","Portage","49002-4414","MI","US","+12693233020","creativedentistrymi@gmail.com","https://creativedentistryportage.com/","https://www.facebook.com/105445565132044","","0.9199122190475464","open","7","meta | Overture | Overture-signals","CDLA-Permissive-2.0","2026-04-27T00:00:00.000Z | 2026-06-11T11:57:15Z | 2026-05-12T00:29:08Z | 2026-05-18T13:23:54Z | 2026-05-25T13:08:59Z | 2026-06-01T13:20:32Z | 2026-06-08T13:20:12Z"
"MI","Michigan","21d39f53-aa48-4c9a-b28e-b1aea9620703","Julie R. VanHoose DMD and Kyle Gies DDS","-85.56920639","42.91652778","dentist","general_dentistry | medical_service_organizations","2545 E Paris Ave SE","Grand Rapids","49546-6134","MI","US","+16169424750","","http://www.vanhoosedental.com/","https://www.facebook.com/1471640236405610","","0.9199122190475464","open","7","meta | Overture | Overture-signals","CDLA-Permissive-2.0","2026-04-27T00:00:00.000Z | 2026-06-11T11:57:15Z | 2026-05-12T00:29:08Z | 2026-05-18T13:23:54Z | 2026-05-25T13:08:59Z | 2026-06-01T13:20:32Z | 2026-06-08T13:20:12Z"
"MI","Michigan","21f7c189-350d-4156-a2e4-170268bc41af","Maria Elena Manzor","-83.00694015","42.50461405","dentist","health_and_medical","28633 Hoover Rd","Warren","48093-4105","MI","US","+15867513950","","","https://www.facebook.com/435710256514124","","0.6878016591072083","","7","meta | Overture","CDLA-Permissive-2.0","2026-04-27T00:00:00.000Z | 2026-06-11T11:57:15Z"
"MI","Michigan","2209550a-fd35-40aa-978e-e33e3b715962","Crescent Dental Center","-83.22441061","42.34301557","dentist","endodontist | cosmetic_dentist","18901 Warren Ave W","Detroit","48228-3311","MI","US","+13132714500","crescent_dental@comcast.net","http://www.crescentdentalcenter.com/","https://www.facebook.com/747187291976565","Crescent Dental Center","0.9931825995445251","open","7","meta | Overture | Overture-signals","CDLA-Permissive-2.0","2026-04-27T00:00:00.000Z | 2026-06-11T11:57:15Z | 2026-05-12T00:29:08Z"
"MI","Michigan","22152261-49da-47c4-a132-79919a22939a","Tru Family Dental","-83.32022721","43.04647135","dentist","general_dentistry | health_and_medical","456 S Main St","Lapeer","48446-2427","MI","US","+18106726634","tfdlapeer@mydentalmail.com","https://tfdlapeer.com/","https://www.facebook.com/215731651926923","","0.9199122190475464","open","9","meta | Overture | Overture-signals","CDLA-Permissive-2.0","2026-04-27T00:00:00.000Z | 2026-06-11T11:57:15Z | 2026-05-12T00:29:08Z | 2026-05-18T13:23:54Z | 2026-05-25T13:08:59Z | 2026-06-01T13:20:32Z | 2026-06-08T13:20:12Z"
"MI","Michigan","228b035b-2749-46d9-bd78-7b9f223af7f3","Mt Pleasant Gentle Family Dentistry","-84.80388752","43.61172459","dentist","doctor | health_and_medical","2185 E Pickard Rd","Union Twp","48858-1287","MI","US","+19897724200","","http://www.wellness.com/.../mi/mount-pleasant/dr-hous-gentle-family-dentistry","https://www.facebook.com/122342234489100","","0.9199122190475464","open","7","meta | Overture | Overture-signals","CDLA-Permissive-2.0","2026-04-27T00:00:00.000Z | 2026-06-11T11:57:15Z | 2026-05-12T00:29:08Z | 2026-05-18T13:23:54Z | 2026-05-25T13:08:59Z | 2026-06-01T13:20:32Z | 2026-06-08T13:20:12Z"
"MI","Michigan","2293db6c-def4-47ff-9c7f-8dfbf238e956","Tri City Kids Pediatric Dentistry","-83.887386","43.599622","dentist","health_and_medical | cosmetic_dentist","916 Washington Ave","Bay City","48708-5721","MI","US","+19898929888","","http://www.tricitykidsdentistry.com","https://www.facebook.com/1036151726419110","Tri City Kids Pediatric Dentistry","0.9737253785133362","","8","meta | Overture","CDLA-Permissive-2.0","2026-04-27T00:00:00.000Z | 2026-06-11T11:57:15Z"
"MI","Michigan","22e39574-4489-41a6-a098-86333d5969dc","Jeremy M. Grove, DDS","-83.7817120287514","42.8108732548215","dentist","","501 S Bridge St","Linden","48451","MI","US","(810) 735-7511","","http://www.dentistinlinden.com","https://www.facebook.com/102893053098353","","0.77","","5","Foursquare | Overture","Apache-2.0 | CDLA-Permissive-2.0","2025-08-19T00:00:00.000 | 2026-06-11T11:57:15Z"
"MI","Michigan","22fa8bf4-d5f7-4ad6-bb73-8e4ef97dbae8","David Foster DDS","-85.538842","42.303454","dentist","doctor | health_and_medical","3321 E Main St","Kalamazoo","49048-2212","MI","US","+12693496182","","","https://www.facebook.com/163074120387387","","0.6869480609893799","","7","meta | Overture","CDLA-Permissive-2.0","2026-04-27T00:00:00.000Z | 2026-06-11T11:57:15Z"
"MI","Michigan","23119721-1403-4245-aea7-29b7ebc802a4","Pinkney Greenbaum MacFarland & Timpner","-83.4574779484527","42.3077966597965","dentist","","42301 Cherry Hill Rd","Canton","48188","MI","US","(734) 981-4040","appointments@cantondentists.co","http://www.cantondentists.com","https://www.facebook.com/229902970354697","","0.9902192950248718","open","4","Foursquare | Overture | Overture-signals","Apache-2.0 | CDLA-Permissive-2.0","2026-04-05T00:00:00.000 | 2026-06-11T11:57:15Z | 2026-05-12T00:29:08Z | 2026-05-18T13:23:54Z | 2026-05-25T13:08:59Z | 2026-06-01T13:20:32Z | 2026-06-08T13:20:12Z"
"MI","Michigan","23142aed-03bd-4a45-b36b-0c181869d1ac","Waterfront Family Dental","-82.43554313","42.98132655","dentist","general_dentistry","1101 Water St","Port Huron","48060-4421","MI","US","+18109829801","","","https://www.facebook.com/110954084411193","","0.9199122190475464","open","7","meta | Overture | Overture-signals","CDLA-Permissive-2.0","2026-04-27T00:00:00.000Z | 2026-06-11T11:57:15Z | 2026-05-12T00:29:08Z | 2026-05-18T13:23:54Z | 2026-05-25T13:08:59Z | 2026-06-01T13:20:32Z | 2026-06-08T13:20:12Z"
"MI","Michigan","2317d104-36fc-494a-8fc8-79cbe59656ee","Daniel Matti Sarya","-85.6154632477585","44.7631692464426","dentist","","403 E State St Ste 200","Traverse City","49686","MI","US","(231) 947-7250","","http://www.saryaorthodontics.com","","","0.9199122190475464","open","4","Foursquare | Overture | Overture-signals","Apache-2.0 | CDLA-Permissive-2.0","2025-06-26T00:00:00.000 | 2026-06-11T11:57:15Z | 2026-05-12T00:29:08Z | 2026-05-18T13:23:54Z | 2026-05-25T13:08:59Z | 2026-06-01T13:20:32Z | 2026-06-08T13:20:12Z"
"MI","Michigan","2322d779-ea7e-482f-a0fa-5a033280c841","Dr. Joseph V. Mauro","-84.75703407","43.60317182","dentist","oral_surgeon | doctor","211 S Crapo St","Mt Pleasant","48858-2961","MI","US","+19899534200","","","https://www.facebook.com/714423771948753","","0.9422215819358826","","7","meta | Overture","CDLA-Permissive-2.0","2026-04-27T00:00:00.000Z | 2026-06-11T11:57:15Z"
"MI","Michigan","23245545-2f75-4046-a2ba-745befb1d27e","Jones and Jones","-84.227883","43.653989","dentist","","6118 Merlin Ct","Midland","48640","MI","US","(989) 835-5665","info.jjdds@gmail.com","http://www.jonesandjonesdds.com","https://www.facebook.com/155105804525426","","0.77","","5","Foursquare | Overture","Apache-2.0 | CDLA-Permissive-2.0","2025-05-12T00:00:00.000 | 2026-06-11T11:57:15Z"
"MI","Michigan","233aebd8-f81c-4a59-9780-88fc7ba67378","Pointe Dental Group","-82.91394915","42.40885029","dentist","general_dentistry | medical_service_organizations","18342 Mack Ave","Grosse Pointe Farms","48236-3219","MI","US","+13138812480","frontdesk@pointedentalgroup.com","http://pointedentalgroup.com/","https://www.facebook.com/447609852014844","Pointe Dental Group","0.9989175856113434","","9","meta | Overture","CDLA-Permissive-2.0","2026-04-27T00:00:00.000Z | 2026-06-11T11:57:15Z"
"MI","Michigan","233bbccd-5c82-4caf-a453-f185637002ce","Ora Dennis S DDS","-83.7365766038588","42.6348137551528","dentist","","11140 Highland Rd","Hartland","48353","MI","US","(810) 632-5700","","http://www.droradds.com","https://www.facebook.com/134252959958496","","0.9199122190475464","open","4","Foursquare | Overture | Overture-signals","Apache-2.0 | CDLA-Permissive-2.0","2025-08-22T00:00:00.000 | 2026-06-11T11:57:15Z | 2026-05-12T00:29:08Z | 2026-05-18T13:23:54Z | 2026-05-25T13:08:59Z | 2026-06-01T13:20:32Z | 2026-06-08T13:20:12Z"
"MI","Michigan","23470262-06d5-4777-b744-9db463f76a93","Choi Family Dentistry","-83.164568","42.518678","dentist","","3310 Crooks Rd","Royal Oak","48073","MI","US","","","http://hydenchoidds.com","","","0.9199122190475464","open","4","Foursquare | Overture | Overture-signals","Apache-2.0 | CDLA-Permissive-2.0","2025-12-09T00:00:00.000 | 2026-06-11T11:57:15Z | 2026-05-12T00:29:08Z | 2026-05-18T13:23:54Z | 2026-05-25T13:08:59Z | 2026-06-01T13:20:32Z | 2026-06-08T13:20:12Z"
"MI","Michigan","23638baa-6645-4853-933a-4cee66b953de","Houghton Lake Family Dentistry","-84.6629428","44.3049411","dentist","health_and_medical | lake","","Prudenville","","MI","US","+19893668221","","","https://www.facebook.com/126692177384687","","0.5207428932189941","","2","meta | Overture","CDLA-Permissive-2.0","2026-04-27T00:00:00.000Z | 2026-06-11T11:57:15Z"
"MI","Michigan","23780f81-9103-441f-99cc-1bb34723cb85","Oxford Family Dentistry","-83.253371","42.811465","dentist","health_and_medical | hospital","950 S Lapeer Rd","Oxford","48371-5041","MI","US","+12486285750","","http://www.oxfordfamilydds.com","https://www.facebook.com/212651398864677","The Oxford Family Dentistry","0.9786872267723083","","10","meta | Overture","CDLA-Permissive-2.0","2026-04-27T00:00:00.000Z | 2026-06-11T11:57:15Z"
"MI","Michigan","23926556-7728-4706-ac0f-189a82fec7c4","Wolfson Dental","-83.18362348","42.48719287","dentist","cosmetic_dentist | general_dentistry","26601 Coolidge Hwy","Oak Park","48237-1135","MI","US","+12483522266","","http://www.wolfsondentistry.com","https://www.facebook.com/1784220528569236","Wolfson Dental","0.9199122190475464","open","10","meta | Overture | Overture-signals","CDLA-Permissive-2.0","2026-04-27T00:00:00.000Z | 2026-06-11T11:57:15Z | 2026-05-12T00:29:08Z | 2026-05-18T13:23:54Z | 2026-05-25T13:08:59Z | 2026-06-01T13:20:32Z | 2026-06-08T13:20:12Z"
"MI","Michigan","23a7db86-6fc4-4132-8c7d-6e2d5a3d1635","Cranbrook Dental Care","-83.24108316","42.58271844","dentist","general_dentistry | health_and_medical","33 Bloomfield Hills Pkwy","Bloomfield Hills","48304-2909","MI","US","+12489859825","admin@theimplantdentist.com","http://www.cranbrookdentalcare.com/","https://www.facebook.com/1534670996829524","Cranbrook Dental Care","0.9902192950248718","open","9","meta | Overture | Overture-signals","CDLA-Permissive-2.0","2026-04-27T00:00:00.000Z | 2026-06-11T11:57:15Z | 2026-05-12T00:29:08Z | 2026-05-18T13:23:54Z | 2026-05-25T13:08:59Z | 2026-06-01T13:20:32Z | 2026-06-08T13:20:12Z"
"MI","Michigan","23aabd3d-e154-4042-bc17-e83656ca5a3d","Robin P. Steely, DDS","-85.1855083102386","42.3562716474721","dentist","","5761 Morgan Rd E","Battle Creek","49037","MI","US","(269) 968-8151","info@steelydds.com","http://www.steelydds.com","https://www.facebook.com/147536391967660","","0.77","","5","Foursquare | Overture","Apache-2.0 | CDLA-Permissive-2.0","2025-08-22T00:00:00.000 | 2026-06-11T11:57:15Z"
"MI","Michigan","23bca369-4725-4c56-8abb-77775138fb38","Ban R Barbat DDS","-83.0524149071316","42.6830973547237","dentist","","6044 24 Mile Rd","Shelby Charter Township","48316","MI","US","(586) 739-2155","info@banrbarbatdds.com","http://www.banrbarbatdds.com","https://www.twitter.com/dentist_mi","","0.77","","5","Foursquare | Overture","Apache-2.0 | CDLA-Permissive-2.0","2026-04-07T00:00:00.000 | 2026-06-11T11:57:15Z"
"MI","Michigan","23c2f549-8c48-42f3-af9e-79ee45fe6393","Jacques Tyler J. DMD","-83.4913498470248","44.2818657063086","dentist","","114 W State St","East Tawas","48730","MI","US","(989) 362-3408","","http://mathewcfriedmanndds.com","","","0.9199122190475464","open","4","Foursquare | Overture | Overture-signals","Apache-2.0 | CDLA-Permissive-2.0","2025-08-19T00:00:00.000 | 2026-06-11T11:57:15Z | 2026-05-12T00:29:08Z | 2026-05-18T13:23:54Z | 2026-05-25T13:08:59Z | 2026-06-01T13:20:32Z | 2026-06-08T13:20:12Z"
"MI","Michigan","23df6963-a25f-4bbe-9363-9aba42ea6306","Hilton Progressive Dental","-83.12333624","42.46387084","dentist","general_dentistry | medical_service_organizations","2115 Hilton Rd","Ferndale","48220-1541","MI","US","+12489512651","hiltonprogressive@gmail.com","https://hiltonprogressivedental.com/","https://www.facebook.com/692943744177871","","0.9902192950248718","open","8","meta | Overture | Overture-signals","CDLA-Permissive-2.0","2026-04-27T00:00:00.000Z | 2026-06-11T11:57:15Z | 2026-05-12T00:29:08Z | 2026-05-18T13:23:54Z | 2026-05-25T13:08:59Z | 2026-06-01T13:20:32Z | 2026-06-08T13:20:12Z"
"MI","Michigan","2406edab-0ec0-4a71-b7d1-acd9021cd7a6","Terry Dental","-86.28260644","43.20590858","dentist","general_dentistry | health_and_medical","1590 W Sherman Blvd","Muskegon","49441-3543","MI","US","+12317590855","terrydental@aol.com","http://www.miterrydental.com/","https://www.facebook.com/672759526117651","Terry Dental","0.9199122190475464","open","9","meta | Overture | Overture-signals","CDLA-Permissive-2.0","2026-04-27T00:00:00.000Z | 2026-06-11T11:57:15Z | 2026-05-12T00:29:08Z | 2026-05-18T13:23:54Z | 2026-05-25T13:08:59Z | 2026-06-01T13:20:32Z | 2026-06-08T13:20:12Z"
"MI","Michigan","240d869e-2f0f-4143-a32e-1230f3b28888","Liberty Dental Lab","-84.44811335","42.27630085","dentist","laboratory_testing","2691 Springport Rd","Jackson","49202-1225","MI","US","+15179625450","libertylaboratory@yahoo.com","http://libertydentallab.net/","https://www.facebook.com/482081378490423","","0.9199122190475464","open","9","meta | Overture | Overture-signals","CDLA-Permissive-2.0","2026-04-27T00:00:00.000Z | 2026-06-11T11:57:15Z | 2026-05-12T00:29:08Z | 2026-05-18T13:23:54Z | 2026-05-25T13:08:59Z | 2026-06-01T13:20:32Z | 2026-06-08T13:20:12Z"
"MI","Michigan","24126333-1794-4f76-96df-275be43dcdcb","A One Day Dentures Implants and Family Dentistry","-83.28994635","42.42830557","dentist","general_dentistry | health_and_medical","25225 W 7 Mile Rd","Redford","48240-1462","MI","US","+13135416500","aonedentures@sbcglobal.net","https://www.aonedentures.com","https://www.facebook.com/116520358409263","A One Day Dental & Dentures","0.9199122190475464","open","8","meta | Overture | Overture-signals","CDLA-Permissive-2.0","2026-04-27T00:00:00.000Z | 2026-06-11T11:57:15Z | 2026-05-12T00:29:08Z | 2026-05-18T13:23:54Z | 2026-05-25T13:08:59Z | 2026-06-01T13:20:32Z | 2026-06-08T13:20:12Z"
"MI","Michigan","243d4373-7ff2-4ea5-8794-ee49432778b9","Karen M Rutherford DDS","-82.92104173","42.52491136","dentist","general_dentistry | doctor","19353 E 13 Mile Rd","Roseville","48066-5308","MI","US","+15862933070","rachel_pointer@ymail.com","https://www.toothsuperheros.com","https://www.facebook.com/1473630586188225","","0.9199122190475464","open","8","meta | Overture | Overture-signals","CDLA-Permissive-2.0","2026-04-27T00:00:00.000Z | 2026-06-11T11:57:15Z | 2026-05-12T00:29:08Z | 2026-05-18T13:23:54Z | 2026-05-25T13:08:59Z | 2026-06-01T13:20:32Z | 2026-06-08T13:20:12Z"
"MI","Michigan","24b93b7f-325a-457c-82f6-568b2cf3b795","Copper Country Family Dentistry","-88.5881368114552","47.1173662257529","dentist","","19225 Calverley St","Houghton","49931","MI","US","(906) 482-0808","","http://coppercountrydentistry.com","","","0.9199122190475464","open","4","Foursquare | Overture | Overture-signals","Apache-2.0 | CDLA-Permissive-2.0","2026-03-02T00:00:00.000 | 2026-06-11T11:57:15Z | 2026-05-12T00:29:08Z | 2026-05-18T13:23:54Z | 2026-05-25T13:08:59Z | 2026-06-01T13:20:32Z | 2026-06-08T13:20:12Z"
"MI","Michigan","24bafeb6-422c-44fc-810f-07efeb11b663","Kalamazoo Valley Dental Care","-85.63918288","42.29525094","dentist","pediatric_dentist | endodontist","4025 W Main St","Kalamazoo","49006-3726","MI","US","+12693885832","kalamazoo@midwestfamilydentalcare.com","http://www.grandvalleydentalcare.com/","https://www.facebook.com/1993946424168098","Grand Valley Dental Care","0.9199122190475464","open","9","meta | Overture | Overture-signals","CDLA-Permissive-2.0","2026-04-27T00:00:00.000Z | 2026-06-11T11:57:15Z | 2026-05-12T00:29:08Z | 2026-05-18T13:23:54Z | 2026-05-25T13:08:59Z | 2026-06-01T13:20:32Z | 2026-06-08T13:20:12Z"
"MI","Michigan","24c3d95b-55fc-4f91-9ac4-cde6acc9c2b1","Frankenmuth Family Dental Associates","-83.75604821","43.33536567","dentist","general_dentistry | cosmetic_dentist","1025 W Genesee St","Frankenmuth","48734-1302","MI","US","+19896526196","contactus@frankenmuthfamilydental.com","https://www.frankenmuthfamilydental.com","https://www.facebook.com/209044215784979","Frankenmuth Family Dental Associates, PC","0.9986331284046173","open","10","meta | Overture | Overture-signals","CDLA-Permissive-2.0","2026-04-27T00:00:00.000Z | 2026-06-11T11:57:15Z | 2026-06-08T13:20:12Z"
"MI","Michigan","24f56443-ce40-47bf-a8a0-19ace205ab96","Nicholas J Gersch DDS MS","-83.7735567","42.97197193","dentist","general_dentistry","5051 W Bristol Rd","Flint","48507-2973","MI","US","+18107333770","","","https://www.facebook.com/125553360798667","","0.9874883502721786","open","10","meta | Overture | Overture-signals","CDLA-Permissive-2.0","2026-04-27T00:00:00.000Z | 2026-06-11T11:57:15Z | 2026-06-08T13:20:12Z"
"MI","Michigan","253e3927-ad93-4787-aa9b-b2031bfe627b","Southwest Dental Group","-83.12780852","42.31127694","dentist","endodontist | health_and_medical","8028 W Vernor Hwy","Detroit","48209-1522","MI","US","+13138417700","southwestdentalgroup@gmail.com","http://www.mytoothimplant.com/","https://www.facebook.com/109160761935375","Laser & General Dentistry of Michigan","0.9199122190475464","open","8","meta | Overture | Overture-signals","CDLA-Permissive-2.0","2026-04-27T00:00:00.000Z | 2026-06-11T11:57:15Z | 2026-05-12T00:29:08Z | 2026-05-18T13:23:54Z | 2026-05-25T13:08:59Z | 2026-06-01T13:20:32Z | 2026-06-08T13:20:12Z"
"MI","Michigan","2543322b-9556-46f7-9ea2-9515ac31b24d","Gentle dental","-83.2083791603638","42.1412962238583","dentist","","3276 West Rd","Trenton","48183","MI","US","(734) 676-4744","","http://trentonmidentistry.com","https://www.facebook.com/163157473712560","","0.77","","5","Foursquare | Overture","Apache-2.0 | CDLA-Permissive-2.0","2025-10-19T00:00:00.000 | 2026-06-11T11:57:15Z"
"MI","Michigan","256dfbaa-4ca7-4967-b8dc-9d2665a54e14","44 West Dental Professionals","-85.77053739","42.88408975","dentist","general_dentistry | health_and_medical","4330 44th St SW","Grandville","49418-2349","MI","US","+16165302200","info@44westdental.com","http://www.44westdental.com/","https://www.facebook.com/340461799448683","","0.9941040873527527","open","10","meta | Overture | Overture-signals","CDLA-Permissive-2.0","2026-04-27T00:00:00.000Z | 2026-06-11T11:57:15Z | 2026-06-08T13:20:12Z"
"MI","Michigan","25abe6ca-4c82-42c7-9d1f-37d0d59336a7","Covington Dental","-83.47183331","42.37094074","dentist","general_dentistry | cosmetic_dentist","360 S Harvey St","Plymouth","48170-1606","MI","US","+17344532180","bencovingtondds@gmail.com","http://www.drcovingtondds.com/","https://www.facebook.com/143757442150200","","0.8688110709190369","","9","meta | Overture","CDLA-Permissive-2.0","2026-04-27T00:00:00.000Z | 2026-06-11T11:57:15Z"
"MI","Michigan","25d43922-99cf-485a-8066-ef3a2856e66b","State Street Smiles","-86.01989976","42.80614785","dentist","general_dentistry","300 S State St","Zeeland","49464-1676","MI","US","+16167726243","office@statestsmiles.com","http://StateStSmiles.com/","https://www.facebook.com/353856314475659","","0.9199122190475464","open","9","meta | Overture | Overture-signals","CDLA-Permissive-2.0","2026-04-27T00:00:00.000Z | 2026-06-11T11:57:15Z | 2026-05-12T00:29:08Z | 2026-05-18T13:23:54Z | 2026-05-25T13:08:59Z | 2026-06-01T13:20:32Z | 2026-06-08T13:20:12Z"
"MI","Michigan","25d9a3dd-ae42-4b6e-ad13-1c5b6dd1b015","Mansfield Family Dentistry","-85.70917036","42.98584963","dentist","general_dentistry | doctor","1632 Leonard St NW","Grand Rapids","49504-3950","MI","US","+16164532255","admin@mansfieldgrdental.com","http://www.MansfieldGRDental.com/","https://www.facebook.com/620648188067094","","0.9199122190475464","open","7","meta | Overture | Overture-signals","CDLA-Permissive-2.0","2026-04-27T00:00:00.000Z | 2026-06-11T11:57:15Z | 2026-05-12T00:29:08Z | 2026-05-18T13:23:54Z | 2026-05-25T13:08:59Z | 2026-06-01T13:20:32Z | 2026-06-08T13:20:12Z"
"MI","Michigan","262387fe-55af-482a-8ab0-09627c209601","Stromsta Scot DDS","-85.59685166","42.20114477","dentist","general_dentistry","712 W Centre Ave","Portage","49024-5310","MI","US","+12693230335","","","https://www.facebook.com/133687190016377","","0.9199122190475464","open","7","meta | Overture | Overture-signals","CDLA-Permissive-2.0","2026-04-27T00:00:00.000Z | 2026-06-11T11:57:15Z | 2026-05-12T00:29:08Z | 2026-05-18T13:23:54Z | 2026-05-25T13:08:59Z | 2026-06-01T13:20:32Z | 2026-06-08T13:20:12Z"
"MI","Michigan","26339594-0317-40f6-b8bb-f7623939fd81","Stanchina Richard A DDS","-87.42122276","46.54133349","dentist","general_dentistry | medical_service_organizations","1250 Wilson St","Marquette","49855-4418","MI","US","+19062287173","","https://stanchina-richard-a-dds-ms.hub.biz/","https://www.facebook.com/155668237804334","","0.9199122190475464","open","7","meta | Overture | Overture-signals","CDLA-Permissive-2.0","2026-04-27T00:00:00.000Z | 2026-06-11T11:57:15Z | 2026-05-12T00:29:08Z | 2026-05-18T13:23:54Z | 2026-05-25T13:08:59Z | 2026-06-01T13:20:32Z | 2026-06-08T13:20:12Z"
"MI","Michigan","2650bc1b-ef3e-41bf-add4-54e093b31709","Laser Family Dental","-83.09025797","42.59404339","dentist","cosmetic_dentist | general_dentistry","41069 Dequindre Rd","Troy","48085-6730","MI","US","+12482509333","laserfamilydental@yahoo.com","http://www.laserfamilydental.com/","https://www.facebook.com/317045571922","Laser Family Dental","0.9902192950248718","open","9","meta | Overture | Overture-signals","CDLA-Permissive-2.0","2026-04-27T00:00:00.000Z | 2026-06-11T11:57:15Z | 2026-05-12T00:29:08Z | 2026-05-18T13:23:54Z | 2026-05-25T13:08:59Z | 2026-06-01T13:20:32Z | 2026-06-08T13:20:12Z"
"MI","Michigan","2656ef29-fbb4-47bc-bb3b-01584dbdf2e5","Lowe Brandon M DDS-Adrian Family Dentistry","-84.0433426563242","41.9054261141361","dentist","","562 W Maple Ave","Adrian","49221","MI","US","(517) 263-3114","","http://adriandentistry.com","","","0.77","","5","Foursquare | Overture","Apache-2.0 | CDLA-Permissive-2.0","2025-08-19T00:00:00.000 | 2026-06-11T11:57:15Z"
"MI","Michigan","2657dd00-c83f-46ef-9e5f-393b84af9229","Hopkins Family Dentistry","-85.76496618","42.62391282","dentist","endodontist | periodontist","149 W Main St","Hopkins","49328-9575","MI","US","+12697937215","","http://www.wellness.com/dir/2227032/dentist/mi/hopkins","https://www.facebook.com/199246793449286","","0.9199122190475464","open","6","meta | Overture | Overture-signals","CDLA-Permissive-2.0","2026-04-27T00:00:00.000Z | 2026-06-11T11:57:15Z | 2026-05-12T00:29:08Z | 2026-05-18T13:23:54Z | 2026-05-25T13:08:59Z | 2026-06-01T13:20:32Z | 2026-06-08T13:20:12Z"
"MI","Michigan","26625679-6494-4bc7-9c2d-b6ebc2d1111c","Stewart Ronald C DDS","-83.73192014","43.03803552","dentist","general_dentistry | health_and_medical","2425 Welch Blvd","Flint","48504-2998","MI","US","+18102327300","","","https://www.facebook.com/162895087072426","","0.9199122190475464","open","9","meta | Overture | Overture-signals","CDLA-Permissive-2.0","2026-04-27T00:00:00.000Z | 2026-06-11T11:57:15Z | 2026-05-12T00:29:08Z | 2026-05-18T13:23:54Z | 2026-05-25T13:08:59Z | 2026-06-01T13:20:32Z | 2026-06-08T13:20:12Z"
"MI","Michigan","26646adc-7198-41f2-a86d-496a8c4a35ef","Dr. Robert M. Herrera, DDS","-84.43260572","42.69286437","dentist","general_dentistry | cosmetic_dentist","3841 Okemos Rd","Okemos","48864-3635","MI","US","+15173475030","info@robertherreradds.com","http://Robertherreradds.com/","https://www.facebook.com/1486448738279335","","0.9842435121536255","","8","meta | Overture","CDLA-Permissive-2.0","2026-04-27T00:00:00.000Z | 2026-06-11T11:57:15Z"
"MI","Michigan","266b6a36-3cf6-4e93-be80-0a1a2615da0d","Corey L Allen DDS","-84.4881348305395","43.9805219896609","dentist","","200 W Cedar Ave","Gladwin","48624","MI","US","(989) 426-6341","","http://www.smilemidmichigan.com","","","0.9199122190475464","open","4","Foursquare | Overture | Overture-signals","Apache-2.0 | CDLA-Permissive-2.0","2025-08-22T00:00:00.000 | 2026-06-11T11:57:15Z | 2026-05-12T00:29:08Z | 2026-05-18T13:23:54Z | 2026-05-25T13:08:59Z | 2026-06-01T13:20:32Z | 2026-06-08T13:20:12Z"
"MI","Michigan","266c75c1-fc61-4634-bd79-f9321dcd22be","Dr. Morris & Dr. Simmons DDS","-83.3606988197254","42.3462400851894","dentist","","32363 Ann Arbor Trl","Westland","48185","MI","US","(734) 425-5580","morris-simmons@sbcglobal.net","https://www.morrissimmonsassoc.com","","","0.9199122190475464","open","4","Foursquare | Overture | Overture-signals","Apache-2.0 | CDLA-Permissive-2.0","2026-01-05T00:00:00.000 | 2026-06-11T11:57:15Z | 2026-05-12T00:29:08Z | 2026-05-18T13:23:54Z | 2026-05-25T13:08:59Z | 2026-06-01T13:20:32Z | 2026-06-08T13:20:12Z"
"MI","Michigan","26a9e9c8-a8ec-498a-b550-aeccd5a7708c","Dr. Kenneth Harden","-83.07190271","42.37189018","dentist","general_dentistry","7411 John R St","Detroit","48202-3117","MI","US","+13138714405","mydetroitdentist1@gmail.com","http://www.mydetroitdentist.com/","https://www.facebook.com/115489688536679","Mydetroitdentist.com / Harden Family Dentistry","0.9199122190475464","open","8","meta | Overture | Overture-signals","CDLA-Permissive-2.0","2026-04-27T00:00:00.000Z | 2026-06-11T11:57:15Z | 2026-05-12T00:29:08Z | 2026-05-18T13:23:54Z | 2026-05-25T13:08:59Z | 2026-06-01T13:20:32Z | 2026-06-08T13:20:12Z"
"MI","Michigan","26aead82-d092-4499-ba48-146e2d6c387f","McIntyre Jr Jack D DDS","-85.86107827","42.88745735","dentist","general_dentistry | health_and_medical","3168 Port Sheldon St","Hudsonville","49426-9317","MI","US","+16166693900","","","https://www.facebook.com/141731275872781","","0.9199122190475464","open","7","meta | Overture | Overture-signals","CDLA-Permissive-2.0","2026-04-27T00:00:00.000Z | 2026-06-11T11:57:15Z | 2026-05-12T00:29:08Z | 2026-05-18T13:23:54Z | 2026-05-25T13:08:59Z | 2026-06-01T13:20:32Z | 2026-06-08T13:20:12Z"
"MI","Michigan","26b1f62c-ed45-4c4b-a133-0610cb4e696e","Hillstream Dental","-82.89025754","42.52970458","dentist","general_dentistry","31850 Harper Ave","St Clair Shores","48082-1459","MI","US","+15863590175","","http://www.hillstreamdental.com","https://www.facebook.com/108342324422338","","0.9199122190475464","open","7","meta | Overture | Overture-signals","CDLA-Permissive-2.0","2026-04-27T00:00:00.000Z | 2026-06-11T11:57:15Z | 2026-05-12T00:29:08Z | 2026-05-18T13:23:54Z | 2026-05-25T13:08:59Z | 2026-06-01T13:20:32Z | 2026-06-08T13:20:12Z"
"MI","Michigan","26b523d9-f603-4f75-9630-6c2bcfa00e6a","The Tooth Booth","-82.95070362","42.53553355","dentist","general_dentistry | health_and_medical","32560 Utica Rd","Fraser","48026-2215","MI","US","+15862938530","toothbooth7@gmail.com","http://thetoothbooth.net/","https://www.facebook.com/341860552566718","The Toothbooth","0.9199122190475464","open","9","meta | Overture | Overture-signals","CDLA-Permissive-2.0","2026-04-27T00:00:00.000Z | 2026-06-11T11:57:15Z | 2026-05-12T00:29:08Z | 2026-05-18T13:23:54Z | 2026-05-25T13:08:59Z | 2026-06-01T13:20:32Z | 2026-06-08T13:20:12Z"
"MI","Michigan","27043838-0bc5-41f8-bd59-795dfc91bbb5","Destiny Dental - Wyoming","-85.6931994","42.91211426","dentist","","1124 28th St SW","Wyoming","49509-2855","MI","US","+16165309900","contact@destinydentalcare.com","http://www.destinydentalcare.com/contact.php","https://www.facebook.com/451891414830806","Destiny Dental","0.9722161889076233","","8","meta | Overture","CDLA-Permissive-2.0","2026-04-27T00:00:00.000Z | 2026-06-11T11:57:15Z"
"MI","Michigan","27136a56-88f4-4781-94fb-f9628d751aac","Sterling Dental Group","-83.37868483","42.44121012","dentist","general_dentistry","33566 8 Mile Rd","Farmington Hills","48335-5271","MI","US","+12484420330","","http://sterlingdentalgroup.com","https://www.facebook.com/153398464696143","","0.9745426774024963","","8","meta | Overture","CDLA-Permissive-2.0","2026-04-27T00:00:00.000Z | 2026-06-11T11:57:15Z"
"MI","Michigan","271f8fc5-a4f8-4f60-93d6-4ec47b51d8f1","Robert Leo Tremblay D.D.S.","-83.15731282","42.4873002","dentist","general_dentistry | health_and_medical","26711 Woodward Ave","Huntington Woods","48070-1301","MI","US","+12485433834","","http://www.roberttremblaydds.com/","https://www.facebook.com/473477839524827","","0.9199122190475464","open","8","meta | Overture | Overture-signals","CDLA-Permissive-2.0","2026-04-27T00:00:00.000Z | 2026-06-11T11:57:15Z | 2026-05-12T00:29:08Z | 2026-05-18T13:23:54Z | 2026-05-25T13:08:59Z | 2026-06-01T13:20:32Z | 2026-06-08T13:20:12Z"
"MI","Michigan","27421adc-0b05-4e63-8ff7-99fccce517d2","Ronald Leyder DDS","-85.6462353265854","43.4490897627271","dentist","","7166 S Croton Hardy Dr","Newaygo","49337","MI","US","(231) 652-1663","leyderdentistry@gmail.com","http://www.leyderdentistry.com","https://www.facebook.com/151130184959141","","0.9199122190475464","open","8","Foursquare | Overture | Overture-signals","Apache-2.0 | CDLA-Permissive-2.0","2025-08-22T00:00:00.000 | 2026-06-11T11:57:15Z | 2026-05-12T00:29:08Z | 2026-05-18T13:23:54Z | 2026-05-25T13:08:59Z | 2026-06-01T13:20:32Z | 2026-06-08T13:20:12Z"
"MI","Michigan","2791b782-af34-44a8-a350-5285fa6c5250","West Ishpeming Dental Center","-87.7167","46.485797","dentist","","125 N Pansy St","Ishpeming","49849","MI","US","(906) 485-5575","patti4p@aol.com","http://www.906familydentistry.com","https://www.facebook.com/117556589171069","","0.9199122190475464","open","4","Foursquare | Overture | Overture-signals","Apache-2.0 | CDLA-Permissive-2.0","2025-08-22T00:00:00.000 | 2026-06-11T11:57:15Z | 2026-05-12T00:29:08Z | 2026-05-18T13:23:54Z | 2026-05-25T13:08:59Z | 2026-06-01T13:20:32Z | 2026-06-08T13:20:12Z"
"MI","Michigan","27daef6e-be25-40fd-8921-4cb95549e7be","Bruce E. Hulscher","-83.46506751","42.54015338","dentist","general_dentistry | health_and_medical","1857 E West Maple Rd","Walled Lake","48390-3821","MI","US","+12489604848","","http://www.bhulscherdds.com/","https://www.facebook.com/250731658389743","","0.9902192950248718","open","8","meta | Overture | Overture-signals","CDLA-Permissive-2.0","2026-04-27T00:00:00.000Z | 2026-06-11T11:57:15Z | 2026-05-12T00:29:08Z | 2026-05-18T13:23:54Z | 2026-05-25T13:08:59Z | 2026-06-01T13:20:32Z | 2026-06-08T13:20:12Z"
"MI","Michigan","27fd42f2-d581-46f8-b0cb-b39a2a3a8c56","Contemporary Dentistry","-83.176083","42.32608","dentist","health_and_medical","5211 Schaefer Rd 100","Dearborn","48126","MI","US","3135814884","","","","","0.85","","7","Microsoft | Overture","CDLA-Permissive-2.0","2011-09-15T14:33:23.967Z | 2026-06-11T11:57:15Z"
"MI","Michigan","2817e14c-49c5-4b5f-97e4-51c0a8cf318b","Gusfa Dental Clinic","-83.279505","42.297904","dentist","","24825 Michigan Avenue","Dearborn","48124","MI","US","+13139088409","","http://www.gusfadentalclinic.com/","","","0.9199122190475464","open","8","DAC | Overture | Overture-signals","CDLA-Permissive-2.0","2026-06-10T16:03:35.911Z | 2026-06-11T11:57:15Z | 2026-05-12T00:29:08Z | 2026-05-18T13:23:54Z | 2026-05-25T13:08:59Z | 2026-06-01T13:20:32Z | 2026-06-08T13:20:12Z"
"MI","Michigan","281a9151-410c-4292-83df-b5d9e9d54726","Urquiola Dental Center","-83.69712113","42.25354102","dentist","periodontist","2301 S Huron Pkwy","Ann Arbor","48104-5133","MI","US","+17349737450","nancyurquiola@msn.com","https://www.urquioladentalcenter.com","https://www.facebook.com/205339396197887","","0.9199122190475464","open","9","meta | Overture | Overture-signals","CDLA-Permissive-2.0","2026-04-27T00:00:00.000Z | 2026-06-11T11:57:15Z | 2026-05-12T00:29:08Z | 2026-05-18T13:23:54Z | 2026-05-25T13:08:59Z | 2026-06-01T13:20:32Z | 2026-06-08T13:20:12Z"
"MI","Michigan","285c7a93-9624-41c3-b5c0-09ede5375842","Cammarata Marc S DDS","-83.3748309928392","42.4991865685371","dentist","","27900 New Market Rd","Farmington Hills","48334","MI","US","(248) 553-3773","dentistfarmingtonhills@gmail.com","http://www.cammaratadds.com/farmington-hills.html","https://www.facebook.com/1565705496982583","","0.77","","5","Foursquare | Overture","Apache-2.0 | CDLA-Permissive-2.0","2025-08-22T00:00:00.000 | 2026-06-11T11:57:15Z"
"MI","Michigan","286b1f9e-1583-4d2f-8911-54cba811aaf1","Generations Family Dentistry","-83.91573244","43.59360803","dentist","general_dentistry","800 S Euclid Ave","Bay City","48706-3355","MI","US","+19896867174","office@generationsdentistry.com","http://generationsdentistry.com/","https://www.facebook.com/375167319214698","Generations Family Dentistry","0.9199122190475464","open","8","meta | Overture | Overture-signals","CDLA-Permissive-2.0","2026-04-27T00:00:00.000Z | 2026-06-11T11:57:15Z | 2026-05-12T00:29:08Z | 2026-05-18T13:23:54Z | 2026-05-25T13:08:59Z | 2026-06-01T13:20:32Z | 2026-06-08T13:20:12Z"
"MI","Michigan","286bd9f6-a116-46d3-a263-eeab1b96753a","Penn & Searls","-83.18955726","42.15423089","dentist","general_dentistry | health_and_medical","1640 Fort St","Trenton","48183-2040","MI","US","+17346758400","","","https://www.facebook.com/220264951347583","","0.6049476265907288","","7","meta | Overture","CDLA-Permissive-2.0","2026-04-27T00:00:00.000Z | 2026-06-11T11:57:15Z"
"MI","Michigan","28acaddf-14a8-4d09-a1eb-03e35d231b2b","Portage Dental Office","-85.60058921","42.2226366","dentist","general_dentistry | health_and_medical","6505 Constitution Blvd","Portage","49024-1604","MI","US","+12699030015","","http://PortageDentalOffice.com/","https://www.facebook.com/410584212146598","","0.9199122190475464","open","2","meta | Overture | Overture-signals","CDLA-Permissive-2.0","2026-04-27T00:00:00.000Z | 2026-06-11T11:57:15Z | 2026-05-25T13:08:59Z | 2026-06-01T13:20:32Z | 2026-06-08T13:20:12Z"
"MI","Michigan","28e301ad-087a-4347-9734-5db12fe40e11","Dowagiac Dental Clinic","-86.110512","41.981252","dentist","cosmetic_dentist | doctor","302 S Front St","Dowagiac","49047-1746","MI","US","","","http://www.yellowpages.com/dowagiac-mi/dowagiac-dental-clinic","https://www.facebook.com/347540108647327","","0.9895454049110413","open","8","meta | Overture | Overture-signals","CDLA-Permissive-2.0","2026-04-27T00:00:00.000Z | 2026-06-11T11:57:15Z | 2026-05-12T00:29:08Z"
"MI","Michigan","293086a6-2392-43d9-9b5d-0686b25bb5c5","Dr. Regiani","-83.422815","42.792566","dentist","","10435 Ortonville Rd","Clarkston","48348","MI","US","(248) 625-5222","","http://www.regianidental.com","","","0.77","","5","Foursquare | Overture","Apache-2.0 | CDLA-Permissive-2.0","2026-01-22T00:00:00.000 | 2026-06-11T11:57:15Z"
"MI","Michigan","293bb32a-33d7-4766-89ea-08630d8b65be","Dr. Thomas Nykamp DDS","-85.646669","42.913609","dentist","health_and_medical | doctor","2740 Eastern Ave SE","Grand Rapids","49507-3643","MI","US","+16164525721","","https://nykamp-thomas-l.hub.biz/","https://www.facebook.com/124997117555175","","0.9112808108329773","","8","meta | Overture","CDLA-Permissive-2.0","2026-04-27T00:00:00.000Z | 2026-06-11T11:57:15Z"
"MI","Michigan","29438abe-f5ac-40ef-a89a-970b4e7ee453","Clark K. Smith, DDS, PLLC","-83.2954089112554","42.3566565215256","dentist","","25850 Joy Rd","Redford","48239","MI","US","(313) 937-2968","cksmithdds@gmail.com","http://www.clarksmithdds.com","https://www.facebook.com/160630340625919","","0.9199122190475464","open","8","Foursquare | Overture | Overture-signals","Apache-2.0 | CDLA-Permissive-2.0","2021-01-06T00:00:00.000 | 2026-06-11T11:57:15Z | 2026-05-12T00:29:08Z | 2026-05-18T13:23:54Z | 2026-05-25T13:08:59Z | 2026-06-01T13:20:32Z | 2026-06-08T13:20:12Z"
"MI","Michigan","294b34f0-3047-4468-867c-0ba277808acc","Dr. Shadows O. Bedell","-83.02392204","42.43882999","dentist","general_dentistry | cosmetic_dentist","19600 Van Dyke St","Detroit","48234-3325","MI","US","+13138929148","","","https://www.facebook.com/155136921191677","","0.8820531964302063","","8","meta | Overture","CDLA-Permissive-2.0","2026-04-27T00:00:00.000Z | 2026-06-11T11:57:15Z"
"MI","Michigan","29617188-1adb-4cd4-88a5-a6694ebb68cd","Waterford Family Dental Care - Gordon B Shlom DDS & Associates","-83.341378","42.639182","dentist","","2759 Elizabeth Lake Rd","Waterford","48328","MI","US","(248) 681-4470","","http://www.familydentistwaterford.com","https://www.facebook.com/116708195057182","","0.77","","5","Foursquare | Overture","Apache-2.0 | CDLA-Permissive-2.0","2024-12-30T00:00:00.000 | 2026-06-11T11:57:15Z"
"MI","Michigan","298e46e3-17a4-4562-a759-788894f4030d","West Village Dental","-83.25374248","42.30375294","dentist","general_dentistry | health_and_medical","22615 Michigan Ave","Dearborn","48124-2115","MI","US","+13135634466","manager@westvillagedentalcare.com","https://www.westvillagedentalcare.com/","https://www.facebook.com/192504013427","West Village Dental Care","0.9902192950248718","open","8","meta | Overture | Overture-signals","CDLA-Permissive-2.0","2026-04-27T00:00:00.000Z | 2026-06-11T11:57:15Z | 2026-05-12T00:29:08Z | 2026-05-18T13:23:54Z | 2026-05-25T13:08:59Z | 2026-06-01T13:20:32Z | 2026-06-08T13:20:12Z"
"MI","Michigan","29bd60e1-a65c-497c-99a9-f7b64f8115af","Northwest Dental Excellence","-84.41860758","42.2913411","dentist","general_dentistry | health_and_medical","1500 W Parnall Rd","Jackson","49201-8660","MI","US","+15175138070","theoffice@northwestdentalexcellence.com","http://www.NorthwestDentalExcellence.com/","https://www.facebook.com/378858332619584","","0.9199122190475464","open","9","meta | Overture | Overture-signals","CDLA-Permissive-2.0","2026-04-27T00:00:00.000Z | 2026-06-11T11:57:15Z | 2026-05-12T00:29:08Z | 2026-05-18T13:23:54Z | 2026-05-25T13:08:59Z | 2026-06-01T13:20:32Z | 2026-06-08T13:20:12Z"
"MI","Michigan","29c26a62-606d-4887-9659-1447195ef95d","Souers James L DDS","-85.6661048412536","42.2974119724502","dentist","","950 N 10th St Ste 110","Kalamazoo","49009","MI","US","(269) 544-1222","kalamzoo@orthodon.com","http://www.drsouers4smiles.com","https://www.twitter.com/michiganortho | https://www.facebook.com/162175993811818","","0.9199122190475464","open","4","Foursquare | Overture | Overture-signals","Apache-2.0 | CDLA-Permissive-2.0","2025-08-19T00:00:00.000 | 2026-06-11T11:57:15Z | 2026-05-12T00:29:08Z | 2026-05-18T13:23:54Z | 2026-05-25T13:08:59Z | 2026-06-01T13:20:32Z | 2026-06-08T13:20:12Z"
"MI","Michigan","29c3cd0b-34b9-4b7b-8a93-9552cc6400da","Malouf Family Dentistry","-82.90734579","42.49458679","dentist","general_dentistry | cosmetic_dentist","27600 Little Mack Ave","St Clair Shores","48081","MI","US","+15867729020","malouffamilydentistry@gmail.com","http://dentiststclairshores.com/","https://www.facebook.com/884312988271370","","0.9199122190475464","open","9","meta | Overture | Overture-signals","CDLA-Permissive-2.0","2026-04-27T00:00:00.000Z | 2026-06-11T11:57:15Z | 2026-05-12T00:29:08Z | 2026-05-18T13:23:54Z | 2026-05-25T13:08:59Z | 2026-06-01T13:20:32Z | 2026-06-08T13:20:12Z"
"MI","Michigan","29d778b4-c85d-4c94-a284-699760d6c3e6","Dupuis Dental","-83.27819539","42.22554471","dentist","general_dentistry","24929 Goddard Rd","Taylor","48180-3930","MI","US","+17349473621","dupuisdental@gmail.com","https://www.dupuisdental.com/","https://www.facebook.com/104120585720514","Dupuis Dental, Taylor MI","0.9199122190475464","open","8","meta | Overture | Overture-signals","CDLA-Permissive-2.0","2026-04-27T00:00:00.000Z | 2026-06-11T11:57:15Z | 2026-05-12T00:29:08Z | 2026-05-18T13:23:54Z | 2026-05-25T13:08:59Z | 2026-06-01T13:20:32Z | 2026-06-08T13:20:12Z"
"MI","Michigan","29f7c6f3-860e-49ca-b07f-ee142f3e7a91","Wayne Westbrook DDS Family Dentistry","-85.5870220472039","42.8413483807114","dentist","","3125 68th St SE","Caledonia","49316","MI","US","(616) 698-6000","westbrookdentistry@gmail.com","http://www.westbrookdentistry.com","","","0.9199122190475464","open","4","Foursquare | Overture | Overture-signals","Apache-2.0 | CDLA-Permissive-2.0","2025-08-22T00:00:00.000 | 2026-06-11T11:57:15Z | 2026-05-12T00:29:08Z | 2026-05-18T13:23:54Z | 2026-05-25T13:08:59Z | 2026-06-01T13:20:32Z | 2026-06-08T13:20:12Z"
"MI","Michigan","2a139759-1bb6-4595-9180-f649de428abc","Midwest Implant Surgery Center","-85.83305106","42.90700019","dentist","prosthodontist | cosmetic_dentist","2064 Baldwin St","Georgetown Twp","49428-8773","MI","US","+16162643815","miscjenison@gmail.com","http://midwestimplantsurgerycenter.com/","https://www.facebook.com/315252335781016","","0.9199122190475464","open","8","meta | Overture | Overture-signals","CDLA-Permissive-2.0","2026-04-27T00:00:00.000Z | 2026-06-11T11:57:15Z | 2026-05-12T00:29:08Z | 2026-05-18T13:23:54Z | 2026-05-25T13:08:59Z | 2026-06-01T13:20:32Z | 2026-06-08T13:20:12Z"
"MI","Michigan","2a1b1efa-36e0-417c-bcca-0eff2d2a4b49","Frenchtown Smiles","-83.31354552","41.94689275","dentist","cosmetic_dentist | general_dentistry","3749 N Dixie Hwy","Monroe","48162-4489","MI","US","+17343843008","frenchtownsmiles@yahoo.com","http://www.frenchtownsmiles.com/","https://www.facebook.com/505119529525596","Frenchtown Smiles Complete Dental Care","0.9199122190475464","open","8","meta | Overture | Overture-signals","CDLA-Permissive-2.0","2026-04-27T00:00:00.000Z | 2026-06-11T11:57:15Z | 2026-05-12T00:29:08Z | 2026-05-18T13:23:54Z | 2026-05-25T13:08:59Z | 2026-06-01T13:20:32Z | 2026-06-08T13:20:12Z"
"MI","Michigan","2a24aaa8-3468-4125-883f-8c2100c781dd","Sorina Peret Family Dentistry","-83.06764764","42.50232909","dentist","general_dentistry","28501 Ryan Rd","Warren","48092-4178","MI","US","+15867537000","","","https://www.facebook.com/149932951717024","","0.9199122190475464","open","7","meta | Overture | Overture-signals","CDLA-Permissive-2.0","2026-04-27T00:00:00.000Z | 2026-06-11T11:57:15Z | 2026-05-12T00:29:08Z | 2026-05-18T13:23:54Z | 2026-05-25T13:08:59Z | 2026-06-01T13:20:32Z | 2026-06-08T13:20:12Z"
"MI","Michigan","2a2b2839-751e-4f96-8816-04b6d0d80729","Garvey Dental Laboratory","-86.22189","43.23443","dentist","laboratory_testing","900 E Apple Ave","Muskegon","49442-3770","MI","US","+13203303186","","http://Garveydental.net/","https://www.facebook.com/100275208650865","","0.9426758885383606","","7","meta | Overture","CDLA-Permissive-2.0","2026-04-27T00:00:00.000Z | 2026-06-11T11:57:15Z"
"MI","Michigan","2a2f4be9-96d7-433d-bed7-31c9a45458f7","Wave Dental Specialists","-83.31055113","42.3399834","dentist","general_dentistry","27283 W Warren St","Dearborn Heights","48127-1804","MI","US","+13133806323","fd.wdsd@wavedp.com","http://detroit.wavedentalspecialists.com/","https://www.facebook.com/100575012528458","","0.9902192950248718","open","8","meta | Overture | Overture-signals","CDLA-Permissive-2.0","2026-04-27T00:00:00.000Z | 2026-06-11T11:57:15Z | 2026-05-12T00:29:08Z | 2026-05-18T13:23:54Z | 2026-05-25T13:08:59Z | 2026-06-01T13:20:32Z | 2026-06-08T13:20:12Z"
"MI","Michigan","2a30992e-7670-45a7-9196-6bd7db1c4bef","Trendsetters Dental","-83.25400604","42.31223468","dentist","general_dentistry | health_and_medical","125 N Military St","Dearborn","48124-1034","MI","US","+13132749300","office125@comcast.net","http://www.trendsettersdental.com/","https://www.facebook.com/124543701035482","","0.9199122190475464","open","9","meta | Overture | Overture-signals","CDLA-Permissive-2.0","2026-04-27T00:00:00.000Z | 2026-06-11T11:57:15Z | 2026-05-12T00:29:08Z | 2026-05-18T13:23:54Z | 2026-05-25T13:08:59Z | 2026-06-01T13:20:32Z | 2026-06-08T13:20:12Z"
"MI","Michigan","2a42ed3e-740f-4e8f-ba63-f7ea384c784c","Affordable Dentures","-85.7759332","42.8825577","dentist","health_and_medical","4485 Canal Ave SW Ste C600","Grandville","49418","MI","US","6166751543","","http://www.affordabledentures.com/office/grandville/","","","0.85","","7","Microsoft | Overture","CDLA-Permissive-2.0","2018-04-24T19:25:54.150Z | 2026-06-11T11:57:15Z"
"MI","Michigan","2a47ec74-96e2-4f7c-a855-8db8adf3ec6d","Regina R Davis DDS","-83.78065825","42.29438092","dentist","general_dentistry | cosmetic_dentist","1240 N Maple Rd","Ann Arbor","48103-2842","MI","US","+17349955191","","http://reginadavisdental.com/","https://www.facebook.com/1080411978638863","Regina R. Davis, DDS","0.9199122190475464","open","9","meta | Overture | Overture-signals","CDLA-Permissive-2.0","2026-04-27T00:00:00.000Z | 2026-06-11T11:57:15Z | 2026-05-12T00:29:08Z | 2026-05-18T13:23:54Z | 2026-05-25T13:08:59Z | 2026-06-01T13:20:32Z | 2026-06-08T13:20:12Z"
"MI","Michigan","2a58aae2-be90-412c-89e9-1d9b0a826ff8","Family Crown Dentistry","-83.17654663","42.33942714","dentist","general_dentistry","6600 Schaefer Rd","Dearborn","48126-4502","MI","US","+13135817979","goodday@familycrowndentistry.com","https://www.familycrowndentistry.com/","https://www.facebook.com/113631393815405","","0.9902192950248718","open","7","meta | Overture | Overture-signals","CDLA-Permissive-2.0","2026-04-27T00:00:00.000Z | 2026-06-11T11:57:15Z | 2026-05-12T00:29:08Z | 2026-05-18T13:23:54Z | 2026-05-25T13:08:59Z | 2026-06-01T13:20:32Z | 2026-06-08T13:20:12Z"
"MI","Michigan","2a7f67f4-33cf-4eb8-afce-a87aedd66062","Pasikowski Dorothy DDS","-83.18798935","42.50288345","dentist","general_dentistry | doctor","2867 12 Mile Rd","Berkley","48072-1411","MI","US","+12485477110","drdotpoffice@gmail.com","http://www.dorothypasikowski.com/","https://www.facebook.com/654613904604918","","0.9199122190475464","open","7","meta | Overture | Overture-signals","CDLA-Permissive-2.0","2026-04-27T00:00:00.000Z | 2026-06-11T11:57:15Z | 2026-05-12T00:29:08Z | 2026-05-18T13:23:54Z | 2026-05-25T13:08:59Z | 2026-06-01T13:20:32Z | 2026-06-08T13:20:12Z"
"MI","Michigan","2a99b6f6-4738-4e38-914d-df20ffda8d20","Patrick Sweeney DDS","-82.9296628943474","42.4508666754854","dentist","","18501 E 8 Mile Rd","Eastpointe","48021","MI","US","(586) 777-0260","","http://www.drpatricksweeney.com","https://www.facebook.com/138861456161494","","0.9199122190475464","open","4","Foursquare | Overture | Overture-signals","Apache-2.0 | CDLA-Permissive-2.0","2025-08-22T00:00:00.000 | 2026-06-11T11:57:15Z | 2026-05-12T00:29:08Z | 2026-05-18T13:23:54Z | 2026-05-25T13:08:59Z | 2026-06-01T13:20:32Z | 2026-06-08T13:20:12Z"
"MI","Michigan","2a9edbeb-a353-4ad2-816d-df91eaaab9fe","Reed Paul W DDS Ms","-84.957567","45.37342","dentist","orthodontist | cosmetic_dentist","414 Petoskey St","Petoskey","49770-2618","MI","US","+12313474145","","http://paulreedortho.com","https://www.facebook.com/191836154161920","Dr. Reed's Orthodontist Office","0.9805113673210144","","10","meta | Overture","CDLA-Permissive-2.0","2026-04-27T00:00:00.000Z | 2026-06-11T11:57:15Z"
"MI","Michigan","2ad3ea7a-aa6f-49e8-be02-be630ce6d921","Shaheen Family Dental","-83.69492664","43.13742626","dentist","health_and_medical | oral_surgeon","9115 N Saginaw Rd","Mt Morris","48458-9108","MI","US","+18106873010","shaheendental@shaheendental.comcastbiz.net","http://Shaheenfamilydental.com/","https://www.facebook.com/187703924672196","","0.9902192950248718","open","8","meta | Overture | Overture-signals","CDLA-Permissive-2.0","2026-04-27T00:00:00.000Z | 2026-06-11T11:57:15Z | 2026-05-12T00:29:08Z | 2026-05-18T13:23:54Z | 2026-05-25T13:08:59Z | 2026-06-01T13:20:32Z | 2026-06-08T13:20:12Z"
"MI","Michigan","2ad43160-72c6-432f-9f41-57b18b9bb175","Nehal Ali","-83.32329261","42.32572791","dentist","health_and_medical | family_practice","28541 Ford Rd","Garden City","48135-2843","MI","US","+17344224244","","","https://www.facebook.com/461649964021757","","0.5500762462615967","","7","meta | Overture","CDLA-Permissive-2.0","2026-04-27T00:00:00.000Z | 2026-06-11T11:57:15Z"
"MI","Michigan","2afe4ef2-c41b-4d9e-9b41-678cb72f748f","Bright Dentistry","-83.76521424","42.52184864","dentist","general_dentistry | cosmetic_dentist","9880 E Grand River Ave","Brighton","48116-1922","MI","US","+18106265662","brightdentalmi@gmail.com","http://www.brightdentistrymi.com/","https://www.facebook.com/101289675974905","","0.9199122190475464","open","7","meta | Overture | Overture-signals","CDLA-Permissive-2.0","2026-04-27T00:00:00.000Z | 2026-06-11T11:57:15Z | 2026-05-12T00:29:08Z | 2026-05-18T13:23:54Z | 2026-05-25T13:08:59Z | 2026-06-01T13:20:32Z | 2026-06-08T13:20:12Z"
"MI","Michigan","2b08ecc8-582a-49ff-b159-7e5cc9074c4b","Lakeside Cosmetic Dentistry","-83.2049503544486","42.0911559762806","dentist","","29549 W Jefferson Ave","Gibraltar","48173","MI","US","(734) 675-1745","","http://www.wellness.com/dir/2230685/dentist/mi/rockwood","https://www.facebook.com/161367587219142","","0.9199122190475464","open","4","Foursquare | Overture | Overture-signals","Apache-2.0 | CDLA-Permissive-2.0","2025-08-22T00:00:00.000 | 2026-06-11T11:57:15Z | 2026-05-12T00:29:08Z | 2026-05-18T13:23:54Z | 2026-05-25T13:08:59Z | 2026-06-01T13:20:32Z | 2026-06-08T13:20:12Z"
"MI","Michigan","2b3f7a49-0e78-4e0f-b3f0-a00dabbcc262","Highland Avenue Family Dentistry","-85.20129888","42.30414597","dentist","general_dentistry | family_practice","105 Highland Ave","Battle Creek","49015-3264","MI","US","+12692577697","highlandavefd@mydentalmail.com","https://highlandavedentistrybc.com/","https://www.facebook.com/103521038531888","","0.9199122190475464","open","8","meta | Overture | Overture-signals","CDLA-Permissive-2.0","2026-04-27T00:00:00.000Z | 2026-06-11T11:57:15Z | 2026-05-12T00:29:08Z | 2026-05-18T13:23:54Z | 2026-05-25T13:08:59Z | 2026-06-01T13:20:32Z | 2026-06-08T13:20:12Z"
"MI","Michigan","2b53cca8-9de2-4113-9207-bd9f66166668","Shiva G. Rad","-83.70106305","42.30332593","dentist","general_dentistry","3055 Plymouth Rd","Ann Arbor","48105-3208","MI","US","+17344360817","a2shivagraddds@gmail.com","https://www.annarborpersonaltouchdentistry.com/","https://www.facebook.com/108192958013980","","0.9199122190475464","open","8","meta | Overture | Overture-signals","CDLA-Permissive-2.0","2026-04-27T00:00:00.000Z | 2026-06-11T11:57:15Z | 2026-05-12T00:29:08Z | 2026-05-18T13:23:54Z | 2026-05-25T13:08:59Z | 2026-06-01T13:20:32Z | 2026-06-08T13:20:12Z"
"MI","Michigan","2b5fd268-3c50-4420-81a9-dfad077e1577","New Haven Family Dental","-82.78568855","42.73505355","dentist","general_dentistry","59041 Gratiot Ave","New Haven","48048-2057","MI","US","+15863154424","slayden313@yahoo.com","https://www.newhavendentalofmichigan.com/","https://www.facebook.com/1737919369760005","New Haven Family Dental","0.9199122190475464","open","8","meta | Overture | Overture-signals","CDLA-Permissive-2.0","2026-04-27T00:00:00.000Z | 2026-06-11T11:57:15Z | 2026-05-12T00:29:08Z | 2026-05-18T13:23:54Z | 2026-05-25T13:08:59Z | 2026-06-01T13:20:32Z | 2026-06-08T13:20:12Z"
"MI","Michigan","2b60d34d-29f2-4776-8ff2-3ee32329ceac","Mark A Mastellotto","-84.047272","41.912957","dentist","","760 Riverside Ave Ste 102","Adrian","49221","MI","US","(517) 263-0338","","http://mastellottomarkadds.placeweb.site","https://www.facebook.com/366902236779622","","0.77","","5","Foursquare | Overture","Apache-2.0 | CDLA-Permissive-2.0","2025-08-22T00:00:00.000 | 2026-06-11T11:57:15Z"
"MI","Michigan","2b7bb012-a43e-442f-ac02-435928fc2be9","Affordable Dentures & Implants","-83.20898144","42.28264935","dentist","general_dentistry | prosthodontist","3280 Fairlane Dr","Allen Park","48101-2871","MI","US","+13512322155","fda17449@affordabledentures.com","https://www.affordabledentures.com/locations/mi/allen-park?utm_source=Facebook&utm_medium=Organic_Listing&utm_campaign=17449","https://www.facebook.com/262662053593672","Affordable Dentures & Implants","0.9902192950248718","open","9","meta | Overture | Overture-signals","CDLA-Permissive-2.0","2026-04-27T00:00:00.000Z | 2026-06-11T11:57:15Z | 2026-05-12T00:29:08Z | 2026-05-18T13:23:54Z | 2026-05-25T13:08:59Z | 2026-06-01T13:20:32Z | 2026-06-08T13:20:12Z"
"MI","Michigan","2bb24e2c-4365-42e3-8f1a-0e601dfab32f","Schnoor Shelley DDS","-83.8823572242983","41.8379987219656","dentist","","9178 E US Highway 223","Blissfield","49228","MI","US","(517) 486-2030","","http://greatlakesfamilydentalgroup.com","https://www.facebook.com/111737125556073","","0.9199122190475464","open","4","Foursquare | Overture | Overture-signals","Apache-2.0 | CDLA-Permissive-2.0","2025-08-19T00:00:00.000 | 2026-06-11T11:57:15Z | 2026-05-12T00:29:08Z | 2026-05-18T13:23:54Z | 2026-05-25T13:08:59Z | 2026-06-01T13:20:32Z | 2026-06-08T13:20:12Z"
"MI","Michigan","2bbfdbad-72ce-4bc4-b910-9d9e08c6d164","Dr. Thomas Fredal D.D.S","-83.0320125314257","42.6293139055722","dentist","","45428 Van Dyke Ave","Utica","48317","MI","US","(586) 731-8338","contactus@dentistutica.com","http://www.fredaldds.com","https://www.facebook.com/161081153921389","","0.9199122190475464","open","4","Foursquare | Overture | Overture-signals","Apache-2.0 | CDLA-Permissive-2.0","2022-03-22T00:00:00.000 | 2026-06-11T11:57:15Z | 2026-05-12T00:29:08Z | 2026-05-18T13:23:54Z | 2026-05-25T13:08:59Z | 2026-06-01T13:20:32Z | 2026-06-08T13:20:12Z"
"MI","Michigan","2bc2292f-f756-4c91-9d6f-a2432bab1522","Eric Heim Dental","-84.02579336","43.41658386","dentist","general_dentistry","5545 Colony Dr N","Saginaw","48638-7188","MI","US","+19897905811","ericheimdental@gmail.com","http://ericheimdental.com/","https://www.facebook.com/100770872587301","","0.9199122190475464","open","7","meta | Overture | Overture-signals","CDLA-Permissive-2.0","2026-04-27T00:00:00.000Z | 2026-06-11T11:57:15Z | 2026-05-12T00:29:08Z | 2026-05-18T13:23:54Z | 2026-05-25T13:08:59Z | 2026-06-01T13:20:32Z | 2026-06-08T13:20:12Z"
"MI","Michigan","2bd7ff58-24d7-4435-8807-e8736f9dde71","Simmons Denis a DDS","-83.30974456","42.73600804","dentist","periodontist | doctor","3385 Waldon Rd","Orion Twp","48360-1648","MI","US","+12483912244","","http://Jabbottdentistry.com/","https://www.facebook.com/1471958119789635","","0.6449307799339294","","1","meta | Overture","CDLA-Permissive-2.0","2026-04-27T00:00:00.000Z | 2026-06-11T11:57:15Z"
"MI","Michigan","2beb4b97-f185-4ecc-8865-32582854bfbc","Lindenwoods Dental","-85.63816339","42.29338657","dentist","cosmetic_dentist | general_dentistry","200 Turwill Ln","Kalamazoo","49006-4277","MI","US","+12693449006","contactus@lindenwoodsdental.com","https://www.lindenwoodsdental.com/","https://www.facebook.com/1461344520760951","","0.9722161889076233","","9","meta | Overture","CDLA-Permissive-2.0","2026-04-27T00:00:00.000Z | 2026-06-11T11:57:15Z"
"MI","Michigan","2c2ba400-4720-49aa-855b-810d6008dc94","Craft Dentistry","-85.69037265","42.86390093","dentist","general_dentistry | cosmetic_dentist","5580 Palmer Hills Dr SW","Wyoming","49509-9674","MI","US","+16165384330","admin@craftdentistrygr.com","http://www.craftdentistrygr.com/","https://www.facebook.com/117272531268042","","0.9902192950248718","open","5","meta | Overture | Overture-signals","CDLA-Permissive-2.0","2026-04-27T00:00:00.000Z | 2026-06-11T11:57:15Z | 2026-05-12T00:29:08Z | 2026-05-18T13:23:54Z | 2026-05-25T13:08:59Z | 2026-06-01T13:20:32Z | 2026-06-08T13:20:12Z"
"MI","Michigan","2c2ebd7f-bc22-4098-9bdb-f01806976f8a","Renee L. I. Owen, DDS, PC","-84.79745828","42.58781653","dentist","general_dentistry | doctor","2024 Lansing Rd","Charlotte","48813-8419","MI","US","+15175435230","charlottemidds@gmail.com","https://www.charlottemidds.com/","https://www.facebook.com/125046500894256","","0.9199122190475464","open","7","meta | Overture | Overture-signals","CDLA-Permissive-2.0","2026-04-27T00:00:00.000Z | 2026-06-11T11:57:15Z | 2026-05-12T00:29:08Z | 2026-05-18T13:23:54Z | 2026-05-25T13:08:59Z | 2026-06-01T13:20:32Z | 2026-06-08T13:20:12Z"
"MI","Michigan","2c30c0e4-4008-480f-ab0c-be6b868678e8","Gamal M Abosamra DDS","-84.53827439","42.69929441","dentist","general_dentistry | health_and_medical","3220 S Pennsylvania Ave","Lansing","48910-4798","MI","US","+15172724000","","","https://www.facebook.com/157986440902906","","0.9199122190475464","open","7","meta | Overture | Overture-signals","CDLA-Permissive-2.0","2026-04-27T00:00:00.000Z | 2026-06-11T11:57:15Z | 2026-05-12T00:29:08Z | 2026-05-18T13:23:54Z | 2026-05-25T13:08:59Z | 2026-06-01T13:20:32Z | 2026-06-08T13:20:12Z"
"MI","Michigan","2c3cf716-5836-4e6f-94eb-61236b51e32a","Dr. David Eberhard","-83.03207583","42.62359327","dentist","general_dentistry | health_and_medical","44712 Van Dyke Ave","Utica","48317-5482","MI","US","+15867390550","","http://sterlingheightsdentists.com","https://www.facebook.com/949664935068823","","0.9059680104255676","","8","meta | Overture","CDLA-Permissive-2.0","2026-04-27T00:00:00.000Z | 2026-06-11T11:57:15Z"
"MI","Michigan","2c41dc45-347a-459d-8f0c-5822c7db8a8b","Laurie Mulka, D.D.S.","-83.2947310035889","42.3576203769589","dentist","","8881 Beech Daly Rd","Redford","48239","MI","US","(313) 937-1520","drmulka@mulkadental.com","http://www.mulkadental.com","https://www.facebook.com/164673151051475","","0.9199122190475464","open","4","Foursquare | Overture | Overture-signals","Apache-2.0 | CDLA-Permissive-2.0","2023-01-24T00:00:00.000 | 2026-06-11T11:57:15Z | 2026-05-12T00:29:08Z | 2026-05-18T13:23:54Z | 2026-05-25T13:08:59Z | 2026-06-01T13:20:32Z | 2026-06-08T13:20:12Z"
"MI","Michigan","2c423a3d-7d39-4514-9ea5-5c67ee400273","Bio Dentistry MI","-83.22109344","42.55981096","dentist","general_dentistry | naturopathic_holistic","50 W Big Beaver Rd","Bloomfield Hills","48304-3907","MI","US","+12486483660","office@sueshohadds.com","https://biodentistrymi.com/","https://www.facebook.com/691569280929513","","0.9199122190475464","open","8","meta | Overture | Overture-signals","CDLA-Permissive-2.0","2026-04-27T00:00:00.000Z | 2026-06-11T11:57:15Z | 2026-05-12T00:29:08Z | 2026-05-18T13:23:54Z | 2026-05-25T13:08:59Z | 2026-06-01T13:20:32Z | 2026-06-08T13:20:12Z"
"MI","Michigan","2c53eb59-f713-4647-9d78-e5508ea5d9da","Wellness Plan","-83.0170548747051","42.4409528790948","dentist","","4909 E Outer Dr","Detroit","48234","MI","US","(313) 366-2000","","http://www.wellplan.com/home.php","https://www.facebook.com/164291310263187","","0.77","","8","Foursquare | Overture","Apache-2.0 | CDLA-Permissive-2.0","2025-08-19T00:00:00.000 | 2026-06-11T11:57:15Z"
"MI","Michigan","2c8baaaf-4897-4a34-aafc-d2853dd440e4","Daniel G. Ankoviak, D.D.S.","-83.90306278","43.60061615","dentist","general_dentistry","207 S Williams St","Bay City","48706-4610","MI","US","+19896844511","","","https://www.facebook.com/169318203085759","","0.9695838689804077","","3","meta | Overture","CDLA-Permissive-2.0","2026-04-27T00:00:00.000Z | 2026-06-11T11:57:15Z"
"MI","Michigan","2cb0fa0e-5b47-4cc0-9ab0-1cd6e60565e5","Alshaikh Nida M DDS","-83.05617141","42.40712169","dentist","fashion | health_and_medical","12021 Conant St","Hamtramck","48212-2716","MI","US","+13138937454","","https://www.linkedin.com/in/nida-alshaikh-07531467","https://www.facebook.com/1236950429684004","","0.9199122190475464","open","6","meta | Overture | Overture-signals","CDLA-Permissive-2.0","2026-04-27T00:00:00.000Z | 2026-06-11T11:57:15Z | 2026-05-12T00:29:08Z | 2026-05-18T13:23:54Z | 2026-05-25T13:08:59Z | 2026-06-01T13:20:32Z | 2026-06-08T13:20:12Z"
"MI","Michigan","2cb79e68-ed5a-4797-9575-b15cfec5e79a","Dr. Jermov Cosmetic and Family Dentistry","-83.8982871","42.62213628","dentist","general_dentistry | cosmetic_dentist","1549 N Eager Rd","Howell","48843-9777","MI","US","+15175409860","drjermovdds@gmail.com","http://www.jermovdentistry.com/","https://www.facebook.com/1537209023177343","","0.9199122190475464","open","10","meta | Overture | Overture-signals","CDLA-Permissive-2.0","2026-04-27T00:00:00.000Z | 2026-06-11T11:57:15Z | 2026-05-12T00:29:08Z | 2026-05-18T13:23:54Z | 2026-05-25T13:08:59Z | 2026-06-01T13:20:32Z | 2026-06-08T13:20:12Z"
"MI","Michigan","2cbf3f7b-f5e5-43b3-91b3-8816f33993be","Owens Jerel DMD","-83.197802","42.416276","dentist","oral_surgeon | medical_service_organizations","15344 McNichols Rd W","Detroit","48235-3722","MI","US","+13132730640","","http://www.msuba-det.org/featured-spartan-owens.html","https://www.facebook.com/135729133142889","","0.9036146402359009","","7","meta | Overture","CDLA-Permissive-2.0","2026-04-27T00:00:00.000Z | 2026-06-11T11:57:15Z"
"MI","Michigan","2cbf6585-4f36-4903-9b55-0a1a24b90196","Bath Family Dentistry","-84.44784917","42.81349835","dentist","endodontist | health_and_medical","5815 Clark Rd","Bath","48808-8789","MI","US","+15176416778","bathfamilydentistry@gmail.com","http://www.nguyenbathfamilydentistry.com/","https://www.facebook.com/169119660486045","Nguyen Bath Family Dentistry","0.9199122190475464","open","8","meta | Overture | Overture-signals","CDLA-Permissive-2.0","2026-04-27T00:00:00.000Z | 2026-06-11T11:57:15Z | 2026-05-12T00:29:08Z | 2026-05-18T13:23:54Z | 2026-05-25T13:08:59Z | 2026-06-01T13:20:32Z | 2026-06-08T13:20:12Z"
"MI","Michigan","2cc18b81-89f1-4bf7-b237-5f573a9ade35","Trina D Floyd P C","-83.632606","42.972593","dentist","","4085 S Center Rd Ste 2","Burton","48519","MI","US","(810) 742-4320","","http://www.drtrinafloyd.com","","","0.9199122190475464","open","4","Foursquare | Overture | Overture-signals","Apache-2.0 | CDLA-Permissive-2.0","2025-08-22T00:00:00.000 | 2026-06-11T11:57:15Z | 2026-05-12T00:29:08Z | 2026-05-18T13:23:54Z | 2026-05-25T13:08:59Z | 2026-06-01T13:20:32Z | 2026-06-08T13:20:12Z"
