"state_code","state","id","name","longitude","latitude","primary_category","alternate_categories","address","locality","postcode","region","country","phones","emails","websites","socials","brand","confidence","operating_status","version","source_datasets","source_licenses","source_update_times"
"MO","Missouri","000e9f3e-6bc7-4046-b979-5acad3030023","Fountainview Dental","-94.3464488","38.652916","dentist","general_dentistry","401 E Mechanic St","Harrisonville","64701-2427","MO","US","+18168872008","harrisonville@fountainviewdental.com","https://fountainviewdental.com/harrisonville","https://www.facebook.com/101430058988270","","0.9199122190475464","open","7","meta | Overture | Overture-signals","CDLA-Permissive-2.0","2026-04-27T00:00:00.000Z | 2026-06-11T11:57:15Z | 2026-05-12T00:29:08Z | 2026-05-18T13:23:54Z | 2026-05-25T13:08:59Z | 2026-06-01T13:20:32Z | 2026-06-08T13:20:12Z"
"MO","Missouri","003e203d-9a34-4ce6-bdeb-656d01fedf1a","David Western","-94.59397051","39.00014077","dentist","health_and_medical | hospital","7018 Wornall Rd","Kansas City","64113-2042","MO","US","+18163632664","","","https://www.facebook.com/155574901148121","","0.8208119869232178","","7","meta | Overture","CDLA-Permissive-2.0","2026-04-27T00:00:00.000Z | 2026-06-11T11:57:15Z"
"MO","Missouri","005ab8bc-6647-4967-ad62-2cd1ae266f42","Jason L Grosch DDS","-90.5403086124924","38.7566343448962","dentist","","2408 Highway 94 South Outer Rd","Saint Charles","63303","MO","US","(636) 928-4888","groschdental@yahoo.com","http://www.groschdental.com","https://www.facebook.com/168870223303840","","0.9199122190475464","open","4","Foursquare | Overture | Overture-signals","Apache-2.0 | CDLA-Permissive-2.0","2023-04-03T00:00:00.000 | 2026-06-11T11:57:15Z | 2026-05-12T00:29:08Z | 2026-05-18T13:23:54Z | 2026-05-25T13:08:59Z | 2026-06-01T13:20:32Z | 2026-06-08T13:20:12Z"
"MO","Missouri","0060b648-785f-43d6-9841-4b9a1c3dafd0","Natural Bridge Dental","-90.2386140671608","38.6704367894993","dentist","","4456 Natural Bridge Ave","Saint Louis","63115","MO","US","(314) 383-3434","drernie2001@yahoo.com","http://stlouiscountydentists.com","https://www.facebook.com/126746480685749","","0.77","","5","Foursquare | Overture","Apache-2.0 | CDLA-Permissive-2.0","2025-08-19T00:00:00.000 | 2026-06-11T11:57:15Z"
"MO","Missouri","00af032a-861f-49ae-b44e-3f3e51cd9158","Bergman Family Dental","-90.566011","38.607168","dentist","cosmetic_dentist | health_and_medical","964 Kehrs Mill Rd","Ballwin","63011-2402","MO","US","+16363919666","bergmanfamilydental@gmail.com","https://www.bergmanfamilydental.com/","https://www.facebook.com/298827790139741","","0.8292414546012878","","9","meta | Overture","CDLA-Permissive-2.0","2026-04-27T00:00:00.000Z | 2026-06-11T11:57:15Z"
"MO","Missouri","00c79dae-0001-4d69-b511-f1b1fef9aa34","Jariya Niyakorn","-94.3949654113225","38.9747419652976","dentist","","7900 Lees Summit Rd","Kansas City","64139","MO","US","(816) 404-6885","","http://www.trumed.org","","","0.9199122190475464","open","4","Foursquare | Overture | Overture-signals","Apache-2.0 | CDLA-Permissive-2.0","2025-08-19T00:00:00.000 | 2026-06-11T11:57:15Z | 2026-05-12T00:29:08Z | 2026-05-18T13:23:54Z | 2026-05-25T13:08:59Z | 2026-06-01T13:20:32Z | 2026-06-08T13:20:12Z"
"MO","Missouri","0101e3dc-b6e0-4250-910e-67ad51deb113","Suzanne Quigg","-93.22005036","36.67223006","dentist","health_and_medical | physical_therapy","515 Bee Creek Rd","Branson","65616-7734","MO","US","+14173368478","","http://www.417dentist.com/","https://www.facebook.com/121344941257443","Branson Dental","0.8689993619918823","","8","meta | Overture","CDLA-Permissive-2.0","2026-04-27T00:00:00.000Z | 2026-06-11T11:57:15Z"
"MO","Missouri","010ac146-f926-4b60-95b1-ecda9455928e","Town Center Dental","-90.62586383","38.58134272","dentist","general_dentistry | medical_service_organizations","2426 Taylor Rd","Wildwood","63040-1222","MO","US","+16366894123","contactus@copelanddentalgroup.com","http://www.copelanddentalgroup.com/","https://www.facebook.com/168078303209013","Town Center Dental","0.999748515367508","","8","meta | Overture","CDLA-Permissive-2.0","2026-04-27T00:00:00.000Z | 2026-06-11T11:57:15Z"
"MO","Missouri","01396aa5-4e48-4b43-948f-dc737fcde9af","DiMaria Dental Lab","-90.64469401","38.66702977","dentist","","700 Spirit of St Louis Blvd","Chesterfield","63005-1018","MO","US","+16365190200","dimariadentallab@gmail.com","https://www.dimariadentallab.com/","https://www.facebook.com/109959867529278","","0.8822423219680786","","7","meta | Overture","CDLA-Permissive-2.0","2026-04-27T00:00:00.000Z | 2026-06-11T11:57:15Z"
"MO","Missouri","014d29c1-e01b-471a-9435-84de42e48524","Monterubio And Herbosa Oral and Maxillofacial Surgery P.C.","-90.3440744130993","38.6363460164264","dentist","","1034 S Brentwood Blvd Ste 1010","Saint Louis","63117","MO","US","(314) 721-1010","info@mhoms.com","http://oralsurgerystl.com","https://www.facebook.com/213877718630067","","0.9199122190475464","open","4","Foursquare | Overture | Overture-signals","Apache-2.0 | CDLA-Permissive-2.0","2021-10-13T00:00:00.000 | 2026-06-11T11:57:15Z | 2026-05-12T00:29:08Z | 2026-05-18T13:23:54Z | 2026-05-25T13:08:59Z | 2026-06-01T13:20:32Z | 2026-06-08T13:20:12Z"
"MO","Missouri","016723c9-eddd-4593-b7ab-e77190d96a8e","SFCC Dental Hygiene Clinic","-93.2700198364807","38.6977057924708","dentist","college_university","3201 W 16th St","Sedalia","65301-2188","MO","US","+16605967309","","http://www.sfccmo.edu/","https://www.facebook.com/1308711939155867","State Fair Community College","0.9747978448867798","","1","meta | Overture","CDLA-Permissive-2.0","2026-04-27T00:00:00.000Z | 2026-06-11T11:57:15Z"
"MO","Missouri","016c8a35-3794-4a8f-a1d4-f8cad4894173","Motto Clear Aligners","-93.2533311","37.1432753","dentist","health_and_medical","3842 S Glenstone Ave","Springfield","65804","MO","US","4177191678","","https://www.aspendental.com/dentist/mo/springfield/3842-s-glenstone-ave/motto-clear-aligners/","","","0.9199122190475464","open","6","Microsoft | Overture | Overture-signals","CDLA-Permissive-2.0","2025-10-05T08:00:05.410Z | 2026-06-11T11:57:15Z | 2026-05-12T00:29:08Z | 2026-05-18T13:23:54Z | 2026-05-25T13:08:59Z | 2026-06-01T13:20:32Z | 2026-06-08T13:20:12Z"
"MO","Missouri","0193c74f-d5d4-4a4d-93ac-90f4497c1814","Dr. Jeremy Bowen","-94.35250455","39.03774421","dentist","general_dentistry | health_and_medical","19201 E Valley View Pkwy","Independence","64055-6913","MO","US","+18164783600","dentalarts@smilesinkc.com","http://www.dentalartskc.com","https://www.facebook.com/116258198435431","Dental Arts","0.9199122190475464","open","7","meta | Overture | Overture-signals","CDLA-Permissive-2.0","2026-04-27T00:00:00.000Z | 2026-06-11T11:57:15Z | 2026-05-12T00:29:08Z | 2026-05-18T13:23:54Z | 2026-05-25T13:08:59Z | 2026-06-01T13:20:32Z | 2026-06-08T13:20:12Z"
"MO","Missouri","0199ae88-0a92-4ecc-afee-77136ffb5744","Sloop Dental","-94.58592912","39.0134154","dentist","general_dentistry | cosmetic_dentist","6309 Morningside Dr","Kansas City","64113-2308","MO","US","+18165236615","info@sloopdentalco.com","http://sloopdentalco.com/","https://www.facebook.com/1015552855130633","","0.9199122190475464","open","9","meta | Overture | Overture-signals","CDLA-Permissive-2.0","2026-04-27T00:00:00.000Z | 2026-06-11T11:57:15Z | 2026-05-12T00:29:08Z | 2026-05-18T13:23:54Z | 2026-05-25T13:08:59Z | 2026-06-01T13:20:32Z | 2026-06-08T13:20:12Z"
"MO","Missouri","01f7cd6d-19a3-47c7-b5bc-3f362623666c","Motto Clear Aligners","-90.3346696","38.62220949","dentist","health_and_medical","1819 S Hanley Rd","Brentwood","63144","MO","US","3148183201","","https://www.aspendental.com/dentist/mo/brentwood/1819-s-hanley-rd/motto-clear-aligners/","","","0.9199122190475464","open","7","Microsoft | Overture | Overture-signals","CDLA-Permissive-2.0","2025-10-03T21:16:07.897Z | 2026-06-11T11:57:15Z | 2026-05-12T00:29:08Z | 2026-05-18T13:23:54Z | 2026-05-25T13:08:59Z | 2026-06-01T13:20:32Z | 2026-06-08T13:20:12Z"
"MO","Missouri","023c5a20-478d-4ffd-8cfb-ec5e64441f3d","Aspen Dental","-90.877437","38.820882","dentist","","1600 Wentzville Pkwy Ste 101","Wentzville","63385","MO","US","","","https://www.aspendental.com/dentist/mo/wentzville/1600-wentzville-pkwy-ste-101/","","Aspen Dental","0.954","","5","AllThePlaces | Overture","CC0-1.0 | CDLA-Permissive-2.0","2026-06-02T15:18:54.000Z | 2026-06-11T11:57:15Z"
"MO","Missouri","024507e5-63f8-4367-8438-1ccd7c50f18a","ActOn Dentistry","-90.89181869","38.80593321","dentist","general_dentistry | medical_service_organizations","1871 W Pearce Blvd","Wentzville","63385-3302","MO","US","+16363275600","kathy@actondentistry.com","http://actondentistry.com/contact-dentist/","https://www.facebook.com/257091044414370","ActOn Dentistry","0.9199122190475464","open","9","meta | Overture | Overture-signals","CDLA-Permissive-2.0","2026-04-27T00:00:00.000Z | 2026-06-11T11:57:15Z | 2026-05-12T00:29:08Z | 2026-05-18T13:23:54Z | 2026-05-25T13:08:59Z | 2026-06-01T13:20:32Z | 2026-06-08T13:20:12Z"
"MO","Missouri","025594d4-c6a7-4026-a5a9-ff5de51340e8","Kevin Morgester DMD","-90.5385618911217","38.6144369575991","dentist","","510 Baxter Rd Ste 1","Chesterfield","63017","MO","US","(636) 227-6500","information@morgesterdental.com","http://www.morgesterdental.com","https://www.facebook.com/488495811316606","","0.9199122190475464","open","4","Foursquare | Overture | Overture-signals","Apache-2.0 | CDLA-Permissive-2.0","2026-02-23T00:00:00.000 | 2026-06-11T11:57:15Z | 2026-05-12T00:29:08Z | 2026-05-18T13:23:54Z | 2026-05-25T13:08:59Z | 2026-06-01T13:20:32Z | 2026-06-08T13:20:12Z"
"MO","Missouri","02606c82-b21a-491f-9cc1-e129aa4f2ead","Matthew Turner DDS","-94.27344474","39.01843545","dentist","cosmetic_dentist | general_dentistry","709 W Main St","Blue Springs","64015-3705","MO","US","+18162291433","frontdesk@blueriversmileinnovations.com","http://blueriversmileinnovations.com/","https://www.facebook.com/284993491614482","","0.9199122190475464","open","9","meta | Overture | Overture-signals","CDLA-Permissive-2.0","2026-04-27T00:00:00.000Z | 2026-06-11T11:57:15Z | 2026-05-12T00:29:08Z | 2026-05-18T13:23:54Z | 2026-05-25T13:08:59Z | 2026-06-01T13:20:32Z | 2026-06-08T13:20:12Z"
"MO","Missouri","026d8396-a9ed-4512-8905-e7a7b77cabfd","Curtis Lee Row","-90.53893485","38.61437212","dentist","health_and_medical | chinese_restaurant","510 Baxter Rd","Chesterfield","63017-7006","MO","US","+16363911911","rowpucel@yahoo.com","http://www.rowpuceldental.com/","https://www.facebook.com/198271336872610","Row.Pucel.DDS","0.9207389950752258","","8","meta | Overture","CDLA-Permissive-2.0","2026-04-27T00:00:00.000Z | 2026-06-11T11:57:15Z"
"MO","Missouri","028c5d2d-696f-4361-9018-8418cf85f006","QVC Shopping US","-94.4357778257274","39.1023691284407","dentist","doctor | health_and_medical","1638 W US Highway 24","Independence","64050-2346","MO","US","+18164616911","support@diepecom.com","https://milyshoestyle.com/slip-on-fashionsss","https://www.facebook.com/1710548165922192","Shopping US","0.8261309266090393","","8","meta | Overture","CDLA-Permissive-2.0","2026-04-27T00:00:00.000Z | 2026-06-11T11:57:15Z"
"MO","Missouri","028d329d-d9ca-4b68-ae3b-f0802a36b06f","Sinha Family Dentistry","-90.37600969","38.50861001","dentist","general_dentistry | cosmetic_dentist","12486 Tesson Ferry Rd","St Louis","63128-2702","MO","US","+13148435533","smile@sinhafamilydentistry.com","https://www.sinhafamilydentistry.com/","https://www.facebook.com/465470410274599","","0.9199122190475464","open","7","meta | Overture | Overture-signals","CDLA-Permissive-2.0","2026-04-27T00:00:00.000Z | 2026-06-11T11:57:15Z | 2026-05-12T00:29:08Z | 2026-05-18T13:23:54Z | 2026-05-25T13:08:59Z | 2026-06-01T13:20:32Z | 2026-06-08T13:20:12Z"
"MO","Missouri","02a1d3ee-ec51-4426-a5d2-79e1097e087e","Dr. John Gardner DDS","-92.310934582299","38.932018076245","dentist","hospital | health_and_medical","1316 Old 63 S","Columbia","65201-6092","MO","US","+15734432544","drjagardner@gmail.com","http://www.johngardnerdds.com","https://www.facebook.com/189953944389902","Sharecare","0.8229886293411255","","6","meta | Overture","CDLA-Permissive-2.0","2026-04-27T00:00:00.000Z | 2026-06-11T11:57:15Z"
"MO","Missouri","02e33bfb-bb2e-414f-a77a-6485fe34afa5","Douglas Dental","-94.0490433144156","38.9172236210008","dentist","","3430 HH Highway","Bates City","64011","MO","US","(816) 847-5330","","http://www.douglasdentalinc.com","","","0.77","","5","Foursquare | Overture","Apache-2.0 | CDLA-Permissive-2.0","2025-08-05T00:00:00.000 | 2026-06-11T11:57:15Z"
"MO","Missouri","02f58283-c729-43a6-898b-d491ef092d9d","Cape Girardeau Dentistry","-89.57324245","37.32633449","dentist","endodontist","2906 Breckenridge Dr","Cape Girardeau","63701-1728","MO","US","+15733348798","info@capegirardeaudentistry.com","http://www.capegirardeaudentistry.com/","https://www.facebook.com/109650267575335","","0.9199122190475464","open","7","meta | Overture | Overture-signals","CDLA-Permissive-2.0","2026-04-27T00:00:00.000Z | 2026-06-11T11:57:15Z | 2026-05-12T00:29:08Z | 2026-05-18T13:23:54Z | 2026-05-25T13:08:59Z | 2026-06-01T13:20:32Z | 2026-06-08T13:20:12Z"
"MO","Missouri","02fe917b-e2ad-4edd-a054-eb747b26b1d0","Aspen Dental","-90.4283552","38.7516907","dentist","","12221 St Charles Rock Rd","Bridgeton","63044","MO","US","","","https://www.aspendental.com/dentist/mo/bridgeton/12221-st-charles-rock-rd/","","Aspen Dental","0.954","","7","AllThePlaces | Overture","CC0-1.0 | CDLA-Permissive-2.0","2026-06-02T15:18:54.000Z | 2026-06-11T11:57:15Z"
"MO","Missouri","031c4fb8-679d-434a-a486-fc91693c5429","Gental Dental Of The Ozarks","-93.2291031264442","36.64482050952","dentist","","827 W Main St","Branson","65616","MO","US","(417) 334-7400","thegentledentalcenter@gmail.com","http://www.thegentledentalcenter.com","https://www.facebook.com/205645416157756","","0.77","","5","Foursquare | Overture","Apache-2.0 | CDLA-Permissive-2.0","2023-10-03T00:00:00.000 | 2026-06-11T11:57:15Z"
"MO","Missouri","03ab97e5-0ed1-4c8c-8823-07f5c16680f0","Dr. Mike A. Lutz","-92.57945303","38.62901436","dentist","health_and_medical | medical_service_organizations","1021 W Buchanan St","California","65018-1235","MO","US","+15737968686","drmikelutz@gmail.com","http://www.healthgrades.com/dentist/dr-mike-lutz-39m7h","https://www.facebook.com/105266209541335","","0.988699734210968","open","6","meta | Overture | Overture-signals","CDLA-Permissive-2.0","2026-04-27T00:00:00.000Z | 2026-06-11T11:57:15Z | 2026-05-12T00:29:08Z"
"MO","Missouri","0474a4bf-b8b9-4c80-bd59-105f602325f8","Aspen Dental","-90.334707","38.622157","dentist","","1819 S. Hanley Rd.","Brentwood","63144","MO","US","","","https://www.aspendental.com/dentist/mo/brentwood/1819-s-hanley-rd/","","Aspen Dental","0.954","","5","AllThePlaces | Overture","CC0-1.0 | CDLA-Permissive-2.0","2026-06-02T15:18:54.000Z | 2026-06-11T11:57:15Z"
"MO","Missouri","0477cc51-def7-4c82-8d0b-aee46d493b6e","Horizon Digital Dental Laboratory","-90.58108","38.74026","dentist","","1333 Caulks Hill Rd","St Charles","63304-6863","MO","US","+16366850150","team@horizondigitaldental.com","","https://www.facebook.com/100259577991682","","0.6499013304710388","","7","meta | Overture","CDLA-Permissive-2.0","2026-04-27T00:00:00.000Z | 2026-06-11T11:57:15Z"
"MO","Missouri","048fec23-421c-41dc-929e-ce14a99858da","Christina Simon, Student Dentist","-94.57705","39.08203","dentist","college_university | health_and_medical","650 E 25th St","Kansas City","64108-2716","MO","US","+19132295652","cltf7f@umkc.edu","http://www.umkc.edu/","https://www.facebook.com/879940528533634","","0.9317514896392822","","5","meta | Overture","CDLA-Permissive-2.0","2026-04-27T00:00:00.000Z | 2026-06-11T11:57:15Z"
"MO","Missouri","051e2600-6f3d-4e37-8f5c-187dbd57e3ae","Biebel Jr Curt F DDS","-90.51636568","38.64179955","dentist","general_dentistry | health_and_medical","14378 Woodlake Dr","Town and Country","63017-5714","MO","US","+13145767750","biebeldental@gmail.com","http://www.woodsmilldentalcare.com/","https://www.facebook.com/125909577421846","","0.9199122190475464","open","8","meta | Overture | Overture-signals","CDLA-Permissive-2.0","2026-04-27T00:00:00.000Z | 2026-06-11T11:57:15Z | 2026-05-12T00:29:08Z | 2026-05-18T13:23:54Z | 2026-05-25T13:08:59Z | 2026-06-01T13:20:32Z | 2026-06-08T13:20:12Z"
"MO","Missouri","05384d77-d925-4076-888a-6d01493b9559","Stonner Ralph M DDS","-92.769987","38.647707","dentist","","849 Countryside Ln","Tipton","65081","MO","US","(660) 433-2412","","https://www.stonerperiospecialists.com","","","0.9199122190475464","open","4","Foursquare | Overture | Overture-signals","Apache-2.0 | CDLA-Permissive-2.0","2025-08-19T00:00:00.000 | 2026-06-11T11:57:15Z | 2026-05-12T00:29:08Z | 2026-05-18T13:23:54Z | 2026-05-25T13:08:59Z | 2026-06-01T13:20:32Z | 2026-06-08T13:20:12Z"
"MO","Missouri","0598c411-b977-476a-b830-076610879b2b","Periodontal Disease Treatment","-90.28539179","38.54445952","dentist","health_and_medical | naturopathic_holistic","3955 Bayless Ave","Bella Villa","63125-1423","MO","US","+18774344867","support@perioprotect.com","https://www.perioprotect.com/","https://www.facebook.com/314172625875","PerioProtect","0.6369674205780029","","2","meta | Overture","CDLA-Permissive-2.0","2026-04-27T00:00:00.000Z | 2026-06-11T11:57:15Z"
"MO","Missouri","05c7c41e-36f3-4658-8306-e2c975f4f005","Excellence in Dentistry","-90.58820643","38.75122782","dentist","general_dentistry | medical_service_organizations","1455 Triad Center Dr","St Peters","63376-7359","MO","US","+16369285550","","https://www.eidstpeters.com/","https://www.facebook.com/1426246514106701","","0.9199122190475464","open","9","meta | Overture | Overture-signals","CDLA-Permissive-2.0","2026-04-27T00:00:00.000Z | 2026-06-11T11:57:15Z | 2026-05-12T00:29:08Z | 2026-05-18T13:23:54Z | 2026-05-25T13:08:59Z | 2026-06-01T13:20:32Z | 2026-06-08T13:20:12Z"
"MO","Missouri","05d325a9-8839-44be-b22f-c3bb0be61611","Walkenhorst Roger W DDS","-90.9841804","38.54587672","dentist","general_dentistry","2008 E 5th St","Washington","63090-3613","MO","US","+16362392510","","","https://www.facebook.com/201082626576361","","0.9199122190475464","open","7","meta | Overture | Overture-signals","CDLA-Permissive-2.0","2026-04-27T00:00:00.000Z | 2026-06-11T11:57:15Z | 2026-05-12T00:29:08Z | 2026-05-18T13:23:54Z | 2026-05-25T13:08:59Z | 2026-06-01T13:20:32Z | 2026-06-08T13:20:12Z"
"MO","Missouri","0641ae15-6550-4550-9e23-295b6b149d80","Polished Dentistry","-90.47474624","38.56804886","dentist","cosmetic_dentist | general_dentistry","2958 Dougherty Ferry Rd","St Louis","63122-3366","MO","US","+16363944275","contactus@polishedsmiles.com","https://www.polishedsmiles.com/","https://www.facebook.com/1799139816977412","","0.9199122190475464","open","9","meta | Overture | Overture-signals","CDLA-Permissive-2.0","2026-04-27T00:00:00.000Z | 2026-06-11T11:57:15Z | 2026-05-12T00:29:08Z | 2026-05-18T13:23:54Z | 2026-05-25T13:08:59Z | 2026-06-01T13:20:32Z | 2026-06-08T13:20:12Z"
"MO","Missouri","0690ac0e-3926-4314-bf65-e4f6f86c5d0b","Michael Fox, D.D.S., P.C.","-92.76980658","37.14993678","dentist","general_dentistry | doctor","205 N Commercial St","Seymour","65746-8859","MO","US","+14179352141","","","https://www.facebook.com/161086127248136","","0.9199122190475464","open","7","meta | Overture | Overture-signals","CDLA-Permissive-2.0","2026-04-27T00:00:00.000Z | 2026-06-11T11:57:15Z | 2026-05-12T00:29:08Z | 2026-05-18T13:23:54Z | 2026-05-25T13:08:59Z | 2026-06-01T13:20:32Z | 2026-06-08T13:20:12Z"
"MO","Missouri","06aeb455-ba94-4e83-8ed9-f2342b3f933c","Shannon Ankenbrandt, DDS","-90.64543862","38.72932816","dentist","general_dentistry | medical_service_organizations","1041 Wolfrum Rd","St Charles","63304-7625","MO","US","+16363004545","","http://Weldonspringmodentist.com/","https://www.facebook.com/143145175731658","","0.9199122190475464","open","9","meta | Overture | Overture-signals","CDLA-Permissive-2.0","2026-04-27T00:00:00.000Z | 2026-06-11T11:57:15Z | 2026-05-12T00:29:08Z | 2026-05-18T13:23:54Z | 2026-05-25T13:08:59Z | 2026-06-01T13:20:32Z | 2026-06-08T13:20:12Z"
"MO","Missouri","06ba45e2-50c6-4b4e-ad27-185d1bdf62a8","Dr. Darrell Hedrick DDS","-94.3863341","36.84753419","dentist","health_and_medical | family_practice","2001 La Questa Dr","Neosho","64850-2846","MO","US","+14174513545","","http://apartmentsjackson.net","https://www.facebook.com/165953817245895","","0.9199122190475464","open","6","meta | Overture | Overture-signals","CDLA-Permissive-2.0","2026-04-27T00:00:00.000Z | 2026-06-11T11:57:15Z | 2026-05-12T00:29:08Z | 2026-05-18T13:23:54Z | 2026-05-25T13:08:59Z | 2026-06-01T13:20:32Z | 2026-06-08T13:20:12Z"
"MO","Missouri","06bf6d23-7765-49b0-9737-626de4f69a7e","Schultz Family Dentistry","-90.28512404","38.58227454","dentist","general_dentistry | medical_service_organizations","5400 Walsh St","St Louis","63109-2859","MO","US","+13143530900","office@scottschultzdmd.com","http://www.scottschultzdmd.com/","https://www.facebook.com/297215537065300","","0.9199122190475464","open","8","meta | Overture | Overture-signals","CDLA-Permissive-2.0","2026-04-27T00:00:00.000Z | 2026-06-11T11:57:15Z | 2026-05-12T00:29:08Z | 2026-05-18T13:23:54Z | 2026-05-25T13:08:59Z | 2026-06-01T13:20:32Z | 2026-06-08T13:20:12Z"
"MO","Missouri","07190809-c109-4e22-85ee-59e97b8e28dc","Rieser Family Dental","-91.01744992","38.54535227","dentist","general_dentistry | medical_service_organizations","1351 Jefferson St","Washington","63090-6441","MO","US","+16362397654","","http://www.rieserfamilydental.com","https://www.facebook.com/388450701900312","Rieser Family Dental","0.9199122190475464","open","8","meta | Overture | Overture-signals","CDLA-Permissive-2.0","2026-04-27T00:00:00.000Z | 2026-06-11T11:57:15Z | 2026-05-12T00:29:08Z | 2026-05-18T13:23:54Z | 2026-05-25T13:08:59Z | 2026-06-01T13:20:32Z | 2026-06-08T13:20:12Z"
"MO","Missouri","0727d0a9-becd-412f-a1fc-bc0329d4dfed","Kanning Dental","-94.20272221","39.4405491","dentist","general_dentistry | medical_service_organizations","201 E 6th St","Lawson","64062-7814","MO","US","+18165804191","info@kanningdental.com","http://www.kanningdental.com/","https://www.facebook.com/503602373019567","Kanning Dental","0.9988344687223435","","8","meta | Overture","CDLA-Permissive-2.0","2026-04-27T00:00:00.000Z | 2026-06-11T11:57:15Z"
"MO","Missouri","073f9481-146d-476a-952f-4fd5c659be95","Hanson Dentistry","-94.37106198","39.06136117","dentist","general_dentistry","3151 S State Route 291","Independence","64057-2109","MO","US","+18163735606","team@roberthansondds.com","https://www.robertnhansondds.com/","https://www.facebook.com/997941070225027","Hanson Dentistry","0.9199122190475464","open","8","meta | Overture | Overture-signals","CDLA-Permissive-2.0","2026-04-27T00:00:00.000Z | 2026-06-11T11:57:15Z | 2026-05-12T00:29:08Z | 2026-05-18T13:23:54Z | 2026-05-25T13:08:59Z | 2026-06-01T13:20:32Z | 2026-06-08T13:20:12Z"
"MO","Missouri","07be1904-6baf-42c0-8a99-3e40ecadc6a5","Tim O'Bryan DDS","-94.38287551","38.92554519","dentist","general_dentistry | cosmetic_dentist","20 NW Chipman Rd","Lee's Summit","64063-1986","MO","US","+18165255656","timobryan@hotmail.com","https://www.timobryandds.com/","https://www.facebook.com/124603530928007","","0.9199122190475464","open","8","meta | Overture | Overture-signals","CDLA-Permissive-2.0","2026-04-27T00:00:00.000Z | 2026-06-11T11:57:15Z | 2026-05-12T00:29:08Z | 2026-05-18T13:23:54Z | 2026-05-25T13:08:59Z | 2026-06-01T13:20:32Z | 2026-06-08T13:20:12Z"
"MO","Missouri","07d2050c-bb21-402a-a680-d788206a85a8","Rechtin Family & Cosmetic Dental Care","-90.42914116","38.74797685","dentist","general_dentistry | cosmetic_dentist","3450 Bridgeland Dr","Bridgeton","63044-2605","MO","US","+13147700400","info@rechtindental.com","http://www.rechtindental.com","https://www.facebook.com/128105127973","","0.9991763919591904","","8","meta | Overture","CDLA-Permissive-2.0","2026-04-27T00:00:00.000Z | 2026-06-11T11:57:15Z"
"MO","Missouri","0843977f-bcdb-4cda-a5e5-5e49cad04310","417 Smiles","-93.24663864","37.18032001","dentist","general_dentistry | cosmetic_dentist","1824 S Lone Pine Ave","Springfield","65804-2677","MO","US","+14178832223","office@417smiles.com","https://417smiles.com/","https://www.facebook.com/130185263667512","417 Smiles","0.9722161889076233","","10","meta | Overture","CDLA-Permissive-2.0","2026-04-27T00:00:00.000Z | 2026-06-11T11:57:15Z"
"MO","Missouri","08a3409a-a242-4c7a-935a-2b8c7f2a2a20","Dr. Keith Nikodem","-90.33117226","38.49986799","dentist","general_dentistry | cosmetic_dentist","4420 Lemay Ferry Rd","St Louis","63129-1758","MO","US","+13144871515","","http://www.stlsmilesalon.com/","https://www.facebook.com/172156556138140","Dr. Keith A. Nikodem, DDS","0.9199122190475464","open","9","meta | Overture | Overture-signals","CDLA-Permissive-2.0","2026-04-27T00:00:00.000Z | 2026-06-11T11:57:15Z | 2026-05-12T00:29:08Z | 2026-05-18T13:23:54Z | 2026-05-25T13:08:59Z | 2026-06-01T13:20:32Z | 2026-06-08T13:20:12Z"
"MO","Missouri","08ad0bb9-1255-4cd2-b8c7-59f8930ce34d","Mooney Family Dentistry","-92.36006","38.930035","dentist","","1506 Chapel Hill Rd","Columbia","65203-5504","MO","US","+15734466868","mjmooneydds@gmail.com","","https://www.facebook.com/103972052137504","","0.9781457185745239","","8","meta | Overture","CDLA-Permissive-2.0","2026-04-27T00:00:00.000Z | 2026-06-11T11:57:15Z"
"MO","Missouri","08cc6d7f-1091-4fec-b6f5-ddfdf4573fb2","William J Kowalski LLC DMD","-90.482046","38.524999","dentist","diagnostic_services | health_and_medical","1568 Smizer Station Rd","Fenton","63026-3290","MO","US","+16362252330","drwilliamkowalski@gmail.com","https://www.endostl.com/","https://www.facebook.com/159556090733633","","0.9979372054040432","","8","meta | Overture","CDLA-Permissive-2.0","2026-04-27T00:00:00.000Z | 2026-06-11T11:57:15Z"
"MO","Missouri","09134ba4-9dd8-475f-8b9d-67db2c50c6b6","Tipton Dental Associates","-92.7800724","38.65534896","dentist","general_dentistry","303 S Osage Ave","Tipton","65081-8470","MO","US","+16604335741","","","https://www.facebook.com/108967380638409","","0.9199122190475464","open","8","meta | Overture | Overture-signals","CDLA-Permissive-2.0","2026-04-27T00:00:00.000Z | 2026-06-11T11:57:15Z | 2026-05-12T00:29:08Z | 2026-05-18T13:23:54Z | 2026-05-25T13:08:59Z | 2026-06-01T13:20:32Z | 2026-06-08T13:20:12Z"
"MO","Missouri","091d69bc-1eb7-448b-950d-74feb1a5f9e8","Coleman Dental","-90.19480798","38.62992667","dentist","health_and_medical | cosmetic_dentist","1010 Locust St","St Louis","63101-1306","MO","US","+13142410885","lyrissa.snitzer@snitzerdentist.com","http://www.colemangold.com/","https://www.facebook.com/240329566090264","Coleman Dental","0.9199122190475464","open","7","meta | Overture | Overture-signals","CDLA-Permissive-2.0","2026-04-27T00:00:00.000Z | 2026-06-11T11:57:15Z | 2026-05-12T00:29:08Z | 2026-05-18T13:23:54Z | 2026-05-25T13:08:59Z | 2026-06-01T13:20:32Z | 2026-06-08T13:20:12Z"
"MO","Missouri","09527cea-0500-4b59-96e6-35c1db9c2920","Family Smile Centers","-90.56904899","38.78948542","dentist","pediatric_dentist | general_dentistry","1185 Cave Springs Estate Dr","St Peters","63376-6529","MO","US","+13145648759","","http://www.familydentalservices.net/","https://www.facebook.com/296204163763433","Family Smile Centers","0.9722102284431458","open","3","meta | Overture | Overture-signals","CDLA-Permissive-2.0","2026-04-27T00:00:00.000Z | 2026-06-11T11:57:15Z | 2026-05-12T00:29:08Z"
"MO","Missouri","09cf906a-7e52-4c85-ae0f-64017007c7e7","Family Dentistry of St. Peters","-90.57611971","38.78571059","dentist","general_dentistry | medical_service_organizations","80 Gailwood Dr","St Peters","63376-6581","MO","US","+16369281100","frontdesk@familydentistrysp.com","http://www.FamilyDentistryOfStPeters.com/","https://www.facebook.com/102677839777117","","0.9199122190475464","open","7","meta | Overture | Overture-signals","CDLA-Permissive-2.0","2026-04-27T00:00:00.000Z | 2026-06-11T11:57:15Z | 2026-05-12T00:29:08Z | 2026-05-18T13:23:54Z | 2026-05-25T13:08:59Z | 2026-06-01T13:20:32Z | 2026-06-08T13:20:12Z"
"MO","Missouri","09e150f1-5687-432e-953a-42b51f39a2ab","James Joseph Dixson","-94.4543026833831","39.267429590645","dentist","","1508 NE 96th St Ste A","Liberty","64068","MO","US","(816) 415-8080","","http://libertyparkdental.com","","","0.9199122190475464","open","4","Foursquare | Overture | Overture-signals","Apache-2.0 | CDLA-Permissive-2.0","2025-08-22T00:00:00.000 | 2026-06-11T11:57:15Z | 2026-05-12T00:29:08Z | 2026-05-18T13:23:54Z | 2026-05-25T13:08:59Z | 2026-06-01T13:20:32Z | 2026-06-08T13:20:12Z"
"MO","Missouri","09f915ff-8d47-4b32-bc20-cfe144f7d414","Dr. Francis J. Kubik","-90.2606351","38.64319567","dentist","general_dentistry","4625 Lindell Blvd","St Louis","63108-3716","MO","US","+13143617700","","","https://www.facebook.com/121856321206164","","0.9199122190475464","open","7","meta | Overture | Overture-signals","CDLA-Permissive-2.0","2026-04-27T00:00:00.000Z | 2026-06-11T11:57:15Z | 2026-05-12T00:29:08Z | 2026-05-18T13:23:54Z | 2026-05-25T13:08:59Z | 2026-06-01T13:20:32Z | 2026-06-08T13:20:12Z"
"MO","Missouri","0a0838ec-7655-49ba-a000-887d64dcaa52","Steven Schoolman DDS","-89.572901","37.325315","dentist","school | oral_surgeon","1325 N Mt Auburn Rd","Cape Girardeau","63701-1722","MO","US","+15733345566","","","https://www.facebook.com/247433125314032","","0.8919394016265869","","9","meta | Overture","CDLA-Permissive-2.0","2026-04-27T00:00:00.000Z | 2026-06-11T11:57:15Z"
"MO","Missouri","0a119067-7866-4d2f-897c-08e3df41fe4e","Ridgeview Family Dental","-93.7354760170228","38.7626938404263","dentist","","615 Burkarth Rd Ste A","Warrensburg","64093","MO","US","(660) 747-9117","","http://dryoungdental.com","","","0.77","","5","Foursquare | Overture","Apache-2.0 | CDLA-Permissive-2.0","2025-08-19T00:00:00.000 | 2026-06-11T11:57:15Z"
"MO","Missouri","0a19afbf-a0a9-423b-ae2f-411c97852bdc","Jackson Family Dental","-94.4827524710764","39.2496764219609","dentist","health_and_medical","8650 NE Shoal Creek Valley Dr","Kansas City","64157","MO","US","8164295799","","https://jacksonfamilydentalonline.com/","","","0.85","","7","Microsoft | Overture","CDLA-Permissive-2.0","2025-04-07T13:19:20.567Z | 2026-06-11T11:57:15Z"
"MO","Missouri","0a46c3d0-fcbd-4ff3-9cf6-34540d3ad9d4","Sunset Hills Dental Group","-90.38686622","38.53121327","dentist","general_dentistry | medical_service_organizations","11810 Gravois Rd","Sunset Hills","63127-1829","MO","US","+13148425000","receptionist@mysunsethillsdental.com","http://www.mysunsethillsdental.com","https://www.facebook.com/136361293134519","Sunset Hills Dental Group","0.9939989149570465","open","9","meta | Overture | Overture-signals","CDLA-Permissive-2.0","2026-04-27T00:00:00.000Z | 2026-06-11T11:57:15Z | 2026-05-12T00:29:08Z"
"MO","Missouri","0a653be6-4481-49e6-ae70-a8409f48fb06","Hummelgard Dentistry","-94.80592159","39.766455","dentist","general_dentistry | health_and_medical","103 S 36th St","St Joseph","64506-2920","MO","US","+18163641186","hummelgarddentistry@aspidamail.net","https://www.hummelgarddentistry.com/","https://www.facebook.com/107751055545312","","0.9199122190475464","open","9","meta | Overture | Overture-signals","CDLA-Permissive-2.0","2026-04-27T00:00:00.000Z | 2026-06-11T11:57:15Z | 2026-05-12T00:29:08Z | 2026-05-18T13:23:54Z | 2026-05-25T13:08:59Z | 2026-06-01T13:20:32Z | 2026-06-08T13:20:12Z"
"MO","Missouri","0a709ec8-8924-4545-b44f-83028ab13169","Taylor Mccall Warden","-90.41548217","38.58954449","dentist","","610 N Geyer Rd","Kirkwood","63122-2756","MO","US","+13149654064","","http://taylordental.com/","https://www.facebook.com/1944625335555298","Taylor Dental","0.5464380979537964","","8","meta | Overture","CDLA-Permissive-2.0","2026-04-27T00:00:00.000Z | 2026-06-11T11:57:15Z"
"MO","Missouri","0a948ad9-6e83-4ef8-9e4a-3214a6ec3d9b","Barry Wilson","-94.393684","38.974707","dentist","health_and_medical","7900 Lees Summit Rd","Kansas City","64139","MO","US","8164046885","","","","","0.9199122190475464","open","6","Microsoft | Overture | Overture-signals","CDLA-Permissive-2.0","2024-02-14T20:17:05.867Z | 2026-06-11T11:57:15Z | 2026-05-12T00:29:08Z | 2026-05-18T13:23:54Z | 2026-05-25T13:08:59Z | 2026-06-01T13:20:32Z | 2026-06-08T13:20:12Z"
"MO","Missouri","0aed4539-739b-4d58-a667-a0a8eb027f72","SmileShack Dental and Braces","-94.47534955","38.99527852","dentist","orthodontist | general_dentistry","9105 E MO-350","Raytown","64133-5718","MO","US","+18165336819","info@smileshackdental.com","https://smileshackdental.com/","https://www.facebook.com/103785995632516","","0.9902192950248718","open","8","meta | Overture | Overture-signals","CDLA-Permissive-2.0","2026-04-27T00:00:00.000Z | 2026-06-11T11:57:15Z | 2026-05-12T00:29:08Z | 2026-05-18T13:23:54Z | 2026-05-25T13:08:59Z | 2026-06-01T13:20:32Z | 2026-06-08T13:20:12Z"
"MO","Missouri","0b7f0a4b-5488-4eba-b24e-3061decc1e79","Rockwell Dental","-90.4291560785079","36.7677904381131","dentist","","1125 Herschel Bess Blvd Ste 2","Poplar Bluff","63901","MO","US","(573) 785-7071","","http://www.rockwelldental.net","","","0.9199122190475464","open","4","Foursquare | Overture | Overture-signals","Apache-2.0 | CDLA-Permissive-2.0","2025-10-19T00:00:00.000 | 2026-06-11T11:57:15Z | 2026-05-12T00:29:08Z | 2026-05-18T13:23:54Z | 2026-05-25T13:08:59Z | 2026-06-01T13:20:32Z | 2026-06-08T13:20:12Z"
"MO","Missouri","0b9b5bf7-27b2-4ec1-910b-d987e88dc399","Dr. Anne Lambert Johnson","-94.5431603287816","38.9980122429477","dentist","","3715 E Gregory Blvd","Kansas City","64132","MO","US","(816) 523-4334","","http://www.drannelamberjohnson.com","https://www.facebook.com/152977768077497","","0.9199122190475464","open","9","Foursquare | Overture | Overture-signals","Apache-2.0 | CDLA-Permissive-2.0","2025-08-22T00:00:00.000 | 2026-06-11T11:57:15Z | 2026-05-12T00:29:08Z | 2026-05-18T13:23:54Z | 2026-05-25T13:08:59Z | 2026-06-01T13:20:32Z | 2026-06-08T13:20:12Z"
"MO","Missouri","0bee3ad4-5ce4-481d-a077-ac02eb1a0836","Garrison Family Dentistry","-94.58573","39.40515","dentist","health_and_medical | cosmetic_dentist","14790 N US Highway 169","Smithville","64089-8727","MO","US","+18168731015","garrisondental@gmail.com","http://www.garrisondentistry.com/","https://www.facebook.com/131953120232271","Garrison Family Dentistry","0.9809664487838745","","7","meta | Overture","CDLA-Permissive-2.0","2026-04-27T00:00:00.000Z | 2026-06-11T11:57:15Z"
"MO","Missouri","0c5c98c9-c3ce-4ca3-8505-1672549172da","America's Dental Lab","-94.49862266","38.81261101","dentist","laboratory_testing","8011 E 171st St","Belton","64012-2261","MO","US","+18164255695","","http://Americasdentallab.weebly.com/","https://www.facebook.com/875313015898053","","0.9199122190475464","open","7","meta | Overture | Overture-signals","CDLA-Permissive-2.0","2026-04-27T00:00:00.000Z | 2026-06-11T11:57:15Z | 2026-05-12T00:29:08Z | 2026-05-18T13:23:54Z | 2026-05-25T13:08:59Z | 2026-06-01T13:20:32Z | 2026-06-08T13:20:12Z"
"MO","Missouri","0c996b78-3e9c-4fe4-b87b-da312ded673c","Kasey Call","-94.66770042","39.24655353","dentist","general_dentistry","7577 NW Barry Rd","Kansas City","64153-1701","MO","US","+18165611115","","http://www.bestoralsurgerykc.com/","https://www.facebook.com/168699470488688","Facial Surgery Group","0.9199122190475464","open","7","meta | Overture | Overture-signals","CDLA-Permissive-2.0","2026-04-27T00:00:00.000Z | 2026-06-11T11:57:15Z | 2026-05-12T00:29:08Z | 2026-05-18T13:23:54Z | 2026-05-25T13:08:59Z | 2026-06-01T13:20:32Z | 2026-06-08T13:20:12Z"
"MO","Missouri","0cbb5f10-39d8-42a7-b685-a6c087f58f0e","Fresh Smiles LLC","-90.30504276","38.45628087","dentist","general_dentistry","6060 Telegraph Rd","St Louis","63129-4762","MO","US","+13148461480","info@myfreshsmiles.com","http://www.myfreshsmiles.com/","https://www.facebook.com/110234146326540","","0.9199122190475464","open","9","meta | Overture | Overture-signals","CDLA-Permissive-2.0","2026-04-27T00:00:00.000Z | 2026-06-11T11:57:15Z | 2026-05-12T00:29:08Z | 2026-05-18T13:23:54Z | 2026-05-25T13:08:59Z | 2026-06-01T13:20:32Z | 2026-06-08T13:20:12Z"
"MO","Missouri","0cc28a3c-75d5-4e29-807f-79668fe88212","Dr. Schmidt Family Dentistry","-90.3370141472507","38.5704578469765","dentist","","7809 Watson Rd","Marlborough","63119","MO","US","(314) 968-7979","","http://www.drjamesschmidtdds.com","","","0.9199122190475464","open","4","Foursquare | Overture | Overture-signals","Apache-2.0 | CDLA-Permissive-2.0","2026-04-09T00:00:00.000 | 2026-06-11T11:57:15Z | 2026-05-12T00:29:08Z | 2026-05-18T13:23:54Z | 2026-05-25T13:08:59Z | 2026-06-01T13:20:32Z | 2026-06-08T13:20:12Z"
"MO","Missouri","0cd1f62c-e9d7-421c-aa45-4fd80112242b","Pediatric Dentistry","-89.56583","37.30673","dentist","health_and_medical","2845 Professional Ct","Cape Girardeau","63703","MO","US","5733345545","","http://www.pediatricdentistrysemo.com/","","","0.9199122190475464","open","6","Microsoft | Overture | Overture-signals","CDLA-Permissive-2.0","2019-06-04T08:17:13.277Z | 2026-06-11T11:57:15Z | 2026-05-12T00:29:08Z | 2026-05-18T13:23:54Z | 2026-05-25T13:08:59Z | 2026-06-01T13:20:32Z | 2026-06-08T13:20:12Z"
"MO","Missouri","0cf61248-4a9a-4489-82e1-4247bb44479f","Houston Dental Center","-91.9587653858264","37.3128833123103","dentist","doctor | health_and_medical","103 Holder Dr","Houston","65483-2118","MO","US","+14179675001","houstondentalcenter@gmail.com","http://www.houstondentalcenter.net/","https://www.facebook.com/1707990689414106","","0.8849926108121872","","8","meta | Overture","CDLA-Permissive-2.0","2026-04-27T00:00:00.000Z | 2026-06-11T11:57:15Z"
"MO","Missouri","0d6a0504-76ba-42a2-8a4a-e32a9b873280","Unger Orthodontics","-90.635153","38.758049","dentist","orthodontist","4760 Mid Rivers Mall Dr","St Peters","63376-2883","MO","US","+16369393777","","https://ungerortho.com/?utm_source=facebook&utm_medium=organic&utm_campaign=listing&utm_term=brand&y_source=1_MzI0OTcyNzktNTU5LWxvY2F0aW9uLndlYnNpdGU%3D","https://www.facebook.com/109406098189094","Unger Orthodontics","0.9199122190475464","open","8","meta | Overture | Overture-signals","CDLA-Permissive-2.0","2026-04-27T00:00:00.000Z | 2026-06-11T11:57:15Z | 2026-05-12T00:29:08Z | 2026-05-18T13:23:54Z | 2026-05-25T13:08:59Z | 2026-06-01T13:20:32Z | 2026-06-08T13:20:12Z"
"MO","Missouri","0d8f77ec-366f-4f98-a983-6d24a5044415","All American Dental","-92.33819822","38.90577195","dentist","general_dentistry","4004 Peach Ct","Columbia","65203-3800","MO","US","+15736150016","allamericandentalcomo@gmail.com","http://allamericandentalmo.com/","https://www.facebook.com/850370248428223","","0.9902192950248718","open","8","meta | Overture | Overture-signals","CDLA-Permissive-2.0","2026-04-27T00:00:00.000Z | 2026-06-11T11:57:15Z | 2026-05-12T00:29:08Z | 2026-05-18T13:23:54Z | 2026-05-25T13:08:59Z | 2026-06-01T13:20:32Z | 2026-06-08T13:20:12Z"
"MO","Missouri","0d9e3dbc-06a7-44d8-b9d3-73249a059c40","Shapiro Dental","-90.37926798","38.60525448","dentist","general_dentistry","1410 Salem Hills Dr","Rock Hill","63119-1232","MO","US","+13149627266","office@shapirodentalstl.com","http://shapirodentalstl.com/","https://www.facebook.com/109874201635746","","0.9199122190475464","open","9","meta | Overture | Overture-signals","CDLA-Permissive-2.0","2026-04-27T00:00:00.000Z | 2026-06-11T11:57:15Z | 2026-05-12T00:29:08Z | 2026-05-18T13:23:54Z | 2026-05-25T13:08:59Z | 2026-06-01T13:20:32Z | 2026-06-08T13:20:12Z"
"MO","Missouri","0de06d87-cde7-46fa-87f3-9aa409f12416","ProDental","-92.29810791","38.92965826","dentist","general_dentistry | health_and_medical","1700 E Point Dr","Columbia","65201-6987","MO","US","+15736854606","prodental@mydentalmail.com","https://columbiaprodental.com/","https://www.facebook.com/205267829538196","Dental Health Society online","0.9199122190475464","open","9","meta | Overture | Overture-signals","CDLA-Permissive-2.0","2026-04-27T00:00:00.000Z | 2026-06-11T11:57:15Z | 2026-05-12T00:29:08Z | 2026-05-18T13:23:54Z | 2026-05-25T13:08:59Z | 2026-06-01T13:20:32Z | 2026-06-08T13:20:12Z"
"MO","Missouri","0de6ec7f-3b6a-41e4-8711-1bbe94a29859","Mason Scott C DDS","-92.6609672178952","36.9523554122584","dentist","","132 W Washington Ave","Ava","65608","MO","US","(417) 683-3636","","http://www.partners.mcd.com","","","0.9199122190475464","open","4","Foursquare | Overture | Overture-signals","Apache-2.0 | CDLA-Permissive-2.0","2025-08-22T00:00:00.000 | 2026-06-11T11:57:15Z | 2026-05-12T00:29:08Z | 2026-05-18T13:23:54Z | 2026-05-25T13:08:59Z | 2026-06-01T13:20:32Z | 2026-06-08T13:20:12Z"
"MO","Missouri","0dfd0d15-a6f0-4eb5-b115-00a9143c17f4","Hanna Michael A DDS","-93.5549418438382","38.7666528399566","dentist","","204 N Adams Ave Ste A","Knob Noster","65336","MO","US","(660) 563-6030","","http://www.hannafamilydentist.com","","","0.9199122190475464","open","4","Foursquare | Overture | Overture-signals","Apache-2.0 | CDLA-Permissive-2.0","2025-08-22T00:00:00.000 | 2026-06-11T11:57:15Z | 2026-05-12T00:29:08Z | 2026-05-18T13:23:54Z | 2026-05-25T13:08:59Z | 2026-06-01T13:20:32Z | 2026-06-08T13:20:12Z"
"MO","Missouri","0e2f7360-e10c-49b1-a10c-14740cc15992","Henley Gary DDS","-90.33152054","38.74962327","dentist","general_dentistry | doctor","6156 Evergreen Blvd","Berkeley","63134-2108","MO","US","+13145221032","","","https://www.facebook.com/112314838831975","","0.8977355360984802","","8","meta | Overture","CDLA-Permissive-2.0","2026-04-27T00:00:00.000Z | 2026-06-11T11:57:15Z"
"MO","Missouri","0e45b669-bb1b-44fd-97d7-7c660d7065cd","Meiners Dentistry","-94.41738346","39.04850121","dentist","general_dentistry | medical_service_organizations","4012 S Lynn Ct Dr","Independence","64055-3376","MO","US","+18162523545","drmeiners@meinersdentistry.com","http://www.meinersdentistry.com/","https://www.facebook.com/314308841551","","0.9199122190475464","open","9","meta | Overture | Overture-signals","CDLA-Permissive-2.0","2026-04-27T00:00:00.000Z | 2026-06-11T11:57:15Z | 2026-05-12T00:29:08Z | 2026-05-18T13:23:54Z | 2026-05-25T13:08:59Z | 2026-06-01T13:20:32Z | 2026-06-08T13:20:12Z"
"MO","Missouri","0e796b49-21af-41e1-80f5-9d3a25c1f862","Phillip Montoya DDS Lee's Summit Family & Cosmetic Dental Care","-94.354135639873","39.0013745231768","dentist","","4951 NE Goodview Circle","Lee's Summit","64064","MO","US","(816) 373-5574","","http://www.smileinls.com","","","0.77","","5","Foursquare | Overture","Apache-2.0 | CDLA-Permissive-2.0","2026-04-13T00:00:00.000 | 2026-06-11T11:57:15Z"
"MO","Missouri","0e829422-a536-426a-9add-ddd9d22a4562","Dennis Schulze DDS","-90.69663984","38.72677974","dentist","general_dentistry","4001 Highway K","O'Fallon","63368-8136","MO","US","+16369269221","dennislschulzedds@gmail.com","http://dennisschulzedds.com/","https://www.facebook.com/314868585294775","Dennis Schulze DDS-O'Fallon MO","0.9199122190475464","open","8","meta | Overture | Overture-signals","CDLA-Permissive-2.0","2026-04-27T00:00:00.000Z | 2026-06-11T11:57:15Z | 2026-05-12T00:29:08Z | 2026-05-18T13:23:54Z | 2026-05-25T13:08:59Z | 2026-06-01T13:20:32Z | 2026-06-08T13:20:12Z"
"MO","Missouri","0e98b41f-7120-493b-abb6-b3b566ef8937","Petal Dental","-94.57579167","39.21496901","dentist","general_dentistry","6651 N Oak Trfy","Gladstone","64118-3300","MO","US","+18164686767","manager@petaldental.com","https://petaldental.com/","https://www.facebook.com/102178851822861","","0.9940102100372314","","9","meta | Overture","CDLA-Permissive-2.0","2026-04-27T00:00:00.000Z | 2026-06-11T11:57:15Z"
"MO","Missouri","0e9922e2-bfc9-41b1-9ea6-95802f8ec5ce","Harter Family Dental","-89.56715239","37.30785104","dentist","general_dentistry | medical_service_organizations","2857 Independence St","Cape Girardeau","63703-5017","MO","US","+15733354646","jamie@harterfamilydental.com","http://www.harterfamilydental.com","https://www.facebook.com/1449927841927478","1st Family Dental","0.9199122190475464","open","9","meta | Overture | Overture-signals","CDLA-Permissive-2.0","2026-04-27T00:00:00.000Z | 2026-06-11T11:57:15Z | 2026-05-12T00:29:08Z | 2026-05-18T13:23:54Z | 2026-05-25T13:08:59Z | 2026-06-01T13:20:32Z | 2026-06-08T13:20:12Z"
"MO","Missouri","0ea9fd50-b210-4779-a741-fa4e1beef86a","Dental Arts of Kirkwood","-90.406614","38.58411","dentist","health_and_medical | hospital","325 N Kirkwood Rd","St Louis","63122-4042","MO","US","+13149654624","","http://kirkwooddentalcare.com","https://www.facebook.com/161179823901190","Chars Commercial Cleaning","0.6877772808074951","","7","meta | Overture","CDLA-Permissive-2.0","2026-04-27T00:00:00.000Z | 2026-06-11T11:57:15Z"
"MO","Missouri","0f47f006-e017-4573-9312-67c9fa12f06b","Dr. Cristopher N. Rank","-90.40576339","38.64443069","dentist","health_and_medical | family_practice","717 Lindbergh Blvd","Frontenac","63131-2709","MO","US","+13149974004","","http://cnrankdmd.com/","https://www.facebook.com/161038357346243","","0.9199122190475464","open","8","meta | Overture | Overture-signals","CDLA-Permissive-2.0","2026-04-27T00:00:00.000Z | 2026-06-11T11:57:15Z | 2026-05-12T00:29:08Z | 2026-05-18T13:23:54Z | 2026-05-25T13:08:59Z | 2026-06-01T13:20:32Z | 2026-06-08T13:20:12Z"
"MO","Missouri","0f9259c1-dcf5-40b1-bf97-37318c56c347","Southwest Oral Surgeries","-90.5388788851049","38.6140812796805","dentist","","510 Baxter Rd","Chesterfield","63017","MO","US","(636) 394-5115","","http://www.southwestoralsurgery.com","https://www.facebook.com/162111373814013","","0.9199122190475464","open","4","Foursquare | Overture | Overture-signals","Apache-2.0 | CDLA-Permissive-2.0","2026-02-09T00:00:00.000 | 2026-06-11T11:57:15Z | 2026-05-12T00:29:08Z | 2026-05-18T13:23:54Z | 2026-05-25T13:08:59Z | 2026-06-01T13:20:32Z | 2026-06-08T13:20:12Z"
"MO","Missouri","0fee3242-1c7a-4c95-a44b-7176f4c08825","Saint Louis Dental Studio","-90.3131666779518","38.5913255183721","dentist","","7004 Lansdowne Ave","Saint Louis","63109","MO","US","(314) 645-7247","","https://saintlouisdentalstudio.com","https://www.facebook.com/393916550468426 | https://www.instagram.com/stlouisdentalstudio","","0.77","","5","Foursquare | Overture","Apache-2.0 | CDLA-Permissive-2.0","2026-04-03T00:00:00.000 | 2026-06-11T11:57:15Z"
"MO","Missouri","10741d9b-3439-443d-8b12-cfa1074c2172","Darrell Davis, DDS - Davis Family Dentistry","-94.3795583449113","39.0354009595255","dentist","","17020 E US Highway 40 Suite 7","Independence","64055","MO","US","(816) 350-7710","","http://www.ddavisfamilydentistry.com","https://www.facebook.com/805197126161978","","0.77","","5","Foursquare | Overture","Apache-2.0 | CDLA-Permissive-2.0","2025-08-22T00:00:00.000 | 2026-06-11T11:57:15Z"
"MO","Missouri","107c2ea4-ca86-491b-b32a-c244ff7ade63","Zieba Family Dentistry","-90.59701534","38.57945901","dentist","general_dentistry","428 Old State Rd","Ellisville","63021-5918","MO","US","+16363916030","info@ziebafamilydentistry.com","http://www.ziebafamilydentistry.com/","https://www.facebook.com/228117999868","","0.9199122190475464","open","9","meta | Overture | Overture-signals","CDLA-Permissive-2.0","2026-04-27T00:00:00.000Z | 2026-06-11T11:57:15Z | 2026-05-12T00:29:08Z | 2026-05-18T13:23:54Z | 2026-05-25T13:08:59Z | 2026-06-01T13:20:32Z | 2026-06-08T13:20:12Z"
"MO","Missouri","10c57513-0744-4667-858f-dc538da0da0c","Simmons Oral Surgery","-90.29382101","38.79526423","dentist","oral_surgeon | health_and_medical","3220 Parker Rd","Florissant","63033-3733","MO","US","+13148373232","","https://continue-site.site/?lang=en-us","https://www.facebook.com/110268859035388","","0.9199122190475464","open","6","meta | Overture | Overture-signals","CDLA-Permissive-2.0","2026-04-27T00:00:00.000Z | 2026-06-11T11:57:15Z | 2026-05-12T00:29:08Z | 2026-05-18T13:23:54Z | 2026-05-25T13:08:59Z | 2026-06-01T13:20:32Z | 2026-06-08T13:20:12Z"
"MO","Missouri","10f9c0b2-70b8-450c-bf46-faab112f7b6f","Crystal Martin Family Dentistry","-90.58386293","38.60141784","dentist","general_dentistry","277 Clarkson Rd","Ellisville","63011-2280","MO","US","+16362514377","","http://crystalmartindds.com/","https://www.facebook.com/610128352510625","","0.9199122190475464","open","9","meta | Overture | Overture-signals","CDLA-Permissive-2.0","2026-04-27T00:00:00.000Z | 2026-06-11T11:57:15Z | 2026-05-12T00:29:08Z | 2026-05-18T13:23:54Z | 2026-05-25T13:08:59Z | 2026-06-01T13:20:32Z | 2026-06-08T13:20:12Z"
"MO","Missouri","1119eeb5-041d-46a5-af6e-4cb6b507de7e","Premier Dental Partners Central West End","-90.2608417620218","38.6462722054733","dentist","","22 N Euclid Ave Ste 220","Saint Louis","63108","MO","US","(314) 367-7702","","https://www.premierdentalpartners.com/practices/premier-dental-partners-central-west-end","https://www.facebook.com/133346817176690","","0.77","","5","Foursquare | Overture","Apache-2.0 | CDLA-Permissive-2.0","2025-10-17T00:00:00.000 | 2026-06-11T11:57:15Z"
"MO","Missouri","11704905-03a7-4a5d-99a7-9d4930992875","Ballwin Dental Care","-90.53047862","38.59331594","dentist","general_dentistry | doctor","14649 Manchester Rd","Ballwin","63011-3745","MO","US","+16364315280","ballwindentalcare@sbcglobal.net","https://www.dentistinballwinmo.com","https://www.facebook.com/343350487458","","0.9902192950248718","open","9","meta | Overture | Overture-signals","CDLA-Permissive-2.0","2026-04-27T00:00:00.000Z | 2026-06-11T11:57:15Z | 2026-05-12T00:29:08Z | 2026-05-18T13:23:54Z | 2026-05-25T13:08:59Z | 2026-06-01T13:20:32Z | 2026-06-08T13:20:12Z"
"MO","Missouri","1180c11d-ab4a-43ee-b824-bfd7a08876a7","D3 Solutions","-90.44403921","38.70334463","dentist","health_and_medical","923 Fee Fee Rd","Maryland Heights","63043-3801","MO","US","+18667608821","kwestrich@d3implantsolutions.com","http://www.d3implantsolutions.com/","https://www.facebook.com/1131141526905961","Functional Esthetics Dental Lab., Inc.","0.9199122190475464","open","8","meta | Overture | Overture-signals","CDLA-Permissive-2.0","2026-04-27T00:00:00.000Z | 2026-06-11T11:57:15Z | 2026-05-12T00:29:08Z | 2026-05-18T13:23:54Z | 2026-05-25T13:08:59Z | 2026-06-01T13:20:32Z | 2026-06-08T13:20:12Z"
"MO","Missouri","11b92673-8d68-4e59-b0f3-18fc92d1bdfe","Apple Dental Care","-91.01028131","38.55932162","dentist","general_dentistry | health_and_medical","1 E Main St","Washington","63090-2511","MO","US","+16362398468","smiles@appledentalcaremo.com","http://www.appledentalcaremo.com/","https://www.facebook.com/118155688230541","","0.9876304268836975","","3","meta | Overture","CDLA-Permissive-2.0","2026-04-27T00:00:00.000Z | 2026-06-11T11:57:15Z"
"MO","Missouri","11ce05d4-5fa1-4669-a7a8-78ce324f474b","Bolesta Dental","-90.7008587319391","38.769693853246","dentist","","2683 Highway K","O'Fallon","63368","MO","US","(636) 978-9978","bolestadental@gmail.com","http://bolestadental.com","","","0.77","","2","Foursquare | Overture","Apache-2.0 | CDLA-Permissive-2.0","2026-01-23T00:00:00.000 | 2026-06-11T11:57:15Z"
"MO","Missouri","11cf7715-53db-4832-b99f-de3c99a707e1","Flintlock Dental","-94.45384004","39.26773362","dentist","general_dentistry | health_and_medical","1512 NE 96th St","Liberty","64068-7174","MO","US","+18167814600","manager@flintlockdental.net","https://flintlockdental.com/","https://www.facebook.com/162570444313271","Flintlock Dental","0.9902192950248718","open","9","meta | Overture | Overture-signals","CDLA-Permissive-2.0","2026-04-27T00:00:00.000Z | 2026-06-11T11:57:15Z | 2026-05-12T00:29:08Z | 2026-05-18T13:23:54Z | 2026-05-25T13:08:59Z | 2026-06-01T13:20:32Z | 2026-06-08T13:20:12Z"
"MO","Missouri","11e82f91-198d-48f4-b743-d806becf58aa","Monticello Dental","-90.6982104144662","38.7262068477031","dentist","","4122 Keaton Crossing Blvd, Ste 101","O'Fallon","63368","MO","US","(636) 300-4280","info@monticellodental.com","http://www.monticellodental.com","https://www.twitter.com/dentistofallon | https://www.facebook.com/983989131621364","","0.9199122190475464","open","4","Foursquare | Overture | Overture-signals","Apache-2.0 | CDLA-Permissive-2.0","2021-03-02T00:00:00.000 | 2026-06-11T11:57:15Z | 2026-05-12T00:29:08Z | 2026-05-18T13:23:54Z | 2026-05-25T13:08:59Z | 2026-06-01T13:20:32Z | 2026-06-08T13:20:12Z"
"MO","Missouri","12071f0e-0c1f-4be4-9aab-37e1d7bbef2c","Chippewa Dental Group","-90.30690997","38.5899283","dentist","general_dentistry","6680 Chippewa St","St Louis","63109-2537","MO","US","+13143538992","","http://dentistsofmissouri.com","https://www.facebook.com/456475717721247","Chippewa Dental","0.9199122190475464","open","8","meta | Overture | Overture-signals","CDLA-Permissive-2.0","2026-04-27T00:00:00.000Z | 2026-06-11T11:57:15Z | 2026-05-12T00:29:08Z | 2026-05-18T13:23:54Z | 2026-05-25T13:08:59Z | 2026-06-01T13:20:32Z | 2026-06-08T13:20:12Z"
"MO","Missouri","121dbe61-1956-423b-8066-5c5c4fd3c191","Gentle Family Dentistry","-93.2488778","38.70389849","dentist","general_dentistry | health_and_medical","1711 W 9th St","Sedalia","65301-5208","MO","US","+16608260111","gentledentistry46@yahoo.com","http://gentlefamilyd.com/","https://www.facebook.com/121999787884077","Gentle Family Dentistry","0.9199122190475464","open","9","meta | Overture | Overture-signals","CDLA-Permissive-2.0","2026-04-27T00:00:00.000Z | 2026-06-11T11:57:15Z | 2026-05-12T00:29:08Z | 2026-05-18T13:23:54Z | 2026-05-25T13:08:59Z | 2026-06-01T13:20:32Z | 2026-06-08T13:20:12Z"
"MO","Missouri","123c435e-bd1b-4f79-a75e-c30a288ed163","Uranus Dental and Proctology Clinic","-92.10413","37.83039","dentist","medical_research_and_development | hospital","","St Robert","","MO","US","+18555962084","","https://linktr.ee/mayorofuranus?stlid=7157311&utm_source=SlickText&utm_medium=SMS","https://www.facebook.com/618353448638695","","0.7101874947547913","","3","meta | Overture","CDLA-Permissive-2.0","2026-04-27T00:00:00.000Z | 2026-06-11T11:57:15Z"
"MO","Missouri","129c88e6-068c-464a-8167-f67634e72eaf","Rome McClellan Dental Group","-94.5908937409602","39.0410050093775","dentist","","315 Nichols Rd Ste 211","Kansas City","64112","MO","US","(816) 753-8728","","http://www.rmdentalplaza.com","https://www.facebook.com/1762511093784453","","0.9199122190475464","open","4","Foursquare | Overture | Overture-signals","Apache-2.0 | CDLA-Permissive-2.0","2022-03-10T00:00:00.000 | 2026-06-11T11:57:15Z | 2026-05-12T00:29:08Z | 2026-05-18T13:23:54Z | 2026-05-25T13:08:59Z | 2026-06-01T13:20:32Z | 2026-06-08T13:20:12Z"
"MO","Missouri","12d06556-3ac7-466d-86cc-15404b63f7f3","Dr. Alvin R. Sams","-90.27957923","38.81681432","dentist","lawyer | health_and_medical","4145 N US-67","Florissant","63034-2825","MO","US","+13143559600","","","https://www.facebook.com/162066890489159","","0.9199122190475464","open","6","meta | Overture | Overture-signals","CDLA-Permissive-2.0","2026-04-27T00:00:00.000Z | 2026-06-11T11:57:15Z | 2026-05-12T00:29:08Z | 2026-05-18T13:23:54Z | 2026-05-25T13:08:59Z | 2026-06-01T13:20:32Z | 2026-06-08T13:20:12Z"
"MO","Missouri","12f5438e-227b-4571-9007-6d56460c8c02","Gladstone Dental Bldg","-94.5842453133936","39.2243679152755","dentist","","231 NW 72nd St","Kansas City","64118","MO","US","(816) 436-5900","editor@sciencedaily.com","http://www.cosmeticdentistkansascity.com","https://www.facebook.com/110383939024783","","0.9199122190475464","open","5","Foursquare | Overture | Overture-signals","Apache-2.0 | CDLA-Permissive-2.0","2021-11-02T00:00:00.000 | 2026-06-11T11:57:15Z | 2026-05-12T00:29:08Z | 2026-05-18T13:23:54Z | 2026-05-25T13:08:59Z | 2026-06-01T13:20:32Z | 2026-06-08T13:20:12Z"
"MO","Missouri","1395de5c-0f58-4c27-8a85-81f343238948","Ohlendorf Appliance Lab","-90.2216430508121","38.6294464013943","dentist","","2840 Clark Ave","St. Louis","63103","MO","US","(314) 533-3440","","http://ohlendorfappliancelab.com","","","0.9199122190475464","open","4","Foursquare | Overture | Overture-signals","Apache-2.0 | CDLA-Permissive-2.0","2025-08-05T00:00:00.000 | 2026-06-11T11:57:15Z | 2026-05-12T00:29:08Z | 2026-05-18T13:23:54Z | 2026-05-25T13:08:59Z | 2026-06-01T13:20:32Z | 2026-06-08T13:20:12Z"
"MO","Missouri","13b50a0e-221e-4cdb-aa78-91edf0ef07db","Celebrate Dental & Braces - Kansas City","-94.57734496","39.18048072","dentist","orthodontist | endodontist","319 NE Vivion Rd","Kansas City","64118-4510","MO","US","+18164590000","celebrategladstone@gmail.com","http://WWW.CELEBRATEDENTAL.COM/","https://www.facebook.com/1861687540716071","Celebrate Dental & Braces","0.9998422010838985","open","8","meta | Overture | Overture-signals","CDLA-Permissive-2.0","2026-04-27T00:00:00.000Z | 2026-06-11T11:57:15Z | 2026-05-12T00:29:08Z"
"MO","Missouri","14199ca2-df15-4dc2-bcd8-8ae77fbc19fc","Eureka Dental Arts","-90.640342","38.50641327","dentist","general_dentistry | doctor","97 Hilltop Village Center Dr","Eureka","63025-3922","MO","US","+16369389655","eda@eurekadentalarts.com","http://www.eurekadentalarts.com/","https://www.facebook.com/411732338850496","","0.9199122190475464","open","7","meta | Overture | Overture-signals","CDLA-Permissive-2.0","2026-04-27T00:00:00.000Z | 2026-06-11T11:57:15Z | 2026-05-12T00:29:08Z | 2026-05-18T13:23:54Z | 2026-05-25T13:08:59Z | 2026-06-01T13:20:32Z | 2026-06-08T13:20:12Z"
"MO","Missouri","141d7edf-1bdc-46a5-8bce-8d874537c221","Dorsett Dental Group","-90.4426171353784","38.7152487140631","dentist","","12131 Dorsett Rd","Maryland Heights","63043","MO","US","(314) 291-4424","info@dorsettdentalgroup.com","http://www.dorsettdentalgroup.com","https://www.facebook.com/161460887258769","","0.9199122190475464","open","4","Foursquare | Overture | Overture-signals","Apache-2.0 | CDLA-Permissive-2.0","2022-04-28T00:00:00.000 | 2026-06-11T11:57:15Z | 2026-05-12T00:29:08Z | 2026-05-18T13:23:54Z | 2026-05-25T13:08:59Z | 2026-06-01T13:20:32Z | 2026-06-08T13:20:12Z"
"MO","Missouri","1477fb73-d09e-42e2-af83-6e764b10e2e3","Premier Dental Partners Central West End","-90.26178628","38.64075232","dentist","pediatric_dentist | endodontist","22 N Euclid Ave","St Louis","63108-1407","MO","US","+13142283994","pdpcentralwestend@mydentalmail.com","https://pdpcentralwestend.com/","https://www.facebook.com/133346817176690","Dental Health Society online","0.9902192950248718","open","9","meta | Overture | Overture-signals","CDLA-Permissive-2.0","2026-04-27T00:00:00.000Z | 2026-06-11T11:57:15Z | 2026-05-12T00:29:08Z | 2026-05-18T13:23:54Z | 2026-05-25T13:08:59Z | 2026-06-01T13:20:32Z | 2026-06-08T13:20:12Z"
"MO","Missouri","147e4370-6001-4811-b21b-ae9ecf635908","Dr. Brusso Office of Dentistry","-94.5828247070312","39.1008415222168","dentist","","1111 Main St, Kansas City, MO 64106","Kansas City","64106","MO","US","(816) 221-8686","","https://drbruso.com/contact-us","","","0.9199122190475464","open","4","Foursquare | Overture | Overture-signals","Apache-2.0 | CDLA-Permissive-2.0","2025-05-19T00:00:00.000 | 2026-06-11T11:57:15Z | 2026-05-12T00:29:08Z | 2026-05-18T13:23:54Z | 2026-05-25T13:08:59Z | 2026-06-01T13:20:32Z | 2026-06-08T13:20:12Z"
"MO","Missouri","15228c8b-72ef-450b-9b01-dc988e2ca59b","Dr. Dean O. Cansler","-92.92201028","37.33629525","dentist","general_dentistry | health_and_medical","1031 W Washington St","Marshfield","65706-2313","MO","US","+14178597747","","","https://www.facebook.com/104214089612435","","0.9199122190475464","open","7","meta | Overture | Overture-signals","CDLA-Permissive-2.0","2026-04-27T00:00:00.000Z | 2026-06-11T11:57:15Z | 2026-05-12T00:29:08Z | 2026-05-18T13:23:54Z | 2026-05-25T13:08:59Z | 2026-06-01T13:20:32Z | 2026-06-08T13:20:12Z"
"MO","Missouri","152ee01c-1ca6-4395-b16b-3f18b614e51c","Cosmetic & Implant Dentistry Westport","-94.5949824","39.057042","dentist","health_and_medical","638 W 39th St","Kansas City","64111","MO","US","8163880985","","https://cosmeticimplantdentistrywp.com/","","","0.9199122190475464","open","6","Microsoft | Overture | Overture-signals","CDLA-Permissive-2.0","2025-05-25T10:23:42.540Z | 2026-06-11T11:57:15Z | 2026-05-12T00:29:08Z | 2026-05-18T13:23:54Z | 2026-05-25T13:08:59Z | 2026-06-01T13:20:32Z | 2026-06-08T13:20:12Z"
"MO","Missouri","1547710d-eb18-428e-a47d-ae096912f924","Affton Dental","-90.3640854","38.52743441","dentist","general_dentistry","11 Ronnies Plz","St Louis","63126","MO","US","+13148425700","contactus@afftondental.com","http://www.afftondental.com/","https://www.facebook.com/234299710067593","","0.9199122190475464","open","9","meta | Overture | Overture-signals","CDLA-Permissive-2.0","2026-04-27T00:00:00.000Z | 2026-06-11T11:57:15Z | 2026-05-12T00:29:08Z | 2026-05-18T13:23:54Z | 2026-05-25T13:08:59Z | 2026-06-01T13:20:32Z | 2026-06-08T13:20:12Z"
"MO","Missouri","15615447-665d-4011-9108-aabf59322e78","Dental Centers of Missouri","-94.3825171708171","39.0755729452336","dentist","","16641 E 23rd St S","Independence","64055","MO","US","(816) 833-2700","dentalcenters@comcast.net","http://www.dentalcentersofmissouri.com","https://www.facebook.com/350640498434345","","0.9199122190475464","open","4","Foursquare | Overture | Overture-signals","Apache-2.0 | CDLA-Permissive-2.0","2025-08-19T00:00:00.000 | 2026-06-11T11:57:15Z | 2026-05-12T00:29:08Z | 2026-05-18T13:23:54Z | 2026-05-25T13:08:59Z | 2026-06-01T13:20:32Z | 2026-06-08T13:20:12Z"
"MO","Missouri","15948a1b-5ea2-4083-9b1a-43ee40a24c61","Chaney, Heidi","-93.3010252934082","37.0402561021172","dentist","","240 Village Center St","Nixa","65714","MO","US","(417) 725-8283","","http://nixafamilydental.com","","","0.9199122190475464","open","4","Foursquare | Overture | Overture-signals","Apache-2.0 | CDLA-Permissive-2.0","2025-08-19T00:00:00.000 | 2026-06-11T11:57:15Z | 2026-05-12T00:29:08Z | 2026-05-18T13:23:54Z | 2026-05-25T13:08:59Z | 2026-06-01T13:20:32Z | 2026-06-08T13:20:12Z"
"MO","Missouri","15bab8e6-5fff-4be7-b48b-1e342118e5c7","Dr. Andrew Kim, DDS","-90.7316427926192","38.7664846836975","dentist","","1031 Rondale Ct","O'Fallon","63368","MO","US","(636) 379-1171","","https://www.stlkidsdentistry.com","","","0.9199122190475464","open","4","Foursquare | Overture | Overture-signals","Apache-2.0 | CDLA-Permissive-2.0","2025-08-22T00:00:00.000 | 2026-06-11T11:57:15Z | 2026-05-12T00:29:08Z | 2026-05-18T13:23:54Z | 2026-05-25T13:08:59Z | 2026-06-01T13:20:32Z | 2026-06-08T13:20:12Z"
"MO","Missouri","15c427d7-85b0-4d7a-aec5-5ad84afd619b","Florissant Dental Care and Associates","-90.33724159","38.77743693","dentist","general_dentistry | doctor","1265 Graham Rd","Florissant","63031-8018","MO","US","+13148395900","office@florissant-dentalcare.com","http://florissantdentalstl.com/","https://www.facebook.com/528160007380125","Florissant Dental Care","0.9199122190475464","open","8","meta | Overture | Overture-signals","CDLA-Permissive-2.0","2026-04-27T00:00:00.000Z | 2026-06-11T11:57:15Z | 2026-05-12T00:29:08Z | 2026-05-18T13:23:54Z | 2026-05-25T13:08:59Z | 2026-06-01T13:20:32Z | 2026-06-08T13:20:12Z"
"MO","Missouri","15df691f-dea3-4c09-9540-53a0e1325a30","Dental Care STL","-90.36168711","38.6104612","dentist","general_dentistry | doctor","9323 Manchester Rd","St Louis","63119-1448","MO","US","+13149683533","dentist@dentalcarestl.com","http://dentalcarestl.com/contact-us/","https://www.facebook.com/254035988076871","","0.9199122190475464","open","10","meta | Overture | Overture-signals","CDLA-Permissive-2.0","2026-04-27T00:00:00.000Z | 2026-06-11T11:57:15Z | 2026-05-12T00:29:08Z | 2026-05-18T13:23:54Z | 2026-05-25T13:08:59Z | 2026-06-01T13:20:32Z | 2026-06-08T13:20:12Z"
"MO","Missouri","160df1a4-2f1f-4462-b5ac-5fda96d9df81","Hildebrand Estivo Dental","-94.58269095","39.37825009","dentist","general_dentistry | cosmetic_dentist","110 Hospital Dr","Smithville","64089-9333","MO","US","+18168733260","info@hedentalkc.com","http://www.HEDentalKC.com/","https://www.facebook.com/121365531343830","","0.9199122190475464","open","9","meta | Overture | Overture-signals","CDLA-Permissive-2.0","2026-04-27T00:00:00.000Z | 2026-06-11T11:57:15Z | 2026-05-12T00:29:08Z | 2026-05-18T13:23:54Z | 2026-05-25T13:08:59Z | 2026-06-01T13:20:32Z | 2026-06-08T13:20:12Z"
"MO","Missouri","1651518e-695e-4c61-ac86-b576d71d3b59","Bright Smiles Dental","-90.51908132","38.82653348","dentist","general_dentistry | cosmetic_dentist","3771 New Town Blvd","St Charles","63301-4358","MO","US","+16362095168","brightsmiles2007-stl@outlook.com","http://www.dentistsaintcharlesmo.com/","https://www.facebook.com/106218279408114","","0.9199122190475464","open","8","meta | Overture | Overture-signals","CDLA-Permissive-2.0","2026-04-27T00:00:00.000Z | 2026-06-11T11:57:15Z | 2026-05-12T00:29:08Z | 2026-05-18T13:23:54Z | 2026-05-25T13:08:59Z | 2026-06-01T13:20:32Z | 2026-06-08T13:20:12Z"
"MO","Missouri","1661ffb3-ed8e-4324-b50d-cffafd246d1d","Optima Dental Group","-91.01035733","38.44543799","dentist","general_dentistry | pediatric_dentist","124 W Main St","Union","63084-1363","MO","US","+16365832612","office@optimadg.info","http://odgmo.com/","https://www.facebook.com/209782363810","","0.9199122190475464","open","8","meta | Overture | Overture-signals","CDLA-Permissive-2.0","2026-04-27T00:00:00.000Z | 2026-06-11T11:57:15Z | 2026-05-12T00:29:08Z | 2026-05-18T13:23:54Z | 2026-05-25T13:08:59Z | 2026-06-01T13:20:32Z | 2026-06-08T13:20:12Z"
"MO","Missouri","16863fd8-cfd4-477e-862d-ca1e9fe24460","Dr. Scott Roberson","-94.37242005","39.06058885","dentist","health_and_medical | cosmetic_dentist","3220 S State Route 291","Independence","64057-1702","MO","US","+18163500808","drrobersonoffice@att.net","https://independencefamilycosmeticdentistry.com/","https://www.facebook.com/210077829044662","","0.9817931056022644","","7","meta | Overture","CDLA-Permissive-2.0","2026-04-27T00:00:00.000Z | 2026-06-11T11:57:15Z"
"MO","Missouri","16f9aaf7-41ee-4f96-986e-b38bcedcf74b","New Haven Dental","-91.21975982","38.59937318","dentist","health_and_medical | hospital","1009 Highway C","New Haven","63068-1425","MO","US","+15732373038","info@newhavendentalcare.com","https://www.newhavendentalcare.com/","https://www.facebook.com/358056244594747","New Haven Dental","0.9199122190475464","open","8","meta | Overture | Overture-signals","CDLA-Permissive-2.0","2026-04-27T00:00:00.000Z | 2026-06-11T11:57:15Z | 2026-05-12T00:29:08Z | 2026-05-18T13:23:54Z | 2026-05-25T13:08:59Z | 2026-06-01T13:20:32Z | 2026-06-08T13:20:12Z"
"MO","Missouri","172511bb-0a3e-4bc9-8e60-40c9a54fa8b3","Nivens Tyler K DDS","-92.3647493009082","38.9229306641794","dentist","","2718 Forum Blvd Ste A","Columbia","65203","MO","US","(573) 446-1775","","http://drnivens.com","","","0.9199122190475464","open","4","Foursquare | Overture | Overture-signals","Apache-2.0 | CDLA-Permissive-2.0","2025-05-29T00:00:00.000 | 2026-06-11T11:57:15Z | 2026-05-12T00:29:08Z | 2026-05-18T13:23:54Z | 2026-05-25T13:08:59Z | 2026-06-01T13:20:32Z | 2026-06-08T13:20:12Z"
"MO","Missouri","1749fbe8-989f-4d6d-abad-7f2097bb7624","Comfort Dental","-94.48485208","39.01150305","dentist","general_dentistry","8600 E 63rd St","Kansas City","64133-4725","MO","US","+18168374010","","https://comfortdental.com/office/mo-raytown/?utm_source=facebook&utm_medium=organic&utm_campaign=Yext","https://www.facebook.com/105872988680193","Comfort Dental","0.9902192950248718","open","8","meta | Overture | Overture-signals","CDLA-Permissive-2.0","2026-04-27T00:00:00.000Z | 2026-06-11T11:57:15Z | 2026-05-12T00:29:08Z | 2026-05-18T13:23:54Z | 2026-05-25T13:08:59Z | 2026-06-01T13:20:32Z | 2026-06-08T13:20:12Z"
"MO","Missouri","179bb211-2eac-42fa-8a64-47de1f542c84","Affordable Dentures","-94.8018188","39.7791787","dentist","health_and_medical","1409 N Belt Hwy","Saint Joseph","64506","MO","US","8163361043","","http://www.affordabledentures.com/office/st-joseph/","","","0.9199122190475464","open","6","Microsoft | Overture | Overture-signals","CDLA-Permissive-2.0","2018-04-24T19:32:11.137Z | 2026-06-11T11:57:15Z | 2026-05-12T00:29:08Z | 2026-05-18T13:23:54Z | 2026-05-25T13:08:59Z | 2026-06-01T13:20:32Z | 2026-06-08T13:20:12Z"
"MO","Missouri","17b998bb-bef1-41e1-8298-9c353d3ded78","Westrock Orthodontics - St. Robert","-91.7659677424024","37.9516676659537","dentist","orthodontist | health_and_medical","507 E 10th St","Rolla","65401-3302","MO","US","+15733640700","tbowenortho@gmail.com","http://www.bowenortho.com/","https://www.facebook.com/697312673719346","Westrock Orthodontics","0.9199122190475464","open","7","meta | Overture | Overture-signals","CDLA-Permissive-2.0","2026-04-27T00:00:00.000Z | 2026-06-11T11:57:15Z | 2026-05-12T00:29:08Z | 2026-05-18T13:23:54Z | 2026-05-25T13:08:59Z | 2026-06-01T13:20:32Z | 2026-06-08T13:20:12Z"
"MO","Missouri","17f93332-e7c4-4ed7-8b55-603d2337892e","McKenzie Family Dentistry","-91.3870873231406","39.7062874986388","dentist","","2903 Saint Marys Ave","Hannibal","63401","MO","US","(573) 221-0440","mem3461@gmail.com","https://hannibaldentist.com","","","0.9199122190475464","open","4","Foursquare | Overture | Overture-signals","Apache-2.0 | CDLA-Permissive-2.0","2025-08-22T00:00:00.000 | 2026-06-11T11:57:15Z | 2026-05-12T00:29:08Z | 2026-05-18T13:23:54Z | 2026-05-25T13:08:59Z | 2026-06-01T13:20:32Z | 2026-06-08T13:20:12Z"
"MO","Missouri","186f77a0-44c2-417a-819c-323bda079228","Ballas Endodontist","-90.443636","38.640859","dentist","health_and_medical","777 S New Ballas Rd Ste 305W","Saint Louis","63141","MO","US","3149975151","","","","","0.9199122190475464","open","6","Microsoft | Overture | Overture-signals","CDLA-Permissive-2.0","2025-07-25T18:34:04.897Z | 2026-06-11T11:57:15Z | 2026-05-12T00:29:08Z | 2026-05-18T13:23:54Z | 2026-05-25T13:08:59Z | 2026-06-01T13:20:32Z | 2026-06-08T13:20:12Z"
"MO","Missouri","187e369c-9276-4a7b-83b3-1ecc6bf4a45b","Oak Hills Family Dental","-94.57517317","39.27812627","dentist","general_dentistry | health_and_medical","10201 N Oak Trfy","Kansas City","64155-4200","MO","US","+18163719424","oakhillsfd@mydentalmail.com","https://oakhillsfamilydental.com/","https://www.facebook.com/185303535009620","Dental Health Society online","0.9902192950248718","open","8","meta | Overture | Overture-signals","CDLA-Permissive-2.0","2026-04-27T00:00:00.000Z | 2026-06-11T11:57:15Z | 2026-05-12T00:29:08Z | 2026-05-18T13:23:54Z | 2026-05-25T13:08:59Z | 2026-06-01T13:20:32Z | 2026-06-08T13:20:12Z"
"MO","Missouri","189ad6b1-2974-4d78-87dd-bf2b6ab942c9","Dr. Kirk Quigless","-90.33589055","38.61212422","dentist","general_dentistry | family_practice","8083 Manchester Rd","Brentwood","63144-2817","MO","US","+13146471100","","http://local.yodle.com/profile/dr-kirk-quigless-st-louis-cosmetic-dentist-saint-louis-mo/7744265/?facebook=true","https://www.facebook.com/175226703304","Yodle","0.9199122190475464","open","11","meta | Overture | Overture-signals","CDLA-Permissive-2.0","2026-04-27T00:00:00.000Z | 2026-06-11T11:57:15Z | 2026-05-12T00:29:08Z | 2026-05-18T13:23:54Z | 2026-05-25T13:08:59Z | 2026-06-01T13:20:32Z | 2026-06-08T13:20:12Z"
"MO","Missouri","18d398e1-e702-4589-85ed-e14fbedf0b62","Periodontal Specialists","-94.578077","39.246048","dentist","endodontist | orthodontist","209 NE Barry Rd","Kansas City","64155-2721","MO","US","+18164366767","periodontal-specialists.1312@yourlocalagility.com","http://www.dinokidsdds.com","https://www.facebook.com/445149002175986","","0.7860993146896362","","9","meta | Overture","CDLA-Permissive-2.0","2026-04-27T00:00:00.000Z | 2026-06-11T11:57:15Z"
"MO","Missouri","18d8bcd2-3772-44c1-9a1b-6b5f9c7c1c55","Weimer Dental","-94.596838","39.169959","dentist","health_and_medical | hospital","4151 N Mulberry Dr","Kansas City","64116-1642","MO","US","+18168770200","weimerdental@wendyweimerdds.com","http://www.wendyweimerdds.com/","https://www.facebook.com/118696874825467","Wendy Weimer, D.D.S.","0.9471120238304138","","2","meta | Overture","CDLA-Permissive-2.0","2026-04-27T00:00:00.000Z | 2026-06-11T11:57:15Z"
"MO","Missouri","18eb5b8b-33fd-494a-8748-ff2d462c6fb8","Dempsey Scott A DDS","-94.378855","38.916902","dentist","doctor | health_and_medical","103 NE Douglas St","Lee's Summit","64063-2037","MO","US","+18165241337","","","https://www.facebook.com/158089344223327","","0.9005759954452515","","8","meta | Overture","CDLA-Permissive-2.0","2026-04-27T00:00:00.000Z | 2026-06-11T11:57:15Z"
"MO","Missouri","18f800ec-fed7-4b16-aad5-1aa48f607f3c","Dr. Matthew Hildebrand","-94.45827684","39.56373168","dentist","general_dentistry","903 W Clay Ave","Plattsburg","64477-1301","MO","US","+18165392125","","","https://www.facebook.com/1082134411856506","","0.9381920695304871","","2","meta | Overture","CDLA-Permissive-2.0","2026-04-27T00:00:00.000Z | 2026-06-11T11:57:15Z"
"MO","Missouri","194869bc-b945-41cc-bb5a-7ebdb18eddc9","Confident Smiles and Implants - O'Fallon","-90.69819","38.72628","dentist","health_and_medical","4122 Keaton Crossing Blvd Ste 101","O'Fallon","63368","MO","US","6369789978","","https://www.confidentsmilesandimplants.com/locations/ofallon-mo-office/","","","0.9199122190475464","open","9","Microsoft | Overture | Overture-signals","CDLA-Permissive-2.0","2025-10-04T12:20:36.817Z | 2026-06-11T11:57:15Z | 2026-05-12T00:29:08Z | 2026-05-18T13:23:54Z | 2026-05-25T13:08:59Z | 2026-06-01T13:20:32Z | 2026-06-08T13:20:12Z"
"MO","Missouri","194e3d47-10d5-41f7-9b6a-45d278af4717","Tosie Dental","-90.38741311","38.40630226","dentist","general_dentistry | health_and_medical","3855 W Outer Rd","Arnold","63010-5100","MO","US","+16362964800","tosiedental@gmail.com","http://www.tosiedental.com/","https://www.facebook.com/536078646723340","","0.9199122190475464","open","7","meta | Overture | Overture-signals","CDLA-Permissive-2.0","2026-04-27T00:00:00.000Z | 2026-06-11T11:57:15Z | 2026-05-12T00:29:08Z | 2026-05-18T13:23:54Z | 2026-05-25T13:08:59Z | 2026-06-01T13:20:32Z | 2026-06-08T13:20:12Z"
"MO","Missouri","19545ce6-1c2e-448a-9ceb-5fb8c7960a52","Monarch Valley Dental","-90.59573467","38.66937258","dentist","general_dentistry | cosmetic_dentist","17201 Chesterfield Airport Rd","Chesterfield","63005-1423","MO","US","+16367778102","office@monarchvalleydental.com","https://www.monarchvalleydental.com","https://www.facebook.com/218294741376531","","0.9199122190475464","open","7","meta | Overture | Overture-signals","CDLA-Permissive-2.0","2026-04-27T00:00:00.000Z | 2026-06-11T11:57:15Z | 2026-05-12T00:29:08Z | 2026-05-18T13:23:54Z | 2026-05-25T13:08:59Z | 2026-06-01T13:20:32Z | 2026-06-08T13:20:12Z"
"MO","Missouri","1972f6f4-2059-4aca-9641-fe2791372af2","Bell Dental","-90.43084863","38.74734197","dentist","general_dentistry","3394 McKelvey Rd","Bridgeton","63044-2531","MO","US","+13147395600","belldentalmh@gmail.com","http://belldentalmh.com/","https://www.facebook.com/112067671794735","","0.9199122190475464","open","6","meta | Overture | Overture-signals","CDLA-Permissive-2.0","2026-04-27T00:00:00.000Z | 2026-06-11T11:57:15Z | 2026-05-12T00:29:08Z | 2026-05-18T13:23:54Z | 2026-05-25T13:08:59Z | 2026-06-01T13:20:32Z | 2026-06-08T13:20:12Z"
"MO","Missouri","198f8b62-5b23-4d91-9d0b-709380267b20","Vitality Dental","-94.54963379","39.19301228","dentist","health_and_medical | cosmetic_dentist","5420 N Antioch Rd","Kansas City","64119-2507","MO","US","+18164529700","hello@vitalitydentalkc.com","https://vitalitydentalkc.com/","https://www.facebook.com/153436541334216","","0.9722161889076233","open","9","meta | Overture | Overture-signals","CDLA-Permissive-2.0","2026-04-27T00:00:00.000Z | 2026-06-11T11:57:15Z | 2026-05-12T00:29:08Z | 2026-06-08T13:20:12Z"
"MO","Missouri","199d3574-8b59-4a40-a2a6-03effc1b7edf","Lindenwood Dentistry","-90.50322096","38.78305137","dentist","general_dentistry | medical_service_organizations","2048 First Capitol Dr","St Charles","63301-1647","MO","US","+16363459245","lindenwooddentistry@smilegeneration.com","https://www.LindenwoodDentistry.com/?sc_cid=Facebook%3AO%3AGP%3A813%3ASocial%3AGeneral%3Ana&_vsrefdom=organic_social&y_source=1_MzI4MzIyNS01NTktbG9jYXRpb24ud2Vic2l0ZQ%3D%3D","https://www.facebook.com/294324030907779","Smile Generation","0.9902192950248718","open","7","meta | Overture | Overture-signals","CDLA-Permissive-2.0","2026-04-27T00:00:00.000Z | 2026-06-11T11:57:15Z | 2026-05-12T00:29:08Z | 2026-05-18T13:23:54Z | 2026-05-25T13:08:59Z | 2026-06-01T13:20:32Z | 2026-06-08T13:20:12Z"
"MO","Missouri","19e62ed9-d0b6-4110-bca9-f3d39e187547","Glouse Family Dentistry","-93.91925351","36.92882347","dentist","general_dentistry","800 E Cleveland Ave","Monett","65708-1265","MO","US","+14172355155","glouse@att.net","http://glousedentistry.com/","https://www.facebook.com/1261524107200882","","0.9199122190475464","open","8","meta | Overture | Overture-signals","CDLA-Permissive-2.0","2026-04-27T00:00:00.000Z | 2026-06-11T11:57:15Z | 2026-05-12T00:29:08Z | 2026-05-18T13:23:54Z | 2026-05-25T13:08:59Z | 2026-06-01T13:20:32Z | 2026-06-08T13:20:12Z"
"MO","Missouri","19e642a6-c8f0-4eca-87e0-74f657fb62ba","MSSU Dental Hygiene Clinic","-94.45922221","37.09499068","dentist","health_and_medical","E Victory Ln","Joplin","64801","MO","US","+14176259711","dentalhygiene@mssu.edu","http://www.mssu.edu/academics/health-sciences/dental-hygiene/dental-hygiene-clinic.php","https://www.facebook.com/652862161462322","","0.9722161889076233","open","8","meta | Overture | Overture-signals","CDLA-Permissive-2.0","2026-04-27T00:00:00.000Z | 2026-06-11T11:57:15Z | 2026-05-12T00:29:08Z | 2026-06-08T13:20:12Z"
"MO","Missouri","19f7a1ce-333b-4ab1-8cea-7e5c132db8d5","Celebrate Dental and Braces","-93.75987926","38.36622936","dentist","orthodontist | general_dentistry","906 E Ohio St","Clinton","64735-2306","MO","US","+16608856114","clintonmodental@gmail.com","","https://www.facebook.com/101874221885556","","0.9199122190475464","open","8","meta | Overture | Overture-signals","CDLA-Permissive-2.0","2026-04-27T00:00:00.000Z | 2026-06-11T11:57:15Z | 2026-05-12T00:29:08Z | 2026-05-18T13:23:54Z | 2026-05-25T13:08:59Z | 2026-06-01T13:20:32Z | 2026-06-08T13:20:12Z"
"MO","Missouri","1a0d679e-ffac-4b5f-b9eb-761d5d98819b","Dr. Neal Bayes DDS","-90.3806103194648","38.496202542885","dentist","","12966 Tesson Ferry Rd","Saint Louis","63128","MO","US","(314) 842-5200","","http://www.stlouiscountydentists.com","https://www.facebook.com/154654214570152","","0.9199122190475464","open","4","Foursquare | Overture | Overture-signals","Apache-2.0 | CDLA-Permissive-2.0","2025-08-22T00:00:00.000 | 2026-06-11T11:57:15Z | 2026-05-12T00:29:08Z | 2026-05-18T13:23:54Z | 2026-05-25T13:08:59Z | 2026-06-01T13:20:32Z | 2026-06-08T13:20:12Z"
"MO","Missouri","1a1e8a87-a3b0-4aea-b7f4-21fd3d4324e7","St Louis Pediatric Dentistry","-90.3515951258654","38.6512247812109","dentist","","8888 Ladue Rd","St. Louis","63124","MO","US","(314) 899-0881","","https://www.stlouiskids.net/location/ladue/2115","https://www.facebook.com/259191728060853","","0.77","","5","Foursquare | Overture","Apache-2.0 | CDLA-Permissive-2.0","2026-03-31T00:00:00.000 | 2026-06-11T11:57:15Z"
"MO","Missouri","1a2be78f-d1b0-4fd7-aa74-9ac0fbd5f32c","Jared Beaird Family Dentistry","-90.4662512","36.76833033","dentist","medical_service_organizations | health_and_medical","4358 Highway PP","Poplar Bluff","63901-1552","MO","US","+15737780200","jaredbeairddds@yahoo.com","https://linktr.ee/jaredbeairdfamilydentistry","https://www.facebook.com/338953739624087","","0.9199122190475464","open","6","meta | Overture | Overture-signals","CDLA-Permissive-2.0","2026-04-27T00:00:00.000Z | 2026-06-11T11:57:15Z | 2026-05-12T00:29:08Z | 2026-05-18T13:23:54Z | 2026-05-25T13:08:59Z | 2026-06-01T13:20:32Z | 2026-06-08T13:20:12Z"
"MO","Missouri","1a5e0a7d-81e6-4d4c-9bfd-c15ebc899a25","OMS Surgery Group","-93.2808071160379","37.1582719724754","dentist","","1103 E Montclair St Ste 100","Springfield","65807","MO","US","(417) 887-8800","info@omsdocs.com","http://www.omsdocs.com","","","0.77","","5","Foursquare | Overture","Apache-2.0 | CDLA-Permissive-2.0","2025-08-22T00:00:00.000 | 2026-06-11T11:57:15Z"
"MO","Missouri","1a5e750c-b159-4be0-b0fc-067ac9083c20","Affordable Dentures and Implants","-92.72462412","38.02392915","dentist","general_dentistry","108 Cecil St","Camdenton","65020-7066","MO","US","+15739709662","fda12907@affordabledentures.com","https://www.affordabledentures.com/locations/mo/camdenton?utm_source=Facebook&utm_medium=Organic_Listing&utm_campaign=12907","https://www.facebook.com/1667997756808608","Affordable Dentures & Implants","0.9199122190475464","open","8","meta | Overture | Overture-signals","CDLA-Permissive-2.0","2026-04-27T00:00:00.000Z | 2026-06-11T11:57:15Z | 2026-05-12T00:29:08Z | 2026-05-18T13:23:54Z | 2026-05-25T13:08:59Z | 2026-06-01T13:20:32Z | 2026-06-08T13:20:12Z"
"MO","Missouri","1a660ded-a0ec-44cf-b83a-3261382fdb36","Ballas Endodontist","-90.44548035","38.63944244","dentist","health_and_medical","777 S New Ballas Rd #305W","Saint Louis","63141","MO","US","3149975151","","","","","0.85","","7","Microsoft | Overture","CDLA-Permissive-2.0","2013-01-29T06:29:00.313Z | 2026-06-11T11:57:15Z"
"MO","Missouri","1ab8216c-d29b-4898-b5ac-56c728b482f0","Bankhead Orthodontic Specialists","-90.8695382293304","38.8107653948997","dentist","","1051 W Pearce Blvd","Wentzville","63385","MO","US","(636) 332-2350","office@bankheadortho.com","https://bankheadortho.com","https://www.facebook.com/381051295598466","","0.77","","5","Foursquare | Overture","Apache-2.0 | CDLA-Permissive-2.0","2025-08-22T00:00:00.000 | 2026-06-11T11:57:15Z"
"MO","Missouri","1abc9c7f-b1e7-472a-bf08-933771718ff2","Rowland Family Dentistry","-90.41963303","36.77312834","dentist","general_dentistry","1611 N Westwood Blvd","Poplar Bluff","63901-3317","MO","US","+15736865030","frontdesk@rowlanddental.com","http://www.rowlanddental.com/","https://www.facebook.com/887754161290465","Rowland Family Dentistry • Amy Rowland, D.D.S","0.9982348471879959","","8","meta | Overture","CDLA-Permissive-2.0","2026-04-27T00:00:00.000Z | 2026-06-11T11:57:15Z"
"MO","Missouri","1ad070b5-3a26-49a9-966e-033122fb4b93","Briarcliff Dental Care","-94.60372007","39.16770818","dentist","general_dentistry | medical_service_organizations","1805 NW Platte Rd","Riverside","64150-7500","MO","US","+18167416000","briarcliffdc@gmail.com","http://www.briarcliffdentalcare.com/","https://www.facebook.com/276626772352937","","0.9902192950248718","open","8","meta | Overture | Overture-signals","CDLA-Permissive-2.0","2026-04-27T00:00:00.000Z | 2026-06-11T11:57:15Z | 2026-05-12T00:29:08Z | 2026-05-18T13:23:54Z | 2026-05-25T13:08:59Z | 2026-06-01T13:20:32Z | 2026-06-08T13:20:12Z"
"MO","Missouri","1ae3a57e-ba7f-4188-b715-dae1aa576261","Patricia Rhodes, DDS","-94.1300235934765","38.9944306357707","dentist","","2016 S Broadway","Oak Grove","64075","MO","US","(816) 690-7757","info@patriciabettels-rhodesddsllc.com","http://www.drrhodesdds.com","https://www.facebook.com/1979229288990985","","0.9199122190475464","open","4","Foursquare | Overture | Overture-signals","Apache-2.0 | CDLA-Permissive-2.0","2025-08-22T00:00:00.000 | 2026-06-11T11:57:15Z | 2026-05-12T00:29:08Z | 2026-05-18T13:23:54Z | 2026-05-25T13:08:59Z | 2026-06-01T13:20:32Z | 2026-06-08T13:20:12Z"
"MO","Missouri","1ae49ae4-cd97-4fbb-a0f1-e60ecaffa9e6","Paul D Reicherter","-94.393684","38.974707","dentist","health_and_medical","7900 Lees Summit Rd","Kansas City","64139","MO","US","8164047000","","","","","0.9199122190475464","open","6","Microsoft | Overture | Overture-signals","CDLA-Permissive-2.0","2024-02-14T20:14:28.013Z | 2026-06-11T11:57:15Z | 2026-05-12T00:29:08Z | 2026-05-18T13:23:54Z | 2026-05-25T13:08:59Z | 2026-06-01T13:20:32Z | 2026-06-08T13:20:12Z"
"MO","Missouri","1b1ea434-1857-4fa4-881a-21245e238ca9","O'Loughlin Dental","-92.42199676","39.39470123","dentist","general_dentistry | orthodontist","1710 Gratz Brown St","Moberly","65270-1913","MO","US","+16602632002","info@odental.com","http://www.odental.com/","https://www.facebook.com/419387948105486","Odental","0.987154483795166","open","6","meta | Overture | Overture-signals","CDLA-Permissive-2.0","2026-04-27T00:00:00.000Z | 2026-06-11T11:57:15Z | 2026-05-12T00:29:08Z"
"MO","Missouri","1b2d7c6c-6151-42eb-a648-3a9a60f23042","Flintlock Dental","-94.4663391113281","39.2472610473633","dentist","","8672 NE Flintlock Rd","Kansas City","64157","MO","US","(816) 781-4600","wolfgangschaller@sbcglobal.net","http://www.flintlockdental.com","","","0.9199122190475464","open","4","Foursquare | Overture | Overture-signals","Apache-2.0 | CDLA-Permissive-2.0","2025-08-19T00:00:00.000 | 2026-06-11T11:57:15Z | 2026-05-12T00:29:08Z | 2026-05-18T13:23:54Z | 2026-05-25T13:08:59Z | 2026-06-01T13:20:32Z | 2026-06-08T13:20:12Z"
"MO","Missouri","1b6b15b4-cdcd-4b6a-9396-09b4fb7c5476","Aspen Dental","-93.2282100572253","36.6721015453346","dentist","","1193 Branson Hills Pkwy","Branson","65616","MO","US","(417) 213-3025","","https://www.aspendental.com/dentist/mo/branson/1193-branson-hills-parkway","https://www.twitter.com/aspendental | https://www.facebook.com/925919297477534","","0.77","","5","Foursquare | Overture","Apache-2.0 | CDLA-Permissive-2.0","2025-08-22T00:00:00.000 | 2026-06-11T11:57:15Z"
"MO","Missouri","1b7d5f74-d3e8-4551-a24e-814386f890f7","Michael A. White, DDS","-90.40510441","38.55084096","dentist","cosmetic_dentist | general_dentistry","3750 S Lindbergh Blvd","St Louis","63127-1375","MO","US","+13142708552","drwhite@michaelawhitedds.com","https://sunsethills.dentist/","https://www.facebook.com/715289701939456","","0.9199122190475464","open","9","meta | Overture | Overture-signals","CDLA-Permissive-2.0","2026-04-27T00:00:00.000Z | 2026-06-11T11:57:15Z | 2026-05-12T00:29:08Z | 2026-05-18T13:23:54Z | 2026-05-25T13:08:59Z | 2026-06-01T13:20:32Z | 2026-06-08T13:20:12Z"
"MO","Missouri","1badc162-adf1-4d8a-af4c-24bfbbf9d034","Dr. Winsome A. Henry-Ward","-90.34494531","38.63891628","dentist","general_dentistry | doctor","950 Francis Pl","Clayton","63105-2410","MO","US","+13148621118","info@drhenryward.com","http://www.drhenryward.com/","https://www.facebook.com/175553709137561","","0.9199122190475464","open","7","meta | Overture | Overture-signals","CDLA-Permissive-2.0","2026-04-27T00:00:00.000Z | 2026-06-11T11:57:15Z | 2026-05-12T00:29:08Z | 2026-05-18T13:23:54Z | 2026-05-25T13:08:59Z | 2026-06-01T13:20:32Z | 2026-06-08T13:20:12Z"
"MO","Missouri","1bc1932e-a450-4e16-98ee-f0697a46302b","Oral & Maxillofacial Surgery Associates of Kc","-94.41742","39.04898","dentist","oral_surgeon | medical_service_organizations","3916 S Lynn Ct","Independence","64055-3393","MO","US","+18162542345","","http://www.kcoralsurgery.com","https://www.facebook.com/283406308866235","Oral Surgery Clinic","0.9421864151954651","","2","meta | Overture","CDLA-Permissive-2.0","2026-04-27T00:00:00.000Z | 2026-06-11T11:57:15Z"
"MO","Missouri","1be6b157-523d-4b25-9923-8ed49c024400","Festus Smile Center","-90.40256487","38.20293842","dentist","general_dentistry | medical_center","1373 YMCA Dr","Festus","63028-2617","MO","US","+16369376565","","http://Festussmilecenter.com/","https://www.facebook.com/102431533224983","","0.9199122190475464","open","9","meta | Overture | Overture-signals","CDLA-Permissive-2.0","2026-04-27T00:00:00.000Z | 2026-06-11T11:57:15Z | 2026-05-12T00:29:08Z | 2026-05-18T13:23:54Z | 2026-05-25T13:08:59Z | 2026-06-01T13:20:32Z | 2026-06-08T13:20:12Z"
"MO","Missouri","1c0310ca-1384-4a53-aaa2-9a5bc7f2b21c","Finnane-Robison Dental","-93.7240327","38.76839052","dentist","general_dentistry","520 Burkarth Rd","Warrensburg","64093-3123","MO","US","+16607477161","staff@finnanerobisondental.com","http://www.finnanerobisondental.com","https://www.facebook.com/105534401838451","Finnane-Robison Dental","0.9199122190475464","open","10","meta | Overture | Overture-signals","CDLA-Permissive-2.0","2026-04-27T00:00:00.000Z | 2026-06-11T11:57:15Z | 2026-05-12T00:29:08Z | 2026-05-18T13:23:54Z | 2026-05-25T13:08:59Z | 2026-06-01T13:20:32Z | 2026-06-08T13:20:12Z"
"MO","Missouri","1c3b0216-8aa4-47e1-96d1-e1ab4e095f03","Family Dental Services","-90.568949","38.789769","dentist","health_and_medical","1185 Cave Springs Estate Dr","Saint-Peters","63376","MO","US","6363954112","","https://www.familydentalservices.net/","","","0.9902192950248718","open","8","Microsoft | Overture | Overture-signals","CDLA-Permissive-2.0","2025-02-15T02:14:06.053Z | 2026-06-11T11:57:15Z | 2026-05-12T00:29:08Z | 2026-05-18T13:23:54Z | 2026-05-25T13:08:59Z | 2026-06-01T13:20:32Z | 2026-06-08T13:20:12Z"
"MO","Missouri","1d83e4f2-4d9a-4112-aa0a-1d3a423940f2","Emergency Dental of St. Louis","-90.39536412","38.55509148","dentist","general_dentistry","10000 Watson Rd","Crestwood","63126-1840","MO","US","+13149495118","patientcare@emergencydentalofstlouis.com","https://emergencydentalofstlouis.com/","https://www.facebook.com/103119868249300","","0.9199122190475464","open","8","meta | Overture | Overture-signals","CDLA-Permissive-2.0","2026-04-27T00:00:00.000Z | 2026-06-11T11:57:15Z | 2026-05-12T00:29:08Z | 2026-05-18T13:23:54Z | 2026-05-25T13:08:59Z | 2026-06-01T13:20:32Z | 2026-06-08T13:20:12Z"
"MO","Missouri","1da64d2b-5493-47c3-bce4-7372b4a9a8e9","Grain Valley Family Dental","-94.20446316","39.0210885","dentist","general_dentistry","655 R D Mize Rd","Grain Valley","64029-8542","MO","US","+18162294560","dentistry@grainvalleyfamilydental.com","http://www.grainvalleyfamilydental.com/","https://www.facebook.com/143182929087881","","0.9199122190475464","open","9","meta | Overture | Overture-signals","CDLA-Permissive-2.0","2026-04-27T00:00:00.000Z | 2026-06-11T11:57:15Z | 2026-05-12T00:29:08Z | 2026-05-18T13:23:54Z | 2026-05-25T13:08:59Z | 2026-06-01T13:20:32Z | 2026-06-08T13:20:12Z"
"MO","Missouri","1da7ded7-732a-4fd3-aa31-206e40449ca6","Associates of Dentistry","-94.51691408","37.08738935","dentist","general_dentistry | cosmetic_dentist","410 S Pearl Ave","Joplin","64801-2541","MO","US","+14177816800","frontdesk@associatesofdentistry.com","http://associatesofdentistryllc.com/","https://www.facebook.com/424323231106175","","0.9199122190475464","open","8","meta | Overture | Overture-signals","CDLA-Permissive-2.0","2026-04-27T00:00:00.000Z | 2026-06-11T11:57:15Z | 2026-05-12T00:29:08Z | 2026-05-18T13:23:54Z | 2026-05-25T13:08:59Z | 2026-06-01T13:20:32Z | 2026-06-08T13:20:12Z"
"MO","Missouri","1dcaedb4-f97e-4ac2-aab5-f97b5bcff974","Lake Region Oral Surgery & Dental Implants","-92.73414","38.01563","dentist","health_and_medical","771 E US Highway 54","Camdenton","65020","MO","US","5733465000","","http://www.lrosdi.com/","","","0.9199122190475464","open","6","Microsoft | Overture | Overture-signals","CDLA-Permissive-2.0","2020-04-21T20:00:14.023Z | 2026-06-11T11:57:15Z | 2026-05-12T00:29:08Z | 2026-05-18T13:23:54Z | 2026-05-25T13:08:59Z | 2026-06-01T13:20:32Z | 2026-06-08T13:20:12Z"
"MO","Missouri","1dd1c002-55d3-41d2-97f3-f2507e6d41ab","Plaza Dental Group","-92.29154131","38.95204727","dentist","general_dentistry","105 N Keene St","Columbia","65201-8131","MO","US","+15738172222","plazadentalgroup@toothemail.com","http://www.pdgcolumbia.com/","https://www.facebook.com/255073227882988","Plaza Dental Group, Columbia MO","0.9997896466851235","open","9","meta | Overture | Overture-signals","CDLA-Permissive-2.0","2026-04-27T00:00:00.000Z | 2026-06-11T11:57:15Z | 2026-05-12T00:29:08Z"
"MO","Missouri","1e028fd1-8e6f-4d1b-b02c-f867d10fb894","Rieser Matt","-90.52398685","38.78507278","dentist","general_dentistry | health_and_medical","2745 W Clay St","St Charles","63301-2540","MO","US","+16367242044","","http://www.rieserfamilydental.com","https://www.facebook.com/103706413029975","","0.9199122190475464","open","7","meta | Overture | Overture-signals","CDLA-Permissive-2.0","2026-04-27T00:00:00.000Z | 2026-06-11T11:57:15Z | 2026-05-12T00:29:08Z | 2026-05-18T13:23:54Z | 2026-05-25T13:08:59Z | 2026-06-01T13:20:32Z | 2026-06-08T13:20:12Z"
"MO","Missouri","1e84fcb7-4c0b-4155-93b8-bbfeb46e4021","E Hansen Jo Dds-Ms","-94.3470675654621","38.6545289215552","dentist","","301 E Pearl St","Harrisonville","64701","MO","US","(816) 380-2358","","http://www.bracesbydrhansen.com","","","0.9199122190475464","open","4","Foursquare | Overture | Overture-signals","Apache-2.0 | CDLA-Permissive-2.0","2025-08-19T00:00:00.000 | 2026-06-11T11:57:15Z | 2026-05-12T00:29:08Z | 2026-05-18T13:23:54Z | 2026-05-25T13:08:59Z | 2026-06-01T13:20:32Z | 2026-06-08T13:20:12Z"
"MO","Missouri","1e9f3875-137e-497f-8a70-9f955c3b4552","Lance Miller DDS","-94.57716597","39.19256438","dentist","general_dentistry","5400 N Oak Trfy","Kansas City","64118-4677","MO","US","+18164083654","info@millerdentalkc.com","https://millerdentalkc.com/","https://www.facebook.com/445830952662214","","0.9199122190475464","open","8","meta | Overture | Overture-signals","CDLA-Permissive-2.0","2026-04-27T00:00:00.000Z | 2026-06-11T11:57:15Z | 2026-05-12T00:29:08Z | 2026-05-18T13:23:54Z | 2026-05-25T13:08:59Z | 2026-06-01T13:20:32Z | 2026-06-08T13:20:12Z"
"MO","Missouri","1ea50bb0-220a-4b64-8548-02fff173e721","Clark K. Arthur D.D.S","-92.347523699225","38.9082744470429","dentist","","601 W Nifong Blvd Ste 3A","Columbia","65203","MO","US","(573) 449-1918","clarkarthurdds@socket.net","http://www.drclarkarthurdds.com","https://www.facebook.com/159123197470841","","0.9199122190475464","open","4","Foursquare | Overture | Overture-signals","Apache-2.0 | CDLA-Permissive-2.0","2020-10-19T00:00:00.000 | 2026-06-11T11:57:15Z | 2026-05-12T00:29:08Z | 2026-05-18T13:23:54Z | 2026-05-25T13:08:59Z | 2026-06-01T13:20:32Z | 2026-06-08T13:20:12Z"
"MO","Missouri","1ec7cf0a-c44b-4679-8ca9-9f1859fd9b3c","Dr. Kenneth B. Rowan Orthodontics","-92.200472","38.565832","dentist","orthodontist | pediatric_dentist","1312 Southwest Blvd","Jefferson City","65109-2462","MO","US","+15736342694","info@drkenrowan.com","http://www.drkenrowan.com/","https://www.facebook.com/142924322414388","","0.896729052066803","","10","meta | Overture","CDLA-Permissive-2.0","2026-04-27T00:00:00.000Z | 2026-06-11T11:57:15Z"
"MO","Missouri","1eecb2cf-7753-4cc3-b1b3-41b2633c4db4","Francis Park Dentistry","-90.30592176","38.59028659","dentist","general_dentistry | health_and_medical","6650 Chippewa St","St Louis","63109-2527","MO","US","+13144570613","francisparkdentistry@smilegeneration.com","https://www.FrancisParkDentistry.com/?sc_cid=Facebook%3AO%3AGP%3A811%3ASocial%3AGeneral%3Ana&_vsrefdom=organic_social&y_source=1_MTE5NDE2My01NTktbG9jYXRpb24ud2Vic2l0ZQ%3D%3D","https://www.facebook.com/401428619960199","Smile Generation","0.9902192950248718","open","8","meta | Overture | Overture-signals","CDLA-Permissive-2.0","2026-04-27T00:00:00.000Z | 2026-06-11T11:57:15Z | 2026-05-12T00:29:08Z | 2026-05-18T13:23:54Z | 2026-05-25T13:08:59Z | 2026-06-01T13:20:32Z | 2026-06-08T13:20:12Z"
"MO","Missouri","1f107552-c911-40b8-accf-b742380df1c2","Dr. Dean Telthorst DDS","-90.341205","38.637893","dentist","health_and_medical | lawyer","7937 Clayton Rd","St Louis","63117-1369","MO","US","+13147252232","","http://www.lakeforestdental.net/","https://www.facebook.com/168332583183761","","0.873896062374115","","7","meta | Overture","CDLA-Permissive-2.0","2026-04-27T00:00:00.000Z | 2026-06-11T11:57:15Z"
"MO","Missouri","1f3f2d16-c872-4372-a287-71aad648bdc8","Dr. Jane M. Lischwe","-94.37904046","38.9168839","dentist","general_dentistry","103 NE Douglas St","Lee's Summit","64063-2037","MO","US","+18165241337","","","https://www.facebook.com/881889085183647","","0.9199122190475464","open","8","meta | Overture | Overture-signals","CDLA-Permissive-2.0","2026-04-27T00:00:00.000Z | 2026-06-11T11:57:15Z | 2026-05-12T00:29:08Z | 2026-05-18T13:23:54Z | 2026-05-25T13:08:59Z | 2026-06-01T13:20:32Z | 2026-06-08T13:20:12Z"
"MO","Missouri","1f9dfc74-3b80-4755-af55-157e0d4449a9","Shine Modern Dentistry","-94.52043029","37.05477669","dentist","general_dentistry","510 W 32nd St","Joplin","64804","MO","US","+14177816700","office@shinemoderndentistry.com","http://shinemoderndentistry.com/","https://www.facebook.com/283306181779716","","0.9199122190475464","open","9","meta | Overture | Overture-signals","CDLA-Permissive-2.0","2026-04-27T00:00:00.000Z | 2026-06-11T11:57:15Z | 2026-05-12T00:29:08Z | 2026-05-18T13:23:54Z | 2026-05-25T13:08:59Z | 2026-06-01T13:20:32Z | 2026-06-08T13:20:12Z"
"MO","Missouri","1fac5d74-7c2d-4659-bcba-21dff7da73f9","Alex Heydar Motaref","-94.5153246514047","38.9674117614243","dentist","","6406 E 87th St Ste 101","Kansas City","64138","MO","US","(816) 763-3030","","http://dentalemergencykansascity.com","","","0.9199122190475464","open","4","Foursquare | Overture | Overture-signals","Apache-2.0 | CDLA-Permissive-2.0","2025-08-22T00:00:00.000 | 2026-06-11T11:57:15Z | 2026-05-12T00:29:08Z | 2026-05-18T13:23:54Z | 2026-05-25T13:08:59Z | 2026-06-01T13:20:32Z | 2026-06-08T13:20:12Z"
"MO","Missouri","1fc7975c-3f67-4ed0-937c-bd4c831b8af5","Dr. Menke","-94.5377120855088","37.0705015979525","dentist","","2001 W 20th St","Joplin","64804","MO","US","(417) 624-5797","gretchen@drmenkedental.com","http://www.drmenkedental.com/template.jsp?doc=stephenmenke&c=Home&wiz=0&page=Home","https://www.facebook.com/119518918223512","","0.77","","5","Foursquare | Overture","Apache-2.0 | CDLA-Permissive-2.0","2025-08-22T00:00:00.000 | 2026-06-11T11:57:15Z"
"MO","Missouri","20034540-fbad-437e-a147-3edf81086c8d","Dental Care of Raymore","-94.46740893","38.81223146","dentist","general_dentistry | doctor","826 W Foxwood Dr","Raymore","64083-9195","MO","US","+18169298007","dcofraymore@mydentalmail.com","https://dentalcareofraymore.com/","https://www.facebook.com/111351674697815","Dental Health Society online","0.9199122190475464","open","7","meta | Overture | Overture-signals","CDLA-Permissive-2.0","2026-04-27T00:00:00.000Z | 2026-06-11T11:57:15Z | 2026-05-12T00:29:08Z | 2026-05-18T13:23:54Z | 2026-05-25T13:08:59Z | 2026-06-01T13:20:32Z | 2026-06-08T13:20:12Z"
"MO","Missouri","20a7d091-e213-49a4-b27c-da7372b8465a","Northwest Oral Maxillo-Facial Surgeons","-90.6964059514504","38.7567651616412","dentist","","2992 Highway K Ste 210","O'Fallon","63368","MO","US","(636) 978-6967","","http://www.nworalsurgeons.com","","","0.9199122190475464","open","4","Foursquare | Overture | Overture-signals","Apache-2.0 | CDLA-Permissive-2.0","2025-08-22T00:00:00.000 | 2026-06-11T11:57:15Z | 2026-05-12T00:29:08Z | 2026-05-18T13:23:54Z | 2026-05-25T13:08:59Z | 2026-06-01T13:20:32Z | 2026-06-08T13:20:12Z"
"MO","Missouri","20f5ab96-ed8c-4e7d-a33a-d5a9e8522c25","Advanced Dental Solutions","-93.322052","37.145027","dentist","general_dentistry","3840 S Farm Road 141","Springfield","65807-8603","MO","US","+14172383951","","https://advanceddentalsolutionsspringfield.com/","https://www.facebook.com/113708206984995","","0.8255050182342529","","7","meta | Overture","CDLA-Permissive-2.0","2026-04-27T00:00:00.000Z | 2026-06-11T11:57:15Z"
"MO","Missouri","215a4a35-9fa3-476e-b2f5-68599e53cf48","Thomas Larry w DDS","-90.4414759","38.66692984","dentist","general_dentistry | doctor","11709 Old Ballas Rd","Creve Coeur","63141-7029","MO","US","+13148728590","","http://chris.com","https://www.facebook.com/235716046597326","","0.9199122190475464","open","8","meta | Overture | Overture-signals","CDLA-Permissive-2.0","2026-04-27T00:00:00.000Z | 2026-06-11T11:57:15Z | 2026-05-12T00:29:08Z | 2026-05-18T13:23:54Z | 2026-05-25T13:08:59Z | 2026-06-01T13:20:32Z | 2026-06-08T13:20:12Z"
"MO","Missouri","21fdfce7-5769-4ef3-8b9f-c9c3df898115","Jackson Family Dental","-94.4219703224415","39.2372695106439","dentist","","8650 NE Shoal Creek Valley Dr","Kansas City","64157","MO","US","(816) 429-5799","jacksonfamilydentalonline@gmail.com","https://jacksonfamilydentalonline.com","","","0.77","","5","Foursquare | Overture","Apache-2.0 | CDLA-Permissive-2.0","2025-10-27T00:00:00.000 | 2026-06-11T11:57:15Z"
"MO","Missouri","22350415-8711-4acc-b738-7efea81542a9","Wilkinson Dental","-93.26547585","37.1481721","dentist","general_dentistry | health_and_medical","1705 E Primrose St","Springfield","65804-4292","MO","US","+14177080556","info@wilkdental.com","https://www.wilkdental.com/","https://www.facebook.com/288063644593384","Wilkinson Dental","0.9199122190475464","open","9","meta | Overture | Overture-signals","CDLA-Permissive-2.0","2026-04-27T00:00:00.000Z | 2026-06-11T11:57:15Z | 2026-05-12T00:29:08Z | 2026-05-18T13:23:54Z | 2026-05-25T13:08:59Z | 2026-06-01T13:20:32Z | 2026-06-08T13:20:12Z"
"MO","Missouri","223ae469-eb83-4588-8977-be5504413067","Dr. James Faber, DDS","-90.5243279619322","38.7848536602712","dentist","","2757 West Clay St. Ste. D","St. Charles","63301","MO","US","(636) 364-9329","","http://www.dentistinstcharles.com","","","0.77","","5","Foursquare | Overture","Apache-2.0 | CDLA-Permissive-2.0","2024-12-10T00:00:00.000 | 2026-06-11T11:57:15Z"
"MO","Missouri","22722c54-6127-42ab-bd10-803fe75ce9b2","Affinia Healthcare","-90.22727596","38.58308228","dentist","health_and_medical | professional_services","3930 S Broadway","St Louis","63118-4626","MO","US","+13148148700","","http://www.affiniahealthcare.org","https://www.facebook.com/1471495173163478","","0.9902192950248718","open","7","meta | Overture | Overture-signals","CDLA-Permissive-2.0","2026-04-27T00:00:00.000Z | 2026-06-11T11:57:15Z | 2026-05-12T00:29:08Z | 2026-05-18T13:23:54Z | 2026-05-25T13:08:59Z | 2026-06-01T13:20:32Z | 2026-06-08T13:20:12Z"
"MO","Missouri","227d26c8-2f55-470e-bb87-1331a353ecca","Motto Clear Aligners","-90.444073","36.7895767","dentist","health_and_medical","3101 Oak Grove Rd Ste 6","Poplar Bluff","63901","MO","US","5738403013","","https://www.aspendental.com/dentist/mo/poplar-bluff/3101-oak-grove-rd-ste-6/motto-clear-aligners/","","","0.9199122190475464","open","6","Microsoft | Overture | Overture-signals","CDLA-Permissive-2.0","2025-10-05T05:45:46.863Z | 2026-06-11T11:57:15Z | 2026-05-12T00:29:08Z | 2026-05-18T13:23:54Z | 2026-05-25T13:08:59Z | 2026-06-01T13:20:32Z | 2026-06-08T13:20:12Z"
"MO","Missouri","22c9d5e0-a5a0-4535-9ba4-ff7522658f46","Wedgewood Dental: Linda Westmoreland , DDS","-91.5361613254373","37.6352567099805","dentist","","1116 S Main St","Salem","65560","MO","US","(573) 729-7701","smiles4u@wedgewood-dental.com","https://www.wedgewood-dental.com","https://www.twitter.com/dentallinda","","0.9199122190475464","open","4","Foursquare | Overture | Overture-signals","Apache-2.0 | CDLA-Permissive-2.0","2020-09-09T00:00:00.000 | 2026-06-11T11:57:15Z | 2026-05-12T00:29:08Z | 2026-05-18T13:23:54Z | 2026-05-25T13:08:59Z | 2026-06-01T13:20:32Z | 2026-06-08T13:20:12Z"
"MO","Missouri","22e9e136-f03c-476f-97c9-ca4b9b4e6844","Marshall Snodgrass","-92.9458761651135","37.3407138556682","dentist","","14303 State Highway 38","Marshfield","65706","MO","US","(417) 859-0711","","http://www.ourdentalhome.com","https://www.facebook.com/137186259661826","","0.9199122190475464","open","4","Foursquare | Overture | Overture-signals","Apache-2.0 | CDLA-Permissive-2.0","2025-08-22T00:00:00.000 | 2026-06-11T11:57:15Z | 2026-05-12T00:29:08Z | 2026-05-18T13:23:54Z | 2026-05-25T13:08:59Z | 2026-06-01T13:20:32Z | 2026-06-08T13:20:12Z"
"MO","Missouri","230c5826-4ee9-4ca7-803d-d51d662c9703","Pacific Dental Center","-90.73783071","38.48421091","dentist","general_dentistry","305 E Osage St","Pacific","63069-1621","MO","US","+16362573997","smile@pacificmodental.com","https://pacificmodental.com/","https://www.facebook.com/104770922216099","","0.9199122190475464","open","7","meta | Overture | Overture-signals","CDLA-Permissive-2.0","2026-04-27T00:00:00.000Z | 2026-06-11T11:57:15Z | 2026-05-12T00:29:08Z | 2026-05-18T13:23:54Z | 2026-05-25T13:08:59Z | 2026-06-01T13:20:32Z | 2026-06-08T13:20:12Z"
"MO","Missouri","230ea62e-e786-4b8f-a065-b3678756f222","Dains Family Dental","-94.34459217","38.24918329","dentist","general_dentistry","619 W Nursery St","Butler","64730-2418","MO","US","+16603864288","","http://www.dainsfamilydental.com/","https://www.facebook.com/103930075999151","","0.9199122190475464","open","6","meta | Overture | Overture-signals","CDLA-Permissive-2.0","2026-04-27T00:00:00.000Z | 2026-06-11T11:57:15Z | 2026-05-12T00:29:08Z | 2026-05-18T13:23:54Z | 2026-05-25T13:08:59Z | 2026-06-01T13:20:32Z | 2026-06-08T13:20:12Z"
"MO","Missouri","236863f7-efcb-4130-9ee1-834bc9532d86","Creve Coeur Advanced Dentistry","-90.443977355957","38.6644554138184","dentist","","443 N. New Ballas Rd, Suite #207","Creve Coeur","63141","MO","US","(314) 567-4240","","https://newbilldental.com","https://www.twitter.com/crevecoeurdds | https://www.facebook.com/1491723631083022","","0.77","","5","Foursquare | Overture","Apache-2.0 | CDLA-Permissive-2.0","2023-04-21T00:00:00.000 | 2026-06-11T11:57:15Z"
"MO","Missouri","236e9638-4d4f-4c1f-8be8-681164e372d7","Thomas Geroge White","-90.68304754","38.80344093","dentist","","1043 E Terra Ln","O'Fallon","63366-2750","MO","US","+16362407606","","","https://www.facebook.com/638526979516080","","0.9199122190475464","open","8","meta | Overture | Overture-signals","CDLA-Permissive-2.0","2026-04-27T00:00:00.000Z | 2026-06-11T11:57:15Z | 2026-05-12T00:29:08Z | 2026-05-18T13:23:54Z | 2026-05-25T13:08:59Z | 2026-06-01T13:20:32Z | 2026-06-08T13:20:12Z"
"MO","Missouri","23df3875-49dd-4d42-be80-7854a0aca6f3","Bauer Orthodontist","-90.652094","38.759898","dentist","","150 Weiss Rd","Cottleville","63376","MO","US","(636) 447-2059","info@bauerortho.com","http://www.bauerortho.com","https://www.facebook.com/119556811501730","","0.77","","5","Foursquare | Overture","Apache-2.0 | CDLA-Permissive-2.0","2025-08-22T00:00:00.000 | 2026-06-11T11:57:15Z"
"MO","Missouri","24e09420-3897-454c-8d6e-c5a048a08efd","DMD Solutions","-91.8344426300641","38.4573230091969","dentist","","582 Highway 89 S","Linn","65051","MO","US","(573) 897-4363","","http://www.dmdsolutions.net","https://www.facebook.com/112478178816897","","0.9199122190475464","open","4","Foursquare | Overture | Overture-signals","Apache-2.0 | CDLA-Permissive-2.0","2025-08-19T00:00:00.000 | 2026-06-11T11:57:15Z | 2026-05-12T00:29:08Z | 2026-05-18T13:23:54Z | 2026-05-25T13:08:59Z | 2026-06-01T13:20:32Z | 2026-06-08T13:20:12Z"
"MO","Missouri","2516996f-98c9-4f61-bfb8-65ed286c88ab","Franklin County Laser Dentistry","-91.01529164","38.55804733","dentist","cosmetic_dentist | orthodontist","416 Elm St","Washington","63090-2351","MO","US","+16362392273","office@franklincountylaserdentistry.com","https://franklincountylaserdentistry.com/","https://www.facebook.com/100522489266626","","0.9199122190475464","open","6","meta | Overture | Overture-signals","CDLA-Permissive-2.0","2026-04-27T00:00:00.000Z | 2026-06-11T11:57:15Z | 2026-05-12T00:29:08Z | 2026-05-18T13:23:54Z | 2026-05-25T13:08:59Z | 2026-06-01T13:20:32Z | 2026-06-08T13:20:12Z"
"MO","Missouri","2521a0f3-2175-4baa-80b8-fb647da56668","Mattingly and Boxdorfer Dentistry","-89.86499403","37.72400459","dentist","general_dentistry","22 S West St","Perryville","63775-2547","MO","US","+15735476691","mattinglyboxdorferdental@gmail.com","","https://www.facebook.com/105516265545287","","0.9199122190475464","open","9","meta | Overture | Overture-signals","CDLA-Permissive-2.0","2026-04-27T00:00:00.000Z | 2026-06-11T11:57:15Z | 2026-05-12T00:29:08Z | 2026-05-18T13:23:54Z | 2026-05-25T13:08:59Z | 2026-06-01T13:20:32Z | 2026-06-08T13:20:12Z"
"MO","Missouri","252a54a3-e794-44bf-bc76-abd6d4e3f720","West Edgewood Dental Group","-92.24285053","38.5709873","dentist","prosthodontist | health_and_medical","3306 Emerald Ln","Jefferson City","65109-6880","MO","US","+15736342222","westedgewooddental@hotmail.com","https://westedgewooddental.com/","https://www.facebook.com/118017921591800","West Edge Dental","0.9902192950248718","open","8","meta | Overture | Overture-signals","CDLA-Permissive-2.0","2026-04-27T00:00:00.000Z | 2026-06-11T11:57:15Z | 2026-05-12T00:29:08Z | 2026-05-18T13:23:54Z | 2026-05-25T13:08:59Z | 2026-06-01T13:20:32Z | 2026-06-08T13:20:12Z"
"MO","Missouri","25702ed0-8a63-4db3-840f-551480aca57e","Dr. James Maxwell, DMD","-90.395454004976","38.5554174427222","dentist","health_and_medical","10000 Watson Rd Ste J","Saint Louis","63126","MO","US","3144635655","","http://www.crestwooddental.com/","","","0.9199122190475464","open","7","Microsoft | Overture | Overture-signals","CDLA-Permissive-2.0","2025-09-12T01:29:42.103Z | 2026-06-11T11:57:15Z | 2026-05-12T00:29:08Z | 2026-05-18T13:23:54Z | 2026-05-25T13:08:59Z | 2026-06-01T13:20:32Z | 2026-06-08T13:20:12Z"
"MO","Missouri","2576a4fc-d99c-47d7-aa83-cc0dc9d4c74f","Access Dental & Dentures","-92.61894976","38.14908408","dentist","general_dentistry | health_and_medical","4320 Osage Beach Pkwy","Osage Beach","65065-0500","MO","US","+15733481466","rich@accessdentalanddentures.com","https://0f4916-3.myshopify.com/","https://www.facebook.com/823188511069632","Access Dental, Dentures & Implants","0.9896104335784912","","7","meta | Overture","CDLA-Permissive-2.0","2026-04-27T00:00:00.000Z | 2026-06-11T11:57:15Z"
"MO","Missouri","25e90116-95da-4575-a65e-1e071add87f7","Fallert, Vincent A DDS","-90.3662837778204","38.5180986088444","dentist","","12105 Tesson Ferry Professional Ctr","Saint Louis","63128","MO","US","(314) 842-3333","vfallertdds@sbcglobal.net","http://www.fallertdental.com","https://www.facebook.com/137285282970379","","0.77","","5","Foursquare | Overture","Apache-2.0 | CDLA-Permissive-2.0","2026-01-09T00:00:00.000 | 2026-06-11T11:57:15Z"
"MO","Missouri","260a0055-0db4-434b-9995-1ac27de1351b","Strohmeyer Dental","-90.34863551","38.61219126","dentist","general_dentistry | health_and_medical","8764 Manchester Rd","Brentwood","63144-2732","MO","US","+13149682483","drstrohmeyer@sbcglobal.net","http://www.strohmeyerdental.com/","https://www.facebook.com/1628646634076707","","0.9199122190475464","open","8","meta | Overture | Overture-signals","CDLA-Permissive-2.0","2026-04-27T00:00:00.000Z | 2026-06-11T11:57:15Z | 2026-05-12T00:29:08Z | 2026-05-18T13:23:54Z | 2026-05-25T13:08:59Z | 2026-06-01T13:20:32Z | 2026-06-08T13:20:12Z"
"MO","Missouri","2617cf54-1ca9-4717-bd9b-5f2a2948ee37","St Charles County Orthodontica","-90.5857225624079","38.7556505072562","dentist","","1335 Queens Ct","Saint Peters","63376","MO","US","(636) 441-5777","","http://www.morrellorthodontics.com","","","0.9199122190475464","open","4","Foursquare | Overture | Overture-signals","Apache-2.0 | CDLA-Permissive-2.0","2025-08-22T00:00:00.000 | 2026-06-11T11:57:15Z | 2026-05-12T00:29:08Z | 2026-05-18T13:23:54Z | 2026-05-25T13:08:59Z | 2026-06-01T13:20:32Z | 2026-06-08T13:20:12Z"
"MO","Missouri","2637d2af-88d3-4c59-9cd3-1a4c18ffd34b","Best Care Dental","-90.33699784","38.65944613","dentist","general_dentistry","7645 Delmar Blvd","University City","63130-3910","MO","US","+13147276323","bestcare7645@gmail.com","https://www.bestcaredentaluc.com/","https://www.facebook.com/138507096777575","","0.9902192950248718","open","8","meta | Overture | Overture-signals","CDLA-Permissive-2.0","2026-04-27T00:00:00.000Z | 2026-06-11T11:57:15Z | 2026-05-12T00:29:08Z | 2026-05-18T13:23:54Z | 2026-05-25T13:08:59Z | 2026-06-01T13:20:32Z | 2026-06-08T13:20:12Z"
"MO","Missouri","26839595-d9f0-468e-a95c-d975d9d828c6","Buffalo Prairie Dental","-93.10425215","37.63425774","dentist","general_dentistry | health_and_medical","1006 S Ash St","Buffalo","65622-9346","MO","US","+14173452793","your-smile@hotmail.com","http://www.smilesabovetherest.com/","https://www.facebook.com/222993704400035","","0.9199122190475464","open","8","meta | Overture | Overture-signals","CDLA-Permissive-2.0","2026-04-27T00:00:00.000Z | 2026-06-11T11:57:15Z | 2026-05-12T00:29:08Z | 2026-05-18T13:23:54Z | 2026-05-25T13:08:59Z | 2026-06-01T13:20:32Z | 2026-06-08T13:20:12Z"
"MO","Missouri","26a4030c-4a7c-4979-a4f9-58b235b957b8","Village Dental-Claycomo","-94.49630607","39.20034688","dentist","general_dentistry","415 NE US Highway 69","Claycomo","64119","MO","US","+18162633900","info@villagedentalkc.com","http://Villagedentalkc.com/","https://www.facebook.com/141959394676812","","0.9199122190475464","open","11","meta | Overture | Overture-signals","CDLA-Permissive-2.0","2026-04-27T00:00:00.000Z | 2026-06-11T11:57:15Z | 2026-05-12T00:29:08Z | 2026-05-18T13:23:54Z | 2026-05-25T13:08:59Z | 2026-06-01T13:20:32Z | 2026-06-08T13:20:12Z"
"MO","Missouri","26bd6677-3484-40cc-b2df-084df23829fe","R. Snitzer Dental LLC","-90.1947407261412","38.6297166894909","dentist","","1010 Locust St.","Saint Louis","63101","MO","US","(314) 965-8283","","https://m.facebook.com/stlcolemandental","","","0.77","","3","Foursquare | Overture","Apache-2.0 | CDLA-Permissive-2.0","2025-10-09T00:00:00.000 | 2026-06-11T11:57:15Z"
"MO","Missouri","26c953c5-1183-429d-9751-84740e05acda","Forehand Larry W DDS","-93.6792524288303","36.9483919183711","dentist","","21131 Lawrence 2222","Aurora","65605","MO","US","(417) 678-4021","","http://www.drforehand.com","https://www.facebook.com/158075684224065","","0.9199122190475464","open","4","Foursquare | Overture | Overture-signals","Apache-2.0 | CDLA-Permissive-2.0","2025-08-19T00:00:00.000 | 2026-06-11T11:57:15Z | 2026-05-12T00:29:08Z | 2026-05-18T13:23:54Z | 2026-05-25T13:08:59Z | 2026-06-01T13:20:32Z | 2026-06-08T13:20:12Z"
"MO","Missouri","26eaec67-368a-46f7-85ba-1dc23116574d","Sunset Hills Dental Group","-90.3867771560848","38.5309663172453","dentist","","11810 Gravois Rd","St. Louis","63127","MO","US","(314) 842-5000","receptionist@mysunsethillsdental.com","http://www.mysunsethillsdental.com","https://www.facebook.com/161828673846712","","0.77","","6","Foursquare | Overture","Apache-2.0 | CDLA-Permissive-2.0","2026-03-20T00:00:00.000 | 2026-06-11T11:57:15Z"
"MO","Missouri","272c2537-12d0-4336-9de0-da417f09033d","Mark Mangels DMD LLC","-90.44394996","38.66421929","dentist","general_dentistry","443 N New Ballas Rd","St Louis","63141-6800","MO","US","+13145674430","mangelsdmd@gmail.com","","https://www.facebook.com/100270704783315","","0.9199122190475464","open","7","meta | Overture | Overture-signals","CDLA-Permissive-2.0","2026-04-27T00:00:00.000Z | 2026-06-11T11:57:15Z | 2026-05-12T00:29:08Z | 2026-05-18T13:23:54Z | 2026-05-25T13:08:59Z | 2026-06-01T13:20:32Z | 2026-06-08T13:20:12Z"
"MO","Missouri","274d4a6f-42f9-46c1-af16-f953bf8c1179","Dental Office","-92.6606146005527","36.9523246120995","dentist","","132 W Washington Ave","Ava","65608","MO","US","(417) 683-3636","","http://partners.mcd.com","","","0.9199122190475464","open","4","Foursquare | Overture | Overture-signals","Apache-2.0 | CDLA-Permissive-2.0","2025-03-07T00:00:00.000 | 2026-06-11T11:57:15Z | 2026-05-12T00:29:08Z | 2026-05-18T13:23:54Z | 2026-05-25T13:08:59Z | 2026-06-01T13:20:32Z | 2026-06-08T13:20:12Z"
"MO","Missouri","27967213-0f22-42fd-92e0-ac631ad616ef","Ladue Dental Group","-90.35239807","38.65442905","dentist","general_dentistry | health_and_medical","8859 Ladue Rd","Ladue","63124-2045","MO","US","+13149838011","laduedentalgroup@smilegeneration.com","https://www.LadueDentalGroup.com/?sc_cid=Facebook%3AO%3AGP%3A815%3ASocial%3AGeneral%3Ana&_vsrefdom=organic_social&y_source=1_MjI1MTM4My01NTktbG9jYXRpb24ud2Vic2l0ZQ%3D%3D","https://www.facebook.com/420407611452577","Smile Generation","0.9199122190475464","open","7","meta | Overture | Overture-signals","CDLA-Permissive-2.0","2026-04-27T00:00:00.000Z | 2026-06-11T11:57:15Z | 2026-05-12T00:29:08Z | 2026-05-18T13:23:54Z | 2026-05-25T13:08:59Z | 2026-06-01T13:20:32Z | 2026-06-08T13:20:12Z"
"MO","Missouri","28022bbe-f22d-44db-9eca-09313babb311","Lake Family Dentistry","-92.68989815","38.11345786","dentist","general_dentistry | medical_service_organizations","1037 Palisades Blvd","Osage Beach","65065-3212","MO","US","+15733489888","dr.m.lake@gmail.com","https://www.lakefamilydentistry.com/index.php","https://www.facebook.com/134687206573824","","0.9199122190475464","open","8","meta | Overture | Overture-signals","CDLA-Permissive-2.0","2026-04-27T00:00:00.000Z | 2026-06-11T11:57:15Z | 2026-05-12T00:29:08Z | 2026-05-18T13:23:54Z | 2026-05-25T13:08:59Z | 2026-06-01T13:20:32Z | 2026-06-08T13:20:12Z"
"MO","Missouri","28369e1c-a2c1-4a85-9d29-a51a2cd97a66","Smiles in Joplin","-94.50441043","37.05531448","dentist","general_dentistry | cosmetic_dentist","1007 E 32nd St","Joplin","64804-2806","MO","US","+14173742639","","https://smilejoplin.com/","https://www.facebook.com/1790693481210748","Dental Health Society online","0.9959537982940674","open","9","meta | Overture | Overture-signals","CDLA-Permissive-2.0","2026-04-27T00:00:00.000Z | 2026-06-11T11:57:15Z | 2026-06-08T13:20:12Z"
"MO","Missouri","284bc31b-d3d8-499f-a89d-c7f1f4750b79","Rayview Dental Group","-94.46258905","39.0011876","dentist","orthodontist | cosmetic_dentist","10016 E 67th St","Raytown","64133-5219","MO","US","+18164966952","","https://rayviewdentalhealth.com/","https://www.facebook.com/593502250695997","Dental Health Society online","0.9199122190475464","open","8","meta | Overture | Overture-signals","CDLA-Permissive-2.0","2026-04-27T00:00:00.000Z | 2026-06-11T11:57:15Z | 2026-05-12T00:29:08Z | 2026-05-18T13:23:54Z | 2026-05-25T13:08:59Z | 2026-06-01T13:20:32Z | 2026-06-08T13:20:12Z"
"MO","Missouri","28a63eca-83b7-4bf9-bc9a-06e1923a25a4","Clarence J Wilson Jr DDS","-89.6554642326596","36.1906349621464","dentist","","109 E 5th St","Caruthersville","63830","MO","US","(573) 333-1550","","http://www.drdavidboyd.com","https://www.facebook.com/149145765129061","","0.9199122190475464","open","4","Foursquare | Overture | Overture-signals","Apache-2.0 | CDLA-Permissive-2.0","2025-08-22T00:00:00.000 | 2026-06-11T11:57:15Z | 2026-05-12T00:29:08Z | 2026-05-18T13:23:54Z | 2026-05-25T13:08:59Z | 2026-06-01T13:20:32Z | 2026-06-08T13:20:12Z"
"MO","Missouri","28ac6545-7cc6-4f86-8cd1-9893c88e1177","Aspen Dental - St Louis (South City) MO","-90.271738","38.591598","dentist","health_and_medical","4651 Chippewa St","Saint Louis","63116","MO","US","3146686579","","https://www.aspendental.com/dentist/mo/saint-louis/4651-chippewa-st","","","0.9655","","5","Microsoft | Overture","CDLA-Permissive-2.0","2025-10-03T20:37:24.773Z | 2026-06-11T11:57:15Z"
"MO","Missouri","28d7efdf-de06-468a-bdb5-9625b91d321e","James A Deere","-89.700353","36.427302","dentist","","205 E 4th St","Portageville","63873","MO","US","(573) 379-5407","drjamesdeere@yahoo.com","http://deeredentistry.com","https://www.facebook.com/110849462310859","","0.9199122190475464","open","4","Foursquare | Overture | Overture-signals","Apache-2.0 | CDLA-Permissive-2.0","2025-08-22T00:00:00.000 | 2026-06-11T11:57:15Z | 2026-05-12T00:29:08Z | 2026-05-18T13:23:54Z | 2026-05-25T13:08:59Z | 2026-06-01T13:20:32Z | 2026-06-08T13:20:12Z"
"MO","Missouri","28d8fc48-a0f3-4563-994f-929965b0c4f6","Yenzer Family Dental","-90.61808444","38.66796341","dentist","general_dentistry | cosmetic_dentist","17600 Chesterfield Airport Rd","Chesterfield","63005-1246","MO","US","+16367783019","yenzerdental@gmail.com","https://www.yenzerdental.com/","https://www.facebook.com/513304775437225","","0.9902192950248718","open","7","meta | Overture | Overture-signals","CDLA-Permissive-2.0","2026-04-27T00:00:00.000Z | 2026-06-11T11:57:15Z | 2026-05-12T00:29:08Z | 2026-05-18T13:23:54Z | 2026-05-25T13:08:59Z | 2026-06-01T13:20:32Z | 2026-06-08T13:20:12Z"
"MO","Missouri","291ac154-b274-452b-8bff-84aedd2d7b1e","Lee's Summit MO Family & Cosmetic Dentist","-94.377595","38.935802","dentist","teeth_whitening | hospital","1325 NE Douglas St","Lee's Summit","64086-4607","MO","US","+18165244200","sharlene@stitesdentalcare.com","http://www.StitesDentalCare.com/","https://www.facebook.com/290756727777532","","0.9309987425804138","","9","meta | Overture","CDLA-Permissive-2.0","2026-04-27T00:00:00.000Z | 2026-06-11T11:57:15Z"
"MO","Missouri","291c2890-16c2-4708-b47c-f51c60043309","Healthy Smiles Dental Center","-91.87579218","36.73114935","dentist","general_dentistry | medical_service_organizations","1710 W Broadway St","West Plains","65775-2246","MO","US","+14172564171","alyssa@healthysmilesdentalcenter.com","http://healthysmilesdentalcenter.com/","https://www.facebook.com/101243546298","Healthy Smiles Dental Center","0.9199122190475464","open","8","meta | Overture | Overture-signals","CDLA-Permissive-2.0","2026-04-27T00:00:00.000Z | 2026-06-11T11:57:15Z | 2026-05-12T00:29:08Z | 2026-05-18T13:23:54Z | 2026-05-25T13:08:59Z | 2026-06-01T13:20:32Z | 2026-06-08T13:20:12Z"
"MO","Missouri","2923663e-5897-4c0c-9f15-f17f05705df5","Kingston Dental Care","-90.30402396","38.48327183","dentist","general_dentistry | cosmetic_dentist","4442 Telegraph Rd","St Louis","63129-3316","MO","US","+13144870052","kingstondental@kingstondental.us","http://www.KingstonDentalSTL.com/","https://www.facebook.com/172367862864401","Kingston Dental Care","0.9998428694009781","","9","meta | Overture","CDLA-Permissive-2.0","2026-04-27T00:00:00.000Z | 2026-06-11T11:57:15Z"
"MO","Missouri","29a590d5-77cd-4dbe-8485-bbb3e792e1a6","Dale Alan Kunkel","-94.3871674997689","36.847141720292","dentist","","2040 La Questa Dr","Neosho","64850","MO","US","(417) 451-1566","","http://www.4statesdentalcare.com","https://www.facebook.com/117389164987816","","0.9199122190475464","open","4","Foursquare | Overture | Overture-signals","Apache-2.0 | CDLA-Permissive-2.0","2025-08-22T00:00:00.000 | 2026-06-11T11:57:15Z | 2026-05-12T00:29:08Z | 2026-05-18T13:23:54Z | 2026-05-25T13:08:59Z | 2026-06-01T13:20:32Z | 2026-06-08T13:20:12Z"
"MO","Missouri","29aaddeb-de98-43c7-a5da-dd5a46be9112","Dental Arts","-94.35257589","39.03770095","dentist","orthodontist | pediatric_dentist","19201 E Valley View Pkwy","Independence","64055-6913","MO","US","+18164783600","businessoffice@smilesinkc.com","http://www.dentalartskc.com/","https://www.facebook.com/128101943890338","Dental Arts","0.9902192950248718","open","8","meta | Overture | Overture-signals","CDLA-Permissive-2.0","2026-04-27T00:00:00.000Z | 2026-06-11T11:57:15Z | 2026-05-12T00:29:08Z | 2026-05-18T13:23:54Z | 2026-05-25T13:08:59Z | 2026-06-01T13:20:32Z | 2026-06-08T13:20:12Z"
"MO","Missouri","29c927df-8071-451b-a146-f205f7d54e0c","Triplett & Livingston Dental","-94.43955311","39.24357986","dentist","general_dentistry","1129 W Kansas St","Liberty","64068-2263","MO","US","+18167811224","dtriplett88@gmail.com","http://www.triplettdental.net/","https://www.facebook.com/213074372044343","Triplett & Livingston Dental","0.9199122190475464","open","9","meta | Overture | Overture-signals","CDLA-Permissive-2.0","2026-04-27T00:00:00.000Z | 2026-06-11T11:57:15Z | 2026-05-12T00:29:08Z | 2026-05-18T13:23:54Z | 2026-05-25T13:08:59Z | 2026-06-01T13:20:32Z | 2026-06-08T13:20:12Z"
"MO","Missouri","29d3e7b8-6da2-4d86-b0d2-fe1f0de12a18","Dr Deana Lynn Ball DDS","-91.7211281617388","40.4220152894978","dentist","","248 N Morgan St","Kahoka","63445","MO","US","(660) 727-1500","","http://www.nmhcinc.org","","","0.9199122190475464","open","4","Foursquare | Overture | Overture-signals","Apache-2.0 | CDLA-Permissive-2.0","2025-08-19T00:00:00.000 | 2026-06-11T11:57:15Z | 2026-05-12T00:29:08Z | 2026-05-18T13:23:54Z | 2026-05-25T13:08:59Z | 2026-06-01T13:20:32Z | 2026-06-08T13:20:12Z"
"MO","Missouri","2a2f6669-b7d9-475f-b8e9-d677c92bdceb","Pro Dent","-94.41584429","39.07200217","dentist","general_dentistry","1600 S Noland Rd","Independence","64055-1300","MO","US","+18168085533","brian@prodentkc.com","http://www.prodentkc.com/","https://www.facebook.com/1499643723585365","","0.9199122190475464","open","7","meta | Overture | Overture-signals","CDLA-Permissive-2.0","2026-04-27T00:00:00.000Z | 2026-06-11T11:57:15Z | 2026-05-12T00:29:08Z | 2026-05-18T13:23:54Z | 2026-05-25T13:08:59Z | 2026-06-01T13:20:32Z | 2026-06-08T13:20:12Z"
"MO","Missouri","2a771da1-3404-49d2-9e5b-e2ae4c34ac94","North Kansas City Dental","-94.5774660786335","39.1427483194601","dentist","","2000 Swift Ave","Kansas City","64116","MO","US","(816) 471-2911","info@nkcdental.com","http://nkcdental.com","https://www.twitter.com/nkcdental | https://www.facebook.com/161172820609959","","0.9199122190475464","open","4","Foursquare | Overture | Overture-signals","Apache-2.0 | CDLA-Permissive-2.0","2026-01-26T00:00:00.000 | 2026-06-11T11:57:15Z | 2026-05-12T00:29:08Z | 2026-05-18T13:23:54Z | 2026-05-25T13:08:59Z | 2026-06-01T13:20:32Z | 2026-06-08T13:20:12Z"
"MO","Missouri","2b1d2b54-f53a-4eca-9221-dbcf5b5a50d1","Children's Smile Center","-93.2325685074419","37.025260119472","dentist","","601 N 21st St","Ozark","65721","MO","US","(417) 582-5439","","http://www.childrenssmilecenter.org","","","0.9199122190475464","open","9","Foursquare | Overture | Overture-signals","Apache-2.0 | CDLA-Permissive-2.0","2025-08-22T00:00:00.000 | 2026-06-11T11:57:15Z | 2026-05-12T00:29:08Z | 2026-05-18T13:23:54Z | 2026-05-25T13:08:59Z | 2026-06-01T13:20:32Z | 2026-06-08T13:20:12Z"
"MO","Missouri","2bb8160f-7a97-4f20-a386-80626b542ef1","Mark Hesker and Associates","-90.44229437","38.6633376","dentist","general_dentistry | health_and_medical","450 N New Ballas Rd","St Louis","63141-6817","MO","US","+13145693337","frontdesk@heskerdental.com","https://onlinebooking.mydentistlink.com/3b4eb1af-435e-49ea-9c74-cf321bf8cc0e/84b77294-1ed9-4743-8cf5-db36f7a08a7d?style=no-header","https://www.facebook.com/1458472864408935","","0.9199122190475464","open","9","meta | Overture | Overture-signals","CDLA-Permissive-2.0","2026-04-27T00:00:00.000Z | 2026-06-11T11:57:15Z | 2026-05-12T00:29:08Z | 2026-05-18T13:23:54Z | 2026-05-25T13:08:59Z | 2026-06-01T13:20:32Z | 2026-06-08T13:20:12Z"
"MO","Missouri","2bc4affa-d68e-4ed2-9961-8f98f1cb414f","Marzouk M a DDS","-90.22719732","38.80378315","dentist","general_dentistry | health_and_medical","12408 Lusher Rd","St Louis","63138-1456","MO","US","+13147410666","","","https://www.facebook.com/154630084572536","","0.9199122190475464","open","7","meta | Overture | Overture-signals","CDLA-Permissive-2.0","2026-04-27T00:00:00.000Z | 2026-06-11T11:57:15Z | 2026-05-12T00:29:08Z | 2026-05-18T13:23:54Z | 2026-05-25T13:08:59Z | 2026-06-01T13:20:32Z | 2026-06-08T13:20:12Z"
"MO","Missouri","2be2d6d5-7e9f-48ae-9cda-6f279fb31ae8","Stanley David Snyder","-94.8740980879972","40.319226655304","dentist","","2825 S Main St","Maryville","64468","MO","US","(660) 582-8601","","http://patrickjordandds.com","https://www.facebook.com/105058749561968","","0.77","","5","Foursquare | Overture","Apache-2.0 | CDLA-Permissive-2.0","2025-06-01T00:00:00.000 | 2026-06-11T11:57:15Z"
"MO","Missouri","2c12201a-795e-419c-b285-bf0e48e5789a","Blackwell Nill and Francois","-94.38239812","38.92562292","dentist","orthodontist","10 NW Chipman Rd","Lee's Summit","64063-1929","MO","US","+18165246525","","http://www.blackwellnillfrancois.com","https://www.facebook.com/154514114585858","","0.9199122190475464","open","8","meta | Overture | Overture-signals","CDLA-Permissive-2.0","2026-04-27T00:00:00.000Z | 2026-06-11T11:57:15Z | 2026-05-12T00:29:08Z | 2026-05-18T13:23:54Z | 2026-05-25T13:08:59Z | 2026-06-01T13:20:32Z | 2026-06-08T13:20:12Z"
"MO","Missouri","2c49dc25-00c3-42b3-9aae-ea09d796db34","Dr. Robert M. Tait, DDS","-94.51895001","38.88777055","dentist","health_and_medical | bar","6503 E Main St","Grandview","64030-5407","MO","US","+18167633368","","https://tait-robert-m-dds-mo.hub.biz/","https://www.facebook.com/167505689932064","","0.9199122190475464","open","7","meta | Overture | Overture-signals","CDLA-Permissive-2.0","2026-04-27T00:00:00.000Z | 2026-06-11T11:57:15Z | 2026-05-12T00:29:08Z | 2026-05-18T13:23:54Z | 2026-05-25T13:08:59Z | 2026-06-01T13:20:32Z | 2026-06-08T13:20:12Z"
"MO","Missouri","2c987153-86a9-4e90-b1d9-a1f078e4df76","Comfort Dental","-94.52704843","38.90419334","dentist","general_dentistry","12200 15th St","Grandview","64030-1772","MO","US","+18163988046","grandview@comfortdental.biz","https://comfortdental.com/office/mo-grandview/?utm_source=facebook&utm_medium=organic&utm_campaign=Yext","https://www.facebook.com/194943271450678","Comfort Dental","0.9902192950248718","open","9","meta | Overture | Overture-signals","CDLA-Permissive-2.0","2026-04-27T00:00:00.000Z | 2026-06-11T11:57:15Z | 2026-05-12T00:29:08Z | 2026-05-18T13:23:54Z | 2026-05-25T13:08:59Z | 2026-06-01T13:20:32Z | 2026-06-08T13:20:12Z"
"MO","Missouri","2ccb26fb-2262-4a29-b114-bcac5c122866","Innovative Dental of Springfield","-93.2758549353969","37.1523574539837","dentist","","3424 S Culpepper Ct","Springfield","65804","MO","US","(417) 889-4746","info@idspringfield.com","http://idspringfield.com","https://www.facebook.com/410763795669830","","0.9199122190475464","open","4","Foursquare | Overture | Overture-signals","Apache-2.0 | CDLA-Permissive-2.0","2025-10-18T00:00:00.000 | 2026-06-11T11:57:15Z | 2026-05-12T00:29:08Z | 2026-05-18T13:23:54Z | 2026-05-25T13:08:59Z | 2026-06-01T13:20:32Z | 2026-06-08T13:20:12Z"
"MO","Missouri","2ccca0c5-7e95-4924-b42e-c9846b1f16ad","Dr. Keith Cooper DDS","-89.863849","37.724397","dentist","cosmetic_dentist | chiropractor","12 S Jackson St","Perryville","63775-2535","MO","US","+15735476520","","","https://www.facebook.com/127258794015225","","0.9650040864944458","","7","meta | Overture","CDLA-Permissive-2.0","2026-04-27T00:00:00.000Z | 2026-06-11T11:57:15Z"
"MO","Missouri","2d2426d4-4128-4f40-9119-3458d7e00c79","My Wildwood Dentist","-90.6297549","38.58223942","dentist","general_dentistry | medical_service_organizations","2751 Fountain Pl","Wildwood","63040-1202","MO","US","+16365351793","mywildwooddentist@mydentalmail.com","https://mywildwooddentist.com/","https://www.facebook.com/102962816471546","Dental Health Society online","0.9990652859210968","open","8","meta | Overture | Overture-signals","CDLA-Permissive-2.0","2026-04-27T00:00:00.000Z | 2026-06-11T11:57:15Z | 2026-05-12T00:29:08Z"
"MO","Missouri","2d35a354-7ec9-4ff9-8554-37b84d1a4c55","Hilltown Dental","-90.55356691","38.65826146","dentist","general_dentistry","175 Hilltown Village Ctr","Chesterfield","63017-1731","MO","US","+16365323311","admin@hilltowndental.com","http://www.hilltowndental.com/","https://www.facebook.com/1425128481110047","","0.998823618888855","","9","meta | Overture","CDLA-Permissive-2.0","2026-04-27T00:00:00.000Z | 2026-06-11T11:57:15Z"
"MO","Missouri","2d485216-8f08-40ab-b6cd-35979306f2d6","Aspen Dental","-90.357947","38.686978","dentist","","9011 Page Avenue","Overland","63114","MO","US","","","https://www.aspendental.com/dentist/mo/overland/9011-page-avenue/","","Aspen Dental","0.8","","3","AllThePlaces | Overture","CC0-1.0 | CDLA-Permissive-2.0","2026-06-02T15:18:54.000Z | 2026-06-11T11:57:15Z"
"MO","Missouri","2d915649-c57c-4bcd-a7cb-23f3aea0882c","Woods Mill Dental","-90.5154876708984","38.6421852111816","dentist","health_and_medical","14377 Woodlake Dr Ste 115","Chesterfield","63017","MO","US","3144696300","","http://www.woodsmilldentists.com/","","","0.9199122190475464","open","6","Microsoft | Overture | Overture-signals","CDLA-Permissive-2.0","2016-11-23T16:07:21.870Z | 2026-06-11T11:57:15Z | 2026-05-12T00:29:08Z | 2026-05-18T13:23:54Z | 2026-05-25T13:08:59Z | 2026-06-01T13:20:32Z | 2026-06-08T13:20:12Z"
"MO","Missouri","2da8e1e1-8e5c-4029-8bfc-d0af8bc0cd30","Orthotic & Prosthetic Lab","-90.5849720587649","38.7929947409434","dentist","medical_service_organizations | doctor","101 Olympic Way","St Peters","63376-1664","MO","US","+16364416400","","http://www.oandplabinc.com","https://www.facebook.com/163709303658220","Orthotic & Prosthetic Lab Inc.","0.6859847903251648","","7","meta | Overture","CDLA-Permissive-2.0","2026-04-27T00:00:00.000Z | 2026-06-11T11:57:15Z"
"MO","Missouri","2db878c9-4e0c-4d38-9ddb-52b359b7682d","Huber Orthodontic","-92.203295","38.565892","dentist","orthodontist | hospital","1303 Edgewood Dr","Jefferson City","65109-1943","MO","US","+15736364000","","http://www.huberortho.com","https://www.facebook.com/156088621073590","","0.9139488339424133","","8","meta | Overture","CDLA-Permissive-2.0","2026-04-27T00:00:00.000Z | 2026-06-11T11:57:15Z"
"MO","Missouri","2dd4462a-59b1-4c2c-b50a-835205342ddf","Westrock Orthodontics","-92.2244130525981","37.8141763924075","dentist","","100 Lafayette Cir","Waynesville","65583","MO","US","(573) 433-3442","waynesville@westrockortho.com","https://westrockortho.com/location/waynesville-mo/","https://www.twitter.com/strykersmiles | https://www.facebook.com/1052490244813334","","0.77","","5","Foursquare | Overture","Apache-2.0 | CDLA-Permissive-2.0","2025-09-03T00:00:00.000 | 2026-06-11T11:57:15Z"
"MO","Missouri","2dda97f3-8b3f-4e13-b4f0-452609a3c8b7","Fredericktown Family Dental","-90.30796337","37.55876664","dentist","general_dentistry | family_practice","731 W Main St","Fredericktown","63645-1113","MO","US","+15737834100","frontdesk@ftfdental.com","http://www.ftfdental.com/","https://www.facebook.com/276660195796413","","0.9199122190475464","open","7","meta | Overture | Overture-signals","CDLA-Permissive-2.0","2026-04-27T00:00:00.000Z | 2026-06-11T11:57:15Z | 2026-05-12T00:29:08Z | 2026-05-18T13:23:54Z | 2026-05-25T13:08:59Z | 2026-06-01T13:20:32Z | 2026-06-08T13:20:12Z"
"MO","Missouri","2e1f62a8-da9b-4a9b-9fff-9988d7d41172","Carrollwood Dental Group","-90.4185931888206","38.7560965238364","dentist","","12147 Natural Bridge Rd","Bridgeton","63044","MO","US","(314) 739-3700","carrollwooddental@edpsmiles.com","https://www.carrollwooddentalgroup.com","https://www.facebook.com/134184656633287","","0.9199122190475464","open","8","Foursquare | Overture | Overture-signals","Apache-2.0 | CDLA-Permissive-2.0","2023-07-18T00:00:00.000 | 2026-06-11T11:57:15Z | 2026-05-12T00:29:08Z | 2026-05-18T13:23:54Z | 2026-05-25T13:08:59Z | 2026-06-01T13:20:32Z | 2026-06-08T13:20:12Z"
"MO","Missouri","2e454874-2935-4c65-b7a0-18d4f09b3d81","Liberty Oaks Dental Group","-94.47636289","39.24349247","dentist","health_and_medical | cosmetic_dentist","8291 N Booth Ave","Kansas City","64158-7202","MO","US","+18167282979","libertyoaksdentalgroup@smilegeneration.com","https://www.LibertyOaksDentalGroup.com/?sc_cid=Facebook%3AO%3AGP%3A837%3ASocial%3AGeneral%3Ana&_vsrefdom=organic_social&y_source=1_MjY2MDk0Mi01NTktbG9jYXRpb24ud2Vic2l0ZQ%3D%3D","https://www.facebook.com/1649101215367230","Smile Generation","0.9902192950248718","open","7","meta | Overture | Overture-signals","CDLA-Permissive-2.0","2026-04-27T00:00:00.000Z | 2026-06-11T11:57:15Z | 2026-05-12T00:29:08Z | 2026-05-18T13:23:54Z | 2026-05-25T13:08:59Z | 2026-06-01T13:20:32Z | 2026-06-08T13:20:12Z"
"MO","Missouri","2e48f809-8820-4ec6-bff6-4f4f03863f1b","Sterling Dental Care","-92.33248295","38.91341211","dentist","general_dentistry | medical_service_organizations","3408 Buttonwood Dr","Columbia","65201-3718","MO","US","+15732567891","admin@sterlingdentalcare.com","http://www.sterlingdentalcare.com/","https://www.facebook.com/1909954482656342","Sterling Dental Care","0.9199122190475464","open","8","meta | Overture | Overture-signals","CDLA-Permissive-2.0","2026-04-27T00:00:00.000Z | 2026-06-11T11:57:15Z | 2026-05-12T00:29:08Z | 2026-05-18T13:23:54Z | 2026-05-25T13:08:59Z | 2026-06-01T13:20:32Z | 2026-06-08T13:20:12Z"
"MO","Missouri","2ec033cf-734c-43a2-af8d-3797fbd66288","Marden Dental","-90.3979481849165","38.5999680809798","dentist","","10322 Manchester Rd","Saint Louis","63122","MO","US","(314) 656-7501","","http://www.mardendental.com","","","0.9199122190475464","open","4","Foursquare | Overture | Overture-signals","Apache-2.0 | CDLA-Permissive-2.0","2024-01-04T00:00:00.000 | 2026-06-11T11:57:15Z | 2026-05-12T00:29:08Z | 2026-05-18T13:23:54Z | 2026-05-25T13:08:59Z | 2026-06-01T13:20:32Z | 2026-06-08T13:20:12Z"
"MO","Missouri","2ed463bc-d50c-43b3-8f6a-cae7ee7fee8f","Dr. Jon Krause","-92.64985158","37.66419896","dentist","general_dentistry | medical_service_organizations","1739 S Jefferson Ave","Lebanon","65536-3760","MO","US","+14175882562","jmkfamilydentist@hotmail.com","https://krause-jon-m-dds-pc-mo.hub.biz/","https://www.facebook.com/134280343290396","","0.7910556197166443","","8","meta | Overture","CDLA-Permissive-2.0","2026-04-27T00:00:00.000Z | 2026-06-11T11:57:15Z"
"MO","Missouri","2f27f07b-b3a2-4448-b1f3-9ab7a4eedaf3","Columbia Healthy Smiles","-92.36424325","38.92570412","dentist","general_dentistry","2516 Forum Blvd","Columbia","65203-5405","MO","US","+15738757071","info@columbiahealthysmiles.com","https://www.columbiahealthysmiles.com/","https://www.facebook.com/569611239819877","","0.9902192950248718","open","8","meta | Overture | Overture-signals","CDLA-Permissive-2.0","2026-04-27T00:00:00.000Z | 2026-06-11T11:57:15Z | 2026-05-12T00:29:08Z | 2026-05-18T13:23:54Z | 2026-05-25T13:08:59Z | 2026-06-01T13:20:32Z | 2026-06-08T13:20:12Z"
"MO","Missouri","2f3b92b2-910d-47b6-8344-8da2394e5d9c","Jordan Valley Dental Clinic","-93.2882187280524","37.2135413246365","dentist","","440 E Tampa St","Springfield","65806","MO","US","(417) 831-1050","","http://jordanvalley.org/services/dental/","","","0.9902192950248718","open","4","Foursquare | Overture | Overture-signals","Apache-2.0 | CDLA-Permissive-2.0","2024-11-15T00:00:00.000 | 2026-06-11T11:57:15Z | 2026-05-12T00:29:08Z | 2026-05-18T13:23:54Z | 2026-05-25T13:08:59Z | 2026-06-01T13:20:32Z | 2026-06-08T13:20:12Z"
"MO","Missouri","2fd41f47-1e36-4e25-bf20-9f7652606f2b","Craig Gaugh DDS","-90.351176","38.653373","dentist","health_and_medical","8859 Ladue Rd","Saint Louis","63124","MO","US","3142195249","","https://www.laduedentalgroup.com/meet-our-team/team-member.craig-gaugh-staff-id-21128.html?sc_cid=nonyext:provider:o:listing:owl_ct=2411","","","0.9199122190475464","open","6","Microsoft | Overture | Overture-signals","CDLA-Permissive-2.0","2025-09-05T11:16:56.807Z | 2026-06-11T11:57:15Z | 2026-05-12T00:29:08Z | 2026-05-18T13:23:54Z | 2026-05-25T13:08:59Z | 2026-06-01T13:20:32Z | 2026-06-08T13:20:12Z"
"MO","Missouri","302599c1-4e8a-4432-b09a-aa2008f8e6eb","Romanelli Dental","-94.59397932","38.99929741","dentist","general_dentistry","7110 Wornall Rd","Kansas City","64114-1344","MO","US","+18163639993","romanellidental@aol.com","http://www.romanellidental.com/","https://www.facebook.com/148262398545259","","0.9199122190475464","open","8","meta | Overture | Overture-signals","CDLA-Permissive-2.0","2026-04-27T00:00:00.000Z | 2026-06-11T11:57:15Z | 2026-05-12T00:29:08Z | 2026-05-18T13:23:54Z | 2026-05-25T13:08:59Z | 2026-06-01T13:20:32Z | 2026-06-08T13:20:12Z"
"MO","Missouri","30371a7b-0abf-4001-9d35-a45804239bae","MDIS","-92.24554282","38.57848787","dentist","insurance_agency","3340 American Ave","Jefferson City","65109-1088","MO","US","+15736368752","info@mdis4dds.com","https://www.mdis4dds.com/about-us/contact-us","https://www.facebook.com/200452457206174","MDIS - Insurance for Doctors, their practice, staff & family","0.9199122190475464","open","8","meta | Overture | Overture-signals","CDLA-Permissive-2.0","2026-04-27T00:00:00.000Z | 2026-06-11T11:57:15Z | 2026-05-12T00:29:08Z | 2026-05-18T13:23:54Z | 2026-05-25T13:08:59Z | 2026-06-01T13:20:32Z | 2026-06-08T13:20:12Z"
"MO","Missouri","308c5547-1975-4cf6-9891-3ad13cf9b686","Anna C Cameron","-94.393684","38.974707","dentist","health_and_medical","7900 Lees Summit Rd","Kansas City","64139","MO","US","8164046885","","","","","0.9199122190475464","open","6","Microsoft | Overture | Overture-signals","CDLA-Permissive-2.0","2024-02-14T20:07:34.250Z | 2026-06-11T11:57:15Z | 2026-05-12T00:29:08Z | 2026-05-18T13:23:54Z | 2026-05-25T13:08:59Z | 2026-06-01T13:20:32Z | 2026-06-08T13:20:12Z"
"MO","Missouri","310047c8-a22c-434d-a742-4415674b2670","Bogey Hills Dental","-90.53494638","38.78600993","dentist","general_dentistry | health_and_medical","1008 Country Club Rd","St Charles","63303-3364","MO","US","+16369460767","info@bogeyhillsdental.com","http://bogeyhillsdental.com/","https://www.facebook.com/161189073905645","","0.9199122190475464","open","9","meta | Overture | Overture-signals","CDLA-Permissive-2.0","2026-04-27T00:00:00.000Z | 2026-06-11T11:57:15Z | 2026-05-12T00:29:08Z | 2026-05-18T13:23:54Z | 2026-05-25T13:08:59Z | 2026-06-01T13:20:32Z | 2026-06-08T13:20:12Z"
"MO","Missouri","31841ef9-41e6-42dc-98ab-295a47a23b9f","Petal Dental","-94.5761636","39.2155558","dentist","health_and_medical","6651 N Oak Trfy","Kansas City","64118","MO","US","8164686767","","","","","0.85","","7","Microsoft | Overture","CDLA-Permissive-2.0","2025-07-24T07:13:17.477Z | 2026-06-11T11:57:15Z"
"MO","Missouri","31af5388-c272-4ada-8236-686ba2fcf6d6","Brentwood Family Dentistry","-90.34969987","38.61745616","dentist","endodontist | health_and_medical","8824 Litzsinger Rd","Brentwood","63144-2222","MO","US","+13149613221","jrhea@doctorrhea.com","https://brentwoodfamilydentistry.net/","https://www.facebook.com/397855226918493","","0.9199122190475464","open","7","meta | Overture | Overture-signals","CDLA-Permissive-2.0","2026-04-27T00:00:00.000Z | 2026-06-11T11:57:15Z | 2026-05-12T00:29:08Z | 2026-05-18T13:23:54Z | 2026-05-25T13:08:59Z | 2026-06-01T13:20:32Z | 2026-06-08T13:20:12Z"
"MO","Missouri","31ce0138-9b5e-41cf-a2db-a27b267e63d6","Hurley Family Dentistry","-90.51571889","38.64216792","dentist","general_dentistry | doctor","14377 Woodlake Dr","Town and Country","63017-5708","MO","US","+13145761777","hurleyfamdent@gmail.com","http://www.hurleyfamilydentistry.net/","https://www.facebook.com/1657587684502272","","0.9990470916032791","","8","meta | Overture","CDLA-Permissive-2.0","2026-04-27T00:00:00.000Z | 2026-06-11T11:57:15Z"
"MO","Missouri","32378322-320a-434f-a207-4fc9389d3426","Sullivan Family Dentistry","-91.15452733","38.21865897","dentist","general_dentistry | health_and_medical","413 Wal-Mart Dr","Sullivan","63080-3327","MO","US","+15732828895","sullivanfd@mydentalmail.com","https://sullivanfamilydentistry.com/","https://www.facebook.com/265774176770781","Dental Health Society online","0.9997952605485916","","8","meta | Overture","CDLA-Permissive-2.0","2026-04-27T00:00:00.000Z | 2026-06-11T11:57:15Z"
"MO","Missouri","329df3d7-2f6c-470d-b712-7270dc242cc2","Cassidy Dental Studio","-90.50080621","38.48391673","dentist","general_dentistry | professional_services","1676 Gravois Rd","High Ridge","63049-2606","MO","US","+16362125313","","http://www.cassidydentalstudio.com/","https://www.facebook.com/109948291279458","","0.9199122190475464","open","6","meta | Overture | Overture-signals","CDLA-Permissive-2.0","2026-04-27T00:00:00.000Z | 2026-06-11T11:57:15Z | 2026-05-12T00:29:08Z | 2026-05-18T13:23:54Z | 2026-05-25T13:08:59Z | 2026-06-01T13:20:32Z | 2026-06-08T13:20:12Z"
"MO","Missouri","32b9baee-5705-4040-aeb3-094543ebd17d","South St. Louis Dental Group","-90.3000617440503","38.5936044937254","dentist","","4620 Hampton Ave","Saint Louis","63109","MO","US","(314) 752-7468","lesterjoern@southstlouisdentalgroup.com","http://southstlouisdentalgroup.net","","","0.77","","5","Foursquare | Overture","Apache-2.0 | CDLA-Permissive-2.0","2025-12-22T00:00:00.000 | 2026-06-11T11:57:15Z"
"MO","Missouri","32cf67b1-51cc-4ac2-bcd1-6b18e79cb477","Thomas L Anderson, DDS and Associates","-94.58258019","39.10188844","dentist","general_dentistry | health_and_medical","1000 Walnut St","Kansas City","64106-2105","MO","US","+18164216667","info@theperfectsmilekc.com","http://theperfectsmilekc.com/contact.php","https://www.facebook.com/135455169883307","APN Dental","0.9809349179267883","","9","meta | Overture","CDLA-Permissive-2.0","2026-04-27T00:00:00.000Z | 2026-06-11T11:57:15Z"
"MO","Missouri","32e9a0ac-4a87-432b-acc8-ff9cb4b371d2","Goldstein Dental Office","-94.4484389","36.64849565","dentist","general_dentistry | health_and_medical","407 High St","Anderson","64831-8451","MO","US","+14178456384","","","https://www.facebook.com/120860398002367","","0.9199122190475464","open","7","meta | Overture | Overture-signals","CDLA-Permissive-2.0","2026-04-27T00:00:00.000Z | 2026-06-11T11:57:15Z | 2026-05-12T00:29:08Z | 2026-05-18T13:23:54Z | 2026-05-25T13:08:59Z | 2026-06-01T13:20:32Z | 2026-06-08T13:20:12Z"
"MO","Missouri","32eacee2-802c-4eed-8d57-c38fd301904d","Gentle Healthy Smiles","-91.87626003","39.17887888","dentist","general_dentistry | health_and_medical","626 E Summit St","Mexico","65265-3213","MO","US","+15735946166","ghsdrpapa@gmail.com","http://www.gentlehealthysmiles.com/","https://www.facebook.com/1630992760250311","Gentle Healthy Smiles","0.9199122190475464","open","10","meta | Overture | Overture-signals","CDLA-Permissive-2.0","2026-04-27T00:00:00.000Z | 2026-06-11T11:57:15Z | 2026-05-12T00:29:08Z | 2026-05-18T13:23:54Z | 2026-05-25T13:08:59Z | 2026-06-01T13:20:32Z | 2026-06-08T13:20:12Z"
"MO","Missouri","3311cd01-e296-4ee2-a900-112f38cc0357","Duane C. Keller, DMD","-90.2853240725467","38.5446332105283","dentist","","3955 Bayless Ave Ste 100","Saint Louis","63125","MO","US","(314) 638-4190","erica@drduanekeller.com","http://baylessdentalgroup.com","https://www.facebook.com/409735795767857","","0.9199122190475464","open","4","Foursquare | Overture | Overture-signals","Apache-2.0 | CDLA-Permissive-2.0","2023-03-03T00:00:00.000 | 2026-06-11T11:57:15Z | 2026-05-12T00:29:08Z | 2026-05-18T13:23:54Z | 2026-05-25T13:08:59Z | 2026-06-01T13:20:32Z | 2026-06-08T13:20:12Z"
"MO","Missouri","331a4ee4-5fd1-4477-bf15-8adbe618a2eb","Benjamin D Rosenberg DDS","-94.5273529501598","37.0620791116185","dentist","","2602 S Picher Ave","Joplin","64804","MO","US","(417) 781-2220","","http://www.joplinchildrensdentistry.com","https://www.facebook.com/103931239673149","","0.9199122190475464","open","4","Foursquare | Overture | Overture-signals","Apache-2.0 | CDLA-Permissive-2.0","2025-08-22T00:00:00.000 | 2026-06-11T11:57:15Z | 2026-05-12T00:29:08Z | 2026-05-18T13:23:54Z | 2026-05-25T13:08:59Z | 2026-06-01T13:20:32Z | 2026-06-08T13:20:12Z"
"MO","Missouri","331a6cf3-6268-4142-a183-1d9b72ddb16e","Fenton Dentist Office - Free Sonicare","-90.44901","38.50614","dentist","health_and_medical","750 Gravois Bluffs Blvd","Fenton","63026-7720","MO","US","+16363331383","","http://newpatients.premierdentalpartners.com/fenton-coupon/","https://www.facebook.com/536432743206397","Fenton Dentist Office - Free Sonicare","0.6587486267089844","","9","meta | Overture","CDLA-Permissive-2.0","2026-04-27T00:00:00.000Z | 2026-06-11T11:57:15Z"
"MO","Missouri","332525ca-8094-45d3-a9f8-40e3a05e0117","Accent Dental Center","-90.3398739128961","38.6533626714114","dentist","","141 N Meramec Ave #14","Clayton","63105","MO","US","(314) 862-2006","info@accentdentalclayton.com","http://www.accentdentalclayton.com","","","0.9199122190475464","open","4","Foursquare | Overture | Overture-signals","Apache-2.0 | CDLA-Permissive-2.0","2025-08-22T00:00:00.000 | 2026-06-11T11:57:15Z | 2026-05-12T00:29:08Z | 2026-05-18T13:23:54Z | 2026-05-25T13:08:59Z | 2026-06-01T13:20:32Z | 2026-06-08T13:20:12Z"
"MO","Missouri","33423604-f6f8-4751-9fc5-1f4d9a6bc006","Symmetry Dental Direct","-90.327374","38.577951","dentist","","7534 Watson Rd","St. Louis","63119","MO","US","(314) 481-0400","","http://www.symmetrydental.com","","","0.9199122190475464","open","4","Foursquare | Overture | Overture-signals","Apache-2.0 | CDLA-Permissive-2.0","2025-03-20T00:00:00.000 | 2026-06-11T11:57:15Z | 2026-05-12T00:29:08Z | 2026-05-18T13:23:54Z | 2026-05-25T13:08:59Z | 2026-06-01T13:20:32Z | 2026-06-08T13:20:12Z"
"MO","Missouri","334c1ce5-f1eb-4cc5-85e5-7a45f8ff80ab","Aspen Dental","-92.2971664","38.947508","dentist","","2910 Trimble Rd STE 109","Columbia","65201","MO","US","","","https://www.aspendental.com/dentist/mo/columbia/2910-trimble-rd-ste-109/","","Aspen Dental","0.8","","2","AllThePlaces | Overture","CC0-1.0 | CDLA-Permissive-2.0","2026-06-02T15:18:54.000Z | 2026-06-11T11:57:15Z"
"MO","Missouri","337507fa-c316-4c33-96dd-736d2c867c9c","Nelson E Farney DDS","-94.36407","39.03138","dentist","health_and_medical | teeth_whitening","4801 S Cliff Ave","Independence","64055-6954","MO","US","+18164613660","nelsonfarneydds@gmail.com","http://www.dentistbluesprings.com/","https://www.facebook.com/154128167956740","","0.9612668752670288","","8","meta | Overture","CDLA-Permissive-2.0","2026-04-27T00:00:00.000Z | 2026-06-11T11:57:15Z"
"MO","Missouri","340f2284-167f-4c2a-bd6d-b8d54778bd19","Rockwood Orthodontics","-90.627852378723","38.4948969802054","dentist","orthodontist | cosmetic_dentist","54 The Legends Pkwy","Eureka","63025-3803","MO","US","+16369387766","","http://www.bankheadandfirthortho.com/","https://www.facebook.com/122931131096353","Bankhead and Firth Orthodontics P.C.","0.9832882285118103","","8","meta | Overture","CDLA-Permissive-2.0","2026-04-27T00:00:00.000Z | 2026-06-11T11:57:15Z"
"MO","Missouri","34458ef3-a7db-4db0-8718-f381b2a10f47","Travis and Nolen Oral and Maxillofacial Surgery","-90.30853778","38.77411874","dentist","oral_surgeon | doctor","4585 Washington St","Florissant","63033-5842","MO","US","+13149211129","contact@gatewayoralstl.com","http://www.travisandnolen.com/","https://www.facebook.com/773304209429097","Travis and Nolen Oral Surgery","0.9199122190475464","open","8","meta | Overture | Overture-signals","CDLA-Permissive-2.0","2026-04-27T00:00:00.000Z | 2026-06-11T11:57:15Z | 2026-05-12T00:29:08Z | 2026-05-18T13:23:54Z | 2026-05-25T13:08:59Z | 2026-06-01T13:20:32Z | 2026-06-08T13:20:12Z"
"MO","Missouri","346c5fb5-b319-4bc8-9993-004fcd87c068","John E. Gentles, D.D.S.","-90.27959927","38.81679471","dentist","health_and_medical | doctor","4143 Lindbergh Blvd","Florissant","63034-2825","MO","US","+13143551401","","https://gentles-john-e.hub.biz/","https://www.facebook.com/147700068583469","","0.9199122190475464","open","6","meta | Overture | Overture-signals","CDLA-Permissive-2.0","2026-04-27T00:00:00.000Z | 2026-06-11T11:57:15Z | 2026-05-12T00:29:08Z | 2026-05-18T13:23:54Z | 2026-05-25T13:08:59Z | 2026-06-01T13:20:32Z | 2026-06-08T13:20:12Z"
"MO","Missouri","34ac7836-4d77-48de-bac4-ae6e9c0fda16","Dr. Jacky Standlee DDS","-92.238594","38.570869","dentist","family_practice | public_and_government_association","994 Diamond Rdg","Jefferson City","65109-6885","MO","US","+15738934402","","http://westsidedental.com","https://www.facebook.com/118018458255986","Westside Dental Athlone","0.8901926875114441","","9","meta | Overture","CDLA-Permissive-2.0","2026-04-27T00:00:00.000Z | 2026-06-11T11:57:15Z"
"MO","Missouri","34e2e6a2-8e7c-4270-aa78-0e4f7309fcf8","Reed Richard DDS","-94.5038539667083","37.069862258055","dentist","","1009 E 20th St","Joplin","64804","MO","US","(417) 623-2440","docreed@richardjreeddds.com","http://www.richardjreeddds.com","https://www.facebook.com/432895620078632","","0.9199122190475464","open","4","Foursquare | Overture | Overture-signals","Apache-2.0 | CDLA-Permissive-2.0","2025-08-22T00:00:00.000 | 2026-06-11T11:57:15Z | 2026-05-12T00:29:08Z | 2026-05-18T13:23:54Z | 2026-05-25T13:08:59Z | 2026-06-01T13:20:32Z | 2026-06-08T13:20:12Z"
"MO","Missouri","3530883e-99ea-4990-9641-710074243aea","Dental Art and Design","-94.57231088","38.93727343","dentist","laboratory_testing","1421 E 104th St","Kansas City","64131-4558","MO","US","+18168920059","info@dentalartanddesign.com","http://www.dentalartanddesign.com/","https://www.facebook.com/108729395110077","","0.9199122190475464","open","6","meta | Overture | Overture-signals","CDLA-Permissive-2.0","2026-04-27T00:00:00.000Z | 2026-06-11T11:57:15Z | 2026-05-12T00:29:08Z | 2026-05-18T13:23:54Z | 2026-05-25T13:08:59Z | 2026-06-01T13:20:32Z | 2026-06-08T13:20:12Z"
"MO","Missouri","35884cfe-c3ac-4627-a6be-578e84cd2457","Southeast Missouri Oral & Maxillofacial Surgery","-89.5729209026839","37.3253589141807","dentist","","1325 N Mount Auburn Rd","Cape Girardeau","63701","MO","US","(573) 334-5566","janet.hanna@semooralsurgery.com","http://www.semooralsurgery.com","https://www.facebook.com/201565589866490","","0.9199122190475464","open","4","Foursquare | Overture | Overture-signals","Apache-2.0 | CDLA-Permissive-2.0","2025-08-22T00:00:00.000 | 2026-06-11T11:57:15Z | 2026-05-12T00:29:08Z | 2026-05-18T13:23:54Z | 2026-05-25T13:08:59Z | 2026-06-01T13:20:32Z | 2026-06-08T13:20:12Z"
"MO","Missouri","35ae3d62-9aa5-44a4-9b50-095763b34605","Dr. Andrew Hamilton","-92.30988509","38.93286253","dentist","medical_service_organizations | optometrist","1310 Old 63 S","Columbia","65201-6078","MO","US","+15734490749","","http://www.alwaysremembered.com/","https://www.facebook.com/271671346205097","Always Remembered","0.8981897234916687","","7","meta | Overture","CDLA-Permissive-2.0","2026-04-27T00:00:00.000Z | 2026-06-11T11:57:15Z"
"MO","Missouri","35b5fc1c-edaf-4f4d-9b2d-b366e96409f6","Jason Allen Dentist","-90.2724145341566","38.6170073636143","dentist","","","Saint Louis","63110","MO","US","(314) 776-7800","","http://www.jasonlallendmd.com","https://www.facebook.com/167366219946937","","0.77","","5","Foursquare | Overture","Apache-2.0 | CDLA-Permissive-2.0","2020-12-08T00:00:00.000 | 2026-06-11T11:57:15Z"
"MO","Missouri","35e031f1-bda1-46bf-bcae-1e55a695555f","The Dental Anesthesia Center","-90.34462118","38.63867676","dentist","","950 Francis Pl","Clayton","63105-2410","MO","US","+13148627844","secure@dac950.com","https://www.dentalsleepstlouis.com/","https://www.facebook.com/66842314629","The Dental Anesthesia Center - SLEEP DENTISTRY ST. LOUIS","0.9902192950248718","open","9","meta | Overture | Overture-signals","CDLA-Permissive-2.0","2026-04-27T00:00:00.000Z | 2026-06-11T11:57:15Z | 2026-05-12T00:29:08Z | 2026-05-18T13:23:54Z | 2026-05-25T13:08:59Z | 2026-06-01T13:20:32Z | 2026-06-08T13:20:12Z"
"MO","Missouri","35e8f4be-7ce5-41de-bf9b-46278361acf4","Republic Dental Care","-93.4922027587891","37.1074714660645","dentist","","834 S Illinois Ave","Republic","65738","MO","US","","","https://republictexasdental.com","https://www.facebook.com/171180966255326","","0.9199122190475464","open","4","Foursquare | Overture | Overture-signals","Apache-2.0 | CDLA-Permissive-2.0","2025-08-22T00:00:00.000 | 2026-06-11T11:57:15Z | 2026-05-12T00:29:08Z | 2026-05-18T13:23:54Z | 2026-05-25T13:08:59Z | 2026-06-01T13:20:32Z | 2026-06-08T13:20:12Z"
"MO","Missouri","360c62ae-3c67-4b77-903c-da5482c0dc6f","Goodman Dentistry","-93.40989775","37.61490098","dentist","general_dentistry | cosmetic_dentist","305 E Broadway St","Bolivar","65613-1686","MO","US","+14173264113","goodman.dentistry@gmail.com","https://danieltgoodmandds.com/","https://www.facebook.com/2141429929519841","","0.9199122190475464","open","8","meta | Overture | Overture-signals","CDLA-Permissive-2.0","2026-04-27T00:00:00.000Z | 2026-06-11T11:57:15Z | 2026-05-12T00:29:08Z | 2026-05-18T13:23:54Z | 2026-05-25T13:08:59Z | 2026-06-01T13:20:32Z | 2026-06-08T13:20:12Z"
"MO","Missouri","36363e98-0c25-4648-aab9-01c306d829f6","William T. Kane, D.D.S., M.B.A.","-89.97258432","36.80341925","dentist","general_dentistry","913 W Business US Highway 60","Dexter","63841-2735","MO","US","+15736247456","info@kaneandtaylor.com","http://www.doctorkane.com","https://www.facebook.com/162297360505133","","0.9199122190475464","open","8","meta | Overture | Overture-signals","CDLA-Permissive-2.0","2026-04-27T00:00:00.000Z | 2026-06-11T11:57:15Z | 2026-05-12T00:29:08Z | 2026-05-18T13:23:54Z | 2026-05-25T13:08:59Z | 2026-06-01T13:20:32Z | 2026-06-08T13:20:12Z"
"MO","Missouri","3651118b-e89a-4669-a478-7635176fd300","Darren Hallums, DDS, MS","-94.4790839242629","37.0641550201053","dentist","","2330 S Range Line Rd Ste E","Joplin","64804","MO","US","(417) 625-1114","","https://uncommonortho.com","https://www.facebook.com/524354034354014","","0.9199122190475464","open","4","Foursquare | Overture | Overture-signals","Apache-2.0 | CDLA-Permissive-2.0","2020-11-16T00:00:00.000 | 2026-06-11T11:57:15Z | 2026-05-12T00:29:08Z | 2026-05-18T13:23:54Z | 2026-05-25T13:08:59Z | 2026-06-01T13:20:32Z | 2026-06-08T13:20:12Z"
"MO","Missouri","368588ac-7cc5-4852-93ad-c21ff48602f9","Dentists of St. Peters","-90.62541028","38.78870875","dentist","general_dentistry | health_and_medical","7080 Mexico Rd","St Peters","63376-1574","MO","US","+16363626723","dentistsofstpeters@smilegeneration.com","https://www.DentistsofStPeters.com/?sc_cid=Facebook%3AO%3AGP%3A821%3ASocial%3AGeneral%3Ana&_vsrefdom=organic_social&y_source=1_MTM4Nzg0NDItNTU5LWxvY2F0aW9uLndlYnNpdGU%3D","https://www.facebook.com/110599963726309","Smile Generation","0.9902192950248718","open","7","meta | Overture | Overture-signals","CDLA-Permissive-2.0","2026-04-27T00:00:00.000Z | 2026-06-11T11:57:15Z | 2026-05-12T00:29:08Z | 2026-05-18T13:23:54Z | 2026-05-25T13:08:59Z | 2026-06-01T13:20:32Z | 2026-06-08T13:20:12Z"
"MO","Missouri","36a02e93-e6d1-4de6-baaf-222df625820a","Osage Dental Group","-90.74614294","38.48427373","dentist","general_dentistry | orthodontist","421 W Osage St","Pacific","63069-1332","MO","US","+16362575515","odgsmiles@yahoo.com","https://www.osagedentalgroup.net/","https://www.facebook.com/480126985353456","","0.9199122190475464","open","9","meta | Overture | Overture-signals","CDLA-Permissive-2.0","2026-04-27T00:00:00.000Z | 2026-06-11T11:57:15Z | 2026-05-12T00:29:08Z | 2026-05-18T13:23:54Z | 2026-05-25T13:08:59Z | 2026-06-01T13:20:32Z | 2026-06-08T13:20:12Z"
"MO","Missouri","36cf20bc-9aa9-44e8-8e05-cce8bdb1855c","Saint Louis Smile Salon, Dr. Keith A. Nikodem DDS","-90.3312796717552","38.5000720754193","dentist","","4420 Lemay Ferry Rd","Saint Louis","63129","MO","US","(314) 487-1515","","http://www.stlsmilesalon.com/#w29E65","https://www.twitter.com/keithnikodemdds","","0.9199122190475464","open","4","Foursquare | Overture | Overture-signals","Apache-2.0 | CDLA-Permissive-2.0","2021-02-25T00:00:00.000 | 2026-06-11T11:57:15Z | 2026-05-12T00:29:08Z | 2026-05-18T13:23:54Z | 2026-05-25T13:08:59Z | 2026-06-01T13:20:32Z | 2026-06-08T13:20:12Z"
"MO","Missouri","36dd235e-104e-4f0d-84dd-dad86d97dff0","Varble Orthodontics","-90.530763","38.758889","dentist","orthodontist | medical_service_organizations","2050 Bluestone Dr","St Charles","63303-5977","MO","US","+13145673444","","http://varbleorthodontics.com","https://www.facebook.com/191538764827653","Varble Orthodontics","0.9199122190475464","open","8","meta | Overture | Overture-signals","CDLA-Permissive-2.0","2026-04-27T00:00:00.000Z | 2026-06-11T11:57:15Z | 2026-05-12T00:29:08Z | 2026-05-18T13:23:54Z | 2026-05-25T13:08:59Z | 2026-06-01T13:20:32Z | 2026-06-08T13:20:12Z"
"MO","Missouri","3710e6d9-2a14-4f42-8210-6e1d2ce2c94d","Affordable Dentures & Implants","-94.49656346","38.81386508","dentist","general_dentistry | cosmetic_dentist","17049 Bel Ray Blvd","Belton","64012","MO","US","+18166436316","fda12916@affordabledentures.com","https://www.affordabledentures.com/locations/mo/belton?utm_source=Facebook&utm_medium=Organic_Listing&utm_campaign=12916","https://www.facebook.com/392754610919254","Affordable Dentures & Implants","0.9998187832534313","","9","meta | Overture","CDLA-Permissive-2.0","2026-04-27T00:00:00.000Z | 2026-06-11T11:57:15Z"
"MO","Missouri","371d758d-6d4c-452c-b212-eb7adf31ff65","Eagles Landing Dental Care","-94.43212547","39.23657548","dentist","general_dentistry | health_and_medical","950 Sutton Pl","Liberty","64068-2294","MO","US","+18163076328","eagleslandingdc@mydentalmail.com","http://eagleslandingdentalcare.com/","https://www.facebook.com/101162222658859","Dental Health Society online","0.9902192950248718","open","8","meta | Overture | Overture-signals","CDLA-Permissive-2.0","2026-04-27T00:00:00.000Z | 2026-06-11T11:57:15Z | 2026-05-12T00:29:08Z | 2026-05-18T13:23:54Z | 2026-05-25T13:08:59Z | 2026-06-01T13:20:32Z | 2026-06-08T13:20:12Z"
"MO","Missouri","376abeae-e4aa-4e37-8c7a-3d8971816593","Olson Family Dental","-93.30596133","37.15985095","dentist","general_dentistry","1036 W Battlefield St","Springfield","65807","MO","US","+14178234900","scottolsondmd@gmail.com","https://www.springfielddentist.net/","https://www.facebook.com/338328566195","","0.9199122190475464","open","8","meta | Overture | Overture-signals","CDLA-Permissive-2.0","2026-04-27T00:00:00.000Z | 2026-06-11T11:57:15Z | 2026-05-12T00:29:08Z | 2026-05-18T13:23:54Z | 2026-05-25T13:08:59Z | 2026-06-01T13:20:32Z | 2026-06-08T13:20:12Z"
"MO","Missouri","37709ffe-e54c-4544-8d95-e623594774a1","Cutting Edge Dental Lab","-94.60013248","39.18250917","dentist","medical_service_organizations | health_and_medical","1522 NW Vivion Rd","Kansas City","64118-4557","MO","US","+18167412200","cuttingedgedental@sbcglobal.net","http://www.cuttingedgedentallab.com/home.html","https://www.facebook.com/137864699586358","","0.9199122190475464","open","8","meta | Overture | Overture-signals","CDLA-Permissive-2.0","2026-04-27T00:00:00.000Z | 2026-06-11T11:57:15Z | 2026-05-12T00:29:08Z | 2026-05-18T13:23:54Z | 2026-05-25T13:08:59Z | 2026-06-01T13:20:32Z | 2026-06-08T13:20:12Z"
"MO","Missouri","37c52b2f-117a-45a5-99be-1cd1015a1f8e","Binkley James M DDS","-94.35411998","38.48056998","dentist","general_dentistry | medical_service_organizations","402 S Main St","Archie","64725-9611","MO","US","+18162935980","","","https://www.facebook.com/133593800026140","","0.9199122190475464","open","8","meta | Overture | Overture-signals","CDLA-Permissive-2.0","2026-04-27T00:00:00.000Z | 2026-06-11T11:57:15Z | 2026-05-12T00:29:08Z | 2026-05-18T13:23:54Z | 2026-05-25T13:08:59Z | 2026-06-01T13:20:32Z | 2026-06-08T13:20:12Z"
"MO","Missouri","37f42a98-0905-4168-963e-3dc0c395f67e","Missouri Highlands Dental","-90.96816022","37.24143238","dentist","medical_service_organizations | hospital","115 W Walnut St","Ellington","63638-9300","MO","US","+15736633177","","http://www.mohigh.org","https://www.facebook.com/166570093436144","","0.9696528911590576","","2","meta | Overture","CDLA-Permissive-2.0","2026-04-27T00:00:00.000Z | 2026-06-11T11:57:15Z"
"MO","Missouri","381c1d55-69af-4f67-a3a6-4a73a10e4c3a","Hawk Ridge Dental Care","-90.80063654","38.76171474","dentist","general_dentistry | medical_service_organizations","8631 Highway N","Lake St Louis","63367-4063","MO","US","+16365614540","email@hawkridgedentalcare.com","http://www.hawkridgedentalcare.com","https://www.facebook.com/153579019808","","0.9989072090387344","open","9","meta | Overture | Overture-signals","CDLA-Permissive-2.0","2026-04-27T00:00:00.000Z | 2026-06-11T11:57:15Z | 2026-05-12T00:29:08Z | 2026-06-08T13:20:12Z"
"MO","Missouri","3894dafb-030c-448c-8d82-e6de351c66b0","Horan & Becker Oral Surgery","-93.2712937335938","37.1449516354152","dentist","","3820 S Fremont Ave","Springfield","65804","MO","US","(417) 882-0948","","http://www.horanbeckerdarling.com","https://www.facebook.com/158595584195908","","0.9199122190475464","open","4","Foursquare | Overture | Overture-signals","Apache-2.0 | CDLA-Permissive-2.0","2024-01-22T00:00:00.000 | 2026-06-11T11:57:15Z | 2026-05-12T00:29:08Z | 2026-05-18T13:23:54Z | 2026-05-25T13:08:59Z | 2026-06-01T13:20:32Z | 2026-06-08T13:20:12Z"
"MO","Missouri","38c6561d-5cfb-4c25-b27f-bcdcdb746dce","Plattner Family and Cosmetic Dentistry","-93.7190010738204","39.0720831930651","dentist","","3700 State Highway 13","Higginsville","64037","MO","US","(660) 584-8000","","https://plattnerdentistry.com","","","0.77","","5","Foursquare | Overture","Apache-2.0 | CDLA-Permissive-2.0","2025-02-09T00:00:00.000 | 2026-06-11T11:57:15Z"
"MO","Missouri","393396ab-c0bc-449c-bc52-ce14934556b5","Ballwin Family Smiles","-90.55413417","38.59250215","dentist","general_dentistry","15208 Manchester Rd","Ballwin","63011-4601","MO","US","+16362383197","info@ballwinfamilysmiles.com","http://BallwinFamilySmiles.com/","https://www.facebook.com/164065906962638","","0.9902192950248718","open","8","meta | Overture | Overture-signals","CDLA-Permissive-2.0","2026-04-27T00:00:00.000Z | 2026-06-11T11:57:15Z | 2026-05-12T00:29:08Z | 2026-05-18T13:23:54Z | 2026-05-25T13:08:59Z | 2026-06-01T13:20:32Z | 2026-06-08T13:20:12Z"
"MO","Missouri","3945d97c-05be-4e90-9f27-a33e81c562a8","Richard Stephen Gilman","-94.597486","38.960172","dentist","","9233 Ward Pkwy Ste 330","Kansas City","64114","MO","US","(816) 444-8822","mail@gilmanperio.com","http://www.gilmanperio.com","","","0.9199122190475464","open","4","Foursquare | Overture | Overture-signals","Apache-2.0 | CDLA-Permissive-2.0","2025-08-22T00:00:00.000 | 2026-06-11T11:57:15Z | 2026-05-12T00:29:08Z | 2026-05-18T13:23:54Z | 2026-05-25T13:08:59Z | 2026-06-01T13:20:32Z | 2026-06-08T13:20:12Z"
"MO","Missouri","3966c88d-b00f-452d-9749-bfedfbc16c5d","Shouman & Tegerdine Family Dentistry","-92.3626068","38.92786114","dentist","general_dentistry | doctor","2216 Forum Blvd","Columbia","65203-5403","MO","US","+15734490096","info@shouman-tegerdine.com","http://www.shouman-tegerdine.com/","https://www.facebook.com/120289401338759","","0.9199122190475464","open","8","meta | Overture | Overture-signals","CDLA-Permissive-2.0","2026-04-27T00:00:00.000Z | 2026-06-11T11:57:15Z | 2026-05-12T00:29:08Z | 2026-05-18T13:23:54Z | 2026-05-25T13:08:59Z | 2026-06-01T13:20:32Z | 2026-06-08T13:20:12Z"
"MO","Missouri","39aaefcb-486e-4ba2-9c7a-ac6a6dee7688","Clear Choice","-90.44383054","38.66594686","dentist","cosmetic_dentist","555 N New Ballas Rd","St Louis","63141-6825","MO","US","+13142664959","jfallert@clearchoice.com","http://www.clearchoice.com/","https://www.facebook.com/119016331520154","Clearchoice","0.9199122190475464","open","10","meta | Overture | Overture-signals","CDLA-Permissive-2.0","2026-04-27T00:00:00.000Z | 2026-06-11T11:57:15Z | 2026-05-12T00:29:08Z | 2026-05-18T13:23:54Z | 2026-05-25T13:08:59Z | 2026-06-01T13:20:32Z | 2026-06-08T13:20:12Z"
"MO","Missouri","39b306bd-9a17-4fc5-862f-fd4c3d709e12","Kurt A. Aarons, D.D.S.","-94.598106","39.047302","dentist","pediatric_dentist | health_and_medical","4411 Belleview Ave","Kansas City","64111-3516","MO","US","+18165312070","kurtaaronsdds@gmail.com","http://kurtaaronsdds.com/","https://www.facebook.com/198183080309739","","0.9199122190475464","open","8","meta | Overture | Overture-signals","CDLA-Permissive-2.0","2026-04-27T00:00:00.000Z | 2026-06-11T11:57:15Z | 2026-05-12T00:29:08Z | 2026-05-18T13:23:54Z | 2026-05-25T13:08:59Z | 2026-06-01T13:20:32Z | 2026-06-08T13:20:12Z"
"MO","Missouri","39c22157-ce4a-483e-baa5-41b4b1535d6f","Courtney Kanive","-90.8669130766276","38.8254697308231","dentist","","1006 Schroeder Creek Blvd Ste 1006","Wentzville","63385","MO","US","(636) 327-7177","","http://wentzvilleendodontics.com","","","0.9199122190475464","open","4","Foursquare | Overture | Overture-signals","Apache-2.0 | CDLA-Permissive-2.0","2025-08-22T00:00:00.000 | 2026-06-11T11:57:15Z | 2026-05-12T00:29:08Z | 2026-05-18T13:23:54Z | 2026-05-25T13:08:59Z | 2026-06-01T13:20:32Z | 2026-06-08T13:20:12Z"
"MO","Missouri","39cb4e86-a2a4-4043-a58a-ce2a65fea2a8","Preston Family Dental","-93.47034996","37.11798216","dentist","general_dentistry | health_and_medical","604 E Elm St","Republic","65738-1552","MO","US","+14177327874","smiles@prestondentalteam.com","http://www.prestondentalteam.com/","https://www.facebook.com/189368454426119","","0.9199122190475464","open","7","meta | Overture | Overture-signals","CDLA-Permissive-2.0","2026-04-27T00:00:00.000Z | 2026-06-11T11:57:15Z | 2026-05-12T00:29:08Z | 2026-05-18T13:23:54Z | 2026-05-25T13:08:59Z | 2026-06-01T13:20:32Z | 2026-06-08T13:20:12Z"
"MO","Missouri","3a119702-ec49-4ba9-a7e5-68f4d4ef06ce","Terry J Burpo","-93.5716820485694","36.9048253032021","dentist","","204 N Commerce St","Crane","65633","MO","US","(417) 723-1723","","http://www.cranefamilydentistry.com","","","0.9199122190475464","open","4","Foursquare | Overture | Overture-signals","Apache-2.0 | CDLA-Permissive-2.0","2025-08-22T00:00:00.000 | 2026-06-11T11:57:15Z | 2026-05-12T00:29:08Z | 2026-05-18T13:23:54Z | 2026-05-25T13:08:59Z | 2026-06-01T13:20:32Z | 2026-06-08T13:20:12Z"
"MO","Missouri","3a29bd0e-bfbb-4e93-9848-bc51b39af1d0","Willard Family Dental","-93.42553935","37.30168109","dentist","general_dentistry | doctor","304 E Jackson St","Willard","65781-9444","MO","US","+14177422555","willarddds417@gmail.com","http://www.willarddds.com/","https://www.facebook.com/204941722875021","","0.9199122190475464","open","8","meta | Overture | Overture-signals","CDLA-Permissive-2.0","2026-04-27T00:00:00.000Z | 2026-06-11T11:57:15Z | 2026-05-12T00:29:08Z | 2026-05-18T13:23:54Z | 2026-05-25T13:08:59Z | 2026-06-01T13:20:32Z | 2026-06-08T13:20:12Z"
"MO","Missouri","3a455f6b-07d4-41d8-ac31-3ea1f8d7c7d0","Bolivar Family Dental","-93.40091956","37.59168325","dentist","general_dentistry | orthodontist","2392 S Springfield Ave","Bolivar","65613-9124","MO","US","+14177778654","bolivarfamilydental@yahoo.com","http://bolivarfamilydental.com/","https://www.facebook.com/182647288424453","","0.9199122190475464","open","9","meta | Overture | Overture-signals","CDLA-Permissive-2.0","2026-04-27T00:00:00.000Z | 2026-06-11T11:57:15Z | 2026-05-12T00:29:08Z | 2026-05-18T13:23:54Z | 2026-05-25T13:08:59Z | 2026-06-01T13:20:32Z | 2026-06-08T13:20:12Z"
"MO","Missouri","3a6785c8-9f44-48ec-980c-6e7608671f12","Willow Springs Dental","-91.98553851","36.98253796","dentist","professional_services","2729 MO-76","Willow Springs","65793-9257","MO","US","+14174692030","","http://willowspringsdental.com/","https://www.facebook.com/131763023533521","","0.9199122190475464","open","2","meta | Overture | Overture-signals","CDLA-Permissive-2.0","2026-04-27T00:00:00.000Z | 2026-06-11T11:57:15Z | 2026-05-25T13:08:59Z | 2026-06-01T13:20:32Z | 2026-06-08T13:20:12Z"
"MO","Missouri","3b046da4-b705-406b-ae70-bbd44626e39e","Matlock Dental Care","-94.3723644467145","38.9411179145721","dentist","","301 Northeast Mulberry Street 205","Lee's Summit","64086","MO","US","(816) 246-4920","","https://matlockdentalcare.com","","","0.77","","5","Foursquare | Overture","Apache-2.0 | CDLA-Permissive-2.0","2026-03-24T00:00:00.000 | 2026-06-11T11:57:15Z"
"MO","Missouri","3b143caf-1ae0-466b-ad4c-5e654044468f","St Louis University Orthodontic Clinic","-90.233218","38.622405","dentist","hospital | health_and_medical","3320 Rutger St","St Louis","63104-1122","MO","US","","","http://www.slu.edu/cade","https://www.facebook.com/146238182094681","","0.9877859354019165","open","7","meta | Overture | Overture-signals","CDLA-Permissive-2.0","2026-04-27T00:00:00.000Z | 2026-06-11T11:57:15Z | 2026-05-12T00:29:08Z"
"MO","Missouri","3b17cf72-f961-4069-be73-0842ea98d6dd","3-D Dental Imaging","-93.292686","37.144939","dentist","health_and_medical | oral_surgeon","222 E Primrose St","Springfield","65807-5233","MO","US","+14178518111","","","https://www.facebook.com/296812370416184","","0.7949426174163818","","2","meta | Overture","CDLA-Permissive-2.0","2026-04-27T00:00:00.000Z | 2026-06-11T11:57:15Z"
"MO","Missouri","3b58e72f-999d-4f6d-8b95-79556555b044","Ache Dental Clinic","-94.3093239241986","37.1771865130933","dentist","","215 E 3rd St","Carthage","64836","MO","US","(417) 674-2141","","http://www.carthagevisionclinic.com","https://www.facebook.com/177995275544949","","0.9199122190475464","open","4","Foursquare | Overture | Overture-signals","Apache-2.0 | CDLA-Permissive-2.0","2025-08-22T00:00:00.000 | 2026-06-11T11:57:15Z | 2026-05-12T00:29:08Z | 2026-05-18T13:23:54Z | 2026-05-25T13:08:59Z | 2026-06-01T13:20:32Z | 2026-06-08T13:20:12Z"
"MO","Missouri","3b59ede4-d69a-4224-a42e-781be01392b7","St. George Family Dental","-91.9432463196581","38.8753244104327","dentist","","2424 N Bluff St","Fulton","65251","MO","US","(573) 642-6904","","https://stgeorgefamilydental.com","https://www.twitter.com/st_dds","","0.9199122190475464","open","4","Foursquare | Overture | Overture-signals","Apache-2.0 | CDLA-Permissive-2.0","2026-03-31T00:00:00.000 | 2026-06-11T11:57:15Z | 2026-05-12T00:29:08Z | 2026-05-18T13:23:54Z | 2026-05-25T13:08:59Z | 2026-06-01T13:20:32Z | 2026-06-08T13:20:12Z"
"MO","Missouri","3bb69f04-e3e1-473f-b208-27c86bbb3aca","Crossroads Dental Care","-90.85906499","38.82421009","dentist","general_dentistry | health_and_medical","1040 Meyer Rd","Wentzville","63385-3694","MO","US","+16363278989","frontdesk@oehlerdental.com","http://oehlerdental.com/","https://www.facebook.com/576636872693159","","0.9199122190475464","open","8","meta | Overture | Overture-signals","CDLA-Permissive-2.0","2026-04-27T00:00:00.000Z | 2026-06-11T11:57:15Z | 2026-05-12T00:29:08Z | 2026-05-18T13:23:54Z | 2026-05-25T13:08:59Z | 2026-06-01T13:20:32Z | 2026-06-08T13:20:12Z"
"MO","Missouri","3c5fb819-0f3b-4cc4-a8c3-82af356db591","Washington Smiles","-90.99921413","38.54995516","dentist","general_dentistry | cosmetic_dentist","1111 E 6th St","Washington","63090-3308","MO","US","+16362396328","info@washmosmiles.com","https://www.washmosmiles.com/","https://www.facebook.com/212012788454","Washington Smiles Complete Health Dentistry","0.9199122190475464","open","10","meta | Overture | Overture-signals","CDLA-Permissive-2.0","2026-04-27T00:00:00.000Z | 2026-06-11T11:57:15Z | 2026-05-12T00:29:08Z | 2026-05-18T13:23:54Z | 2026-05-25T13:08:59Z | 2026-06-01T13:20:32Z | 2026-06-08T13:20:12Z"
"MO","Missouri","3c95643e-bc4a-44ab-baf1-c624f83bae43","Dr Dunning DDS","-94.5338675151982","38.8236887990455","dentist","","561 N Scott Ave Ste A","Belton","64012","MO","US","(816) 331-4333","stevendunningdds@yahoo.com","http://www.stevendunningdds.com","https://www.facebook.com/173519146008427","","0.9199122190475464","open","4","Foursquare | Overture | Overture-signals","Apache-2.0 | CDLA-Permissive-2.0","2025-04-17T00:00:00.000 | 2026-06-11T11:57:15Z | 2026-05-12T00:29:08Z | 2026-05-18T13:23:54Z | 2026-05-25T13:08:59Z | 2026-06-01T13:20:32Z | 2026-06-08T13:20:12Z"
"MO","Missouri","3ca67b17-e3da-4b07-ba72-e1a2e65a8794","Stevens Dental","-91.7424407131661","37.951761496145","dentist","","1701 E 10th St","Rolla","65401","MO","US","(573) 364-1599","","http://www.rollafamilydentistry.com","","","0.77","","2","Foursquare | Overture","Apache-2.0 | CDLA-Permissive-2.0","2026-03-02T00:00:00.000 | 2026-06-11T11:57:15Z"
"MO","Missouri","3ce3936f-1b92-45e9-afaa-54c02ac8b5d9","Nathan McGuire, DMD, MS","-89.9706870983157","36.7868700799628","dentist","","720 S One Mile Rd","Dexter","63841","MO","US","(573) 614-7220","dexter@westrockortho.com","https://westrockortho.com/location/dexter-mo/","https://www.facebook.com/349897581734","","0.9199122190475464","open","4","Foursquare | Overture | Overture-signals","Apache-2.0 | CDLA-Permissive-2.0","2020-10-10T00:00:00.000 | 2026-06-11T11:57:15Z | 2026-05-12T00:29:08Z | 2026-05-18T13:23:54Z | 2026-05-25T13:08:59Z | 2026-06-01T13:20:32Z | 2026-06-08T13:20:12Z"
"MO","Missouri","3d0ab551-212c-410b-a8f4-41a5594d716d","Innovative Dental of Springfield","-93.23219867","37.09513464","dentist","cosmetic_dentist | orthodontist","6401 S Innovation Ave","Springfield","65804-5327","MO","US","+14178894746","info@idspringfield.com","https://www.innovativeimplantsmile.com/","https://www.facebook.com/410763795669830","","0.9902192950248718","open","10","meta | Overture | Overture-signals","CDLA-Permissive-2.0","2026-04-27T00:00:00.000Z | 2026-06-11T11:57:15Z | 2026-05-12T00:29:08Z | 2026-05-18T13:23:54Z | 2026-05-25T13:08:59Z | 2026-06-01T13:20:32Z | 2026-06-08T13:20:12Z"
"MO","Missouri","3db7d7a9-9d53-4b23-81af-b2308e9548cd","Boyce C w DDS","-89.58114354","36.88080957","dentist","health_and_medical | medical_service_organizations","710 Lake St","Sikeston","63801-2165","MO","US","+15734710225","boycedds@sbcglobal.net","http://www.elocallink.tv/profiles/mo/sikeston/10/","https://www.facebook.com/161275887234208","","0.9889736771583557","","7","meta | Overture","CDLA-Permissive-2.0","2026-04-27T00:00:00.000Z | 2026-06-11T11:57:15Z"
"MO","Missouri","3dda5446-190d-4fc7-94a2-af3aa291ae15","Randell Prosthetics Inc","-90.36349791","38.70066416","dentist","laboratory_testing","9415 Lackland Rd","St Louis","63114-3633","MO","US","+13144264443","randy@randellprosthetics.com","http://randellprosthetics.com/","https://www.facebook.com/1088994414517741","","0.9199122190475464","open","6","meta | Overture | Overture-signals","CDLA-Permissive-2.0","2026-04-27T00:00:00.000Z | 2026-06-11T11:57:15Z | 2026-05-12T00:29:08Z | 2026-05-18T13:23:54Z | 2026-05-25T13:08:59Z | 2026-06-01T13:20:32Z | 2026-06-08T13:20:12Z"
"MO","Missouri","3decafa7-88a5-4db7-ad53-e0c4d2d31184","Sparta Family Dental","-93.07840345","37.0007287","dentist","general_dentistry","515 Hugh St","Sparta","65753-1220","MO","US","+14174410420","spartafamdent@gmail.com","http://www.spartafamdental.com/","https://www.facebook.com/370996239428937","","0.9199122190475464","open","8","meta | Overture | Overture-signals","CDLA-Permissive-2.0","2026-04-27T00:00:00.000Z | 2026-06-11T11:57:15Z | 2026-05-12T00:29:08Z | 2026-05-18T13:23:54Z | 2026-05-25T13:08:59Z | 2026-06-01T13:20:32Z | 2026-06-08T13:20:12Z"
"MO","Missouri","3e36715b-0285-4a45-91b6-66814c4642d4","Hawkins Heights Dental","-90.48748962","38.52662345","dentist","general_dentistry","2578 Gladiator Dr","Fenton","63026-2285","MO","US","+16362255600","hhdental2@gmail.com","","https://www.facebook.com/169324953083394","","0.9199122190475464","open","7","meta | Overture | Overture-signals","CDLA-Permissive-2.0","2026-04-27T00:00:00.000Z | 2026-06-11T11:57:15Z | 2026-05-12T00:29:08Z | 2026-05-18T13:23:54Z | 2026-05-25T13:08:59Z | 2026-06-01T13:20:32Z | 2026-06-08T13:20:12Z"
"MO","Missouri","3e7aa596-49f8-4b1c-a95d-a8062ae31ea1","Dr Justin L Johnson, DDS, P","-92.25175","38.58916","dentist","endodontist | family_practice","3551 Amazonas Dr","Jefferson City","65109-5717","MO","US","+15736342400","","http://jeffcitydentalcare.com","https://www.facebook.com/1151911871491454","","0.7057260274887085","","10","meta | Overture","CDLA-Permissive-2.0","2026-04-27T00:00:00.000Z | 2026-06-11T11:57:15Z"
"MO","Missouri","3e95a9f0-86f9-48d4-9aa5-ae57b86840c5","Webster-Kirkwood Family Dental","-90.35877017","38.5826333","dentist","general_dentistry | doctor","8720 Big Bend Blvd","Webster Groves","63119-3781","MO","US","+13149620880","","http://www.wkfdental.com/","https://www.facebook.com/293130307883608","","0.9902192950248718","open","10","meta | Overture | Overture-signals","CDLA-Permissive-2.0","2026-04-27T00:00:00.000Z | 2026-06-11T11:57:15Z | 2026-05-12T00:29:08Z | 2026-05-18T13:23:54Z | 2026-05-25T13:08:59Z | 2026-06-01T13:20:32Z | 2026-06-08T13:20:12Z"
"MO","Missouri","3e9bb214-9b6b-463e-ac84-af702ddea01a","Woodland Dental Care","-90.36825105","38.79885786","dentist","general_dentistry | medical_service_organizations","1133 Howdershell Rd","Florissant","63031-7520","MO","US","+13148399339","","http://woodlanddentalcare.net/","https://www.facebook.com/169244889758831","Woodland Dental Care PC","0.9199122190475464","open","10","meta | Overture | Overture-signals","CDLA-Permissive-2.0","2026-04-27T00:00:00.000Z | 2026-06-11T11:57:15Z | 2026-05-12T00:29:08Z | 2026-05-18T13:23:54Z | 2026-05-25T13:08:59Z | 2026-06-01T13:20:32Z | 2026-06-08T13:20:12Z"
"MO","Missouri","3ea15ca7-e17c-4412-895a-317ee68b3230","Housh Family Dentistry","-94.01436611","37.85940718","dentist","general_dentistry | medical_service_organizations","605 E Hospital Rd","El Dorado Springs","64744-2028","MO","US","+14178763124","houshdds@gmail.com","http://houshfamilydentistry.com/","https://www.facebook.com/219042121453547","","0.9199122190475464","open","8","meta | Overture | Overture-signals","CDLA-Permissive-2.0","2026-04-27T00:00:00.000Z | 2026-06-11T11:57:15Z | 2026-05-12T00:29:08Z | 2026-05-18T13:23:54Z | 2026-05-25T13:08:59Z | 2026-06-01T13:20:32Z | 2026-06-08T13:20:12Z"
"MO","Missouri","3eabb8ce-5ea3-4432-88a0-df64a5fd6284","Richard Reed, DDS","-94.503864","37.069874","dentist","professional_services","1009 E 20th St","Joplin","64804-2204","MO","US","+14176232440","docreed@richardjreeddds.com","https://www.richardjreeddds.com/","https://www.facebook.com/101065819512307","Richard Reed, DDS","0.5803918838500977","","7","meta | Overture","CDLA-Permissive-2.0","2026-04-27T00:00:00.000Z | 2026-06-11T11:57:15Z"
"MO","Missouri","3eb9ff55-4ea6-4542-864a-77dda0d2c693","Tates Kirkwood Family Dental","-90.4070433915099","38.5779634754272","dentist","","333 S Kirkwood Rd Ste 105","Kirkwood","63122","MO","US","(314) 909-9200","kirkwoodfamilydental@gmail.com","http://www.kirkwoodsmiles.com","","","0.9199122190475464","open","4","Foursquare | Overture | Overture-signals","Apache-2.0 | CDLA-Permissive-2.0","2025-12-10T00:00:00.000 | 2026-06-11T11:57:15Z | 2026-05-12T00:29:08Z | 2026-05-18T13:23:54Z | 2026-05-25T13:08:59Z | 2026-06-01T13:20:32Z | 2026-06-08T13:20:12Z"
"MO","Missouri","3f06de4b-da94-4af3-bf0f-fe93c46d8363","Copper Creek Dental","-93.2091683","37.00464243","dentist","general_dentistry | medical_service_organizations","797 W South St","Ozark","65721-9261","MO","US","+14175810835","","https://linktr.ee/coppercreekozarkdds","https://www.facebook.com/854402064947389","","0.9199122190475464","open","7","meta | Overture | Overture-signals","CDLA-Permissive-2.0","2026-04-27T00:00:00.000Z | 2026-06-11T11:57:15Z | 2026-05-12T00:29:08Z | 2026-05-18T13:23:54Z | 2026-05-25T13:08:59Z | 2026-06-01T13:20:32Z | 2026-06-08T13:20:12Z"
"MO","Missouri","3f3d3b89-1125-4e8a-9ee3-b89e52b69721","Nixa Smiles Dentistry","-93.3115509","37.04386745","dentist","general_dentistry | health_and_medical","725 W Mt Vernon St","Nixa","65714-9663","MO","US","+14177089098","hello@nixasmiles.com","https://flexbook.me/nixasmiles/facebook","https://www.facebook.com/1244891485528590","","0.9998122625350953","","11","meta | Overture","CDLA-Permissive-2.0","2026-04-27T00:00:00.000Z | 2026-06-11T11:57:15Z"
"MO","Missouri","3f3fac3c-fb39-45ee-b56a-5b345a413a8a","Cochran Dental","-94.57566642","39.22358895","dentist","health_and_medical | cosmetic_dentist","7101 N Oak Trfy","Kansas City","64118-2514","MO","US","+18164362150","","http://www.drcochrandental.com","https://www.facebook.com/1420053721589526","Cochran Dental","0.9199122190475464","open","11","meta | Overture | Overture-signals","CDLA-Permissive-2.0","2026-04-27T00:00:00.000Z | 2026-06-11T11:57:15Z | 2026-05-12T00:29:08Z | 2026-05-18T13:23:54Z | 2026-05-25T13:08:59Z | 2026-06-01T13:20:32Z | 2026-06-08T13:20:12Z"
"MO","Missouri","3f62c281-7353-4df8-b20e-14fee26e466f","Summit Dental","-92.36327565","38.92715494","dentist","general_dentistry | health_and_medical","2310 Forum Blvd","Columbia","65203-5434","MO","US","+15734460032","midwestsummitdental@gmail.com","http://www.midwestsummitdental.com/","https://www.facebook.com/101932227878180","","0.9199122190475464","open","8","meta | Overture | Overture-signals","CDLA-Permissive-2.0","2026-04-27T00:00:00.000Z | 2026-06-11T11:57:15Z | 2026-05-12T00:29:08Z | 2026-05-18T13:23:54Z | 2026-05-25T13:08:59Z | 2026-06-01T13:20:32Z | 2026-06-08T13:20:12Z"
"MO","Missouri","3f83387e-98e2-42ff-860f-24dfa1d95c4b","Merica Family Dental","-92.09911794","37.12341229","dentist","general_dentistry | health_and_medical","530 Spruce Ave","Cabool","65689-9712","MO","US","+14179623150","mericafamilydental@gmail.com","http://www.caboolmodentist.com/","https://www.facebook.com/1092784544090836","","0.9199122190475464","open","9","meta | Overture | Overture-signals","CDLA-Permissive-2.0","2026-04-27T00:00:00.000Z | 2026-06-11T11:57:15Z | 2026-05-12T00:29:08Z | 2026-05-18T13:23:54Z | 2026-05-25T13:08:59Z | 2026-06-01T13:20:32Z | 2026-06-08T13:20:12Z"
"MO","Missouri","3f92bce4-88bd-4752-9239-e32a877230db","Larry W Forehand","-93.717647","36.960377","dentist","","1402 S Elliott Ave Ste B","Aurora","65605","MO","US","(417) 678-5055","","http://www.drforehand.com","","","0.9199122190475464","open","4","Foursquare | Overture | Overture-signals","Apache-2.0 | CDLA-Permissive-2.0","2025-08-22T00:00:00.000 | 2026-06-11T11:57:15Z | 2026-05-12T00:29:08Z | 2026-05-18T13:23:54Z | 2026-05-25T13:08:59Z | 2026-06-01T13:20:32Z | 2026-06-08T13:20:12Z"
"MO","Missouri","3ff58ade-0a7e-46c4-9fa3-8aa592e6a4ae","Simpson Dental Trendz","-94.37425616","38.91003782","dentist","","415 SE Douglas St","Lee's Summit","64063-4246","MO","US","+18164256247","simpsondentaltrendz@yahoo.com","https://simpsondentaltrendz.com/","https://www.facebook.com/338793382855109","","0.9199122190475464","open","9","meta | Overture | Overture-signals","CDLA-Permissive-2.0","2026-04-27T00:00:00.000Z | 2026-06-11T11:57:15Z | 2026-05-12T00:29:08Z | 2026-05-18T13:23:54Z | 2026-05-25T13:08:59Z | 2026-06-01T13:20:32Z | 2026-06-08T13:20:12Z"
"MO","Missouri","405f4e35-d548-4d51-98b1-2adaeff95ca1","ADC Dental Group","-94.48150686","37.05901113","dentist","general_dentistry | health_and_medical","2827 S Arizona Ave","Joplin","64804","MO","US","+14173230865","info@adcofjoplin.com","http://adcdentalgroup.com/","https://www.facebook.com/120956877924254","ADC Dental","0.9199122190475464","open","9","meta | Overture | Overture-signals","CDLA-Permissive-2.0","2026-04-27T00:00:00.000Z | 2026-06-11T11:57:15Z | 2026-05-12T00:29:08Z | 2026-05-18T13:23:54Z | 2026-05-25T13:08:59Z | 2026-06-01T13:20:32Z | 2026-06-08T13:20:12Z"
"MO","Missouri","406819ff-e6a8-4320-8730-ba09922aa034","Richard E. Smith, D.M.D.","-93.273966","37.140087","dentist","health_and_medical | medical_service_organizations","1334 E Kingsley St","Springfield","65804-7223","MO","US","+14178831415","","http://www.richardsmithdental.com/","https://www.facebook.com/213342892086887","Richard E. Smith, D.M.D.","0.773140549659729","","9","meta | Overture","CDLA-Permissive-2.0","2026-04-27T00:00:00.000Z | 2026-06-11T11:57:15Z"
"MO","Missouri","40ca2d95-2d52-46f2-aa44-f22a02d4df95","Affordable Dentures","-94.803202","39.777025","dentist","health_and_medical","1409 N Belt Hwy","Saint Joseph","64506","MO","US","8163361043","","http://www.affordabledentures.com/office/st.-joseph?utm_source=GLOCAL&utm_medium=St_Joseph_MO_MAPS&utm_campaign=YODLE","","","0.85","","7","Microsoft | Overture","CDLA-Permissive-2.0","2013-11-11T18:17:36.190Z | 2026-06-11T11:57:15Z"
"MO","Missouri","40d61718-ab19-446e-bfaa-a2689d0243cf","Capstone Family Dentistry","-93.311447","37.044875","dentist","cosmetic_dentist | health_and_medical","729 W Center Cir","Nixa","65714-7027","MO","US","+14175954470","capstonefamilydentistry@gmail.com","http://www.capstonefamilydentistry.com/","https://www.facebook.com/262455820522357","","0.9199122190475464","open","8","meta | Overture | Overture-signals","CDLA-Permissive-2.0","2026-04-27T00:00:00.000Z | 2026-06-11T11:57:15Z | 2026-05-12T00:29:08Z | 2026-05-18T13:23:54Z | 2026-05-25T13:08:59Z | 2026-06-01T13:20:32Z | 2026-06-08T13:20:12Z"
"MO","Missouri","40ecdeac-6096-4766-87a7-f42934be7406","Harris Dental","-94.8746018691592","40.3221904986629","dentist","","2408 S Main St","Maryville","64468","MO","US","(660) 202-8327","","https://maryvillemodentist.com","https://www.facebook.com/368858253191163","","0.9199122190475464","open","4","Foursquare | Overture | Overture-signals","Apache-2.0 | CDLA-Permissive-2.0","2025-08-22T00:00:00.000 | 2026-06-11T11:57:15Z | 2026-05-12T00:29:08Z | 2026-05-18T13:23:54Z | 2026-05-25T13:08:59Z | 2026-06-01T13:20:32Z | 2026-06-08T13:20:12Z"
"MO","Missouri","4106ef32-ce08-4f16-86a8-d166f2f19adf","Richard Omohundro","-91.94518384","38.84429883","dentist","health_and_medical | hospital","214 E 2nd St","Fulton","65251-1650","MO","US","+15736426624","","https://omohundro-richard-dds.hub.biz/","https://www.facebook.com/159949857360216","","0.9199122190475464","open","7","meta | Overture | Overture-signals","CDLA-Permissive-2.0","2026-04-27T00:00:00.000Z | 2026-06-11T11:57:15Z | 2026-05-12T00:29:08Z | 2026-05-18T13:23:54Z | 2026-05-25T13:08:59Z | 2026-06-01T13:20:32Z | 2026-06-08T13:20:12Z"
"MO","Missouri","41085d21-5bab-43cc-a69d-e8ac89565913","Moody Elizabeth DDS","-90.51996845","38.7706778","dentist","pub | physical_therapy","1556 Country Club Plz","St Charles","63303-3859","MO","US","+16369401555","","http://moodyelizabethdds.placeweb.site","https://www.facebook.com/166565253370110","","0.9463080167770386","","7","meta | Overture","CDLA-Permissive-2.0","2026-04-27T00:00:00.000Z | 2026-06-11T11:57:15Z"
"MO","Missouri","4113b08b-b648-41e5-9b8a-24e67eb944e4","248 Dental","-93.22682173","36.66275665","dentist","general_dentistry | medical_service_organizations","523 State Highway 248","Branson","65616-7748","MO","US","+14173362404","frontdesk@248dental.com","http://248dental.com/","https://www.facebook.com/144926015666924","248 Dental","0.9902192950248718","open","9","meta | Overture | Overture-signals","CDLA-Permissive-2.0","2026-04-27T00:00:00.000Z | 2026-06-11T11:57:15Z | 2026-05-12T00:29:08Z | 2026-05-18T13:23:54Z | 2026-05-25T13:08:59Z | 2026-06-01T13:20:32Z | 2026-06-08T13:20:12Z"
"MO","Missouri","4116df7a-71b8-41e4-aebb-eec72e6380dd","Independence Avenue Dental Center","-94.527708","39.105373","dentist","orthodontist | hospital","4605 Independence Ave","Kansas City","64124-2927","MO","US","+18162313333","","http://whole2th.com","https://www.facebook.com/161058840586063","","0.8354266285896301","","7","meta | Overture","CDLA-Permissive-2.0","2026-04-27T00:00:00.000Z | 2026-06-11T11:57:15Z"
"MO","Missouri","4124c303-dfe9-45af-9f88-f8d00128540b","Ellis Dental","-90.39685498","38.56721061","dentist","general_dentistry","10296 Big Bend Blvd","St Louis","63122-6425","MO","US","+13149651334","reception@ellisdental.com","https://www.ellisdental.com/","https://www.facebook.com/124637802805","Ellis Dental","0.9722161889076233","open","10","meta | Overture | Overture-signals","CDLA-Permissive-2.0","2026-04-27T00:00:00.000Z | 2026-06-11T11:57:15Z | 2026-06-08T13:20:12Z"
"MO","Missouri","416d2f22-054a-44d2-a225-0d7b1296ac40","Center for Orthodontics","-89.5755387438499","37.2967958676889","dentist","","5 Doctors Park","Cape Girardeau","63703","MO","US","(573) 335-6759","","http://www.braces-r-us.com","","","0.9199122190475464","open","4","Foursquare | Overture | Overture-signals","Apache-2.0 | CDLA-Permissive-2.0","2025-08-22T00:00:00.000 | 2026-06-11T11:57:15Z | 2026-05-12T00:29:08Z | 2026-05-18T13:23:54Z | 2026-05-25T13:08:59Z | 2026-06-01T13:20:32Z | 2026-06-08T13:20:12Z"
"MO","Missouri","417f046a-0052-4746-8b73-b0a2965b4d4e","Hometown Dental","-93.250799","38.70622465","dentist","health_and_medical","700 S Limit Ave #100, Sedalia, MO 65301","Sedalia","65301","MO","US","6602001675","","https://www.dentistsedaliamo.com/?utm_source=bing.com&utm_medium=business+profile&utm_campaign","","","0.85","","7","Microsoft | Overture","CDLA-Permissive-2.0","2025-09-29T21:28:23.450Z | 2026-06-11T11:57:15Z"
"MO","Missouri","4196ef20-1529-4973-a5ec-e3505ed001a2","Rapini","-90.334289881719","38.5946710561307","dentist","","7906 Big Bend Blvd","Saint Louis","63119","MO","US","(314) 961-2600","vurapini@hotmail.com","http://www.oldorcharddentalcare.com","https://www.facebook.com/103189736413930","","0.9199122190475464","open","4","Foursquare | Overture | Overture-signals","Apache-2.0 | CDLA-Permissive-2.0","2022-07-23T00:00:00.000 | 2026-06-11T11:57:15Z | 2026-05-12T00:29:08Z | 2026-05-18T13:23:54Z | 2026-05-25T13:08:59Z | 2026-06-01T13:20:32Z | 2026-06-08T13:20:12Z"
"MO","Missouri","41da2397-6cdb-4b27-a9b6-d19a4358f14f","Dr. Ted A. Deatherage","-91.87494615","36.74249825","dentist","general_dentistry | doctor","1616 Gibson Ave","West Plains","65775-1814","MO","US","+14172570126","","","https://www.facebook.com/304192423695088","","0.9722161889076233","","8","meta | Overture","CDLA-Permissive-2.0","2026-04-27T00:00:00.000Z | 2026-06-11T11:57:15Z"
"MO","Missouri","41f2a9e3-2bd6-4f12-87f3-0c90feec6c8e","Newbill Melanie DDS","-90.44220356","38.66330883","dentist","general_dentistry | health_and_medical","450 N New Ballas Rd","Creve Coeur","63141-6817","MO","US","+13145677033","","http://www.crevecoeursmiles.net/","https://www.facebook.com/522347564465445","","0.9199122190475464","open","8","meta | Overture | Overture-signals","CDLA-Permissive-2.0","2026-04-27T00:00:00.000Z | 2026-06-11T11:57:15Z | 2026-05-12T00:29:08Z | 2026-05-18T13:23:54Z | 2026-05-25T13:08:59Z | 2026-06-01T13:20:32Z | 2026-06-08T13:20:12Z"
"MO","Missouri","41f6facb-ba96-4560-96f2-b4f8dd3b6346","Excelsior Springs Family Dentistry","-94.26447113","39.33532882","dentist","general_dentistry | health_and_medical","200 S McCleary Rd","Excelsior Springs","64024","MO","US","+18166305713","frontdesk@esfamilydent.com","https://excelsiorspringsfamilydentistry.com/","https://www.facebook.com/236555469768602","Excelsior Springs Family Dentistry","0.9951318502426147","","7","meta | Overture","CDLA-Permissive-2.0","2026-04-27T00:00:00.000Z | 2026-06-11T11:57:15Z"
"MO","Missouri","4204f1d7-9942-485e-8f25-05ae3042420b","Dental Care Center","-94.521988","37.06830061","dentist","general_dentistry | health_and_medical","2101 S Jackson Ave","Joplin","64804-1930","MO","US","+14177811550","","http://www.joplinmodentist.com","https://www.facebook.com/157632357600550","","0.9199122190475464","open","7","meta | Overture | Overture-signals","CDLA-Permissive-2.0","2026-04-27T00:00:00.000Z | 2026-06-11T11:57:15Z | 2026-05-12T00:29:08Z | 2026-05-18T13:23:54Z | 2026-05-25T13:08:59Z | 2026-06-01T13:20:32Z | 2026-06-08T13:20:12Z"
"MO","Missouri","42069731-0d6e-40ed-8a5a-4cb6a0e517bd","Ballwin Dentist - Angelina Anisimova, DDS","-90.5157784346231","38.5933404066126","dentist","","14399 Manchester Rd","Manchester","63011","MO","US","(636) 227-2777","","http://www.myballwindentist.com","","","0.77","","5","Foursquare | Overture","Apache-2.0 | CDLA-Permissive-2.0","2025-10-17T00:00:00.000 | 2026-06-11T11:57:15Z"
"MO","Missouri","423d216d-561e-4e41-b438-a4f2f4a9b17e","Dental Corner","-94.51202992","38.96655127","dentist","general_dentistry | health_and_medical","6507 E 87th St","Kansas City","64138-2732","MO","US","+18164000000","dentalcornerkc@gmail.com","http://kcdentalcorner.com/","https://www.facebook.com/134838089899009","","0.9993718534708023","","8","meta | Overture","CDLA-Permissive-2.0","2026-04-27T00:00:00.000Z | 2026-06-11T11:57:15Z"
"MO","Missouri","4263f48e-47c1-4ce2-a7b1-e08288a125a7","Linda Liu, DDS","-90.51562255","38.64214434","dentist","general_dentistry | doctor","14377 Woodlake Dr","Town and Country","63017-5708","MO","US","+13148785828","","http://www.lindaliudental.com/","https://www.facebook.com/690398527800883","Linda Liu, DMD","0.9199122190475464","open","10","meta | Overture | Overture-signals","CDLA-Permissive-2.0","2026-04-27T00:00:00.000Z | 2026-06-11T11:57:15Z | 2026-05-12T00:29:08Z | 2026-05-18T13:23:54Z | 2026-05-25T13:08:59Z | 2026-06-01T13:20:32Z | 2026-06-08T13:20:12Z"
"MO","Missouri","427b0a4d-ebb8-4017-b36a-8aec152ee38a","Muff, Joe","-92.6011137157794","38.1601161228267","dentist","","3874 Columbia Ave","Osage Beach","65065","MO","US","(573) 348-4623","","http://www.joemuffdds.com","https://www.facebook.com/1721020218148301","","0.77","","5","Foursquare | Overture","Apache-2.0 | CDLA-Permissive-2.0","2026-03-31T00:00:00.000 | 2026-06-11T11:57:15Z"
"MO","Missouri","427e8728-2921-4e8e-9a81-f0220dad78ff","sheldon dental","-90.405884192101","38.6428296742047","dentist","","Frontenac, MO","Frontenac","63131","MO","US","(314) 991-0103","","http://www.sheldondentalgroup.com","","","0.77","","5","Foursquare | Overture","Apache-2.0 | CDLA-Permissive-2.0","2024-11-12T00:00:00.000 | 2026-06-11T11:57:15Z"
"MO","Missouri","429546d4-d6ad-4881-bf51-39b91aff345f","Cedar Hill Dental","-90.6449054","38.35372113","dentist","general_dentistry | medical_service_organizations","7056 MO-BB","Cedar Hill","63016","MO","US","+16362740447","chd.jill@sbcglobal.net","http://www.cedarhilldental.com","https://www.facebook.com/435286476341412","","0.9199122190475464","open","8","meta | Overture | Overture-signals","CDLA-Permissive-2.0","2026-04-27T00:00:00.000Z | 2026-06-11T11:57:15Z | 2026-05-12T00:29:08Z | 2026-05-18T13:23:54Z | 2026-05-25T13:08:59Z | 2026-06-01T13:20:32Z | 2026-06-08T13:20:12Z"
"MO","Missouri","42b5bccb-f92b-45a8-9232-16f6911cfcdd","McKenzie Family Dentistry","-91.41615291","39.72897343","dentist","cosmetic_dentist | general_dentistry","9195 Highway W","Hannibal","63401-6706","MO","US","+15732210440","","https://hannibaldentist.com/","https://www.facebook.com/155726304885027","","0.9199122190475464","open","9","meta | Overture | Overture-signals","CDLA-Permissive-2.0","2026-04-27T00:00:00.000Z | 2026-06-11T11:57:15Z | 2026-05-12T00:29:08Z | 2026-05-18T13:23:54Z | 2026-05-25T13:08:59Z | 2026-06-01T13:20:32Z | 2026-06-08T13:20:12Z"
"MO","Missouri","42f0da4a-d1c1-4f34-90fa-466ba163a2aa","Youngman Dwight L DDS","-94.019143","40.265425","dentist","health_and_medical","3305 Miller St","Bethany","64424-2716","MO","US","+16604253616","","","https://www.facebook.com/163471947004996","","0.758416473865509","","9","meta | Overture","CDLA-Permissive-2.0","2026-04-27T00:00:00.000Z | 2026-06-11T11:57:15Z"
"MO","Missouri","4332f121-83d8-4da4-a737-a7f0efe15f07","Absolute Dental Care","-93.29598749","37.0828619","dentist","general_dentistry","1881 N State Highway CC","Nixa","65714-8015","MO","US","+14177254746","absolutebestfd@gmail.com","http://absolutedentalnixa.com/","https://www.facebook.com/2460378154190444","Absolute Dental Care - Nixa, MO","0.9988158792257309","","9","meta | Overture","CDLA-Permissive-2.0","2026-04-27T00:00:00.000Z | 2026-06-11T11:57:15Z"
"MO","Missouri","4376733b-a8b2-47b1-ae8b-91b01a61a5a1","All Smiles Dental Care","-93.91365992","36.92410871","dentist","general_dentistry | medical_service_organizations","1301 E Bond St","Monett","65708-1816","MO","US","+14172356416","allsmilesdentalcare@edpsmiles.com","http://www.allsmilesmonett.com/","https://www.facebook.com/161974363827812","","0.9199122190475464","open","8","meta | Overture | Overture-signals","CDLA-Permissive-2.0","2026-04-27T00:00:00.000Z | 2026-06-11T11:57:15Z | 2026-05-12T00:29:08Z | 2026-05-18T13:23:54Z | 2026-05-25T13:08:59Z | 2026-06-01T13:20:32Z | 2026-06-08T13:20:12Z"
"MO","Missouri","43aaeced-91a1-4700-9caf-47fbfc06d10c","Family Health Center East","-92.30214","38.947749","dentist","pediatric_dentist | doctor","2475 Broadway Bluffs Dr","Columbia","65201-8147","MO","US","+15737779282","","https://www.fhcmo.org","https://www.facebook.com/1586814598312284","","0.9874853491783142","","8","meta | Overture","CDLA-Permissive-2.0","2026-04-27T00:00:00.000Z | 2026-06-11T11:57:15Z"
"MO","Missouri","43b5ea07-007f-46ee-9447-647ad5a4b0b5","Frank Sharp","-93.26901188","37.14528553","dentist","orthodontist","1524 E Bradford Pkwy","Springfield","65804-6565","MO","US","+14178883030","","http://www.sharporthodontics.com","https://www.facebook.com/178813772152534","","0.7627896070480347","","2","meta | Overture","CDLA-Permissive-2.0","2026-04-27T00:00:00.000Z | 2026-06-11T11:57:15Z"
"MO","Missouri","43d95dbe-33b5-4f0f-bf54-2940d14b447c","Chesterfield Dental Assoc.","-90.5646272285218","38.6473931815892","dentist","","16100 Chesterfield Pkwy W Ste 320","Chesterfield","63017","MO","US","(636) 532-3208","darlal@ident.com","http://www.chesterfielddentalassoc.com","https://www.facebook.com/146727242164013","","0.77","","5","Foursquare | Overture","Apache-2.0 | CDLA-Permissive-2.0","2022-01-13T00:00:00.000 | 2026-06-11T11:57:15Z"
"MO","Missouri","43e0e8a3-eb7e-4238-ba8e-e725733bed11","King Dental","-92.5814194457733","38.3429891112989","dentist","","102 E 9th St","Eldon","65026","MO","US","(573) 392-3886","chelle107@sbcglobal.net","http://1kingdental.com","https://www.facebook.com/276389319054870","","0.77","","5","Foursquare | Overture","Apache-2.0 | CDLA-Permissive-2.0","2025-08-22T00:00:00.000 | 2026-06-11T11:57:15Z"
"MO","Missouri","43e223d3-5826-4aa0-b1a6-3530380bce97","Invisalign St. Louis","-90.44395","38.66799","dentist","orthodontist","659 N New Ballas Rd","Creve Coeur","63141-6713","MO","US","","","","https://www.facebook.com/101399461350952","","0.91734379529953","","7","meta | Overture","CDLA-Permissive-2.0","2026-04-27T00:00:00.000Z | 2026-06-11T11:57:15Z"
"MO","Missouri","44053347-450f-4b10-8030-4bea76969c04","Great Impression Dental","-92.76830879","38.94934398","dentist","general_dentistry | health_and_medical","1480 W Ashley Rd","Boonville","65233-2141","MO","US","+16608827522","","https://www.greatimpressiondental.com/contact-us.html","https://www.facebook.com/121680948478453","Great Impression Dental","0.9199122190475464","open","10","meta | Overture | Overture-signals","CDLA-Permissive-2.0","2026-04-27T00:00:00.000Z | 2026-06-11T11:57:15Z | 2026-05-12T00:29:08Z | 2026-05-18T13:23:54Z | 2026-05-25T13:08:59Z | 2026-06-01T13:20:32Z | 2026-06-08T13:20:12Z"
"MO","Missouri","4413696b-0a84-41c0-93ca-8cc7cc54f58a","White Smiles Dentistry","-94.38174911","37.83744008","dentist","general_dentistry | medical_service_organizations","14054 E 54 Hwy","Nevada","64772-7232","MO","US","+14172832020","","http://whitesmilesdds.com/","https://www.facebook.com/174399650103223","","0.9199122190475464","open","7","meta | Overture | Overture-signals","CDLA-Permissive-2.0","2026-04-27T00:00:00.000Z | 2026-06-11T11:57:15Z | 2026-05-12T00:29:08Z | 2026-05-18T13:23:54Z | 2026-05-25T13:08:59Z | 2026-06-01T13:20:32Z | 2026-06-08T13:20:12Z"
"MO","Missouri","446af006-c37a-4a5b-86dc-b699bd33dcd1","SOHDental","-90.5607553","38.64884953","dentist","health_and_medical","1422 Elbridge Payne Rd","Chesterfield","63017-8521","MO","US","+16363624986","","http://mysohdental.com/","https://www.facebook.com/1031351533680133","","0.9199122190475464","open","8","meta | Overture | Overture-signals","CDLA-Permissive-2.0","2026-04-27T00:00:00.000Z | 2026-06-11T11:57:15Z | 2026-05-12T00:29:08Z | 2026-05-18T13:23:54Z | 2026-05-25T13:08:59Z | 2026-06-01T13:20:32Z | 2026-06-08T13:20:12Z"
"MO","Missouri","44d56fb4-3ebc-462d-ba2b-faae03292a84","Union Smiles","-91.01097342","38.44044349","dentist","general_dentistry","301 US Highway 50 W","Union","63084-1963","MO","US","+16365838100","contactus@unionmosmiles.com","http://www.dentistunionmissouri.com/","https://www.facebook.com/100960956084473","Union Smiles","0.9199122190475464","open","9","meta | Overture | Overture-signals","CDLA-Permissive-2.0","2026-04-27T00:00:00.000Z | 2026-06-11T11:57:15Z | 2026-05-12T00:29:08Z | 2026-05-18T13:23:54Z | 2026-05-25T13:08:59Z | 2026-06-01T13:20:32Z | 2026-06-08T13:20:12Z"
"MO","Missouri","4548a58b-00cf-443c-a94b-bd7f00462a69","Dr. Greg Berg","-90.5852020644288","38.7560017912066","dentist","","1325 Queens Ct Ste A","Saint Peters","63376","MO","US","(636) 928-6000","","http://www.bergendo.com","https://www.facebook.com/126491184072975","","0.9199122190475464","open","4","Foursquare | Overture | Overture-signals","Apache-2.0 | CDLA-Permissive-2.0","2025-08-22T00:00:00.000 | 2026-06-11T11:57:15Z | 2026-05-12T00:29:08Z | 2026-05-18T13:23:54Z | 2026-05-25T13:08:59Z | 2026-06-01T13:20:32Z | 2026-06-08T13:20:12Z"
"MO","Missouri","454c2d8b-f7f0-4848-871f-335c1f43c3a3","Nathan B Klein DDS","-94.6076264","38.98986728","dentist","general_dentistry | doctor","7611 State Line Rd","Kansas City","64114-1610","MO","US","+18168221800","drklein@nathankleindds.com","http://www.nathankleindds.com/","https://www.facebook.com/337364399655835","","0.9199122190475464","open","7","meta | Overture | Overture-signals","CDLA-Permissive-2.0","2026-04-27T00:00:00.000Z | 2026-06-11T11:57:15Z | 2026-05-12T00:29:08Z | 2026-05-18T13:23:54Z | 2026-05-25T13:08:59Z | 2026-06-01T13:20:32Z | 2026-06-08T13:20:12Z"
"MO","Missouri","4574ed60-bb67-4dd1-9b80-d02e26c083d0","William A. Chouinard","-89.58198835","36.88652463","dentist","general_dentistry | medical_service_organizations","801 N Main St","Sikeston","63801-2171","MO","US","+15734718081","chouinard.dental@gmail.com","http://sikestondentist.com/","https://www.facebook.com/120943684629797","","0.9199122190475464","open","8","meta | Overture | Overture-signals","CDLA-Permissive-2.0","2026-04-27T00:00:00.000Z | 2026-06-11T11:57:15Z | 2026-05-12T00:29:08Z | 2026-05-18T13:23:54Z | 2026-05-25T13:08:59Z | 2026-06-01T13:20:32Z | 2026-06-08T13:20:12Z"
"MO","Missouri","45990a9b-503b-4121-9d63-8004b6aafc6c","Lew Dental Group","-90.44401944","38.66397767","dentist","general_dentistry | health_and_medical","443 N New Ballas Rd","Creve Coeur","63141-6800","MO","US","+13145692208","info@lewdentalgroup.com","http://www.lewdentalgroup.com/","https://www.facebook.com/263329457854","","0.9731532335281372","","11","meta | Overture","CDLA-Permissive-2.0","2026-04-27T00:00:00.000Z | 2026-06-11T11:57:15Z"
"MO","Missouri","45bb5085-bc58-49a8-810d-a588bf7a7280","Aspen Dental Poplar Bluff","-90.402412","36.741655","dentist","","","Poplar Bluff","","MO","US","","","","https://www.facebook.com/1922866261161432","","0.7218114733695984","","7","meta | Overture","CDLA-Permissive-2.0","2026-04-27T00:00:00.000Z | 2026-06-11T11:57:15Z"
"MO","Missouri","45e4fbde-6763-4fb1-9cc8-ba43f4200994","Show Me Dental","-90.44021037","37.79120611","dentist","general_dentistry","812 Valley Creek Dr","Farmington","63640-1969","MO","US","+15737561236","smile@showmedental.com","http://www.showmedental.com/","https://www.facebook.com/101524029292917","","0.9199122190475464","open","5","meta | Overture | Overture-signals","CDLA-Permissive-2.0","2026-04-27T00:00:00.000Z | 2026-06-11T11:57:15Z | 2026-05-12T00:29:08Z | 2026-05-18T13:23:54Z | 2026-05-25T13:08:59Z | 2026-06-01T13:20:32Z | 2026-06-08T13:20:12Z"
"MO","Missouri","45ea1a48-6990-4a9a-b74f-2c6314395c77","Wolken Family Dental","-90.3516408866195","38.6513319877109","dentist","","8888 Ladue Rd","Saint Louis","63124","MO","US","(314) 727-6676","dockawokie@sbcglobal.net","http://www.wolkendental.com","","","0.77","","5","Foursquare | Overture","Apache-2.0 | CDLA-Permissive-2.0","2026-01-12T00:00:00.000 | 2026-06-11T11:57:15Z"
"MO","Missouri","45f252b4-8ef2-4ed4-b2b3-53aa259fc1ff","Dr. Mark B Beard","-94.81839471","39.79842229","dentist","general_dentistry | medical_service_organizations","3115 Ashland Ave","St Joseph","64506-1520","MO","US","+18162329790","beard@stjoesmiles.com","http://www.stjoesmiles.com/","https://www.facebook.com/151002904939275","Mark Beard, DDS","0.9199122190475464","open","9","meta | Overture | Overture-signals","CDLA-Permissive-2.0","2026-04-27T00:00:00.000Z | 2026-06-11T11:57:15Z | 2026-05-12T00:29:08Z | 2026-05-18T13:23:54Z | 2026-05-25T13:08:59Z | 2026-06-01T13:20:32Z | 2026-06-08T13:20:12Z"
"MO","Missouri","45f73e1d-c494-4e38-9e66-dca8020c7938","Dardenne Dental Arts","-90.720546","38.760278","dentist","general_dentistry | medical_service_organizations","7124 S Outer Rd 364","O'Fallon","63368","MO","US","+16369784848","contactus@dardennedentalarts.com","http://www.dardennedentalarts.com/","https://www.facebook.com/174946526041208","","0.9199122190475464","open","7","meta | Overture | Overture-signals","CDLA-Permissive-2.0","2026-04-27T00:00:00.000Z | 2026-06-11T11:57:15Z | 2026-05-12T00:29:08Z | 2026-05-18T13:23:54Z | 2026-05-25T13:08:59Z | 2026-06-01T13:20:32Z | 2026-06-08T13:20:12Z"
"MO","Missouri","462dd893-5e25-4a8e-b084-28902b8d6e09","Dr. Menaka Chandra, DDS","-93.2672242933686","37.251021831093","dentist","health_and_medical","3016 N Kentwood Ave","Springfield","65803","MO","US","4178331474","","https://nikodemdental.com/","","","0.9199122190475464","open","6","Microsoft | Overture | Overture-signals","CDLA-Permissive-2.0","2020-09-14T16:44:08.533Z | 2026-06-11T11:57:15Z | 2026-05-12T00:29:08Z | 2026-05-18T13:23:54Z | 2026-05-25T13:08:59Z | 2026-06-01T13:20:32Z | 2026-06-08T13:20:12Z"
"MO","Missouri","4630f49d-77c8-4f68-a775-9681ebb0df2d","Stidham Stephen E DDS","-93.92227987","36.92223826","dentist","general_dentistry | doctor","502 E Bond St","Monett","65708-2359","MO","US","+14172355419","","","https://www.facebook.com/205158512862318","","0.9199122190475464","open","7","meta | Overture | Overture-signals","CDLA-Permissive-2.0","2026-04-27T00:00:00.000Z | 2026-06-11T11:57:15Z | 2026-05-12T00:29:08Z | 2026-05-18T13:23:54Z | 2026-05-25T13:08:59Z | 2026-06-01T13:20:32Z | 2026-06-08T13:20:12Z"
"MO","Missouri","4635d741-ce50-43fa-bf98-d7bc43008e08","Gregory A Pucel DDS","-90.53893886","38.61447878","dentist","general_dentistry | cosmetic_dentist","510 Baxter Rd","Chesterfield","63017-7006","MO","US","+16363911911","rowpucel@gmail.com","http://www.rowpuceldental.com","https://www.facebook.com/232105956804901","Row.Pucel.DDS","0.9199122190475464","open","10","meta | Overture | Overture-signals","CDLA-Permissive-2.0","2026-04-27T00:00:00.000Z | 2026-06-11T11:57:15Z | 2026-05-12T00:29:08Z | 2026-05-18T13:23:54Z | 2026-05-25T13:08:59Z | 2026-06-01T13:20:32Z | 2026-06-08T13:20:12Z"
"MO","Missouri","4638749d-be54-4cc1-8481-9b16a21fa871","Dental Care of Eagle Valley","-94.19827807","39.02567441","dentist","general_dentistry | health_and_medical","1198 S Buckner Tarsney Rd","Grain Valley","64029-8321","MO","US","+18163575904","eaglevalley@mydentalmail.com","https://dentalcareofeaglevalley.com/","https://www.facebook.com/106776851682944","Dental Health Society online","0.9979991257190705","","10","meta | Overture","CDLA-Permissive-2.0","2026-04-27T00:00:00.000Z | 2026-06-11T11:57:15Z"
"MO","Missouri","463bd438-9158-4142-9b56-8dd21b682591","Creve Coeur Dentistry and Orthodontics","-90.43386228","38.67271765","dentist","orthodontist | general_dentistry","11437 Olive Blvd","Creve Coeur","63141-7108","MO","US","+13143552000","crevecoeurdentistry@smilegeneration.com","https://www.CreveCoeurDentistry.com/?sc_cid=Facebook%3AO%3AGP%3A806%3ASocial%3AGeneral%3Ana&_vsrefdom=organic_social&y_source=1_MjA2NzE5Ny01NTktbG9jYXRpb24ud2Vic2l0ZQ%3D%3D","https://www.facebook.com/327675030765810","Smile Generation","0.9902192950248718","open","8","meta | Overture | Overture-signals","CDLA-Permissive-2.0","2026-04-27T00:00:00.000Z | 2026-06-11T11:57:15Z | 2026-05-12T00:29:08Z | 2026-05-18T13:23:54Z | 2026-05-25T13:08:59Z | 2026-06-01T13:20:32Z | 2026-06-08T13:20:12Z"
"MO","Missouri","466f3906-7a58-4f01-9671-dbe74d46010d","Smiles of Hope at Connect Church STL","-90.44098","38.47774","dentist","community_services_non_profits","1779 Springdale Blvd","Fenton","63026-5576","MO","US","+16362122967","dental@connectchurchstl.com","https://www.connectchurchstl.com/connectdentalclinic","https://www.facebook.com/345484318649661","Connect Church STL","0.9218491911888123","","9","meta | Overture","CDLA-Permissive-2.0","2026-04-27T00:00:00.000Z | 2026-06-11T11:57:15Z"
"MO","Missouri","46bd2cc2-fe91-4eaa-909e-33cb476da9e0","Happy Rock Dental","-94.54778444","39.19548863","dentist","general_dentistry | cosmetic_dentist","5601 N Antioch Rd","Gladstone","64119-2300","MO","US","+18164551200","info@happyrockdental.com","http://www.HappyRockDental.com/","https://www.facebook.com/169313083138958","Happy Rock Dental","0.9199122190475464","open","9","meta | Overture | Overture-signals","CDLA-Permissive-2.0","2026-04-27T00:00:00.000Z | 2026-06-11T11:57:15Z | 2026-05-12T00:29:08Z | 2026-05-18T13:23:54Z | 2026-05-25T13:08:59Z | 2026-06-01T13:20:32Z | 2026-06-08T13:20:12Z"
"MO","Missouri","4763e1af-f1ed-46b2-be2d-9871dca69259","Cherry Hills Dental","-90.6376619381851","38.5756945515929","dentist","","16976 Manchester Rd","Wildwood","63040","MO","US","(636) 458-9090","cherryhillsdds@yahoo.com","https://www.cherryhillsdental.com","https://www.facebook.com/209557395735791","","0.9199122190475464","open","4","Foursquare | Overture | Overture-signals","Apache-2.0 | CDLA-Permissive-2.0","2026-03-03T00:00:00.000 | 2026-06-11T11:57:15Z | 2026-05-12T00:29:08Z | 2026-05-18T13:23:54Z | 2026-05-25T13:08:59Z | 2026-06-01T13:20:32Z | 2026-06-08T13:20:12Z"
"MO","Missouri","479a66eb-1258-46a0-932e-afda61dfa904","Kindred Hospital St. Louis","-90.263031","38.6432335","dentist","hospital | occupational_therapy | health_and_medical","4930 Lindell Blvd","Saint Louis","63108","MO","US","3149550000","","https://www.kindredhospitals.com/locations/missouri/st-louis","","","0.9199122190475464","open","9","Microsoft | Overture | Overture-signals","CDLA-Permissive-2.0","2025-03-03T03:13:53.397Z | 2026-06-11T11:57:15Z | 2026-05-12T00:29:08Z | 2026-05-18T13:23:54Z | 2026-05-25T13:08:59Z | 2026-06-01T13:20:32Z | 2026-06-08T13:20:12Z"
"MO","Missouri","47a32ea7-0d32-44f7-b6ca-98d0b812d07e","Pickard & Helmkamp Orthodontics","-90.5222629536701","38.5940019328514","dentist","","121 Baxter Shops St","Manchester","63011","MO","US","(636) 256-2626","info-west@pickhelmortho.com","","https://www.facebook.com/178754085579628","","0.9902192950248718","open","4","Foursquare | Overture | Overture-signals","Apache-2.0 | CDLA-Permissive-2.0","2025-10-03T00:00:00.000 | 2026-06-11T11:57:15Z | 2026-05-12T00:29:08Z | 2026-05-18T13:23:54Z | 2026-05-25T13:08:59Z | 2026-06-01T13:20:32Z | 2026-06-08T13:20:12Z"
"MO","Missouri","47a786f3-25de-4ccc-9a33-db3143111b66","Mahaffey Family Dentistry","-93.29779977","37.16016885","dentist","general_dentistry","509 W Battlefield Rd","Springfield","65807-4121","MO","US","+14178873573","","http://mahaffeydental.com/contact-us.html","https://www.facebook.com/122027814548499","","0.9199122190475464","open","8","meta | Overture | Overture-signals","CDLA-Permissive-2.0","2026-04-27T00:00:00.000Z | 2026-06-11T11:57:15Z | 2026-05-12T00:29:08Z | 2026-05-18T13:23:54Z | 2026-05-25T13:08:59Z | 2026-06-01T13:20:32Z | 2026-06-08T13:20:12Z"
"MO","Missouri","47ca6f84-e578-404f-95a3-1816ba3ef7dd","Gateway Little Smiles","-90.565906","38.6072149","dentist","","956 Kehrs Mill Rd","Ballwin","63011","MO","US","(636) 524-0791","","https://www.gatewaylittlesmiles.com","","","0.77","","2","Foursquare | Overture","Apache-2.0 | CDLA-Permissive-2.0","2026-04-11T00:00:00.000 | 2026-06-11T11:57:15Z"
"MO","Missouri","47f84861-11eb-4f87-a125-f292c236f99a","Montgomery City Family Dental","-91.50332305","38.97525092","dentist","general_dentistry | cosmetic_dentist","215 S Sturgeon St","Montgomery City","63361-2558","MO","US","+15735643726","","https://montgomerycityfamilydental.com/","https://www.facebook.com/416837718429516","Montgomery City Family Dental","0.9199122190475464","open","8","meta | Overture | Overture-signals","CDLA-Permissive-2.0","2026-04-27T00:00:00.000Z | 2026-06-11T11:57:15Z | 2026-05-12T00:29:08Z | 2026-05-18T13:23:54Z | 2026-05-25T13:08:59Z | 2026-06-01T13:20:32Z | 2026-06-08T13:20:12Z"
"MO","Missouri","482619ba-54ca-4420-a951-425a85100a2b","Belle Dental Clinic","-91.7188546160531","38.28725494072","dentist","","203 W 3rd St","Belle","65013","MO","US","(573) 859-6901","","http://www.belledentalclinic.com","https://www.facebook.com/161843343839637","","0.77","","5","Foursquare | Overture","Apache-2.0 | CDLA-Permissive-2.0","2025-08-22T00:00:00.000 | 2026-06-11T11:57:15Z"
"MO","Missouri","482abdf7-53db-4074-a4d7-16f121e5eb52","McCaffrey Dennis M DDS","-90.65024781","38.35272233","dentist","general_dentistry | doctor","6730 Mall Dr","Cedar Hill","63016-2200","MO","US","+16362744272","","","https://www.facebook.com/1852218798345194","","0.9199122190475464","open","7","meta | Overture | Overture-signals","CDLA-Permissive-2.0","2026-04-27T00:00:00.000Z | 2026-06-11T11:57:15Z | 2026-05-12T00:29:08Z | 2026-05-18T13:23:54Z | 2026-05-25T13:08:59Z | 2026-06-01T13:20:32Z | 2026-06-08T13:20:12Z"
"MO","Missouri","484ca4ea-1594-4e7d-bdb6-e3f4172b6906","Bertz","-91.54000457","37.64528687","dentist","","407 W 4th St","Salem","65560","MO","US","+15737293003","","","https://www.facebook.com/147200742040670","","0.9199122190475464","open","6","meta | Overture | Overture-signals","CDLA-Permissive-2.0","2026-04-27T00:00:00.000Z | 2026-06-11T11:57:15Z | 2026-05-12T00:29:08Z | 2026-05-18T13:23:54Z | 2026-05-25T13:08:59Z | 2026-06-01T13:20:32Z | 2026-06-08T13:20:12Z"
"MO","Missouri","4872088d-651d-4d1a-bcf9-364ee3a705d2","Foster Dental Care","-94.28809","39.03114","dentist","","2150 S Outer Rd","Blue Springs","64015","MO","US","8162286988","","http://www.fosterdentalcare.com/","","","0.9199122190475464","open","6","Microsoft | Overture | Overture-signals","CDLA-Permissive-2.0","2019-03-08T15:13:30.467Z | 2026-06-11T11:57:15Z | 2026-05-12T00:29:08Z | 2026-05-18T13:23:54Z | 2026-05-25T13:08:59Z | 2026-06-01T13:20:32Z | 2026-06-08T13:20:12Z"
"MO","Missouri","489cf09c-17e8-452e-bb26-5f6f8a3381b0","Craig S. Scott DDS","-93.27649","37.15706","dentist","","1200 E Woodhurst Dr","Springfield","65804-3738","MO","US","+14178814300","info@getitstraightortho.com","http://www.getitstraightortho.com/","https://www.facebook.com/429590630564819","","0.7358140349388123","","8","meta | Overture","CDLA-Permissive-2.0","2026-04-27T00:00:00.000Z | 2026-06-11T11:57:15Z"
"MO","Missouri","48bbc9a8-3305-4682-bb24-5edda0916a6b","Smith Gary L DDS","-94.46485362","38.98539739","dentist","general_dentistry","7600 Raytown Rd","Raytown","64138","MO","US","+18163562445","","","https://www.facebook.com/100357211476725","","0.845559298992157","open","2","meta | Overture | Overture-signals","CDLA-Permissive-2.0","2026-04-27T00:00:00.000Z | 2026-06-11T11:57:15Z | 2026-05-25T13:08:59Z | 2026-06-01T13:20:32Z | 2026-06-08T13:20:12Z"
"MO","Missouri","48c6c6bb-7c8a-4afe-b3ed-6261cbc43597","Dr. Anne M. Steward","-90.27916037","38.8167032","dentist","general_dentistry | health_and_medical","4161 Lindbergh Blvd","Florissant","63034-2825","MO","US","+13146536700","","http://www.drannemsteward.com/","https://www.facebook.com/101772326161548","Anne M Steward DMD","0.9902192950248718","open","10","meta | Overture | Overture-signals","CDLA-Permissive-2.0","2026-04-27T00:00:00.000Z | 2026-06-11T11:57:15Z | 2026-05-12T00:29:08Z | 2026-05-18T13:23:54Z | 2026-05-25T13:08:59Z | 2026-06-01T13:20:32Z | 2026-06-08T13:20:12Z"
"MO","Missouri","490b8a5a-76e8-441a-94c2-63fe69799c6b","Alan M. Stoll","-91.39653821","39.72685188","dentist","oral_surgeon | doctor","6 Diamond Blvd","Hannibal","63401","MO","US","+15732480071","","https://www.globalclinicrating.com/.../stoll-alan-m-dds_hannibal","https://www.facebook.com/167678153243198","","0.9199122190475464","open","7","meta | Overture | Overture-signals","CDLA-Permissive-2.0","2026-04-27T00:00:00.000Z | 2026-06-11T11:57:15Z | 2026-05-12T00:29:08Z | 2026-05-18T13:23:54Z | 2026-05-25T13:08:59Z | 2026-06-01T13:20:32Z | 2026-06-08T13:20:12Z"
"MO","Missouri","4935b40e-421b-466d-8bee-8087f7a78d97","Parkcrest Dental Group","-93.29769658","37.14162463","dentist","general_dentistry | medical_service_organizations","540 W Lasalle St","Springfield","65807-4712","MO","US","+14178871220","pdgswan@parkcrestdental.com","http://www.parkcrestdental.com/","https://www.facebook.com/164816989258","Parkcrest Dental Group","0.9199122190475464","open","9","meta | Overture | Overture-signals","CDLA-Permissive-2.0","2026-04-27T00:00:00.000Z | 2026-06-11T11:57:15Z | 2026-05-12T00:29:08Z | 2026-05-18T13:23:54Z | 2026-05-25T13:08:59Z | 2026-06-01T13:20:32Z | 2026-06-08T13:20:12Z"
"MO","Missouri","4972543b-a7c6-4a59-b678-c74c24fa8644","Meramec Family Dentistry + Implant Center","-90.37974064","38.40806381","dentist","general_dentistry","3850 Jeffco Blvd","Arnold","63010","MO","US","+16363333304","meramecfamilydentist@gmail.com","https://meramecfamilydentistry.com/","https://www.facebook.com/883899521650943","","0.9813855886459351","","8","meta | Overture","CDLA-Permissive-2.0","2026-04-27T00:00:00.000Z | 2026-06-11T11:57:15Z"
"MO","Missouri","49b0a511-52cf-4c2e-9e1d-6dcc77aab0b8","Raintree Family Dental","-94.380721","38.85194","dentist","","3751 SW Hollywood Dr","Lees Summit","64082","MO","US","(816) 623-3563","raintreefdc@heartlanddentalcare.com","http://raintreefamilydentalcare.com","https://www.facebook.com/284497894900046","","0.9199122190475464","open","4","Foursquare | Overture | Overture-signals","Apache-2.0 | CDLA-Permissive-2.0","2026-02-17T00:00:00.000 | 2026-06-11T11:57:15Z | 2026-05-12T00:29:08Z | 2026-05-18T13:23:54Z | 2026-05-25T13:08:59Z | 2026-06-01T13:20:32Z | 2026-06-08T13:20:12Z"
"MO","Missouri","49f959cd-f75a-46ba-b63a-30d1275fd0b8","Chesterfield Family and Cosmetic Dental Center","-93.27396763","37.14004987","dentist","general_dentistry","1334 E Kingsley St","Springfield","65804-7223","MO","US","+14178880771","info@chesterfieldfamilydental.com","http://www.chesterfieldfamilydental.com/","https://www.facebook.com/203693589758954","","0.990630567073822","","2","meta | Overture","CDLA-Permissive-2.0","2026-04-27T00:00:00.000Z | 2026-06-11T11:57:15Z"
"MO","Missouri","4a3f3eed-e925-48bf-959c-becdec61eb2d","Vincent Michael Bono","-94.4491038163975","39.2441471423283","dentist","","113 Blue Jay Dr","Liberty","64068","MO","US","(816) 792-4080","","http://www.vmichaelbonodds.com","","","0.9199122190475464","open","4","Foursquare | Overture | Overture-signals","Apache-2.0 | CDLA-Permissive-2.0","2025-10-26T00:00:00.000 | 2026-06-11T11:57:15Z | 2026-05-12T00:29:08Z | 2026-05-18T13:23:54Z | 2026-05-25T13:08:59Z | 2026-06-01T13:20:32Z | 2026-06-08T13:20:12Z"
"MO","Missouri","4a8246f8-f35f-4801-a6bd-c6809e49164a","Mott Family Dental","-91.78067443","37.92675082","dentist","general_dentistry","541 Basswood Dr","Rolla","65401-4478","MO","US","+15733647880","","","https://www.facebook.com/213136998715664","","0.9199122190475464","open","8","meta | Overture | Overture-signals","CDLA-Permissive-2.0","2026-04-27T00:00:00.000Z | 2026-06-11T11:57:15Z | 2026-05-12T00:29:08Z | 2026-05-18T13:23:54Z | 2026-05-25T13:08:59Z | 2026-06-01T13:20:32Z | 2026-06-08T13:20:12Z"
"MO","Missouri","4a8e2cb5-961b-444a-9532-57ac724d7777","Beyond the Smile","-91.75336303","37.93873468","dentist","orthodontist | beauty_salon","711 Salem Ave","Rolla","65401-3444","MO","US","+15733645530","sherrickorthodontics@hotmail.com","http://www.sherrickorthodontics.com/","https://www.facebook.com/1820379244859404","","0.9199122190475464","open","7","meta | Overture | Overture-signals","CDLA-Permissive-2.0","2026-04-27T00:00:00.000Z | 2026-06-11T11:57:15Z | 2026-05-12T00:29:08Z | 2026-05-18T13:23:54Z | 2026-05-25T13:08:59Z | 2026-06-01T13:20:32Z | 2026-06-08T13:20:12Z"
"MO","Missouri","4b5cd9b1-15d6-4494-9e5e-969a73c58694","Smile On Dental Studio","-90.34418772","38.63607172","dentist","general_dentistry | cosmetic_dentist","1034 S Brentwood Blvd","St Louis","63117-1200","MO","US","+13147428107","welcome@smileonstl.com","https://www.smileonstl.com/","https://www.facebook.com/374717372909146","","0.9199122190475464","open","7","meta | Overture | Overture-signals","CDLA-Permissive-2.0","2026-04-27T00:00:00.000Z | 2026-06-11T11:57:15Z | 2026-05-12T00:29:08Z | 2026-05-18T13:23:54Z | 2026-05-25T13:08:59Z | 2026-06-01T13:20:32Z | 2026-06-08T13:20:12Z"
"MO","Missouri","4b9278db-ae85-4f78-858e-b48ad7bb5b0e","Kennerly Dental Group","-90.37529805","38.50669729","dentist","general_dentistry","9906 Kennerly Rd","St Louis","63128-2704","MO","US","+13148585348","kennerlydental@hotmail.com","http://www.kennerlydental.com/","https://www.facebook.com/106965292661361","","0.9199122190475464","open","8","meta | Overture | Overture-signals","CDLA-Permissive-2.0","2026-04-27T00:00:00.000Z | 2026-06-11T11:57:15Z | 2026-05-12T00:29:08Z | 2026-05-18T13:23:54Z | 2026-05-25T13:08:59Z | 2026-06-01T13:20:32Z | 2026-06-08T13:20:12Z"
"MO","Missouri","4ba3247d-8d31-45e9-95b8-12d7818d1f9d","Faculty Practice","-94.57709002","39.08178628","dentist","endodontist","650 E 25th St","Kansas City","64108-2716","MO","US","+18162352121","","http://www.dentistry.umkc.edu/facultypractice","https://www.facebook.com/121508474574316","","0.8982820510864258","","8","meta | Overture","CDLA-Permissive-2.0","2026-04-27T00:00:00.000Z | 2026-06-11T11:57:15Z"
"MO","Missouri","4bf14840-d521-4832-9e25-ae3eedc89421","Dr. Jose Rodriguez","-94.5908091372","39.0485985782","dentist","general_dentistry","4320 Wornall Rd","Kansas City","64111-3206","MO","US","+18165614555","","http://www.joserodriguezdds.com/","https://www.facebook.com/395317767270343","Dr. Jose R. Rodriguez DDS","0.9199122190475464","open","9","meta | Overture | Overture-signals","CDLA-Permissive-2.0","2026-04-27T00:00:00.000Z | 2026-06-11T11:57:15Z | 2026-05-12T00:29:08Z | 2026-05-18T13:23:54Z | 2026-05-25T13:08:59Z | 2026-06-01T13:20:32Z | 2026-06-08T13:20:12Z"
"MO","Missouri","4c229807-b619-437d-9d82-5750eedfd108","Debra Morgan D.M.D.","-90.55640077","37.9224844","dentist","endodontist | periodontist","20 W Johnson St","Bonne Terre","63628-1502","MO","US","+15733587566","","http://www.bonneterrefamilydentistry.com/","https://www.facebook.com/157619704268413","","0.9975562304258346","","8","meta | Overture","CDLA-Permissive-2.0","2026-04-27T00:00:00.000Z | 2026-06-11T11:57:15Z"
"MO","Missouri","4c2a7cfa-3bcd-46ea-bfb7-fe1fbc658cbc","Daniel B Nigus","-94.81008711","39.79136741","dentist","endodontist | cosmetic_dentist","2618 N Belt Hwy","St Joseph","64506-2003","MO","US","+18163646467","nigusdds@live.com","http://danielbnigusddspc.com","https://www.facebook.com/177168089016105","","0.9199122190475464","open","7","meta | Overture | Overture-signals","CDLA-Permissive-2.0","2026-04-27T00:00:00.000Z | 2026-06-11T11:57:15Z | 2026-05-12T00:29:08Z | 2026-05-18T13:23:54Z | 2026-05-25T13:08:59Z | 2026-06-01T13:20:32Z | 2026-06-08T13:20:12Z"
"MO","Missouri","4c5c7a53-3440-4439-b70a-6b0b11576584","Dr. Michael Lorenz","-90.31390138","38.51507387","dentist","","3001 Lemay Ferry Rd","St Louis","63125","MO","US","+13148925343","michaellorenz@boaindentalcaresouth.com","https://www.boaindentalcare.com/covid-19","https://www.facebook.com/741215136230439","","0.6958785057067871","","7","meta | Overture","CDLA-Permissive-2.0","2026-04-27T00:00:00.000Z | 2026-06-11T11:57:15Z"
"MO","Missouri","4c6b1736-73b2-492c-9f56-f940a36e29ab","Dr. Joseph Zeigler","-90.44435231","38.63165871","dentist","doctor | health_and_medical","2821 N Ballas Rd","St Louis","63131-2300","MO","US","+13148727590","zdental@sbcglobal.net","http://www.zeiglerdental.com/","https://www.facebook.com/482888291723266","","0.9658636450767517","","2","meta | Overture","CDLA-Permissive-2.0","2026-04-27T00:00:00.000Z | 2026-06-11T11:57:15Z"
"MO","Missouri","4c929731-6044-4059-8dff-d55bbda80ef5","Technical Crown & Bridge Dental Laboratory","-94.34759691","38.84922832","dentist","medical_service_organizations | health_and_medical","306 Allendale Lake Rd","Greenwood","64034-9767","MO","US","+18165370070","tcblab1@gmail.com","http://tcbdentallab.com/","https://www.facebook.com/159200814109591","","0.9199122190475464","open","7","meta | Overture | Overture-signals","CDLA-Permissive-2.0","2026-04-27T00:00:00.000Z | 2026-06-11T11:57:15Z | 2026-05-12T00:29:08Z | 2026-05-18T13:23:54Z | 2026-05-25T13:08:59Z | 2026-06-01T13:20:32Z | 2026-06-08T13:20:12Z"
"MO","Missouri","4cabb3eb-69d0-41e5-89d6-2646f4b37612","Keith V Myers DDS PC","-93.23492631","37.21018256","dentist","general_dentistry | health_and_medical","2965 E Chestnut Expy","Springfield","65802-2595","MO","US","+14178313311","keithvmyersdds84@yahoo.com","http://www.keithvmyersdds.com/","https://www.facebook.com/502759886475202","","0.9958096027374268","","9","meta | Overture","CDLA-Permissive-2.0","2026-04-27T00:00:00.000Z | 2026-06-11T11:57:15Z"
"MO","Missouri","4cfac0f3-038a-404c-9592-aa1348f8b88f","Hometown Smiles Family Dentistry","-94.53464117","37.05625607","dentist","general_dentistry | cosmetic_dentist","1801 W 32nd St","Joplin","64804-1515","MO","US","+14177820400","hometownsmilesfd@gmail.com","http://www.joplinhometownsmiles.com/","https://www.facebook.com/172445796127059","","0.9199122190475464","open","8","meta | Overture | Overture-signals","CDLA-Permissive-2.0","2026-04-27T00:00:00.000Z | 2026-06-11T11:57:15Z | 2026-05-12T00:29:08Z | 2026-05-18T13:23:54Z | 2026-05-25T13:08:59Z | 2026-06-01T13:20:32Z | 2026-06-08T13:20:12Z"
"MO","Missouri","4d1a10f4-e375-48bf-b505-6da0abc86222","RM Dental Group","-94.5919867","39.0411152","dentist","cosmetic_dentist | oral_surgeon","411 Nichols Rd","Kansas City","64112","MO","US","+18167538728","","http://www.ambapts.com/","https://www.facebook.com/191078411670191","Plaza Apartment Center","0.5973114967346191","","2","meta | Overture","CDLA-Permissive-2.0","2026-04-27T00:00:00.000Z | 2026-06-11T11:57:15Z"
"MO","Missouri","4dcabc35-b077-49c5-b02a-3439f02f5d68","Christy Hager, DDS","-90.31840721","38.63423761","dentist","cosmetic_dentist | general_dentistry","6744 Clayton Rd","Richmond Heights","63117-1633","MO","US","+13146451337","","http://christyhagerdds.com/","https://www.facebook.com/136933679687520","","0.9199122190475464","open","9","meta | Overture | Overture-signals","CDLA-Permissive-2.0","2026-04-27T00:00:00.000Z | 2026-06-11T11:57:15Z | 2026-05-12T00:29:08Z | 2026-05-18T13:23:54Z | 2026-05-25T13:08:59Z | 2026-06-01T13:20:32Z | 2026-06-08T13:20:12Z"
"MO","Missouri","4eaa8a85-87a2-4067-a280-1a4d652c4af9","St. George Family Dental","-91.9490813713814","38.848991000886","dentist","","603 Nichols St","Fulton","65251","MO","US","(573) 642-6904","","https://stgeorgefamilydental.com","https://www.twitter.com/st_dds | https://www.facebook.com/118008171543496","","0.9199122190475464","open","4","Foursquare | Overture | Overture-signals","Apache-2.0 | CDLA-Permissive-2.0","2022-03-02T00:00:00.000 | 2026-06-11T11:57:15Z | 2026-05-12T00:29:08Z | 2026-05-18T13:23:54Z | 2026-05-25T13:08:59Z | 2026-06-01T13:20:32Z | 2026-06-08T13:20:12Z"
"MO","Missouri","4eb6423f-8545-4aa2-b0d3-4dede512d585","Aspen Dental - Kansas City","-94.6511715","39.2470648","dentist","","6262 NW Barry Rd","Kansas City","64154","MO","US","(816) 705-5996","","https://www.aspendental.com/dentist/mo/kansas-city/6262-nw-barry-rd","https://www.twitter.com/aspendental | https://www.facebook.com/111148630356534","","0.77","","5","Foursquare | Overture","Apache-2.0 | CDLA-Permissive-2.0","2025-12-09T00:00:00.000 | 2026-06-11T11:57:15Z"
"MO","Missouri","4f2fed08-8fc7-416b-9eb4-11b85d4a0b4f","Pine Lawn Dental Group","-90.277127","38.691874","dentist","medical_service_organizations | cosmetic_dentist","3721 Jennings Station Rd","St Louis","63121-3505","MO","US","+13143822000","appointments@pinelawndental.com","http://www.pinelawndental.com/","https://www.facebook.com/113017593658343","Pine Lawn Dental","0.9902192950248718","open","9","meta | Overture | Overture-signals","CDLA-Permissive-2.0","2026-04-27T00:00:00.000Z | 2026-06-11T11:57:15Z | 2026-05-12T00:29:08Z | 2026-05-18T13:23:54Z | 2026-05-25T13:08:59Z | 2026-06-01T13:20:32Z | 2026-06-08T13:20:12Z"
"MO","Missouri","4f4ae4a7-2aa8-436f-807f-1d5d8f48573c","Summit Pediatric Dentistry","-94.38352293","38.92543834","dentist","pediatric_dentist | medical_service_organizations","24 NW Chipman Rd","Lee's Summit","64063-1929","MO","US","+18162820450","info@summitkidsdentistry.com","http://www.summitkidsdentistry.com/","https://www.facebook.com/326048787807275","","0.9983160603046417","open","7","meta | Overture | Overture-signals","CDLA-Permissive-2.0","2026-04-27T00:00:00.000Z | 2026-06-11T11:57:15Z | 2026-05-12T00:29:08Z"
"MO","Missouri","4f7f9456-b155-474f-9411-198c9e026a89","Hawatmeh Randa, DMD","-90.515592","38.642162","dentist","","14377 Woodlake Dr Ste 215","Chesterfield","63017","MO","US","(314) 576-4462","randahawatmehdmd@att.net","http://westcountysmilecenter.com","","","0.77","","5","Foursquare | Overture","Apache-2.0 | CDLA-Permissive-2.0","2025-08-22T00:00:00.000 | 2026-06-11T11:57:15Z"
"MO","Missouri","4f88e2ef-d7be-4362-ab6f-adc836640010","Dental Care on North Avenue","-94.52645851","38.81452994","dentist","general_dentistry | health_and_medical","424 E North Ave","Belton","64012-2017","MO","US","+18168379264","dcnorthavenue@mydentalmail.com","https://dentalcareonnorthavenue.com/","https://www.facebook.com/101527535887774","Dental Health Society online","0.9796240329742432","","9","meta | Overture","CDLA-Permissive-2.0","2026-04-27T00:00:00.000Z | 2026-06-11T11:57:15Z"
"MO","Missouri","4fa9d1fb-6598-4c1c-b20b-879eea4a15cc","Eat Right Dentures","-90.361597","38.521027","dentist","medical_service_organizations | oral_surgeon","11678 Baptist Church Rd","St Louis","63128-1382","MO","US","+13148491400","info@eatrightdentures.com","http://www.eatrightdentures.com","https://www.facebook.com/137838093024715","Eat Right Dentures","0.8543877601623535","","7","meta | Overture","CDLA-Permissive-2.0","2026-04-27T00:00:00.000Z | 2026-06-11T11:57:15Z"
"MO","Missouri","4fc66273-f4f1-4e51-8698-1c5d861a4746","Fountain City Dental Group - Kansas City","-94.58704431","39.04410974","dentist","general_dentistry | doctor","4546 Main St","Kansas City","64111-1816","MO","US","+18169312342","team@briansuttondds.com","https://fountaincitydentalgroup.com/kansas-city/","https://www.facebook.com/266517966712","","0.9199122190475464","open","8","meta | Overture | Overture-signals","CDLA-Permissive-2.0","2026-04-27T00:00:00.000Z | 2026-06-11T11:57:15Z | 2026-05-12T00:29:08Z | 2026-05-18T13:23:54Z | 2026-05-25T13:08:59Z | 2026-06-01T13:20:32Z | 2026-06-08T13:20:12Z"
"MO","Missouri","4fe7cde3-ad1d-4655-97b2-947969e3b687","Waldo Dental Care","-94.59458803","38.98189075","dentist","pediatric_dentist | health_and_medical","8043 Wornall Rd","Kansas City","64114-5819","MO","US","+18165788138","info@waldodentalcare.com","https://www.waldodentalcare.com/","https://www.facebook.com/1193415920750655","","0.9902192950248718","open","8","meta | Overture | Overture-signals","CDLA-Permissive-2.0","2026-04-27T00:00:00.000Z | 2026-06-11T11:57:15Z | 2026-05-12T00:29:08Z | 2026-05-18T13:23:54Z | 2026-05-25T13:08:59Z | 2026-06-01T13:20:32Z | 2026-06-08T13:20:12Z"
"MO","Missouri","5048cae0-a79b-41e8-898a-1cdecfd5f120","Creve Coeur Endodontics","-90.4421830954493","38.6656554156568","dentist","","522 N New Ballas Rd","Creve Coeur","63141","MO","US","(314) 994-3737","office@cc-endo.com","http://www.cc-endo.com","","","0.9199122190475464","open","5","Foursquare | Overture | Overture-signals","Apache-2.0 | CDLA-Permissive-2.0","2025-08-22T00:00:00.000 | 2026-06-11T11:57:15Z | 2026-05-12T00:29:08Z | 2026-05-18T13:23:54Z | 2026-05-25T13:08:59Z | 2026-06-01T13:20:32Z | 2026-06-08T13:20:12Z"
"MO","Missouri","5052971d-0301-4266-813d-a0a321ac5ec5","Patee Market Youth Dental Services","-94.84820925","39.75844406","dentist","general_dentistry | health_and_medical","904 S 10th St","St Joseph","64503-2400","MO","US","+18162717807","","http://dental-help-for-missouri.app-sl-1.aidpage.com","https://www.facebook.com/204739392876080","","0.9902192950248718","open","6","meta | Overture | Overture-signals","CDLA-Permissive-2.0","2026-04-27T00:00:00.000Z | 2026-06-11T11:57:15Z | 2026-05-12T00:29:08Z | 2026-05-18T13:23:54Z | 2026-05-25T13:08:59Z | 2026-06-01T13:20:32Z | 2026-06-08T13:20:12Z"
"MO","Missouri","508afe3a-44f8-47b6-996d-cc32bac8f75c","Dr. Tarah Crews","-90.30152745","38.59320574","dentist","cosmetic_dentist | health_and_medical","4224 Watson Rd","St Louis","63109-1271","MO","US","+13148321366","crewsdentalinformation@gmail.com","https://www.crewsdentaleast.com/","https://www.facebook.com/237040156478745","","0.9924048781394958","open","8","meta | Overture | Overture-signals","CDLA-Permissive-2.0","2026-04-27T00:00:00.000Z | 2026-06-11T11:57:15Z | 2026-06-08T13:20:12Z"
"MO","Missouri","50c0e42d-47d9-49df-b8fe-2905fc393568","Ehrhart Dental","-90.41105957","38.21840308","dentist","general_dentistry | cosmetic_dentist","1400 W Main St","Festus","63028-2038","MO","US","+16369379152","ehrhartdental@gmail.com","https://www.larryehrhartdds.com/","https://www.facebook.com/1591897504412351","","0.9199122190475464","open","7","meta | Overture | Overture-signals","CDLA-Permissive-2.0","2026-04-27T00:00:00.000Z | 2026-06-11T11:57:15Z | 2026-05-12T00:29:08Z | 2026-05-18T13:23:54Z | 2026-05-25T13:08:59Z | 2026-06-01T13:20:32Z | 2026-06-08T13:20:12Z"
"MO","Missouri","50fb51e9-e393-49e4-a2d2-def29d34cb7c","Big Bright Smiles","-94.586087","39.048907","dentist","teeth_whitening | health_and_medical","4301 Main St","Kansas City","64111-1809","MO","US","+18165994737","bbsmileskc@gmail.com","http://bigbrightsmiles.com/","https://www.facebook.com/1408529402788072","Big Bright Smiles","0.5826814770698547","","7","meta | Overture","CDLA-Permissive-2.0","2026-04-27T00:00:00.000Z | 2026-06-11T11:57:15Z"
"MO","Missouri","514aa5e2-dbf5-4619-a55f-ea6c429a7054","Stephen D. Vitale","-90.30619441","38.59081219","dentist","general_dentistry | doctor","6651 Chippewa St","St Louis","63109-2528","MO","US","+13146472424","svitaledds@msn.com","http://www.vitaledentalcare.com/","https://www.facebook.com/224396801363319","Stephen D. Vitale, DDS PC","0.9199122190475464","open","8","meta | Overture | Overture-signals","CDLA-Permissive-2.0","2026-04-27T00:00:00.000Z | 2026-06-11T11:57:15Z | 2026-05-12T00:29:08Z | 2026-05-18T13:23:54Z | 2026-05-25T13:08:59Z | 2026-06-01T13:20:32Z | 2026-06-08T13:20:12Z"
"MO","Missouri","51888047-bb1d-404c-a16f-7fe5e4a9b8a8","Dahlquist Dental","-94.28240177","39.02890354","dentist","cosmetic_dentist","1508 NW Mock Ave","Blue Springs","64015-3106","MO","US","+18162287176","dahlquistoffice@gmail.com","http://dahlquistdental.com/","https://www.facebook.com/1019335184767107","","0.9199122190475464","open","7","meta | Overture | Overture-signals","CDLA-Permissive-2.0","2026-04-27T00:00:00.000Z | 2026-06-11T11:57:15Z | 2026-05-12T00:29:08Z | 2026-05-18T13:23:54Z | 2026-05-25T13:08:59Z | 2026-06-01T13:20:32Z | 2026-06-08T13:20:12Z"
"MO","Missouri","51a29f3b-06c5-41ac-9f7d-fdd4ef6b5473","Gateway Endodontics","-94.3583773","38.97224644","dentist","general_dentistry | health_and_medical","3383 NE Ralph Powell Rd","Lee's Summit","64064-2373","MO","US","+18165547373","","http://www.wellness.com/dir/2246354/dentist/mo/lees-summit","https://www.facebook.com/155786357789881","","0.9199122190475464","open","8","meta | Overture | Overture-signals","CDLA-Permissive-2.0","2026-04-27T00:00:00.000Z | 2026-06-11T11:57:15Z | 2026-05-12T00:29:08Z | 2026-05-18T13:23:54Z | 2026-05-25T13:08:59Z | 2026-06-01T13:20:32Z | 2026-06-08T13:20:12Z"
"MO","Missouri","5225cc30-bc2e-4cbe-b6fc-cb5dcb900a2c","Dr Newlin","-90.576543605056","38.7868854941427","dentist","","303 Jungermann Rd","St Peters","63376","MO","US","(636) 928-3552","","http://newlinendodontics.com","https://www.facebook.com/415416781952474","","0.77","","3","Foursquare | Overture","Apache-2.0 | CDLA-Permissive-2.0","2025-09-09T00:00:00.000 | 2026-06-11T11:57:15Z"
"MO","Missouri","522e9077-93bf-4aa4-a623-936be781e643","Radiance Dental","-90.5652545","38.6447923","dentist","health_and_medical","1642 Clarkson Rd","Chesterfield","63017","MO","US","6367281540","","","","","0.9655","","7","Microsoft | Overture","CDLA-Permissive-2.0","2015-05-14T10:56:13.643Z | 2026-06-11T11:57:15Z"
"MO","Missouri","52c37c34-dd3d-487a-b345-4d22855a5d29","Demaree Mitchell Family Dental","-89.97072061","36.78888805","dentist","general_dentistry | health_and_medical","851 W Grant St","Dexter","63841-2430","MO","US","+15736248005","","","https://www.facebook.com/154720134566098","","0.9199122190475464","open","8","meta | Overture | Overture-signals","CDLA-Permissive-2.0","2026-04-27T00:00:00.000Z | 2026-06-11T11:57:15Z | 2026-05-12T00:29:08Z | 2026-05-18T13:23:54Z | 2026-05-25T13:08:59Z | 2026-06-01T13:20:32Z | 2026-06-08T13:20:12Z"
"MO","Missouri","52dd6f3b-892e-4014-96e0-f379efa9f0aa","Polished Dentistry","-90.5259163561325","38.5923592039504","dentist","","14560 Manchester Rd","Manchester","63011","MO","US","(636) 394-4275","contactus@polishedsmiles.com","https://www.polishedsmiles.com","https://www.facebook.com/1799139816977412","","0.9199122190475464","open","4","Foursquare | Overture | Overture-signals","Apache-2.0 | CDLA-Permissive-2.0","2021-03-22T00:00:00.000 | 2026-06-11T11:57:15Z | 2026-05-12T00:29:08Z | 2026-05-18T13:23:54Z | 2026-05-25T13:08:59Z | 2026-06-01T13:20:32Z | 2026-06-08T13:20:12Z"
"MO","Missouri","5320b798-c878-44c7-9882-44380c69ab0b","Riverheart Family Dentistry","-90.70048826","38.79232861","dentist","general_dentistry | medical_service_organizations","8618 Mexico Rd","O'Fallon","63366-7507","MO","US","+16362054045","riverheartfamilydentistry@gmail.com","http://www.riverheartfamilydentistry.com/","https://www.facebook.com/536162166555744","","0.9902192950248718","open","7","meta | Overture | Overture-signals","CDLA-Permissive-2.0","2026-04-27T00:00:00.000Z | 2026-06-11T11:57:15Z | 2026-05-12T00:29:08Z | 2026-05-18T13:23:54Z | 2026-05-25T13:08:59Z | 2026-06-01T13:20:32Z | 2026-06-08T13:20:12Z"
"MO","Missouri","5322b66b-fb42-4ea0-b6c4-2b6fad760ca4","Seyer Nathan Seyer Nathan Thomas Office","-89.96933","36.802532","dentist","family_practice | fashion_accessories_store","1 Corporate Dr","Dexter","63841-9138","MO","US","+15736248236","","http://onemiledds.com","https://www.facebook.com/694109190660580","","0.5724084377288818","","7","meta | Overture","CDLA-Permissive-2.0","2026-04-27T00:00:00.000Z | 2026-06-11T11:57:15Z"
"MO","Missouri","532e3261-6d59-402d-93c2-440e6fcf7080","Motto Clear Aligners","-94.523113","38.822083","dentist","","701 E Markey Pkwy","Belton","64012","MO","US","(816) 535-3443","","https://www.aspendental.com/dentist/mo/belton/701-e-markey-parkway","","","0.77","","3","Foursquare | Overture","Apache-2.0 | CDLA-Permissive-2.0","2026-01-02T00:00:00.000 | 2026-06-11T11:57:15Z"
"MO","Missouri","5393e0b0-0a75-48d9-a8f0-4261d01da470","Basnett Michael T DDS","-91.94654","38.848945","dentist","","101 E 6th St","Fulton","65251-1943","MO","US","+15736421210","","http://basnettmichaeltdds.placeweb.site","https://www.facebook.com/189873551046286","","0.8321971297264099","","9","meta | Overture","CDLA-Permissive-2.0","2026-04-27T00:00:00.000Z | 2026-06-11T11:57:15Z"
"MO","Missouri","539fedad-b9fd-40b5-81e1-b4b601d9ff71","Ronald E Jennings DDS","-94.413963","39.087105","dentist","health_and_medical | medical_service_organizations","514 S Noland Rd","Independence","64050-3973","MO","US","+18168365520","rjenningsdds@yahoo.com","http://www.ronjenningsdds.com/","https://www.facebook.com/373041689379984","","0.7035965919494629","","8","meta | Overture","CDLA-Permissive-2.0","2026-04-27T00:00:00.000Z | 2026-06-11T11:57:15Z"
"MO","Missouri","5432d57a-bccc-4b32-abe4-a8ccd2d53859","Comtrea Dental","-90.562674","38.418174","dentist","pediatric_dentist | community_services_non_profits","4300 Gravois Rd","House Springs","63051-2304","MO","US","+16363210150","","","https://www.facebook.com/528740007569317","","0.9886409044265747","","7","meta | Overture","CDLA-Permissive-2.0","2026-04-27T00:00:00.000Z | 2026-06-11T11:57:15Z"
"MO","Missouri","5497ced6-2bcf-494a-8c29-293d13fdff7c","victor a. quiason dds","-94.5789185214638","39.1926518121581","dentist","","200 NE 54th St","Kansas City","64118","MO","US","(816) 454-7422","","http://www.quiasondental.com","","","0.9199122190475464","open","4","Foursquare | Overture | Overture-signals","Apache-2.0 | CDLA-Permissive-2.0","2025-01-28T00:00:00.000 | 2026-06-11T11:57:15Z | 2026-05-12T00:29:08Z | 2026-05-18T13:23:54Z | 2026-05-25T13:08:59Z | 2026-06-01T13:20:32Z | 2026-06-08T13:20:12Z"
"MO","Missouri","54e2501a-5172-4c95-acca-35af7579e458","Parkville Dental Center","-94.69387189","39.21016818","dentist","general_dentistry","6320 NW Lakecrest Ln","Parkville","64152-3152","MO","US","+18167414611","lashawn@parkvilledentalcenter.com","http://www.parkvilledentalcenter.com/","https://www.facebook.com/285916419285","Parkville Dental Center","0.9199122190475464","open","9","meta | Overture | Overture-signals","CDLA-Permissive-2.0","2026-04-27T00:00:00.000Z | 2026-06-11T11:57:15Z | 2026-05-12T00:29:08Z | 2026-05-18T13:23:54Z | 2026-05-25T13:08:59Z | 2026-06-01T13:20:32Z | 2026-06-08T13:20:12Z"
"MO","Missouri","553f014f-980a-493a-a2bc-1d594786d828","Distinctive Dental Solutions","-93.2754982","37.14326563","dentist","general_dentistry | health_and_medical","1316 E Independence St","Springfield","65804-4262","MO","US","+14177428289","distinctivedental@heartlanddentalcare.com","https://distinctivedentalsolutions.com/","https://www.facebook.com/278417212172687","Dental Health Society online","0.9902192950248718","open","9","meta | Overture | Overture-signals","CDLA-Permissive-2.0","2026-04-27T00:00:00.000Z | 2026-06-11T11:57:15Z | 2026-05-12T00:29:08Z | 2026-05-18T13:23:54Z | 2026-05-25T13:08:59Z | 2026-06-01T13:20:32Z | 2026-06-08T13:20:12Z"
"MO","Missouri","559d5d59-3a79-4d64-bbd8-43010dd7e0c0","Cass County Dental Clinic","-94.5343491996243","38.8103469926727","dentist","","802 E Walnut St","Belton","64012","MO","US","","info@casscountydentalclinic.org","http://www.casscountydentalclinic.org","","","0.9199122190475464","open","4","Foursquare | Overture | Overture-signals","Apache-2.0 | CDLA-Permissive-2.0","2025-10-23T00:00:00.000 | 2026-06-11T11:57:15Z | 2026-05-12T00:29:08Z | 2026-05-18T13:23:54Z | 2026-05-25T13:08:59Z | 2026-06-01T13:20:32Z | 2026-06-08T13:20:12Z"
"MO","Missouri","55cd37d7-97af-4dd8-87ae-5699b9085809","Highland Dental","-94.5674952932378","39.1133896565838","dentist","","200 Forest Ave","Kansas City","64106","MO","US","(816) 792-8030","","https://www.highlanddentalkc.com","https://www.twitter.com/drkleindds | https://www.facebook.com/536244009735981","","0.9199122190475464","open","4","Foursquare | Overture | Overture-signals","Apache-2.0 | CDLA-Permissive-2.0","2025-08-22T00:00:00.000 | 2026-06-11T11:57:15Z | 2026-05-12T00:29:08Z | 2026-05-18T13:23:54Z | 2026-05-25T13:08:59Z | 2026-06-01T13:20:32Z | 2026-06-08T13:20:12Z"
"MO","Missouri","55d23516-9ac3-4df5-b697-e9df5c9068c4","Dentistry at Smithville Marketplace","-94.58371361","39.37757832","dentist","general_dentistry | health_and_medical","15700 N US Highway 169","Smithville","64089-9183","MO","US","+18163439110","smithvillemarketplace@mydentalmail.com","https://dentistryatsmithvillemarketplace.com/","https://www.facebook.com/106884535373832","Dental Health Society online","0.9902192950248718","open","9","meta | Overture | Overture-signals","CDLA-Permissive-2.0","2026-04-27T00:00:00.000Z | 2026-06-11T11:57:15Z | 2026-05-12T00:29:08Z | 2026-05-18T13:23:54Z | 2026-05-25T13:08:59Z | 2026-06-01T13:20:32Z | 2026-06-08T13:20:12Z"
"MO","Missouri","56218ef5-f65f-41e9-8aaa-910ce66e7e80","Pevely Family Dentistry","-90.3962387274776","38.2920805225721","dentist","","8646 Commercial Blvd","Pevely","63070","MO","US","(636) 475-7161","","http://www.pevelyfamilydentistry.com","","","0.9199122190475464","open","4","Foursquare | Overture | Overture-signals","Apache-2.0 | CDLA-Permissive-2.0","2025-08-19T00:00:00.000 | 2026-06-11T11:57:15Z | 2026-05-12T00:29:08Z | 2026-05-18T13:23:54Z | 2026-05-25T13:08:59Z | 2026-06-01T13:20:32Z | 2026-06-08T13:20:12Z"
"MO","Missouri","5630376f-7d47-41bc-bf30-fcd055abaf2e","TerraGreen Dental (Thomas Hoff, DDS, LLC)","-93.2182936660809","37.1708865561814","dentist","","2305 S Blackman Rd Bldg A Ste 100","Springfield","65809","MO","US","(417) 887-3860","terragreendental@gmail.com","http://www.terragreendental.com","https://www.facebook.com/736198543071571","","0.9199122190475464","open","4","Foursquare | Overture | Overture-signals","Apache-2.0 | CDLA-Permissive-2.0","2025-06-09T00:00:00.000 | 2026-06-11T11:57:15Z | 2026-05-12T00:29:08Z | 2026-05-18T13:23:54Z | 2026-05-25T13:08:59Z | 2026-06-01T13:20:32Z | 2026-06-08T13:20:12Z"
"MO","Missouri","5633763e-e536-443d-a2aa-61fdf5dbe72a","Advanced Dental of Wentzville","-90.8727724","38.811786","dentist","health_and_medical","1126 W Pearce Blvd Ste 110","Wentzville","63385","MO","US","6363275188","","https://www.wentzvillefamilydentist.com/","","","0.85","","7","Microsoft | Overture","CDLA-Permissive-2.0","2025-08-05T06:40:23.477Z | 2026-06-11T11:57:15Z"
"MO","Missouri","5682fa76-b94a-4385-b6ac-9e3e7848c0c8","Susan Appleberry Widick DDS","-94.41672778","39.04875555","dentist","general_dentistry","3926 S Lynn Ct","Independence","64055-6515","MO","US","+18162547800","team@drwidick.com","http://www.drwidick.com/","https://www.facebook.com/189264921131875","","0.9199122190475464","open","8","meta | Overture | Overture-signals","CDLA-Permissive-2.0","2026-04-27T00:00:00.000Z | 2026-06-11T11:57:15Z | 2026-05-12T00:29:08Z | 2026-05-18T13:23:54Z | 2026-05-25T13:08:59Z | 2026-06-01T13:20:32Z | 2026-06-08T13:20:12Z"
"MO","Missouri","56ec2df4-47cb-41e3-bec7-4451288bf2cf","Springfield Dental Care","-93.27558995","37.1571675","dentist","general_dentistry | doctor","1200 E Woodhurst Dr","Springfield","65804-3738","MO","US","+14178832214","info@sdcmo.com","http://www.springfielddentalcare.com/","https://www.facebook.com/216826181820495","Springfield Dental Care","0.9902192950248718","open","9","meta | Overture | Overture-signals","CDLA-Permissive-2.0","2026-04-27T00:00:00.000Z | 2026-06-11T11:57:15Z | 2026-05-12T00:29:08Z | 2026-05-18T13:23:54Z | 2026-05-25T13:08:59Z | 2026-06-01T13:20:32Z | 2026-06-08T13:20:12Z"
"MO","Missouri","56f13b7b-013a-4e87-ac8e-1851b41d7c4a","Truman Lakewood Dental Services","-94.3944112393575","38.9752918371979","dentist","doctor | hospital","","Kansas City","","MO","US","+18164046885","","http://www.trumed.org/services-lakewood/dental","https://www.facebook.com/127494670730610","","0.8134701251983643","open","2","meta | Overture | Overture-signals","CDLA-Permissive-2.0","2026-04-27T00:00:00.000Z | 2026-06-11T11:57:15Z | 2026-06-08T13:20:12Z"
"MO","Missouri","574f619c-765c-47ae-8be9-96c43d43f0b3","Sleep Well Missouri","-94.20271857","39.44054593","dentist","naturopathic_holistic | health_and_medical","201 E 6th St","Lawson","64062-7814","MO","US","+18162815018","","https://sleepwellmissouri.com/","https://www.facebook.com/111994030289720","","0.5683382153511047","","9","meta | Overture","CDLA-Permissive-2.0","2026-04-27T00:00:00.000Z | 2026-06-11T11:57:15Z"
"MO","Missouri","575b68ff-888a-44d7-9be9-f4f4a035fb85","Dr. Jennifer Soprych, DMD","-90.7665725","38.8025334","dentist","health_and_medical","15 Lakeside Dr Ste A","Lake St Louis","63367","MO","US","6366251225","","https://www.newcreationdentalcare.com/","","","0.9199122190475464","open","6","Microsoft | Overture | Overture-signals","CDLA-Permissive-2.0","2022-04-07T21:51:34.903Z | 2026-06-11T11:57:15Z | 2026-05-12T00:29:08Z | 2026-05-18T13:23:54Z | 2026-05-25T13:08:59Z | 2026-06-01T13:20:32Z | 2026-06-08T13:20:12Z"
"MO","Missouri","57613065-c434-457c-bf0d-871077cb09b3","Premier Dental Partners","-90.366234983333","38.51792355","dentist","","12101 Tesson Ferry Professional Ctr","St Louis","63128-1250","MO","US","+13148421464","","http://www.premierdentalpartners.com","https://www.facebook.com/177094252305312","Fenton Dentist Office - Free Sonicare","0.7626039385795593","","7","meta | Overture","CDLA-Permissive-2.0","2026-04-27T00:00:00.000Z | 2026-06-11T11:57:15Z"
"MO","Missouri","579764ee-d6f0-4567-96fc-cf1928cf8df1","Bernard G Bruns DDS LLC at Tremont Dental","-94.6474467","39.2079185","dentist","","5501 NW 62nd Ter Ste 101","Kansas City","64151","MO","US","(816) 741-6960","drbbruns@gmail.com","http://www.tremontdental.com","","","0.9199122190475464","open","4","Foursquare | Overture | Overture-signals","Apache-2.0 | CDLA-Permissive-2.0","2025-10-13T00:00:00.000 | 2026-06-11T11:57:15Z | 2026-05-12T00:29:08Z | 2026-05-18T13:23:54Z | 2026-05-25T13:08:59Z | 2026-06-01T13:20:32Z | 2026-06-08T13:20:12Z"
"MO","Missouri","579a6557-ac45-42f6-8843-5c4b91544407","St Louis Center for A&R Dentistry","-90.34767133","38.78826069","dentist","general_dentistry | cosmetic_dentist","7934 N Lindbergh Blvd","Hazelwood","63042-3521","MO","US","+13148318086","office@drnorouzi.com","http://www.drnorouzi.com/","https://www.facebook.com/114452401928940","","0.9199122190475464","open","1","meta | Overture | Overture-signals","CDLA-Permissive-2.0","2026-04-27T00:00:00.000Z | 2026-06-11T11:57:15Z | 2026-05-12T00:29:08Z | 2026-05-18T13:23:54Z | 2026-05-25T13:08:59Z | 2026-06-01T13:20:32Z | 2026-06-08T13:20:12Z"
"MO","Missouri","57c0169f-0a7c-43c9-9f43-ba6a44e3ce30","Dr Jerry Cash Orthodontist Office","-93.2605301105887","37.1843434350271","dentist","","1722 S Glenstone Ave","Springfield","65804-1513","MO","US","+14178817512","info@cashfamilyorthodontics.com","http://www.cashfamilyorthodontics.com","https://www.facebook.com/156021047788075","","0.6357569098472595","","8","meta | Overture","CDLA-Permissive-2.0","2026-04-27T00:00:00.000Z | 2026-06-11T11:57:15Z"
"MO","Missouri","57ca9f14-830e-45b3-81c2-f3ae1063e233","Four States Dental Care","-94.47406281","37.13938471","dentist","general_dentistry | medical_service_organizations","501 S Madison St","Webb City","64870-2426","MO","US","+14173926090","","http://www.4statesdentalcare.com","https://www.facebook.com/270167457119196","Four States Dental Care","0.9199122190475464","open","8","meta | Overture | Overture-signals","CDLA-Permissive-2.0","2026-04-27T00:00:00.000Z | 2026-06-11T11:57:15Z | 2026-05-12T00:29:08Z | 2026-05-18T13:23:54Z | 2026-05-25T13:08:59Z | 2026-06-01T13:20:32Z | 2026-06-08T13:20:12Z"
"MO","Missouri","57e2a249-e9c5-4431-b3ea-fa556879ca93","McCoy & Samples Dental Clinic","-93.07384","39.78721","dentist","cosmetic_dentist | pediatric_dentist","121 E Brooks St","Brookfield","64628-1727","MO","US","+16602583372","","http://www.chillicothedentistry.com","https://www.facebook.com/918764368201417","McCoy & Samples Dental Clinic","0.9517480134963989","","7","meta | Overture","CDLA-Permissive-2.0","2026-04-27T00:00:00.000Z | 2026-06-11T11:57:15Z"
"MO","Missouri","581757f5-f322-4e7d-83e3-cec6107b0cf7","Prince Dental","-89.6338629500003","37.45816885","dentist","health_and_medical | doctor","6737 US Highway 61","Jackson","63755-7150","MO","US","+15739863151","mfprince5@gmail.com","http://www.princedental.net/","https://www.facebook.com/112172202176410","","0.71586012840271","","8","meta | Overture","CDLA-Permissive-2.0","2026-04-27T00:00:00.000Z | 2026-06-11T11:57:15Z"
"MO","Missouri","5835aa57-a40f-4e16-94f4-3b4aa9b808ec","Wood Stephanie a DMD","-90.38215992","38.4908745","dentist","","13096 Tesson Ferry Rd","St Louis","63128-3442","MO","US","+13148420060","drs.muellerandwood@gmail.com","http://www.drsmuellerandwood.com/","https://www.facebook.com/105929452018907","Stephanie A. Wood, DMD","0.9199122190475464","open","8","meta | Overture | Overture-signals","CDLA-Permissive-2.0","2026-04-27T00:00:00.000Z | 2026-06-11T11:57:15Z | 2026-05-12T00:29:08Z | 2026-05-18T13:23:54Z | 2026-05-25T13:08:59Z | 2026-06-01T13:20:32Z | 2026-06-08T13:20:12Z"
"MO","Missouri","5843e8b0-994b-45fa-9f08-bd961088661b","Todd Tom D DDS","-92.26327395","37.13649777","dentist","general_dentistry | medical_service_organizations","901 N Main Ave","Mountain Grove","65711-1316","MO","US","+14179263600","","","https://www.facebook.com/116795881714489","","0.9199122190475464","open","7","meta | Overture | Overture-signals","CDLA-Permissive-2.0","2026-04-27T00:00:00.000Z | 2026-06-11T11:57:15Z | 2026-05-12T00:29:08Z | 2026-05-18T13:23:54Z | 2026-05-25T13:08:59Z | 2026-06-01T13:20:32Z | 2026-06-08T13:20:12Z"
"MO","Missouri","58456ce4-b613-4500-a7c9-a7482554fe62","Dr. Terry Dyer, DMD LLC","-90.302697","38.806367","dentist","family_practice | doctor","2758 N US Highway 67","Florissant","63033-1402","MO","US","+13145619417","","https://www.terrydyerdental.com/","https://www.facebook.com/440866736122927","","0.9754531383514404","","9","meta | Overture","CDLA-Permissive-2.0","2026-04-27T00:00:00.000Z | 2026-06-11T11:57:15Z"
"MO","Missouri","5880f53c-94b0-4025-bfc2-4fec586b6a47","Lewis Darrell DDS","-90.44204572","38.66633343","dentist","general_dentistry | health_and_medical","11710 Old Ballas Rd","St Louis","63141-7027","MO","US","+13145671414","","","https://www.facebook.com/155566881149099","","0.9902192950248718","open","8","meta | Overture | Overture-signals","CDLA-Permissive-2.0","2026-04-27T00:00:00.000Z | 2026-06-11T11:57:15Z | 2026-05-12T00:29:08Z | 2026-05-18T13:23:54Z | 2026-05-25T13:08:59Z | 2026-06-01T13:20:32Z | 2026-06-08T13:20:12Z"
"MO","Missouri","588c9a5f-5c79-468f-8daa-726c485aa0e7","Dentist - Keith Nikodem","-90.3312796717552","38.5000720754193","dentist","","4420 Lemay Ferry Rd","St. Louis","63129","MO","US","(314) 487-1515","officeadmin@stlsmilesalon.com","http://www.stlsmilesalon.com","https://www.twitter.com/keithnikodemdds","","0.77","","6","Foursquare | Overture","Apache-2.0 | CDLA-Permissive-2.0","2022-10-05T00:00:00.000 | 2026-06-11T11:57:15Z"
"MO","Missouri","589f268a-da9e-4504-8dc4-bc25efa4ab7c","Rodger L. Simmons DDS","-93.20620705","37.01988224","dentist","general_dentistry","206 W Elm St","Ozark","65721-9222","MO","US","+14175812430","","","https://www.facebook.com/507413916007997","","0.9246872067451477","","2","meta | Overture","CDLA-Permissive-2.0","2026-04-27T00:00:00.000Z | 2026-06-11T11:57:15Z"
"MO","Missouri","58b1f3c2-342f-477e-b7df-48f40d22cca5","Williams Stan DDS","-89.55754596","37.30412047","dentist","general_dentistry | medical_service_organizations","2502 William St","Cape Girardeau","63703-5768","MO","US","+15733355700","debbie@stanwilliamsdds.com","http://www.stanwilliamsdds.com","https://www.facebook.com/512219405508752","","0.9199122190475464","open","7","meta | Overture | Overture-signals","CDLA-Permissive-2.0","2026-04-27T00:00:00.000Z | 2026-06-11T11:57:15Z | 2026-05-12T00:29:08Z | 2026-05-18T13:23:54Z | 2026-05-25T13:08:59Z | 2026-06-01T13:20:32Z | 2026-06-08T13:20:12Z"
"MO","Missouri","58c4e0f1-f152-4e13-ada4-1e899b58d981","Dr. Beckvam, DDS","-94.582240953985","39.1017354558399","dentist","","1010 Walnut St","Kansas City","64106","MO","US","(816) 474-9131","","https://www.dawnberkvamdds.com","","","0.9199122190475464","open","4","Foursquare | Overture | Overture-signals","Apache-2.0 | CDLA-Permissive-2.0","2025-05-19T00:00:00.000 | 2026-06-11T11:57:15Z | 2026-05-12T00:29:08Z | 2026-05-18T13:23:54Z | 2026-05-25T13:08:59Z | 2026-06-01T13:20:32Z | 2026-06-08T13:20:12Z"
"MO","Missouri","58f4f58b-0a35-40f2-9db3-67b9d85c1f4c","Stehl Family Dental","-94.38596511","38.92642447","dentist","general_dentistry","220 NW McNary Ct","Lee's Summit","64086-4001","MO","US","+18168447228","info@stehlfamilydental.com","http://www.stehlfamilydental.com/","https://www.facebook.com/107514082030689","","0.9199122190475464","open","7","meta | Overture | Overture-signals","CDLA-Permissive-2.0","2026-04-27T00:00:00.000Z | 2026-06-11T11:57:15Z | 2026-05-12T00:29:08Z | 2026-05-18T13:23:54Z | 2026-05-25T13:08:59Z | 2026-06-01T13:20:32Z | 2026-06-08T13:20:12Z"
"MO","Missouri","59440aee-1c5e-445b-ba94-67e138327b9d","Mathew S. Ausmus","-91.7843940456549","37.9515943387154","dentist","","1050 W 10th St # 520","Rolla","65401","MO","US","(573) 364-9000","","http://www.pcrmcphysiciansgroup.com","","","0.9199122190475464","open","4","Foursquare | Overture | Overture-signals","Apache-2.0 | CDLA-Permissive-2.0","2025-08-22T00:00:00.000 | 2026-06-11T11:57:15Z | 2026-05-12T00:29:08Z | 2026-05-18T13:23:54Z | 2026-05-25T13:08:59Z | 2026-06-01T13:20:32Z | 2026-06-08T13:20:12Z"
"MO","Missouri","59550764-ca76-4e63-a0cc-15ae9110fbd5","Leslie McClaflin DDS","-94.65363927","39.2094874","dentist","general_dentistry | doctor","6336 N Lucerne Ave","Kansas City","64151-3199","MO","US","+18165871827","info@healthysmilesforyou.com","http://www.healthysmilesforyou.com/","https://www.facebook.com/631549956903834","Leslie Mcclaflin DDS","0.9199122190475464","open","8","meta | Overture | Overture-signals","CDLA-Permissive-2.0","2026-04-27T00:00:00.000Z | 2026-06-11T11:57:15Z | 2026-05-12T00:29:08Z | 2026-05-18T13:23:54Z | 2026-05-25T13:08:59Z | 2026-06-01T13:20:32Z | 2026-06-08T13:20:12Z"
"MO","Missouri","59b527f2-144f-471b-8a3b-a06f21defc4c","Slu Orthodontist","-90.2328739971798","38.6222635632124","dentist","","3320 Rutger St","Saint Louis","63104","MO","US","(314) 977-8369","","http://www.mylifemysmile.org","","","0.9902192950248718","open","4","Foursquare | Overture | Overture-signals","Apache-2.0 | CDLA-Permissive-2.0","2024-09-25T00:00:00.000 | 2026-06-11T11:57:15Z | 2026-05-12T00:29:08Z | 2026-05-18T13:23:54Z | 2026-05-25T13:08:59Z | 2026-06-01T13:20:32Z | 2026-06-08T13:20:12Z"
"MO","Missouri","59f21794-d1b6-43f0-bce9-217acca46944","32 Dental Urgent Care","-92.3279535","38.91038875","dentist","general_dentistry","1020 E Green Meadows Rd","Columbia","65201-0006","MO","US","+15734415565","info@32dentalurgent.com","http://www.32dentalurgent.com/","https://www.facebook.com/101603375851916","","0.9902192950248718","open","9","meta | Overture | Overture-signals","CDLA-Permissive-2.0","2026-04-27T00:00:00.000Z | 2026-06-11T11:57:15Z | 2026-05-12T00:29:08Z | 2026-05-18T13:23:54Z | 2026-05-25T13:08:59Z | 2026-06-01T13:20:32Z | 2026-06-08T13:20:12Z"
"MO","Missouri","59fb17cf-194c-43a7-9bb0-adf392899dc5","Battlefield Modern Dentistry","-93.37069302","37.11502962","dentist","general_dentistry | cosmetic_dentist","5469 S Mo-FF","Battlefield","65619-9825","MO","US","+14174475180","battlefielddentist@gmail.com","http://BATTLEDENTAL.COM/","https://www.facebook.com/111006844590636","","0.9199122190475464","open","9","meta | Overture | Overture-signals","CDLA-Permissive-2.0","2026-04-27T00:00:00.000Z | 2026-06-11T11:57:15Z | 2026-05-12T00:29:08Z | 2026-05-18T13:23:54Z | 2026-05-25T13:08:59Z | 2026-06-01T13:20:32Z | 2026-06-08T13:20:12Z"
"MO","Missouri","5a1c0002-0edc-41ab-bfa0-12c9ecdd171f","Westrock Orthodontics - Mountain Grove","-92.2603792359203","37.1436269699944","dentist","","237 E 17th St","Mountain Grove","65711","MO","US","(417) 926-4100","mountaingrove@westrockortho.com","http://www.westrockortho.com","https://www.facebook.com/605727152907793","","0.77","","5","Foursquare | Overture","Apache-2.0 | CDLA-Permissive-2.0","2025-09-03T00:00:00.000 | 2026-06-11T11:57:15Z"
"MO","Missouri","5a393f46-197f-4656-ba32-1e838fe4e604","Randai Lee Hillis","-90.4149407834478","36.7662344534997","dentist","","1600 W Harper St","Poplar Bluff","63901","MO","US","(573) 785-6699","","http://www.hillisandpetty.com","","","0.9199122190475464","open","4","Foursquare | Overture | Overture-signals","Apache-2.0 | CDLA-Permissive-2.0","2025-08-22T00:00:00.000 | 2026-06-11T11:57:15Z | 2026-05-12T00:29:08Z | 2026-05-18T13:23:54Z | 2026-05-25T13:08:59Z | 2026-06-01T13:20:32Z | 2026-06-08T13:20:12Z"
"MO","Missouri","5a5bcc1e-bc9f-43ef-9547-1109588476c5","Dr. Anthony Marino DDS","-90.313178","38.59133","dentist","doctor | medical_service_organizations","7004 Lansdowne Ave","St Louis","63109-1950","MO","US","+13146457247","drtonym@sbcglobal.net","http://www.ajmarinodds.com/","https://www.facebook.com/402720736412150","Dr. Anthony Marino DDS","0.9677887558937073","","8","meta | Overture","CDLA-Permissive-2.0","2026-04-27T00:00:00.000Z | 2026-06-11T11:57:15Z"
"MO","Missouri","5a879401-fc46-430b-95ec-1c03ea0168fc","Beussink Family Dentistry","-89.97505182","37.30316988","dentist","general_dentistry","303 Plutarch St","Marble Hill","63764","MO","US","+15732383330","info@beussinkfamilydentistry.com","http://www.beussinkfamilydentistry.com/","https://www.facebook.com/111445793884022","","0.9199122190475464","open","9","meta | Overture | Overture-signals","CDLA-Permissive-2.0","2026-04-27T00:00:00.000Z | 2026-06-11T11:57:15Z | 2026-05-12T00:29:08Z | 2026-05-18T13:23:54Z | 2026-05-25T13:08:59Z | 2026-06-01T13:20:32Z | 2026-06-08T13:20:12Z"
"MO","Missouri","5ae37c74-3778-4429-a435-e996208f835e","Belton Healthy Smiles","-94.49272215","38.81352906","dentist","general_dentistry | cosmetic_dentist","8435 Clint Dr","Belton","64012-5330","MO","US","+18163315900","dental.bhs@gmail.com","https://beltonhealthysmiles.com/","https://www.facebook.com/822420614482446","","0.9199122190475464","open","7","meta | Overture | Overture-signals","CDLA-Permissive-2.0","2026-04-27T00:00:00.000Z | 2026-06-11T11:57:15Z | 2026-05-12T00:29:08Z | 2026-05-18T13:23:54Z | 2026-05-25T13:08:59Z | 2026-06-01T13:20:32Z | 2026-06-08T13:20:12Z"
"MO","Missouri","5ae59a4b-c2ef-44e4-9b28-e5af8e2d2708","Kearney Dental","-94.35213","39.36768","dentist","","651 E 6th St","Kearney","64060","MO","US","+18166352255","staff@kearneydentalkc.com","http://www.kearneydentalkc.com/","https://www.facebook.com/1907988469510728","","0.9742509722709656","","9","meta | Overture","CDLA-Permissive-2.0","2026-04-27T00:00:00.000Z | 2026-06-11T11:57:15Z"
"MO","Missouri","5b24265d-f309-4370-b6cf-6b250459f5db","Impressions Laser Clinic","-93.2613522","37.1281","dentist","beauty_salon | teeth_whitening","Springfield, MO","Springfield","65804","MO","US","+14173229294","1st.impressions.laser@gmail.com","https://impressions-laser-clinic.business.site/","https://www.facebook.com/110061529691572","","0.6212868094444275","","8","meta | Overture","CDLA-Permissive-2.0","2026-04-27T00:00:00.000Z | 2026-06-11T11:57:15Z"
"MO","Missouri","5b348240-3a61-43a6-80f5-c679d00dd4c9","Dental Elements","-94.51849242","38.88743808","dentist","general_dentistry","13010 Fuller Ave","Grandview","64030-2620","MO","US","+18169660202","","https://dentalelementskc.com","https://www.facebook.com/100476695728818","Dental Elements","0.9199122190475464","open","8","meta | Overture | Overture-signals","CDLA-Permissive-2.0","2026-04-27T00:00:00.000Z | 2026-06-11T11:57:15Z | 2026-05-12T00:29:08Z | 2026-05-18T13:23:54Z | 2026-05-25T13:08:59Z | 2026-06-01T13:20:32Z | 2026-06-08T13:20:12Z"
"MO","Missouri","5b4564ca-fc4c-4397-83fb-0f5ef0e18f38","Long Edwin V DDS","-94.34803433","38.65402902","dentist","general_dentistry | health_and_medical","202 S Lexington St","Harrisonville","64701-2445","MO","US","+18163803522","","http://www.edwinlongdds.com","https://www.facebook.com/148083365236142","","0.9199122190475464","open","8","meta | Overture | Overture-signals","CDLA-Permissive-2.0","2026-04-27T00:00:00.000Z | 2026-06-11T11:57:15Z | 2026-05-12T00:29:08Z | 2026-05-18T13:23:54Z | 2026-05-25T13:08:59Z | 2026-06-01T13:20:32Z | 2026-06-08T13:20:12Z"
