"state_code","state","id","name","longitude","latitude","primary_category","alternate_categories","address","locality","postcode","region","country","phones","emails","websites","socials","brand","confidence","operating_status","version","source_datasets","source_licenses","source_update_times"
"MT","Montana","0192dfdf-6b19-47e8-b3c5-440030f4abc5","Hays Dental Group","-111.06304218","45.69175263","dentist","endodontist | orthodontist","1226 Stoneridge Dr","Bozeman","59718-7037","MT","US","+14065862117","info@haysdental.com","https://www.haysdental.com/","https://www.facebook.com/122224414522528","The Hays Dental Group","0.9995879198014737","open","6","meta | Overture | Overture-signals","CDLA-Permissive-2.0","2026-04-27T00:00:00.000Z | 2026-06-11T11:57:15Z | 2026-06-08T13:20:12Z"
"MT","Montana","01c38dc1-8440-4b48-9bf7-5b36a1f02750","Steve M Mosby D.D.S.","-109.443895091258","47.0585673751711","dentist","","310 Wendell Ave Ste 3","Lewistown","59457","MT","US","(406) 535-2084","info@stevemosbydds.com","http://stevemosbydds.com","","","0.9199122190475464","open","4","Foursquare | Overture | Overture-signals","Apache-2.0 | CDLA-Permissive-2.0","2025-08-22T00:00:00.000 | 2026-06-11T11:57:15Z | 2026-05-12T00:29:08Z | 2026-05-18T13:23:54Z | 2026-05-25T13:08:59Z | 2026-06-01T13:20:32Z | 2026-06-08T13:20:12Z"
"MT","Montana","02dc781b-97bc-4173-9c03-584a19e11125","Glacier Centre for Dentistry","-114.33307688","48.22569551","dentist","general_dentistry | medical_center","80 Four Mile Dr","Kalispell","59901-2665","MT","US","+14067528212","checkin@lindemanndds.com","https://www.kalispelldentist.com/","https://www.facebook.com/216331995609376","","0.9199122190475464","open","8","meta | Overture | Overture-signals","CDLA-Permissive-2.0","2026-04-27T00:00:00.000Z | 2026-06-11T11:57:15Z | 2026-05-12T00:29:08Z | 2026-05-18T13:23:54Z | 2026-05-25T13:08:59Z | 2026-06-01T13:20:32Z | 2026-06-08T13:20:12Z"
"MT","Montana","034099ae-d99a-49bf-90d9-db3ff2585708","Clark Fork Dental","-114.01270361","46.83489803","dentist","general_dentistry","935 SW Higgins Ave","Missoula","59803-1422","MT","US","+14067212686","clarkforkdental@gmail.com","http://www.clarkforkdental.com/","https://www.facebook.com/161947490337730","John Spierling Dentistry","0.9902192950248718","open","10","meta | Overture | Overture-signals","CDLA-Permissive-2.0","2026-04-27T00:00:00.000Z | 2026-06-11T11:57:15Z | 2026-05-12T00:29:08Z | 2026-05-18T13:23:54Z | 2026-05-25T13:08:59Z | 2026-06-01T13:20:32Z | 2026-06-08T13:20:12Z"
"MT","Montana","043d2165-226b-4fe1-985e-cf3ed6206bd3","Northwest Center for Dentistry","-114.32613844","48.22091249","dentist","general_dentistry | health_and_medical","430 Windward Way","Kalispell","59901-2618","MT","US","+14067524530","contactus@kalispelldentistry.com","http://www.kalispelldentistry.com/","https://www.facebook.com/226143340851806","Northwest Center for Dentistry","0.9199122190475464","open","9","meta | Overture | Overture-signals","CDLA-Permissive-2.0","2026-04-27T00:00:00.000Z | 2026-06-11T11:57:15Z | 2026-05-12T00:29:08Z | 2026-05-18T13:23:54Z | 2026-05-25T13:08:59Z | 2026-06-01T13:20:32Z | 2026-06-08T13:20:12Z"
"MT","Montana","050a34b7-adc9-4507-ae0b-78ce120eb7eb","Lilly Family Dentistry","-114.34037283","48.42460065","dentist","general_dentistry | medical_service_organizations","905 Wisconsin Ave","Whitefish","59937-2172","MT","US","+14068628180","","http://www.lillydental.com/","https://www.facebook.com/169435723066857","","0.9199122190475464","open","7","meta | Overture | Overture-signals","CDLA-Permissive-2.0","2026-04-27T00:00:00.000Z | 2026-06-11T11:57:15Z | 2026-05-12T00:29:08Z | 2026-05-18T13:23:54Z | 2026-05-25T13:08:59Z | 2026-06-01T13:20:32Z | 2026-06-08T13:20:12Z"
"MT","Montana","057bc743-3b6a-46dd-8ed3-00d8639d9a97","Montana City Dental","-111.94770264","46.53731913","dentist","health_and_medical | hospital","2 Market St","Clancy","59634-9767","MT","US","+14064435130","montanacitycannabis@gmail.com","http://montanacitydental.com","https://www.facebook.com/130985897514477","","0.9199122190475464","open","9","meta | Overture | Overture-signals","CDLA-Permissive-2.0","2026-04-27T00:00:00.000Z | 2026-06-11T11:57:15Z | 2026-05-12T00:29:08Z | 2026-05-18T13:23:54Z | 2026-05-25T13:08:59Z | 2026-06-01T13:20:32Z | 2026-06-08T13:20:12Z"
"MT","Montana","073b15e7-b48e-43b3-8244-cbda5f604ec8","Anne M Breum. DMD PC","-114.008743","46.852844","dentist","health_and_medical","715 Kensington Ave Ste 6","Missoula","59801","MT","US","4065438591","","","","","0.9199122190475464","open","6","Microsoft | Overture | Overture-signals","CDLA-Permissive-2.0","2012-06-26T10:14:19.217Z | 2026-06-11T11:57:15Z | 2026-05-12T00:29:08Z | 2026-05-18T13:23:54Z | 2026-05-25T13:08:59Z | 2026-06-01T13:20:32Z | 2026-06-08T13:20:12Z"
"MT","Montana","0755bb1f-263f-4e96-9629-883c404c12bc","Billings Dental Clinic at Murdock Family Dentistry","-108.4718301","45.816221","dentist","health_and_medical","926 Main St Ste 1","Billings","59105","MT","US","4062562243","","https://www.billingsmurdockfamilydentistry.com/","","","0.85","","7","Microsoft | Overture","CDLA-Permissive-2.0","2025-04-20T12:22:23.990Z | 2026-06-11T11:57:15Z"
"MT","Montana","07a192a8-d4f3-4f3a-b935-1302e93dde94","Gentle Dental","-105.63792317","48.0908804","dentist","general_dentistry | medical_service_organizations","","Wolf Point","","MT","US","+14066532890","","","https://www.facebook.com/999992650015246","Gentle Dental","0.8446733355522156","","2","meta | Overture","CDLA-Permissive-2.0","2026-04-27T00:00:00.000Z | 2026-06-11T11:57:15Z"
"MT","Montana","07cc59f3-808e-4835-8888-ba1580dce38f","Diggs Taylor DMD","-113.999221745684","46.8401203312766","dentist","","237 SW Higgins Ave Ste A","Missoula","59803","MT","US","(406) 926-3488","info@taylordiggsdentistry.com","http://www.taylordiggsdentistry.com","https://www.facebook.com/625384560863445","","0.9199122190475464","open","4","Foursquare | Overture | Overture-signals","Apache-2.0 | CDLA-Permissive-2.0","2023-09-08T00:00:00.000 | 2026-06-11T11:57:15Z | 2026-05-12T00:29:08Z | 2026-05-18T13:23:54Z | 2026-05-25T13:08:59Z | 2026-06-01T13:20:32Z | 2026-06-08T13:20:12Z"
"MT","Montana","0a27298f-6181-4a05-a3cb-5ce3c8627879","Montana Dental Arts","-114.01803079","46.8526833","dentist","general_dentistry | cosmetic_dentist","1920 S Russell St","Missoula","59801-6624","MT","US","+14067286068","office@montanadentalarts.com","http://montanadentalarts.com/","https://www.facebook.com/280136108754495","","0.9199122190475464","open","8","meta | Overture | Overture-signals","CDLA-Permissive-2.0","2026-04-27T00:00:00.000Z | 2026-06-11T11:57:15Z | 2026-05-12T00:29:08Z | 2026-05-18T13:23:54Z | 2026-05-25T13:08:59Z | 2026-06-01T13:20:32Z | 2026-06-08T13:20:12Z"
"MT","Montana","0a41d2a7-677a-4923-9679-24e1ec54437e","Discovery Dental Group","-114.04685033","46.89142035","dentist","general_dentistry | health_and_medical","2825 Connery Way","Missoula","59808-1922","MT","US","+14065495861","frontoffice@discoverydentalmt.com","http://www.DiscoveryDentalMT.com/","https://www.facebook.com/319615468094690","","0.9902192950248718","open","8","meta | Overture | Overture-signals","CDLA-Permissive-2.0","2026-04-27T00:00:00.000Z | 2026-06-11T11:57:15Z | 2026-05-12T00:29:08Z | 2026-05-18T13:23:54Z | 2026-05-25T13:08:59Z | 2026-06-01T13:20:32Z | 2026-06-08T13:20:12Z"
"MT","Montana","0ad53468-dce1-45c4-a244-d5ea3bf05d9c","Rim Point Dental","-108.5581435","45.7981322","dentist","health_and_medical","1690 Rimrock Rd","Billings","59102","MT","US","4069488900","","https://www.rimpointdental.com/","","","0.85","","7","Microsoft | Overture","CDLA-Permissive-2.0","2025-05-06T17:18:24.690Z | 2026-06-11T11:57:15Z"
"MT","Montana","0afef78e-4246-4616-bbb2-5f90d1b3ea3b","Conrad Denture Center","-111.95071529","48.17131806","dentist","general_dentistry | health_and_medical","302 S Delaware St","Conrad","59425-2309","MT","US","+14062712000","conraddenture@hotmail.com","http://conraddenture.com/","https://www.facebook.com/154947754545558","","0.9199122190475464","open","8","meta | Overture | Overture-signals","CDLA-Permissive-2.0","2026-04-27T00:00:00.000Z | 2026-06-11T11:57:15Z | 2026-05-12T00:29:08Z | 2026-05-18T13:23:54Z | 2026-05-25T13:08:59Z | 2026-06-01T13:20:32Z | 2026-06-08T13:20:12Z"
"MT","Montana","0c6a75db-206a-488b-a9af-1b5a798bf08b","Taylor Dental","-108.584134727048","45.7705238510428","dentist","","2675 Central Ave, Ste 10","Billings","59102","MT","US","(406) 652-9204","office@taylorcosmeticdental.com","https://www.taylor-dental.com","https://www.facebook.com/754056904730720","","0.77","","5","Foursquare | Overture","Apache-2.0 | CDLA-Permissive-2.0","2020-11-13T00:00:00.000 | 2026-06-11T11:57:15Z"
"MT","Montana","0d20f4fc-b274-4a3b-b53d-003794cef447","Ceramic and Implant Arts","-112.033481","46.596614","dentist","orthodontist","900 N Last Chance Gulch","Helena","59601-3389","MT","US","+14062225944","dentaltechniciantom@gmail.com","","https://www.facebook.com/1229290823867063","","0.8447117805480957","","1","meta | Overture","CDLA-Permissive-2.0","2026-04-27T00:00:00.000Z | 2026-06-11T11:57:15Z"
"MT","Montana","0dcba320-18ca-458d-abc1-aed33f0e61b6","Bullhook Dental Clinic","-109.678892","48.552254","dentist","orthodontist | doctor","220 3rd Ave","Havre","59501-3554","MT","US","+14062653021","","http://bullhook.com","https://www.facebook.com/162497067102169","","0.792920708656311","","8","meta | Overture","CDLA-Permissive-2.0","2026-04-27T00:00:00.000Z | 2026-06-11T11:57:15Z"
"MT","Montana","0e2cbe9b-e757-426d-9dfd-29222d75f298","Dr. Chad E. Kriskovich","-108.58507762","45.78339493","dentist","general_dentistry | cosmetic_dentist","2700 Grand Ave","Billings","59102-2680","MT","US","+14062595700","dockrisko@gmail.com","http://www.kriskovichdds.com/","https://www.facebook.com/253671271376687","","0.9722161889076233","","9","meta | Overture","CDLA-Permissive-2.0","2026-04-27T00:00:00.000Z | 2026-06-11T11:57:15Z"
"MT","Montana","0e612bb4-6f3c-42f4-9d50-624ef1875947","Community Health Partners Dental","-111.061038314246","45.6809112753715","dentist","hospital | health_and_medical","120 N 19th Ave","Bozeman","59718-2889","MT","US","+14065858701","","http://www.chphealth.org","https://www.facebook.com/166635136682959","Community Health Partners Dental Practice","0.946757435798645","","7","meta | Overture","CDLA-Permissive-2.0","2026-04-27T00:00:00.000Z | 2026-06-11T11:57:15Z"
"MT","Montana","0ea93bd6-7522-4256-a906-de30063128c9","Premier Dental Laboratories Inc.","-108.569252","45.770187","dentist","health_and_medical | medical_service_organizations","2105 Central Ave","Billings","59102-4776","MT","US","+14066518603","pdlpix@gmail.com","http://www.premierdentallaboratories.com/","https://www.facebook.com/556979240999685","","0.5208457708358765","","9","meta | Overture","CDLA-Permissive-2.0","2026-04-27T00:00:00.000Z | 2026-06-11T11:57:15Z"
"MT","Montana","0ed4740e-2b0d-4adf-b3aa-c1db47e64ae8","Slade Family Dental","-108.56324788","45.78395919","dentist","general_dentistry | health_and_medical","1826 Grand Ave","Billings","59102-2955","MT","US","+14068399245","","","https://www.facebook.com/363225587091733","","0.9199122190475464","open","7","meta | Overture | Overture-signals","CDLA-Permissive-2.0","2026-04-27T00:00:00.000Z | 2026-06-11T11:57:15Z | 2026-05-12T00:29:08Z | 2026-05-18T13:23:54Z | 2026-05-25T13:08:59Z | 2026-06-01T13:20:32Z | 2026-06-08T13:20:12Z"
"MT","Montana","0f040dda-2214-4b45-9cf2-a67dc92bb42f","Stephen J Spencer DDS","-111.29129586","47.49068981","dentist","general_dentistry | cosmetic_dentist","912 13th Ave S","Great Falls","59405-4406","MT","US","+14067613368","reception@spencerdds.com","https://www.dentistgreatfalls.com/","https://www.facebook.com/213431735479650","","0.9984898481070995","","9","meta | Overture","CDLA-Permissive-2.0","2026-04-27T00:00:00.000Z | 2026-06-11T11:57:15Z"
"MT","Montana","0f68247c-cc42-497c-bb2b-6c0d64f89efa","Ronald B. Potthoff, DDS","-114.328806","48.221063","dentist","","195 Commons Loop","Kalispell","59901","MT","US","","snoslip@aol.com","http://www.drpotthoffdentistry.com","","","0.77","","5","Foursquare | Overture","Apache-2.0 | CDLA-Permissive-2.0","2026-01-15T00:00:00.000 | 2026-06-11T11:57:15Z"
"MT","Montana","0fc8a50c-841a-4adf-9465-2b919987dc0b","Matt Wyman","-111.26383389","47.49867093","dentist","orthodontist | general_dentistry","2501 6th Ave S","Great Falls","59405-3013","MT","US","+14067272444","dr.mattwyman@gmail.com","http://shelivers.com/","https://www.facebook.com/110882305410237","","0.9199122190475464","open","6","meta | Overture | Overture-signals","CDLA-Permissive-2.0","2026-04-27T00:00:00.000Z | 2026-06-11T11:57:15Z | 2026-05-12T00:29:08Z | 2026-05-18T13:23:54Z | 2026-05-25T13:08:59Z | 2026-06-01T13:20:32Z | 2026-06-08T13:20:12Z"
"MT","Montana","10a21d60-2457-4e09-9e2b-0161ee14edd5","Great Northern Dental Care","-114.30583927","48.22725337","dentist","general_dentistry | health_and_medical","85 Village Loop","Kalispell","59901-2859","MT","US","+14062575696","info@greatnortherndentalcare.com","http://www.greatnortherndentalcare.com/","https://www.facebook.com/166887973389597","","0.996770691871643","","10","meta | Overture","CDLA-Permissive-2.0","2026-04-27T00:00:00.000Z | 2026-06-11T11:57:15Z"
"MT","Montana","120c4064-199f-4fea-935e-ff6705b1f5b0","Bridge Creek Dental","-108.584911068325","45.783418924465","dentist","","2700 Grand Avenue","Billings","59102","MT","US","(406) 652-1600","office@bridgecreekdental.com","https://bridgecreekdental.com","https://www.facebook.com/141299829222569","","0.77","","5","Foursquare | Overture","Apache-2.0 | CDLA-Permissive-2.0","2025-09-10T00:00:00.000 | 2026-06-11T11:57:15Z"
"MT","Montana","12144bf9-7db4-43b7-a157-9b57e4f7a80e","Kevin R. McPherson, DDS - McPherson Dental","-104.7138146416","47.1042220410958","dentist","","100 S Merrill Ave","Glendive","59330","MT","US","(406) 365-1221","info@kmcphersondds.com","http://www.kmcphersondds.com","https://www.facebook.com/181744698771984","","0.9199122190475464","open","7","Foursquare | Overture | Overture-signals","Apache-2.0 | CDLA-Permissive-2.0","2025-08-22T00:00:00.000 | 2026-06-11T11:57:15Z | 2026-05-12T00:29:08Z | 2026-05-18T13:23:54Z | 2026-05-25T13:08:59Z | 2026-06-01T13:20:32Z | 2026-06-08T13:20:12Z"
"MT","Montana","158b7cc6-64a0-40a3-b387-a6ea2ff8faa3","Prairie Mountain Dental","-112.0343944","46.5951823","dentist","health_and_medical","736 N Last Chance Gulch","Helena","59601","MT","US","4064301143","","https://prairiemountaindental.com/","","","0.9199122190475464","open","7","Microsoft | Overture | Overture-signals","CDLA-Permissive-2.0","2025-08-18T14:56:05.457Z | 2026-06-11T11:57:15Z | 2026-05-12T00:29:08Z | 2026-05-18T13:23:54Z | 2026-05-25T13:08:59Z | 2026-06-01T13:20:32Z | 2026-06-08T13:20:12Z"
"MT","Montana","15e12979-db98-4770-beea-f14f110a49aa","Alpenglow Dental","-114.3309083","48.37869528","dentist","general_dentistry | cosmetic_dentist","3000 Hospital Way","Whitefish","59937-7838","MT","US","+14068623839","info@alpenglowdental.com","https://www.alpenglowdental.com/","https://www.facebook.com/399310785916","Alpenglow Dental","0.9199122190475464","open","9","meta | Overture | Overture-signals","CDLA-Permissive-2.0","2026-04-27T00:00:00.000Z | 2026-06-11T11:57:15Z | 2026-05-12T00:29:08Z | 2026-05-18T13:23:54Z | 2026-05-25T13:08:59Z | 2026-06-01T13:20:32Z | 2026-06-08T13:20:12Z"
"MT","Montana","160fa597-6303-424e-8c20-b7988b3b3f1c","Stabil-Dent","-114.30957328","48.18576397","dentist","general_dentistry | prosthodontist","1340 Airport Rd","Kalispell","59901-5701","MT","US","+14062575283","questions@stabildent.com","http://www.stabildent.com","https://www.facebook.com/144647029073331","","0.9199122190475464","open","6","meta | Overture | Overture-signals","CDLA-Permissive-2.0","2026-04-27T00:00:00.000Z | 2026-06-11T11:57:15Z | 2026-05-12T00:29:08Z | 2026-05-18T13:23:54Z | 2026-05-25T13:08:59Z | 2026-06-01T13:20:32Z | 2026-06-08T13:20:12Z"
"MT","Montana","17b1cbe7-0750-4c34-9e92-97d91d64c828","Smile Montana Urgent Dental Center","-114.32954159","48.22065105","dentist","general_dentistry | medical_service_organizations","115 Commons Way","Kalispell","59901-1906","MT","US","+14063146353","","https://www.smilemontana.com","https://www.facebook.com/403338260024730","","0.9199122190475464","open","7","meta | Overture | Overture-signals","CDLA-Permissive-2.0","2026-04-27T00:00:00.000Z | 2026-06-11T11:57:15Z | 2026-05-12T00:29:08Z | 2026-05-18T13:23:54Z | 2026-05-25T13:08:59Z | 2026-06-01T13:20:32Z | 2026-06-08T13:20:12Z"
"MT","Montana","193efb74-0ee8-4891-9a2a-331ab9383248","Hellgate Family Dental","-114.04062038","46.86054557","dentist","general_dentistry","1211 S Reserve St","Missoula","59801-3102","MT","US","+14065436320","smiles@dentistmissoula.com","https://www.hellgatefamilydental.com/","https://www.facebook.com/108422168897077","","0.9199122190475464","open","7","meta | Overture | Overture-signals","CDLA-Permissive-2.0","2026-04-27T00:00:00.000Z | 2026-06-11T11:57:15Z | 2026-05-12T00:29:08Z | 2026-05-18T13:23:54Z | 2026-05-25T13:08:59Z | 2026-06-01T13:20:32Z | 2026-06-08T13:20:12Z"
"MT","Montana","19838d7d-595c-40a7-8be2-de8130a4cc44","Dr. Scott Erler DDS","-114.0072946923","46.8373102146924","dentist","","619 SW Higgins Ave","Missoula","59803","MT","US","(406) 721-1067","front@scotterler.com","https://www.scotterler.com","https://www.facebook.com/493501463993556","","0.77","","5","Foursquare | Overture","Apache-2.0 | CDLA-Permissive-2.0","2025-06-01T00:00:00.000 | 2026-06-11T11:57:15Z"
"MT","Montana","19df439a-02c7-4f8d-a5a7-e83eab9e5557","Western Montana Family Dentistry","-114.09718311","47.52626265","dentist","general_dentistry | cosmetic_dentist","63355 US Highway 93","Ronan","59864-2702","MT","US","+14066768880","","http://www.westernmontanafamilydentistry.com/","https://www.facebook.com/1504508486500646","Western Montana Family Dentistry","0.9199122190475464","open","9","meta | Overture | Overture-signals","CDLA-Permissive-2.0","2026-04-27T00:00:00.000Z | 2026-06-11T11:57:15Z | 2026-05-12T00:29:08Z | 2026-05-18T13:23:54Z | 2026-05-25T13:08:59Z | 2026-06-01T13:20:32Z | 2026-06-08T13:20:12Z"
"MT","Montana","1a01d03d-ac1e-4cfa-84e3-286427a26d24","West Park Denture Clinic","-108.563221","45.783812","dentist","prosthodontist | health_and_medical","1826 Grand Ave","Billings","59102","MT","US","4062454884","","https://www.wpdenture.com/","","","0.9199122190475464","open","10","Microsoft | Overture | Overture-signals","CDLA-Permissive-2.0","2025-08-31T12:17:27.857Z | 2026-06-11T11:57:15Z | 2026-05-12T00:29:08Z | 2026-05-18T13:23:54Z | 2026-05-25T13:08:59Z | 2026-06-01T13:20:32Z | 2026-06-08T13:20:12Z"
"MT","Montana","1ce24c77-328e-4851-ad49-84355b5058b7","Bruggeman Brett DDS","-111.261007","47.488511","dentist","endodontist | bar","2617 16th Ave S","Great Falls","59405-5202","MT","US","+14064528180","","https://bruggeman-brett-dds-mt.hub.biz/","https://www.facebook.com/104190812981080","","0.9013270735740662","","9","meta | Overture","CDLA-Permissive-2.0","2026-04-27T00:00:00.000Z | 2026-06-11T11:57:15Z"
"MT","Montana","1d9ac8e4-9436-4945-ba45-2829e7a23a30","Montana Center for Implants and Dentures","-108.59866295","45.76760575","dentist","general_dentistry | cosmetic_dentist","14 Avanta Way","Billings","59102-6876","MT","US","+14062597115","info@montanaimplants.com","https://montanaimplants.com/","https://www.facebook.com/287661555399369","","0.9902192950248718","open","8","meta | Overture | Overture-signals","CDLA-Permissive-2.0","2026-04-27T00:00:00.000Z | 2026-06-11T11:57:15Z | 2026-05-12T00:29:08Z | 2026-05-18T13:23:54Z | 2026-05-25T13:08:59Z | 2026-06-01T13:20:32Z | 2026-06-08T13:20:12Z"
"MT","Montana","1dada83a-1819-4ddb-8229-df4bdb44ca04","Sandcreek Dental","-104.71547377","47.10605737","dentist","general_dentistry | cosmetic_dentist","116 N Meade Ave","Glendive","59330-1604","MT","US","+14063778265","contact@sandcreek.dental","http://www.sandcreekdental.com","https://www.facebook.com/103304493068242","Sandcreek Dental","0.9199122190475464","open","8","meta | Overture | Overture-signals","CDLA-Permissive-2.0","2026-04-27T00:00:00.000Z | 2026-06-11T11:57:15Z | 2026-05-12T00:29:08Z | 2026-05-18T13:23:54Z | 2026-05-25T13:08:59Z | 2026-06-01T13:20:32Z | 2026-06-08T13:20:12Z"
"MT","Montana","1ec9458d-5d1a-45b4-b222-e51bfce28b6c","Prill Dental","-108.51522233","45.78746808","dentist","general_dentistry | medical_service_organizations","820 N 30th St","Billings","59101-0942","MT","US","+14062521533","prilldentalmt@gmail.com","http://www.prilldental.com/","https://www.facebook.com/1496867253939058","Prill Dental","0.9199122190475464","open","8","meta | Overture | Overture-signals","CDLA-Permissive-2.0","2026-04-27T00:00:00.000Z | 2026-06-11T11:57:15Z | 2026-05-12T00:29:08Z | 2026-05-18T13:23:54Z | 2026-05-25T13:08:59Z | 2026-06-01T13:20:32Z | 2026-06-08T13:20:12Z"
"MT","Montana","202abbb5-0f9e-48f1-9051-d8046aed78d9","Arrowhead Dental","-106.91092035","47.32072885","dentist","general_dentistry | medical_service_organizations","433 Main St","Jordan","59337-8566","MT","US","+14065576453","","","https://www.facebook.com/1692616451016010","","0.9199122190475464","open","8","meta | Overture | Overture-signals","CDLA-Permissive-2.0","2026-04-27T00:00:00.000Z | 2026-06-11T11:57:15Z | 2026-05-12T00:29:08Z | 2026-05-18T13:23:54Z | 2026-05-25T13:08:59Z | 2026-06-01T13:20:32Z | 2026-06-08T13:20:12Z"
"MT","Montana","220a46d8-3e95-4dc2-9eac-3736667c0959","River Valley Advanced Dental & Implant Center","-108.56933623","45.77002553","dentist","general_dentistry","2105 Central Ave","Billings","59102-4776","MT","US","+14066237223","drdave@drcasagrande.com","http://www.drcasagrande.com/index.html","https://www.facebook.com/111463045584188","Dr. Luiz Fabiano Casagrande","0.9199122190475464","open","10","meta | Overture | Overture-signals","CDLA-Permissive-2.0","2026-04-27T00:00:00.000Z | 2026-06-11T11:57:15Z | 2026-05-12T00:29:08Z | 2026-05-18T13:23:54Z | 2026-05-25T13:08:59Z | 2026-06-01T13:20:32Z | 2026-06-08T13:20:12Z"
"MT","Montana","2303e911-2c7f-443b-be12-b2a7aac817ac","Bone Dental Lab","-110.99665351","45.67112956","dentist","","770 Osterman Dr","Bozeman","59715-7608","MT","US","+14065772435","lab@bonedentallab.com","http://www.bonedentallab.com/","https://www.facebook.com/103145428866797","","0.9199122190475464","open","7","meta | Overture | Overture-signals","CDLA-Permissive-2.0","2026-04-27T00:00:00.000Z | 2026-06-11T11:57:15Z | 2026-05-12T00:29:08Z | 2026-05-18T13:23:54Z | 2026-05-25T13:08:59Z | 2026-06-01T13:20:32Z | 2026-06-08T13:20:12Z"
"MT","Montana","23126a29-1d0d-4533-a56d-eebe18ee1080","John Spierling DMD","-114.01271497","46.83489352","dentist","endodontist | health_and_medical","935 SW Higgins Ave","Missoula","59803-1422","MT","US","+14067285100","clarkforkdental@gmail.com","http://www.clarkforkdental.com/","https://www.facebook.com/630670433637842","John Spierling Dentistry","0.9689152836799622","","7","meta | Overture","CDLA-Permissive-2.0","2026-04-27T00:00:00.000Z | 2026-06-11T11:57:15Z"
"MT","Montana","25c1d9e8-39ab-4440-bc3c-6c0111bbdeea","Westside Family Dental","-111.32703379","47.51701145","dentist","general_dentistry | medical_service_organizations","900 10th Ave NW","Great Falls","59404-1747","MT","US","+14067611365","westsidefamilydental79@gmail.com","","https://www.facebook.com/1947446111946768","","0.9199122190475464","open","9","meta | Overture | Overture-signals","CDLA-Permissive-2.0","2026-04-27T00:00:00.000Z | 2026-06-11T11:57:15Z | 2026-05-12T00:29:08Z | 2026-05-18T13:23:54Z | 2026-05-25T13:08:59Z | 2026-06-01T13:20:32Z | 2026-06-08T13:20:12Z"
"MT","Montana","273cd2b9-75f4-4924-a76e-4739371dfd4e","Brad R. Hobson DDS","-111.26349558","47.49879224","dentist","periodontist | general_dentistry","2515 6th Ave S","Great Falls","59405-3013","MT","US","+14067611945","info@drbradhobson.com","https://drbradhobson.com/","https://www.facebook.com/100160225327119","Brad R. Hobson DDS","0.9199122190475464","open","9","meta | Overture | Overture-signals","CDLA-Permissive-2.0","2026-04-27T00:00:00.000Z | 2026-06-11T11:57:15Z | 2026-05-12T00:29:08Z | 2026-05-18T13:23:54Z | 2026-05-25T13:08:59Z | 2026-06-01T13:20:32Z | 2026-06-08T13:20:12Z"
"MT","Montana","277b40a9-84c4-4533-bb32-7da2811bda4f","Big Sky Dental","-111.26290282","47.49869036","dentist","general_dentistry | health_and_medical","2527 6th Ave S","Great Falls","59405-3013","MT","US","+14069521131","smiles@bigskydental.com","http://bigskydental.com/","https://www.facebook.com/111093115589916","Big Sky Dental","0.9986132180690765","","8","meta | Overture","CDLA-Permissive-2.0","2026-04-27T00:00:00.000Z | 2026-06-11T11:57:15Z"
"MT","Montana","28be661d-1666-4e86-9fa8-95ffc3ab4837","Leslie Hayes DDS","-111.052502","45.660576","dentist","pediatric_dentist | doctor","1125 W Kagy Blvd","Bozeman","59715-5879","MT","US","+14065860622","info@lesliehayesdds.com","http://www.lesliehayesdds.com/","https://www.facebook.com/203473230037420","","0.9199122190475464","open","9","meta | Overture | Overture-signals","CDLA-Permissive-2.0","2026-04-27T00:00:00.000Z | 2026-06-11T11:57:15Z | 2026-05-12T00:29:08Z | 2026-05-18T13:23:54Z | 2026-05-25T13:08:59Z | 2026-06-01T13:20:32Z | 2026-06-08T13:20:12Z"
"MT","Montana","2a1d855f-558d-4b70-9689-e05844cf32ab","Todd & Amy Kinney, DDS","-111.085622582685","45.6717487429073","dentist","","3502 Laramie Dr","Bozeman","59718","MT","US","(406) 582-8500","info@drskinney.com","http://www.drskinney.com","https://www.facebook.com/158794194150980","","0.77","","5","Foursquare | Overture","Apache-2.0 | CDLA-Permissive-2.0","2022-03-24T00:00:00.000 | 2026-06-11T11:57:15Z"
"MT","Montana","2a57a954-1c93-45ca-9e3b-205e43e5bae2","Turley Dental Care","-108.50429467","45.78641594","dentist","general_dentistry | health_and_medical","315 N 25th St","Billings","59101-1328","MT","US","+14062486177","info@turleydentalcare.com","http://www.youtube.com/turleydentalcare","https://www.facebook.com/155091051235597","","0.9902192950248718","open","8","meta | Overture | Overture-signals","CDLA-Permissive-2.0","2026-04-27T00:00:00.000Z | 2026-06-11T11:57:15Z | 2026-05-12T00:29:08Z | 2026-05-18T13:23:54Z | 2026-05-25T13:08:59Z | 2026-06-01T13:20:32Z | 2026-06-08T13:20:12Z"
"MT","Montana","2dcaa6b2-2e86-48cf-a98f-da7422246f61","First Impressions Denture Clinic","-111.30662363","47.52551749","dentist","prosthodontist | general_dentistry","215 Smelter Ave NE","Great Falls","59404-1937","MT","US","+14062164746","denturisttwc@gmail.com","http://www.firstimpressionsdentureclinic.net/","https://www.facebook.com/439850306095399","","0.9199122190475464","open","8","meta | Overture | Overture-signals","CDLA-Permissive-2.0","2026-04-27T00:00:00.000Z | 2026-06-11T11:57:15Z | 2026-05-12T00:29:08Z | 2026-05-18T13:23:54Z | 2026-05-25T13:08:59Z | 2026-06-01T13:20:32Z | 2026-06-08T13:20:12Z"
"MT","Montana","2dd4010e-8b94-4881-a8b2-a1d6c5c2796a","Kalispell Family Dental","-114.30064446","48.19925511","dentist","general_dentistry | health_and_medical","720 2nd St E","Kalispell","59901-4661","MT","US","+14067554766","","http://www.kalispellfamilydental.com/","https://www.facebook.com/1852183148200021","Kalispell Family Dental","0.9199122190475464","open","9","meta | Overture | Overture-signals","CDLA-Permissive-2.0","2026-04-27T00:00:00.000Z | 2026-06-11T11:57:15Z | 2026-05-12T00:29:08Z | 2026-05-18T13:23:54Z | 2026-05-25T13:08:59Z | 2026-06-01T13:20:32Z | 2026-06-08T13:20:12Z"
"MT","Montana","2f1f125f-d85b-4ca5-89cd-c793bf0af0f7","Vehicle Technician Services (V-Tec)","-114.037306941021","46.8454120580325","dentist","","2420 Benton Ave","Missoula","59801","MT","US","(406) 508-1855","randy@autorepairmissoula.com","http://www.autorepairmissoula.com","https://www.facebook.com/156196854421078","","0.9199122190475464","open","4","Foursquare | Overture | Overture-signals","Apache-2.0 | CDLA-Permissive-2.0","2020-12-09T00:00:00.000 | 2026-06-11T11:57:15Z | 2026-05-12T00:29:08Z | 2026-05-18T13:23:54Z | 2026-05-25T13:08:59Z | 2026-06-01T13:20:32Z | 2026-06-08T13:20:12Z"
"MT","Montana","2f4f6cac-bde6-4a1f-97a7-13887c520c3a","Suite Dental","-111.06312846","45.68748146","dentist","general_dentistry","822 Stoneridge Dr","Bozeman","59718-7047","MT","US","+14066024100","office@suitedental.net","https://www.suitedental.net/","https://www.facebook.com/823118937803530","","0.9199122190475464","open","7","meta | Overture | Overture-signals","CDLA-Permissive-2.0","2026-04-27T00:00:00.000Z | 2026-06-11T11:57:15Z | 2026-05-12T00:29:08Z | 2026-05-18T13:23:54Z | 2026-05-25T13:08:59Z | 2026-06-01T13:20:32Z | 2026-06-08T13:20:12Z"
"MT","Montana","31799678-dc64-45ec-9d1a-cba493179533","Glacier Dental Clinic Dentist","-112.33564","48.63456","dentist","health_and_medical | structure_and_geography","140 S Central Ave","Cut Bank","59427-3298","MT","US","+14068735222","","http://glacierchc.org","https://www.facebook.com/104493172951136","","0.944953978061676","","8","meta | Overture","CDLA-Permissive-2.0","2026-04-27T00:00:00.000Z | 2026-06-11T11:57:15Z"
"MT","Montana","32e1be6d-1711-4a09-8c86-33d4fbd1b97d","Healthy Smiles Dental Group","-104.15958951","47.71464451","dentist","general_dentistry | doctor","203 2nd Ave SW","Sidney","59270-4019","MT","US","+14064337645","drthiessen@midrivers.com","http://drthiessen.com/","https://www.facebook.com/460348204174905","","0.9199122190475464","open","8","meta | Overture | Overture-signals","CDLA-Permissive-2.0","2026-04-27T00:00:00.000Z | 2026-06-11T11:57:15Z | 2026-05-12T00:29:08Z | 2026-05-18T13:23:54Z | 2026-05-25T13:08:59Z | 2026-06-01T13:20:32Z | 2026-06-08T13:20:12Z"
"MT","Montana","346e4bd0-0416-4940-b4f2-db2084f1953b","Great Smiles","-111.51771397","46.32114516","dentist","general_dentistry | health_and_medical","124 N Cedar St","Townsend","59644-2300","MT","US","+14067993342","","","https://www.facebook.com/119930878712062","","0.9199122190475464","open","7","meta | Overture | Overture-signals","CDLA-Permissive-2.0","2026-04-27T00:00:00.000Z | 2026-06-11T11:57:15Z | 2026-05-12T00:29:08Z | 2026-05-18T13:23:54Z | 2026-05-25T13:08:59Z | 2026-06-01T13:20:32Z | 2026-06-08T13:20:12Z"
"MT","Montana","355cf868-ea69-47a4-ad8d-1219d3da7d03","Dr. Gabriel PerJessy DDS","-114.3247417335","48.2122848135","dentist","cosmetic_dentist | doctor","1250 Burns Way","Kalispell","59901-3134","MT","US","+14067526776","","http://kalispellregionaldentistry.com/","https://www.facebook.com/1084645521593977","","0.8829024434089661","","8","meta | Overture","CDLA-Permissive-2.0","2026-04-27T00:00:00.000Z | 2026-06-11T11:57:15Z"
"MT","Montana","3567f9f2-e74b-4bb0-bf03-fb62a07a06a2","Deer Lodge Family Dental","-112.73404085","46.39511019","dentist","general_dentistry | cosmetic_dentist","712 4th St","Deer Lodge","59722-1506","MT","US","+14068461216","deerlodgefamilydental@live.com","http://deerlodgefamilydental.info","https://www.facebook.com/188787791154131","","0.9199122190475464","open","6","meta | Overture | Overture-signals","CDLA-Permissive-2.0","2026-04-27T00:00:00.000Z | 2026-06-11T11:57:15Z | 2026-05-12T00:29:08Z | 2026-05-18T13:23:54Z | 2026-05-25T13:08:59Z | 2026-06-01T13:20:32Z | 2026-06-08T13:20:12Z"
"MT","Montana","3747ecab-a054-497e-b452-c15427bf8d9c","Gregory Moritz","-108.5681425","45.77736265","dentist","general_dentistry | medical_service_organizations","2049 Broadwater Ave","Billings","59102-4870","MT","US","+14066569911","moritzdds@aol.com","http://moritzdentalcare.com/","https://www.facebook.com/492366800806979","","0.9953324198722839","","3","meta | Overture","CDLA-Permissive-2.0","2026-04-27T00:00:00.000Z | 2026-06-11T11:57:15Z"
"MT","Montana","38b62091-dd72-44d6-80f4-72891e3676f1","Dental Distinctions","-114.30724117","48.22660747","dentist","general_dentistry | cosmetic_dentist","50 Village Loop","Kalispell","59901-2793","MT","US","+14067554166","dentaldistinctions@gmail.com","http://montanafamilydental.com/","https://www.facebook.com/192121370798215","","0.9199122190475464","open","8","meta | Overture | Overture-signals","CDLA-Permissive-2.0","2026-04-27T00:00:00.000Z | 2026-06-11T11:57:15Z | 2026-05-12T00:29:08Z | 2026-05-18T13:23:54Z | 2026-05-25T13:08:59Z | 2026-06-01T13:20:32Z | 2026-06-08T13:20:12Z"
"MT","Montana","393f7010-4329-4039-9796-01f26306119c","Dr Greg Moritz","-108.568369446879","45.7777430373387","dentist","","2049 Broadwater Ave Ste 2","Billings","59102","MT","US","(406) 656-9911","moritzdds@aol.com","http://moritzdentalcare.com","","","0.9199122190475464","open","4","Foursquare | Overture | Overture-signals","Apache-2.0 | CDLA-Permissive-2.0","2025-08-22T00:00:00.000 | 2026-06-11T11:57:15Z | 2026-05-12T00:29:08Z | 2026-05-18T13:23:54Z | 2026-05-25T13:08:59Z | 2026-06-01T13:20:32Z | 2026-06-08T13:20:12Z"
"MT","Montana","3960fb51-63d9-4cf4-96a9-15a4c3db14f6","Robert F Wilcox DMD PC","-112.52983754","45.98177527","dentist","general_dentistry","2823 Lexington Ave","Butte","59701-3286","MT","US","+14064944046","rwilcoxdmd@gmail.com","http://robertwilcoxbuttedentist.com/","https://www.facebook.com/237736689617415","","0.9199122190475464","open","8","meta | Overture | Overture-signals","CDLA-Permissive-2.0","2026-04-27T00:00:00.000Z | 2026-06-11T11:57:15Z | 2026-05-12T00:29:08Z | 2026-05-18T13:23:54Z | 2026-05-25T13:08:59Z | 2026-06-01T13:20:32Z | 2026-06-08T13:20:12Z"
"MT","Montana","3a774ade-ba46-440b-8b73-f4c4385c4c30","406 Periodontics- Bozeman, MT","-111.01269848","45.67147353","dentist","health_and_medical | doctor","1648 Ellis St. Suite 202","Bozeman","59715","MT","US","+14064041303","","http://Www.406perio.com/","https://www.facebook.com/643457756007219","","0.9199122190475464","open","10","meta | Overture | Overture-signals","CDLA-Permissive-2.0","2026-04-27T00:00:00.000Z | 2026-06-11T11:57:15Z | 2026-05-12T00:29:08Z | 2026-05-18T13:23:54Z | 2026-05-25T13:08:59Z | 2026-06-01T13:20:32Z | 2026-06-08T13:20:12Z"
"MT","Montana","3beb7339-992d-4139-ba98-092e50765f17","Alpine Dental","-114.330612182617","48.2180213928223","dentist","","101 Westview Park Pl","Kalispell","59901","MT","US","(406) 752-1107","info@afdmt.com","http://www.alpinefamilydentalmt.com","","","0.77","","5","Foursquare | Overture","Apache-2.0 | CDLA-Permissive-2.0","2025-09-03T00:00:00.000 | 2026-06-11T11:57:15Z"
"MT","Montana","4057b664-174b-4066-81c1-0b364b7b22a6","Precision Dental Prosthetics","-112.01936013","46.61127345","dentist","laboratory_testing","1235 Birch Ave","Helena","59601-0671","MT","US","+14064496414","","http://www.precisiondental.biz","https://www.facebook.com/119114638192032","","0.9199122190475464","open","7","meta | Overture | Overture-signals","CDLA-Permissive-2.0","2026-04-27T00:00:00.000Z | 2026-06-11T11:57:15Z | 2026-05-12T00:29:08Z | 2026-05-18T13:23:54Z | 2026-05-25T13:08:59Z | 2026-06-01T13:20:32Z | 2026-06-08T13:20:12Z"
"MT","Montana","4103bf8d-fb40-453c-ba8f-586d0ba7d6b6","Rocky Mountain Dental Clinic","-112.02385725","46.62119913","dentist","general_dentistry | doctor","1005 Partridge Pl","Helena","59602-0527","MT","US","+14062275886","dr.sheahanrmdc@gmail.com","http://www.drsheahan.com/","https://www.facebook.com/1062746967149009","Rocky Mountain Dental Clinic","0.9199122190475464","open","8","meta | Overture | Overture-signals","CDLA-Permissive-2.0","2026-04-27T00:00:00.000Z | 2026-06-11T11:57:15Z | 2026-05-12T00:29:08Z | 2026-05-18T13:23:54Z | 2026-05-25T13:08:59Z | 2026-06-01T13:20:32Z | 2026-06-08T13:20:12Z"
"MT","Montana","44f908e0-3b53-4b87-b873-1131bbd5474f","Cottonwood Creek Dental","-111.10092371","45.67372957","dentist","general_dentistry | health_and_medical","610 Boardwalk Ave","Bozeman","59718-4178","MT","US","+14065828010","","http://ccdbzn.com/","https://www.facebook.com/388116947908703","","0.9902192950248718","open","8","meta | Overture | Overture-signals","CDLA-Permissive-2.0","2026-04-27T00:00:00.000Z | 2026-06-11T11:57:15Z | 2026-05-12T00:29:08Z | 2026-05-18T13:23:54Z | 2026-05-25T13:08:59Z | 2026-06-01T13:20:32Z | 2026-06-08T13:20:12Z"
"MT","Montana","454a9fcb-5258-45e1-9d2e-8e83ddce3099","Montana Roots Dental Care","-111.98900502","46.58315449","dentist","orthodontist | cosmetic_dentist","2744 Colonial Dr","Helena","59601-4947","MT","US","+14064420282","info@mtrootsdental.com","http://mtrootsdental.com/","https://www.facebook.com/174947922567375","","0.9199122190475464","open","7","meta | Overture | Overture-signals","CDLA-Permissive-2.0","2026-04-27T00:00:00.000Z | 2026-06-11T11:57:15Z | 2026-05-12T00:29:08Z | 2026-05-18T13:23:54Z | 2026-05-25T13:08:59Z | 2026-06-01T13:20:32Z | 2026-06-08T13:20:12Z"
"MT","Montana","456b1cb8-3a49-4c55-b15a-1f961e430f5d","Family Dental Missoula","-114.02799378","46.84599529","dentist","general_dentistry","2901 Brooks St","Missoula","59801-7703","MT","US","+14066268616","customerservice@familydentalgroup.net","https://www.familydentalgroup.net/?utm_campaign=gmb","https://www.facebook.com/194632427249412","Clínica Family Dental Group","0.9947526454925537","","3","meta | Overture","CDLA-Permissive-2.0","2026-04-27T00:00:00.000Z | 2026-06-11T11:57:15Z"
"MT","Montana","465aca87-e4d4-4032-8a34-a9ee0324c46f","Kevin E Miller DDS","-112.01415","46.58935","dentist","periodontist | teeth_whitening","505 Sanders St","Helena","59601-4528","MT","US","+14064421130","kemdds@bresnan.net","http://www.kevinemillerdds.com/","https://www.facebook.com/104900229576785","Kevin E Miller DDS","0.9199122190475464","open","8","meta | Overture | Overture-signals","CDLA-Permissive-2.0","2026-04-27T00:00:00.000Z | 2026-06-11T11:57:15Z | 2026-05-12T00:29:08Z | 2026-05-18T13:23:54Z | 2026-05-25T13:08:59Z | 2026-06-01T13:20:32Z | 2026-06-08T13:20:12Z"
"MT","Montana","46c1bf3c-cd65-4ff0-8cf9-f702dcf4687b","Bird Family Dentistry","-114.12375323","47.6841992","dentist","doctor | health_and_medical","203 Ridgewater Dr","Polson","59860-8904","MT","US","+14068836269","frontdesk@birdfamilydentistry.com","http://polsondentist.com/","https://www.facebook.com/884190061723731","Bird Family Dentistry","0.9199122190475464","open","8","meta | Overture | Overture-signals","CDLA-Permissive-2.0","2026-04-27T00:00:00.000Z | 2026-06-11T11:57:15Z | 2026-05-12T00:29:08Z | 2026-05-18T13:23:54Z | 2026-05-25T13:08:59Z | 2026-06-01T13:20:32Z | 2026-06-08T13:20:12Z"
"MT","Montana","4791a450-0238-41ea-800f-3b00d18d4c35","Butte Dental Arts Laboratories","-112.53872635","46.01337609","dentist","health_and_medical","118 W Broadway St","Butte","59701-9224","MT","US","+14067238418","bda118@hotmail.com","http://www.gratiotanimal.com","https://www.facebook.com/291613784294011","","0.9199122190475464","open","6","meta | Overture | Overture-signals","CDLA-Permissive-2.0","2026-04-27T00:00:00.000Z | 2026-06-11T11:57:15Z | 2026-05-12T00:29:08Z | 2026-05-18T13:23:54Z | 2026-05-25T13:08:59Z | 2026-06-01T13:20:32Z | 2026-06-08T13:20:12Z"
"MT","Montana","47973b77-bc37-4b0c-b1df-76be213a0aa5","Lockwood Family Dental","-108.41058298","45.81379631","dentist","general_dentistry","2860 Old Hardin Rd","Billings","59101-6808","MT","US","+14067021438","scheduling@lockwooddentistry.com","https://www.lockwooddentistry.com/","https://www.facebook.com/101833264686094","","0.9199122190475464","open","9","meta | Overture | Overture-signals","CDLA-Permissive-2.0","2026-04-27T00:00:00.000Z | 2026-06-11T11:57:15Z | 2026-05-12T00:29:08Z | 2026-05-18T13:23:54Z | 2026-05-25T13:08:59Z | 2026-06-01T13:20:32Z | 2026-06-08T13:20:12Z"
"MT","Montana","48fdcb7b-00f0-4f89-9f0c-375b3af61068","Missoula Dental Arts","-114.013733","46.834522","dentist","health_and_medical","1001 SW Higgins Ave","Missoula","59803-1340","MT","US","+14065496222","info@missouladentalarts.co","http://www.missouladentalarts.co/","https://www.facebook.com/1938220066505717","","0.9199122190475464","open","8","meta | Overture | Overture-signals","CDLA-Permissive-2.0","2026-04-27T00:00:00.000Z | 2026-06-11T11:57:15Z | 2026-05-12T00:29:08Z | 2026-05-18T13:23:54Z | 2026-05-25T13:08:59Z | 2026-06-01T13:20:32Z | 2026-06-08T13:20:12Z"
"MT","Montana","4b1bc96a-eca6-41a8-b292-323bad17dbe6","The Montana Center for Laser Dentistry","-114.336076840741","48.3969278843853","dentist","","6516 US Highway 93 S","Whitefish","59937","MT","US","(406) 862-1010","lisa@thelasergeeks.com","http://www.mtlaserdentistry.com","https://www.facebook.com/111302512239936","","0.9199122190475464","open","4","Foursquare | Overture | Overture-signals","Apache-2.0 | CDLA-Permissive-2.0","2025-08-22T00:00:00.000 | 2026-06-11T11:57:15Z | 2026-05-12T00:29:08Z | 2026-05-18T13:23:54Z | 2026-05-25T13:08:59Z | 2026-06-01T13:20:32Z | 2026-06-08T13:20:12Z"
"MT","Montana","4b30dd64-f4b0-4765-a08f-a8bf4709d6a8","Lawson Dental","-111.012652297951","45.6713440417968","dentist","","1648 Ellis St Ste 202","Bozeman","59715","MT","US","(406) 587-4352","","https://www.bozemanfamilydentistry.com","","","0.9199122190475464","open","4","Foursquare | Overture | Overture-signals","Apache-2.0 | CDLA-Permissive-2.0","2025-08-22T00:00:00.000 | 2026-06-11T11:57:15Z | 2026-05-12T00:29:08Z | 2026-05-18T13:23:54Z | 2026-05-25T13:08:59Z | 2026-06-01T13:20:32Z | 2026-06-08T13:20:12Z"
"MT","Montana","4d353ff4-96eb-47f2-8f62-1a16c07d314c","Bayview Dental","-114.14980686","47.69272132","dentist","general_dentistry","50113 US Highway 93","Polson","59860-7035","MT","US","+14068834700","bayviewdentalmontana@gmail.com","http://Bayviewdentalmontana.com/","https://www.facebook.com/468494426890263","","0.9199122190475464","open","9","meta | Overture | Overture-signals","CDLA-Permissive-2.0","2026-04-27T00:00:00.000Z | 2026-06-11T11:57:15Z | 2026-05-12T00:29:08Z | 2026-05-18T13:23:54Z | 2026-05-25T13:08:59Z | 2026-06-01T13:20:32Z | 2026-06-08T13:20:12Z"
"MT","Montana","4d55caf7-deed-4220-92cb-e9730eefbcc9","Flathead Valley Oral and Maxillofacial Surgery - Dr James Jerman","-114.316995208706","48.197693585996","dentist","","22 2nd Ave W Ste 1000","Kalispell","59901","MT","US","(406) 752-4375","","http://www.flatheadoralsurgery.com","","","0.9199122190475464","open","4","Foursquare | Overture | Overture-signals","Apache-2.0 | CDLA-Permissive-2.0","2025-08-22T00:00:00.000 | 2026-06-11T11:57:15Z | 2026-05-12T00:29:08Z | 2026-05-18T13:23:54Z | 2026-05-25T13:08:59Z | 2026-06-01T13:20:32Z | 2026-06-08T13:20:12Z"
"MT","Montana","4e50af4f-7c9e-4060-ab0b-03a376bfd9f5","Gateway To Vitality","-114.16197939","47.69343131","dentist","general_dentistry | health_and_medical","220 1st St E","Polson","59860-2102","MT","US","+14068833305","","http://www.bigforkdental.com","https://www.facebook.com/163129147038917","","0.9199122190475464","open","6","meta | Overture | Overture-signals","CDLA-Permissive-2.0","2026-04-27T00:00:00.000Z | 2026-06-11T11:57:15Z | 2026-05-12T00:29:08Z | 2026-05-18T13:23:54Z | 2026-05-25T13:08:59Z | 2026-06-01T13:20:32Z | 2026-06-08T13:20:12Z"
"MT","Montana","4efea8ad-6e34-4fd9-a09f-156412fcf3c8","Parkside Dentistry","-113.99756604","46.8604841","dentist","general_dentistry | medical_service_organizations","1121 S Higgins Ave","Missoula","59801-4142","MT","US","+14065498890","","https://www.parksidedentistrymissoula.com/","https://www.facebook.com/112120225537292","","0.9199122190475464","open","9","meta | Overture | Overture-signals","CDLA-Permissive-2.0","2026-04-27T00:00:00.000Z | 2026-06-11T11:57:15Z | 2026-05-12T00:29:08Z | 2026-05-18T13:23:54Z | 2026-05-25T13:08:59Z | 2026-06-01T13:20:32Z | 2026-06-08T13:20:12Z"
"MT","Montana","4f73a3f5-bd25-4527-846c-17b24f2da199","Vision Dental Arts","-114.33798999","48.40828341","dentist","cosmetic_dentist","401 Baker Ave","Whitefish","59937-2499","MT","US","+14068625206","","http://www.visiondentalarts.com/","https://www.facebook.com/159117807453160","","0.9199122190475464","open","8","meta | Overture | Overture-signals","CDLA-Permissive-2.0","2026-04-27T00:00:00.000Z | 2026-06-11T11:57:15Z | 2026-05-12T00:29:08Z | 2026-05-18T13:23:54Z | 2026-05-25T13:08:59Z | 2026-06-01T13:20:32Z | 2026-06-08T13:20:12Z"
"MT","Montana","5086a545-40cd-4e60-8e9b-239612162090","Big Sky Endodontics","-111.09128028","45.67262289","dentist","general_dentistry","3997 Valley Commons Dr","Bozeman","59718-5616","MT","US","+14065821515","","http://www.bigskyendo.com","https://www.facebook.com/156895521017742","","0.9902192950248718","open","9","meta | Overture | Overture-signals","CDLA-Permissive-2.0","2026-04-27T00:00:00.000Z | 2026-06-11T11:57:15Z | 2026-05-12T00:29:08Z | 2026-05-18T13:23:54Z | 2026-05-25T13:08:59Z | 2026-06-01T13:20:32Z | 2026-06-08T13:20:12Z"
"MT","Montana","50b61dba-4467-48c3-8f24-87ebc575966c","Steven R. Mendive DDS PC","-115.893815","48.456938","dentist","","206 Callahan Creek Rd","Troy","59935-8805","MT","US","+14062954120","srmendive@frontiernet.net","https://srmendive.wixsite.com/mysite","https://www.facebook.com/109525488723897","","0.5994526743888855","","7","meta | Overture","CDLA-Permissive-2.0","2026-04-27T00:00:00.000Z | 2026-06-11T11:57:15Z"
"MT","Montana","5129e767-58aa-4fbf-bec9-b382187c9a8a","West Grand Dental Center","-108.585497056364","45.7837363435546","dentist","health_and_medical | hospital","2700 Grand Ave","Billings","59102-2680","MT","US","+14066529100","info@stevenderickson.com","http://www.stevenderickson.com","https://www.facebook.com/493272870746805","","0.6098474264144897","","9","meta | Overture","CDLA-Permissive-2.0","2026-04-27T00:00:00.000Z | 2026-06-11T11:57:15Z"
"MT","Montana","560c904e-a69f-4caa-bb72-c6302d44368b","TMJ & Sleep Therapy Centre of Montana","-111.90243074","48.17402051","dentist","health_and_medical","1929 Sollid Rd","Conrad","59425","MT","US","+14069520154","info@tmjsleepmontana.com","https://tmjsleepmt.com/","https://www.facebook.com/407856316690455","","0.8951454758644104","","7","meta | Overture","CDLA-Permissive-2.0","2026-04-27T00:00:00.000Z | 2026-06-11T11:57:15Z"
"MT","Montana","56d4c6c0-ae9e-4ae5-8c46-a198bc12c164","South Hills Dental","-111.99590945","46.5806447","dentist","general_dentistry | medical_service_organizations","2480 Tracy Dr","Helena","59601-4907","MT","US","+14064432780","info@southhillsdental.com","http://www.southhillsdental.com/","https://www.facebook.com/141973485832902","South Hills Dental","0.9199122190475464","open","8","meta | Overture | Overture-signals","CDLA-Permissive-2.0","2026-04-27T00:00:00.000Z | 2026-06-11T11:57:15Z | 2026-05-12T00:29:08Z | 2026-05-18T13:23:54Z | 2026-05-25T13:08:59Z | 2026-06-01T13:20:32Z | 2026-06-08T13:20:12Z"
"MT","Montana","56d6afea-5c4c-4dcb-b120-6b2fb52b808c","MT West Dentist","-114.88437774","47.46158879","dentist","general_dentistry | health_and_medical","200 W Railroad Ave","Plains","59859-7763","MT","US","+14062154705","info@mtwestdentist.com","http://www.mtwestdentist.com/","https://www.facebook.com/533072000093520","","0.9199122190475464","open","8","meta | Overture | Overture-signals","CDLA-Permissive-2.0","2026-04-27T00:00:00.000Z | 2026-06-11T11:57:15Z | 2026-05-12T00:29:08Z | 2026-05-18T13:23:54Z | 2026-05-25T13:08:59Z | 2026-06-01T13:20:32Z | 2026-06-08T13:20:12Z"
"MT","Montana","56fbd841-3b60-4d21-b564-9bfaf0d2465b","Grand Peak Family Dental","-108.58804754","45.78442434","dentist","general_dentistry","2911 Grand Ave","Billings","59102-6526","MT","US","+14068392026","gpfdentalmarketing@gmail.com","http://www.grandpeakfamilydental.com/","https://www.facebook.com/161539803707886","","0.9902192950248718","open","7","meta | Overture | Overture-signals","CDLA-Permissive-2.0","2026-04-27T00:00:00.000Z | 2026-06-11T11:57:15Z | 2026-05-12T00:29:08Z | 2026-05-18T13:23:54Z | 2026-05-25T13:08:59Z | 2026-06-01T13:20:32Z | 2026-06-08T13:20:12Z"
"MT","Montana","57124e0a-ddde-48c2-90cc-a5ec8d9f6670","Summit Dental","-111.09116164","45.67262909","dentist","endodontist | health_and_medical","3997 Valley Commons Dr","Bozeman","59718-5616","MT","US","+14064041186","willsamsondds@gmail.com","http://www.bozemandentalcare.com/","https://www.facebook.com/407842619277729","","0.9902192950248718","open","7","meta | Overture | Overture-signals","CDLA-Permissive-2.0","2026-04-27T00:00:00.000Z | 2026-06-11T11:57:15Z | 2026-05-12T00:29:08Z | 2026-05-18T13:23:54Z | 2026-05-25T13:08:59Z | 2026-06-01T13:20:32Z | 2026-06-08T13:20:12Z"
"MT","Montana","573c655a-3667-47c8-9b42-0de45862e0a4","Jackson Orthodontics - Helena, MT","-111.993505276026","46.5821479270685","dentist","","301 Saddle Dr","Helena","59601","MT","US","(406) 442-1899","smiles@helenabraces.com","https://helenabraces.com/helena-office/","","","0.9199122190475464","open","4","Foursquare | Overture | Overture-signals","Apache-2.0 | CDLA-Permissive-2.0","2025-08-22T00:00:00.000 | 2026-06-11T11:57:15Z | 2026-05-12T00:29:08Z | 2026-05-18T13:23:54Z | 2026-05-25T13:08:59Z | 2026-06-01T13:20:32Z | 2026-06-08T13:20:12Z"
"MT","Montana","583014a8-d510-4149-bdee-821d86d95db8","Roundup Family Dentistry","-108.54213266","46.44357938","dentist","general_dentistry","239 Main St","Roundup","59072-2735","MT","US","+14063231234","","","https://www.facebook.com/106080762234752","","0.917250394821167","","8","meta | Overture","CDLA-Permissive-2.0","2026-04-27T00:00:00.000Z | 2026-06-11T11:57:15Z"
"MT","Montana","58b86fb8-c392-49f6-8a7d-9c0af2609e65","Anaconda Dental Works","-112.94942176","46.1285601","dentist","general_dentistry | health_and_medical","307 E Park Ave","Anaconda","59711-2300","MT","US","+14065633473","drslocum@anacondadental.com","http://www.anacondadental.com/","https://www.facebook.com/436133646534978","","0.9199122190475464","open","8","meta | Overture | Overture-signals","CDLA-Permissive-2.0","2026-04-27T00:00:00.000Z | 2026-06-11T11:57:15Z | 2026-05-12T00:29:08Z | 2026-05-18T13:23:54Z | 2026-05-25T13:08:59Z | 2026-06-01T13:20:32Z | 2026-06-08T13:20:12Z"
"MT","Montana","5984e161-5fc9-4f96-86f9-24775f3fd3ed","Rock Creek Dental","-109.24698978","45.19256456","dentist","general_dentistry | cosmetic_dentist","515 N Broadway Ave","Red Lodge","59068-9255","MT","US","+14064462814","scheduling@rockcreekdental.com","https://www.rockcreekdental.com/","https://www.facebook.com/1507773682835895","Rock Creek Dental","0.9608026146888733","open","8","meta | Overture | Overture-signals","CDLA-Permissive-2.0","2026-04-27T00:00:00.000Z | 2026-06-11T11:57:15Z | 2026-05-12T00:29:08Z | 2026-05-18T13:23:54Z | 2026-05-25T13:08:59Z | 2026-06-01T13:20:32Z | 2026-06-08T13:20:12Z"
"MT","Montana","59ef1103-e959-412f-82d8-b1eeeedbefcf","Bozeman Oral Surgery and Implant Center","-111.10082073","45.67299012","dentist","prosthodontist","4535 Valley Commons Dr","Bozeman","59718-4160","MT","US","+14065512816","info@bozemanos.com","http://www.bozemanos.com/","https://www.facebook.com/2487898018135326","","0.9995985696911812","","8","meta | Overture","CDLA-Permissive-2.0","2026-04-27T00:00:00.000Z | 2026-06-11T11:57:15Z"
"MT","Montana","5a42c6ae-82d8-4b91-874a-85e2cd414e6b","Ahlers Family Dentistry","-112.04079818","46.5978018","dentist","health_and_medical | medical_service_organizations","227 W Lyndale Ave","Helena","59601-2825","MT","US","+14064436464","","http://www.dentistryonthegulch.com","https://www.facebook.com/158595834175005","","0.9199122190475464","open","6","meta | Overture | Overture-signals","CDLA-Permissive-2.0","2026-04-27T00:00:00.000Z | 2026-06-11T11:57:15Z | 2026-05-12T00:29:08Z | 2026-05-18T13:23:54Z | 2026-05-25T13:08:59Z | 2026-06-01T13:20:32Z | 2026-06-08T13:20:12Z"
"MT","Montana","5b7c3a20-5dec-4c97-ba9d-d8c54f10fa45","Windauer Family Dentistry","-114.162961980164","47.6915385005678","dentist","","Main Street","Polson","59860","MT","US","(406) 883-1343","","https://www.polsonfamilydentistry.com","https://www.facebook.com/168207963194721","","0.77","","5","Foursquare | Overture","Apache-2.0 | CDLA-Permissive-2.0","2020-12-15T00:00:00.000 | 2026-06-11T11:57:15Z"
"MT","Montana","5b9e89e8-8ee4-4c30-8d1f-edf0bd7ed379","Bozeman Dentistry","-111.05661701","45.6950585","dentist","general_dentistry | health_and_medical","1482 N 15th Ave","Bozeman","59715-8843","MT","US","+14065867661","drmccormick@bozemandentistry.com","http://www.bozemandentistry.com/","https://www.facebook.com/588262327948615","","0.9199122190475464","open","8","meta | Overture | Overture-signals","CDLA-Permissive-2.0","2026-04-27T00:00:00.000Z | 2026-06-11T11:57:15Z | 2026-05-12T00:29:08Z | 2026-05-18T13:23:54Z | 2026-05-25T13:08:59Z | 2026-06-01T13:20:32Z | 2026-06-08T13:20:12Z"
"MT","Montana","5c047235-41d6-4993-abd1-1abd169a1084","Brian Francis DMD Aesthetic and Family Dental Center","-108.57576701","45.78580962","dentist","general_dentistry | cosmetic_dentist","2370 Avenue C","Billings","59102-7102","MT","US","+14066569635","brianfrancisdmd@gmail.com","https://linktr.ee/Brianfrancisdmd","https://www.facebook.com/196409980501864","","0.9947322767972946","open","8","meta | Overture | Overture-signals","CDLA-Permissive-2.0","2026-04-27T00:00:00.000Z | 2026-06-11T11:57:15Z | 2026-05-12T00:29:08Z | 2026-06-08T13:20:12Z"
"MT","Montana","5c2dbe57-ef51-4874-8c2d-ab387455d621","R Dilan Starkel DDS PC","-115.550585","48.391667","dentist","","402 Montana Ave","Libby","59923-2022","MT","US","+14062932933","info@drstarkel.com","","https://www.facebook.com/945157228992304","","0.8733601570129395","","8","meta | Overture","CDLA-Permissive-2.0","2026-04-27T00:00:00.000Z | 2026-06-11T11:57:15Z"
"MT","Montana","5c5f8dd5-1925-4b0d-a0e3-2967e4863f44","Olsen Marc DDS","-108.57572","45.785786","dentist","orthodontist | oral_surgeon","2370 Avenue C","Billings","59102-7102","MT","US","+14066524020","","http://www.olsenortho.com","https://www.facebook.com/215232098510317","Olsen Orthodontics","0.6295698881149292","","8","meta | Overture","CDLA-Permissive-2.0","2026-04-27T00:00:00.000Z | 2026-06-11T11:57:15Z"
"MT","Montana","5c926766-ab7a-4d03-9e63-c11e8ca44d53","Mint Dental Studio","-111.03676349521","45.6808336545401","dentist","","40 E Mendenhall St","Bozeman","59715","MT","US","(406) 586-5880","info@refreshingdentistry.com","http://www.refreshingdentistry.com","https://www.facebook.com/157911184240481","","0.9199122190475464","open","4","Foursquare | Overture | Overture-signals","Apache-2.0 | CDLA-Permissive-2.0","2025-08-19T00:00:00.000 | 2026-06-11T11:57:15Z | 2026-05-12T00:29:08Z | 2026-05-18T13:23:54Z | 2026-05-25T13:08:59Z | 2026-06-01T13:20:32Z | 2026-06-08T13:20:12Z"
"MT","Montana","5ce0dceb-1ca7-4e6d-89c2-68969862174f","Northern Lights Laser Dentistry","-114.3361418","48.3969509","dentist","cosmetic_dentist | general_dentistry","6516 US Highway 93 S","Whitefish","59937-2916","MT","US","+14067305055","customerconnect@nlldentistry.com","https://nlldentistry.com/","https://www.facebook.com/149752871562841","","0.9199122190475464","open","8","meta | Overture | Overture-signals","CDLA-Permissive-2.0","2026-04-27T00:00:00.000Z | 2026-06-11T11:57:15Z | 2026-05-12T00:29:08Z | 2026-05-18T13:23:54Z | 2026-05-25T13:08:59Z | 2026-06-01T13:20:32Z | 2026-06-08T13:20:12Z"
"MT","Montana","5d0485ff-bc63-45ac-a03f-68ef3369f656","Heritage Dental","-111.28447719","47.49217351","dentist","general_dentistry","1301 12th Ave S","Great Falls","59405-4600","MT","US","+14062165273","","http://www.greatfallsheritagedental.com","https://www.facebook.com/282885148468979","","0.9199122190475464","open","7","meta | Overture | Overture-signals","CDLA-Permissive-2.0","2026-04-27T00:00:00.000Z | 2026-06-11T11:57:15Z | 2026-05-12T00:29:08Z | 2026-05-18T13:23:54Z | 2026-05-25T13:08:59Z | 2026-06-01T13:20:32Z | 2026-06-08T13:20:12Z"
"MT","Montana","5d3b226e-dd97-4390-a98c-79148fdcd361","Cedarwood West Dentistry","-114.18432468","48.37424101","dentist","general_dentistry","211 5th St W","Columbia Falls","59912-3607","MT","US","+14068924348","cedarwooddentistry@gmail.com","http://www.cedarwooddentistry.com/","https://www.facebook.com/187820338462184","","0.9199122190475464","open","9","meta | Overture | Overture-signals","CDLA-Permissive-2.0","2026-04-27T00:00:00.000Z | 2026-06-11T11:57:15Z | 2026-05-12T00:29:08Z | 2026-05-18T13:23:54Z | 2026-05-25T13:08:59Z | 2026-06-01T13:20:32Z | 2026-06-08T13:20:12Z"
"MT","Montana","5fdc3f27-3a8a-4740-a987-b5e59bb7df2e","Sheridan Dental Clinic","-104.5581965","48.7762019","dentist","general_dentistry | medical_service_organizations","223 N Main St","Plentywood","59254-1843","MT","US","+14067652700","","http://www.sheridandental.com","https://www.facebook.com/168910683123731","","0.9199122190475464","open","7","meta | Overture | Overture-signals","CDLA-Permissive-2.0","2026-04-27T00:00:00.000Z | 2026-06-11T11:57:15Z | 2026-05-12T00:29:08Z | 2026-05-18T13:23:54Z | 2026-05-25T13:08:59Z | 2026-06-01T13:20:32Z | 2026-06-08T13:20:12Z"
"MT","Montana","608dc8a5-3144-458a-897f-eeae0e18ba16","Spierling, John DMD","-114.012822139997","46.8350444985062","dentist","","935 SW Higgins Ave","Missoula","59803","MT","US","(406) 728-5100","","http://www.johnspierlingdmd.com","https://www.facebook.com/630670433637842","","0.9199122190475464","open","4","Foursquare | Overture | Overture-signals","Apache-2.0 | CDLA-Permissive-2.0","2025-08-22T00:00:00.000 | 2026-06-11T11:57:15Z | 2026-05-12T00:29:08Z | 2026-05-18T13:23:54Z | 2026-05-25T13:08:59Z | 2026-06-01T13:20:32Z | 2026-06-08T13:20:12Z"
"MT","Montana","61306fea-f5de-4888-96f4-2107e6faa3e3","Missoula Pediatric Dentistry","-114.038761371245","46.8427224524274","dentist","","3020 S Reserve St","Missoula","59801","MT","US","(406) 541-7337","pedident@blackfoot.net","http://missoulapediatricdentistry.com","https://www.facebook.com/172144282795808","","0.77","","8","Foursquare | Overture","Apache-2.0 | CDLA-Permissive-2.0","2025-08-22T00:00:00.000 | 2026-06-11T11:57:15Z"
"MT","Montana","62b3ff4a-8311-49c0-9206-4d8f31e06307","Aspen Dental","-108.569717","45.754225","dentist","health_and_medical","2212 Grant Rd","Billings","59102","MT","US","4066020663","","https://www.aspendental.com/pricing-offers/offers","","","0.9199122190475464","open","6","Microsoft | Overture | Overture-signals","CDLA-Permissive-2.0","2025-10-04T12:18:44.127Z | 2026-06-11T11:57:15Z | 2026-05-12T00:29:08Z | 2026-05-18T13:23:54Z | 2026-05-25T13:08:59Z | 2026-06-01T13:20:32Z | 2026-06-08T13:20:12Z"
"MT","Montana","632666be-9639-4630-94a4-9aa312f580de","Park View Dental","-112.03877283","46.59253575","dentist","general_dentistry | health_and_medical","516 Fuller Ave","Helena","59601-3420","MT","US","+14064420500","helenaparkviewdental2@gmail.com","https://www.helenaparkviewdental.com/","https://www.facebook.com/399888336735253","Park Dental","0.9902192950248718","open","10","meta | Overture | Overture-signals","CDLA-Permissive-2.0","2026-04-27T00:00:00.000Z | 2026-06-11T11:57:15Z | 2026-05-12T00:29:08Z | 2026-05-18T13:23:54Z | 2026-05-25T13:08:59Z | 2026-06-01T13:20:32Z | 2026-06-08T13:20:12Z"
"MT","Montana","63a614ac-30fc-497b-9fec-434ffd75295b","Havre Dental Group","-109.67604137","48.55113559","dentist","medical_service_organizations | health_and_medical","424 3rd St","Havre","59501-3644","MT","US","+14062657886","","http://www.dentists.havre.ypeek.com","https://www.facebook.com/124906500896333","","0.9199122190475464","open","6","meta | Overture | Overture-signals","CDLA-Permissive-2.0","2026-04-27T00:00:00.000Z | 2026-06-11T11:57:15Z | 2026-05-12T00:29:08Z | 2026-05-18T13:23:54Z | 2026-05-25T13:08:59Z | 2026-06-01T13:20:32Z | 2026-06-08T13:20:12Z"
"MT","Montana","63e363eb-660e-4c18-8b97-dcb1e829f253","Bozeman Gentle Dentistry","-111.0358748","45.68026453","dentist","general_dentistry","40 E Mendenhall St","Bozeman","59715-3631","MT","US","+14063067260","info@bozemangentledentistry.com","https://www.bozemangentledentistry.com/","https://www.facebook.com/110491171842650","","0.9199122190475464","open","8","meta | Overture | Overture-signals","CDLA-Permissive-2.0","2026-04-27T00:00:00.000Z | 2026-06-11T11:57:15Z | 2026-05-12T00:29:08Z | 2026-05-18T13:23:54Z | 2026-05-25T13:08:59Z | 2026-06-01T13:20:32Z | 2026-06-08T13:20:12Z"
"MT","Montana","662b6816-27f7-476c-b544-39b52f70d337","James Luderitz DDS MS PC","-108.58539","45.78379","dentist","health_and_medical | hospital","2700 Grand Ave","Billings","59102-2680","MT","US","+14062487172","info@luderitzdental.com","http://www.luderitzdental.com/","https://www.facebook.com/994355720634787","James Luderitz DDS MS PC","0.9199122190475464","open","8","meta | Overture | Overture-signals","CDLA-Permissive-2.0","2026-04-27T00:00:00.000Z | 2026-06-11T11:57:15Z | 2026-05-12T00:29:08Z | 2026-05-18T13:23:54Z | 2026-05-25T13:08:59Z | 2026-06-01T13:20:32Z | 2026-06-08T13:20:12Z"
"MT","Montana","6638060b-0885-40de-8d9a-aaaac27ee37c","Michael D Shelby","-109.682691","48.53905","dentist","","130 13th St Ste 2","Havre","59501","MT","US","(406) 265-2063","","http://huff-dental.glfwebhosting.com","","","0.9199122190475464","open","4","Foursquare | Overture | Overture-signals","Apache-2.0 | CDLA-Permissive-2.0","2025-08-22T00:00:00.000 | 2026-06-11T11:57:15Z | 2026-05-12T00:29:08Z | 2026-05-18T13:23:54Z | 2026-05-25T13:08:59Z | 2026-06-01T13:20:32Z | 2026-06-08T13:20:12Z"
"MT","Montana","6832b593-7e37-496d-9c4a-05fa8b7d976e","Alpine Family Dental","-114.3296736","48.21344507","dentist","general_dentistry","101 Westview Park Pl","Kalispell","59901-1401","MT","US","+14067521107","info@afdmt.com","https://patient.modento.io/alpine-family-dental/consult","https://www.facebook.com/161752604484","","0.9199122190475464","open","7","meta | Overture | Overture-signals","CDLA-Permissive-2.0","2026-04-27T00:00:00.000Z | 2026-06-11T11:57:15Z | 2026-05-12T00:29:08Z | 2026-05-18T13:23:54Z | 2026-05-25T13:08:59Z | 2026-06-01T13:20:32Z | 2026-06-08T13:20:12Z"
"MT","Montana","6b2e7c89-3545-4374-9bae-5e1913b70a02","Flathead Dental Implant Arts","-114.33055345","48.2178943","dentist","cosmetic_dentist | prosthodontist","327 Parkway Dr","Kalispell","59901-2659","MT","US","+14063004444","amanda@flatheaddentalimplants.com","https://www.flatheaddentalimplants.com/","https://www.facebook.com/179718478549356","","0.9199122190475464","open","9","meta | Overture | Overture-signals","CDLA-Permissive-2.0","2026-04-27T00:00:00.000Z | 2026-06-11T11:57:15Z | 2026-05-12T00:29:08Z | 2026-05-18T13:23:54Z | 2026-05-25T13:08:59Z | 2026-06-01T13:20:32Z | 2026-06-08T13:20:12Z"
"MT","Montana","6b34b5f8-6eee-40b8-ab74-a9b505b0cf37","Joshua C Muir DDS","-108.5987742","45.7676328","dentist","health_and_medical","14 Avanta Way Ste 1","Billings","59102","MT","US","4066068350","","https://www.montanaimplants.com/","","","0.9199122190475464","open","6","Microsoft | Overture | Overture-signals","CDLA-Permissive-2.0","2024-09-26T21:04:32.140Z | 2026-06-11T11:57:15Z | 2026-05-12T00:29:08Z | 2026-05-18T13:23:54Z | 2026-05-25T13:08:59Z | 2026-06-01T13:20:32Z | 2026-06-08T13:20:12Z"
"MT","Montana","6b91ca8c-de79-443c-8c80-30eac9490728","Ronan Dental Clinic","-114.09838915","47.52515121","dentist","medical_service_organizations","20 Dayton St SW","Ronan","59864-3005","MT","US","+14066767600","ronandental@ronan.net","http://www.ronanmtdentist.com/","https://www.facebook.com/372081856566135","Ronan Dental Clinic","0.9199122190475464","open","9","meta | Overture | Overture-signals","CDLA-Permissive-2.0","2026-04-27T00:00:00.000Z | 2026-06-11T11:57:15Z | 2026-05-12T00:29:08Z | 2026-05-18T13:23:54Z | 2026-05-25T13:08:59Z | 2026-06-01T13:20:32Z | 2026-06-08T13:20:12Z"
"MT","Montana","6c6ce8b2-45d9-4d29-9b44-5c4efa5a4670","Montana Dental Works","-114.31868048","48.20769354","dentist","general_dentistry | health_and_medical","3 Sunset Plz","Kalispell","59901-4170","MT","US","+14067521166","smile@montanadentalworks.com","https://www.montanadentalworks.com/","https://www.facebook.com/452403208234833","","0.9199122190475464","open","8","meta | Overture | Overture-signals","CDLA-Permissive-2.0","2026-04-27T00:00:00.000Z | 2026-06-11T11:57:15Z | 2026-05-12T00:29:08Z | 2026-05-18T13:23:54Z | 2026-05-25T13:08:59Z | 2026-06-01T13:20:32Z | 2026-06-08T13:20:12Z"
"MT","Montana","6fc33ae2-a47b-4931-87df-70d62451c62d","James Bond Dental Arts","-111.05325283","45.65887082","dentist","cosmetic_dentist | general_dentistry","1958 Stadium Dr","Bozeman","59715-0719","MT","US","+14065865008","office@jamesbonddental.com","https://jamesbonddental.com/","https://www.facebook.com/173312729398118","","0.9199122190475464","open","8","meta | Overture | Overture-signals","CDLA-Permissive-2.0","2026-04-27T00:00:00.000Z | 2026-06-11T11:57:15Z | 2026-05-12T00:29:08Z | 2026-05-18T13:23:54Z | 2026-05-25T13:08:59Z | 2026-06-01T13:20:32Z | 2026-06-08T13:20:12Z"
"MT","Montana","7006e881-4ca8-4b67-af07-ece91a16d4c5","Victor Dental Clinic","-114.14630524","46.4138435","dentist","","2413 Meridian Rd","Victor","59875-9625","MT","US","+14066423771","","http://www.victordentalclinic.com","https://www.facebook.com/155748641191486","","0.9199122190475464","open","8","meta | Overture | Overture-signals","CDLA-Permissive-2.0","2026-04-27T00:00:00.000Z | 2026-06-11T11:57:15Z | 2026-05-12T00:29:08Z | 2026-05-18T13:23:54Z | 2026-05-25T13:08:59Z | 2026-06-01T13:20:32Z | 2026-06-08T13:20:12Z"
"MT","Montana","739f6875-6cd7-4ec1-840d-ebc2362adb19","Patterson James E DDS","-108.54254386","45.77692101","dentist","general_dentistry | doctor","1038 Broadwater Ave","Billings","59102-5411","MT","US","+14068968365","","http://jamespattersondds.com/","https://www.facebook.com/197296480451934","","0.9902192950248718","open","7","meta | Overture | Overture-signals","CDLA-Permissive-2.0","2026-04-27T00:00:00.000Z | 2026-06-11T11:57:15Z | 2026-05-12T00:29:08Z | 2026-05-18T13:23:54Z | 2026-05-25T13:08:59Z | 2026-06-01T13:20:32Z | 2026-06-08T13:20:12Z"
"MT","Montana","73ede1db-d1df-41a2-a2ce-0bbedb29fd7e","Diggs Dental Care","-113.99779425","46.85610728","dentist","general_dentistry","1547 S Higgins Ave","Missoula","59801-4226","MT","US","+14065438591","info@diggsdentalcare.com","http://diggsdentalcare.com/","https://www.facebook.com/103504158145497","","0.9199122190475464","open","7","meta | Overture | Overture-signals","CDLA-Permissive-2.0","2026-04-27T00:00:00.000Z | 2026-06-11T11:57:15Z | 2026-05-12T00:29:08Z | 2026-05-18T13:23:54Z | 2026-05-25T13:08:59Z | 2026-06-01T13:20:32Z | 2026-06-08T13:20:12Z"
"MT","Montana","74bfed25-90dc-4292-a983-6fdd900ea281","Glacier Denture Center","-114.30957534","48.18576414","dentist","prosthodontist | general_dentistry","1340 Airport Rd","Kalispell","59901-5701","MT","US","+14062575283","glacierdenturecenter@gmail.com","http://glacierdenturecenter.com/","https://www.facebook.com/109683367397423","","0.9199122190475464","open","7","meta | Overture | Overture-signals","CDLA-Permissive-2.0","2026-04-27T00:00:00.000Z | 2026-06-11T11:57:15Z | 2026-05-12T00:29:08Z | 2026-05-18T13:23:54Z | 2026-05-25T13:08:59Z | 2026-06-01T13:20:32Z | 2026-06-08T13:20:12Z"
"MT","Montana","785a3947-cdba-432d-92d2-7923ae53b42a","Bartolett Family Dentistry","-112.95440122","46.12893839","dentist","cosmetic_dentist | general_dentistry","116 W 3rd St","Anaconda","59711-2205","MT","US","+14065637666","","http://www.anacondadentist.com/","https://www.facebook.com/799936910098507","","0.9199122190475464","open","8","meta | Overture | Overture-signals","CDLA-Permissive-2.0","2026-04-27T00:00:00.000Z | 2026-06-11T11:57:15Z | 2026-05-12T00:29:08Z | 2026-05-18T13:23:54Z | 2026-05-25T13:08:59Z | 2026-06-01T13:20:32Z | 2026-06-08T13:20:12Z"
"MT","Montana","78b46de4-4e1b-4335-8708-09256d703ea2","Bitterroot Valley Dental Care","-114.09197661","46.49161456","dentist","general_dentistry | health_and_medical","120 LJK Way","Stevensville","59870-6841","MT","US","+14066250382","office@stevidentist.com","https://bitterrootvalleydentalcare.com/","https://www.facebook.com/109696348694204","Bitterroot Valley Dental Care","0.9199122190475464","open","8","meta | Overture | Overture-signals","CDLA-Permissive-2.0","2026-04-27T00:00:00.000Z | 2026-06-11T11:57:15Z | 2026-05-12T00:29:08Z | 2026-05-18T13:23:54Z | 2026-05-25T13:08:59Z | 2026-06-01T13:20:32Z | 2026-06-08T13:20:12Z"
"MT","Montana","7964f6d5-cf7e-4217-b2a8-0607d8c909a8","Dental Floss Ranch","-114.03263","46.85499","dentist","landmark_and_historical_building | health_and_medical","2211 Burlington Ave","Missoula","59801-5252","MT","US","","","","https://www.facebook.com/1852722811659927","","0.6871267557144165","","7","meta | Overture","CDLA-Permissive-2.0","2026-04-27T00:00:00.000Z | 2026-06-11T11:57:15Z"
"MT","Montana","79cf0ef8-2daf-4294-a351-5c06b415ae79","Big Sky Dental Center","-111.08092814","45.66872609","dentist","general_dentistry | health_and_medical","1065 Harmon Stream Blvd","Bozeman","59718-4195","MT","US","+14065865949","bigskydentalcenter@gmail.com","http://www.bigskydentalcenter.com/","https://www.facebook.com/304997529612056","","0.9199122190475464","open","8","meta | Overture | Overture-signals","CDLA-Permissive-2.0","2026-04-27T00:00:00.000Z | 2026-06-11T11:57:15Z | 2026-05-12T00:29:08Z | 2026-05-18T13:23:54Z | 2026-05-25T13:08:59Z | 2026-06-01T13:20:32Z | 2026-06-08T13:20:12Z"
"MT","Montana","7a147282-ab26-49b2-97d3-c531bdfaf180","Timothy Ronald Lund","-111.22007942494","45.7739223983383","dentist","","127 Village Dr Ste 100","Belgrade","59714","MT","US","(406) 388-0033","","http://www.riverrockdentalgroup.com","","","0.9199122190475464","open","4","Foursquare | Overture | Overture-signals","Apache-2.0 | CDLA-Permissive-2.0","2025-08-22T00:00:00.000 | 2026-06-11T11:57:15Z | 2026-05-12T00:29:08Z | 2026-05-18T13:23:54Z | 2026-05-25T13:08:59Z | 2026-06-01T13:20:32Z | 2026-06-08T13:20:12Z"
"MT","Montana","7a16549d-cc1e-4b92-9d84-f0026d768e1e","Lolo Dental Clinic","-114.07968614","46.762644","dentist","general_dentistry | doctor","108 Tyler Way","Lolo","59847-9714","MT","US","+14062730490","lolodentalpc@gmail.com","http://lolodental.com/","https://www.facebook.com/711583045599201","Lolo Dental Clinic","0.9199122190475464","open","9","meta | Overture | Overture-signals","CDLA-Permissive-2.0","2026-04-27T00:00:00.000Z | 2026-06-11T11:57:15Z | 2026-05-12T00:29:08Z | 2026-05-18T13:23:54Z | 2026-05-25T13:08:59Z | 2026-06-01T13:20:32Z | 2026-06-08T13:20:12Z"
"MT","Montana","7b66d94b-ed9e-40d4-8ae9-3712cedec209","Chinook Dental","-109.23283605","48.59139744","dentist","general_dentistry | cosmetic_dentist","419 Pennsylvania St","Chinook","59523-9726","MT","US","+14063572668","drrchaffin@gmail.com","http://www.chinookdentalpc.com/?m=1","https://www.facebook.com/1953754274849912","","0.9199122190475464","open","8","meta | Overture | Overture-signals","CDLA-Permissive-2.0","2026-04-27T00:00:00.000Z | 2026-06-11T11:57:15Z | 2026-05-12T00:29:08Z | 2026-05-18T13:23:54Z | 2026-05-25T13:08:59Z | 2026-06-01T13:20:32Z | 2026-06-08T13:20:12Z"
"MT","Montana","7bcc79f3-60db-4ed3-9d3b-40f5f081dca9","Dr. Bryan Haight DDS","-111.856046","48.513639","dentist","family_practice | health_and_medical","865 Oilfield Ave","Shelby","59474-2702","MT","US","+14064347086","","","https://www.facebook.com/230421590666746","","0.6754956245422363","","9","meta | Overture","CDLA-Permissive-2.0","2026-04-27T00:00:00.000Z | 2026-06-11T11:57:15Z"
"MT","Montana","7c0676c5-f181-4ba6-9bda-41ea17295ac5","Meng Dentistry","-114.03509123","46.83939551","dentist","general_dentistry | prosthodontist","2315 McDonald Ave","Missoula","59801","MT","US","+14065435647","info@mengdental.com","https://mengdental.com/?utm_source=Google&utm_medium=mybusinesslisting","https://www.facebook.com/108337135853008","","0.9199122190475464","open","9","meta | Overture | Overture-signals","CDLA-Permissive-2.0","2026-04-27T00:00:00.000Z | 2026-06-11T11:57:15Z | 2026-05-12T00:29:08Z | 2026-05-18T13:23:54Z | 2026-05-25T13:08:59Z | 2026-06-01T13:20:32Z | 2026-06-08T13:20:12Z"
"MT","Montana","7dd9d4fa-4c5d-432a-a87d-649172160c06","Montana Dental Spa, PLLC","-114.32850911","48.21764758","dentist","cosmetic_dentist | general_dentistry","160 Heritage Way","Kalispell","59901-3127","MT","US","+14063144044","info@montanadentalspa.com","https://www.montanadentalspa.com/","https://www.facebook.com/787949294870816","","0.9199122190475464","open","8","meta | Overture | Overture-signals","CDLA-Permissive-2.0","2026-04-27T00:00:00.000Z | 2026-06-11T11:57:15Z | 2026-05-12T00:29:08Z | 2026-05-18T13:23:54Z | 2026-05-25T13:08:59Z | 2026-06-01T13:20:32Z | 2026-06-08T13:20:12Z"
"MT","Montana","7de46d1e-899f-4dfc-ba9e-135129a98d98","Voy Scott E DDS","-111.26029621","47.48828091","dentist","general_dentistry","2707 16th Ave S","Great Falls","59405-5204","MT","US","+14067278440","","https://drvoydds.com/","https://www.facebook.com/125201574200785","","0.598680317401886","","8","meta | Overture","CDLA-Permissive-2.0","2026-04-27T00:00:00.000Z | 2026-06-11T11:57:15Z"
"MT","Montana","7dfe7b10-d1ca-4fed-9f06-0781842812a7","Prime View Dental","-114.32691609","48.2200629","dentist","general_dentistry | health_and_medical","145 Commons Loop","Kalispell","59901-1918","MT","US","+14067569393","smiles@primeviewdental.com","http://primeviewdental.com/","https://www.facebook.com/94238524799","Primeviewdental","0.9199122190475464","open","8","meta | Overture | Overture-signals","CDLA-Permissive-2.0","2026-04-27T00:00:00.000Z | 2026-06-11T11:57:15Z | 2026-05-12T00:29:08Z | 2026-05-18T13:23:54Z | 2026-05-25T13:08:59Z | 2026-06-01T13:20:32Z | 2026-06-08T13:20:12Z"
"MT","Montana","7e1505e4-4019-4e38-9bc7-a1e053895825","West Matt","-111.516245","46.320701","dentist","health_and_medical | american_restaurant","422 Broadway St","Townsend","59644-2322","MT","US","+14062663402","","","https://www.facebook.com/122209457837319","","0.6568823456764221","","7","meta | Overture","CDLA-Permissive-2.0","2026-04-27T00:00:00.000Z | 2026-06-11T11:57:15Z"
"MT","Montana","7e85a52a-e203-4331-94c4-f8e83ab5c90c","Great Northern Endodontics","-108.600018","45.7864507","dentist","doctor | oral_surgeon","1601 Zimmerman Trl","Billings","59102-7653","MT","US","+14062566008","drt@greatnorthernendo.com","http://greatnorthernendo.com","https://www.facebook.com/526316127393928","Great Northern Endodontics","0.9857372045516968","","8","meta | Overture","CDLA-Permissive-2.0","2026-04-27T00:00:00.000Z | 2026-06-11T11:57:15Z"
"MT","Montana","7ebedaa4-8f13-44b3-ab81-97e140d0afdc","Mast Laser Dentistry","-112.03327357","46.62074042","dentist","general_dentistry | health_and_medical","3355 Colton Dr","Helena","59602-0266","MT","US","+14064580003","mastdentistry@gmail.com","http://www.mastfamilydentistry.com/","https://www.facebook.com/188606452841","Mast Laser Dentistry","0.9900652766227722","","9","meta | Overture","CDLA-Permissive-2.0","2026-04-27T00:00:00.000Z | 2026-06-11T11:57:15Z"
"MT","Montana","80739257-52a8-4f61-8e46-9a723515aa2e","Miltko Family Dentistry","-114.0199134","46.8489176","dentist","health_and_medical","1550 South Ave W","Missoula","59801","MT","US","4067211550","","https://www.miltkofamilydentistry.com/","","","0.85","","7","Microsoft | Overture","CDLA-Permissive-2.0","2025-07-31T16:08:11.790Z | 2026-06-11T11:57:15Z"
"MT","Montana","80a8b6aa-ccc4-4acc-9c81-7a0055496bc3","Winterholler Dentistry & Implant Surgery","-108.7660767","45.6652756","dentist","doctor | health_and_medical","413 SE 4th St","Laurel","59044","MT","US","4066284500","","https://www.winterhollerdentistry.com/locations/laurel-mt/","","","0.9199122190475464","open","8","Microsoft | Overture | Overture-signals","CDLA-Permissive-2.0","2024-11-19T07:49:53.360Z | 2026-06-11T11:57:15Z | 2026-05-12T00:29:08Z | 2026-05-18T13:23:54Z | 2026-05-25T13:08:59Z | 2026-06-01T13:20:32Z | 2026-06-08T13:20:12Z"
"MT","Montana","80cc64e4-5246-4e24-b251-97264ccc9db6","Three Forks Family Dentistry","-111.5520738","45.89315525","dentist","general_dentistry | cosmetic_dentist","123 S Main St","Three Forks","59752","MT","US","+14062855234","threeforksdentist@gmail.com","http://www.threeforksdental.com/","https://www.facebook.com/102554609817211","","0.9199122190475464","open","8","meta | Overture | Overture-signals","CDLA-Permissive-2.0","2026-04-27T00:00:00.000Z | 2026-06-11T11:57:15Z | 2026-05-12T00:29:08Z | 2026-05-18T13:23:54Z | 2026-05-25T13:08:59Z | 2026-06-01T13:20:32Z | 2026-06-08T13:20:12Z"
"MT","Montana","80f925f6-40b5-48cd-a5a3-55b62847f5a3","Robinson Brand","-111.09586242","45.67394734","dentist","doctor | health_and_medical","4265 Fallon St","Bozeman","59718-6797","MT","US","+14065877411","alpenglowfamilydentistry@gmail.com","http://www.alpenglowfamilydentistry.com/","https://www.facebook.com/709341429134863","","0.9047043919563293","","8","meta | Overture","CDLA-Permissive-2.0","2026-04-27T00:00:00.000Z | 2026-06-11T11:57:15Z"
"MT","Montana","81077696-ed42-4a09-a511-bf96d02b87a5","Dr. Aaron M. Shearman","-112.52368756","45.98246235","dentist","general_dentistry | doctor","830 Sampson St","Butte","59701-3296","MT","US","+14064941316","","http://www.buttedentistry.com/","https://www.facebook.com/413365662046455","Aaron M. Shearman DDS","0.9199122190475464","open","9","meta | Overture | Overture-signals","CDLA-Permissive-2.0","2026-04-27T00:00:00.000Z | 2026-06-11T11:57:15Z | 2026-05-12T00:29:08Z | 2026-05-18T13:23:54Z | 2026-05-25T13:08:59Z | 2026-06-01T13:20:32Z | 2026-06-08T13:20:12Z"
"MT","Montana","85636024-681f-46f7-8bcd-a325dbbdf172","Dr. Evans Dentistry","-109.248010480124","45.1860389748482","dentist","","24 S Oakes Ave, Red Lodge, MT 59068, United States","Red Lodge","59068","MT","US","(406) 446-2814","","http://redlodgefamilydental.com/index.html","","","0.9199122190475464","open","4","Foursquare | Overture | Overture-signals","Apache-2.0 | CDLA-Permissive-2.0","2025-02-16T00:00:00.000 | 2026-06-11T11:57:15Z | 2026-05-12T00:29:08Z | 2026-05-18T13:23:54Z | 2026-05-25T13:08:59Z | 2026-06-01T13:20:32Z | 2026-06-08T13:20:12Z"
"MT","Montana","85ac848f-0478-4dd8-89d1-f7b276aeeffb","Dr. Troy Shaw, Orthodontist","-114.038605168972","46.8590083768418","dentist","","1300 S Reserve St Ste C","Missoula","59801","MT","US","(406) 327-0777","info@drtroyshaw.com","http://www.drtroyshaw.com","https://www.facebook.com/100508180077097","","0.9199122190475464","open","8","Foursquare | Overture | Overture-signals","Apache-2.0 | CDLA-Permissive-2.0","2025-08-22T00:00:00.000 | 2026-06-11T11:57:15Z | 2026-05-12T00:29:08Z | 2026-05-18T13:23:54Z | 2026-05-25T13:08:59Z | 2026-06-01T13:20:32Z | 2026-06-08T13:20:12Z"
"MT","Montana","8654c6eb-d93b-4710-b0fb-4ca34642a82a","Polson Family Dentistry","-114.16332915","47.69154907","dentist","general_dentistry | medical_service_organizations","421 Main St","Polson","59860-2123","MT","US","+14068831343","windauer@usa.com","https://www.polsonfamilydentistry.com/","https://www.facebook.com/215869475257873","","0.9199122190475464","open","8","meta | Overture | Overture-signals","CDLA-Permissive-2.0","2026-04-27T00:00:00.000Z | 2026-06-11T11:57:15Z | 2026-05-12T00:29:08Z | 2026-05-18T13:23:54Z | 2026-05-25T13:08:59Z | 2026-06-01T13:20:32Z | 2026-06-08T13:20:12Z"
"MT","Montana","87f89ab6-6ec7-44a1-8a18-d732eab8c8ba","Fred Anderson","-111.26353099","47.49869548","dentist","doctor | family_practice","2515 6th Ave S","Great Falls","59405-3013","MT","US","+14067611945","","https://anderson-fred-e-dmd.hub.biz/","https://www.facebook.com/117723191622783","","0.6243323683738708","","7","meta | Overture","CDLA-Permissive-2.0","2026-04-27T00:00:00.000Z | 2026-06-11T11:57:15Z"
"MT","Montana","898f2f9c-18c2-44ad-9776-f8701307a636","Beck Dental","-114.15323","46.23833","dentist","","244 Honey Ln","Hamilton","59840","MT","US","+14066606760","","https://www.beckdentalmt.com","","","0.9199122190475464","open","8","DAC | Overture | Overture-signals","CDLA-Permissive-2.0","2026-06-10T16:03:35.911Z | 2026-06-11T11:57:15Z | 2026-05-12T00:29:08Z | 2026-05-18T13:23:54Z | 2026-05-25T13:08:59Z | 2026-06-01T13:20:32Z | 2026-06-08T13:20:12Z"
"MT","Montana","8a66ccf4-e095-48ee-b67c-9c68dda9c631","Bryan Drew Haight","-111.856049","48.513654","dentist","","865 Oilfield Ave Ste 3","Shelby","59474","MT","US","(406) 434-7086","","http://mariashealth.org","","","0.9199122190475464","open","4","Foursquare | Overture | Overture-signals","Apache-2.0 | CDLA-Permissive-2.0","2025-08-22T00:00:00.000 | 2026-06-11T11:57:15Z | 2026-05-12T00:29:08Z | 2026-05-18T13:23:54Z | 2026-05-25T13:08:59Z | 2026-06-01T13:20:32Z | 2026-06-08T13:20:12Z"
"MT","Montana","8ae81311-b0bd-48d9-a505-a5786c83dfec","Dr. Mark Messer DMD","-113.99783102","46.85622931","dentist","doctor | health_and_medical","1547 S Higgins Ave","Missoula","59801","MT","US","4065498081","","","","","0.9199122190475464","open","8","Microsoft | Overture | Overture-signals","CDLA-Permissive-2.0","2025-07-06T07:24:24.047Z | 2026-06-11T11:57:15Z | 2026-05-12T00:29:08Z | 2026-05-18T13:23:54Z | 2026-05-25T13:08:59Z | 2026-06-01T13:20:32Z | 2026-06-08T13:20:12Z"
"MT","Montana","8b0d5aab-1981-4395-99d5-8df674006ec7","Montana Kids Dental Great Falls","-111.260999","47.488282","dentist","","2619 16th Ave S","Great Falls","59405","MT","US","(406) 416-2180","","https://www.montanakidsdental.com","","","0.77","","2","Foursquare | Overture","Apache-2.0 | CDLA-Permissive-2.0","2026-03-12T00:00:00.000 | 2026-06-11T11:57:15Z"
"MT","Montana","8b35aad6-a38c-4dd9-b955-fa1a002d0067","Bozeman Dental Associates","-111.05501694","45.6588275","dentist","general_dentistry | doctor","2018 Stadium Dr","Bozeman","59715-0706","MT","US","+14065869621","bozemandental@live.com","http://www.bozemandentalassoc.com/","https://www.facebook.com/555427491177804","Bozeman Dental Associates","0.9199122190475464","open","8","meta | Overture | Overture-signals","CDLA-Permissive-2.0","2026-04-27T00:00:00.000Z | 2026-06-11T11:57:15Z | 2026-05-12T00:29:08Z | 2026-05-18T13:23:54Z | 2026-05-25T13:08:59Z | 2026-06-01T13:20:32Z | 2026-06-08T13:20:12Z"
"MT","Montana","8bb8c2d2-18d4-4efd-9914-284af6e7c8a8","Jody LYNN Crowl","-108.772273634525","45.6692893407713","dentist","","113 W Main St","Laurel","59044","MT","US","(406) 628-8741","","https://crowldentistry.com","https://www.facebook.com/156578857716095","","0.9199122190475464","open","4","Foursquare | Overture | Overture-signals","Apache-2.0 | CDLA-Permissive-2.0","2025-06-06T00:00:00.000 | 2026-06-11T11:57:15Z | 2026-05-12T00:29:08Z | 2026-05-18T13:23:54Z | 2026-05-25T13:08:59Z | 2026-06-01T13:20:32Z | 2026-06-08T13:20:12Z"
"MT","Montana","8c7a342e-0670-45fc-8179-9a12f798cf7f","Molly Gannon","-114.14959412","46.28194649","dentist","general_dentistry","512 Old Corvallis Rd","Hamilton","59840-3131","MT","US","+14063631211","mollygannondds@yahoo.com","http://www.mollygannondds.com","https://www.facebook.com/111760845038819","Dr. Mollie Kentor","0.9199122190475464","open","7","meta | Overture | Overture-signals","CDLA-Permissive-2.0","2026-04-27T00:00:00.000Z | 2026-06-11T11:57:15Z | 2026-05-12T00:29:08Z | 2026-05-18T13:23:54Z | 2026-05-25T13:08:59Z | 2026-06-01T13:20:32Z | 2026-06-08T13:20:12Z"
"MT","Montana","8eca4e0a-ec08-4e02-8fa3-5eb32f02603f","Barry Yaskus DDS Family Dental Care","-114.09446463","46.50352595","dentist","general_dentistry | medical_service_organizations","201 Barbara St","Stevensville","59870-2733","MT","US","+14067775582","frontdesk@yaskusfamilydentalcare.com","http://www.ident.ws/template.jsp?doc=yaskusfamilydentalcare","https://www.facebook.com/1426089267412358","","0.9199122190475464","open","8","meta | Overture | Overture-signals","CDLA-Permissive-2.0","2026-04-27T00:00:00.000Z | 2026-06-11T11:57:15Z | 2026-05-12T00:29:08Z | 2026-05-18T13:23:54Z | 2026-05-25T13:08:59Z | 2026-06-01T13:20:32Z | 2026-06-08T13:20:12Z"
"MT","Montana","8f5b48d0-01a3-4491-a522-4d110268f592","Melton Dental","-111.99374715","46.58239652","dentist","general_dentistry | cosmetic_dentist","301 Saddle Dr","Helena","59601-8026","MT","US","+14065211324","meltondental@mt.net","http://www.meltondental.com/","https://www.facebook.com/783766591790756","","0.9199122190475464","open","9","meta | Overture | Overture-signals","CDLA-Permissive-2.0","2026-04-27T00:00:00.000Z | 2026-06-11T11:57:15Z | 2026-05-12T00:29:08Z | 2026-05-18T13:23:54Z | 2026-05-25T13:08:59Z | 2026-06-01T13:20:32Z | 2026-06-08T13:20:12Z"
"MT","Montana","90a5c61d-48af-4fd7-aa32-af005ae20fd3","Hansen, G Kristian DDS, MS, PC","-111.064788827031","45.6730090663594","dentist","","2050 W Dickerson St Ste A","Bozeman","59718","MT","US","(406) 582-1790","","http://gkristianhansenorthodontics.com","","","0.9902192950248718","open","4","Foursquare | Overture | Overture-signals","Apache-2.0 | CDLA-Permissive-2.0","2025-05-29T00:00:00.000 | 2026-06-11T11:57:15Z | 2026-05-12T00:29:08Z | 2026-05-18T13:23:54Z | 2026-05-25T13:08:59Z | 2026-06-01T13:20:32Z | 2026-06-08T13:20:12Z"
"MT","Montana","92325d3b-be8a-411b-a8c3-15499cee29a6","Stone Dental Lodge","-111.121080121229","45.656186342305","dentist","","1450 Twin Lakes Ave Ste 101","Bozeman","59718","MT","US","(406) 944-9444","","https://stonedentallodge.com","https://www.facebook.com/231763106683868","","0.77","","5","Foursquare | Overture","Apache-2.0 | CDLA-Permissive-2.0","2025-09-30T00:00:00.000 | 2026-06-11T11:57:15Z"
"MT","Montana","92ea9b22-6b00-424d-b448-4ff86623f691","Greater Montana Oral & Dental Implant Surgery","-114.30727184","48.22723826","dentist","health_and_medical | oral_surgeon","60 Village Loop","Kalispell","59901","MT","US","+14067524375","info@oralsurgerymontana.com","https://www.oralsurgerymontana.com/","https://www.facebook.com/314609255220671","","0.9199122190475464","open","9","meta | Overture | Overture-signals","CDLA-Permissive-2.0","2026-04-27T00:00:00.000Z | 2026-06-11T11:57:15Z | 2026-05-12T00:29:08Z | 2026-05-18T13:23:54Z | 2026-05-25T13:08:59Z | 2026-06-01T13:20:32Z | 2026-06-08T13:20:12Z"
"MT","Montana","935d2811-4fe0-4138-8c5d-475b2d33f1b6","Timm H. Eickmann","-104.71444","47.10508","dentist","","106 N Kendrick Ave","Glendive","59330","MT","US","(406) 377-6222","","http://www.glendivefamilydentistry.com","https://www.facebook.com/108199532857505","","0.9199122190475464","open","4","Foursquare | Overture | Overture-signals","Apache-2.0 | CDLA-Permissive-2.0","2025-08-22T00:00:00.000 | 2026-06-11T11:57:15Z | 2026-05-12T00:29:08Z | 2026-05-18T13:23:54Z | 2026-05-25T13:08:59Z | 2026-06-01T13:20:32Z | 2026-06-08T13:20:12Z"
"MT","Montana","93ec2e05-0b37-46ef-bae5-dd0bbbd38a12","Alpine Dental Arts","-108.5566685","45.7817389","dentist","laboratory_testing","1140 16th St W","Billings","59102-4121","MT","US","+14062818259","alpinedentalarts@gmail.com","http://www.nailstudioanddayspa.com","https://www.facebook.com/105959245486107","","0.9270890951156616","","2","meta | Overture","CDLA-Permissive-2.0","2026-04-27T00:00:00.000Z | 2026-06-11T11:57:15Z"
"MT","Montana","944aede1-e465-460a-b45e-6ae55ba6187c","Billings Denture Clinic","-108.47159845","45.81599127","dentist","health_and_medical","926 Main St","Billings","59105-3359","MT","US","+14062521852","billingsdds@qwestoffice.net","http://billingsmtdds.com/","https://www.facebook.com/265800696796345","","0.9199122190475464","open","1","meta | Overture | Overture-signals","CDLA-Permissive-2.0","2026-04-27T00:00:00.000Z | 2026-06-11T11:57:15Z | 2026-05-12T00:29:08Z | 2026-05-18T13:23:54Z | 2026-05-25T13:08:59Z | 2026-06-01T13:20:32Z | 2026-06-08T13:20:12Z"
"MT","Montana","94edd60f-5f50-401b-a5a0-d8bb92ca0260","West Yellowstone Dental","-111.099338","44.664605","dentist","","317 North Canyon Street","West Yellowstone","59758","MT","US","+14066467766","","http://westyellowstonedental.com/","","","0.9199122190475464","open","8","DAC | Overture | Overture-signals","CDLA-Permissive-2.0","2026-06-10T16:03:35.911Z | 2026-06-11T11:57:15Z | 2026-05-12T00:29:08Z | 2026-05-18T13:23:54Z | 2026-05-25T13:08:59Z | 2026-06-01T13:20:32Z | 2026-06-08T13:20:12Z"
"MT","Montana","97a005fe-97ac-45ba-b728-527eeb915baa","One Dental Care Center of Kalispell","-114.31503908","48.19687037","dentist","general_dentistry","124 1st Ave W","Kalispell","59901-4442","MT","US","+14067557117","drtompittaway@gmail.com","http://Onedentalcenter.com/","https://www.facebook.com/660943710751726","One Dental Care Center of Kalispell","0.9199122190475464","open","9","meta | Overture | Overture-signals","CDLA-Permissive-2.0","2026-04-27T00:00:00.000Z | 2026-06-11T11:57:15Z | 2026-05-12T00:29:08Z | 2026-05-18T13:23:54Z | 2026-05-25T13:08:59Z | 2026-06-01T13:20:32Z | 2026-06-08T13:20:12Z"
"MT","Montana","9919fdb8-095d-484a-9af7-361322e8ac3c","Kalispell Kidds","-114.332381345334","48.2254839646185","dentist","","40 Four Mile Dr","Kalispell","59901","MT","US","(406) 756-1142","","http://www.kalispellkiddsteeth.com","https://www.facebook.com/205142782839839","","0.9199122190475464","open","4","Foursquare | Overture | Overture-signals","Apache-2.0 | CDLA-Permissive-2.0","2023-11-03T00:00:00.000 | 2026-06-11T11:57:15Z | 2026-05-12T00:29:08Z | 2026-05-18T13:23:54Z | 2026-05-25T13:08:59Z | 2026-06-01T13:20:32Z | 2026-06-08T13:20:12Z"
"MT","Montana","998accdd-a27c-4a09-9867-f7e4a29844cd","Murdock Family Dentistry","-108.47139142","45.81566728","dentist","general_dentistry | doctor","926 Main St","Billings","59105-3359","MT","US","+14062590110","murdockdentalteam@gmail.com","https://www.billingsmurdockfamilydentistry.com/","https://www.facebook.com/269033706477764","","0.9997898811101913","","8","meta | Overture","CDLA-Permissive-2.0","2026-04-27T00:00:00.000Z | 2026-06-11T11:57:15Z"
"MT","Montana","99db9473-21b5-4c9a-b371-242ea8b24024","Aesthetic Oral Arts","-110.57275367","45.65493142","dentist","cosmetic_dentist","1106 W Park St","Livingston","59047-2955","MT","US","+14062225944","office@aoalabs.com","https://www.aoalabs.com/","https://www.facebook.com/100410208159871","","0.9199122190475464","open","8","meta | Overture | Overture-signals","CDLA-Permissive-2.0","2026-04-27T00:00:00.000Z | 2026-06-11T11:57:15Z | 2026-05-12T00:29:08Z | 2026-05-18T13:23:54Z | 2026-05-25T13:08:59Z | 2026-06-01T13:20:32Z | 2026-06-08T13:20:12Z"
"MT","Montana","9aa1d5e3-b0b6-4a77-a574-4f45e2bc8c6b","Campbell James R DDS","-104.28121507","46.36578317","dentist","","202 4th St SW","Baker","59313-9118","MT","US","+14067785431","","http://www.jrcdentistry.com/","https://www.facebook.com/101346678724397","Dr. James R Campbell, DDS","0.854668915271759","","8","meta | Overture","CDLA-Permissive-2.0","2026-04-27T00:00:00.000Z | 2026-06-11T11:57:15Z"
"MT","Montana","9d15dca4-507a-44f6-ad20-e077c773ba77","Caldwell Family Dental","-111.99282801","46.58575042","dentist","general_dentistry","2615 Colonial Dr","Helena","59601-4910","MT","US","+14064432334","","https://www.caldwellfamilydental.com/","https://www.facebook.com/150675641464880","","0.9199122190475464","open","8","meta | Overture | Overture-signals","CDLA-Permissive-2.0","2026-04-27T00:00:00.000Z | 2026-06-11T11:57:15Z | 2026-05-12T00:29:08Z | 2026-05-18T13:23:54Z | 2026-05-25T13:08:59Z | 2026-06-01T13:20:32Z | 2026-06-08T13:20:12Z"
"MT","Montana","9d25f852-6498-47c2-88c3-f30233c9609c","Lowney Dental","-112.53060851","46.01327159","dentist","general_dentistry | health_and_medical","245 E Park St","Butte","59701-1814","MT","US","+14064947058","lowneydental@gmail.com","http://www.lowneydental.com","https://www.facebook.com/259146707471897","","0.9199122190475464","open","9","meta | Overture | Overture-signals","CDLA-Permissive-2.0","2026-04-27T00:00:00.000Z | 2026-06-11T11:57:15Z | 2026-05-12T00:29:08Z | 2026-05-18T13:23:54Z | 2026-05-25T13:08:59Z | 2026-06-01T13:20:32Z | 2026-06-08T13:20:12Z"
"MT","Montana","a0978822-e00d-4c03-8bfd-b4f39c93b730","Laslovich, Jonna DDS","-112.507859153376","45.9885851801317","dentist","","2400 Massachusetts Ave","Butte","59701","MT","US","(406) 723-2144","","http://drtimballweber.com","","","0.77","","5","Foursquare | Overture","Apache-2.0 | CDLA-Permissive-2.0","2025-08-22T00:00:00.000 | 2026-06-11T11:57:15Z"
"MT","Montana","a112d9f4-b292-4d95-b8c6-e933736bd551","Bird Family Dentistry","-114.163162048787","47.6900543602764","dentist","","2 6th Ave E","Polson","59860","MT","US","(406) 883-6269","","http://www.polsondentist.com","","","0.9199122190475464","open","4","Foursquare | Overture | Overture-signals","Apache-2.0 | CDLA-Permissive-2.0","2025-08-22T00:00:00.000 | 2026-06-11T11:57:15Z | 2026-05-12T00:29:08Z | 2026-05-18T13:23:54Z | 2026-05-25T13:08:59Z | 2026-06-01T13:20:32Z | 2026-06-08T13:20:12Z"
"MT","Montana","a14ba22b-982e-4c82-9171-2f03443723c7","Dr. Eugene Tynes","-111.305954","47.50123","dentist","family_practice | health_and_medical","300 Park Dr S","Great Falls","59405-1819","MT","US","+14067613800","","http://drtynes.com/","https://www.facebook.com/1393892017586499","","0.7928680777549744","","7","meta | Overture","CDLA-Permissive-2.0","2026-04-27T00:00:00.000Z | 2026-06-11T11:57:15Z"
"MT","Montana","a1aa7b03-f318-404d-b261-0aa2eb973ae9","Quartz Creek Dental","-114.339891247974","48.2339681059626","dentist","cosmetic_dentist","675 Treeline Rd","Kalispell","59901-1242","MT","US","+14065654239","info@quartzcreekdental.com","http://quartzcreekdental.com/","https://www.facebook.com/105552834974282","","0.9199122190475464","open","8","meta | Overture | Overture-signals","CDLA-Permissive-2.0","2026-04-27T00:00:00.000Z | 2026-06-11T11:57:15Z | 2026-05-12T00:29:08Z | 2026-05-18T13:23:54Z | 2026-05-25T13:08:59Z | 2026-06-01T13:20:32Z | 2026-06-08T13:20:12Z"
"MT","Montana","a29db1e4-3bb3-44c2-8fb6-c3c3532f49fc","Denture Center","-114.03630164","46.90027223","dentist","general_dentistry | medical_center","2825 Stockyard Rd","Missoula","59808-1502","MT","US","+14063171314","mtdenturecenter@gmail.com","https://www.mtdenturecenter.com/","https://www.facebook.com/101923032329302","","0.9199122190475464","open","9","meta | Overture | Overture-signals","CDLA-Permissive-2.0","2026-04-27T00:00:00.000Z | 2026-06-11T11:57:15Z | 2026-05-12T00:29:08Z | 2026-05-18T13:23:54Z | 2026-05-25T13:08:59Z | 2026-06-01T13:20:32Z | 2026-06-08T13:20:12Z"
"MT","Montana","a2be80f8-f8d5-4ab7-ae3c-109217583299","Midtown Dental","-108.5395615","45.78390892","dentist","endodontist | pediatric_dentist","918 Grand Ave","Billings","59102-3302","MT","US","+14066253000","scheduling@billingsmidtowndental.com","https://www.billingsmidtowndental.com/","https://www.facebook.com/100377038249805","","0.9199122190475464","open","7","meta | Overture | Overture-signals","CDLA-Permissive-2.0","2026-04-27T00:00:00.000Z | 2026-06-11T11:57:15Z | 2026-05-12T00:29:08Z | 2026-05-18T13:23:54Z | 2026-05-25T13:08:59Z | 2026-06-01T13:20:32Z | 2026-06-08T13:20:12Z"
"MT","Montana","a35beacd-23b5-410c-b1da-b0f05a415a24","Cornerstone Dental Missoula","-114.02697186","46.84175988","dentist","general_dentistry | medical_service_organizations","3111 S Grant St","Missoula","59801-8341","MT","US","+14065437532","officemanager@cornerstonedentalmissoula.com","http://www.cornerstonedentalmissoula.com/contact-us","https://www.facebook.com/247064088797689","","0.9902192950248718","open","7","meta | Overture | Overture-signals","CDLA-Permissive-2.0","2026-04-27T00:00:00.000Z | 2026-06-11T11:57:15Z | 2026-05-12T00:29:08Z | 2026-05-18T13:23:54Z | 2026-05-25T13:08:59Z | 2026-06-01T13:20:32Z | 2026-06-08T13:20:12Z"
"MT","Montana","a40c1410-d0cb-4599-b7bc-7db766ca4da9","Belgrade Dental Associates","-111.18260857","45.77886562","dentist","general_dentistry","412 W Main St","Belgrade","59714-3828","MT","US","+14063888006","info@belgradedental.com","http://belgradedental.com/","https://www.facebook.com/260817524053793","Belgrade Dental","0.9199122190475464","open","8","meta | Overture | Overture-signals","CDLA-Permissive-2.0","2026-04-27T00:00:00.000Z | 2026-06-11T11:57:15Z | 2026-05-12T00:29:08Z | 2026-05-18T13:23:54Z | 2026-05-25T13:08:59Z | 2026-06-01T13:20:32Z | 2026-06-08T13:20:12Z"
"MT","Montana","a5916f53-d2c9-4871-b55f-2d41ae81de83","Gallatin Valley Maxillofacial & Aesthetic Surgery (Dr. Brian Chisdak)","-111.05417151495","45.658718515956","dentist","","1994 Stadium Dr","Bozeman","59715","MT","US","(406) 587-0767","","https://brianchisdakmd.com","","","0.77","","5","Foursquare | Overture","Apache-2.0 | CDLA-Permissive-2.0","2024-10-09T00:00:00.000 | 2026-06-11T11:57:15Z"
"MT","Montana","a5f4eb0d-bfdd-41b4-9f65-2e86220c99b5","Sean F. Melton DDS FAGD","-111.993627","46.582168","dentist","","301 Saddle Drive","Helena","59601","MT","US","+14063898388","","http://meltondental.com/","","","0.9199122190475464","open","5","DAC | Overture | Overture-signals","CDLA-Permissive-2.0","2026-06-10T16:03:35.911Z | 2026-06-11T11:57:15Z | 2026-05-12T00:29:08Z | 2026-05-18T13:23:54Z | 2026-05-25T13:08:59Z | 2026-06-01T13:20:32Z | 2026-06-08T13:20:12Z"
"MT","Montana","a660af08-7682-443e-9a58-085a80979467","Kurt Lindeman Dds","-114.332630845021","48.2254501790011","dentist","","80 Four Mile Dr","Kalispell","59901","MT","US","(406) 247-0774","rasmusknudsen719@yahoo.com","http://www.kalispelldentists.com","","","0.9199122190475464","open","4","Foursquare | Overture | Overture-signals","Apache-2.0 | CDLA-Permissive-2.0","2025-08-22T00:00:00.000 | 2026-06-11T11:57:15Z | 2026-05-12T00:29:08Z | 2026-05-18T13:23:54Z | 2026-05-25T13:08:59Z | 2026-06-01T13:20:32Z | 2026-06-08T13:20:12Z"
"MT","Montana","a723c549-e872-43db-90a4-f41ec1b58cb3","Brewer Dental Center","-108.588875230654","45.769372832992","dentist","","2900 Central Ave Bldg 1","Billings","59102","MT","US","(406) 656-6100","info@brewerdentalcenter.com","https://brewerdentalcenter.com","https://www.twitter.com/brewerdental","","0.77","","5","Foursquare | Overture","Apache-2.0 | CDLA-Permissive-2.0","2025-08-22T00:00:00.000 | 2026-06-11T11:57:15Z"
"MT","Montana","a72ee389-95ae-4f8a-81f9-c2ca6e7628c9","Sawyer Ferguson, DDS, DMD","-108.56885","45.75434582","dentist","general_dentistry","2212 Grant Rd","Billings","59102-7442","MT","US","+14066137073","","","https://www.facebook.com/113926931624079","","0.5688068270683289","","2","meta | Overture","CDLA-Permissive-2.0","2026-04-27T00:00:00.000Z | 2026-06-11T11:57:15Z"
"MT","Montana","a7eabf43-b84a-4a84-8c64-ec334b93cc72","Bagnell Family Dentistry","-114.097507137079","47.5262043558752","dentist","","63355 US Highway 93","Ronan","59864","MT","US","(406) 676-8880","","http://www.westernmontanafamilydentistry.com","","","0.9199122190475464","open","4","Foursquare | Overture | Overture-signals","Apache-2.0 | CDLA-Permissive-2.0","2025-08-22T00:00:00.000 | 2026-06-11T11:57:15Z | 2026-05-12T00:29:08Z | 2026-05-18T13:23:54Z | 2026-05-25T13:08:59Z | 2026-06-01T13:20:32Z | 2026-06-08T13:20:12Z"
"MT","Montana","a8443514-bc92-4f7e-a493-af39de046c71","Hi-Line Denture","-109.67902647","48.55253893","dentist","general_dentistry | health_and_medical","220 3rd Ave","Havre","59501-3554","MT","US","+14062627722","havredenturemt@gmail.com","http://havredenture.com/","https://www.facebook.com/700438686478077","","0.9199122190475464","open","4","meta | Overture | Overture-signals","CDLA-Permissive-2.0","2026-04-27T00:00:00.000Z | 2026-06-11T11:57:15Z | 2026-05-12T00:29:08Z | 2026-05-18T13:23:54Z | 2026-05-25T13:08:59Z | 2026-06-01T13:20:32Z | 2026-06-08T13:20:12Z"
"MT","Montana","a9cce6f5-57a4-4f32-b9e2-6f46782e9124","McFarland Family Dentistry","-105.850620979375","46.4058351064734","dentist","","520 Main St","Miles City","59301","MT","US","(406) 874-9637","office@milescitydentist.com","http://milescitydentist.com","","","0.9199122190475464","open","4","Foursquare | Overture | Overture-signals","Apache-2.0 | CDLA-Permissive-2.0","2025-08-22T00:00:00.000 | 2026-06-11T11:57:15Z | 2026-05-12T00:29:08Z | 2026-05-18T13:23:54Z | 2026-05-25T13:08:59Z | 2026-06-01T13:20:32Z | 2026-06-08T13:20:12Z"
"MT","Montana","aa0cb88e-8f04-4f0c-ab5b-084542c4393d","Orthodntst Malloy Robert Jr W","-110.571839","45.651363","dentist","health_and_medical","1313 W Park St","LIVINGSTON","59047","MT","US","4065871811","","","","","0.9199122190475464","open","6","Microsoft | Overture | Overture-signals","CDLA-Permissive-2.0","2025-07-25T00:46:39.903Z | 2026-06-11T11:57:15Z | 2026-05-12T00:29:08Z | 2026-05-18T13:23:54Z | 2026-05-25T13:08:59Z | 2026-06-01T13:20:32Z | 2026-06-08T13:20:12Z"
"MT","Montana","aa77e6e2-4300-4cd6-946a-9b5efb2c12f7","Bartoletti Dental","-112.19532369","45.4565227","dentist","general_dentistry","115 Mill St","Sheridan","59749-9630","MT","US","+14068425400","bartdentalteam@gmail.com","http://bartolettidental.com/","https://www.facebook.com/452305718594498","","0.9199122190475464","open","7","meta | Overture | Overture-signals","CDLA-Permissive-2.0","2026-04-27T00:00:00.000Z | 2026-06-11T11:57:15Z | 2026-05-12T00:29:08Z | 2026-05-18T13:23:54Z | 2026-05-25T13:08:59Z | 2026-06-01T13:20:32Z | 2026-06-08T13:20:12Z"
"MT","Montana","aa8233cf-be30-43f4-8ebb-fdde3186e7c6","Denning Dental","-112.02366172","46.62201176","dentist","cosmetic_dentist | general_dentistry","1010 Partridge Pl","Helena","59602-0516","MT","US","+14064498900","office@denningdental.com","http://www.denningdental.com/","https://www.facebook.com/104176967814700","","0.9199122190475464","open","9","meta | Overture | Overture-signals","CDLA-Permissive-2.0","2026-04-27T00:00:00.000Z | 2026-06-11T11:57:15Z | 2026-05-12T00:29:08Z | 2026-05-18T13:23:54Z | 2026-05-25T13:08:59Z | 2026-06-01T13:20:32Z | 2026-06-08T13:20:12Z"
"MT","Montana","ac1ae7f5-bc92-48d6-9471-9aa306d365ad","Ivers Sheldon G Dentist","-111.26385951","47.49858046","dentist","general_dentistry | health_and_medical","2501 6th Ave S","Great Falls","59405-3013","MT","US","+14067272444","","http://www.sheliversdds.com","https://www.facebook.com/164236570269098","","0.9199122190475464","open","8","meta | Overture | Overture-signals","CDLA-Permissive-2.0","2026-04-27T00:00:00.000Z | 2026-06-11T11:57:15Z | 2026-05-12T00:29:08Z | 2026-05-18T13:23:54Z | 2026-05-25T13:08:59Z | 2026-06-01T13:20:32Z | 2026-06-08T13:20:12Z"
"MT","Montana","ad678782-3b54-4781-851d-49c18d9f8a07","Deer Creek Dental","-109.42810412","47.06387851","dentist","general_dentistry","505 W Main St","Lewistown","59457-5700","MT","US","+14065356317","deercreekdental@gmail.com","https://www.lewistowndentist.com/","https://www.facebook.com/412360022160021","","0.9199122190475464","open","8","meta | Overture | Overture-signals","CDLA-Permissive-2.0","2026-04-27T00:00:00.000Z | 2026-06-11T11:57:15Z | 2026-05-12T00:29:08Z | 2026-05-18T13:23:54Z | 2026-05-25T13:08:59Z | 2026-06-01T13:20:32Z | 2026-06-08T13:20:12Z"
"MT","Montana","add3abf2-d46a-467b-904e-c51aa80e8666","Yates Family Dental","-108.54023432","45.77773515","dentist","pediatric_dentist | cosmetic_dentist","933 Broadwater Sq","Billings","59101-1634","MT","US","+14062521202","","http://www.yatesfamilydental.com/","https://www.facebook.com/259701971186645","","0.5625221133232117","","2","meta | Overture","CDLA-Permissive-2.0","2026-04-27T00:00:00.000Z | 2026-06-11T11:57:15Z"
"MT","Montana","af3c3adf-5b71-4add-a73c-6c09ca866112","Moos Family Dental","-111.060639155982","45.6789150091388","dentist","","1716 W Main St","Bozeman","59715","MT","US","(406) 586-4961","moosfamilydental@gmail.com","http://www.moosfamilydental.com","","","0.9199122190475464","open","4","Foursquare | Overture | Overture-signals","Apache-2.0 | CDLA-Permissive-2.0","2025-08-22T00:00:00.000 | 2026-06-11T11:57:15Z | 2026-05-12T00:29:08Z | 2026-05-18T13:23:54Z | 2026-05-25T13:08:59Z | 2026-06-01T13:20:32Z | 2026-06-08T13:20:12Z"
"MT","Montana","b002ee62-39c3-4cd4-9221-8a36a52e21ff","Hardin Family Dental","-107.60445061","45.73765491","dentist","general_dentistry | cosmetic_dentist","837 N Center Ave","Hardin","59034-1315","MT","US","+14066653300","scheduling@hardinfamilydental.com","https://www.hardinfamilydental.com/","https://www.facebook.com/330236013791397","1st Family Dental","0.9989632105827332","open","9","meta | Overture | Overture-signals","CDLA-Permissive-2.0","2026-04-27T00:00:00.000Z | 2026-06-11T11:57:15Z | 2026-06-08T13:20:12Z"
"MT","Montana","b4101a7d-f5ac-48af-9e6e-35ee6884a29f","Rubicare Savings Plan","-108.5839759","45.77209","dentist","","2639 Saint Johns Ave","Billings","59102","MT","US","(844) 418-9257","","https://rubicare.com","","","0.77","","1","Foursquare | Overture","Apache-2.0 | CDLA-Permissive-2.0","2026-04-10T00:00:00.000 | 2026-06-11T11:57:15Z"
"MT","Montana","b4618c54-dbcc-449c-b25c-58a08f0bbe7c","Thomas Joseph P DDS","-108.550186185837","45.7855783264176","dentist","","1501 14th St W Ste 215","Billings","59102","MT","US","(406) 256-5165","bigskysmiles@bresnan.net","http://bigskysmiles.net","https://www.facebook.com/226392234415756","","0.9199122190475464","open","4","Foursquare | Overture | Overture-signals","Apache-2.0 | CDLA-Permissive-2.0","2020-09-21T00:00:00.000 | 2026-06-11T11:57:15Z | 2026-05-12T00:29:08Z | 2026-05-18T13:23:54Z | 2026-05-25T13:08:59Z | 2026-06-01T13:20:32Z | 2026-06-08T13:20:12Z"
"MT","Montana","b585c734-7ea0-4cd0-8554-c45d6627aa67","Justin Poulson","-111.30580444","47.5012753","dentist","general_dentistry | cosmetic_dentist","300 Park Dr S","Great Falls","59405-1819","MT","US","+14067613800","frontstaff@drjustinpoulson.com","http://drjustinpoulson.com/","https://www.facebook.com/251661525533668","","0.9199122190475464","open","8","meta | Overture | Overture-signals","CDLA-Permissive-2.0","2026-04-27T00:00:00.000Z | 2026-06-11T11:57:15Z | 2026-05-12T00:29:08Z | 2026-05-18T13:23:54Z | 2026-05-25T13:08:59Z | 2026-06-01T13:20:32Z | 2026-06-08T13:20:12Z"
"MT","Montana","b6963380-d678-48d6-bea3-3ce5ee071889","Felton Dental Care","-114.00932092","46.8544337","dentist","cosmetic_dentist | periodontist","1750 Brooks St","Missoula","59801-5796","MT","US","+14067280896","frontdesk@feltondentalcare.com","https://www.themissouladentist.com","https://www.facebook.com/243589592538","Felton Dental Care - Dr. Brett R. Felton, DMD","0.9199122190475464","open","8","meta | Overture | Overture-signals","CDLA-Permissive-2.0","2026-04-27T00:00:00.000Z | 2026-06-11T11:57:15Z | 2026-05-12T00:29:08Z | 2026-05-18T13:23:54Z | 2026-05-25T13:08:59Z | 2026-06-01T13:20:32Z | 2026-06-08T13:20:12Z"
"MT","Montana","b7f25ad6-bae9-4a45-b6df-4ad362429ca3","Missoula Dental","-114.00881439","46.83766081","dentist","general_dentistry","690 SW Higgins Ave","Missoula","59803-1433","MT","US","+14065433159","missouladental@gmail.com","http://www.missouladental.com/","https://www.facebook.com/117323568133116","","0.9778851866722107","","8","meta | Overture","CDLA-Permissive-2.0","2026-04-27T00:00:00.000Z | 2026-06-11T11:57:15Z"
"MT","Montana","b8607739-45f0-4e89-94f2-cd2bfee64e58","Joshua Whiteley DDS PLLC","-108.55827756","45.79836686","dentist","general_dentistry","1690 Rimrock Rd","Billings","59102-0700","MT","US","+14062599595","","","https://www.facebook.com/108667638427677","","0.9199122190475464","open","7","meta | Overture | Overture-signals","CDLA-Permissive-2.0","2026-04-27T00:00:00.000Z | 2026-06-11T11:57:15Z | 2026-05-12T00:29:08Z | 2026-05-18T13:23:54Z | 2026-05-25T13:08:59Z | 2026-06-01T13:20:32Z | 2026-06-08T13:20:12Z"
"MT","Montana","b871f513-c573-4f91-bf70-95581468e8e9","North West Denture Center","-113.99755763","46.85206695","dentist","medical_service_organizations | health_and_medical","2021 S Higgins Ave","Missoula","59801-6762","MT","US","+14065420609","nwdenturecenter@yahoo.com","http://NWDentureCenter.com/","https://www.facebook.com/161353150560099","","0.9199122190475464","open","7","meta | Overture | Overture-signals","CDLA-Permissive-2.0","2026-04-27T00:00:00.000Z | 2026-06-11T11:57:15Z | 2026-05-12T00:29:08Z | 2026-05-18T13:23:54Z | 2026-05-25T13:08:59Z | 2026-06-01T13:20:32Z | 2026-06-08T13:20:12Z"
"MT","Montana","b9617a22-bb6c-436f-95a0-2466285592b9","Stannebein, Craig DMD","-108.571554435038","45.7766917767806","dentist","","2132 Broadwater Ave Ste C","Billings","59102","MT","US","(406) 652-8782","ivoryart@msn.com","http://www.stannebeindmd.com","","","0.9199122190475464","open","4","Foursquare | Overture | Overture-signals","Apache-2.0 | CDLA-Permissive-2.0","2025-08-22T00:00:00.000 | 2026-06-11T11:57:15Z | 2026-05-12T00:29:08Z | 2026-05-18T13:23:54Z | 2026-05-25T13:08:59Z | 2026-06-01T13:20:32Z | 2026-06-08T13:20:12Z"
"MT","Montana","b9cfcb40-97ae-48a6-8ee7-d50c976dcdc0","Richards Toby G DDS","-112.52139248","45.98327973","dentist","endodontist | professional_services","1240 Dewey Blvd","Butte","59701-3411","MT","US","+14064942525","tcrichards@bresnan.net","https://www.reimagineyourroof.com","https://www.facebook.com/110079857063299","","0.9199122190475464","open","7","meta | Overture | Overture-signals","CDLA-Permissive-2.0","2026-04-27T00:00:00.000Z | 2026-06-11T11:57:15Z | 2026-05-12T00:29:08Z | 2026-05-18T13:23:54Z | 2026-05-25T13:08:59Z | 2026-06-01T13:20:32Z | 2026-06-08T13:20:12Z"
"MT","Montana","ba795ea5-4189-48e4-a982-4bf272dde008","River Rock Dental Group","-111.21994391","45.77400666","dentist","general_dentistry | health_and_medical","127 Village Dr","Belgrade","59714-9617","MT","US","+14063880033","office@riverrockdentalgroup.com","http://riverrockdentalgroup.com/","https://www.facebook.com/377352142644183","","0.9997506724894046","","9","meta | Overture","CDLA-Permissive-2.0","2026-04-27T00:00:00.000Z | 2026-06-11T11:57:15Z"
"MT","Montana","bbbe8a97-3b56-4102-9099-1394cc4877f8","Mountain Peak Dental","-114.16097247","46.24562963","dentist","cosmetic_dentist | doctor","421 State St","Hamilton","59840-2760","MT","US","+14063634010","mountainpeakdental@gmail.com","https://www.mountainpeakdental.com/","https://www.facebook.com/1724341934462620","","0.9199122190475464","open","7","meta | Overture | Overture-signals","CDLA-Permissive-2.0","2026-04-27T00:00:00.000Z | 2026-06-11T11:57:15Z | 2026-05-12T00:29:08Z | 2026-05-18T13:23:54Z | 2026-05-25T13:08:59Z | 2026-06-01T13:20:32Z | 2026-06-08T13:20:12Z"
"MT","Montana","bcb12674-0182-415b-926c-13f6386839d5","The Montana Center for Laser Dentistry, PLLC","-114.330643915344","48.2180146787853","dentist","","1874 US Highway 93 N","Kalispell","59901","MT","US","(406) 730-1010","lisa@thelasergeeks.com","http://mtlaserdentistry.com","https://www.facebook.com/507533942651766","","0.77","","6","Foursquare | Overture","Apache-2.0 | CDLA-Permissive-2.0","2025-09-24T00:00:00.000 | 2026-06-11T11:57:15Z"
"MT","Montana","bd05234c-e8f0-4c7e-a218-0dbed96b24f0","NorthStar Dental","-114.33069468","48.20908996","dentist","general_dentistry | cosmetic_dentist","1050 N Meridian Rd","Kalispell","59901-3542","MT","US","+14067554127","contactus@northstardentalteam.com","http://www.northstardentalteam.com/","https://www.facebook.com/403484527056403","","0.9199122190475464","open","8","meta | Overture | Overture-signals","CDLA-Permissive-2.0","2026-04-27T00:00:00.000Z | 2026-06-11T11:57:15Z | 2026-05-12T00:29:08Z | 2026-05-18T13:23:54Z | 2026-05-25T13:08:59Z | 2026-06-01T13:20:32Z | 2026-06-08T13:20:12Z"
"MT","Montana","bd14e14d-3c5c-4bad-9066-1c57b53f04f3","Winterholler Dentistry & Implant Surgery","-108.61841823","45.75726997","dentist","oral_surgeon | general_dentistry","683 Henry Chapple St","Billings","59106-1839","MT","US","+14066520505","whdbillings@gmail.com","http://www.winterhollerdentistry.com/","https://www.facebook.com/153900747992440","Winterholler Dentistry & Implant Surgery","0.9199122190475464","open","5","meta | Overture | Overture-signals","CDLA-Permissive-2.0","2026-04-27T00:00:00.000Z | 2026-06-11T11:57:15Z | 2026-05-12T00:29:08Z | 2026-05-18T13:23:54Z | 2026-05-25T13:08:59Z | 2026-06-01T13:20:32Z | 2026-06-08T13:20:12Z"
"MT","Montana","bd72b4b1-b819-4179-ba49-ee32e1ddf5ec","Lamplighter Dental","-108.584182925209","45.7705725280477","dentist","real_estate | family_practice","2675 Central Ave","Billings","59102-6661","MT","US","+14062942900","lldental1@optimum.net","http://www.lamplighterdental.com","https://www.facebook.com/141382605916371","","0.9199122190475464","open","8","meta | Overture | Overture-signals","CDLA-Permissive-2.0","2026-04-27T00:00:00.000Z | 2026-06-11T11:57:15Z | 2026-05-12T00:29:08Z | 2026-05-18T13:23:54Z | 2026-05-25T13:08:59Z | 2026-06-01T13:20:32Z | 2026-06-08T13:20:12Z"
"MT","Montana","bebb0c5d-7b8d-4484-a9b2-e3c922044db4","Rimrock Dental Clinic","-104.7156672","47.10542599","dentist","general_dentistry | health_and_medical","218 W Bell St","Glendive","59330-1644","MT","US","+14063772303","rimrockdentalclinic@gmail.com","https://rimrockdentalclinic.com/","https://www.facebook.com/1594666317460770","","0.9199122190475464","open","7","meta | Overture | Overture-signals","CDLA-Permissive-2.0","2026-04-27T00:00:00.000Z | 2026-06-11T11:57:15Z | 2026-05-12T00:29:08Z | 2026-05-18T13:23:54Z | 2026-05-25T13:08:59Z | 2026-06-01T13:20:32Z | 2026-06-08T13:20:12Z"
"MT","Montana","bf9e9da7-0907-464d-9e91-d1523acfe7de","Elkin Family Dentistry PC","-111.26435245","47.48594324","dentist","general_dentistry | health_and_medical","2500 Bobcat Way","Great Falls","59405-5169","MT","US","+14064523003","efd2500bobcat@gmail.com","http://www.elkinfamilydentistry.com/","https://www.facebook.com/1197061763646996","","0.9199122190475464","open","8","meta | Overture | Overture-signals","CDLA-Permissive-2.0","2026-04-27T00:00:00.000Z | 2026-06-11T11:57:15Z | 2026-05-12T00:29:08Z | 2026-05-18T13:23:54Z | 2026-05-25T13:08:59Z | 2026-06-01T13:20:32Z | 2026-06-08T13:20:12Z"
"MT","Montana","c016e059-9eee-4f6a-a996-725d9bbc6da4","Hogan Family Dental","-105.83736214","46.41084139","dentist","general_dentistry | cosmetic_dentist","1820 Valley Dr E","Miles City","59301-2701","MT","US","+14062342926","hoganfamilydental@gmail.com","http://hoganfamilydental.com/","https://www.facebook.com/170975942948652","Hogan Family Dental","0.9199122190475464","open","9","meta | Overture | Overture-signals","CDLA-Permissive-2.0","2026-04-27T00:00:00.000Z | 2026-06-11T11:57:15Z | 2026-05-12T00:29:08Z | 2026-05-18T13:23:54Z | 2026-05-25T13:08:59Z | 2026-06-01T13:20:32Z | 2026-06-08T13:20:12Z"
"MT","Montana","c16acc8a-0262-40b7-a7fd-01b1a7efe4a3","Assist To Succeed Bozeman, Dental Assisting School","-111.093077714083","45.6732801664972","dentist","","682 S Ferguson Ave Ste 3","Bozeman","59718","MT","US","(406) 599-9717","atsofbozeman@gmail.com","http://www.assisttosucceed.com","","","0.9199122190475464","open","4","Foursquare | Overture | Overture-signals","Apache-2.0 | CDLA-Permissive-2.0","2025-08-22T00:00:00.000 | 2026-06-11T11:57:15Z | 2026-05-12T00:29:08Z | 2026-05-18T13:23:54Z | 2026-05-25T13:08:59Z | 2026-06-01T13:20:32Z | 2026-06-08T13:20:12Z"
"MT","Montana","c38c70c9-d0f0-45a6-9a35-7c01c1ce0e59","Three Rivers Dental","-114.18131896","48.37780786","dentist","general_dentistry | health_and_medical","160 N Nucleus Ave","Columbia Falls","59912","MT","US","+14068922085","evonheaser@gmail.com","http://threeriversdentalmt.com/","https://www.facebook.com/369718109777874","","0.9199122190475464","open","7","meta | Overture | Overture-signals","CDLA-Permissive-2.0","2026-04-27T00:00:00.000Z | 2026-06-11T11:57:15Z | 2026-05-12T00:29:08Z | 2026-05-18T13:23:54Z | 2026-05-25T13:08:59Z | 2026-06-01T13:20:32Z | 2026-06-08T13:20:12Z"
"MT","Montana","c3f6ef67-b150-48f2-ba50-bca7d654893d","Harboway Family Dentistry PC","-111.25843408","47.49219473","dentist","health_and_medical | medical_service_organizations","2800 11th Ave S","Great Falls","59405-5263","MT","US","+14064534346","","","https://www.facebook.com/166653340014016","","0.9200099110603333","","7","meta | Overture","CDLA-Permissive-2.0","2026-04-27T00:00:00.000Z | 2026-06-11T11:57:15Z"
"MT","Montana","c48b9976-b9b0-4ccd-bb57-28d70bf51c6f","Cassandra Murphy, DMD","-111.035971","45.680275","dentist","health_and_medical","40 E Mendenhall St","Bozeman","59715","MT","US","4062194557","","https://bozemangentledentistry.com/","","","0.9199122190475464","open","6","Microsoft | Overture | Overture-signals","CDLA-Permissive-2.0","2025-08-29T17:57:24.230Z | 2026-06-11T11:57:15Z | 2026-05-12T00:29:08Z | 2026-05-18T13:23:54Z | 2026-05-25T13:08:59Z | 2026-06-01T13:20:32Z | 2026-06-08T13:20:12Z"
"MT","Montana","c4e00c07-265e-4c69-b736-6b4760a79eba","Jewel Basin Dentistry","-114.07942754","48.06808105","dentist","general_dentistry","33 Doc Kimball Way","Bigfork","59911-6491","MT","US","+14066142020","frontdesk@jewelbdentistry.com","http://www.jewelbdentistry.com/","https://www.facebook.com/102451218650782","","0.9199122190475464","open","8","meta | Overture | Overture-signals","CDLA-Permissive-2.0","2026-04-27T00:00:00.000Z | 2026-06-11T11:57:15Z | 2026-05-12T00:29:08Z | 2026-05-18T13:23:54Z | 2026-05-25T13:08:59Z | 2026-06-01T13:20:32Z | 2026-06-08T13:20:12Z"
"MT","Montana","c51257b5-3429-47aa-9b0e-9e591e2ff0e8","Robert W Malloy Jr Dmd","-110.571839","45.651363","dentist","health_and_medical","1313 W Park St","LIVINGSTON","59047","MT","US","4065871811","","","","","0.9199122190475464","open","6","Microsoft | Overture | Overture-signals","CDLA-Permissive-2.0","2025-07-25T00:46:39.320Z | 2026-06-11T11:57:15Z | 2026-05-12T00:29:08Z | 2026-05-18T13:23:54Z | 2026-05-25T13:08:59Z | 2026-06-01T13:20:32Z | 2026-06-08T13:20:12Z"
"MT","Montana","c516d869-a8eb-406f-8613-0cdfd35acc5e","Canyon Creek Dental","-108.558153448103","45.7981708962148","dentist","","1690 Rimrock Rd","Billings","59102","MT","US","(406) 946-5577","","https://www.canyoncreekdentist.com","https://www.facebook.com/2225085617716461","","0.77","","5","Foursquare | Overture","Apache-2.0 | CDLA-Permissive-2.0","2025-09-03T00:00:00.000 | 2026-06-11T11:57:15Z"
"MT","Montana","c54ff7fa-eeb2-46a2-9d89-c128e1cdc6a6","Big Sky Smiles and Sedation","-114.01382188","46.83468632","dentist","cosmetic_dentist","1001 SW Higgins Ave","Missoula","59803-1340","MT","US","+14065496222","info@bigskysmilesandsedation.com","https://www.bigskysmilesandsedation.com/contact-us/","https://www.facebook.com/117856317941854","","0.9902192950248718","open","9","meta | Overture | Overture-signals","CDLA-Permissive-2.0","2026-04-27T00:00:00.000Z | 2026-06-11T11:57:15Z | 2026-05-12T00:29:08Z | 2026-05-18T13:23:54Z | 2026-05-25T13:08:59Z | 2026-06-01T13:20:32Z | 2026-06-08T13:20:12Z"
"MT","Montana","c62e89fa-0f6c-4932-8156-4276a763b3ff","Martin, Matthew B DDS - Missouri Bay Dental","-111.308018477129","47.4969608328247","dentist","","720 River Dr S Ste 200","Great Falls","59405","MT","US","(406) 452-2138","tracithiemann@gmail.com","http://missouribaydental.com","https://www.facebook.com/490840927707651","","0.77","","5","Foursquare | Overture","Apache-2.0 | CDLA-Permissive-2.0","2025-06-07T00:00:00.000 | 2026-06-11T11:57:15Z"
"MT","Montana","c6544055-c133-48a4-ba13-50c708254a37","Nielsen Dental PC","-111.99261845","46.5856248","dentist","health_and_medical | doctor","2619 Colonial Dr","Helena","59601-4965","MT","US","+14064427831","nielsendental@gmail.com","http://www.chippewavalleyexteriors.com","https://www.facebook.com/1757094721223707","","0.9199122190475464","open","6","meta | Overture | Overture-signals","CDLA-Permissive-2.0","2026-04-27T00:00:00.000Z | 2026-06-11T11:57:15Z | 2026-05-12T00:29:08Z | 2026-05-18T13:23:54Z | 2026-05-25T13:08:59Z | 2026-06-01T13:20:32Z | 2026-06-08T13:20:12Z"
"MT","Montana","c73aa858-ee78-4ecf-a593-2e7485ed10f5","Chamberlain Dental","-111.994547208922","46.5808853858992","dentist","","64 Medical Park Dr","Helena","59601","MT","US","(406) 443-3747","","https://www.helenaparkviewdental.com","","","0.9199122190475464","open","4","Foursquare | Overture | Overture-signals","Apache-2.0 | CDLA-Permissive-2.0","2025-08-19T00:00:00.000 | 2026-06-11T11:57:15Z | 2026-05-12T00:29:08Z | 2026-05-18T13:23:54Z | 2026-05-25T13:08:59Z | 2026-06-01T13:20:32Z | 2026-06-08T13:20:12Z"
"MT","Montana","c844e436-6eaa-49bb-a10e-3106cb4f17a3","Mountain Ridge Dental","-111.05304923","45.66039718","dentist","general_dentistry","1125 W Kagy Blvd","Bozeman","59715-5879","MT","US","+14064048189","mountainridgedentalmt@gmail.com","http://www.mountainridgedentalmt.com/","https://www.facebook.com/345732668624416","","0.9199122190475464","open","9","meta | Overture | Overture-signals","CDLA-Permissive-2.0","2026-04-27T00:00:00.000Z | 2026-06-11T11:57:15Z | 2026-05-12T00:29:08Z | 2026-05-18T13:23:54Z | 2026-05-25T13:08:59Z | 2026-06-01T13:20:32Z | 2026-06-08T13:20:12Z"
"MT","Montana","c8f93485-cf19-488a-9380-284126d78192","Big Sky Denture Group","-114.039042157952","46.8611611318919","dentist","","2439 S 9th St W","Missoula","59801","MT","US","(406) 829-8900","","http://www.bigskydenturegroup.com","","","0.9199122190475464","open","4","Foursquare | Overture | Overture-signals","Apache-2.0 | CDLA-Permissive-2.0","2025-10-18T00:00:00.000 | 2026-06-11T11:57:15Z | 2026-05-12T00:29:08Z | 2026-05-18T13:23:54Z | 2026-05-25T13:08:59Z | 2026-06-01T13:20:32Z | 2026-06-08T13:20:12Z"
"MT","Montana","c9aa2bb5-e84a-4ee7-8f26-b2b8daf842e1","Smith J Steven DDS","-111.06231314","45.66362401","dentist","health_and_medical | cosmetic_dentist","1820 W Lincoln St","Bozeman","59715-5411","MT","US","+14065865094","frontdesk@alpinedds.com","http://alpinedds.com/","https://www.facebook.com/863023857129874","","0.9673854112625122","open","7","meta | Overture | Overture-signals","CDLA-Permissive-2.0","2026-04-27T00:00:00.000Z | 2026-06-11T11:57:15Z | 2026-05-12T00:29:08Z"
"MT","Montana","ca14159c-b80c-43d2-8872-5a38ddd374a3","Jordan Dental","-111.3051489","47.5012387","dentist","health_and_medical","300 Park Dr S Ste 203","Great Falls","59405","MT","US","4064536459","","http://www.jordandentalmontana.com/","","","0.9199122190475464","open","7","Microsoft | Overture | Overture-signals","CDLA-Permissive-2.0","2025-10-01T23:29:37.283Z | 2026-06-11T11:57:15Z | 2026-05-12T00:29:08Z | 2026-05-18T13:23:54Z | 2026-05-25T13:08:59Z | 2026-06-01T13:20:32Z | 2026-06-08T13:20:12Z"
"MT","Montana","cb03fbb3-5de0-490c-b6ab-e01877c74761","Montana Dental Designs - Dr. Tim Mathews","-114.3288759","48.2210821","dentist","health_and_medical","195 Commons Loop","Kalispell","59901","MT","US","4067555280","","https://montanadentaldesigns.com/","","","0.9199122190475464","open","9","Microsoft | Overture | Overture-signals","CDLA-Permissive-2.0","2025-09-15T09:26:54.550Z | 2026-06-11T11:57:15Z | 2026-05-12T00:29:08Z | 2026-05-18T13:23:54Z | 2026-05-25T13:08:59Z | 2026-06-01T13:20:32Z | 2026-06-08T13:20:12Z"
"MT","Montana","cc0a5b6f-ddbb-4040-a2be-b51efeaa3cfa","藤本歯科長洲医院","-113.98244","46.86797","dentist","","中央区長洲2-20-17","Missoula","260-0854","MT","US","+81432252030","info@fujimotodc.co","http://fujimotodc.co/","https://www.facebook.com/134113813426290","","0.8746914863586426","","7","meta | Overture","CDLA-Permissive-2.0","2026-04-27T00:00:00.000Z | 2026-06-11T11:57:15Z"
"MT","Montana","ce84d9b2-6df9-4029-bcd2-f614428eceaa","Tulip Dental","-112.019041","46.598385","dentist","","1221 Helena Avenue","Helena","59601","MT","US","+14064433399","","http://tulip.dental/","","","0.9199122190475464","open","8","DAC | Overture | Overture-signals","CDLA-Permissive-2.0","2026-06-10T16:03:35.911Z | 2026-06-11T11:57:15Z | 2026-05-12T00:29:08Z | 2026-05-18T13:23:54Z | 2026-05-25T13:08:59Z | 2026-06-01T13:20:32Z | 2026-06-08T13:20:12Z"
"MT","Montana","cf9de656-4dd4-4edb-8ce5-24ba9417b325","Twin Cranes Dental Group","-113.9977745735","46.8587341069123","dentist","","1227 S Higgins Ave","Missoula","59801","MT","US","(406) 728-9442","contact@twincranesdental.com","http://twincranesdental.com","https://www.facebook.com/116514331743031","","0.9199122190475464","open","4","Foursquare | Overture | Overture-signals","Apache-2.0 | CDLA-Permissive-2.0","2025-08-22T00:00:00.000 | 2026-06-11T11:57:15Z | 2026-05-12T00:29:08Z | 2026-05-18T13:23:54Z | 2026-05-25T13:08:59Z | 2026-06-01T13:20:32Z | 2026-06-08T13:20:12Z"
"MT","Montana","d1658f04-de55-4518-88be-2423282c3bbc","Eli K. Johnson DDS","-114.169795","46.248173","dentist","doctor | health_and_medical","215 N 10th St","Hamilton","59840-2328","MT","US","+14063632421","","http://www.elijohnson.com/","https://www.facebook.com/1401919203363783","","0.8011975288391113","","8","meta | Overture","CDLA-Permissive-2.0","2026-04-27T00:00:00.000Z | 2026-06-11T11:57:15Z"
"MT","Montana","d193b939-8c73-4fcd-a619-2b49294e684b","Roth Family Dentistry","-114.00954516","46.83652501","dentist","health_and_medical | medical_service_organizations","725 SW Higgins Ave","Missoula","59803-1415","MT","US","+14067282745","kschroth@bresnan.net","http://kathyrothdds.com/","https://www.facebook.com/1602230803394598","","0.987839937210083","","9","meta | Overture","CDLA-Permissive-2.0","2026-04-27T00:00:00.000Z | 2026-06-11T11:57:15Z"
"MT","Montana","d1f05996-f4bb-4365-ad11-8e556d8c2ff1","Aye Family Dentistry","-105.8506639","46.40600673","dentist","general_dentistry | doctor","520 Main St","Miles City","59301-3019","MT","US","+14068749637","johnayedds@gmail.com","http://www.ayedentistry.com/","https://www.facebook.com/116920299705066","","0.9868755340576172","","9","meta | Overture","CDLA-Permissive-2.0","2026-04-27T00:00:00.000Z | 2026-06-11T11:57:15Z"
"MT","Montana","d23339f0-78b3-48a4-a4ee-aab6dc49b398","Capital City Dentistry","-112.03259804","46.59418125","dentist","general_dentistry","740 Helena Ave","Helena","59601-3627","MT","US","+14064427980","","https://www.capitalcitydmd.com","https://www.facebook.com/111088973765390","","0.9199122190475464","open","7","meta | Overture | Overture-signals","CDLA-Permissive-2.0","2026-04-27T00:00:00.000Z | 2026-06-11T11:57:15Z | 2026-05-12T00:29:08Z | 2026-05-18T13:23:54Z | 2026-05-25T13:08:59Z | 2026-06-01T13:20:32Z | 2026-06-08T13:20:12Z"
"MT","Montana","d3815589-94b6-41a0-a411-1ac0297796cd","Kalispell Denture Studio","-114.30208734","48.19290556","dentist","prosthodontist | general_dentistry","725 6th Ave E","Kalispell","59901-5005","MT","US","+14063144892","smiles@kalispelldenture.com","http://www.kalispelldenture.com/","https://www.facebook.com/938926299508353","","0.9199122190475464","open","8","meta | Overture | Overture-signals","CDLA-Permissive-2.0","2026-04-27T00:00:00.000Z | 2026-06-11T11:57:15Z | 2026-05-12T00:29:08Z | 2026-05-18T13:23:54Z | 2026-05-25T13:08:59Z | 2026-06-01T13:20:32Z | 2026-06-08T13:20:12Z"
"MT","Montana","d38faae5-165d-4c01-a18d-650548d48f80","Scott D. Erler, DDS","-114.00715625","46.83746146","dentist","general_dentistry | health_and_medical","619 SW Higgins Ave","Missoula","59803-1430","MT","US","+14067211067","front@scotterler.com","http://www.scotterler.com/","https://www.facebook.com/493501463993556","","0.9919569492340088","","8","meta | Overture","CDLA-Permissive-2.0","2026-04-27T00:00:00.000Z | 2026-06-11T11:57:15Z"
"MT","Montana","d4ed642a-04fa-4bc1-83ae-a1b13d74137c","DOM Dental Lab","-111.09375","40.97989806962","dentist","health_and_medical","24 Jefferson Ct","Bozeman","59715","MT","US","+14062241963","domlaboratory@gmail.com","http://www.domdentallab.com/","https://www.facebook.com/499635710775860","","0.7615587711334229","","7","meta | Overture","CDLA-Permissive-2.0","2026-04-27T00:00:00.000Z | 2026-06-11T11:57:15Z"
"MT","Montana","d57a42bd-b694-4c0d-ab9d-49bbe539acb7","Elevation Dental","-112.54777688","46.0067602","dentist","general_dentistry","800 W Platinum St","Butte","59701-2200","MT","US","+14067236070","elevationdental@406-elevated.com","http://406-elevated.com/","https://www.facebook.com/335542680665871","","0.9199122190475464","open","7","meta | Overture | Overture-signals","CDLA-Permissive-2.0","2026-04-27T00:00:00.000Z | 2026-06-11T11:57:15Z | 2026-05-12T00:29:08Z | 2026-05-18T13:23:54Z | 2026-05-25T13:08:59Z | 2026-06-01T13:20:32Z | 2026-06-08T13:20:12Z"
"MT","Montana","d658f8c7-f625-4dd1-8919-6303567429ad","Capron Family Dental","-114.15470755","46.24109242","dentist","general_dentistry | health_and_medical","620 S 1st St","Hamilton","59840-2813","MT","US","+14063759218","capronfamilydental@gmail.com","http://capronfamilydental.com/","https://www.facebook.com/1791372827767069","","0.9199122190475464","open","8","meta | Overture | Overture-signals","CDLA-Permissive-2.0","2026-04-27T00:00:00.000Z | 2026-06-11T11:57:15Z | 2026-05-12T00:29:08Z | 2026-05-18T13:23:54Z | 2026-05-25T13:08:59Z | 2026-06-01T13:20:32Z | 2026-06-08T13:20:12Z"
"MT","Montana","d7dece47-618c-4170-8aa1-ed1b53c5cda1","Miller Family Dentistry","-112.0142747","46.5893694","dentist","","505 N Sanders St","Helena","59601","MT","US","4064421130","","https://kevinemillerdds.com/","","","0.9199122190475464","open","6","Microsoft | Overture | Overture-signals","CDLA-Permissive-2.0","2025-09-05T08:00:20.950Z | 2026-06-11T11:57:15Z | 2026-05-12T00:29:08Z | 2026-05-18T13:23:54Z | 2026-05-25T13:08:59Z | 2026-06-01T13:20:32Z | 2026-06-08T13:20:12Z"
"MT","Montana","dc134fe1-9b16-4469-89ba-8a4048432533","Kolstad Jim DDS","-109.42856128","47.06488886","dentist","general_dentistry","418 W Broadway St","Lewistown","59457-2625","MT","US","+14065385388","","","https://www.facebook.com/151820388192821","","0.7684974074363708","","8","meta | Overture","CDLA-Permissive-2.0","2026-04-27T00:00:00.000Z | 2026-06-11T11:57:15Z"
"MT","Montana","dc88c8e2-973c-41ff-bf41-24436595f1fc","Advanced Dentistry-David Bruce Johnson, DDS","-111.052608","45.660532","dentist","endodontist | health_and_medical","1125 W Kagy Blvd","Bozeman","59715-5879","MT","US","+14065872201","laura@advanceddentistrybozeman.com","http://www.advanceddentistrybozeman.com","https://www.facebook.com/111249708945654","Advanced Dentistry-David Bruce Johnson, DDS","0.5083221197128296","","9","meta | Overture","CDLA-Permissive-2.0","2026-04-27T00:00:00.000Z | 2026-06-11T11:57:15Z"
"MT","Montana","dd68c895-d42b-4aaa-b493-9ddc3fb03335","Bighorn Orthodontics","-108.58306371164","45.7720718403107","dentist","","2625 St John's Ave, Suite 1","Billings","59102","MT","US","(406) 640-5940","info@bighornortho.com","https://www.bighornortho.com","https://www.instagram.com/bighornortho","","0.77","","1","Foursquare | Overture","Apache-2.0 | CDLA-Permissive-2.0","2026-04-07T00:00:00.000 | 2026-06-11T11:57:15Z"
"MT","Montana","e101f773-3f05-4cf7-a7e7-2b2c9e90799e","Thomas Smile Designs","-108.550270015411","45.78555067915","dentist","","1501 14th St W","Billings","59102","MT","US","(406) 256-5165","info@bigskysmiles.com","https://www.bigskysmiles.net","https://www.facebook.com/408386975935850","","0.77","","6","Foursquare | Overture","Apache-2.0 | CDLA-Permissive-2.0","2025-10-17T00:00:00.000 | 2026-06-11T11:57:15Z"
"MT","Montana","e13e0088-c96b-4da6-ac95-a364aae10129","Bozeman Denture Center","-111.06409554","45.68616706","dentist","prosthodontist | medical_service_organizations","2149 Durston Rd","Bozeman","59718-2805","MT","US","+14065866569","","https://www.bozemandentureclinic.com/","https://www.facebook.com/102953193104080","","0.9199122190475464","open","9","meta | Overture | Overture-signals","CDLA-Permissive-2.0","2026-04-27T00:00:00.000Z | 2026-06-11T11:57:15Z | 2026-05-12T00:29:08Z | 2026-05-18T13:23:54Z | 2026-05-25T13:08:59Z | 2026-06-01T13:20:32Z | 2026-06-08T13:20:12Z"
"MT","Montana","e1e5da47-06ab-4924-90a0-3d768c7f2247","Buffington Dental","-114.18271742","48.37314895","dentist","general_dentistry | health_and_medical","604 1st Ave W","Columbia Falls","59912-3620","MT","US","+14068924296","buffingtondental@gmail.com","http://www.buffingtondental.com","https://www.facebook.com/590205101057303","","0.9199122190475464","open","10","meta | Overture | Overture-signals","CDLA-Permissive-2.0","2026-04-27T00:00:00.000Z | 2026-06-11T11:57:15Z | 2026-05-12T00:29:08Z | 2026-05-18T13:23:54Z | 2026-05-25T13:08:59Z | 2026-06-01T13:20:32Z | 2026-06-08T13:20:12Z"
"MT","Montana","e280d534-6340-4fec-94ba-132c67e2aa0f","Miltko Family Dentistry","-114.01997666","46.84901775","dentist","general_dentistry | medical_service_organizations","1550 South Ave W","Missoula","59801-7806","MT","US","+14067211550","","http://www.miltkoandmeng.com/","https://www.facebook.com/126715670715060","","0.9919780838489533","","8","meta | Overture","CDLA-Permissive-2.0","2026-04-27T00:00:00.000Z | 2026-06-11T11:57:15Z"
"MT","Montana","e2ff8fd5-7916-4e46-bd60-241e6e05c379","Dr Ballweber","-112.029130191982","46.5949823170463","dentist","","905 Helena Ave","Helena","59601","MT","US","(406) 449-5576","tcb43@hotmail.com","http://www.drtimballweber.com","https://www.facebook.com/180537815311122","","0.9199122190475464","open","4","Foursquare | Overture | Overture-signals","Apache-2.0 | CDLA-Permissive-2.0","2021-01-12T00:00:00.000 | 2026-06-11T11:57:15Z | 2026-05-12T00:29:08Z | 2026-05-18T13:23:54Z | 2026-05-25T13:08:59Z | 2026-06-01T13:20:32Z | 2026-06-08T13:20:12Z"
"MT","Montana","e3f34311-692a-4a8b-9c21-2694a3428d15","Doctors Todd & Amy Kinney at Insight Integrative Dentistry","-111.08580429","45.67204242","dentist","general_dentistry | naturopathic_holistic","3502 Laramie Dr","Bozeman","59718-2007","MT","US","+14065828500","info@insightdental.com","https://insightdental.com/","https://www.facebook.com/295285666004","Doctors Todd & Amy Kinney at Insight Integrative Dentistry","0.9506773948669434","","9","meta | Overture","CDLA-Permissive-2.0","2026-04-27T00:00:00.000Z | 2026-06-11T11:57:15Z"
"MT","Montana","e4aa98c0-cff9-4c6a-ba65-238901f5facb","YC Family Dental","-106.6702673","46.26934863","dentist","general_dentistry","1617 Main St","Forsyth","59327-7795","MT","US","+14063462131","","","https://www.facebook.com/116079673115987","","0.9199122190475464","open","8","meta | Overture | Overture-signals","CDLA-Permissive-2.0","2026-04-27T00:00:00.000Z | 2026-06-11T11:57:15Z | 2026-05-12T00:29:08Z | 2026-05-18T13:23:54Z | 2026-05-25T13:08:59Z | 2026-06-01T13:20:32Z | 2026-06-08T13:20:12Z"
"MT","Montana","e4d006c1-3cf0-4d3d-aabc-07da59d278a2","Steinmetz Todd DDS","-111.085555","45.671693","dentist","orthodontist | pediatric_dentist","3502 Laramie Dr","Bozeman","59718-2007","MT","US","+14065868112","","http://www.mydoctortodd.com","https://www.facebook.com/165657053445767","","0.9015738368034363","","2","meta | Overture","CDLA-Permissive-2.0","2026-04-27T00:00:00.000Z | 2026-06-11T11:57:15Z"
"MT","Montana","e5cd03c5-e110-49ab-884e-5c98af28c80c","John Patrick Moore","-111.856058","48.513716","dentist","","865 Oilfield Ave","Shelby","59474","MT","US","(406) 434-5146","","http://3rivers.net","https://www.facebook.com/105535559511795","","0.9199122190475464","open","4","Foursquare | Overture | Overture-signals","Apache-2.0 | CDLA-Permissive-2.0","2025-08-19T00:00:00.000 | 2026-06-11T11:57:15Z | 2026-05-12T00:29:08Z | 2026-05-18T13:23:54Z | 2026-05-25T13:08:59Z | 2026-06-01T13:20:32Z | 2026-06-08T13:20:12Z"
"MT","Montana","e7050298-b7ad-45de-adda-cfae132b45ab","Big Sky Dentures & Implants","-114.03908596","46.86132399","dentist","general_dentistry","2439 S 9th St W","Missoula","59801-3256","MT","US","+14068232666","info@bigskydenturegroup.com","http://www.bigskydenturegroup.com/","https://www.facebook.com/394927370365091","","0.8435442447662354","","3","meta | Overture","CDLA-Permissive-2.0","2026-04-27T00:00:00.000Z | 2026-06-11T11:57:15Z"
"MT","Montana","e85dc64d-0e32-4992-b6eb-4e5898282134","Northern Care Inc Orthotics & Prosthetics","-114.32626549022","48.2170719886163","dentist","","210 Windward Way","Kalispell","59901","MT","US","(406) 755-6322","dljack@northerncare.com","http://www.northerncare.com","https://www.facebook.com/111961285535296","","0.9199122190475464","open","4","Foursquare | Overture | Overture-signals","Apache-2.0 | CDLA-Permissive-2.0","2025-06-26T00:00:00.000 | 2026-06-11T11:57:15Z | 2026-05-12T00:29:08Z | 2026-05-18T13:23:54Z | 2026-05-25T13:08:59Z | 2026-06-01T13:20:32Z | 2026-06-08T13:20:12Z"
"MT","Montana","e96bf091-023b-43d6-b0af-aff3fa283420","Summit Dental Group Dr. Mark Vanzant DMD","-114.33678014","48.3077587","dentist","general_dentistry | health_and_medical","203 Business Center Loop","Kalispell","59901-6885","MT","US","+14067524545","summitdentalmt@gmail.com","http://www.summitdentalmt.com","https://www.facebook.com/180296259222432","","0.9199122190475464","open","9","meta | Overture | Overture-signals","CDLA-Permissive-2.0","2026-04-27T00:00:00.000Z | 2026-06-11T11:57:15Z | 2026-05-12T00:29:08Z | 2026-05-18T13:23:54Z | 2026-05-25T13:08:59Z | 2026-06-01T13:20:32Z | 2026-06-08T13:20:12Z"
"MT","Montana","e9877347-83cd-4c24-8b3a-8ff4ba81af3d","Dr. Eric Monson","-111.06391843","45.69142623","dentist","cosmetic_dentist | doctor","1195 Stoneridge Dr","Bozeman","59718-7048","MT","US","+14065864781","hyalitefamily@hotmail.com","https://www.hyalitefamilydentistry.com/","https://www.facebook.com/173504019992701","","0.9545522332191467","","2","meta | Overture","CDLA-Permissive-2.0","2026-04-27T00:00:00.000Z | 2026-06-11T11:57:15Z"
"MT","Montana","ea24a281-7b48-47f5-8d90-1f5c0d3e1e45","Laurel Family Dental","-108.77012565","45.67031871","dentist","general_dentistry","15 Montana Ave","Laurel","59044-3139","MT","US","+14066286716","scheduling@laurelfamilydental.com","https://www.laurelfamilydental.com/","https://www.facebook.com/259156237602104","","0.9199122190475464","open","11","meta | Overture | Overture-signals","CDLA-Permissive-2.0","2026-04-27T00:00:00.000Z | 2026-06-11T11:57:15Z | 2026-05-12T00:29:08Z | 2026-05-18T13:23:54Z | 2026-05-25T13:08:59Z | 2026-06-01T13:20:32Z | 2026-06-08T13:20:12Z"
"MT","Montana","ea6e39aa-e4aa-40bc-9e24-8b0629cda224","Livingston Dental Care","-110.55641273","45.65767666","dentist","endodontist | cosmetic_dentist","422 S Main St","Livingston","59047-3400","MT","US","+14062226061","ldc@qwestoffice.net","http://www.livingstondentalcare.com","https://www.facebook.com/135316183185565","Livingston Dental Care","0.9199122190475464","open","8","meta | Overture | Overture-signals","CDLA-Permissive-2.0","2026-04-27T00:00:00.000Z | 2026-06-11T11:57:15Z | 2026-05-12T00:29:08Z | 2026-05-18T13:23:54Z | 2026-05-25T13:08:59Z | 2026-06-01T13:20:32Z | 2026-06-08T13:20:12Z"
"MT","Montana","ea6ef93e-ac35-4f43-9655-d46b7595e185","Deer Creek Dental","-109.829865","46.436349","dentist","health_and_medical","201 Division St","Harlowton","59036-5110","MT","US","+14066324511","","","https://www.facebook.com/1627968854135100","","0.6439229249954224","","8","meta | Overture","CDLA-Permissive-2.0","2026-04-27T00:00:00.000Z | 2026-06-11T11:57:15Z"
"MT","Montana","ec0020a4-84f4-4676-b4dd-f2aeb48526be","John M Remien","-114.013523634408","46.8363846383508","dentist","","3817 Stephens Ave","Missoula","59801","MT","US","(406) 728-8910","","https://www.periopllc.com","","","0.77","","2","Foursquare | Overture","Apache-2.0 | CDLA-Permissive-2.0","2026-01-23T00:00:00.000 | 2026-06-11T11:57:15Z"
"MT","Montana","ec7adc70-02b4-48b9-9a50-252df7a2e073","Kathy S. Roth DDS Family Dentistry","-114.009360032103","46.8363519765522","dentist","","725 SW Higgins Ave","Missoula","59803","MT","US","(406) 728-2745","kschroth@bresnan.net","http://kathyrothdds.com","https://www.facebook.com/1602230803394598","","0.77","","5","Foursquare | Overture","Apache-2.0 | CDLA-Permissive-2.0","2025-10-03T00:00:00.000 | 2026-06-11T11:57:15Z"
"MT","Montana","ecb68b9c-a500-4363-b7fd-eaf6dd5695b4","Matt West DDS","-111.516254386973","46.3206564461498","dentist","","422 Broadway St","Townsend","59644","MT","US","(406) 266-3402","mykidsrock3@hotmail.com","http://www.matthew-west-dds.com","https://www.facebook.com/122209457837319","","0.9199122190475464","open","4","Foursquare | Overture | Overture-signals","Apache-2.0 | CDLA-Permissive-2.0","2025-08-22T00:00:00.000 | 2026-06-11T11:57:15Z | 2026-05-12T00:29:08Z | 2026-05-18T13:23:54Z | 2026-05-25T13:08:59Z | 2026-06-01T13:20:32Z | 2026-06-08T13:20:12Z"
"MT","Montana","eced52b4-47be-4e50-916b-34e3977bdf47","Dr. Levi Maltby DMD","-111.23860988","47.5015248","dentist","general_dentistry","3920 3rd Ave S","Great Falls","59405-3614","MT","US","+14064525361","","greatfallsteethwhitening.com","https://www.facebook.com/152500558134230","","0.9199122190475464","open","7","meta | Overture | Overture-signals","CDLA-Permissive-2.0","2026-04-27T00:00:00.000Z | 2026-06-11T11:57:15Z | 2026-05-12T00:29:08Z | 2026-05-18T13:23:54Z | 2026-05-25T13:08:59Z | 2026-06-01T13:20:32Z | 2026-06-08T13:20:12Z"
"MT","Montana","ed83f7d4-f9dc-4e9e-9fa2-a0d9961ffbaa","Grand Avenue Dental Care - Billings","-108.59500137","45.78376022","dentist","general_dentistry | medical_service_organizations","1302 Golden Valley Cir","Billings","59102-6743","MT","US","+14062454922","gadcmarketing@gmail.com","https://www.grandavenuedentalcare.com/","https://www.facebook.com/130881493647155","Grand Avenue Dental Care - Billings","0.9199122190475464","open","9","meta | Overture | Overture-signals","CDLA-Permissive-2.0","2026-04-27T00:00:00.000Z | 2026-06-11T11:57:15Z | 2026-05-12T00:29:08Z | 2026-05-18T13:23:54Z | 2026-05-25T13:08:59Z | 2026-06-01T13:20:32Z | 2026-06-08T13:20:12Z"
"MT","Montana","ee975dfb-0681-4fb1-b961-13d879e25012","Ian C McDonald DDS","-108.50590644","45.78617331","dentist","general_dentistry | cosmetic_dentist","2525 4th Ave N","Billings","59101-1312","MT","US","+14062562121","benchmarkdentalpc@gmail.com","http://www.benchmarkdent.com/","https://www.facebook.com/805205776260790","Ian C McDonald DDS","0.9199122190475464","open","8","meta | Overture | Overture-signals","CDLA-Permissive-2.0","2026-04-27T00:00:00.000Z | 2026-06-11T11:57:15Z | 2026-05-12T00:29:08Z | 2026-05-18T13:23:54Z | 2026-05-25T13:08:59Z | 2026-06-01T13:20:32Z | 2026-06-08T13:20:12Z"
"MT","Montana","eee7f249-6bc6-4c00-9158-eb311c811ae8","Bigfork Dental Center","-114.08097182","48.06681382","dentist","general_dentistry | health_and_medical","8289 MT-35","Bigfork","59911-3518","MT","US","+14068375611","info@bigforkdental.com","http://www.bigforkdental.com","https://www.facebook.com/158724334229436","Bigfork Dental Center","0.9199122190475464","open","9","meta | Overture | Overture-signals","CDLA-Permissive-2.0","2026-04-27T00:00:00.000Z | 2026-06-11T11:57:15Z | 2026-05-12T00:29:08Z | 2026-05-18T13:23:54Z | 2026-05-25T13:08:59Z | 2026-06-01T13:20:32Z | 2026-06-08T13:20:12Z"
"MT","Montana","efcc6623-a0c0-4235-bf00-9ed0da4917ff","Harada Christopher DDS","-109.68308014","48.53856666","dentist","general_dentistry | doctor","130 13th St","Havre","59501-5219","MT","US","+14062652063","","","https://www.facebook.com/498759356827138","","0.9199122190475464","open","7","meta | Overture | Overture-signals","CDLA-Permissive-2.0","2026-04-27T00:00:00.000Z | 2026-06-11T11:57:15Z | 2026-05-12T00:29:08Z | 2026-05-18T13:23:54Z | 2026-05-25T13:08:59Z | 2026-06-01T13:20:32Z | 2026-06-08T13:20:12Z"
"MT","Montana","effbfe5a-6efe-475e-bb3c-89b798489cfa","Sacry Dennis Dentist","-112.100370248988","45.8706922306749","dentist","","108 1st St W","Whitehall","59759","MT","US","(406) 287-3026","","http://www.dennissacry.com","","","0.9199122190475464","open","4","Foursquare | Overture | Overture-signals","Apache-2.0 | CDLA-Permissive-2.0","2025-08-19T00:00:00.000 | 2026-06-11T11:57:15Z | 2026-05-12T00:29:08Z | 2026-05-18T13:23:54Z | 2026-05-25T13:08:59Z | 2026-06-01T13:20:32Z | 2026-06-08T13:20:12Z"
"MT","Montana","f2c68224-c9f4-45c7-b520-5019300a4e11","Columbia Falls Family Dental Center","-114.180748835913","48.3773391346183","dentist","","105 Nucleus Ave","Columbia Falls","59912","MT","US","(406) 892-2104","cgriffin@calderwooddds.com","http://www.smilemontana.com","","","0.9199122190475464","open","4","Foursquare | Overture | Overture-signals","Apache-2.0 | CDLA-Permissive-2.0","2025-08-22T00:00:00.000 | 2026-06-11T11:57:15Z | 2026-05-12T00:29:08Z | 2026-05-18T13:23:54Z | 2026-05-25T13:08:59Z | 2026-06-01T13:20:32Z | 2026-06-08T13:20:12Z"
"MT","Montana","f5d39872-5a0c-4817-a701-6b4c6b30c029","Kootenai Family Dentistry & Implant Center","-115.5512448","48.39004497","dentist","general_dentistry","204 E 6th St","Libby","59923-2052","MT","US","+14062934116","kfd@frontiernet.net","http://kootenaifamilydentistry.com/","https://www.facebook.com/912995145451369","","0.9199122190475464","open","7","meta | Overture | Overture-signals","CDLA-Permissive-2.0","2026-04-27T00:00:00.000Z | 2026-06-11T11:57:15Z | 2026-05-12T00:29:08Z | 2026-05-18T13:23:54Z | 2026-05-25T13:08:59Z | 2026-06-01T13:20:32Z | 2026-06-08T13:20:12Z"
"MT","Montana","f64aea74-bfd4-4cd0-a2b2-a01238c3d852","Broadwater Place Family Dentistry","-108.542552780393","45.7767238261127","dentist","","1038 Broadwater Ave","Billings","59102","MT","US","(406) 896-8365","web@jamespattersondds.com","http://www.jamespattersondds.com","https://www.facebook.com/110301749033530","","0.9199122190475464","open","4","Foursquare | Overture | Overture-signals","Apache-2.0 | CDLA-Permissive-2.0","2025-07-17T00:00:00.000 | 2026-06-11T11:57:15Z | 2026-05-12T00:29:08Z | 2026-05-18T13:23:54Z | 2026-05-25T13:08:59Z | 2026-06-01T13:20:32Z | 2026-06-08T13:20:12Z"
"MT","Montana","f7c28aab-b401-4f84-991e-a3809850448e","Thomas Smile Designs","-108.55061963","45.78553486","dentist","general_dentistry | cosmetic_dentist","1501 14th St W","Billings","59102-3150","MT","US","+14062565165","thomassmiles1@gmail.com","http://bigskysmiles.net/","https://www.facebook.com/1505260909733461","Thomas Smile Designs Dentist Office","0.9990866363048554","","9","meta | Overture","CDLA-Permissive-2.0","2026-04-27T00:00:00.000Z | 2026-06-11T11:57:15Z"
"MT","Montana","fa16bd0d-7372-4b4c-993f-5ae6618c35d1","Thompson Family Dentistry","-108.53951961","45.77788015","dentist","general_dentistry","921 Broadwater Sq","Billings","59101-1634","MT","US","+14062592475","info@thompsondentalmt.com","https://thompsondentalmt.com/","https://www.facebook.com/492323120876764","","0.9902192950248718","open","8","meta | Overture | Overture-signals","CDLA-Permissive-2.0","2026-04-27T00:00:00.000Z | 2026-06-11T11:57:15Z | 2026-05-12T00:29:08Z | 2026-05-18T13:23:54Z | 2026-05-25T13:08:59Z | 2026-06-01T13:20:32Z | 2026-06-08T13:20:12Z"
"MT","Montana","fa36131b-e840-4e33-b58a-dba6aaaf2676","Robert J. Marshall, DDS, MS","-111.263049698055","47.4988609798169","dentist","","2525 6th Ave S","Great-Falls","59405","MT","US","(406) 761-0314","","http://www.marshallorthodontics.com","","","0.9199122190475464","open","4","Foursquare | Overture | Overture-signals","Apache-2.0 | CDLA-Permissive-2.0","2025-05-29T00:00:00.000 | 2026-06-11T11:57:15Z | 2026-05-12T00:29:08Z | 2026-05-18T13:23:54Z | 2026-05-25T13:08:59Z | 2026-06-01T13:20:32Z | 2026-06-08T13:20:12Z"
"MT","Montana","fa68867d-b951-4a72-bf58-0fad20a8bedb","Smile Montana Dental Center","-114.1978615","48.37406232","dentist","general_dentistry | cosmetic_dentist","400 12th Ave W","Columbia Falls","59912","MT","US","+14068922104","info@smilemontana.com","http://www.SmileMontana.com/","https://www.facebook.com/170199656519517","","0.9857556223869324","","1","meta | Overture","CDLA-Permissive-2.0","2026-04-27T00:00:00.000Z | 2026-06-11T11:57:15Z"
"MT","Montana","fb0b2952-0d53-4e45-8042-19b57c8cecd7","Whitehall Dental Group","-112.100261","45.870686","dentist","health_and_medical | cosmetic_dentist","108 1st St W","Whitehall","59759-7730","MT","US","+14062873026","","http://www.dennissacry.com/","https://www.facebook.com/280982642063685","Whitehall Dental Group","0.9834372997283936","","9","meta | Overture","CDLA-Permissive-2.0","2026-04-27T00:00:00.000Z | 2026-06-11T11:57:15Z"
"MT","Montana","fba0113c-b5ac-40dd-981e-1fddf1ccca92","Castle Rock Dental","-108.47121272","45.81624131","dentist","cosmetic_dentist | general_dentistry","926 Main St","Billings","59105-3359","MT","US","+14062521852","office@castlerockdentalclinic.com","https://castlerockdentaloffice.com/","https://www.facebook.com/103689355442171","","0.9199122190475464","open","8","meta | Overture | Overture-signals","CDLA-Permissive-2.0","2026-04-27T00:00:00.000Z | 2026-06-11T11:57:15Z | 2026-05-12T00:29:08Z | 2026-05-18T13:23:54Z | 2026-05-25T13:08:59Z | 2026-06-01T13:20:32Z | 2026-06-08T13:20:12Z"
"MT","Montana","fe9e4ace-a025-4214-9647-59648924659b","Core Dental Care","-108.58491645","45.78345995","dentist","general_dentistry","2700 Grand Ave","Billings","59102-2680","MT","US","+14066529100","office@coredentalcare-mt.com","https://www.coredentalcare-mt.com/","https://www.facebook.com/104197982093663","","0.9199122190475464","open","8","meta | Overture | Overture-signals","CDLA-Permissive-2.0","2026-04-27T00:00:00.000Z | 2026-06-11T11:57:15Z | 2026-05-12T00:29:08Z | 2026-05-18T13:23:54Z | 2026-05-25T13:08:59Z | 2026-06-01T13:20:32Z | 2026-06-08T13:20:12Z"
"MT","Montana","fea6cf7a-9d77-40c2-9fb3-a2ddb93507f8","Alpine Falls Dental Care","-111.23856712","47.50152282","dentist","general_dentistry | health_and_medical","3920 3rd Ave S","Great Falls","59405-3614","MT","US","+14064525361","alpinefallsdentalcare@gmail.com","http://www.alpinefallsdentalcare.com/","https://www.facebook.com/100669890068092","","0.9199122190475464","open","8","meta | Overture | Overture-signals","CDLA-Permissive-2.0","2026-04-27T00:00:00.000Z | 2026-06-11T11:57:15Z | 2026-05-12T00:29:08Z | 2026-05-18T13:23:54Z | 2026-05-25T13:08:59Z | 2026-06-01T13:20:32Z | 2026-06-08T13:20:12Z"
"MT","Montana","feb44182-35f1-4f46-bbf8-125845baef7e","MCTech Dental Lab","-108.50764","45.77646","dentist","health_and_medical | laboratory_testing","180 S 32nd St","Billings","59101","MT","US","+14062489112","mctechdental@gmail.com","http://www.mctechdentallab.com/","https://www.facebook.com/650795801962889","","0.6534926891326904","","5","meta | Overture","CDLA-Permissive-2.0","2026-04-27T00:00:00.000Z | 2026-06-11T11:57:15Z"
"MT","Montana","ff22b76f-501c-4203-9386-657a61995809","Lakeside Dental","-114.228232849043","48.0216247641028","dentist","","150 Bills Rd","Lakeside","59922","MT","US","(406) 844-3825","contactus@dentistlakeside.com","https://www.dentistlakeside.com","https://www.facebook.com/154349227935935","","0.9199122190475464","open","4","Foursquare | Overture | Overture-signals","Apache-2.0 | CDLA-Permissive-2.0","2025-08-22T00:00:00.000 | 2026-06-11T11:57:15Z | 2026-05-12T00:29:08Z | 2026-05-18T13:23:54Z | 2026-05-25T13:08:59Z | 2026-06-01T13:20:32Z | 2026-06-08T13:20:12Z"
"MT","Montana","ff3eb2a2-4332-4265-a62d-0a7dc79f8955","Helena Dental Clinic","-112.02897732","46.59513983","dentist","general_dentistry | health_and_medical","907 Helena Ave","Helena","59601-3425","MT","US","+14064424990","","http://helena-dental-clinic.business.site","https://www.facebook.com/115980431795607","Helena Street Dental Clinic","0.9199122190475464","open","8","meta | Overture | Overture-signals","CDLA-Permissive-2.0","2026-04-27T00:00:00.000Z | 2026-06-11T11:57:15Z | 2026-05-12T00:29:08Z | 2026-05-18T13:23:54Z | 2026-05-25T13:08:59Z | 2026-06-01T13:20:32Z | 2026-06-08T13:20:12Z"
