"state_code","state","id","name","longitude","latitude","primary_category","alternate_categories","address","locality","postcode","region","country","phones","emails","websites","socials","brand","confidence","operating_status","version","source_datasets","source_licenses","source_update_times"
"NC","North Carolina","000915f6-6630-4b56-92fc-0df05ec23263","Christopher Kanayo Anene","-80.95081387","35.15179709","dentist","doctor | health_and_medical","3607 Whitehall Park Dr","Charlotte","28273-3587","NC","US","+17048316344","","http://www.dranene.com/","https://www.facebook.com/184116892028542","Christopher Anene D.M.D","0.9271871447563171","","7","meta | Overture","CDLA-Permissive-2.0","2026-04-27T00:00:00.000Z | 2026-06-11T11:57:15Z"
"NC","North Carolina","000f2a70-ad84-4936-be71-eb296aa0a38f","Saunders Adam DDS PA","-77.8428533183768","35.9790274427395","dentist","","901 N Winstead Ave","Rocky-Mount","27804","NC","US","(252) 210-4779","drsaundersdental@yahoo.com","http://www.drsaundersdental.com","https://www.facebook.com/167780233238665","","0.9199122190475464","open","4","Foursquare | Overture | Overture-signals","Apache-2.0 | CDLA-Permissive-2.0","2020-12-09T00:00:00.000 | 2026-06-11T11:57:15Z | 2026-05-12T00:29:08Z | 2026-05-18T13:23:54Z | 2026-05-25T13:08:59Z | 2026-06-01T13:20:32Z | 2026-06-08T13:20:12Z"
"NC","North Carolina","002f5b26-10be-4205-9187-c805ea43e01b","Dr. Mark E. McGee","-77.79559668","34.29349211","dentist","general_dentistry | medical_service_organizations","8048 Market St","Wilmington","28411-9384","NC","US","+19106866578","","http://www.drmarkmcgee.com/","https://www.facebook.com/133264606724805","","0.9424554109573364","","3","meta | Overture","CDLA-Permissive-2.0","2026-04-27T00:00:00.000Z | 2026-06-11T11:57:15Z"
"NC","North Carolina","0034f52f-1174-4117-9792-33813a3b98ad","Friendly Dental","-80.8526117","35.34671776","dentist","orthodontist","10125 Perimeter Pkwy","Charlotte","28216-2474","NC","US","+17045998766","","","https://www.facebook.com/1616648301686606","","0.8496931791305542","","7","meta | Overture","CDLA-Permissive-2.0","2026-04-27T00:00:00.000Z | 2026-06-11T11:57:15Z"
"NC","North Carolina","00ab95e0-ab62-42f0-b41e-d1bbed6dfa40","Cape Fear Penodontics And Dental Implants","-77.824475","34.265976","dentist","health_and_medical | family_practice","7010 Market St","Wilmington","28411-9728","NC","US","+19106864676","sgould@capefearperio.com","https://www.capefearperio.com","https://www.facebook.com/125533467501468","Cape Fear Periodontics and Dental Implants","0.9401572942733765","","9","meta | Overture","CDLA-Permissive-2.0","2026-04-27T00:00:00.000Z | 2026-06-11T11:57:15Z"
"NC","North Carolina","00b45d08-1bc4-4ed1-9933-3be799636ead","Beaver Creek Commons Dental","-78.87729133","35.74675664","dentist","orthodontist | health_and_medical","1200 Beaver Creek Commons Dr","Apex","27502-3921","NC","US","+19842657497","beavercreek@mydentalmail.com","https://beavercreekcommonsdental.com/","https://www.facebook.com/103505672136683","Dental Health Society online","0.9199122190475464","open","8","meta | Overture | Overture-signals","CDLA-Permissive-2.0","2026-04-27T00:00:00.000Z | 2026-06-11T11:57:15Z | 2026-05-12T00:29:08Z | 2026-05-18T13:23:54Z | 2026-05-25T13:08:59Z | 2026-06-01T13:20:32Z | 2026-06-08T13:20:12Z"
"NC","North Carolina","0135057f-9dfd-4a97-a8e4-3a8c341370d4","Legacy Landing Dentistry","-80.06596851","35.89623492","dentist","general_dentistry | doctor","508 Turner St","Thomasville","27360-2646","NC","US","+13364751614","legacylandingdentistry@mydentalmail.com","http://www.drpamelajohnsondarr.com/","https://www.facebook.com/168778013846","Legacy Landing Dentistry","0.9856158494949341","open","2","meta | Overture | Overture-signals","CDLA-Permissive-2.0","2026-04-27T00:00:00.000Z | 2026-06-11T11:57:15Z | 2026-05-12T00:29:08Z"
"NC","North Carolina","015bc208-6ead-4546-af23-1f605aa523e3","Highland Creek Modern Dentistry","-80.8985888957977","35.4230756511595","dentist","","4605 Hylas Ln","Huntersville","28078","NC","US","(704) 269-6522","","https://www.highlandcreekdentist.com","","","0.77","","5","Foursquare | Overture","Apache-2.0 | CDLA-Permissive-2.0","2024-10-15T00:00:00.000 | 2026-06-11T11:57:15Z"
"NC","North Carolina","018d9794-ab3a-425c-a3dd-a0d4f1fc21c1","Winston-Salem Dental Specialists","-80.312499","36.0687745","dentist","doctor | health_and_medical","1590 Westbrook Plaza Dr Ste 202","Winston-Salem","27103","NC","US","3367743001","","https://winstonsalemdentalspecialists.com/","","","0.85","","9","Microsoft | Overture","CDLA-Permissive-2.0","2025-08-22T16:26:03.113Z | 2026-06-11T11:57:15Z"
"NC","North Carolina","01a6efc7-70b1-4495-9495-b809a2db33cf","Vinson Orthodontics","-78.337027","35.514289","dentist","orthodontist | medical_service_organizations","706 Wilkins St","Smithfield","27577-4662","NC","US","+19199341155","","http://www.vinsonorthodontics.com","https://www.facebook.com/113202638756646","","0.7452874779701233","","8","meta | Overture","CDLA-Permissive-2.0","2026-04-27T00:00:00.000Z | 2026-06-11T11:57:15Z"
"NC","North Carolina","01b4f9ab-2dd3-4519-8897-9eaa31e45e66","William J Tapp III DDS FAGD","-78.63346378","35.71680204","dentist","health_and_medical | doctor","1018 US Highway 70 W","Garner","27529-2544","NC","US","+19197792609","wtappdds@gmail.com","http://www.ncdentalboard.org","https://www.facebook.com/104148389653001","","0.9199122190475464","open","7","meta | Overture | Overture-signals","CDLA-Permissive-2.0","2026-04-27T00:00:00.000Z | 2026-06-11T11:57:15Z | 2026-05-12T00:29:08Z | 2026-05-18T13:23:54Z | 2026-05-25T13:08:59Z | 2026-06-01T13:20:32Z | 2026-06-08T13:20:12Z"
"NC","North Carolina","01c8df73-01e0-4c0a-a9e1-4406c0e9358f","Melcher Simon DDS","-78.6327878933787","35.8269813904942","dentist","","3340 Six Forks Rd","Raleigh","27609","NC","US","(919) 782-0548","","http://www.theraleighdentists.com","https://www.facebook.com/195770077121309","","0.77","","5","Foursquare | Overture","Apache-2.0 | CDLA-Permissive-2.0","2025-04-01T00:00:00.000 | 2026-06-11T11:57:15Z"
"NC","North Carolina","01f1dce7-999d-4968-b93c-10104f6542ac","Haydn G. Jones II","-80.83944724","35.19708977","dentist","general_dentistry | doctor","1816 East Blvd","Charlotte","28203-5826","NC","US","+17043336714","hjdentistry@gmail.com","http://www.hjdds.com/","https://www.facebook.com/560193760679594","","0.9942035043239593","","8","meta | Overture","CDLA-Permissive-2.0","2026-04-27T00:00:00.000Z | 2026-06-11T11:57:15Z"
"NC","North Carolina","020cdc9a-4510-4c4c-a585-00e583050c32","Gentle Care Family Dental","-79.97023075","36.02352016","dentist","orthodontist | teeth_whitening","2380 Hickswood Rd","High Point","27265-1458","NC","US","+13368998992","highpoint@gentlecarefamilydental.com","https://www.gentlecarefamilydental.com/","https://www.facebook.com/105306014674678","","0.9902192950248718","open","7","meta | Overture | Overture-signals","CDLA-Permissive-2.0","2026-04-27T00:00:00.000Z | 2026-06-11T11:57:15Z | 2026-05-12T00:29:08Z | 2026-05-18T13:23:54Z | 2026-05-25T13:08:59Z | 2026-06-01T13:20:32Z | 2026-06-08T13:20:12Z"
"NC","North Carolina","0215f757-4b56-44fc-9c09-47a1225a0f8c","LS Bright Jr. DDS PA Dentistry","-78.8759300622738","35.1374309837828","dentist","","5621 Ramsey St","Fayetteville","28311","NC","US","(910) 488-3259","","http://www.healthgrades.com/dentist/dr-l-bright-jr-d-d-s-g8n2f","https://www.facebook.com/112978342091446","","0.9199122190475464","open","4","Foursquare | Overture | Overture-signals","Apache-2.0 | CDLA-Permissive-2.0","2024-11-25T00:00:00.000 | 2026-06-11T11:57:15Z | 2026-05-12T00:29:08Z | 2026-05-18T13:23:54Z | 2026-05-25T13:08:59Z | 2026-06-01T13:20:32Z | 2026-06-08T13:20:12Z"
"NC","North Carolina","02b64e99-301f-4b57-859b-9ad7dfae7eb9","Dr. Hanachi Orthodontics","-81.1613858912731","35.2510044587911","dentist","","1377 E Garrison Blvd Ste A","Gastonia","28054","NC","US","(704) 865-9889","smilebyhanachi@gmail.com","http://smilebyhanachi.com","https://www.twitter.com/hanachiortho | https://www.facebook.com/136395736404166","","0.77","","5","Foursquare | Overture","Apache-2.0 | CDLA-Permissive-2.0","2025-08-22T00:00:00.000 | 2026-06-11T11:57:15Z"
"NC","North Carolina","02e7e3ea-e2b4-4220-a70d-9b6a134712c5","Charlotte Emergency Dental","-80.85144572","35.17591241","dentist","general_dentistry | medical_service_organizations","4010 Park Rd","Charlotte","28209-2272","NC","US","+17045253939","charlotteemergencydental@gmail.com","http://charlotteemergencydental.com/","https://www.facebook.com/120525544671904","","0.9902192950248718","open","7","meta | Overture | Overture-signals","CDLA-Permissive-2.0","2026-04-27T00:00:00.000Z | 2026-06-11T11:57:15Z | 2026-05-12T00:29:08Z | 2026-05-18T13:23:54Z | 2026-05-25T13:08:59Z | 2026-06-01T13:20:32Z | 2026-06-08T13:20:12Z"
"NC","North Carolina","02f9863b-62b5-41a1-8421-f0c3047f13dc","Lane & Associates Family Dentistry","-78.6585217","35.90633996","dentist","general_dentistry | professional_services","8961 Harvest Oaks Dr","Raleigh","27615-2139","NC","US","+19196767777","info@lanedds.com","https://www.lanedds.com/offices/raleigh-harvest-oaks","https://www.facebook.com/832666950183147","Lane & Associates Family Dentistry","0.9199122190475464","open","8","meta | Overture | Overture-signals","CDLA-Permissive-2.0","2026-04-27T00:00:00.000Z | 2026-06-11T11:57:15Z | 2026-05-12T00:29:08Z | 2026-05-18T13:23:54Z | 2026-05-25T13:08:59Z | 2026-06-01T13:20:32Z | 2026-06-08T13:20:12Z"
"NC","North Carolina","0317aa0f-04d6-4fce-aa6a-0c27b99eba42","Triangle Park Dental","-78.89699034","35.9029347","dentist","park | endodontist","2003 E NC-54","Durham","27713-2482","NC","US","+19193210222","info@triangleparkdentistry.com","https://www.triangleparkdentistry.com/","https://www.facebook.com/989263117879582","","0.9902192950248718","open","7","meta | Overture | Overture-signals","CDLA-Permissive-2.0","2026-04-27T00:00:00.000Z | 2026-06-11T11:57:15Z | 2026-05-12T00:29:08Z | 2026-05-18T13:23:54Z | 2026-05-25T13:08:59Z | 2026-06-01T13:20:32Z | 2026-06-08T13:20:12Z"
"NC","North Carolina","0333aa66-e4d1-4e16-b39a-daa1fba08f4b","Dr. Timothy Crouch","-80.87754426","35.79784349","dentist","general_dentistry | health_and_medical","511 Brookdale Dr","Statesville","28677-4107","NC","US","+17048739641","crouchdentistry@gmail.com","http://www.crouchdentistry.com/","https://www.facebook.com/251196438268655","Dr. Keith A. Crouch","0.9562657475471497","","9","meta | Overture","CDLA-Permissive-2.0","2026-04-27T00:00:00.000Z | 2026-06-11T11:57:15Z"
"NC","North Carolina","033dc49a-0b03-4ce7-8497-34ea7193d83a","INTEGRATIVE FAMILY DENTISTRY","-79.3005694","36.0627309","dentist","health_and_medical","1931 S North Carolina Highway 119","Mebane","27302","NC","US","8555396373","","http://www.integrativefamilydentistry.com/","","","0.85","","7","Microsoft | Overture","CDLA-Permissive-2.0","2022-04-28T08:13:06.590Z | 2026-06-11T11:57:15Z"
"NC","North Carolina","0345c5f7-c5d9-4501-9620-794551fe8887","North Point Dental Associates","-80.04239634","36.00643125","dentist","general_dentistry | teeth_whitening","6425 Old Plank Rd","High Point","27265","NC","US","+13368861747","npdental@northpointsmiles.com","http://www.oliverdds.com","https://www.facebook.com/267424370026971","","0.9199122190475464","open","8","meta | Overture | Overture-signals","CDLA-Permissive-2.0","2026-04-27T00:00:00.000Z | 2026-06-11T11:57:15Z | 2026-05-12T00:29:08Z | 2026-05-18T13:23:54Z | 2026-05-25T13:08:59Z | 2026-06-01T13:20:32Z | 2026-06-08T13:20:12Z"
"NC","North Carolina","034cb956-9662-4bd4-a16e-53d292a160e9","Tyler Davis DDS","-78.5161707567281","35.9711613758871","dentist","","814 S Main St","Wake Forest","27587","NC","US","(919) 556-3780","","http://www.drdavisdentistry.com","","","0.9199122190475464","open","4","Foursquare | Overture | Overture-signals","Apache-2.0 | CDLA-Permissive-2.0","2025-08-22T00:00:00.000 | 2026-06-11T11:57:15Z | 2026-05-12T00:29:08Z | 2026-05-18T13:23:54Z | 2026-05-25T13:08:59Z | 2026-06-01T13:20:32Z | 2026-06-08T13:20:12Z"
"NC","North Carolina","0376a380-7699-4289-97d7-ed71586bfb83","City Dental","-80.84467175","35.20247071","dentist","general_dentistry | cosmetic_dentist","1716 Kenilworth Ave","Charlotte","28203-6085","NC","US","+17049100144","information@citydentalnc.com","https://citydentalnc.com/","https://www.facebook.com/1563311053885000","City Dental","0.9902192950248718","open","8","meta | Overture | Overture-signals","CDLA-Permissive-2.0","2026-04-27T00:00:00.000Z | 2026-06-11T11:57:15Z | 2026-05-12T00:29:08Z | 2026-05-18T13:23:54Z | 2026-05-25T13:08:59Z | 2026-06-01T13:20:32Z | 2026-06-08T13:20:12Z"
"NC","North Carolina","03888ad6-eecc-4766-a8ee-191e17f3a5a4","Eric Moskowitz, DDS","-80.7428646292125","35.4189444322217","dentist","","9900 Poplar Tent Rd #150","Concord","28027","NC","US","(704) 782-2400","","https://www.ericmoskowitzdds.com","https://www.facebook.com/118602505168","","0.9199122190475464","open","4","Foursquare | Overture | Overture-signals","Apache-2.0 | CDLA-Permissive-2.0","2023-11-09T00:00:00.000 | 2026-06-11T11:57:15Z | 2026-05-12T00:29:08Z | 2026-05-18T13:23:54Z | 2026-05-25T13:08:59Z | 2026-06-01T13:20:32Z | 2026-06-08T13:20:12Z"
"NC","North Carolina","038dceed-bb82-4c78-86ed-8de735587b92","Lake Norman Smiles","-80.87078143","35.57640808","dentist","general_dentistry | cosmetic_dentist","452 Williamson Rd","Mooresville","28117-9292","NC","US","+17046647774","info@lakenormansmiles.com","http://lakenormansmiles.com/","https://www.facebook.com/157792137594467","","0.9199122190475464","open","9","meta | Overture | Overture-signals","CDLA-Permissive-2.0","2026-04-27T00:00:00.000Z | 2026-06-11T11:57:15Z | 2026-05-12T00:29:08Z | 2026-05-18T13:23:54Z | 2026-05-25T13:08:59Z | 2026-06-01T13:20:32Z | 2026-06-08T13:20:12Z"
"NC","North Carolina","0391da54-51cf-44c9-9d39-bad034a94e97","Heather Rorison DMD PLLC","-80.8093291790756","35.1894946840086","dentist","","3541 Randolph Rd Ste 300","Charlotte","28211","NC","US","(704) 366-6186","","http://www.heatherrorisondentistry.com","","","0.9199122190475464","open","4","Foursquare | Overture | Overture-signals","Apache-2.0 | CDLA-Permissive-2.0","2026-01-13T00:00:00.000 | 2026-06-11T11:57:15Z | 2026-05-12T00:29:08Z | 2026-05-18T13:23:54Z | 2026-05-25T13:08:59Z | 2026-06-01T13:20:32Z | 2026-06-08T13:20:12Z"
"NC","North Carolina","03c3f54d-db71-4efa-b7e1-fb9f0aafca23","Patriot Dentistry","-83.833699","35.200187","dentist","cosmetic_dentist","494 Main St","Andrews","28901-9648","NC","US","+18283211444","","","https://www.facebook.com/104403488746245","","0.9628128409385681","","7","meta | Overture","CDLA-Permissive-2.0","2026-04-27T00:00:00.000Z | 2026-06-11T11:57:15Z"
"NC","North Carolina","03dacd76-075e-43ed-b89a-d1806a52d61c","Water Oak Dental","-82.72909107","35.22292501","dentist","general_dentistry | cosmetic_dentist","344 Gallimore Rd","Brevard","28712-8874","NC","US","+18288844433","office@cozartdental.com","","https://www.facebook.com/101960474563980","","0.9199122190475464","open","6","meta | Overture | Overture-signals","CDLA-Permissive-2.0","2026-04-27T00:00:00.000Z | 2026-06-11T11:57:15Z | 2026-05-12T00:29:08Z | 2026-05-18T13:23:54Z | 2026-05-25T13:08:59Z | 2026-06-01T13:20:32Z | 2026-06-08T13:20:12Z"
"NC","North Carolina","03e7cb2d-a285-45c8-81f8-c231e5bbac5c","Lane & Associates Family Dentistry - Winston-Salem","-80.324364","36.085988","dentist","doctor","4303 Country Club Rd","Winston-Salem","27104-3605","NC","US","+13367608700","lanewinston@lanedds.com","https://www.lanedds.com/offices/winston-salem","https://www.facebook.com/1545429892368670","Lane & Associates Family Dentistry - Raleigh Neuse","0.9199122190475464","open","7","meta | Overture | Overture-signals","CDLA-Permissive-2.0","2026-04-27T00:00:00.000Z | 2026-06-11T11:57:15Z | 2026-05-12T00:29:08Z | 2026-05-18T13:23:54Z | 2026-05-25T13:08:59Z | 2026-06-01T13:20:32Z | 2026-06-08T13:20:12Z"
"NC","North Carolina","03fa84b7-babf-4887-a600-8e82fddf74bc","White Oak Family Dentistry","-78.59199956","35.68742377","dentist","general_dentistry | health_and_medical","520 Timber Dr E","Garner","27529-5284","NC","US","+19199860151","admin@whiteoakfamilydentist.com","https://whiteoakfamilydentist.com","https://www.facebook.com/1904374416529921","","0.9199122190475464","open","8","meta | Overture | Overture-signals","CDLA-Permissive-2.0","2026-04-27T00:00:00.000Z | 2026-06-11T11:57:15Z | 2026-05-12T00:29:08Z | 2026-05-18T13:23:54Z | 2026-05-25T13:08:59Z | 2026-06-01T13:20:32Z | 2026-06-08T13:20:12Z"
"NC","North Carolina","0408cf24-bb7c-4aef-8dc2-7e7f67a2b163","ClearChoice Dental Implants","-78.683251","35.842408","dentist","health_and_medical","4509 Creedmoor Rd Ste 400","Raleigh","27612","NC","US","9842545802","","https://www.clearchoice.com/locations/dental-implants-raleigh/?trans_id=ralgblisting&utm_source=bingplaces&utm_medium=listing&utm_term=raleigh&utm_campaign=binglisting","","","0.85","","7","Microsoft | Overture","CDLA-Permissive-2.0","2023-10-11T23:07:42.727Z | 2026-06-11T11:57:15Z"
"NC","North Carolina","040a1f9c-b607-415e-b4fe-1a3d15576a68","Arun Kumar Sharda","-79.8841937958577","36.0894307490595","dentist","","5510 W Friendly Ave","Greensboro","27410","NC","US","(336) 851-2200","gsoinfo@drsharda.com","http://drsharda.com","","","0.9199122190475464","open","4","Foursquare | Overture | Overture-signals","Apache-2.0 | CDLA-Permissive-2.0","2025-07-10T00:00:00.000 | 2026-06-11T11:57:15Z | 2026-05-12T00:29:08Z | 2026-05-18T13:23:54Z | 2026-05-25T13:08:59Z | 2026-06-01T13:20:32Z | 2026-06-08T13:20:12Z"
"NC","North Carolina","04176404-1276-42e7-ba08-a281810741ca","The Dental Market","-78.61978746","35.83410219","dentist","cosmetic_dentist | general_dentistry","3713 Benson Dr","Raleigh","27609-7371","NC","US","+19198558600","hello@carolinadentalspa.com","https://www.thedentalmarket.com/","https://www.facebook.com/123151967757121","The Dental Market","0.9199122190475464","open","9","meta | Overture | Overture-signals","CDLA-Permissive-2.0","2026-04-27T00:00:00.000Z | 2026-06-11T11:57:15Z | 2026-05-12T00:29:08Z | 2026-05-18T13:23:54Z | 2026-05-25T13:08:59Z | 2026-06-01T13:20:32Z | 2026-06-08T13:20:12Z"
"NC","North Carolina","04367594-9416-467a-94f3-71e6131feb6f","Clinton Family Dentistry","-78.31688568","35.00975113","dentist","general_dentistry","320 Northeast Blvd","Clinton","28328-2424","NC","US","+19105960606","clintonfamilydentistry@gmail.com","http://clintonfamilydentistrync.com","https://www.facebook.com/150764441649765","","0.9199122190475464","open","8","meta | Overture | Overture-signals","CDLA-Permissive-2.0","2026-04-27T00:00:00.000Z | 2026-06-11T11:57:15Z | 2026-05-12T00:29:08Z | 2026-05-18T13:23:54Z | 2026-05-25T13:08:59Z | 2026-06-01T13:20:32Z | 2026-06-08T13:20:12Z"
"NC","North Carolina","04499363-0faa-4a24-8121-e104a70d759c","Amy T. Moubry","-79.38658476","35.17763767","dentist","cosmetic_dentist | general_dentistry","530 NW Broad St","Southern Pines","28387-4805","NC","US","+19106920703","info@moubryfamilydentistry.com","http://www.moubryfamilydentistry.com/","https://www.facebook.com/1400252220214909","","0.9908034801483154","","2","meta | Overture","CDLA-Permissive-2.0","2026-04-27T00:00:00.000Z | 2026-06-11T11:57:15Z"
"NC","North Carolina","04b35183-a546-422a-aef0-1b9389d6ce2a","Moray Larry J DDS MS Pa & Associates","-77.918294","34.549662","dentist","","303 S McNeil St","Burgaw","28425","NC","US","(910) 300-9590","","https://www.myorthodontistus.com","","","0.9199122190475464","open","4","Foursquare | Overture | Overture-signals","Apache-2.0 | CDLA-Permissive-2.0","2025-08-19T00:00:00.000 | 2026-06-11T11:57:15Z | 2026-05-12T00:29:08Z | 2026-05-18T13:23:54Z | 2026-05-25T13:08:59Z | 2026-06-01T13:20:32Z | 2026-06-08T13:20:12Z"
"NC","North Carolina","04dcd3e8-2f0b-47ff-822d-9c17a00cf923","Eastern Carolina Oral & Maxillofacial Surgery Associates","-78.3486740358516","35.5125105470403","dentist","","101 E Market St Ste 1A","Smithfield","27577","NC","US","(919) 934-7566","","http://www.ecoralsurg.com","https://www.facebook.com/115235945483762","","0.77","","5","Foursquare | Overture","Apache-2.0 | CDLA-Permissive-2.0","2025-08-22T00:00:00.000 | 2026-06-11T11:57:15Z"
"NC","North Carolina","04e75063-3440-49d7-9683-8f70e4da53b1","Jihun Moon","-80.19819905","35.35409147","dentist","general_dentistry | health_and_medical","255 N 2nd St","Albemarle","28001-3939","NC","US","+17049832131","jmoondds@hotmail.com","http://www.jihunmoondds.com/","https://www.facebook.com/200231996801280","","0.9199122190475464","open","9","meta | Overture | Overture-signals","CDLA-Permissive-2.0","2026-04-27T00:00:00.000Z | 2026-06-11T11:57:15Z | 2026-05-12T00:29:08Z | 2026-05-18T13:23:54Z | 2026-05-25T13:08:59Z | 2026-06-01T13:20:32Z | 2026-06-08T13:20:12Z"
"NC","North Carolina","050e43ad-4bc6-440d-b320-db81d8f4455f","Moser, Gallisdorfer, and Broughton","-80.33554581","36.07866097","dentist","general_dentistry | doctor","116 Jonestown Rd","Winston-Salem","27104-4617","NC","US","+13367687495","mgmdds@gmail.com","https://www.forsythfamilydentalnc.com","https://www.facebook.com/675271532524609","","0.9199122190475464","open","7","meta | Overture | Overture-signals","CDLA-Permissive-2.0","2026-04-27T00:00:00.000Z | 2026-06-11T11:57:15Z | 2026-05-12T00:29:08Z | 2026-05-18T13:23:54Z | 2026-05-25T13:08:59Z | 2026-06-01T13:20:32Z | 2026-06-08T13:20:12Z"
"NC","North Carolina","05118f58-71e4-4c47-89ee-18df765a8719","Aspen Dental","-79.748011","34.921191","dentist","","1355 E Broad Ave Unit C","Rockingham","28379","NC","US","","","https://www.aspendental.com/dentist/nc/rockingham/1355-e-broad-ave-unit-c/","","Aspen Dental","0.954","","5","AllThePlaces | Overture","CC0-1.0 | CDLA-Permissive-2.0","2026-06-02T15:18:54.000Z | 2026-06-11T11:57:15Z"
"NC","North Carolina","0548e817-fd90-41ab-8511-7be68062720d","Whitaker Dental Associates","-81.70314701","35.74710425","dentist","general_dentistry | doctor","300 Sanford Dr","Morganton","28655-2573","NC","US","+18284331600","office@whitakerdentalassociates.com","http://whitakerdentalassociates.com/","https://www.facebook.com/375750672559520","","0.9199122190475464","open","8","meta | Overture | Overture-signals","CDLA-Permissive-2.0","2026-04-27T00:00:00.000Z | 2026-06-11T11:57:15Z | 2026-05-12T00:29:08Z | 2026-05-18T13:23:54Z | 2026-05-25T13:08:59Z | 2026-06-01T13:20:32Z | 2026-06-08T13:20:12Z"
"NC","North Carolina","056a0226-b1b9-4b19-bb9c-ea2c7a1d1d04","Gentle Dental- Anthony F Scaramuzzo DDS PLLC","-78.72602015","35.90107502","dentist","cosmetic_dentist | general_dentistry","9317 Leesville Rd","Raleigh","27613-7515","NC","US","+19198481343","info@leesvilledentist.com","http://www.leesvilledentist.com/","https://www.facebook.com/793446740819637","Gentle Dental","0.9618129134178162","","1","meta | Overture","CDLA-Permissive-2.0","2026-04-27T00:00:00.000Z | 2026-06-11T11:57:15Z"
"NC","North Carolina","057b6e42-9e77-492a-833c-70481f3f4244","Dr. Preston Schryer","-77.92634625","34.21825652","dentist","general_dentistry | doctor","1611 Greenfield St","Wilmington","28401-6455","NC","US","+19103429210","frontdesk@yourcommunitydental.com","http://www.yourcommunitydental.com/","https://www.facebook.com/130716602516468","Schryer and Associates, DDS - Your Community Dental","0.9199122190475464","open","9","meta | Overture | Overture-signals","CDLA-Permissive-2.0","2026-04-27T00:00:00.000Z | 2026-06-11T11:57:15Z | 2026-05-12T00:29:08Z | 2026-05-18T13:23:54Z | 2026-05-25T13:08:59Z | 2026-06-01T13:20:32Z | 2026-06-08T13:20:12Z"
"NC","North Carolina","0589e957-d5e9-4815-8dca-8d03b44cd49c","Johnny L McKinnon Jr","-80.00533764","35.21982399","dentist","health_and_medical | medical_service_organizations","407 N Main St","Mt Gilead","27306-9038","NC","US","+19104399744","johnmckinnondds@gmail.com","http://johnmckinnondds.com/","https://www.facebook.com/1733722316948288","","0.9199122190475464","open","7","meta | Overture | Overture-signals","CDLA-Permissive-2.0","2026-04-27T00:00:00.000Z | 2026-06-11T11:57:15Z | 2026-05-12T00:29:08Z | 2026-05-18T13:23:54Z | 2026-05-25T13:08:59Z | 2026-06-01T13:20:32Z | 2026-06-08T13:20:12Z"
"NC","North Carolina","05a19701-4444-4a65-97ad-9f324c4ded69","Raleigh Dental","-78.64630691","35.85558049","dentist","general_dentistry | doctor","309 W Millbrook Rd","Raleigh","27609-4261","NC","US","+19197890400","","https://www.raleighdentalcenter.com","https://www.facebook.com/822842134465395","Raleigh Dental","0.9199122190475464","open","8","meta | Overture | Overture-signals","CDLA-Permissive-2.0","2026-04-27T00:00:00.000Z | 2026-06-11T11:57:15Z | 2026-05-12T00:29:08Z | 2026-05-18T13:23:54Z | 2026-05-25T13:08:59Z | 2026-06-01T13:20:32Z | 2026-06-08T13:20:12Z"
"NC","North Carolina","06043246-589f-4f1c-b1f0-881ae826b12a","Evan Hunter Pierce","-77.9202571404786","34.2030120146247","dentist","","1902 Glen Meade Rd","Wilmington","28403","NC","US","(910) 762-0991","","http://www.piercedentalgroup.com/ehp.html","","","0.9199122190475464","open","4","Foursquare | Overture | Overture-signals","Apache-2.0 | CDLA-Permissive-2.0","2025-08-22T00:00:00.000 | 2026-06-11T11:57:15Z | 2026-05-12T00:29:08Z | 2026-05-18T13:23:54Z | 2026-05-25T13:08:59Z | 2026-06-01T13:20:32Z | 2026-06-08T13:20:12Z"
"NC","North Carolina","06098997-77a0-4677-9959-7489aaf1e074","Ghim Steve DDS","-80.8081195","35.0328123","dentist","orthodontist | doctor","8912 Blakeney Professional Dr","Charlotte","28277-6734","NC","US","+17045446517","contact@drstevenghim.com","http://www.drstevenghim.com/","https://www.facebook.com/424934290934622","","0.9199122190475464","open","8","meta | Overture | Overture-signals","CDLA-Permissive-2.0","2026-04-27T00:00:00.000Z | 2026-06-11T11:57:15Z | 2026-05-12T00:29:08Z | 2026-05-18T13:23:54Z | 2026-05-25T13:08:59Z | 2026-06-01T13:20:32Z | 2026-06-08T13:20:12Z"
"NC","North Carolina","0618131b-f9e8-47c4-b7e7-f0f7fd374e10","Cape Fear Smiles General & Cosmetic Dentistry","-77.93370579","34.19574881","dentist","general_dentistry | cosmetic_dentist","716 Medical Center Dr","Wilmington","28401-7573","NC","US","+19107630931","capefearsmiles@gmail.com","https://www.capefearsmiles.com/","https://www.facebook.com/120315574760306","Cape Fear Smiles General & Cosmetic Dentistry","0.9199122190475464","open","8","meta | Overture | Overture-signals","CDLA-Permissive-2.0","2026-04-27T00:00:00.000Z | 2026-06-11T11:57:15Z | 2026-05-12T00:29:08Z | 2026-05-18T13:23:54Z | 2026-05-25T13:08:59Z | 2026-06-01T13:20:32Z | 2026-06-08T13:20:12Z"
"NC","North Carolina","063573b3-7371-4b63-9ff7-157e6bbea80d","Dawn Spruill Wallace","-80.86909351","35.57472547","dentist","doctor | health_and_medical","491 Williamson Rd","Mooresville","28117-9252","NC","US","+17046643124","wallace.xray@gmail.com","http://www.drdawnwallace.com/","https://www.facebook.com/378125625676459","","0.9162319302558899","","7","meta | Overture","CDLA-Permissive-2.0","2026-04-27T00:00:00.000Z | 2026-06-11T11:57:15Z"
"NC","North Carolina","063bbec7-8fa4-4a30-8eda-0fb83930f409","Pamela Rouse","-78.24841418","35.94540165","dentist","health_and_medical | physical_therapy","5918 NC 39 Hwy S","Bunn","27508-6106","NC","US","+19194968070","","","https://www.facebook.com/904160683036145","","0.9199122190475464","open","6","meta | Overture | Overture-signals","CDLA-Permissive-2.0","2026-04-27T00:00:00.000Z | 2026-06-11T11:57:15Z | 2026-05-12T00:29:08Z | 2026-05-18T13:23:54Z | 2026-05-25T13:08:59Z | 2026-06-01T13:20:32Z | 2026-06-08T13:20:12Z"
"NC","North Carolina","06472223-f0ae-4f0c-bb41-297bc7b23536","SmileSolution Dental Implant Center","-78.32370616","35.51678508","dentist","prosthodontist","927 N Brightleaf Blvd","Smithfield","27577-4357","NC","US","+19192051938","","https://smilesolution.com/","https://www.facebook.com/226924327177413","SmileSolution Dental Implant Center","0.9199122190475464","open","8","meta | Overture | Overture-signals","CDLA-Permissive-2.0","2026-04-27T00:00:00.000Z | 2026-06-11T11:57:15Z | 2026-05-12T00:29:08Z | 2026-05-18T13:23:54Z | 2026-05-25T13:08:59Z | 2026-06-01T13:20:32Z | 2026-06-08T13:20:12Z"
"NC","North Carolina","0652e418-7e25-4674-a713-33e7dfa50dcd","Cornelius Dentist Office","-80.856883","35.4799368","dentist","hospital","","Cornelius","","NC","US","+17042333681","","http://newpatients.udadentistry.com/cornelius-coupon/","https://www.facebook.com/116765065579765","Dr Camacho Invisalign Platinum","0.6184492707252502","","7","meta | Overture","CDLA-Permissive-2.0","2026-04-27T00:00:00.000Z | 2026-06-11T11:57:15Z"
"NC","North Carolina","06558f20-b9b1-48e1-90d2-2787f928e54e","Tina S. Merhoff & Associates Pediatric Dentistry","-80.3014238095649","36.057008808637","dentist","","185 Kimel Park Dr","Winston Salem","27103","NC","US","(336) 659-9500","jgoldbach@dentist4kids.com","http://www.dentist4kids.com","https://www.facebook.com/118411574881346","","0.77","","5","Foursquare | Overture","Apache-2.0 | CDLA-Permissive-2.0","2026-03-03T00:00:00.000 | 2026-06-11T11:57:15Z"
"NC","North Carolina","06665f86-8551-4480-8366-30f56d8c267b","Signature Smiles Cary, NC - Archie Cook, Jr. DDS","-78.7790640109137","35.7415897196729","dentist","","1700 Kildaire Farm Road","Cary","27518","NC","US","(919) 803-0168","","http://www.signaturesmiles-nc.com/#dzrlOM","https://www.twitter.com/sigsmilescarync","","0.9199122190475464","open","5","Foursquare | Overture | Overture-signals","Apache-2.0 | CDLA-Permissive-2.0","2025-12-01T00:00:00.000 | 2026-06-11T11:57:15Z | 2026-05-12T00:29:08Z | 2026-05-18T13:23:54Z | 2026-05-25T13:08:59Z | 2026-06-01T13:20:32Z | 2026-06-08T13:20:12Z"
"NC","North Carolina","06772bc6-71de-4611-a0fe-d4d9e709adc5","Motto Clear Aligners","-80.733945","35.3744591","dentist","health_and_medical","8815 Christenbury Pkwy Ste 40","Concord","28027","NC","US","7042640253","","https://www.aspendental.com/dentist/nc/concord/8815-christenbury-pkwy-ste-40/motto-clear-aligners/","","","0.9199122190475464","open","6","Microsoft | Overture | Overture-signals","CDLA-Permissive-2.0","2025-10-05T07:30:14.193Z | 2026-06-11T11:57:15Z | 2026-05-12T00:29:08Z | 2026-05-18T13:23:54Z | 2026-05-25T13:08:59Z | 2026-06-01T13:20:32Z | 2026-06-08T13:20:12Z"
"NC","North Carolina","06789c30-9734-4ea3-8824-2533d05b260f","Igbinadolor U Phillip DMD & Associates PA","-80.7981007568205","35.2963536833028","dentist","","2416 W Sugar Creek Rd","Charlotte","28262","NC","US","(704) 494-8484","uphillip@upidental.com","http://www.upidental.com","https://www.facebook.com/290895124279534","","0.77","","5","Foursquare | Overture","Apache-2.0 | CDLA-Permissive-2.0","2025-08-22T00:00:00.000 | 2026-06-11T11:57:15Z"
"NC","North Carolina","0696149b-1ebe-4277-89ee-d4a94c98d921","Artistic Family Dentistry - Gina R Davis DDS PA","-80.76062535","35.3383906","dentist","general_dentistry | cosmetic_dentist","2325 West Arbors Dr","Charlotte","28262-2663","NC","US","+17044452382","info@gdavisdds.com","https://gdavisdds.com/","https://www.facebook.com/240790946054325","Artistic Family Dentistry - Gina R Davis DDS PA","0.9974766582250595","","6","meta | Overture","CDLA-Permissive-2.0","2026-04-27T00:00:00.000Z | 2026-06-11T11:57:15Z"
"NC","North Carolina","06aed973-9b00-4aab-8948-5bebdf8aef1f","Britt Dental Center Family, Cosmetic, and Implant Dentistry","-78.77871649","35.91786844","dentist","cosmetic_dentist | general_dentistry","7780 Brier Creek Pkwy","Raleigh","27617-7849","NC","US","+19199574500","smile@brittdental.com","http://www.brittdental.com/","https://www.facebook.com/124544560920134","","0.9997336190938949","open","10","meta | Overture | Overture-signals","CDLA-Permissive-2.0","2026-04-27T00:00:00.000Z | 2026-06-11T11:57:15Z | 2026-06-08T13:20:12Z"
"NC","North Carolina","06d079cb-a7e6-477d-b658-c30627be48af","Carolina Dentures","-80.50167732","35.66273018","dentist","general_dentistry | prosthodontist","1010 Mooresville Rd","Salisbury","28147-1304","NC","US","+17047548535","carolinadentistrync@gmail.com","http://www.carolinadentistrync.com/","https://www.facebook.com/862703133853450","","0.9199122190475464","open","9","meta | Overture | Overture-signals","CDLA-Permissive-2.0","2026-04-27T00:00:00.000Z | 2026-06-11T11:57:15Z | 2026-05-12T00:29:08Z | 2026-05-18T13:23:54Z | 2026-05-25T13:08:59Z | 2026-06-01T13:20:32Z | 2026-06-08T13:20:12Z"
"NC","North Carolina","06dbd8cf-6328-4084-950b-26a7e317c0ca","Benson Dentistry","-78.54916143","35.37777785","dentist","general_dentistry | health_and_medical","405 S Market St","Benson","27504-1725","NC","US","+19198944195","info@bensondentistry.com","http://www.bensondentistry.com/","https://www.facebook.com/556505054501286","","0.9199122190475464","open","7","meta | Overture | Overture-signals","CDLA-Permissive-2.0","2026-04-27T00:00:00.000Z | 2026-06-11T11:57:15Z | 2026-05-12T00:29:08Z | 2026-05-18T13:23:54Z | 2026-05-25T13:08:59Z | 2026-06-01T13:20:32Z | 2026-06-08T13:20:12Z"
"NC","North Carolina","06dc15b4-f5a3-45a6-b52f-481f6dff637a","POMS Oral Surgery + Dental Implants","-79.77324887","36.11327314","dentist","general_dentistry","1112 E Cone Blvd","Greensboro","27405-4546","NC","US","+13365100456","info@pomsoralsurgery.com","","https://www.facebook.com/106513304900989","","0.9902192950248718","open","6","meta | Overture | Overture-signals","CDLA-Permissive-2.0","2026-04-27T00:00:00.000Z | 2026-06-11T11:57:15Z | 2026-05-12T00:29:08Z | 2026-05-18T13:23:54Z | 2026-05-25T13:08:59Z | 2026-06-01T13:20:32Z | 2026-06-08T13:20:12Z"
"NC","North Carolina","06df4cfe-df1d-46f5-8412-42682602c7f7","Dorion & Associates","-78.87795314","35.76024358","dentist","oral_surgeon | periodontist","1783 W Williams St","Apex","27523-9315","NC","US","+19193631501","info@ncimplantcenter.com","https://www.periodontistapex.com","https://www.facebook.com/425545454959810","","0.9199122190475464","open","8","meta | Overture | Overture-signals","CDLA-Permissive-2.0","2026-04-27T00:00:00.000Z | 2026-06-11T11:57:15Z | 2026-05-12T00:29:08Z | 2026-05-18T13:23:54Z | 2026-05-25T13:08:59Z | 2026-06-01T13:20:32Z | 2026-06-08T13:20:12Z"
"NC","North Carolina","06e5f1c8-178a-4fca-88dc-416e3cecc994","Merce Dental Center","-79.80760812","35.71209024","dentist","medical_center | health_and_medical","308 Brewer St","Asheboro","27203-4896","NC","US","+13366107000","","http://www.ncdental.org","https://www.facebook.com/158917514131350","","0.9199122190475464","open","7","meta | Overture | Overture-signals","CDLA-Permissive-2.0","2026-04-27T00:00:00.000Z | 2026-06-11T11:57:15Z | 2026-05-12T00:29:08Z | 2026-05-18T13:23:54Z | 2026-05-25T13:08:59Z | 2026-06-01T13:20:32Z | 2026-06-08T13:20:12Z"
"NC","North Carolina","0738c803-d640-45f6-9dae-c9ed41ea5c85","Phillippi and Kwon Dentistry","-80.72827882","35.27702771","dentist","general_dentistry | doctor","2770 E WT Harris Blvd","Charlotte","28213-4072","NC","US","+17045094513","info@universitydentist.com","http://www.universitydentist.com/","https://www.facebook.com/142349695826780","Phillippi & Kwon Family Dentistry","0.9944157600402832","","9","meta | Overture","CDLA-Permissive-2.0","2026-04-27T00:00:00.000Z | 2026-06-11T11:57:15Z"
"NC","North Carolina","077f392e-5f8b-45ff-9031-811b445b55fb","Adam C. Harrell, DDS","-77.36045478","35.57987664","dentist","general_dentistry | health_and_medical","110 Oakmont Dr","Greenville","27858-5936","NC","US","+12523552424","aharrell@greenvillencdentist.com","http://www.encdentist.com/","https://www.facebook.com/1452299028423437","","0.9199122190475464","open","8","meta | Overture | Overture-signals","CDLA-Permissive-2.0","2026-04-27T00:00:00.000Z | 2026-06-11T11:57:15Z | 2026-05-12T00:29:08Z | 2026-05-18T13:23:54Z | 2026-05-25T13:08:59Z | 2026-06-01T13:20:32Z | 2026-06-08T13:20:12Z"
"NC","North Carolina","077f6943-76f2-4e1e-aaf1-b685460410ba","Dr. Jody Wallace DDS","-79.3537553188979","36.0370273753197","dentist","naturopathic_holistic | family_practice","2148 NC-54","Graham","27253-9023","NC","US","+13365783884","","http://wallacejodypdds1.placeweb.site","https://www.facebook.com/702120099841249","","0.9199122190475464","open","8","meta | Overture | Overture-signals","CDLA-Permissive-2.0","2026-04-27T00:00:00.000Z | 2026-06-11T11:57:15Z | 2026-05-12T00:29:08Z | 2026-05-18T13:23:54Z | 2026-05-25T13:08:59Z | 2026-06-01T13:20:32Z | 2026-06-08T13:20:12Z"
"NC","North Carolina","07886558-807a-47c1-aae1-889fd7daf8ef","Dr A C Williams DDS","-78.6161188696873","35.3110517621908","dentist","","601 W Broad St","Dunn","28334","NC","US","(910) 892-3145","acwilliamsdds@yahoo.com","","https://www.facebook.com/126139300775122","","0.9199122190475464","open","4","Foursquare | Overture | Overture-signals","Apache-2.0 | CDLA-Permissive-2.0","2025-10-17T00:00:00.000 | 2026-06-11T11:57:15Z | 2026-05-12T00:29:08Z | 2026-05-18T13:23:54Z | 2026-05-25T13:08:59Z | 2026-06-01T13:20:32Z | 2026-06-08T13:20:12Z"
"NC","North Carolina","078f9909-45ab-406e-937b-f30743bb76d2","South Blvd Dentistry","-80.8642468","35.20443494","dentist","general_dentistry","2400 South Blvd","Charlotte","28203-5159","NC","US","+17049800707","info@southblvddentistry.com","http://www.southblvddentistry.com","https://www.facebook.com/1438789709521990","South Blvd Dentistry","0.9902192950248718","open","9","meta | Overture | Overture-signals","CDLA-Permissive-2.0","2026-04-27T00:00:00.000Z | 2026-06-11T11:57:15Z | 2026-05-12T00:29:08Z | 2026-05-18T13:23:54Z | 2026-05-25T13:08:59Z | 2026-06-01T13:20:32Z | 2026-06-08T13:20:12Z"
"NC","North Carolina","07950a0f-7e1e-4513-be60-4b2dd4772ad2","First Avenue Dental","-78.4819594","35.78765547","dentist","general_dentistry | cosmetic_dentist","106 N 1st Ave","Knightdale","27545-7018","NC","US","+19192669286","","http://www.knightdaledentalcare.com","https://www.facebook.com/1740567069505585","Libfraind Sidney DR DMD","0.9199122190475464","open","9","meta | Overture | Overture-signals","CDLA-Permissive-2.0","2026-04-27T00:00:00.000Z | 2026-06-11T11:57:15Z | 2026-05-12T00:29:08Z | 2026-05-18T13:23:54Z | 2026-05-25T13:08:59Z | 2026-06-01T13:20:32Z | 2026-06-08T13:20:12Z"
"NC","North Carolina","07adf342-5966-4410-9598-9631a658d066","Ideal Dental High Point","-79.96806427","36.03250698","dentist","general_dentistry | orthodontist","1589 Skeet Club Rd","High Point","27265-8817","NC","US","+13364502078","info@idealdentalhighpoint.com","https://www.myidealdental.com/high-point","https://www.facebook.com/822797077925254","Ideal Dental","0.9902192950248718","open","9","meta | Overture | Overture-signals","CDLA-Permissive-2.0","2026-04-27T00:00:00.000Z | 2026-06-11T11:57:15Z | 2026-05-12T00:29:08Z | 2026-05-18T13:23:54Z | 2026-05-25T13:08:59Z | 2026-06-01T13:20:32Z | 2026-06-08T13:20:12Z"
"NC","North Carolina","07e27907-8808-4474-9573-e20216b068f5","Warr Pediatric Dental Associates","-80.029888429075","35.9493554807703","dentist","","1008 Hutton Ln","High Point","27262","NC","US","(336) 887-9277","leslie@warrpda.org","http://www.warrpda.org","https://www.twitter.com/warrpda | https://www.facebook.com/105928307650 | https://www.instagram.com/warrpda","","0.77","","5","Foursquare | Overture","Apache-2.0 | CDLA-Permissive-2.0","2025-08-22T00:00:00.000 | 2026-06-11T11:57:15Z"
"NC","North Carolina","07e6b985-d8bd-419d-a271-5a2a4bc00ebf","LandMark Dentistry - Wesley Chapel","-80.6992209","34.9997883","dentist","general_dentistry | health_and_medical","5922 Weddington Rd","Wesley Chapel","28104-8202","NC","US","+17043184208","info@larryperkinsdds.com","http://thelandmarksmile.com/wesley-chapel","https://www.facebook.com/151142159001411","LandMark Dentistry","0.9199122190475464","open","9","meta | Overture | Overture-signals","CDLA-Permissive-2.0","2026-04-27T00:00:00.000Z | 2026-06-11T11:57:15Z | 2026-05-12T00:29:08Z | 2026-05-18T13:23:54Z | 2026-05-25T13:08:59Z | 2026-06-01T13:20:32Z | 2026-06-08T13:20:12Z"
"NC","North Carolina","07e7ebef-2ba3-4e2f-97b5-dc03e5e39e02","HPU Health","-80.018472","35.975552","dentist","","1634 Main St","High Point","27262-2607","NC","US","","","https://www.hpuhealth.com/","https://www.facebook.com/109360312208069","HPU Health - Randolph Dental","0.8393292427062988","","7","meta | Overture","CDLA-Permissive-2.0","2026-04-27T00:00:00.000Z | 2026-06-11T11:57:15Z"
"NC","North Carolina","07f25ab4-efc1-4578-9f09-2e08bf65d2fb","Parkview Dental","-82.52827916","35.5994556","dentist","general_dentistry","1200 Centre Park Dr","Asheville","28805-6103","NC","US","+18282523591","office@parkviewavl.com","http://www.parkviewdentalasheville.com/","https://www.facebook.com/101873801915372","","0.9902192950248718","open","7","meta | Overture | Overture-signals","CDLA-Permissive-2.0","2026-04-27T00:00:00.000Z | 2026-06-11T11:57:15Z | 2026-05-12T00:29:08Z | 2026-05-18T13:23:54Z | 2026-05-25T13:08:59Z | 2026-06-01T13:20:32Z | 2026-06-08T13:20:12Z"
"NC","North Carolina","07f7e954-702d-47f4-a26b-787a7990e551","Radiant Smiles Family & Cosmetic Dentistry","-80.86852228","35.09412567","dentist","cosmetic_dentist | general_dentistry","10460 Park Rd","Charlotte","28210-8536","NC","US","+17043965184","info@radiantsmilesnc.com","https://radiantsmilesfamilydentistry.com/","https://www.facebook.com/101051361805366","","0.9992102771997452","","3","meta | Overture","CDLA-Permissive-2.0","2026-04-27T00:00:00.000Z | 2026-06-11T11:57:15Z"
"NC","North Carolina","081882cf-3faa-4738-976c-64602a75657d","Main Street Dental","-81.14721794","36.15900178","dentist","general_dentistry","921 Main St","North Wilkesboro","28659-4215","NC","US","+13366672201","information@mainstreetdentalnc.com","http://www.mainstreetdentalnc.com/","https://www.facebook.com/489490251193534","","0.9199122190475464","open","9","meta | Overture | Overture-signals","CDLA-Permissive-2.0","2026-04-27T00:00:00.000Z | 2026-06-11T11:57:15Z | 2026-05-12T00:29:08Z | 2026-05-18T13:23:54Z | 2026-05-25T13:08:59Z | 2026-06-01T13:20:32Z | 2026-06-08T13:20:12Z"
"NC","North Carolina","0829fbb1-d76d-43c4-b4d8-46db15a4b151","Inspired Dentistry of Charlotte","-80.75991725","35.33839004","dentist","general_dentistry | cosmetic_dentist","2315 West Arbors Dr","Charlotte","28262-2577","NC","US","+19805958245","karen@inspireddoc.com","http://www.inspireddoc.com/","https://www.facebook.com/180173019201","Inspired Dentistry of Charlotte","0.9926430583000183","","8","meta | Overture","CDLA-Permissive-2.0","2026-04-27T00:00:00.000Z | 2026-06-11T11:57:15Z"
"NC","North Carolina","08470740-0d7b-4573-afe8-662cfae64e17","The Dental Care Center - Zebulon","-78.294327","35.8305207","dentist","","877 E Gannon Ave #401","Zebulon","27597","NC","US","(919) 269-0103","","https://www.mycarolinadentist.com/offices/zebulon-office/","https://www.facebook.com/112789832112966","","0.9199122190475464","open","4","Foursquare | Overture | Overture-signals","Apache-2.0 | CDLA-Permissive-2.0","2020-10-14T00:00:00.000 | 2026-06-11T11:57:15Z | 2026-05-12T00:29:08Z | 2026-05-18T13:23:54Z | 2026-05-25T13:08:59Z | 2026-06-01T13:20:32Z | 2026-06-08T13:20:12Z"
"NC","North Carolina","08530f08-91c2-452b-b0f7-ec2a2fa77988","Pearl. Dentistry Reimagined","-80.84480143","35.22687223","dentist","cosmetic_dentist | general_dentistry","200 S Tryon St","Charlotte","28202-0016","NC","US","+19803507456","","http://www.pearlcharlotte.com/","https://www.facebook.com/1800846960239115","Pearl. Dentistry Reimagined","0.9902192950248718","open","8","meta | Overture | Overture-signals","CDLA-Permissive-2.0","2026-04-27T00:00:00.000Z | 2026-06-11T11:57:15Z | 2026-05-12T00:29:08Z | 2026-05-18T13:23:54Z | 2026-05-25T13:08:59Z | 2026-06-01T13:20:32Z | 2026-06-08T13:20:12Z"
"NC","North Carolina","085354fa-0bcc-425d-a28b-2011bdf4012c","Turik Scott a DDS","-78.12350143","35.59449037","dentist","health_and_medical | family_practice","105 N Corbett Ave","Kenly","27542","NC","US","+19192842254","","http://www.ncdentalboard.org","https://www.facebook.com/156291787742685","","0.9241508841514587","","2","meta | Overture","CDLA-Permissive-2.0","2026-04-27T00:00:00.000Z | 2026-06-11T11:57:15Z"
"NC","North Carolina","0869de2e-c216-4595-8083-a38ba563fa15","Jiger Shah D.D.S","-78.89125","35.84856","dentist","cosmetic_dentist | health_and_medical","1223 Parkside Main St","Cary","27519-6951","NC","US","+19197016699","","https://wellsfamilydental.com/park-west/meet-the-park-west-team/","https://www.facebook.com/1086453698084072","","0.9208328723907471","","3","meta | Overture","CDLA-Permissive-2.0","2026-04-27T00:00:00.000Z | 2026-06-11T11:57:15Z"
"NC","North Carolina","08947069-7b22-4c02-a6fa-ab4986e408da","Smith & Heymann Orthddontics","-79.0499520839696","35.9146179845766","dentist","","1506 E Franklin St Ste 304","Chapel Hill","27514","NC","US","(919) 493-4911","info@smithandheymann.com","https://smithandheymann.com","","","0.77","","5","Foursquare | Overture","Apache-2.0 | CDLA-Permissive-2.0","2025-06-07T00:00:00.000 | 2026-06-11T11:57:15Z"
"NC","North Carolina","089601c4-0d48-4d0a-b0ed-96511217cd19","Woodson Dentistry","-75.6183959458603","35.9395860489423","dentist","","4810 S Croatan Hwy Ste 270","Nags Head","27959","NC","US","(252) 441-1319","office@beachdds.net","http://woodsondentistry.com","https://www.facebook.com/164882480272680","","0.9199122190475464","open","7","Foursquare | Overture | Overture-signals","Apache-2.0 | CDLA-Permissive-2.0","2025-08-22T00:00:00.000 | 2026-06-11T11:57:15Z | 2026-05-12T00:29:08Z | 2026-05-18T13:23:54Z | 2026-05-25T13:08:59Z | 2026-06-01T13:20:32Z | 2026-06-08T13:20:12Z"
"NC","North Carolina","0899de45-42b9-4b9b-aa9f-031e282ef4b3","Maner J Trahey DDS PA","-75.6446459","35.98431443","dentist","health_and_medical | cosmetic_dentist","2518 S Croatan Hwy","Nags Head","27959-8808","NC","US","+12524411006","","http://manerdentistry.com","https://www.facebook.com/139906426057778","","0.9635064601898193","","1","meta | Overture","CDLA-Permissive-2.0","2026-04-27T00:00:00.000Z | 2026-06-11T11:57:15Z"
"NC","North Carolina","08b32fef-aaa9-4634-9426-88496eb59175","University Dental Associates High Point","-79.97667635","36.01962604","dentist","general_dentistry","2021 Eastchester Dr","High Point","27265-1565","NC","US","+13368913607","udaeastchester@mydentalmail.com","http://udadentistry.com/","https://www.facebook.com/295586720301336","Dr Camacho Invisalign Platinum","0.995111603975296","","9","meta | Overture","CDLA-Permissive-2.0","2026-04-27T00:00:00.000Z | 2026-06-11T11:57:15Z"
"NC","North Carolina","08b42ef8-ca53-49e1-a094-88fbf1492c46","Aspen Dental","-80.60513","35.437238","dentist","","1421 Concord Pkwy N STE 10","Concord","28025","NC","US","","","https://www.aspendental.com/dentist/nc/concord/1421-concord-pkwy-n-ste-10/","","Aspen Dental","0.954","","7","AllThePlaces | Overture","CC0-1.0 | CDLA-Permissive-2.0","2026-06-02T15:18:54.000Z | 2026-06-11T11:57:15Z"
"NC","North Carolina","08c00e79-1ddc-4bc3-aab8-f71f405240d1","Anthony N Hoang, DMD","-80.2266302810546","35.8375055999346","dentist","","672 Radio Dr Ste A","Lexington","27292","NC","US","(336) 236-9497","nclexingtondental@gmail.com","http://www.nclexingtondental.com","https://www.facebook.com/648398045258746","","0.77","","5","Foursquare | Overture","Apache-2.0 | CDLA-Permissive-2.0","2025-08-22T00:00:00.000 | 2026-06-11T11:57:15Z"
"NC","North Carolina","08c52dac-565c-4bf0-9997-d8288c439f8f","Charlotte Dentistry","-80.84702727","35.22476994","dentist","general_dentistry | health_and_medical","400 S Tryon St","Charlotte","28202","NC","US","+17043765950","jloparo@carolina.rr.com","http://www.charlottegeneraldentist.com/","https://www.facebook.com/216458848408135","","0.9199122190475464","open","7","meta | Overture | Overture-signals","CDLA-Permissive-2.0","2026-04-27T00:00:00.000Z | 2026-06-11T11:57:15Z | 2026-05-12T00:29:08Z | 2026-05-18T13:23:54Z | 2026-05-25T13:08:59Z | 2026-06-01T13:20:32Z | 2026-06-08T13:20:12Z"
"NC","North Carolina","08d36334-fa73-4aae-9ba6-8d59aeb530c3","Smile Sculptors of Wake Forest","-78.51098669","35.96611753","dentist","orthodontist | health_and_medical","900 S Franklin St","Wake Forest","27587-2799","NC","US","+19198251795","sanderson@smilesculptors.com","http://www.smilesculptors.com/","https://www.facebook.com/152600734924202","","0.9199122190475464","open","7","meta | Overture | Overture-signals","CDLA-Permissive-2.0","2026-04-27T00:00:00.000Z | 2026-06-11T11:57:15Z | 2026-05-12T00:29:08Z | 2026-05-18T13:23:54Z | 2026-05-25T13:08:59Z | 2026-06-01T13:20:32Z | 2026-06-08T13:20:12Z"
"NC","North Carolina","08f42202-6ac8-4cf2-b140-ab9ee6406651","Studio G Aesthetic & Family Dentistry","-79.0298467","35.93589337","dentist","general_dentistry | cosmetic_dentist","104 N Elliott Rd","Chapel Hill","27514-5837","NC","US","+19199427163","info@studiogdentist.com","http://www.StudioGDentist.com/","https://www.facebook.com/348149021882583","","0.9199122190475464","open","7","meta | Overture | Overture-signals","CDLA-Permissive-2.0","2026-04-27T00:00:00.000Z | 2026-06-11T11:57:15Z | 2026-05-12T00:29:08Z | 2026-05-18T13:23:54Z | 2026-05-25T13:08:59Z | 2026-06-01T13:20:32Z | 2026-06-08T13:20:12Z"
"NC","North Carolina","0901b650-0dac-4f68-b3a6-98b703f5c8e2","Thomas O'Leary Dentistry","-80.87177455","35.43933225","dentist","general_dentistry | health_and_medical","16419 Northcross Dr","Huntersville","28078-5004","NC","US","+19806895073","info@thomasolearydentistry.com","http://thomasolearydentistry.com/","https://www.facebook.com/797118640364006","","0.9902192950248718","open","8","meta | Overture | Overture-signals","CDLA-Permissive-2.0","2026-04-27T00:00:00.000Z | 2026-06-11T11:57:15Z | 2026-05-12T00:29:08Z | 2026-05-18T13:23:54Z | 2026-05-25T13:08:59Z | 2026-06-01T13:20:32Z | 2026-06-08T13:20:12Z"
"NC","North Carolina","090c601d-f3f0-47c7-a4a1-de2eaf74772b","BlissDental ","-80.5796777","35.0239192","dentist","health_and_medical","1900 Wellness Blvd","Monroe","28110-7763","NC","US","+17042965100","info@blissdentalnc.com","http://blissedentalnc.com/","https://www.facebook.com/562805413572753","","0.63094162940979","","7","meta | Overture","CDLA-Permissive-2.0","2026-04-27T00:00:00.000Z | 2026-06-11T11:57:15Z"
"NC","North Carolina","0923d9ab-6fa3-4e36-a0aa-a0627c4571cc","S. Alicia Ramos, DDS","-78.9655923793462","35.917486982777","dentist","","1515 West Nc 54 Highway #260","Durham","27707","NC","US","(919) 493-5714","","http://www.aliciaramos.com","","","0.77","","5","Foursquare | Overture","Apache-2.0 | CDLA-Permissive-2.0","2025-08-22T00:00:00.000 | 2026-06-11T11:57:15Z"
"NC","North Carolina","09519655-75cf-4149-838a-799d7f94f1f4","St. Mary's Family Dentistry","-78.65112155","35.79083539","dentist","cosmetic_dentist | endodontist","817 Brooklyn St","Raleigh","27605-1469","NC","US","+19198967117","stmarysdentistry@gmail.com","http://stmarysdds.com/","https://www.facebook.com/239534049455702","","0.9993876963853836","","8","meta | Overture","CDLA-Permissive-2.0","2026-04-27T00:00:00.000Z | 2026-06-11T11:57:15Z"
"NC","North Carolina","095916e9-5098-4b63-b07a-cdcdee61527b","Dr. Lewis, K.","-78.8794208495445","35.1167291203572","dentist","","4140 Ramsey St","Fayetteville","28311","NC","US","(910) 488-0518","","http://www.kennethlewisdds.com","https://www.twitter.com/nclewisdentist","","0.9199122190475464","open","4","Foursquare | Overture | Overture-signals","Apache-2.0 | CDLA-Permissive-2.0","2025-08-22T00:00:00.000 | 2026-06-11T11:57:15Z | 2026-05-12T00:29:08Z | 2026-05-18T13:23:54Z | 2026-05-25T13:08:59Z | 2026-06-01T13:20:32Z | 2026-06-08T13:20:12Z"
"NC","North Carolina","0969a0f4-d7cb-4ce3-b387-2d81c9e3655c","Dr. Susan White","-80.7703942601553","35.1887603094266","dentist","","Monroe rd","Charlotte","28212","NC","US","(704) 535-0782","","http://www.regaloaksdental.com","","","0.77","","5","Foursquare | Overture","Apache-2.0 | CDLA-Permissive-2.0","2025-11-24T00:00:00.000 | 2026-06-11T11:57:15Z"
"NC","North Carolina","097e5102-9148-4b39-9e66-f6e9d3a82375","Charlotte DentalPro","-80.8537461","35.20857832","dentist","general_dentistry | doctor","518 East Blvd","Charlotte","28203-5110","NC","US","+17042474000","frontdesk@charlottedentalpro.com","http://charlottedentalpro.com/","https://www.facebook.com/847053222073549","","0.9199122190475464","open","9","meta | Overture | Overture-signals","CDLA-Permissive-2.0","2026-04-27T00:00:00.000Z | 2026-06-11T11:57:15Z | 2026-05-12T00:29:08Z | 2026-05-18T13:23:54Z | 2026-05-25T13:08:59Z | 2026-06-01T13:20:32Z | 2026-06-08T13:20:12Z"
"NC","North Carolina","09930ece-b209-4604-8c95-bf7bdf105a98","Atlantic Dental Group","-77.92904494","34.19977092","dentist","general_dentistry | cosmetic_dentist","1301 Physicians Dr","Wilmington","28401-7352","NC","US","+19107620958","info@atlantic-dental.com","http://atlantic-dental.com/","https://www.facebook.com/154738941211083","Atlantic Dental Group","0.9199122190475464","open","9","meta | Overture | Overture-signals","CDLA-Permissive-2.0","2026-04-27T00:00:00.000Z | 2026-06-11T11:57:15Z | 2026-05-12T00:29:08Z | 2026-05-18T13:23:54Z | 2026-05-25T13:08:59Z | 2026-06-01T13:20:32Z | 2026-06-08T13:20:12Z"
"NC","North Carolina","0994cc8d-327c-4ce0-807f-579ffeb8ccc3","Motto Clear Aligners","-78.37669649","33.98049979","dentist","health_and_medical","113 Smith Ave Unit 5","Shallotte","28470","NC","US","9802962473","","https://www.aspendental.com/dentist/nc/shallotte/113-smith-ave-unit-5/motto-clear-aligners/","","","0.9199122190475464","open","8","Microsoft | Overture | Overture-signals","CDLA-Permissive-2.0","2025-10-04T07:45:32.887Z | 2026-06-11T11:57:15Z | 2026-05-12T00:29:08Z | 2026-05-18T13:23:54Z | 2026-05-25T13:08:59Z | 2026-06-01T13:20:32Z | 2026-06-08T13:20:12Z"
"NC","North Carolina","0998a388-f34c-45cc-a7b4-328bd6e9cd61","Signature Smiles","-77.83312095","34.23668901","dentist","general_dentistry | cosmetic_dentist","6740 Rock Spring Rd","Wilmington","28405-3185","NC","US","+19102569141","","","https://www.facebook.com/502307776460065","","0.9199122190475464","open","9","meta | Overture | Overture-signals","CDLA-Permissive-2.0","2026-04-27T00:00:00.000Z | 2026-06-11T11:57:15Z | 2026-05-12T00:29:08Z | 2026-05-18T13:23:54Z | 2026-05-25T13:08:59Z | 2026-06-01T13:20:32Z | 2026-06-08T13:20:12Z"
"NC","North Carolina","09ad4e34-3010-419f-bbe9-32caeab34ca7","Dental Care Center","-77.77318428","35.92972884","dentist","general_dentistry | cosmetic_dentist","105 Wayfarer Ct","Rocky Mount","27801-6282","NC","US","+12529776440","","http://dcc-smiles.com","https://www.facebook.com/154825921220869","","0.9902192950248718","open","7","meta | Overture | Overture-signals","CDLA-Permissive-2.0","2026-04-27T00:00:00.000Z | 2026-06-11T11:57:15Z | 2026-05-12T00:29:08Z | 2026-05-18T13:23:54Z | 2026-05-25T13:08:59Z | 2026-06-01T13:20:32Z | 2026-06-08T13:20:12Z"
"NC","North Carolina","09c077d4-225e-49ca-8d17-3077bba4c15a","Loveland Dental Group","-80.8917857599643","35.4762300234457","dentist","","19315 W Catawba Ave Ste 104","Cornelius","28031","NC","US","(704) 251-9830","bj.stucki@lovelandgroup.com","http://www.lovelandgroup.com","https://www.twitter.com/lovelanddental | https://www.facebook.com/174220013003034","","0.9199122190475464","open","9","Foursquare | Overture | Overture-signals","Apache-2.0 | CDLA-Permissive-2.0","2025-08-22T00:00:00.000 | 2026-06-11T11:57:15Z | 2026-05-12T00:29:08Z | 2026-05-18T13:23:54Z | 2026-05-25T13:08:59Z | 2026-06-01T13:20:32Z | 2026-06-08T13:20:12Z"
"NC","North Carolina","0a21865d-9867-4048-a947-3c7cc2d3cb6e","Curtis R. Page, DDS","-80.7278237825506","35.1438349240654","dentist","","2300 Sardis Rd N Ste G","Charlotte","28227","NC","US","(704) 846-3755","","http://udadentistry.com","","","0.9199122190475464","open","4","Foursquare | Overture | Overture-signals","Apache-2.0 | CDLA-Permissive-2.0","2025-03-20T00:00:00.000 | 2026-06-11T11:57:15Z | 2026-05-12T00:29:08Z | 2026-05-18T13:23:54Z | 2026-05-25T13:08:59Z | 2026-06-01T13:20:32Z | 2026-06-08T13:20:12Z"
"NC","North Carolina","0a37ec75-fbce-4553-a8af-e61f8a086647","Denise A. Perrotta","-80.30704587","36.0762997","dentist","general_dentistry | cosmetic_dentist","1409 Plaza West Rd","Winston-Salem","27103-1418","NC","US","+13367609258","contactus@drdeniseperrotta.com","http://www.drdeniseperrotta.com/","https://www.facebook.com/185598668304643","","0.9199122190475464","open","9","meta | Overture | Overture-signals","CDLA-Permissive-2.0","2026-04-27T00:00:00.000Z | 2026-06-11T11:57:15Z | 2026-05-12T00:29:08Z | 2026-05-18T13:23:54Z | 2026-05-25T13:08:59Z | 2026-06-01T13:20:32Z | 2026-06-08T13:20:12Z"
"NC","North Carolina","0a521dd2-0123-4966-a866-e336f9de3612","Anthony F. Nottage, DDS","-79.79751772","36.13391255","dentist","health_and_medical | medical_service_organizations","3608 N Elm St","Greensboro","27455-2743","NC","US","+13362743791","afnot@aol.com","http://www.anthonynottagedds.com/","https://www.facebook.com/148766388499372","","0.9199122190475464","open","7","meta | Overture | Overture-signals","CDLA-Permissive-2.0","2026-04-27T00:00:00.000Z | 2026-06-11T11:57:15Z | 2026-05-12T00:29:08Z | 2026-05-18T13:23:54Z | 2026-05-25T13:08:59Z | 2026-06-01T13:20:32Z | 2026-06-08T13:20:12Z"
"NC","North Carolina","0a5c2538-3368-4760-bddd-b8669b66ccfa","O2 Dental Group of Southern Pines","-79.40254665","35.2260318","dentist","general_dentistry","340 Capital Dr","Carthage","28327-6266","NC","US","+19104691049","","https://www.youtube.com/channel/UCqi8DvaOyP0RMyIaT34dGug/about","https://www.facebook.com/105658481773358","O2 Dental Group","0.9985816478729248","open","8","meta | Overture | Overture-signals","CDLA-Permissive-2.0","2026-04-27T00:00:00.000Z | 2026-06-11T11:57:15Z | 2026-05-12T00:29:08Z"
"NC","North Carolina","0a86ffdc-ec00-4e99-a40b-f25f87f60b7e","Easy life","-80.843401","35.09238","dentist","health_and_medical | hospital","6219 Carmel Rd","Charlotte","28226-8204","NC","US","+17049005045","info@dentistryoncarmel.com","http://dentistryoncarmel.com/","https://www.facebook.com/152974005331718","","0.9821773767471313","","8","meta | Overture","CDLA-Permissive-2.0","2026-04-27T00:00:00.000Z | 2026-06-11T11:57:15Z"
"NC","North Carolina","0aa42a09-eda7-435e-83f7-b14f162b6684","Bright Pediatric Dentistry","-80.8060061931747","35.5844255383951","dentist","","134 Medical Park Rd Ste 210","Mooresville","28117","NC","US","(704) 645-7000","","https://brightpediatricdentists.com","","","0.77","","5","Foursquare | Overture","Apache-2.0 | CDLA-Permissive-2.0","2025-08-04T00:00:00.000 | 2026-06-11T11:57:15Z"
"NC","North Carolina","0abfe475-24b8-4532-92cd-44f5f49eff2f","Robert Dixon","-80.84673339","35.17008545","dentist","general_dentistry | cosmetic_dentist","1720 Abbey Pl","Charlotte","28209-3736","NC","US","+17045252211","info@robertdixondds.com","https://robertdixondds.com/","https://www.facebook.com/128784820531794","","0.9855378270149231","","9","meta | Overture","CDLA-Permissive-2.0","2026-04-27T00:00:00.000Z | 2026-06-11T11:57:15Z"
"NC","North Carolina","0ae4280c-ccec-49b9-bffc-1b473b470c95","H J Brown & Associates Dentistry","-77.37910807","35.60267708","dentist","general_dentistry","410 W 14th St","Greenville","27834-4074","NC","US","+12527588110","hjbdds@suddenlinkmail.com","http://hjbrowndds.com/","https://www.facebook.com/345040579551981","","0.9722161889076233","","9","meta | Overture","CDLA-Permissive-2.0","2026-04-27T00:00:00.000Z | 2026-06-11T11:57:15Z"
"NC","North Carolina","0ae998c2-000c-41cc-96bf-69ac5c8d1088","HPU Health - Madison Woods Dental","-79.88423186","36.08758916","dentist","general_dentistry","5509 W Friendly Ave","Greensboro","27410-4248","NC","US","+13367630051","madisonwoodsdental@highpoint.edu","https://www.hpuhealth.com/locations/madison-woods-dental","https://www.facebook.com/618944807964306","HPU Health - Randolph Dental","0.9722161889076233","","8","meta | Overture","CDLA-Permissive-2.0","2026-04-27T00:00:00.000Z | 2026-06-11T11:57:15Z"
"NC","North Carolina","0af30986-8069-4fd6-9287-aefea31dde53","Welborne, White and Schmidt Dentistry","-80.86567187","35.45175277","dentist","general_dentistry | medical_service_organizations","9700 Caldwell Commons Cir","Cornelius","28031-8104","NC","US","+17048967955","info@wwsdental.com","https://wwsdental.com/","https://www.facebook.com/107969475906963","","0.999666010081768","","8","meta | Overture","CDLA-Permissive-2.0","2026-04-27T00:00:00.000Z | 2026-06-11T11:57:15Z"
"NC","North Carolina","0afadb3a-be18-4b11-8a95-231a5f587948","Supremia Dentistry","-78.5253487","35.95597955","dentist","general_dentistry | cosmetic_dentist","1704 S Main St","Wake Forest","27587-7323","NC","US","+19849835865","drsuh@supremiadentistry.com","https://www.supremiadentistry.com","https://www.facebook.com/247154535306830","Supremia Dentistry","0.9902192950248718","open","8","meta | Overture | Overture-signals","CDLA-Permissive-2.0","2026-04-27T00:00:00.000Z | 2026-06-11T11:57:15Z | 2026-05-12T00:29:08Z | 2026-05-18T13:23:54Z | 2026-05-25T13:08:59Z | 2026-06-01T13:20:32Z | 2026-06-08T13:20:12Z"
"NC","North Carolina","0b18e846-b1a8-4d52-873a-6c2faffdd496","Physiologic Aesthetics","-78.63775549","35.86068128","dentist","doctor","5904 Six Forks Rd","Raleigh","27609-8227","NC","US","+19197829955","info@carolinatmj.com","http://www.carolinatmj.com/","https://www.facebook.com/624420794324455","Carolina TMJ & Facial Pain Center","0.9199122190475464","open","8","meta | Overture | Overture-signals","CDLA-Permissive-2.0","2026-04-27T00:00:00.000Z | 2026-06-11T11:57:15Z | 2026-05-12T00:29:08Z | 2026-05-18T13:23:54Z | 2026-05-25T13:08:59Z | 2026-06-01T13:20:32Z | 2026-06-08T13:20:12Z"
"NC","North Carolina","0b38c610-4511-452e-8116-5759906f7db0","Carter and Hoff Dentistry","-77.87509435","34.29654133","dentist","general_dentistry | health_and_medical","4316 Henson Dr","Wilmington","28405-7424","NC","US","+19103951585","info@carterandhoffdentistry.com","http://www.carterandhoffdentistry.com/","https://www.facebook.com/461224140678409","Carter and Hoff Dentistry","0.9902192950248718","open","8","meta | Overture | Overture-signals","CDLA-Permissive-2.0","2026-04-27T00:00:00.000Z | 2026-06-11T11:57:15Z | 2026-05-12T00:29:08Z | 2026-05-18T13:23:54Z | 2026-05-25T13:08:59Z | 2026-06-01T13:20:32Z | 2026-06-08T13:20:12Z"
"NC","North Carolina","0b5b32e0-05da-4f8d-a557-25cbe2babfdc","Lowery Smiles","-78.8271717312018","35.7921311841593","dentist","","110 Preston Executive Dr #104","Cary","27513","NC","US","(919) 371-2515","lowerystaff@gmail.com","https://www.lowerysmiles.com","https://www.facebook.com/214656745265176","","0.9199122190475464","open","4","Foursquare | Overture | Overture-signals","Apache-2.0 | CDLA-Permissive-2.0","2022-03-22T00:00:00.000 | 2026-06-11T11:57:15Z | 2026-05-12T00:29:08Z | 2026-05-18T13:23:54Z | 2026-05-25T13:08:59Z | 2026-06-01T13:20:32Z | 2026-06-08T13:20:12Z"
"NC","North Carolina","0b749412-24a6-4d43-bcb4-9d014f11f966","Smile For A Lifetime - Spielberg Orthodontics","-78.871748","35.746235","dentist","orthodontist | community_services_non_profits","1031 Pemberton Hill Rd","Apex","27502-0078","NC","US","+19193636330","info@spielberg-ortho.com","http://www.spielberg-ortho.com/","https://www.facebook.com/122697717892235","Spielberg Orthodontics","0.6909852027893066","","8","meta | Overture","CDLA-Permissive-2.0","2026-04-27T00:00:00.000Z | 2026-06-11T11:57:15Z"
"NC","North Carolina","0bbc33b9-2029-4831-99c7-9d18ea18cce1","Chapman Implant and Comprehensive Dentistry","-78.67933569","35.90055257","dentist","general_dentistry | health_and_medical","8321 Bandford Way","Raleigh","27615-2759","NC","US","+19197827333","contactus@chapman.dental","https://raleighncdental.com/","https://www.facebook.com/123452934994357","","0.9199122190475464","open","8","meta | Overture | Overture-signals","CDLA-Permissive-2.0","2026-04-27T00:00:00.000Z | 2026-06-11T11:57:15Z | 2026-05-12T00:29:08Z | 2026-05-18T13:23:54Z | 2026-05-25T13:08:59Z | 2026-06-01T13:20:32Z | 2026-06-08T13:20:12Z"
"NC","North Carolina","0bd504b0-4e22-4be5-af2f-6817612aaaab","Vann Family Dental","-80.70863625","35.17262648","dentist","doctor | medical_service_organizations","5716 Wyalong Dr","Charlotte","28227-7847","NC","US","+19808198040","y.vann@vannfamilydental.com","http://vannfamilydental.org/","https://www.facebook.com/763104777151006","","0.9199122190475464","open","7","meta | Overture | Overture-signals","CDLA-Permissive-2.0","2026-04-27T00:00:00.000Z | 2026-06-11T11:57:15Z | 2026-05-12T00:29:08Z | 2026-05-18T13:23:54Z | 2026-05-25T13:08:59Z | 2026-06-01T13:20:32Z | 2026-06-08T13:20:12Z"
"NC","North Carolina","0be7efe5-5315-4842-ad3e-2b4031652adf","Lloyd Ronnie D DDS","-77.96671173","35.97325445","dentist","general_dentistry","105 W Church St","Nashville","27856-1327","NC","US","+12524592561","rlloydds@embarqmail.com","http://www.nashvillencdentist.com/home","https://www.facebook.com/317315558301958","Ronnie D Lloyd, dentist","0.9199122190475464","open","8","meta | Overture | Overture-signals","CDLA-Permissive-2.0","2026-04-27T00:00:00.000Z | 2026-06-11T11:57:15Z | 2026-05-12T00:29:08Z | 2026-05-18T13:23:54Z | 2026-05-25T13:08:59Z | 2026-06-01T13:20:32Z | 2026-06-08T13:20:12Z"
"NC","North Carolina","0c0548ca-59e1-4774-af9f-a890d4b4d1dc","Dr. Mark P. Tompkins, DDS","-80.89203127","35.47390052","dentist","general_dentistry | cosmetic_dentist","19109 W Catawba Ave","Cornelius","28031-5611","NC","US","+17048953833","mark_dds@bellsouth.net","http://lakenormansmile.com/","https://www.facebook.com/114616075291174","","0.9199122190475464","open","7","meta | Overture | Overture-signals","CDLA-Permissive-2.0","2026-04-27T00:00:00.000Z | 2026-06-11T11:57:15Z | 2026-05-12T00:29:08Z | 2026-05-18T13:23:54Z | 2026-05-25T13:08:59Z | 2026-06-01T13:20:32Z | 2026-06-08T13:20:12Z"
"NC","North Carolina","0c098044-5ef8-4f3b-8702-1494b737ee88","Allen Prevette DDS PA","-80.82791543","35.1478582","dentist","orthodontist | periodontist","6747 Fairview Rd","Charlotte","28210-3354","NC","US","+17043669196","","http://www.allenprevettedds.com","https://www.facebook.com/184430358286801","","0.9199122190475464","open","6","meta | Overture | Overture-signals","CDLA-Permissive-2.0","2026-04-27T00:00:00.000Z | 2026-06-11T11:57:15Z | 2026-05-12T00:29:08Z | 2026-05-18T13:23:54Z | 2026-05-25T13:08:59Z | 2026-06-01T13:20:32Z | 2026-06-08T13:20:12Z"
"NC","North Carolina","0c0ed68a-2169-4408-b8ee-5eda4644b224","JC Duncan DDS PA","-80.84784588","35.41031831","dentist","general_dentistry | health_and_medical","215 Gilead Rd","Huntersville","28078-0027","NC","US","+17043131162","info@lakenormandental.com","http://www.lakenormandental.com/","https://www.facebook.com/125020754248816","JC Duncan DDS PA","0.9902192950248718","open","10","meta | Overture | Overture-signals","CDLA-Permissive-2.0","2026-04-27T00:00:00.000Z | 2026-06-11T11:57:15Z | 2026-05-12T00:29:08Z | 2026-05-18T13:23:54Z | 2026-05-25T13:08:59Z | 2026-06-01T13:20:32Z | 2026-06-08T13:20:12Z"
"NC","North Carolina","0c21c499-0024-4c1b-aed8-1ee09ac5d33f","HPU Health - Randolph Dental","-79.80989983","35.71303762","dentist","","511 Greensboro St","Asheboro","27203-4736","NC","US","+13365791451","randolphdental.treatment@highpoint.edu","https://www.hpuhealth.com/home/find-a-location/randolph-dental-asheboro/","https://www.facebook.com/157483247448061","HPU Health - Randolph Dental","0.9584230184555054","open","8","meta | Overture | Overture-signals","CDLA-Permissive-2.0","2026-04-27T00:00:00.000Z | 2026-06-11T11:57:15Z | 2026-05-12T00:29:08Z"
"NC","North Carolina","0c40f31d-9b11-4b60-af6b-c35435d13993","Elizabeth City Dental Implants","-76.21903","36.32078","dentist","","1140 N Road St","Elizabeth City","27909-3353","NC","US","+12525626151","elizabethcity@protonmail.com","","https://www.facebook.com/116107783539471","","0.9397357702255249","","7","meta | Overture","CDLA-Permissive-2.0","2026-04-27T00:00:00.000Z | 2026-06-11T11:57:15Z"
"NC","North Carolina","0c4dd1b4-d00b-41aa-b3aa-a32df616264c","Olmsted Orthodontics","-79.991999176582","36.1742358135779","dentist","","2205 Oak Ridge Rd Ste Cc","Oak Ridge","27310","NC","US","(336) 441-8301","","https://www.olmstedorthodontics.com","https://www.twitter.com/olmstedortho | https://www.facebook.com/1426998330903345","","0.77","","5","Foursquare | Overture","Apache-2.0 | CDLA-Permissive-2.0","2025-08-22T00:00:00.000 | 2026-06-11T11:57:15Z"
"NC","North Carolina","0c6ac293-3078-45e5-b145-effac0d9ccc7","Smile Forever Family Dentistry","-78.85959419","35.83398881","dentist","general_dentistry","6406 McCrimmon Pkwy","Morrisville","27560-0288","NC","US","+19194609061","info@smileforeverdental.com","https://smileforeverdental.com/","https://www.facebook.com/509434985586602","","0.9199122190475464","open","8","meta | Overture | Overture-signals","CDLA-Permissive-2.0","2026-04-27T00:00:00.000Z | 2026-06-11T11:57:15Z | 2026-05-12T00:29:08Z | 2026-05-18T13:23:54Z | 2026-05-25T13:08:59Z | 2026-06-01T13:20:32Z | 2026-06-08T13:20:12Z"
"NC","North Carolina","0c7c2f5c-8df0-4b66-9efa-4a083a0361c0","Coastal Pines Dental","-77.82747607","34.25606053","dentist","general_dentistry","417 Arboretum Dr","Wilmington","28405-6304","NC","US","+19107566006","info@coastalpinesdental.com","http://coastalpinesdental.com/","https://www.facebook.com/106286542058771","","0.9902192950248718","open","8","meta | Overture | Overture-signals","CDLA-Permissive-2.0","2026-04-27T00:00:00.000Z | 2026-06-11T11:57:15Z | 2026-05-12T00:29:08Z | 2026-05-18T13:23:54Z | 2026-05-25T13:08:59Z | 2026-06-01T13:20:32Z | 2026-06-08T13:20:12Z"
"NC","North Carolina","0ce80fc5-7790-4e00-9154-e736661a2cf5","James Kennedy Jolly, DDS","-80.76844","35.34014","dentist","health_and_medical","10320 Mallard Creek Rd Ste 160","Charlotte","28262","NC","US","7044947394","","https://www.udadentistry.com/about-us/our-dentists/james-k-jolly-dds/","","","0.9199122190475464","open","6","Microsoft | Overture | Overture-signals","CDLA-Permissive-2.0","2019-03-13T17:28:07.060Z | 2026-06-11T11:57:15Z | 2026-05-12T00:29:08Z | 2026-05-18T13:23:54Z | 2026-05-25T13:08:59Z | 2026-06-01T13:20:32Z | 2026-06-08T13:20:12Z"
"NC","North Carolina","0cf6dd2e-65f0-40f5-abc0-83857b5d904b","Charlotte Oral Medicine","-80.81619855","35.23844132","dentist","","2100 N Davidson St","Charlotte","28205-1828","NC","US","+19808926517","office@charlotteoralmedicine.com","http://charlotteoralmedicine.com/","https://www.facebook.com/255656160971543","","0.9199122190475464","open","9","meta | Overture | Overture-signals","CDLA-Permissive-2.0","2026-04-27T00:00:00.000Z | 2026-06-11T11:57:15Z | 2026-05-12T00:29:08Z | 2026-05-18T13:23:54Z | 2026-05-25T13:08:59Z | 2026-06-01T13:20:32Z | 2026-06-08T13:20:12Z"
"NC","North Carolina","0cf786dd-e167-4390-9622-098d36dada0a","Austin Temple","-80.35924437","36.26817817","dentist","medical_service_organizations | health_and_medical","626 Kirby Rd","King","27021-9496","NC","US","+13369834565","","","https://www.facebook.com/373447059729270","","0.9649749398231506","","7","meta | Overture","CDLA-Permissive-2.0","2026-04-27T00:00:00.000Z | 2026-06-11T11:57:15Z"
"NC","North Carolina","0d06e450-4a97-4655-991b-5406a7969c49","Hickory Distinctive Dentistry","-81.310488971641","35.728571156048","dentist","","1624 Tate Blvd SE","Hickory","28602","NC","US","(828) 267-6800","dgaffneydds@gmail.com","http://hickorydistinctivedentistry.com","https://www.facebook.com/210084872494836","","0.9199122190475464","open","4","Foursquare | Overture | Overture-signals","Apache-2.0 | CDLA-Permissive-2.0","2025-08-19T00:00:00.000 | 2026-06-11T11:57:15Z | 2026-05-12T00:29:08Z | 2026-05-18T13:23:54Z | 2026-05-25T13:08:59Z | 2026-06-01T13:20:32Z | 2026-06-08T13:20:12Z"
"NC","North Carolina","0d0a8635-58f9-4ef6-8734-5973daad61f7","Holistic Dental","-80.73883242","35.32739024","dentist","general_dentistry | cosmetic_dentist","10230 Berkeley Place Dr","Charlotte","28262-1202","NC","US","+17046887588","info@drnnadi.com","https://www.DrNnadi.com/","https://www.facebook.com/143717448997561","","0.9199122190475464","open","9","meta | Overture | Overture-signals","CDLA-Permissive-2.0","2026-04-27T00:00:00.000Z | 2026-06-11T11:57:15Z | 2026-05-12T00:29:08Z | 2026-05-18T13:23:54Z | 2026-05-25T13:08:59Z | 2026-06-01T13:20:32Z | 2026-06-08T13:20:12Z"
"NC","North Carolina","0d2247f9-3600-4bc5-a2c6-547d0e7cee95","Forest Lake Dental","-80.6999287392813","35.0031023217449","dentist","","5955 Weddington Rd Ste 101","Wesley Chapel","28104","NC","US","(704) 973-0682","laura@forestlakedental.com","https://www.forestlakedental.com","https://www.facebook.com/559150367520134","","0.77","","5","Foursquare | Overture","Apache-2.0 | CDLA-Permissive-2.0","2023-03-30T00:00:00.000 | 2026-06-11T11:57:15Z"
"NC","North Carolina","0d2314dd-3856-459d-b2d6-e170fd93556c","Andrew J Branch DDS","-80.743988","34.928187","dentist","library | health_and_medical","514 N Broome St","Waxhaw","28173-7376","NC","US","+17048433958","","","https://www.facebook.com/212314036473","","0.5351593494415283","","10","meta | Overture","CDLA-Permissive-2.0","2026-04-27T00:00:00.000Z | 2026-06-11T11:57:15Z"
"NC","North Carolina","0d25c456-a71e-46cc-856d-a8e4e9755613","Dental Care at Meadow Ridge","-80.77452299","34.98768018","dentist","general_dentistry","1610 S Providence Rd","Waxhaw","28173-8314","NC","US","+19805528042","dcmeadowridge@mydentalmail.com","https://dentalcareatmeadowridge.com/","https://www.facebook.com/183846794821743","Dental Health Society online","0.9199122190475464","open","9","meta | Overture | Overture-signals","CDLA-Permissive-2.0","2026-04-27T00:00:00.000Z | 2026-06-11T11:57:15Z | 2026-05-12T00:29:08Z | 2026-05-18T13:23:54Z | 2026-05-25T13:08:59Z | 2026-06-01T13:20:32Z | 2026-06-08T13:20:12Z"
"NC","North Carolina","0d3fa83d-fc46-494d-a36f-2ce7d9c343a2","University Dental Associates Cloverdale","-80.2729057720133","36.0917593539799","dentist","general_dentistry | doctor","131 Miller St","Winston-Salem","27103-2508","NC","US","+13368372680","udamiller@mydentalmail.com","http://www.udadentistry.com/","https://www.facebook.com/729843030491890","Dr Camacho Invisalign Platinum","0.9722161889076233","","6","meta | Overture","CDLA-Permissive-2.0","2026-04-27T00:00:00.000Z | 2026-06-11T11:57:15Z"
"NC","North Carolina","0d443cec-efac-4b9c-a620-bfec4031b32f","Lowery Smiles","-78.83032805","35.78964686","dentist","general_dentistry | medical_service_organizations","1003 High House Rd","Cary","27513-3585","NC","US","+19194685501","office@lowerysmiles.com","http://lowerysmiles.com/","https://www.facebook.com/214656745265176","","0.9981640189886093","","6","meta | Overture","CDLA-Permissive-2.0","2026-04-27T00:00:00.000Z | 2026-06-11T11:57:15Z"
"NC","North Carolina","0d4faa22-3edf-4cc1-b9b1-8541eb0bb537","Contemporary Aesthetic Dentistry","-78.53021003","35.95115456","dentist","general_dentistry | cosmetic_dentist","1906 S Main St","Wake Forest","27587-5032","NC","US","+19195565566","drkennethtripp@gmail.com","http://www.drkennethtripp.com/","https://www.facebook.com/144413825586387","","0.9199122190475464","open","7","meta | Overture | Overture-signals","CDLA-Permissive-2.0","2026-04-27T00:00:00.000Z | 2026-06-11T11:57:15Z | 2026-05-12T00:29:08Z | 2026-05-18T13:23:54Z | 2026-05-25T13:08:59Z | 2026-06-01T13:20:32Z | 2026-06-08T13:20:12Z"
"NC","North Carolina","0d5e5526-8295-4e03-87bd-8091f53df719","Grandover Village Dental Care","-79.90616524","36.00160292","dentist","general_dentistry | doctor","6021 W Gate City Blvd","Greensboro","27407-7021","NC","US","+13365028252","grandovervillagedc@mydentalmail.com","https://grandovervillagedentalcare.com/","https://www.facebook.com/103272932380266","","0.9199122190475464","open","9","meta | Overture | Overture-signals","CDLA-Permissive-2.0","2026-04-27T00:00:00.000Z | 2026-06-11T11:57:15Z | 2026-05-12T00:29:08Z | 2026-05-18T13:23:54Z | 2026-05-25T13:08:59Z | 2026-06-01T13:20:32Z | 2026-06-08T13:20:12Z"
"NC","North Carolina","0d668f64-2bda-4e9e-b21c-49d84a5a782c","Campus Smiles Dental","-78.67511248","35.78480216","dentist","general_dentistry","2815 Cates Ave","Raleigh","27607","NC","US","+19199282561","ncsudentist@campus-smiles.com","https://www.campus-smiles.com/ncstate","https://www.facebook.com/343367933138257","Campus Smiles Dental at UH","0.9199122190475464","open","10","meta | Overture | Overture-signals","CDLA-Permissive-2.0","2026-04-27T00:00:00.000Z | 2026-06-11T11:57:15Z | 2026-05-12T00:29:08Z | 2026-05-18T13:23:54Z | 2026-05-25T13:08:59Z | 2026-06-01T13:20:32Z | 2026-06-08T13:20:12Z"
"NC","North Carolina","0d7731c7-0671-4d11-9b26-28852b2d7766","Michael R. Tumbarello, DMD, PA","-80.7229955887922","36.3934748979324","dentist","","5569 Old US Highway 52","Dobson","27017","NC","US","(336) 619-4234","tumbarello@surry.net","http://www.welcomedentist.com","https://www.facebook.com/162618587101633","","0.77","","5","Foursquare | Overture","Apache-2.0 | CDLA-Permissive-2.0","2025-02-22T00:00:00.000 | 2026-06-11T11:57:15Z"
"NC","North Carolina","0d78d1ae-2822-4f7b-b5c6-f104324eee67","Julie Patterson Ledford, DDS, PA","-83.82339301","35.03295454","dentist","general_dentistry | health_and_medical","36 Waldroup Rd","Hayesville","28904-7196","NC","US","+18283898714","drjulieledford@gmail.com","http://www.ledfordfamilydentistry.com/","https://www.facebook.com/348784625214934","Dr. Julie P. Ledford Comprehensive Family Dentistry","0.9199122190475464","open","8","meta | Overture | Overture-signals","CDLA-Permissive-2.0","2026-04-27T00:00:00.000Z | 2026-06-11T11:57:15Z | 2026-05-12T00:29:08Z | 2026-05-18T13:23:54Z | 2026-05-25T13:08:59Z | 2026-06-01T13:20:32Z | 2026-06-08T13:20:12Z"
"NC","North Carolina","0d84e949-341b-4e33-b481-4840d02163b1","Dr. Theresa Robinson - Family & Cosmetic Dentistry","-78.98423359","35.91356894","dentist","cosmetic_dentist | general_dentistry","5915 Farrington Rd","Chapel Hill","27517","NC","US","+19194035559","contact@drtheresarobinson.com","https://www.drtheresarobinson.com/","https://www.facebook.com/215346658489683","","0.8865098357200623","","10","meta | Overture","CDLA-Permissive-2.0","2026-04-27T00:00:00.000Z | 2026-06-11T11:57:15Z"
"NC","North Carolina","0d9dbfe5-7f9e-44ea-bdb8-b322414c8202","Oak Ridge Family Dental","-79.9836001","36.1658964","dentist","","7603 NC HIGHWAY 68 N","Oak Ridge","27310","NC","US","+13365606018","oakridgedental1@yahoo.com","https://www.advancefamilydentists.com/","https://www.facebook.com/108976872004650","","0.9526646137237549","","7","meta | Overture","CDLA-Permissive-2.0","2026-04-27T00:00:00.000Z | 2026-06-11T11:57:15Z"
"NC","North Carolina","0df8e980-e802-498e-8c06-2c96f799d0fb","Dr. Dipti Chandra Mathur D.D.S.","-77.40808","35.61293","dentist","health_and_medical | family_practice","1851 MacGregor Downs Rd","Greenville","27834-5925","NC","US","+12527377000","dipti@middlecreekfamilydentistry.com","https://middlecreekfamilydentistry.com/","https://www.facebook.com/586546364831082","Middle Creek Family Dentistry","0.5150293111801147","","9","meta | Overture","CDLA-Permissive-2.0","2026-04-27T00:00:00.000Z | 2026-06-11T11:57:15Z"
"NC","North Carolina","0e0e4bab-9ea9-4adb-a437-49f01dc737a9","Spears Reed DDS","-78.594604","36.32383","dentist","shopping_center","912 College St","Oxford","27565-2645","NC","US","+19196936229","","http://oxforddds.com/","https://www.facebook.com/124521697603481","Drs. Bart Cleary & John Sands","0.8218058347702026","","9","meta | Overture","CDLA-Permissive-2.0","2026-04-27T00:00:00.000Z | 2026-06-11T11:57:15Z"
"NC","North Carolina","0e1344b1-70ea-4a3e-99db-ca8fbc9a1f7a","McClendon Trip DDS","-78.87625174","34.14374402","dentist","health_and_medical | medical_service_organizations","501 Hickman Rd","Tabor City","28463-2713","NC","US","+19106535500","","http://www.wellness.com/dir/2253742/dentist/nc/tabor-city","https://www.facebook.com/167062249972766","","0.9199122190475464","open","6","meta | Overture | Overture-signals","CDLA-Permissive-2.0","2026-04-27T00:00:00.000Z | 2026-06-11T11:57:15Z | 2026-05-12T00:29:08Z | 2026-05-18T13:23:54Z | 2026-05-25T13:08:59Z | 2026-06-01T13:20:32Z | 2026-06-08T13:20:12Z"
"NC","North Carolina","0e23f79d-d00b-443f-8662-38018b68e685","Seaside Dentistry","-77.0745183702558","34.6875850136592","dentist","","1165 Cedar Point Blvd #P","Cedar Point","28584","NC","US","(252) 764-2784","","https://www.seasidedentistrync.com","https://www.facebook.com/1491024067821398","","0.77","","5","Foursquare | Overture","Apache-2.0 | CDLA-Permissive-2.0","2025-08-22T00:00:00.000 | 2026-06-11T11:57:15Z"
"NC","North Carolina","0e319482-cef4-443b-8d92-3e6bfd949529","Sweetwater Dental","-78.91630698","35.74119661","dentist","cosmetic_dentist | general_dentistry","1481 Richardson Rd ste 111","Apex","27523","NC","US","+19194463131","","https://www.sweetwater-dental.com/","https://www.facebook.com/150615484809493","","0.8978525996208191","","8","meta | Overture","CDLA-Permissive-2.0","2026-04-27T00:00:00.000Z | 2026-06-11T11:57:15Z"
"NC","North Carolina","0e51a1ec-1e6b-4fcf-a964-4a9280c80361","Tartan Springs Dental Care","-80.73664775","35.38008271","dentist","general_dentistry | health_and_medical","2399 Herrons Nest Pl NW","Concord","28027-3316","NC","US","+19803404016","","https://tartanspringsdentalcare.com/","https://www.facebook.com/472232972631356","Dental Health Society online","0.9199122190475464","open","9","meta | Overture | Overture-signals","CDLA-Permissive-2.0","2026-04-27T00:00:00.000Z | 2026-06-11T11:57:15Z | 2026-05-12T00:29:08Z | 2026-05-18T13:23:54Z | 2026-05-25T13:08:59Z | 2026-06-01T13:20:32Z | 2026-06-08T13:20:12Z"
"NC","North Carolina","0e59b868-a26b-4c6a-a799-a8c75e509db1","Thompson DDS PA","-79.22520107","34.9819166","dentist","doctor | hospital","114 Campus Ave","Raeford","28376-2606","NC","US","+19108753622","","http://www.ncdentalboard.org","https://www.facebook.com/679169058820825","","0.9199122190475464","open","6","meta | Overture | Overture-signals","CDLA-Permissive-2.0","2026-04-27T00:00:00.000Z | 2026-06-11T11:57:15Z | 2026-05-12T00:29:08Z | 2026-05-18T13:23:54Z | 2026-05-25T13:08:59Z | 2026-06-01T13:20:32Z | 2026-06-08T13:20:12Z"
"NC","North Carolina","0e610a40-776e-4771-aeb3-d96f3af2d0f0","North Asheville Family Dentistry","-82.55499411","35.62224685","dentist","general_dentistry | family_practice","674 Merrimon Ave","Asheville","28804-3586","NC","US","+18287745777","office@northashevillefamilydentistry.com","https://www.northashevillefamilydentistry.com/","https://www.facebook.com/487054161759701","","0.9199122190475464","open","9","meta | Overture | Overture-signals","CDLA-Permissive-2.0","2026-04-27T00:00:00.000Z | 2026-06-11T11:57:15Z | 2026-05-12T00:29:08Z | 2026-05-18T13:23:54Z | 2026-05-25T13:08:59Z | 2026-06-01T13:20:32Z | 2026-06-08T13:20:12Z"
"NC","North Carolina","0e7c4099-831d-4b27-b2dc-84195e01cfa6","Morrisville Family Dentistry","-78.82631411","35.83278241","dentist","general_dentistry","10290 Chapel Hill Rd","Morrisville","27560-9006","NC","US","+19194693669","info@morrisvillefamilydentistry.com","http://www.morrisvillefamilydentistry.com/","https://www.facebook.com/101157463287878","Morrisville Family Dentistry","0.996376885175705","","8","meta | Overture","CDLA-Permissive-2.0","2026-04-27T00:00:00.000Z | 2026-06-11T11:57:15Z"
"NC","North Carolina","0e8ea639-dba5-41b3-a776-682de090a90d","Gerald L Coates Jr DMD","-76.926722","34.896504","dentist","orthodontist | prosthodontist","92 Stonebridge Trl","Havelock","28532-9553","NC","US","+12524473100","","https://www.stonebridgesmiles.com","https://www.facebook.com/160911297271370","Stonebridge Dental Associates","0.8643009662628174","","9","meta | Overture","CDLA-Permissive-2.0","2026-04-27T00:00:00.000Z | 2026-06-11T11:57:15Z"
"NC","North Carolina","0e923f1e-1539-4af6-8865-326c293bf366","Dentistry of Catawba","-81.07567363","35.70783321","dentist","general_dentistry | health_and_medical","107 N Main St","Catawba","28609-9089","NC","US","+18282412210","dentistryofcatawba1@gmail.com","http://catawbafamilydentist.com/","https://www.facebook.com/101931510594108","","0.9199122190475464","open","8","meta | Overture | Overture-signals","CDLA-Permissive-2.0","2026-04-27T00:00:00.000Z | 2026-06-11T11:57:15Z | 2026-05-12T00:29:08Z | 2026-05-18T13:23:54Z | 2026-05-25T13:08:59Z | 2026-06-01T13:20:32Z | 2026-06-08T13:20:12Z"
"NC","North Carolina","0eaa4a14-dfa6-4cf5-a3bd-f922743e5d94","Keith W Mann DDS","-77.871554","34.19930074","dentist","general_dentistry | medical_service_organizations","818 Pine Grove Dr","Wilmington","28409-5600","NC","US","+19103979277","info@kwmanndds.com","http://kwmanndds.com","https://www.facebook.com/125236487530368","","0.9199122190475464","open","7","meta | Overture | Overture-signals","CDLA-Permissive-2.0","2026-04-27T00:00:00.000Z | 2026-06-11T11:57:15Z | 2026-05-12T00:29:08Z | 2026-05-18T13:23:54Z | 2026-05-25T13:08:59Z | 2026-06-01T13:20:32Z | 2026-06-08T13:20:12Z"
"NC","North Carolina","0ebb2883-11d4-41c2-909b-bbbcecb4fff1","Ayden Dental","-77.430898","35.474047","dentist","general_dentistry","206 W 3rd St","Ayden","28513-2234","NC","US","+12529999013","aydendental@gmail.com","http://aydendental.com/","https://www.facebook.com/106708354204761","","0.9722161889076233","","9","meta | Overture","CDLA-Permissive-2.0","2026-04-27T00:00:00.000Z | 2026-06-11T11:57:15Z"
"NC","North Carolina","0ece447e-8779-462e-911f-815beaf68d16","Michael C. Cordora","-81.3341892","35.74572324","dentist","general_dentistry | cosmetic_dentist","236 9th Ave Dr NE","Hickory","28601-3828","NC","US","+18283249800","info@cordoradental.com","http://cordoradental.com/","https://www.facebook.com/132861233562744","","0.998986333668232","","8","meta | Overture","CDLA-Permissive-2.0","2026-04-27T00:00:00.000Z | 2026-06-11T11:57:15Z"
"NC","North Carolina","0ed6106a-862f-472f-866e-c45ef3ee825e","Jon C. Packman, DDS","-80.8692385","35.79709979","dentist","general_dentistry | doctor","1316 Davie Ave","Statesville","28677-3561","NC","US","+17049787060","","https://www.statesvilledentalcare.com/","https://www.facebook.com/1667537013470090","","0.9624918103218079","","8","meta | Overture","CDLA-Permissive-2.0","2026-04-27T00:00:00.000Z | 2026-06-11T11:57:15Z"
"NC","North Carolina","0ef1d764-0e31-4326-ab31-749ba6c1507d","John W. Cox, DDS","-81.55812","35.74191","dentist","teeth_whitening | doctor","405 Main St E","Valdese","28690-2913","NC","US","+18288930010","drcoxappointment@aol.com","http://www.johncoxdds.com/","https://www.facebook.com/455359181207151","John W. Cox, DDS","0.9199122190475464","open","7","meta | Overture | Overture-signals","CDLA-Permissive-2.0","2026-04-27T00:00:00.000Z | 2026-06-11T11:57:15Z | 2026-05-12T00:29:08Z | 2026-05-18T13:23:54Z | 2026-05-25T13:08:59Z | 2026-06-01T13:20:32Z | 2026-06-08T13:20:12Z"
"NC","North Carolina","0efaab35-ec28-4caf-b663-3b88bdce2db3","McKay Pete DDS III","-79.5853112622547","35.2647973913016","dentist","","120 Grant St","West End","27376","NC","US","(910) 673-0113","","http://www.drpetemckay.com","","","0.9199122190475464","open","4","Foursquare | Overture | Overture-signals","Apache-2.0 | CDLA-Permissive-2.0","2025-08-22T00:00:00.000 | 2026-06-11T11:57:15Z | 2026-05-12T00:29:08Z | 2026-05-18T13:23:54Z | 2026-05-25T13:08:59Z | 2026-06-01T13:20:32Z | 2026-06-08T13:20:12Z"
"NC","North Carolina","0f180350-1275-49ee-9432-5473b53dd518","Smiles By Design","-80.07804631","36.12430119","dentist","general_dentistry | cosmetic_dentist","406 W Mountain St","Kernersville","27284-2534","NC","US","+13369937645","kvillesmilesbydesign@gmail.com","http://kernersvillesmiles.net/","https://www.facebook.com/1430065110540135","","0.9199122190475464","open","9","meta | Overture | Overture-signals","CDLA-Permissive-2.0","2026-04-27T00:00:00.000Z | 2026-06-11T11:57:15Z | 2026-05-12T00:29:08Z | 2026-05-18T13:23:54Z | 2026-05-25T13:08:59Z | 2026-06-01T13:20:32Z | 2026-06-08T13:20:12Z"
"NC","North Carolina","0f3724f0-d706-4b45-b351-8e98a83eb299","Peavy Kenneth a DDS","-80.3125264053293","36.0687548876646","dentist","","1590 Westbrook Plaza Dr #202","Winston Salem","27103","NC","US","(336) 774-3001","","https://www.happygumshop.com","","","0.77","","5","Foursquare | Overture","Apache-2.0 | CDLA-Permissive-2.0","2025-05-29T00:00:00.000 | 2026-06-11T11:57:15Z"
"NC","North Carolina","0f38437c-8b3a-4eea-b42e-f73fb556ba24","Taylor'd Smiles","-80.87211164","35.58117071","dentist","general_dentistry | health_and_medical","367 Williamson Rd","Mooresville","28117-5944","NC","US","+17048121206","info@taylorsmiles.net","http://taylorsmiles.net/","https://www.facebook.com/104618312914190","Taylor Smiles - Bill Taylor Orthodontics","0.998152990937233","","9","meta | Overture","CDLA-Permissive-2.0","2026-04-27T00:00:00.000Z | 2026-06-11T11:57:15Z"
"NC","North Carolina","0f38b5a0-3b3a-4f46-bf9e-7e94d4d76b11","Riccobene Michael DDS","-78.57018077","35.60414656","dentist","general_dentistry","5638 NC 42 Hwy W","Garner","27529","NC","US","+19196616161","amanda.horton@brushandfloss.co","https://www.brushandfloss.com/garner/","https://www.facebook.com/160375727358210","Riccobene Associates Family Dentistry","0.9722161889076233","open","2","meta | Overture | Overture-signals","CDLA-Permissive-2.0","2026-04-27T00:00:00.000Z | 2026-06-11T11:57:15Z | 2026-06-08T13:20:12Z"
"NC","North Carolina","0f57d626-7ab0-4e11-97d4-107eb86ea954","Haymore Family Dentistry","-79.5163204","36.0824978","dentist","cosmetic_dentist | doctor","1682 Westbrook Ave","Burlington","27215-9700","NC","US","+13362268406","frontdesk@haymoredental.com","http://burlington.dental/","https://www.facebook.com/192587114164390","","0.996450811624527","","8","meta | Overture","CDLA-Permissive-2.0","2026-04-27T00:00:00.000Z | 2026-06-11T11:57:15Z"
"NC","North Carolina","0f6148e8-6695-4c92-8957-ee930ea48569","Sharda Family Dentistry","-78.71803928","36.1428925","dentist","general_dentistry","2552 Capitol Dr","Creedmoor","27522-9451","NC","US","+19195289500","frontoffice@shardafamilydentistry.com","https://shardafamilydentistry.com/","https://www.facebook.com/101111401474953","","0.9199122190475464","open","8","meta | Overture | Overture-signals","CDLA-Permissive-2.0","2026-04-27T00:00:00.000Z | 2026-06-11T11:57:15Z | 2026-05-12T00:29:08Z | 2026-05-18T13:23:54Z | 2026-05-25T13:08:59Z | 2026-06-01T13:20:32Z | 2026-06-08T13:20:12Z"
"NC","North Carolina","0f8b7396-92a4-417f-9b95-acc25929ad13","Markham & Hair, DDS","-80.8369521938227","35.0892065914865","dentist","","Bannington","Charlotte","28277","NC","US","(704) 541-1193","","http://www.markhamandhairdentistry.com","","","0.77","","5","Foursquare | Overture","Apache-2.0 | CDLA-Permissive-2.0","2025-12-04T00:00:00.000 | 2026-06-11T11:57:15Z"
"NC","North Carolina","0f8bc020-b84a-471a-a052-c780a3e3e1fd","Dynamic Dental","-77.4155478","34.79403094","dentist","general_dentistry | cosmetic_dentist","3301 Henderson Dr","Jacksonville","28546-5231","NC","US","+19109384333","henderson@dynamicdentalnc.com","http://www.dynamicdentalnc.com/","https://www.facebook.com/104144055453433","Dynamic Dental Jacksonville NC","0.9821956753730774","","10","meta | Overture","CDLA-Permissive-2.0","2026-04-27T00:00:00.000Z | 2026-06-11T11:57:15Z"
"NC","North Carolina","0f907ef6-5d45-4555-b27b-9f8a403b9894","Campus Smiles Dental at Duke","-78.9415711","35.99935694","dentist","general_dentistry | health_and_medical","Duke Student Wellness Center, 305 Towerview Dr","Durham","27708-9979","NC","US","+19192961212","dukedentist@campus-smiles.com","https://www.campus-smiles.com/duke","https://www.facebook.com/1838120972923501","Campus Smiles Dental at UH","0.9902192950248718","open","8","meta | Overture | Overture-signals","CDLA-Permissive-2.0","2026-04-27T00:00:00.000Z | 2026-06-11T11:57:15Z | 2026-05-12T00:29:08Z | 2026-05-18T13:23:54Z | 2026-05-25T13:08:59Z | 2026-06-01T13:20:32Z | 2026-06-08T13:20:12Z"
"NC","North Carolina","0f959b91-bfb9-4bbe-aea4-91554c07d65b","Joel Black DDS (Pediatric Dentist)","-80.3079971574637","36.0751840015988","dentist","","3314 Healy Dr Ste 104","Winston Salem","27103","NC","US","(336) 765-5421","","http://www.toyteeth.com","","","0.9199122190475464","open","4","Foursquare | Overture | Overture-signals","Apache-2.0 | CDLA-Permissive-2.0","2025-08-22T00:00:00.000 | 2026-06-11T11:57:15Z | 2026-05-12T00:29:08Z | 2026-05-18T13:23:54Z | 2026-05-25T13:08:59Z | 2026-06-01T13:20:32Z | 2026-06-08T13:20:12Z"
"NC","North Carolina","0fb45b23-b7cd-4458-8022-2d63ccbee68c","Julie H. Witte, DDS","-78.9190955704896","36.0132772223807","dentist","","922 Broad St","Durham","27705","NC","US","(919) 286-1156","","http://juliewittedds.com","","","0.9199122190475464","open","4","Foursquare | Overture | Overture-signals","Apache-2.0 | CDLA-Permissive-2.0","2025-04-23T00:00:00.000 | 2026-06-11T11:57:15Z | 2026-05-12T00:29:08Z | 2026-05-18T13:23:54Z | 2026-05-25T13:08:59Z | 2026-06-01T13:20:32Z | 2026-06-08T13:20:12Z"
"NC","North Carolina","0fe14aa2-865c-42f4-9bf6-42fd60642ec4","Collins Ashley DDS","-81.06378535","35.55598487","dentist","general_dentistry | medical_service_organizations","6135 S NC 16 Hwy","Denver","28037","NC","US","+17044834159","","http://www.collinsfamilydentistrync.com/","https://www.facebook.com/1146195598735217","","0.9199122190475464","open","7","meta | Overture | Overture-signals","CDLA-Permissive-2.0","2026-04-27T00:00:00.000Z | 2026-06-11T11:57:15Z | 2026-05-12T00:29:08Z | 2026-05-18T13:23:54Z | 2026-05-25T13:08:59Z | 2026-06-01T13:20:32Z | 2026-06-08T13:20:12Z"
"NC","North Carolina","0fe66b68-4ddd-4d12-9834-2e4a838f541c","Imagine Dentistry","-80.77973225","35.10127404","dentist","general_dentistry","3025 Springbank Ln","Charlotte","28226-3368","NC","US","+18032848063","info@imaginedentistry.com","https://imaginedentistryarboretum.com","https://www.facebook.com/319359494766360","","0.9199122190475464","open","10","meta | Overture | Overture-signals","CDLA-Permissive-2.0","2026-04-27T00:00:00.000Z | 2026-06-11T11:57:15Z | 2026-05-12T00:29:08Z | 2026-05-18T13:23:54Z | 2026-05-25T13:08:59Z | 2026-06-01T13:20:32Z | 2026-06-08T13:20:12Z"
"NC","North Carolina","0fec2f3b-cd14-4f95-a670-d8a45326f901","Lane and Associates Family Dentistry","-80.02470228","35.98809025","dentist","endodontist","101 Northpoint Ave","High Point","27262-7719","NC","US","+13368836450","info@lanedds.com","https://lanedds.com/offices/high-point/","https://www.facebook.com/109268390847351","Lane & Associates Family Dentistry - Raleigh Neuse","0.9902192950248718","open","9","meta | Overture | Overture-signals","CDLA-Permissive-2.0","2026-04-27T00:00:00.000Z | 2026-06-11T11:57:15Z | 2026-05-12T00:29:08Z | 2026-05-18T13:23:54Z | 2026-05-25T13:08:59Z | 2026-06-01T13:20:32Z | 2026-06-08T13:20:12Z"
"NC","North Carolina","0ff2eea9-91c8-4b19-bc3f-05a7744df146","Bladen Family Smiles","-78.6063704","34.62112578","dentist","general_dentistry","508 E McKay St","Elizabethtown","28337-9809","NC","US","+19108624334","frontoffice@bladenfamilysmiles.com","","https://www.facebook.com/112364898588778","Kool Smiles","0.9199122190475464","open","8","meta | Overture | Overture-signals","CDLA-Permissive-2.0","2026-04-27T00:00:00.000Z | 2026-06-11T11:57:15Z | 2026-05-12T00:29:08Z | 2026-05-18T13:23:54Z | 2026-05-25T13:08:59Z | 2026-06-01T13:20:32Z | 2026-06-08T13:20:12Z"
"NC","North Carolina","100f86d6-900b-4d3d-af37-42d1cee4aac7","BlueWave Dentistry","-78.04589388","34.19975136","dentist","cosmetic_dentist | general_dentistry","1300 S Dickinson Dr","Leland","28451-6430","NC","US","+19103832615","info@bluewavedentistry.com","https://bluewavedentistry.com/","https://www.facebook.com/112310658824907","","0.9199122190475464","open","7","meta | Overture | Overture-signals","CDLA-Permissive-2.0","2026-04-27T00:00:00.000Z | 2026-06-11T11:57:15Z | 2026-05-12T00:29:08Z | 2026-05-18T13:23:54Z | 2026-05-25T13:08:59Z | 2026-06-01T13:20:32Z | 2026-06-08T13:20:12Z"
"NC","North Carolina","101c999c-f954-47a8-a6dc-caa6554cc72a","Silva & Silva","-79.81629687","36.06141942","dentist","general_dentistry | doctor","1505 W Gate City Blvd","Greensboro","27403-2714","NC","US","+13365102600","","http://www.dentistgreensboronc.com","https://www.facebook.com/110372349025403","","0.9199122190475464","open","6","meta | Overture | Overture-signals","CDLA-Permissive-2.0","2026-04-27T00:00:00.000Z | 2026-06-11T11:57:15Z | 2026-05-12T00:29:08Z | 2026-05-18T13:23:54Z | 2026-05-25T13:08:59Z | 2026-06-01T13:20:32Z | 2026-06-08T13:20:12Z"
"NC","North Carolina","103487bb-b0ac-4c84-9832-593cd033eaaa","Drs. Merlo & Fahrney Cosmetic And Family Dentistry","-80.834519","35.200629","dentist","","1927 Brunswick Ave","Charlotte","28207","NC","US","(704) 372-5411","","http://www.merlodentistry.com","https://www.twitter.com/merlodentistry","","0.77","","5","Foursquare | Overture","Apache-2.0 | CDLA-Permissive-2.0","2023-04-14T00:00:00.000 | 2026-06-11T11:57:15Z"
"NC","North Carolina","108f6cea-a8ea-4afd-897c-38b9ac0dfeee","Harlow Dental at 7th Street","-80.80922528","35.20569897","dentist","general_dentistry | cosmetic_dentist","2607 E 7th St","Charlotte","28204-4307","NC","US","+17043336010","harlowdental2@gmail.com","https://www.harlowdentalnc.com/","https://www.facebook.com/931112963626771","Harlow Dental at Steele Creek","0.9902192950248718","open","8","meta | Overture | Overture-signals","CDLA-Permissive-2.0","2026-04-27T00:00:00.000Z | 2026-06-11T11:57:15Z | 2026-05-12T00:29:08Z | 2026-05-18T13:23:54Z | 2026-05-25T13:08:59Z | 2026-06-01T13:20:32Z | 2026-06-08T13:20:12Z"
"NC","North Carolina","10986f28-08e8-4244-9d18-6a81d9a2023e","Aesthetic Dental Solutions","-80.52720703","35.68398056","dentist","cosmetic_dentist | general_dentistry","330 Freedom Dr","Salisbury","28147-9012","NC","US","+17042127976","","http://njbestsmiles.com","https://www.facebook.com/1513892765577959","","0.9199122190475464","open","8","meta | Overture | Overture-signals","CDLA-Permissive-2.0","2026-04-27T00:00:00.000Z | 2026-06-11T11:57:15Z | 2026-05-12T00:29:08Z | 2026-05-18T13:23:54Z | 2026-05-25T13:08:59Z | 2026-06-01T13:20:32Z | 2026-06-08T13:20:12Z"
"NC","North Carolina","109d5457-15e3-45fa-96e6-c6f2951177b6","Fairview Family & Cosmetic Dentistry","-80.84933264","35.54798236","dentist","cosmetic_dentist | general_dentistry","150 Fairview Rd","Mooresville","28117-9504","NC","US","+17042154432","","https://www.fairviewdentistry.com/","https://www.facebook.com/126112900775288","Fairview Dentistry","0.9199122190475464","open","9","meta | Overture | Overture-signals","CDLA-Permissive-2.0","2026-04-27T00:00:00.000Z | 2026-06-11T11:57:15Z | 2026-05-12T00:29:08Z | 2026-05-18T13:23:54Z | 2026-05-25T13:08:59Z | 2026-06-01T13:20:32Z | 2026-06-08T13:20:12Z"
"NC","North Carolina","10bc92c8-18be-46f6-a095-595e3cd55ea0","James Kessaris","-82.48878472","35.32130868","dentist","cosmetic_dentist | health_and_medical","1716 Old Village Rd","Hendersonville","28791-3771","NC","US","+18286925786","","http://www.hoylefamilydentistry.com/","https://www.facebook.com/169054489771511","","0.9624678492546082","","2","meta | Overture","CDLA-Permissive-2.0","2026-04-27T00:00:00.000Z | 2026-06-11T11:57:15Z"
"NC","North Carolina","10d2dbfa-63e6-4254-b6c3-a31025d6c514","Affordable Dentures","-79.82541058","34.95646753","dentist","health_and_medical","784 Bus # Us-74","Rockingham","28379","NC","US","9105570571","","http://www.affordabledentures.com/office/rockingham/","","","0.85","","7","Microsoft | Overture","CDLA-Permissive-2.0","2018-04-24T19:32:16.170Z | 2026-06-11T11:57:15Z"
"NC","North Carolina","110a6cbd-4eed-49ba-ad44-63e01713b1bc","Southeast Smiles","-77.8857469574219","34.2183133178775","dentist","","910 S College Rd","Wilmington","28403","NC","US","(910) 859-7529","","http://southeastsmileswilmington.com","","","0.9199122190475464","open","4","Foursquare | Overture | Overture-signals","Apache-2.0 | CDLA-Permissive-2.0","2025-03-21T00:00:00.000 | 2026-06-11T11:57:15Z | 2026-05-12T00:29:08Z | 2026-05-18T13:23:54Z | 2026-05-25T13:08:59Z | 2026-06-01T13:20:32Z | 2026-06-08T13:20:12Z"
"NC","North Carolina","110b138e-894a-41ef-b02b-00f4d13f307f","Got Dents","-78.8048563","35.82004761","dentist","general_dentistry","120 Centrewest Ct","Cary","27513-2015","NC","US","+19194289165","info@hailnoworries.com","https://Gotdentsnc.com/","https://www.facebook.com/118086106730291","","0.8507985472679138","","9","meta | Overture","CDLA-Permissive-2.0","2026-04-27T00:00:00.000Z | 2026-06-11T11:57:15Z"
"NC","North Carolina","1120d3d7-2431-4d3e-903b-b376b47c8d1f","Dr. John Mark Griffies, DDS, PLLC","-79.5851260609659","35.2646109248257","dentist","","135 N Trade St","West End","27376","NC","US","(910) 673-0820","","http://www.drgriffies.com","","","0.77","","5","Foursquare | Overture","Apache-2.0 | CDLA-Permissive-2.0","2024-08-21T00:00:00.000 | 2026-06-11T11:57:15Z"
"NC","North Carolina","113cde4c-edbc-4227-bf88-1274fdffd8de","Parkwood Dental","-80.83881562","36.2639912","dentist","general_dentistry | medical_service_organizations","400 Parkwood Medical Park Ln","Elkin","28621-2485","NC","US","+13368355579","parkwooddentalcare@gmail.com","http://www.parkwooddentalcare.com/","https://www.facebook.com/182994678502628","","0.9199122190475464","open","9","meta | Overture | Overture-signals","CDLA-Permissive-2.0","2026-04-27T00:00:00.000Z | 2026-06-11T11:57:15Z | 2026-05-12T00:29:08Z | 2026-05-18T13:23:54Z | 2026-05-25T13:08:59Z | 2026-06-01T13:20:32Z | 2026-06-08T13:20:12Z"
"NC","North Carolina","1161914e-a96a-4789-a5e2-8005744d6ac9","Jonathan Hunt DDS","-80.01352078","35.95950557","dentist","general_dentistry","404 Lindsay St","High Point","27262-4879","NC","US","+13363449288","","https://jonathanhuntdds.com/","https://www.facebook.com/103793555813683","","0.9879077076911926","","9","meta | Overture","CDLA-Permissive-2.0","2026-04-27T00:00:00.000Z | 2026-06-11T11:57:15Z"
"NC","North Carolina","117ead17-5f51-4d21-b601-0dcd383f630b","Martin Tyrell Washington Dental Clinic","-76.69328","35.87479","dentist","medical_service_organizations | naturopathic_holistic","198 NC-45 N","Plymouth","27962-9232","NC","US","+12527931850","truckacc@mchsi.com","http://www.lifeincorporated.com","https://www.facebook.com/378279012659142","","0.9463445544242859","","9","meta | Overture","CDLA-Permissive-2.0","2026-04-27T00:00:00.000Z | 2026-06-11T11:57:15Z"
"NC","North Carolina","118ee20e-e164-4ace-a958-73728f95e303","Ghorshi Family Dentistry","-80.77035064","35.05505489","dentist","general_dentistry | health_and_medical","11301 Golf links Dr N","Charlotte","28277-8013","NC","US","+17043267579","information@ghorshifamilydentistry.com","https://www.ghorshifamilydentistry.com/","https://www.facebook.com/486209061528179","Ghorshi Family Dentistry","0.9998045943677425","","9","meta | Overture","CDLA-Permissive-2.0","2026-04-27T00:00:00.000Z | 2026-06-11T11:57:15Z"
"NC","North Carolina","11fc6c0d-db90-40da-a86a-168765ae48f8","East Carolina University School of Dental Medicine","-79.06818553","34.62700007","dentist","","600 Country Club Rd","Lumberton","28360-0428","NC","US","+19107376457","","https://dental.ecu.edu/robeson-county","https://www.facebook.com/1664566303822796","","0.9199122190475464","open","9","meta | Overture | Overture-signals","CDLA-Permissive-2.0","2026-04-27T00:00:00.000Z | 2026-06-11T11:57:15Z | 2026-05-12T00:29:08Z | 2026-05-18T13:23:54Z | 2026-05-25T13:08:59Z | 2026-06-01T13:20:32Z | 2026-06-08T13:20:12Z"
"NC","North Carolina","12115a6c-cc49-4536-af20-dc1ee4d28dba","Sedation Dental Care at Raleigh Smile Center","-78.70720255","35.81239225","dentist","general_dentistry | cosmetic_dentist","3917 Sunset Ridge Rd","Raleigh","27607-6415","NC","US","+19197839686","info@sedationdentalcare.net","http://www.raleighsmilecenter.com","https://www.facebook.com/157237801082395","","0.9902192950248718","open","9","meta | Overture | Overture-signals","CDLA-Permissive-2.0","2026-04-27T00:00:00.000Z | 2026-06-11T11:57:15Z | 2026-05-12T00:29:08Z | 2026-05-18T13:23:54Z | 2026-05-25T13:08:59Z | 2026-06-01T13:20:32Z | 2026-06-08T13:20:12Z"
"NC","North Carolina","1215d322-86fa-4d0a-a177-9f0ce9917ed1","Dentistry of the Carolinas","-80.84045003","35.15020756","dentist","general_dentistry | health_and_medical","5970 Fairview Rd","Charlotte","28210-0091","NC","US","+17045231462","info@dentistryofthecarolinas.com","http://www.DentistryoftheCarolinas.com/","https://www.facebook.com/267818653231485","Dentistry of the Carolinas","0.9902192950248718","open","8","meta | Overture | Overture-signals","CDLA-Permissive-2.0","2026-04-27T00:00:00.000Z | 2026-06-11T11:57:15Z | 2026-05-12T00:29:08Z | 2026-05-18T13:23:54Z | 2026-05-25T13:08:59Z | 2026-06-01T13:20:32Z | 2026-06-08T13:20:12Z"
"NC","North Carolina","1218bd97-59c7-45ff-bf63-b71432026cd7","Dental Care at Royal Creek","-78.7045665","35.6696587","dentist","general_dentistry","16000 Royal Crk Dr","Raleigh","27603","NC","US","+19842148969","dcroyalcreek@mydentalmail.com","https://dentalcareatroyalcreek.com/","https://www.facebook.com/168311979707475","","0.9790058940649032","","8","meta | Overture","CDLA-Permissive-2.0","2026-04-27T00:00:00.000Z | 2026-06-11T11:57:15Z"
"NC","North Carolina","121a9fd9-d08a-4e8c-a6c6-db13686295d8","Robert Matthews","-79.46045228","36.09317775","dentist","naturopathic_holistic | orthodontist","1636 Memorial Dr","Burlington","27215-3518","NC","US","+13362276636","","http://www.smileburlington.com/","https://www.facebook.com/1289825551108779","","0.9699490070343018","","7","meta | Overture","CDLA-Permissive-2.0","2026-04-27T00:00:00.000Z | 2026-06-11T11:57:15Z"
"NC","North Carolina","1229c771-1d23-4e11-9b85-f7a52f1b62ae","Drs. Batten & Heath Family Dentistry","-80.1570303380589","36.1702668762654","dentist","","2745 Old Hollow Rd","Walkertown","27051","NC","US","(336) 595-2834","","https://walkertowndentist.com","https://www.twitter.com/battenheathdds | https://www.facebook.com/329980190459691","","0.9199122190475464","open","4","Foursquare | Overture | Overture-signals","Apache-2.0 | CDLA-Permissive-2.0","2025-05-23T00:00:00.000 | 2026-06-11T11:57:15Z | 2026-05-12T00:29:08Z | 2026-05-18T13:23:54Z | 2026-05-25T13:08:59Z | 2026-06-01T13:20:32Z | 2026-06-08T13:20:12Z"
"NC","North Carolina","125ff273-bfce-4635-a4bf-e3817f744d4a","Dental Transformations","-76.22074359","36.30069668","dentist","general_dentistry | cosmetic_dentist","408 E Colonial Ave","Elizabeth City","27909-4300","NC","US","+12523354341","contact@dentaltransformations.com","http://dentaltransformations.com/","https://www.facebook.com/1450620981819419","","0.9199122190475464","open","7","meta | Overture | Overture-signals","CDLA-Permissive-2.0","2026-04-27T00:00:00.000Z | 2026-06-11T11:57:15Z | 2026-05-12T00:29:08Z | 2026-05-18T13:23:54Z | 2026-05-25T13:08:59Z | 2026-06-01T13:20:32Z | 2026-06-08T13:20:12Z"
"NC","North Carolina","126074cd-79a7-4918-b76c-fed00b28dfff","Asheville Family Dentistry","-82.493424","35.587058","dentist","","1011 Tunnel Road","Asheville","28805","NC","US","+18282994455","","http://www.ashevillefamilydentistry.com/","","","0.9199122190475464","open","8","DAC | Overture | Overture-signals","CDLA-Permissive-2.0","2026-06-10T16:03:35.911Z | 2026-06-11T11:57:15Z | 2026-05-12T00:29:08Z | 2026-05-18T13:23:54Z | 2026-05-25T13:08:59Z | 2026-06-01T13:20:32Z | 2026-06-08T13:20:12Z"
"NC","North Carolina","1289a757-787b-48c1-a939-9cf419217eca","Lohr Charles J DDS","-78.95477496","35.96033815","dentist","general_dentistry","3511 Shannon Rd","Durham","27707-6330","NC","US","+19194899717","","http://www.charlesjlohrdentistry.com","https://www.facebook.com/104854536261138","","0.9557206034660339","","9","meta | Overture","CDLA-Permissive-2.0","2026-04-27T00:00:00.000Z | 2026-06-11T11:57:15Z"
"NC","North Carolina","128e061a-b47c-4b3e-bb04-56b53fb0839a","Triangle Family Dentistry","-78.76129065","35.59660911","dentist","general_dentistry | cosmetic_dentist","1625 N Main St","Fuquay-Varina","27526-5398","NC","US","+19193965802","info@rtpsmiles.com","http://www.trianglefamilydentistry.com/","https://www.facebook.com/812729952172047","Triangle Family Dentistry","0.9997977076172828","","9","meta | Overture","CDLA-Permissive-2.0","2026-04-27T00:00:00.000Z | 2026-06-11T11:57:15Z"
"NC","North Carolina","12d96aa6-f297-4dfc-ba10-79414302941c","Carroll Dental Lab","-77.5817996074508","35.2585507280606","dentist","","110 W King St","Kinston","28501","NC","US","(252) 522-2370","carrolldental@suddenlinkmail.com","http://www.carrolldentallab.com","https://www.facebook.com/110778622300092","","0.9199122190475464","open","4","Foursquare | Overture | Overture-signals","Apache-2.0 | CDLA-Permissive-2.0","2025-08-22T00:00:00.000 | 2026-06-11T11:57:15Z | 2026-05-12T00:29:08Z | 2026-05-18T13:23:54Z | 2026-05-25T13:08:59Z | 2026-06-01T13:20:32Z | 2026-06-08T13:20:12Z"
"NC","North Carolina","135df69a-6501-45ee-b43b-9a5caf28ad6c","Laszlo Ledenyi, DDS","-78.454091","35.648735","dentist","health_and_medical | pediatric_dentist","480 E Main St","Clayton","27520-2529","NC","US","+19195533232","healthysmiles@claytonkidsdentist.com","http://www.claytonkidsdentist.com","https://www.facebook.com/450278728373024","","0.94058758020401","","11","meta | Overture","CDLA-Permissive-2.0","2026-04-27T00:00:00.000Z | 2026-06-11T11:57:15Z"
"NC","North Carolina","13709f4f-e9e0-4d83-843e-a2f14acd81e0","Angelita Le Cras C DDS PA","-80.88637973","35.70055045","dentist","general_dentistry | doctor","204 S Main St","Troutman","28166-9530","NC","US","+17045285665","","http://lecrasdentistry.com/","https://www.facebook.com/162949427057116","","0.9199122190475464","open","8","meta | Overture | Overture-signals","CDLA-Permissive-2.0","2026-04-27T00:00:00.000Z | 2026-06-11T11:57:15Z | 2026-05-12T00:29:08Z | 2026-05-18T13:23:54Z | 2026-05-25T13:08:59Z | 2026-06-01T13:20:32Z | 2026-06-08T13:20:12Z"
"NC","North Carolina","13715ca8-11c3-49c4-8334-01f2a340026e","Manchego Dental","-80.41616459","36.09858004","dentist","general_dentistry | cosmetic_dentist","6350 Shallowford Rd","Lewisville","27023-9603","NC","US","+13369452403","info@manchegodental.com","https://manchegodental.com/","https://www.facebook.com/107813421180848","","0.9199122190475464","open","9","meta | Overture | Overture-signals","CDLA-Permissive-2.0","2026-04-27T00:00:00.000Z | 2026-06-11T11:57:15Z | 2026-05-12T00:29:08Z | 2026-05-18T13:23:54Z | 2026-05-25T13:08:59Z | 2026-06-01T13:20:32Z | 2026-06-08T13:20:12Z"
"NC","North Carolina","13813c2e-0c85-4c77-9e0a-30ef9642d90f","Price Larry E DDS","-78.02729729","34.82321787","dentist","general_dentistry | doctor","114 Marshall St","Rose Hill","28458-1040","NC","US","+19102892081","","http://www.ncdentalboard.org","https://www.facebook.com/122397044485190","","0.9199122190475464","open","6","meta | Overture | Overture-signals","CDLA-Permissive-2.0","2026-04-27T00:00:00.000Z | 2026-06-11T11:57:15Z | 2026-05-12T00:29:08Z | 2026-05-18T13:23:54Z | 2026-05-25T13:08:59Z | 2026-06-01T13:20:32Z | 2026-06-08T13:20:12Z"
"NC","North Carolina","13908fc8-dd15-41e5-8c55-d758b205313f","Fern Creek Dentistry","-80.85937887","35.80282621","dentist","general_dentistry","1455 Fern Creek Dr","Statesville","28625-9376","NC","US","+17043809555","manager@ferncreekdentistry.org","http://www.statesvilledentistry.com/","https://www.facebook.com/118337291183","","0.9722161889076233","open","8","meta | Overture | Overture-signals","CDLA-Permissive-2.0","2026-04-27T00:00:00.000Z | 2026-06-11T11:57:15Z | 2026-05-12T00:29:08Z | 2026-06-08T13:20:12Z"
"NC","North Carolina","139e2ea1-1918-4675-8918-44b3faee9c5f","Smile Studio","-78.5449258536157","35.9649521941651","dentist","","700 Exposition Pl, #111 Raleigh, NC 27615","Raleigh","27615","NC","US","(919) 518-0400","smilestudioincraleigh@gmail.com","https://smilestudionc.com","https://www.instagram.com/smilestudioofnorthraleigh","","0.77","","2","Foursquare | Overture","Apache-2.0 | CDLA-Permissive-2.0","2026-03-13T00:00:00.000 | 2026-06-11T11:57:15Z"
"NC","North Carolina","13a3d2eb-92ae-4b80-9f08-cc1d237d9835","Sadler Smiles","-80.24930918","36.14058244","dentist","general_dentistry | medical_service_organizations","3801 Indiana Ave","Winston-Salem","27105-3408","NC","US","+13367441300","sadlerdds@sadlersmiles.com","https://www.sadlersmiles.com","https://www.facebook.com/196443997851140","","0.9199122190475464","open","7","meta | Overture | Overture-signals","CDLA-Permissive-2.0","2026-04-27T00:00:00.000Z | 2026-06-11T11:57:15Z | 2026-05-12T00:29:08Z | 2026-05-18T13:23:54Z | 2026-05-25T13:08:59Z | 2026-06-01T13:20:32Z | 2026-06-08T13:20:12Z"
"NC","North Carolina","13acc30c-03e1-4681-8802-52bbd0aa505f","A New Reason to Smile","-78.90026086","36.04091067","dentist","general_dentistry","105 Newsom St","Durham","27704-2197","NC","US","+19194719106","info@anewreasontosmile.com","http://www.anewreasontosmile.com/","https://www.facebook.com/134329673286164","","0.9199122190475464","open","8","meta | Overture | Overture-signals","CDLA-Permissive-2.0","2026-04-27T00:00:00.000Z | 2026-06-11T11:57:15Z | 2026-05-12T00:29:08Z | 2026-05-18T13:23:54Z | 2026-05-25T13:08:59Z | 2026-06-01T13:20:32Z | 2026-06-08T13:20:12Z"
"NC","North Carolina","13c1a312-f36b-4ec4-893b-35baedbd3bad","Dental Transformations","-75.95627589","36.34863886","dentist","general_dentistry","153 Worth Guard Rd","Coinjock","27923-9766","NC","US","+12524532181","","","https://www.facebook.com/101712062182570","","0.9199122190475464","open","8","meta | Overture | Overture-signals","CDLA-Permissive-2.0","2026-04-27T00:00:00.000Z | 2026-06-11T11:57:15Z | 2026-05-12T00:29:08Z | 2026-05-18T13:23:54Z | 2026-05-25T13:08:59Z | 2026-06-01T13:20:32Z | 2026-06-08T13:20:12Z"
"NC","North Carolina","13d5f9f4-1378-47cb-bac5-c2616d391b7a","Dental Works","-79.8552695165535","36.1338444071339","dentist","","3724 Battleground Ave Ste A","Greensboro","27410","NC","US","(336) 288-9116","","https://www.dentalworks.com/office/greensboro","https://www.facebook.com/778324342330324","","0.77","","5","Foursquare | Overture","Apache-2.0 | CDLA-Permissive-2.0","2026-02-17T00:00:00.000 | 2026-06-11T11:57:15Z"
"NC","North Carolina","13e66b24-1ebf-4258-9855-d3657e892030","Infinity Smiles","-80.86547008","35.08975163","dentist","general_dentistry | cosmetic_dentist","8700 Pineville-Matthews Rd","Charlotte","28226-3766","NC","US","+17043275919","info@infinitysmilesnc.com","http://www.infinitysmilesnc.com/","https://www.facebook.com/103334385743805","","0.9902192950248718","open","9","meta | Overture | Overture-signals","CDLA-Permissive-2.0","2026-04-27T00:00:00.000Z | 2026-06-11T11:57:15Z | 2026-05-12T00:29:08Z | 2026-05-18T13:23:54Z | 2026-05-25T13:08:59Z | 2026-06-01T13:20:32Z | 2026-06-08T13:20:12Z"
"NC","North Carolina","13f466f2-41e2-4729-82a4-b160913a59a2","Burrow Orthodontics","-80.7684588432312","35.3416996955526","dentist","","10320 Mallard Creek Rd","Charlotte","28262","NC","US","(704) 334-7202","","","https://www.twitter.com/burrowortho","","0.9199122190475464","open","4","Foursquare | Overture | Overture-signals","Apache-2.0 | CDLA-Permissive-2.0","2026-04-06T00:00:00.000 | 2026-06-11T11:57:15Z | 2026-05-12T00:29:08Z | 2026-05-18T13:23:54Z | 2026-05-25T13:08:59Z | 2026-06-01T13:20:32Z | 2026-06-08T13:20:12Z"
"NC","North Carolina","142677a1-2944-4025-a208-664a88af6388","Valley River Dental","-84.0317762","35.08769464","dentist","orthodontist","96 Hughes Rd","Murphy","28906","NC","US","+18283609114","valleyriverdental@gmail.com","https://www.valleyriverdental.com/","https://www.facebook.com/104417329391756","","0.9798989295959473","","10","meta | Overture","CDLA-Permissive-2.0","2026-04-27T00:00:00.000Z | 2026-06-11T11:57:15Z"
"NC","North Carolina","143c4dad-5c80-4a59-bc9c-630b8510ec6f","White Dental","-77.552879","34.496362","dentist","doctor | family_practice","200 US Highway 17 N","Holly Ridge","28445-7826","NC","US","+19103298191","info@whitedentalnc.com","https://www.brushandfloss.com/holly-ridge","https://www.facebook.com/1653026408286448","Riccobene Associates Family Dentistry","0.9199122190475464","open","7","meta | Overture | Overture-signals","CDLA-Permissive-2.0","2026-04-27T00:00:00.000Z | 2026-06-11T11:57:15Z | 2026-05-12T00:29:08Z | 2026-05-18T13:23:54Z | 2026-05-25T13:08:59Z | 2026-06-01T13:20:32Z | 2026-06-08T13:20:12Z"
"NC","North Carolina","144d980b-a0d5-4c29-bac8-f15d9c8dd475","Dine Haberl DDS and Shawn Buffington DDS","-80.8826022826332","35.579638940584","dentist","","747 Brawley School Rd","Mooresville","28117","NC","US","(704) 663-3001","mooresvilledentistry@yahoo.com","http://mooresvilledentistry.com","","","0.9199122190475464","open","4","Foursquare | Overture | Overture-signals","Apache-2.0 | CDLA-Permissive-2.0","2025-05-29T00:00:00.000 | 2026-06-11T11:57:15Z | 2026-05-12T00:29:08Z | 2026-05-18T13:23:54Z | 2026-05-25T13:08:59Z | 2026-06-01T13:20:32Z | 2026-06-08T13:20:12Z"
"NC","North Carolina","145287ce-55ac-4e7e-b349-7329b07edab0","Lake Boone Dentistry of Raleigh","-78.69278704","35.81451643","dentist","general_dentistry | doctor","2310 Myron Dr","Raleigh","27607-0059","NC","US","+19197818610","office@lakeboonedentistry.com","https://www.lakeboonedentistry.com/","https://www.facebook.com/395493497261499","","0.9199122190475464","open","8","meta | Overture | Overture-signals","CDLA-Permissive-2.0","2026-04-27T00:00:00.000Z | 2026-06-11T11:57:15Z | 2026-05-12T00:29:08Z | 2026-05-18T13:23:54Z | 2026-05-25T13:08:59Z | 2026-06-01T13:20:32Z | 2026-06-08T13:20:12Z"
"NC","North Carolina","1452c615-a416-445c-b081-9ef42baf2df7","Damesek Dental","-80.83427453","35.20337301","dentist","general_dentistry | health_and_medical","1618 E Morehead St","Charlotte","28207-1650","NC","US","+17043778677","joshandelizabeth@hotmail.com","http://www.emergencydentalservices.com","https://www.facebook.com/154532097915881","","0.9511996507644653","","9","meta | Overture","CDLA-Permissive-2.0","2026-04-27T00:00:00.000Z | 2026-06-11T11:57:15Z"
"NC","North Carolina","1465049f-59c1-4f92-9364-d2f332ec776c","Kozacko Mark F Dds Pa","-78.624872","35.877712","dentist","medical_service_organizations | oral_surgeon","6817 Falls of Neuse Rd","Raleigh","27615-5386","NC","US","+19198489871","","https://www.drkozacko.com/","https://www.facebook.com/151690121540144","","0.9677802324295044","","9","meta | Overture","CDLA-Permissive-2.0","2026-04-27T00:00:00.000Z | 2026-06-11T11:57:15Z"
"NC","North Carolina","148098b5-33dd-43ff-80aa-bcb541c65202","Woodard Thomas DDS|Woodard Orthodontics","-80.7542353194598","35.3000119645633","dentist","","8220 University Exec Park Dr","Charlotte","28262","NC","US","(704) 548-1653","","http://www.drcooperortho.com","","","0.77","","5","Foursquare | Overture","Apache-2.0 | CDLA-Permissive-2.0","2025-08-19T00:00:00.000 | 2026-06-11T11:57:15Z"
"NC","North Carolina","1486b8ef-1aad-4d21-a576-0f0cad787afd","District Dentistry","-80.85447935","35.22251301","dentist","general_dentistry | doctor","328 W Carson Blvd","Charlotte","28203-4071","NC","US","+17049105006","office@districtdentistryclt.com","http://www.districtdentistryclt.com/","https://www.facebook.com/672735869760873","","0.9199122190475464","open","7","meta | Overture | Overture-signals","CDLA-Permissive-2.0","2026-04-27T00:00:00.000Z | 2026-06-11T11:57:15Z | 2026-05-12T00:29:08Z | 2026-05-18T13:23:54Z | 2026-05-25T13:08:59Z | 2026-06-01T13:20:32Z | 2026-06-08T13:20:12Z"
"NC","North Carolina","14b8ea32-526c-4811-8db1-90f01fa092df","Oak Ridge Dental Arts - Mt Island","-80.9462697","35.32098345","dentist","general_dentistry | medical_service_organizations","9920 Couloak Dr","Charlotte","28216-8923","NC","US","+17043927676","patientcare.charlotte@oakridgedentalarts.com","http://www.oakridgedentalarts.com/","https://www.facebook.com/1408745862552683","Oak Ridge Dental Arts Belmont","0.9199122190475464","open","9","meta | Overture | Overture-signals","CDLA-Permissive-2.0","2026-04-27T00:00:00.000Z | 2026-06-11T11:57:15Z | 2026-05-12T00:29:08Z | 2026-05-18T13:23:54Z | 2026-05-25T13:08:59Z | 2026-06-01T13:20:32Z | 2026-06-08T13:20:12Z"
"NC","North Carolina","14e2391e-de66-44b4-8b0b-cb55b8a26134","Wallace Terry A DDS","-76.895272","35.810697","dentist","health_and_medical | family_practice","2165 Main St","Jamesville","27846-9117","NC","US","+12527921032","","","https://www.facebook.com/160395267316626","","0.9051074385643005","","7","meta | Overture","CDLA-Permissive-2.0","2026-04-27T00:00:00.000Z | 2026-06-11T11:57:15Z"
"NC","North Carolina","14eebf01-ff7a-4163-9840-396979b1fd45","Shinaman Brad C DDS","-81.145959","36.162394","dentist","lawyer","406 8th St","North Wilkesboro","28659-4130","NC","US","+13366676081","","","https://www.facebook.com/615729325195061","","0.8920193314552307","","8","meta | Overture","CDLA-Permissive-2.0","2026-04-27T00:00:00.000Z | 2026-06-11T11:57:15Z"
"NC","North Carolina","14f782b4-d276-4706-83e6-44c03df0f00a","Dr. William S. Wooten","-78.42746079","36.33637094","dentist","general_dentistry","857 S Beckford Dr","Henderson","27536-3486","NC","US","+12524925200","pam@vancedental.com","http://www.vancedental.com/","https://www.facebook.com/247933559853","William S. Wooten, DDS, PA","0.9199122190475464","open","8","meta | Overture | Overture-signals","CDLA-Permissive-2.0","2026-04-27T00:00:00.000Z | 2026-06-11T11:57:15Z | 2026-05-12T00:29:08Z | 2026-05-18T13:23:54Z | 2026-05-25T13:08:59Z | 2026-06-01T13:20:32Z | 2026-06-08T13:20:12Z"
"NC","North Carolina","1512f377-1c55-423e-a740-474e2bbf967a","Dental Health Q&A","-78.897952","35.890956","dentist","health_and_medical","5322 NC Highway 55","Durham","27713-7816","NC","US","+19192372155","contactus@kittcreekdentistry.com","http://kittcreekdentistry.com/","https://www.facebook.com/86048557064","Dental Health Q&A","0.90104079246521","","7","meta | Overture","CDLA-Permissive-2.0","2026-04-27T00:00:00.000Z | 2026-06-11T11:57:15Z"
"NC","North Carolina","1518ac9d-a02b-4903-bad0-3f0e76d31ca6","Family Dentistry","-80.95079216","35.15196906","dentist","general_dentistry","3607 Whitehall Park Dr","Charlotte","28273-3587","NC","US","+17048316344","","","https://www.facebook.com/458978334138896","","0.9199122190475464","open","7","meta | Overture | Overture-signals","CDLA-Permissive-2.0","2026-04-27T00:00:00.000Z | 2026-06-11T11:57:15Z | 2026-05-12T00:29:08Z | 2026-05-18T13:23:54Z | 2026-05-25T13:08:59Z | 2026-06-01T13:20:32Z | 2026-06-08T13:20:12Z"
"NC","North Carolina","154546a0-9eaf-4030-8a74-685e71a8ca27","Gray Robert C Jr DDS PA","-80.80381527","35.58116095","dentist","general_dentistry | doctor","602 Carpenter Ave","Mooresville","28115-2538","NC","US","+17046631255","momofangels@mycoupons.com","http://www.robertgraydentistry.com","https://www.facebook.com/138267009554422","","0.9199122190475464","open","7","meta | Overture | Overture-signals","CDLA-Permissive-2.0","2026-04-27T00:00:00.000Z | 2026-06-11T11:57:15Z | 2026-05-12T00:29:08Z | 2026-05-18T13:23:54Z | 2026-05-25T13:08:59Z | 2026-06-01T13:20:32Z | 2026-06-08T13:20:12Z"
"NC","North Carolina","1571de9f-b7be-4083-84ea-e7cba69ac85b","Smile Starters","-78.9370906566252","35.0384214185042","dentist","","","Fayetteville","28304","NC","US","(910) 864-9884","walters.rdm@gmail.com","http://www.smilestartersdental.com","","","0.77","","5","Foursquare | Overture","Apache-2.0 | CDLA-Permissive-2.0","2025-10-07T00:00:00.000 | 2026-06-11T11:57:15Z"
"NC","North Carolina","15736dfd-6e85-47b0-a314-2990566cbfe0","Wheeler Family Dentistry","-80.31165239","36.11516698","dentist","general_dentistry | health_and_medical","3288 Robinhood Rd","Winston-Salem","27106-5464","NC","US","+13366597700","","http://wheelersmiles.com/","https://www.facebook.com/155505447823431","","0.9199122190475464","open","7","meta | Overture | Overture-signals","CDLA-Permissive-2.0","2026-04-27T00:00:00.000Z | 2026-06-11T11:57:15Z | 2026-05-12T00:29:08Z | 2026-05-18T13:23:54Z | 2026-05-25T13:08:59Z | 2026-06-01T13:20:32Z | 2026-06-08T13:20:12Z"
"NC","North Carolina","1577aeae-5464-4bb4-8bd0-0c01ed75f03d","Vivid Dental Greensboro","-79.7829947","36.09233108","dentist","general_dentistry","1126 N Church St","Greensboro","27401-1000","NC","US","+13363704040","","http://vividdental.com","https://www.facebook.com/104242524422076","","0.9199122190475464","open","7","meta | Overture | Overture-signals","CDLA-Permissive-2.0","2026-04-27T00:00:00.000Z | 2026-06-11T11:57:15Z | 2026-05-12T00:29:08Z | 2026-05-18T13:23:54Z | 2026-05-25T13:08:59Z | 2026-06-01T13:20:32Z | 2026-06-08T13:20:12Z"
"NC","North Carolina","1587a61f-b5ee-421f-93b2-5abd5b9381d1","Dr. Ramos Dentistry","-78.9656065173569","35.917587296446","dentist","","1515 W NC Highway 54 Ste 260","Durham","27707","NC","US","(919) 493-5714","saliciaramos@icloud.com","https://www.drramosdentistry.com","https://www.facebook.com/114330612072204","","0.9199122190475464","open","4","Foursquare | Overture | Overture-signals","Apache-2.0 | CDLA-Permissive-2.0","2022-11-19T00:00:00.000 | 2026-06-11T11:57:15Z | 2026-05-12T00:29:08Z | 2026-05-18T13:23:54Z | 2026-05-25T13:08:59Z | 2026-06-01T13:20:32Z | 2026-06-08T13:20:12Z"
"NC","North Carolina","1593d16a-f619-4ba3-b921-79fe080cb84a","David J Kornstein DDS","-78.575972989663","35.6857583307149","dentist","","100 Health Park Dr Ste 100","Garner","27529","NC","US","(919) 779-7599","","http://www.wakeorthopedo.com","","","0.9199122190475464","open","4","Foursquare | Overture | Overture-signals","Apache-2.0 | CDLA-Permissive-2.0","2025-08-22T00:00:00.000 | 2026-06-11T11:57:15Z | 2026-05-12T00:29:08Z | 2026-05-18T13:23:54Z | 2026-05-25T13:08:59Z | 2026-06-01T13:20:32Z | 2026-06-08T13:20:12Z"
"NC","North Carolina","15b862a3-47d7-4a14-ad53-4cbbd1746648","Dicky E Parrish","-78.282134690293","35.5360229652036","dentist","","110 E Waddell St Ste B","Selma","27576","NC","US","(919) 965-8660","","http://www.ncdentalboard.org","","","0.9199122190475464","open","4","Foursquare | Overture | Overture-signals","Apache-2.0 | CDLA-Permissive-2.0","2025-08-22T00:00:00.000 | 2026-06-11T11:57:15Z | 2026-05-12T00:29:08Z | 2026-05-18T13:23:54Z | 2026-05-25T13:08:59Z | 2026-06-01T13:20:32Z | 2026-06-08T13:20:12Z"
"NC","North Carolina","15c9fbc9-c180-40f9-a848-3dbb5e4dc16f","Pearl Charlotte Dentistry","-80.8409198221798","35.2265018312712","dentist","","150 N College St Ste 1100","Charlotte","28202","NC","US","(704) 941-3740","info@pearlcharlotte.com","http://pearlcharlotte.com","https://www.twitter.com/pearlclt | https://www.facebook.com/386021614908424","","0.9902192950248718","open","4","Foursquare | Overture | Overture-signals","Apache-2.0 | CDLA-Permissive-2.0","2026-04-01T00:00:00.000 | 2026-06-11T11:57:15Z | 2026-05-12T00:29:08Z | 2026-05-18T13:23:54Z | 2026-05-25T13:08:59Z | 2026-06-01T13:20:32Z | 2026-06-08T13:20:12Z"
"NC","North Carolina","15f72bc1-53a1-4aa1-974a-9c4dbf3ae9b9","Layton Dentistry","-80.82714717","35.21560962","dentist","general_dentistry | cosmetic_dentist","225 N Torrence St","Charlotte","28204-2549","NC","US","+17043331620","info@laytondentistrync.com","https://linktr.ee/laytondentistry","https://www.facebook.com/118961004803936","","0.9902192950248718","open","8","meta | Overture | Overture-signals","CDLA-Permissive-2.0","2026-04-27T00:00:00.000Z | 2026-06-11T11:57:15Z | 2026-05-12T00:29:08Z | 2026-05-18T13:23:54Z | 2026-05-25T13:08:59Z | 2026-06-01T13:20:32Z | 2026-06-08T13:20:12Z"
"NC","North Carolina","1632bc46-9348-4fac-9680-99de79e4a02f","Dr. Alvaro Xavier Lopez D.D.S.","-82.733753","35.23554","dentist","doctor | family_practice","290 N Broad St","Brevard","28712-3346","NC","US","+18288844411","","","https://www.facebook.com/809396812538121","","0.8665369749069214","","7","meta | Overture","CDLA-Permissive-2.0","2026-04-27T00:00:00.000Z | 2026-06-11T11:57:15Z"
"NC","North Carolina","16599731-d81a-4d05-b97f-5d4fcba1e555","Hines Dentistry","-80.80213616","35.17412138","dentist","general_dentistry","319 S Sharon Amity Rd","Charlotte","28211-2168","NC","US","+17043663526","","http://www.charlottedentalsmiles.com/","https://www.facebook.com/138372043016378","","0.9969644894301891","","8","meta | Overture","CDLA-Permissive-2.0","2026-04-27T00:00:00.000Z | 2026-06-11T11:57:15Z"
"NC","North Carolina","1669bc8c-f02d-4e09-8063-3741d112a497","Oak Ridge Dental Arts","-80.8511515774439","35.2346483990096","dentist","","900 W Trade St","Charlotte","28202","NC","US","(704) 332-9848","","http://www.oakridgedentalarts.com","https://www.instagram.com/ordauptown","","0.9199122190475464","open","4","Foursquare | Overture | Overture-signals","Apache-2.0 | CDLA-Permissive-2.0","2023-10-24T00:00:00.000 | 2026-06-11T11:57:15Z | 2026-05-12T00:29:08Z | 2026-05-18T13:23:54Z | 2026-05-25T13:08:59Z | 2026-06-01T13:20:32Z | 2026-06-08T13:20:12Z"
"NC","North Carolina","168dbe6c-c8b3-43d9-9f0d-c18450bb3b07","Austin Dentistry","-81.2422422","35.46845301","dentist","general_dentistry | health_and_medical","640 S Magnolia St","Lincolnton","28092-3736","NC","US","+17047323336","info@draustindentistry.com","http://draustindentistry.com/","https://www.facebook.com/570409506645404","","0.9199122190475464","open","7","meta | Overture | Overture-signals","CDLA-Permissive-2.0","2026-04-27T00:00:00.000Z | 2026-06-11T11:57:15Z | 2026-05-12T00:29:08Z | 2026-05-18T13:23:54Z | 2026-05-25T13:08:59Z | 2026-06-01T13:20:32Z | 2026-06-08T13:20:12Z"
"NC","North Carolina","169ac385-3210-456e-af86-7dd7ef8245e1","Friendly Dental Group of Ballantyne","-80.81493768","35.05817877","dentist","general_dentistry | pediatric_dentist","7868 Rea Rd","Charlotte","28277","NC","US","+17044947990","ballantyne@friendlydentalgroup.com","https://friendlydentalgroup.com/locations/ballantyne/","https://www.facebook.com/212586455472052","Friendly Dental Group of Ballantyne","0.9199122190475464","open","8","meta | Overture | Overture-signals","CDLA-Permissive-2.0","2026-04-27T00:00:00.000Z | 2026-06-11T11:57:15Z | 2026-05-12T00:29:08Z | 2026-05-18T13:23:54Z | 2026-05-25T13:08:59Z | 2026-06-01T13:20:32Z | 2026-06-08T13:20:12Z"
"NC","North Carolina","16c4997e-51c1-4273-a7a7-b6bc3d8dc28b","Pugh Family Dental","-80.24673866","35.81319557","dentist","endodontist | orthodontist","803 E Center St","Lexington","27292-4401","NC","US","+13362497708","office@pughfamilydental.com","http://www.cosmeticdentistrync.com/","https://www.facebook.com/101641171629998","Pugh Family Dental","0.9199122190475464","open","8","meta | Overture | Overture-signals","CDLA-Permissive-2.0","2026-04-27T00:00:00.000Z | 2026-06-11T11:57:15Z | 2026-05-12T00:29:08Z | 2026-05-18T13:23:54Z | 2026-05-25T13:08:59Z | 2026-06-01T13:20:32Z | 2026-06-08T13:20:12Z"
"NC","North Carolina","16d34ddc-ef92-49ff-a0fd-a644f9c906e2","Randolph Center for Dental Excellence","-79.81875348","35.70694457","dentist","general_dentistry | cosmetic_dentist","134 Davis St","Asheboro","27203-5469","NC","US","+13366253292","2toothdocs@freemandds.com","http://www.freemandds.com/","https://www.facebook.com/240140376791","","0.9199122190475464","open","8","meta | Overture | Overture-signals","CDLA-Permissive-2.0","2026-04-27T00:00:00.000Z | 2026-06-11T11:57:15Z | 2026-05-12T00:29:08Z | 2026-05-18T13:23:54Z | 2026-05-25T13:08:59Z | 2026-06-01T13:20:32Z | 2026-06-08T13:20:12Z"
"NC","North Carolina","1799b826-b2cf-49af-81be-fe3be7d924f5","Greenhouse Family Dentistry","-78.32456686","35.53168953","dentist","general_dentistry","121 Kellie Dr","Smithfield","27577-9443","NC","US","+19199343636","lauraegodwin.dds.pa@gmail.com","https://www.greenhousefamilydentistry.com","https://www.facebook.com/274848172912987","Bear Creek Family Dentistry","0.9199122190475464","open","9","meta | Overture | Overture-signals","CDLA-Permissive-2.0","2026-04-27T00:00:00.000Z | 2026-06-11T11:57:15Z | 2026-05-12T00:29:08Z | 2026-05-18T13:23:54Z | 2026-05-25T13:08:59Z | 2026-06-01T13:20:32Z | 2026-06-08T13:20:12Z"
"NC","North Carolina","17a15e9d-487c-4c9b-9a42-569269af502a","Motto Clear Aligners","-82.5295333","35.589506","dentist","","160 Tunnel Rd","Asheville","28805","NC","US","8283336179","","https://www.aspendental.com/dentist/nc/asheville/160-tunnel-rd/motto-clear-aligners/","","","0.9199122190475464","open","6","Microsoft | Overture | Overture-signals","CDLA-Permissive-2.0","2025-10-05T06:02:35.430Z | 2026-06-11T11:57:15Z | 2026-05-12T00:29:08Z | 2026-05-18T13:23:54Z | 2026-05-25T13:08:59Z | 2026-06-01T13:20:32Z | 2026-06-08T13:20:12Z"
"NC","North Carolina","17a87fa7-a8dc-41b4-aeb3-66cb36d88ea4","Grassroots Dental Wellness","-78.53622123","35.97884086","dentist","general_dentistry","835 Wake Forest Business Park","Wake Forest","27587-7324","NC","US","+19135936990","kathrynhetrick1@gmail.com","","https://www.facebook.com/665414789987011","","0.9199122190475464","open","7","meta | Overture | Overture-signals","CDLA-Permissive-2.0","2026-04-27T00:00:00.000Z | 2026-06-11T11:57:15Z | 2026-05-12T00:29:08Z | 2026-05-18T13:23:54Z | 2026-05-25T13:08:59Z | 2026-06-01T13:20:32Z | 2026-06-08T13:20:12Z"
"NC","North Carolina","17d8dfed-381f-48bc-8878-4244bbdb6435","Dr. Vivek Kashyap","-80.71660143","35.12068508","dentist","general_dentistry | health_and_medical","1340 Matthews-Township Pkwy","Matthews","28105-4681","NC","US","+17047089185","","http://www.matthewsfamilydentistry.com/","https://www.facebook.com/928958667183828","Matthews Family Dentistry","0.8586813807487488","","8","meta | Overture","CDLA-Permissive-2.0","2026-04-27T00:00:00.000Z | 2026-06-11T11:57:15Z"
"NC","North Carolina","17fcb435-47d1-4f9b-a9a1-7ba06295a4f9","Serafim Kleitches","-80.94374589","35.12657798","dentist","orthodontist | medical_service_organizations","9720 S Tryon St","Charlotte","28273-6578","NC","US","+17045885600","info@samkleitchesdentistry.com","http://kleitchescharlottedentist.com/","https://www.facebook.com/1432254370373015","Sam Kleitches, Doctor of Dental Surgery","0.9586914777755737","","2","meta | Overture","CDLA-Permissive-2.0","2026-04-27T00:00:00.000Z | 2026-06-11T11:57:15Z"
"NC","North Carolina","17fd3912-9a27-4ad1-9a9d-3867564fecd5","Claremont Family Dentistry","-81.15401493","35.71648306","dentist","general_dentistry","2953 N Oxford St","Claremont","28610-9661","NC","US","+18284591400","claremontfamilydentist@gmail.com","http://claremontncdentist.com/","https://www.facebook.com/105118125995562","","0.9199122190475464","open","7","meta | Overture | Overture-signals","CDLA-Permissive-2.0","2026-04-27T00:00:00.000Z | 2026-06-11T11:57:15Z | 2026-05-12T00:29:08Z | 2026-05-18T13:23:54Z | 2026-05-25T13:08:59Z | 2026-06-01T13:20:32Z | 2026-06-08T13:20:12Z"
"NC","North Carolina","180bc9c6-c44b-4f7f-b1e0-7a6c77034026","Coastal Smiles Family Dentistry","-77.828994","34.228548","dentist","cosmetic_dentist | health_and_medical","1337 Military Cutoff Rd","Wilmington","28405-3633","NC","US","+19102399231","info.coastalsmiles@yahoo.com","http://www.coastal-smiles.com","https://www.facebook.com/1794812107420693","Coastal Smiles Family Dentistry - Wilmington NC","0.9799582362174988","","9","meta | Overture","CDLA-Permissive-2.0","2026-04-27T00:00:00.000Z | 2026-06-11T11:57:15Z"
"NC","North Carolina","185fe209-ccc9-4f1a-8189-c35aa3848df7","Jeffrey J. Caldwell Sr. DDS","-77.06808147","35.8388026","dentist","general_dentistry","1060 Godwin Dr","Williamston","27892-6827","NC","US","+12527921101","jcaldwelldds@embarqmail.com","http://jeffcaldwelldds.com","https://www.facebook.com/206526426077605","","0.8163459897041321","","8","meta | Overture","CDLA-Permissive-2.0","2026-04-27T00:00:00.000Z | 2026-06-11T11:57:15Z"
"NC","North Carolina","1876b0b6-408f-41c2-b361-3fa4b138b01c","Apex Family Dentistry","-78.86879534","35.74097012","dentist","orthodontist | health_and_medical","1001 W Williams St","Apex","27502-0109","NC","US","+19193627878","info@apexfamilydentistry.com","https://apexfamilydentistry.com/","https://www.facebook.com/486213281478967","","0.9199122190475464","open","7","meta | Overture | Overture-signals","CDLA-Permissive-2.0","2026-04-27T00:00:00.000Z | 2026-06-11T11:57:15Z | 2026-05-12T00:29:08Z | 2026-05-18T13:23:54Z | 2026-05-25T13:08:59Z | 2026-06-01T13:20:32Z | 2026-06-08T13:20:12Z"
"NC","North Carolina","188fdb8a-0ecf-401c-b75f-a7f49ee3216c","Scott Murphy Family Dentistry","-81.6563180848332","35.7291708541414","dentist","","341 E Parker Rd","Morganton","28655","NC","US","(828) 433-1223","murphyscottdmdpa@bellsouth.net","http://drscottmurphy.com","https://www.facebook.com/150706581689778","","0.77","","5","Foursquare | Overture","Apache-2.0 | CDLA-Permissive-2.0","2025-08-22T00:00:00.000 | 2026-06-11T11:57:15Z"
"NC","North Carolina","1898734e-4279-40a1-a5e7-9e3fd3a4ea68","Smile Starters","-81.321284614418","35.7252039179322","dentist","","655 Lenoir Rhyne Blvd SE","Hickory","28602","NC","US","(828) 469-3000","","https://www.smilestarterdental.com","","","0.9199122190475464","open","4","Foursquare | Overture | Overture-signals","Apache-2.0 | CDLA-Permissive-2.0","2026-04-13T00:00:00.000 | 2026-06-11T11:57:15Z | 2026-05-12T00:29:08Z | 2026-05-18T13:23:54Z | 2026-05-25T13:08:59Z | 2026-06-01T13:20:32Z | 2026-06-08T13:20:12Z"
"NC","North Carolina","18ddcbc3-5a29-43f1-b476-d015c4e03067","Opal Dental Studio","-80.8509597","35.41012631","dentist","general_dentistry | cosmetic_dentist","403 Gilead Rd","Huntersville","28078-6813","NC","US","+17048924431","hello@opaldentalstudio.com","https://www.opaldentalstudio.com/","https://www.facebook.com/632219433318644","","0.9199122190475464","open","8","meta | Overture | Overture-signals","CDLA-Permissive-2.0","2026-04-27T00:00:00.000Z | 2026-06-11T11:57:15Z | 2026-05-12T00:29:08Z | 2026-05-18T13:23:54Z | 2026-05-25T13:08:59Z | 2026-06-01T13:20:32Z | 2026-06-08T13:20:12Z"
"NC","North Carolina","190c76be-8a1f-42b3-baf7-71f05d9f464a","Eric Morrison Family Practice","-82.99129039","35.48520507","dentist","health_and_medical | pediatric_dentist","388 S Main St","Waynesville","28786-6408","NC","US","+18284563911","ericmorrison@yahoo.com","http://www.waynesvillencdentist.com","https://www.facebook.com/166823953330517","Morrison Eric Dds/Family Dentistry","0.9199122190475464","open","7","meta | Overture | Overture-signals","CDLA-Permissive-2.0","2026-04-27T00:00:00.000Z | 2026-06-11T11:57:15Z | 2026-05-12T00:29:08Z | 2026-05-18T13:23:54Z | 2026-05-25T13:08:59Z | 2026-06-01T13:20:32Z | 2026-06-08T13:20:12Z"
"NC","North Carolina","1927c3d9-1ef2-4416-825f-8b29f1a4a5f7","Dr. Robert Kent and Associates","-78.64666749","35.88261351","dentist","orthodontist | medical_service_organizations","100 Sawmill Rd","Raleigh","27615-4934","NC","US","+19196799499","","http://www.carolinabraces.com","https://www.facebook.com/138050659576143","Carolina Braces","0.8610539436340332","","2","meta | Overture","CDLA-Permissive-2.0","2026-04-27T00:00:00.000Z | 2026-06-11T11:57:15Z"
"NC","North Carolina","194e2973-2138-49c5-90e4-42784ae89454","Edwin L Booth Jr DDS PA","-79.81877981","36.09745514","dentist","general_dentistry","2100 W Cornwallis Dr","Greensboro","27408-7015","NC","US","+13362823400","boothdental@edboothdds.com","http://www.edboothdds.com/","https://www.facebook.com/569804966371220","","0.9199122190475464","open","8","meta | Overture | Overture-signals","CDLA-Permissive-2.0","2026-04-27T00:00:00.000Z | 2026-06-11T11:57:15Z | 2026-05-12T00:29:08Z | 2026-05-18T13:23:54Z | 2026-05-25T13:08:59Z | 2026-06-01T13:20:32Z | 2026-06-08T13:20:12Z"
"NC","North Carolina","196e9407-03ad-4a28-8ec3-9d370e319c5e","Affordable Dentures and Implants","-80.92392477","35.22802212","dentist","general_dentistry","2842 Boyer St","Charlotte","28208-0702","NC","US","+19804705824","fda01002@affordabledentures.com","https://www.affordabledentures.com/locations/nc/charlotte?utm_source=Facebook&utm_medium=Organic_Listing&utm_campaign=1002","https://www.facebook.com/667802583082004","Affordable Dentures & Implants","0.9722161889076233","","8","meta | Overture","CDLA-Permissive-2.0","2026-04-27T00:00:00.000Z | 2026-06-11T11:57:15Z"
"NC","North Carolina","197c7ad3-5873-4a43-b1fa-ea67d4bd7799","Affordable Dentures & Implants","-82.43632752","35.34891208","dentist","general_dentistry | prosthodontist","210 Highlands Square Dr","Hendersonville","28792-5721","NC","US","+18286738583","fda01282@affordabledentures.com","https://www.affordabledentures.com/locations/nc/hendersonville?utm_source=Facebook&utm_medium=Organic_Listing&utm_campaign=1282","https://www.facebook.com/737071362825250","Affordable Dentures & Implants","0.9902192950248718","open","9","meta | Overture | Overture-signals","CDLA-Permissive-2.0","2026-04-27T00:00:00.000Z | 2026-06-11T11:57:15Z | 2026-05-12T00:29:08Z | 2026-05-18T13:23:54Z | 2026-05-25T13:08:59Z | 2026-06-01T13:20:32Z | 2026-06-08T13:20:12Z"
"NC","North Carolina","1987c946-86d7-4f5d-80db-d6b95e18f8a4","Bryan and Cheryl Freeman dds","-79.8187358020827","35.7069269425127","dentist","","134 Davis St","Asheboro","27203","NC","US","(336) 625-3292","2toothdocs@freemandds.com","http://www.freemandds.com","https://www.facebook.com/134111316638568","","0.9199122190475464","open","4","Foursquare | Overture | Overture-signals","Apache-2.0 | CDLA-Permissive-2.0","2026-03-04T00:00:00.000 | 2026-06-11T11:57:15Z | 2026-05-12T00:29:08Z | 2026-05-18T13:23:54Z | 2026-05-25T13:08:59Z | 2026-06-01T13:20:32Z | 2026-06-08T13:20:12Z"
"NC","North Carolina","19ced170-b6d7-46d9-889e-953fced49710","Kempter Family Dentistry","-80.5863103663748","35.4578699787974","dentist","","1000 Copperfield Blvd NE Ste 160","Concord","28025","NC","US","(704) 782-0797","info@kempterdentistry.com","http://www.kempterdentistry.com","https://www.facebook.com/206776042686694","","0.77","","5","Foursquare | Overture","Apache-2.0 | CDLA-Permissive-2.0","2022-05-05T00:00:00.000 | 2026-06-11T11:57:15Z"
"NC","North Carolina","19e9f717-6667-4510-8237-9f0bdc8afe07","Sparkling Smiles","-79.81646492","35.71297918","dentist","general_dentistry","422 N Church St","Asheboro","27203-4702","NC","US","+13366251319","dsmith@sparklingsmilesofasheboro.com","http://www.sparklingsmilesofasheboro.com/","https://www.facebook.com/134175186631968","Sparkling Smiles","0.9902192950248718","open","8","meta | Overture | Overture-signals","CDLA-Permissive-2.0","2026-04-27T00:00:00.000Z | 2026-06-11T11:57:15Z | 2026-05-12T00:29:08Z | 2026-05-18T13:23:54Z | 2026-05-25T13:08:59Z | 2026-06-01T13:20:32Z | 2026-06-08T13:20:12Z"
"NC","North Carolina","19f1d12f-382b-4f7c-b4e6-e101658d5e31","Affordable Dentures","-79.75977249","34.92830053","dentist","health_and_medical","784 U S 74","Rockingham","28379","NC","US","9105570571","","","","","0.85","","8","Microsoft | Overture","CDLA-Permissive-2.0","2015-05-14T09:07:32.797Z | 2026-06-11T11:57:15Z"
"NC","North Carolina","1a101aa2-0b29-4efd-bab0-2db38b19b58b","Greenville Oral and Maxillofacial Surgeons","-77.40643539","35.60335699","dentist","health_and_medical | doctor","2300 Hemby Ln","Greenville","27834-3775","NC","US","+12528300201","info@greenvilleoralsurgeons.com","http://www.localedge.com/b19808941/Greenville+Oral+%7C+Maxillofacial+Surgeons?type","https://www.facebook.com/301121003307164","","0.9199122190475464","open","6","meta | Overture | Overture-signals","CDLA-Permissive-2.0","2026-04-27T00:00:00.000Z | 2026-06-11T11:57:15Z | 2026-05-12T00:29:08Z | 2026-05-18T13:23:54Z | 2026-05-25T13:08:59Z | 2026-06-01T13:20:32Z | 2026-06-08T13:20:12Z"
"NC","North Carolina","1a1f34c0-b0c1-4593-a59d-b098350c1f84","Affordable Braces Wimington NC","-77.8758299","34.24994","dentist","orthodontist","","Wilmington","","NC","US","+19103860101","dick@getrankedfast.com","http://affordablebraceswilmington.com/","https://www.facebook.com/1802479863407418","","0.5292741060256958","","2","meta | Overture","CDLA-Permissive-2.0","2026-04-27T00:00:00.000Z | 2026-06-11T11:57:15Z"
"NC","North Carolina","1a2bf62f-6f07-4474-bd1d-a42d00cc0ee3","Grant James Haviland","-79.8064479312854","35.8171677080135","dentist","","215 W Naomi St","Randleman","27317","NC","US","(336) 498-2404","","http://www.randlemandentist.com","","","0.9199122190475464","open","4","Foursquare | Overture | Overture-signals","Apache-2.0 | CDLA-Permissive-2.0","2025-08-19T00:00:00.000 | 2026-06-11T11:57:15Z | 2026-05-12T00:29:08Z | 2026-05-18T13:23:54Z | 2026-05-25T13:08:59Z | 2026-06-01T13:20:32Z | 2026-06-08T13:20:12Z"
"NC","North Carolina","1a570ea9-2136-4345-9ca3-cc510cc09c3b","Martin Family Dentistry","-77.36860329","35.55801212","dentist","general_dentistry","915 E Fire Tower Rd","Winterville","28590-9398","NC","US","+12526893957","info@wintervillencdentist.com","http://wintervillencdentist.com/","https://www.facebook.com/299167277422404","","0.9199122190475464","open","10","meta | Overture | Overture-signals","CDLA-Permissive-2.0","2026-04-27T00:00:00.000Z | 2026-06-11T11:57:15Z | 2026-05-12T00:29:08Z | 2026-05-18T13:23:54Z | 2026-05-25T13:08:59Z | 2026-06-01T13:20:32Z | 2026-06-08T13:20:12Z"
"NC","North Carolina","1a601bc3-c879-4b52-9ec8-203394eedcca","CarolinasDentist","-79.42083852","35.15874786","dentist","pediatric_dentist | cosmetic_dentist","292 Turner St","Southern Pines","28315-2363","NC","US","+19108070071","southernpinesmarketing@carolinasdentist.com","https://app.meetaxle.com/onlinescheduling.aspx?practice=Carolinas+Dentist+Southern+Pines","https://www.facebook.com/1162694897108016","CarolinasDentist","0.9984786152839661","","9","meta | Overture","CDLA-Permissive-2.0","2026-04-27T00:00:00.000Z | 2026-06-11T11:57:15Z"
"NC","North Carolina","1a6c62a2-b9db-4db8-9b8e-dd1605145b87","Mary Paula Zaytoun Steele DDS","-78.61192","35.7028","dentist","orthodontist | health_and_medical","609 Benson Rd","Garner","27529-3905","NC","US","+19197728442","","https://www.zaytounorthodontics.com/","https://www.facebook.com/200372106976677","Zaytoun Orthodontics - Henry S Zaytoun Sr DDS","0.6787852048873901","","2","meta | Overture","CDLA-Permissive-2.0","2026-04-27T00:00:00.000Z | 2026-06-11T11:57:15Z"
"NC","North Carolina","1a6d22ff-3ff6-4367-a14a-e731c49bfee8","Williams A C Dr","-78.61608071","35.31107759","dentist","health_and_medical | medical_service_organizations","601 W Broad St","Dunn","28334-4859","NC","US","+19108923145","","","https://www.facebook.com/126139300775122","","0.9199122190475464","open","7","meta | Overture | Overture-signals","CDLA-Permissive-2.0","2026-04-27T00:00:00.000Z | 2026-06-11T11:57:15Z | 2026-05-12T00:29:08Z | 2026-05-18T13:23:54Z | 2026-05-25T13:08:59Z | 2026-06-01T13:20:32Z | 2026-06-08T13:20:12Z"
"NC","North Carolina","1a71b5f7-3a04-4bab-9abf-f86be56e4044","Southern Pines Family & Cosmetic Dentistry","-79.39910792","35.16954662","dentist","general_dentistry | cosmetic_dentist","655 SW Broad St","Southern Pines","28387-5925","NC","US","+19106926500","frontdesk@southernpinesdentistry.com","https://southernpinesdentistry.com/","https://www.facebook.com/662024600331101","","0.9199122190475464","open","8","meta | Overture | Overture-signals","CDLA-Permissive-2.0","2026-04-27T00:00:00.000Z | 2026-06-11T11:57:15Z | 2026-05-12T00:29:08Z | 2026-05-18T13:23:54Z | 2026-05-25T13:08:59Z | 2026-06-01T13:20:32Z | 2026-06-08T13:20:12Z"
"NC","North Carolina","1aa43d08-e0d7-4b86-9bf4-3555c06446f7","Siceloff III D Sim DDS","-80.25369435","35.82189603","dentist","general_dentistry | doctor","19 E 2nd Ave","Lexington","27292-3362","NC","US","+13362496524","frontdesk@drsimsiceloff.com","https://drsimsiceloff.com/","https://www.facebook.com/108761295531720","","0.9199122190475464","open","8","meta | Overture | Overture-signals","CDLA-Permissive-2.0","2026-04-27T00:00:00.000Z | 2026-06-11T11:57:15Z | 2026-05-12T00:29:08Z | 2026-05-18T13:23:54Z | 2026-05-25T13:08:59Z | 2026-06-01T13:20:32Z | 2026-06-08T13:20:12Z"
"NC","North Carolina","1aa7ceb2-0f0d-42a3-a115-37137f84fabe","Dr. Scott Erikson DDS MS","-80.012579","35.959173","dentist","doctor | health_and_medical","303 Gatewood Ave","High Point","27262-4821","NC","US","+13368895939","","http://www.ncdental.org/","https://www.facebook.com/111168435612151","","0.8195648193359375","","9","meta | Overture","CDLA-Permissive-2.0","2026-04-27T00:00:00.000Z | 2026-06-11T11:57:15Z"
"NC","North Carolina","1aaf582d-733c-472d-98af-52e1d97a76bc","Jayaram Jayaram","-80.623698","35.46920881","dentist","general_dentistry | doctor","1706 S Main St","Kannapolis","28081-5924","NC","US","+17049325000","","https://youtu.be/1KnzKpSm4Wo","https://www.facebook.com/1769550656596137","","0.5794049501419067","","2","meta | Overture","CDLA-Permissive-2.0","2026-04-27T00:00:00.000Z | 2026-06-11T11:57:15Z"
"NC","North Carolina","1ab31322-5300-484a-b794-e77e892c7078","Dr. Giles Fousehe, DDS","-80.8101276772461","35.188968291389","dentist","health_and_medical","3541 Randolph Rd Ste 205","Charlotte","28211","NC","US","7043665257","","","","","0.9199122190475464","open","6","Microsoft | Overture | Overture-signals","CDLA-Permissive-2.0","2013-01-29T06:59:02.030Z | 2026-06-11T11:57:15Z | 2026-05-12T00:29:08Z | 2026-05-18T13:23:54Z | 2026-05-25T13:08:59Z | 2026-06-01T13:20:32Z | 2026-06-08T13:20:12Z"
"NC","North Carolina","1ac484e3-2758-454c-b0d5-c102a1da632a","Lena Eldridge DDS","-81.33983089","35.73801115","dentist","health_and_medical | pharmacy","407 2nd St NW","Hickory","28601-4978","NC","US","+18283246235","","http://www.eldridgedds.com","https://www.facebook.com/166908100023077","","0.9199122190475464","open","7","meta | Overture | Overture-signals","CDLA-Permissive-2.0","2026-04-27T00:00:00.000Z | 2026-06-11T11:57:15Z | 2026-05-12T00:29:08Z | 2026-05-18T13:23:54Z | 2026-05-25T13:08:59Z | 2026-06-01T13:20:32Z | 2026-06-08T13:20:12Z"
"NC","North Carolina","1acb7ce5-8466-4a89-b3e5-bc1d82bb03a7","College Lakes Family Dentistry","-78.90233133","35.12312219","dentist","general_dentistry | cosmetic_dentist","4823 Rosehill Rd","Fayetteville","28311-6938","NC","US","+19104824442","twlegette@nc.rr.com","http://collegelakesdentistry.org/","https://www.facebook.com/107362861549221","College Lakes Family Dentistry","0.9199122190475464","open","8","meta | Overture | Overture-signals","CDLA-Permissive-2.0","2026-04-27T00:00:00.000Z | 2026-06-11T11:57:15Z | 2026-05-12T00:29:08Z | 2026-05-18T13:23:54Z | 2026-05-25T13:08:59Z | 2026-06-01T13:20:32Z | 2026-06-08T13:20:12Z"
"NC","North Carolina","1ad9aced-950b-46ae-90ca-cafcca4de057","Caparelli & Mellis Family Dentistry","-77.86757545","34.20866329","dentist","general_dentistry | medical_service_organizations","5125 Oleander Dr","Wilmington","28403-7065","NC","US","+19103922920","caparellimellis@gmail.com","http://www.wilmingtondental.com/","https://www.facebook.com/191137354301561","Caparelli & Mellis Family Dentistry","0.9199122190475464","open","10","meta | Overture | Overture-signals","CDLA-Permissive-2.0","2026-04-27T00:00:00.000Z | 2026-06-11T11:57:15Z | 2026-05-12T00:29:08Z | 2026-05-18T13:23:54Z | 2026-05-25T13:08:59Z | 2026-06-01T13:20:32Z | 2026-06-08T13:20:12Z"
"NC","North Carolina","1ae0a607-d3bd-4f02-8b56-5e5b99bcad59","Root Canals in Cary","-78.76577","35.774564","dentist","health_and_medical | endodontist","875 Walnut St","Cary","27511-4215","NC","US","+19194678227","dr.bills@rootcanalsincary.com","http://www.rootcanalsincary.com/","https://www.facebook.com/217397871665965","","0.7486704587936401","","8","meta | Overture","CDLA-Permissive-2.0","2026-04-27T00:00:00.000Z | 2026-06-11T11:57:15Z"
"NC","North Carolina","1ae29631-f236-4249-ae7d-9f1808bdd0ed","Toe River Children's Dental Clinic","-82.15721778","36.01617541","dentist","pediatric_dentist | health_and_medical","89 N Mitchell Ave","Bakersville","28705-6502","NC","US","+18286888384","","http://blueridgehealth.org","https://www.facebook.com/169664146381201","","0.6480263471603394","","7","meta | Overture","CDLA-Permissive-2.0","2026-04-27T00:00:00.000Z | 2026-06-11T11:57:15Z"
"NC","North Carolina","1af603ae-76da-4725-b072-4251188b1cf0","Brush Dental Care","-77.9003808768021","34.0484677536259","dentist","","1300 Bridge Barrier Rd","Carolina Beach","28428","NC","US","(910) 458-9401","","http://www.brushdentalcare.com","","","0.9199122190475464","open","4","Foursquare | Overture | Overture-signals","Apache-2.0 | CDLA-Permissive-2.0","2024-11-04T00:00:00.000 | 2026-06-11T11:57:15Z | 2026-05-12T00:29:08Z | 2026-05-18T13:23:54Z | 2026-05-25T13:08:59Z | 2026-06-01T13:20:32Z | 2026-06-08T13:20:12Z"
"NC","North Carolina","1b141b3c-c27f-467d-9ba8-e0ab1c9772af","Tri County Community Health Council","-78.4505506378469","35.2436202545458","dentist","","3331 Easy St","Dunn","28334","NC","US","(910) 567-6194","","http://www.commwellhealth.org","https://www.facebook.com/351960228307575","","0.9199122190475464","open","4","Foursquare | Overture | Overture-signals","Apache-2.0 | CDLA-Permissive-2.0","2025-08-22T00:00:00.000 | 2026-06-11T11:57:15Z | 2026-05-12T00:29:08Z | 2026-05-18T13:23:54Z | 2026-05-25T13:08:59Z | 2026-06-01T13:20:32Z | 2026-06-08T13:20:12Z"
"NC","North Carolina","1b167540-febc-4dd3-9f25-accb16c04154","Dr. Mercedes Aybar-Diaz","-78.58675736","35.85230319","dentist","general_dentistry | health_and_medical","4905 Green Rd","Raleigh","27616-2805","NC","US","+19194319111","","","https://www.facebook.com/786909198113789","","0.9199122190475464","open","9","meta | Overture | Overture-signals","CDLA-Permissive-2.0","2026-04-27T00:00:00.000Z | 2026-06-11T11:57:15Z | 2026-05-12T00:29:08Z | 2026-05-18T13:23:54Z | 2026-05-25T13:08:59Z | 2026-06-01T13:20:32Z | 2026-06-08T13:20:12Z"
"NC","North Carolina","1b527052-bac0-442f-a9e0-363b76793645","Malrie Emmitt Johnson","-79.9747060610379","36.4084591369219","dentist","","603 S Ayersville Rd","Mayodan","27027","NC","US","(336) 427-8544","","https://www.carecredit.com/.../Malrie-E-Johnson-DDS-PA","https://www.facebook.com/162481493779537","","0.77","","5","Foursquare | Overture","Apache-2.0 | CDLA-Permissive-2.0","2025-08-22T00:00:00.000 | 2026-06-11T11:57:15Z"
"NC","North Carolina","1b5c1305-94cb-434f-b9c2-ab0ddc48a061","Integrative Holistic Dentistry","-79.029684","35.929403","dentist","health_and_medical","891 Willow Dr Ste 2B","Chapel Hill","27514","NC","US","9842345671","","https://www.ihdnc.com/","","","0.85","","7","Microsoft | Overture","CDLA-Permissive-2.0","2023-07-25T14:32:29.673Z | 2026-06-11T11:57:15Z"
"NC","North Carolina","1b6e8201-db90-40bc-a99d-41a60a1f15fd","Amberly Family Dentistry","-78.90099074","35.82054343","dentist","general_dentistry | health_and_medical","10130 Green Level Church Rd","Cary","27519-8156","NC","US","+19194670550","info@amberlyfamilydentistry.com","http://www.amberlyfamilydentistry.com/","https://www.facebook.com/233209290119478","Amberly  Family Dentistry","0.9199122190475464","open","8","meta | Overture | Overture-signals","CDLA-Permissive-2.0","2026-04-27T00:00:00.000Z | 2026-06-11T11:57:15Z | 2026-05-12T00:29:08Z | 2026-05-18T13:23:54Z | 2026-05-25T13:08:59Z | 2026-06-01T13:20:32Z | 2026-06-08T13:20:12Z"
"NC","North Carolina","1b8e4287-2098-4e94-8ca6-b54458fa0b1f","818 Dental","-78.9190782","36.01136335","dentist","general_dentistry","818 Broad St","Durham","27705-4138","NC","US","+19842174693","818familydental@gmail.com","https://818dentalnc.com/","https://www.facebook.com/114221418269896","","0.9199122190475464","open","8","meta | Overture | Overture-signals","CDLA-Permissive-2.0","2026-04-27T00:00:00.000Z | 2026-06-11T11:57:15Z | 2026-05-12T00:29:08Z | 2026-05-18T13:23:54Z | 2026-05-25T13:08:59Z | 2026-06-01T13:20:32Z | 2026-06-08T13:20:12Z"
"NC","North Carolina","1b8ef486-c2d0-4d8e-acb6-f40649747552","Warren Fitzhugh Hoyle","-81.0104609935255","35.4179239629425","dentist","","6573 Bob White Trl","Stanley","28164","NC","US","(704) 827-4396","","https://midlakesdental.com","","","0.9199122190475464","open","4","Foursquare | Overture | Overture-signals","Apache-2.0 | CDLA-Permissive-2.0","2025-08-22T00:00:00.000 | 2026-06-11T11:57:15Z | 2026-05-12T00:29:08Z | 2026-05-18T13:23:54Z | 2026-05-25T13:08:59Z | 2026-06-01T13:20:32Z | 2026-06-08T13:20:12Z"
"NC","North Carolina","1b99d691-cee5-460c-8a07-3c942b8314cb","Steele Creek Modern Dentistry","-80.97009902","35.16094786","dentist","general_dentistry | health_and_medical","2114 Freeman Park Dr","Charlotte","28273-3237","NC","US","+19805804271","steelecreekmoderndentistry@smilegeneration.com","https://www.SteeleCreekModernDentistry.com/?sc_cid=Facebook%3AO%3AGP%3A800%3ASocial%3AGeneral%3Ana&_vsrefdom=organic_social&y_source=1_MjM3NzE0OTktNTU5LWxvY2F0aW9uLndlYnNpdGU%3D","https://www.facebook.com/103597892117837","Smile Generation","0.9902192950248718","open","7","meta | Overture | Overture-signals","CDLA-Permissive-2.0","2026-04-27T00:00:00.000Z | 2026-06-11T11:57:15Z | 2026-05-12T00:29:08Z | 2026-05-18T13:23:54Z | 2026-05-25T13:08:59Z | 2026-06-01T13:20:32Z | 2026-06-08T13:20:12Z"
"NC","North Carolina","1b9c15f4-3b90-467e-b0ff-9579935c4a9c","North Carolina Implants and Periodontics","-78.69869452","35.8217319","dentist","periodontist | cosmetic_dentist","3820 Ed Dr","Raleigh","27612-8037","NC","US","+19195108888","info@northcarolinaperio.com","https://www.northcarolinaperio.com/","https://www.facebook.com/147757555919929","","0.9982237607240677","","8","meta | Overture","CDLA-Permissive-2.0","2026-04-27T00:00:00.000Z | 2026-06-11T11:57:15Z"
"NC","North Carolina","1baaf3f5-bc26-4631-a7b0-0adc7b106310","McChristian Dental","-82.4211755886435","35.3141187543263","dentist","","777 S Allen Rd","Flat Rock","28731","NC","US","(828) 595-9177","info@mcchristiandental.com","https://www.upwardsdental.com","","","0.77","","6","Foursquare | Overture","Apache-2.0 | CDLA-Permissive-2.0","2025-10-09T00:00:00.000 | 2026-06-11T11:57:15Z"
"NC","North Carolina","1bac9a5f-cf10-4d04-9a5e-120f59b073e2","Larry F Perkins PA","-80.69971769","34.99991423","dentist","health_and_medical | building_supply_store","5922 Weddington Rd","Wesley Chapel","28104-8202","NC","US","+17048435757","","","https://www.facebook.com/122182077863780","","0.7084779143333435","","8","meta | Overture","CDLA-Permissive-2.0","2026-04-27T00:00:00.000Z | 2026-06-11T11:57:15Z"
"NC","North Carolina","1bae0724-ea33-4451-8a4a-72ae9c81f509","Serene Dental Spa","-80.76396013","35.02331321","dentist","spas | beauty_and_spa","13700 Providence Rd","Weddington","28104-1000","NC","US","+17042467551","office@serenedentalspa.com","http://SereneDentalSpa.com/","https://www.facebook.com/1557708674459495","","0.9199122190475464","open","7","meta | Overture | Overture-signals","CDLA-Permissive-2.0","2026-04-27T00:00:00.000Z | 2026-06-11T11:57:15Z | 2026-05-12T00:29:08Z | 2026-05-18T13:23:54Z | 2026-05-25T13:08:59Z | 2026-06-01T13:20:32Z | 2026-06-08T13:20:12Z"
"NC","North Carolina","1bbb5eaa-e3ad-4acb-a9b9-0c3080cdff68","Dentistry on The Plaza","-80.80460335","35.23541528","dentist","general_dentistry","2501 The Plaza","Charlotte","28205-2407","NC","US","+17042555717","hello@dentistryontheplaza.com","http://www.dentistryontheplaza.com/","https://www.facebook.com/110649818217126","","0.9199122190475464","open","8","meta | Overture | Overture-signals","CDLA-Permissive-2.0","2026-04-27T00:00:00.000Z | 2026-06-11T11:57:15Z | 2026-05-12T00:29:08Z | 2026-05-18T13:23:54Z | 2026-05-25T13:08:59Z | 2026-06-01T13:20:32Z | 2026-06-08T13:20:12Z"
"NC","North Carolina","1c3a16cf-eb0c-46bc-9649-4ac4590377be","Kilgore Deborah, DDS","-77.0960977276532","35.0952350998941","dentist","","1312 Commerce Dr","New Bern","28562","NC","US","(252) 637-1919","deborahkincaiddds1@embarqmail.com","http://www.deborahkilgoredds.com","","","0.9199122190475464","open","4","Foursquare | Overture | Overture-signals","Apache-2.0 | CDLA-Permissive-2.0","2025-08-22T00:00:00.000 | 2026-06-11T11:57:15Z | 2026-05-12T00:29:08Z | 2026-05-18T13:23:54Z | 2026-05-25T13:08:59Z | 2026-06-01T13:20:32Z | 2026-06-08T13:20:12Z"
"NC","North Carolina","1c4901e4-eb04-4149-847e-79bf74f2f9ce","Michael D. Fleming, DDS, PA","-78.935305","36.032777","dentist","health_and_medical | medical_service_organizations","1858 Hillandale Rd","Durham","27705-2697","NC","US","+19194711064","office@jlddspa.com","http://www.jlddspa.com/","https://www.facebook.com/170777829641666","","0.9661540985107422","","7","meta | Overture","CDLA-Permissive-2.0","2026-04-27T00:00:00.000Z | 2026-06-11T11:57:15Z"
"NC","North Carolina","1c51c413-f6ab-40a8-98dd-1c1d5e99ec85","Rocky Point Dental","-77.8797174407006","34.4443793423287","dentist","","7864 US Hwy 117 S","Rocky Point","28457","NC","US","(910) 210-2058","info@rockypointsmiles.com","http://www.rockypointsmiles.com","","","0.77","","5","Foursquare | Overture","Apache-2.0 | CDLA-Permissive-2.0","2025-08-22T00:00:00.000 | 2026-06-11T11:57:15Z"
"NC","North Carolina","1c6154f7-f495-4186-8aea-2bea4d820ff4","Magnolia Mountain Dentistry","-82.5519938","35.58116763","dentist","general_dentistry | cosmetic_dentist","3 Doctors Park","Asheville","28801-4521","NC","US","+18282511399","office@magnoliamountaindentistry.com","https://www.magnoliamountaindentistry.com/","https://www.facebook.com/127971433883717","","0.9199122190475464","open","8","meta | Overture | Overture-signals","CDLA-Permissive-2.0","2026-04-27T00:00:00.000Z | 2026-06-11T11:57:15Z | 2026-05-12T00:29:08Z | 2026-05-18T13:23:54Z | 2026-05-25T13:08:59Z | 2026-06-01T13:20:32Z | 2026-06-08T13:20:12Z"
"NC","North Carolina","1c65dda4-fe35-4024-b2d5-5d3545fe504b","David J. Novak, DDS","-79.97124522","36.02466389","dentist","general_dentistry | doctor","3781 Samet Dr","High Point","27265-3502","NC","US","+13368841833","davidjnovakdds@gmail.com","https://www.davidnovakdentistry.com/","https://www.facebook.com/100751177958668","","0.9884361028671265","","9","meta | Overture","CDLA-Permissive-2.0","2026-04-27T00:00:00.000Z | 2026-06-11T11:57:15Z"
"NC","North Carolina","1c96485d-1f5c-4a8b-9fd4-36a4a348d7ca","Parrot Dental","-76.82303235","34.74356269","dentist","general_dentistry","5380 Hwy 70 W","Morehead City","28557-4525","NC","US","+12525571179","parrotdental@gmail.com","","https://www.facebook.com/121241304293344","","0.7132112979888916","","2","meta | Overture","CDLA-Permissive-2.0","2026-04-27T00:00:00.000Z | 2026-06-11T11:57:15Z"
"NC","North Carolina","1c9bf4da-1b55-4522-b384-681f8c669ba1","Dr. Kirby J. Ransom, DMD","-78.4527109","36.33036879","dentist","general_dentistry | doctor","215 Charles Rollins Rd","Henderson","27536-2883","NC","US","+12524927563","dentist@kirbyransom.com","http://www.ransomfamilydentistry.com","https://www.facebook.com/168642293148913","","0.9822909832000732","","8","meta | Overture","CDLA-Permissive-2.0","2026-04-27T00:00:00.000Z | 2026-06-11T11:57:15Z"
"NC","North Carolina","1cb9c4e1-b4fd-48a7-bc29-91d07e636457","The Dentist Raleigh NC","-78.71226504","35.85458582","dentist","general_dentistry | cosmetic_dentist","5613 Duraleigh Rd","Raleigh","27612-2694","NC","US","+19193715921","","http://www.thedentistraleighnc.com/","https://www.facebook.com/1607208302862889","","0.9199122190475464","open","7","meta | Overture | Overture-signals","CDLA-Permissive-2.0","2026-04-27T00:00:00.000Z | 2026-06-11T11:57:15Z | 2026-05-12T00:29:08Z | 2026-05-18T13:23:54Z | 2026-05-25T13:08:59Z | 2026-06-01T13:20:32Z | 2026-06-08T13:20:12Z"
"NC","North Carolina","1cc53ef9-e805-488e-803a-8fa13308bce8","Hudson Family Dentistry","-81.4949836678726","35.846127818641","dentist","","155 Hickman Ave","Hudson","28638","NC","US","(828) 726-0202","","https://www.hudsonncdentist.com","","","0.9199122190475464","open","4","Foursquare | Overture | Overture-signals","Apache-2.0 | CDLA-Permissive-2.0","2025-08-19T00:00:00.000 | 2026-06-11T11:57:15Z | 2026-05-12T00:29:08Z | 2026-05-18T13:23:54Z | 2026-05-25T13:08:59Z | 2026-06-01T13:20:32Z | 2026-06-08T13:20:12Z"
"NC","North Carolina","1ce84cfc-d227-45ed-a7c5-62f60b53579e","Craft Smiles","-80.70878951","35.1258986","dentist","general_dentistry | cosmetic_dentist","1819 Matthews Township Pkwy","Matthews","28105-1755","NC","US","+17048000251","hello@craftsmilesclt.com","http://www.craftsmilesclt.com/","https://www.facebook.com/315827339093036","","0.9902192950248718","open","7","meta | Overture | Overture-signals","CDLA-Permissive-2.0","2026-04-27T00:00:00.000Z | 2026-06-11T11:57:15Z | 2026-05-12T00:29:08Z | 2026-05-18T13:23:54Z | 2026-05-25T13:08:59Z | 2026-06-01T13:20:32Z | 2026-06-08T13:20:12Z"
"NC","North Carolina","1cfe1103-47cc-4f5d-9e6a-eff9d96c5e70","Premium Dental Charlotte","-80.841665","35.350907","dentist","health_and_medical","7340 Smith Corners Blvd Ste 600","Charlotte","28269","NC","US","7046445225","","https://mypremiumdental.com/","","","0.9199122190475464","open","6","Microsoft | Overture | Overture-signals","CDLA-Permissive-2.0","2023-08-25T08:15:41.570Z | 2026-06-11T11:57:15Z | 2026-05-12T00:29:08Z | 2026-05-18T13:23:54Z | 2026-05-25T13:08:59Z | 2026-06-01T13:20:32Z | 2026-06-08T13:20:12Z"
"NC","North Carolina","1d1042a8-430d-4cc0-b76f-3c0c3cecc016","Midtown General & Cosmetic Dentistry","-80.82199505","35.20768424","dentist","orthodontist | cosmetic_dentist","2034 Randolph Rd","Charlotte","28207-1225","NC","US","+17043074525","info@charlottemidtowndentistry.com","https://www.charlottemidtowndentistry.com/","https://www.facebook.com/229453750210","","0.9902192950248718","open","7","meta | Overture | Overture-signals","CDLA-Permissive-2.0","2026-04-27T00:00:00.000Z | 2026-06-11T11:57:15Z | 2026-05-12T00:29:08Z | 2026-05-18T13:23:54Z | 2026-05-25T13:08:59Z | 2026-06-01T13:20:32Z | 2026-06-08T13:20:12Z"
"NC","North Carolina","1d1387ec-f61c-4028-97ff-cda1ecb37106","Lane & Associates Family Dentistry","-78.76187873","35.74419652","dentist","general_dentistry | cosmetic_dentist","6480 Tryon Rd","Cary","27518-7050","NC","US","+19192777840","info@lanedds.com","https://lanedds.com/offices/cary-tryon","https://www.facebook.com/1071172656345969","Lane & Associates Family Dentistry - Raleigh Neuse","0.9902192950248718","open","9","meta | Overture | Overture-signals","CDLA-Permissive-2.0","2026-04-27T00:00:00.000Z | 2026-06-11T11:57:15Z | 2026-05-12T00:29:08Z | 2026-05-18T13:23:54Z | 2026-05-25T13:08:59Z | 2026-06-01T13:20:32Z | 2026-06-08T13:20:12Z"
"NC","North Carolina","1d15535d-785e-4146-9d52-16dc729e349c","Jesse C. Bradford, DDS","-80.80213082","35.174093","dentist","general_dentistry","319 S Sharon Amity Rd","Charlotte","28211-2168","NC","US","+17043648685","info@bradforddentistry.com","http://www.bradforddentistry.com/","https://www.facebook.com/372068809618765","Bradford Dentistry","0.9199122190475464","open","10","meta | Overture | Overture-signals","CDLA-Permissive-2.0","2026-04-27T00:00:00.000Z | 2026-06-11T11:57:15Z | 2026-05-12T00:29:08Z | 2026-05-18T13:23:54Z | 2026-05-25T13:08:59Z | 2026-06-01T13:20:32Z | 2026-06-08T13:20:12Z"
"NC","North Carolina","1d25031a-ffba-4c89-823f-e3974910369c","Carolina Family Dental Center","-77.94025512","35.86581072","dentist","general_dentistry","8282 S NC Highway 58","Elm City","27822-8079","NC","US","+12524437764","","","https://www.facebook.com/2279725312042929","","0.9199122190475464","open","8","meta | Overture | Overture-signals","CDLA-Permissive-2.0","2026-04-27T00:00:00.000Z | 2026-06-11T11:57:15Z | 2026-05-12T00:29:08Z | 2026-05-18T13:23:54Z | 2026-05-25T13:08:59Z | 2026-06-01T13:20:32Z | 2026-06-08T13:20:12Z"
"NC","North Carolina","1d56d7c9-409d-4a35-9f35-1ac2bb3a2657","Bradsher John R DDS","-78.98458114","36.41023054","dentist","health_and_medical | doctor","665 Carver Dr","Roxboro","27573-4577","NC","US","+13365995431","","http://bradsherjohnrdds.placeweb.site","https://www.facebook.com/117743498287493","","0.9199122190475464","open","6","meta | Overture | Overture-signals","CDLA-Permissive-2.0","2026-04-27T00:00:00.000Z | 2026-06-11T11:57:15Z | 2026-05-12T00:29:08Z | 2026-05-18T13:23:54Z | 2026-05-25T13:08:59Z | 2026-06-01T13:20:32Z | 2026-06-08T13:20:12Z"
"NC","North Carolina","1d5ecc3a-1c67-4f90-9015-6eb92e069433","Hoover & Hoover","-80.24687474","35.81589668","dentist","general_dentistry | doctor","539 E Center St","Lexington","27292-4111","NC","US","+13362499822","","","https://www.facebook.com/158424317525184","","0.9769240021705627","","7","meta | Overture","CDLA-Permissive-2.0","2026-04-27T00:00:00.000Z | 2026-06-11T11:57:15Z"
"NC","North Carolina","1d6d307a-937e-42df-b24a-dbe5a4c1a20b","Fayetteville Emergency Dental","-78.92473302","35.04384919","dentist","","2905 Breezewood Ave","Fayetteville","28303-5400","NC","US","+19106610307","","https://healthlinks.net/office/fayetteville-emergency-dental","https://www.facebook.com/100514969073658","HealthLinks","0.9199122190475464","open","7","meta | Overture | Overture-signals","CDLA-Permissive-2.0","2026-04-27T00:00:00.000Z | 2026-06-11T11:57:15Z | 2026-05-12T00:29:08Z | 2026-05-18T13:23:54Z | 2026-05-25T13:08:59Z | 2026-06-01T13:20:32Z | 2026-06-08T13:20:12Z"
"NC","North Carolina","1d86f606-f1f6-4bd3-8112-b80bec7d2a90","Taylor Missy","-77.07052551","35.08417512","dentist","hospital","2815 Village Way","New Bern","28562-7351","NC","US","+12526334444","","","https://www.facebook.com/214931675510163","","0.9199122190475464","open","6","meta | Overture | Overture-signals","CDLA-Permissive-2.0","2026-04-27T00:00:00.000Z | 2026-06-11T11:57:15Z | 2026-05-12T00:29:08Z | 2026-05-18T13:23:54Z | 2026-05-25T13:08:59Z | 2026-06-01T13:20:32Z | 2026-06-08T13:20:12Z"
"NC","North Carolina","1d8cfb57-3f1f-4ca4-930e-4b416dfc4b52","Welden Village Dental","-80.06730918","36.07634542","dentist","general_dentistry","1770 Welden Village Av","Kernersville","27284-4094","NC","US","+19102420545","contact@weldenvillagedental.com","http://www.WeldenVillageDental.com/","https://www.facebook.com/103093695930871","","0.9963574975728988","open","10","meta | Overture | Overture-signals","CDLA-Permissive-2.0","2026-04-27T00:00:00.000Z | 2026-06-11T11:57:15Z | 2026-06-08T13:20:12Z"
"NC","North Carolina","1dad4df0-a340-4b8f-a4c8-cc5e6d158f90","Riccobene Flowers","-78.396513","35.648299","dentist","","31 Oleander Dr","Clayton","27527","NC","US","(919) 550-5251","debbie.potteiger@brushandfloss.com","http://www.brushandfloss.com","https://www.facebook.com/133302343386804","","0.9902192950248718","open","4","Foursquare | Overture | Overture-signals","Apache-2.0 | CDLA-Permissive-2.0","2025-08-19T00:00:00.000 | 2026-06-11T11:57:15Z | 2026-05-12T00:29:08Z | 2026-05-18T13:23:54Z | 2026-05-25T13:08:59Z | 2026-06-01T13:20:32Z | 2026-06-08T13:20:12Z"
"NC","North Carolina","1dca6795-eaf9-4c23-b1f7-64362339f418","Kinlaw Amy D.M.D.","-81.190177","36.139054","dentist","health_and_medical | fashion_accessories_store","1690 River St","Wilkesboro","28697-7630","NC","US","+13369031234","","","https://www.facebook.com/156012594436171","","0.8855569958686829","","8","meta | Overture","CDLA-Permissive-2.0","2026-04-27T00:00:00.000Z | 2026-06-11T11:57:15Z"
"NC","North Carolina","1dd73cc4-898c-46d6-8e2b-c7cc2ef0d0b8","B Scott Walrond DDS","-79.74196217","35.96626041","dentist","general_dentistry | cosmetic_dentist","2607 Tabernacle Church Rd","Pleasant Garden","27313-9283","NC","US","+13366742328","drwalrond@bellsouth.net","http://drwalrond.com/","https://www.facebook.com/196134173808506","","0.9985920548439026","open","9","meta | Overture | Overture-signals","CDLA-Permissive-2.0","2026-04-27T00:00:00.000Z | 2026-06-11T11:57:15Z | 2026-06-08T13:20:12Z"
"NC","North Carolina","1de04734-6a5d-48f0-bb54-b24b7d964596","Hillsdale Dental","-80.43213123","36.00713326","dentist","general_dentistry | cosmetic_dentist","127 Royal Troon Ln","Bermuda Run","27006-6970","NC","US","+13369982427","frontdesk@hillsdaledental.com","http://www.hillsdaledental.com/","https://www.facebook.com/165225460172061","Hillsdale Dental, Advance, NC","0.9199122190475464","open","9","meta | Overture | Overture-signals","CDLA-Permissive-2.0","2026-04-27T00:00:00.000Z | 2026-06-11T11:57:15Z | 2026-05-12T00:29:08Z | 2026-05-18T13:23:54Z | 2026-05-25T13:08:59Z | 2026-06-01T13:20:32Z | 2026-06-08T13:20:12Z"
"NC","North Carolina","1dea80ce-f9dc-4c12-b93f-ebe255e8eab2","Charlotte Dental Implant Center","-80.8276261","35.14917064","dentist","general_dentistry","2809 Coltsgate Rd","Charlotte","28211-5582","NC","US","+17043754252","info@charlotterootcanalcenter.com","https://www.charlottedentalimplantcenter.com/","https://www.facebook.com/129152157291442","","0.9199122190475464","open","9","meta | Overture | Overture-signals","CDLA-Permissive-2.0","2026-04-27T00:00:00.000Z | 2026-06-11T11:57:15Z | 2026-05-12T00:29:08Z | 2026-05-18T13:23:54Z | 2026-05-25T13:08:59Z | 2026-06-01T13:20:32Z | 2026-06-08T13:20:12Z"
"NC","North Carolina","1defa5b0-33f5-498c-8f9e-1c87234680bd","Family and Cosmetic Dentistry","-78.777473","35.742226","dentist","health_and_medical","431 Keisler Dr Ste 200","Cary","27518","NC","US","9198591330","","http://www.carycosmeticdentist.com/","","","0.85","","7","Microsoft | Overture","CDLA-Permissive-2.0","2013-06-26T14:56:52.767Z | 2026-06-11T11:57:15Z"
"NC","North Carolina","1dff9bdc-bce6-4d09-abb6-a17ce98ce36d","Legacy Oral & Facial Surgery","-81.3084263","35.72935453","dentist","oral_surgeon | periodontist","261 18th Street Cir SE","Hickory","28602-1362","NC","US","+18289444884","support@legacyofs.com","https://www.LegacyOFS.com/","https://www.facebook.com/347476998646310","Brown & Neuwirth Oral & Cosmetic Surgery Center","0.9199122190475464","open","8","meta | Overture | Overture-signals","CDLA-Permissive-2.0","2026-04-27T00:00:00.000Z | 2026-06-11T11:57:15Z | 2026-05-12T00:29:08Z | 2026-05-18T13:23:54Z | 2026-05-25T13:08:59Z | 2026-06-01T13:20:32Z | 2026-06-08T13:20:12Z"
"NC","North Carolina","1e290ffe-d9d3-4d15-aa0c-af791522aad0","Gregory South","-80.0740824","36.1175909","dentist","general_dentistry | cosmetic_dentist","112 Harmon Ln","Kernersville","27284-3476","NC","US","+13369933751","drsouthdmd@gmail.com","http://www.gregorysouthdmd.com/","https://www.facebook.com/161643460998441","","0.9199122190475464","open","7","meta | Overture | Overture-signals","CDLA-Permissive-2.0","2026-04-27T00:00:00.000Z | 2026-06-11T11:57:15Z | 2026-05-12T00:29:08Z | 2026-05-18T13:23:54Z | 2026-05-25T13:08:59Z | 2026-06-01T13:20:32Z | 2026-06-08T13:20:12Z"
"NC","North Carolina","1e3386e1-01a5-491c-ae3d-86f2849b0b38","Scott C. Blanchard, D.D.S.","-76.21839133","36.30050722","dentist","medical_service_organizations | health_and_medical","200 N Water St","Elizabeth City","27909-4457","NC","US","+12523354332","obxperio@earthlink.net","http://obxperioimplant.com/","https://www.facebook.com/135691296462220","Scott C. Blanchard, D.D.S.","0.8974096179008484","","1","meta | Overture","CDLA-Permissive-2.0","2026-04-27T00:00:00.000Z | 2026-06-11T11:57:15Z"
"NC","North Carolina","1e3ce1ae-e66f-4d0c-bc56-c42c7de65c53","Dentist in Concord","-80.589864","35.4648789","dentist","general_dentistry","2460 Wonder Dr NE","Kannapolis","28083-6690","NC","US","+17047073620","dentistinconcord@gmail.com","https://dentistinconcord.com/","https://www.facebook.com/338027109392049","DentalWorks","0.9902192950248718","open","10","meta | Overture | Overture-signals","CDLA-Permissive-2.0","2026-04-27T00:00:00.000Z | 2026-06-11T11:57:15Z | 2026-05-12T00:29:08Z | 2026-05-18T13:23:54Z | 2026-05-25T13:08:59Z | 2026-06-01T13:20:32Z | 2026-06-08T13:20:12Z"
"NC","North Carolina","1e425291-88c1-4992-985e-828b155054aa","Newsome Suzanne DDS","-80.425747","36.111737","dentist","physical_therapy | oral_surgeon","1313 Allspice Ct","Lewisville","27023-9512","NC","US","+13369452314","","","https://www.facebook.com/156856041021332","","0.5287020206451416","","9","meta | Overture","CDLA-Permissive-2.0","2026-04-27T00:00:00.000Z | 2026-06-11T11:57:15Z"
"NC","North Carolina","1e620576-53f8-4e87-9942-6e51e7c9d1b7","Bayliff Family Dentistry","-78.9972124269606","36.3941689470489","dentist","","441 S Morgan St","Roxboro","27573","NC","US","(336) 599-6641","","http://baylifffamilydentistry.com","https://www.facebook.com/117940488280584","","0.77","","5","Foursquare | Overture","Apache-2.0 | CDLA-Permissive-2.0","2025-05-23T00:00:00.000 | 2026-06-11T11:57:15Z"
"NC","North Carolina","1e669a0d-8b99-4706-a865-3f1b9e0dea61","Axiom Dentistry -Capital Blvd.","-78.59028716","35.82364153","dentist","general_dentistry | cosmetic_dentist","3141 Capital Blvd","Raleigh","27604-3378","NC","US","+19842173240","capitalinfo@axiomdentistry.com","https://www.axiomdentistry.com/","https://www.facebook.com/105233618508040","Axiom Dentistry of Clayton","0.9902192950248718","open","10","meta | Overture | Overture-signals","CDLA-Permissive-2.0","2026-04-27T00:00:00.000Z | 2026-06-11T11:57:15Z | 2026-05-12T00:29:08Z | 2026-05-18T13:23:54Z | 2026-05-25T13:08:59Z | 2026-06-01T13:20:32Z | 2026-06-08T13:20:12Z"
"NC","North Carolina","1e6ec9b9-068c-47f0-a033-f8aaa0e87290","Raleigh Family Dentistry","-78.6206727290549","35.8695964328226","dentist","","6330 Falls Of The Neuse Road","Raleigh","27609","NC","US","(919) 981-6021","","http://www.raleighfamilydentistry.com","","","0.77","","5","Foursquare | Overture","Apache-2.0 | CDLA-Permissive-2.0","2024-01-17T00:00:00.000 | 2026-06-11T11:57:15Z"
"NC","North Carolina","1ed7d4f9-8abd-43ee-80e1-e5c6a1fa2dc0","Michael D Burleson","-79.7405768249676","36.489657556017","dentist","","113 W Arbor Ln","Eden","27288","NC","US","(336) 623-9143","","http://edendentalassociates.com","https://www.facebook.com/397258517143500","","0.77","","5","Foursquare | Overture","Apache-2.0 | CDLA-Permissive-2.0","2025-08-22T00:00:00.000 | 2026-06-11T11:57:15Z"
"NC","North Carolina","1efd8f31-bf67-4af1-bf3e-9734dfacbd86","Offices at 2601","-79.82875","36.103851","dentist","lawyer | public_and_government_association","2601 Oakcrest Ave","Greensboro","27408-4719","NC","US","+13363149441","yesodllc@gmail.com","","https://www.facebook.com/1601273463236860","","0.6221829652786255","","8","meta | Overture","CDLA-Permissive-2.0","2026-04-27T00:00:00.000Z | 2026-06-11T11:57:15Z"
"NC","North Carolina","1f0732bf-ebf0-4c95-a018-5e16e21a4521","Dr. Bart Cleary & John Sands","-78.5945606439107","36.3238145154441","dentist","","912 College St","Oxford","27565","NC","US","(919) 693-7999","","https://www.oxforddds.com","https://www.facebook.com/1589075878062089","","0.9199122190475464","open","4","Foursquare | Overture | Overture-signals","Apache-2.0 | CDLA-Permissive-2.0","2020-09-16T00:00:00.000 | 2026-06-11T11:57:15Z | 2026-05-12T00:29:08Z | 2026-05-18T13:23:54Z | 2026-05-25T13:08:59Z | 2026-06-01T13:20:32Z | 2026-06-08T13:20:12Z"
"NC","North Carolina","1f07a415-090c-4b26-b29d-816bdf1ebece","Dentistry of the Carolinas","-78.9732407428185","35.1638244238297","dentist","","101 Sleepy Dr","Spring Lake","28390","NC","US","(910) 497-2969","xrayspringlake@dentistryofthecarolinas.com","http://www.dentistryofthecarolinas.com","","","0.77","","5","Foursquare | Overture","Apache-2.0 | CDLA-Permissive-2.0","2025-08-22T00:00:00.000 | 2026-06-11T11:57:15Z"
"NC","North Carolina","1f07c9c6-433f-440a-9ec5-81430244a741","Brite Care Dental","-78.92443842","35.04406949","dentist","general_dentistry | health_and_medical","2901 Breezewood Ave","Fayetteville","28303-6040","NC","US","+19105685669","patientcoordinator@britecaredental.com","http://www.britecaredental.com/","https://www.facebook.com/244518075670137","Brite Care Dental","0.9199122190475464","open","9","meta | Overture | Overture-signals","CDLA-Permissive-2.0","2026-04-27T00:00:00.000Z | 2026-06-11T11:57:15Z | 2026-05-12T00:29:08Z | 2026-05-18T13:23:54Z | 2026-05-25T13:08:59Z | 2026-06-01T13:20:32Z | 2026-06-08T13:20:12Z"
"NC","North Carolina","1f0a040b-6473-44fb-ad23-e3a55a0501a7","Dr Ronald Logan DDS","-80.3337285557206","36.0789518812624","dentist","","4622 Country Club Rd","Winston Salem","27104","NC","US","(336) 760-9400","","http://personaltouchdentistry.com","","","0.9199122190475464","open","4","Foursquare | Overture | Overture-signals","Apache-2.0 | CDLA-Permissive-2.0","2025-07-03T00:00:00.000 | 2026-06-11T11:57:15Z | 2026-05-12T00:29:08Z | 2026-05-18T13:23:54Z | 2026-05-25T13:08:59Z | 2026-06-01T13:20:32Z | 2026-06-08T13:20:12Z"
"NC","North Carolina","1f0c5a42-fb4b-4d76-ba18-dec91f244fbd","Clayton Pediatric Dentistry","-78.4541443422116","35.6487734029867","dentist","","482 E Main St","Clayton","27520","NC","US","(919) 553-3232","practicemanager.cpd@gmail.com","","https://www.facebook.com/718730161576984","","0.9199122190475464","open","9","Foursquare | Overture | Overture-signals","Apache-2.0 | CDLA-Permissive-2.0","2025-10-04T00:00:00.000 | 2026-06-11T11:57:15Z | 2026-05-12T00:29:08Z | 2026-05-18T13:23:54Z | 2026-05-25T13:08:59Z | 2026-06-01T13:20:32Z | 2026-06-08T13:20:12Z"
"NC","North Carolina","1f16db1a-887b-4519-8298-89842575ded5","Greensboro Smiles","-79.8873738852811","36.1293602783433","dentist","health_and_medical | doctor","2835 Horse Pen Creek Rd","Greensboro","27410","NC","US","+13363100589","","http://local.yodle.com/profile/greensboro-smiles-greensboro-nc/16980709?facebook=true","https://www.facebook.com/191224171396","Yodle","0.692452073097229","","1","meta | Overture","CDLA-Permissive-2.0","2026-04-27T00:00:00.000Z | 2026-06-11T11:57:15Z"
"NC","North Carolina","1f4b1b19-8aa0-41ad-89a6-3bf51fea2787","Dr. Larissa Mastro","-81.20940926","35.70592675","dentist","general_dentistry | health_and_medical","211 Rock Barn Rd","Conover","28613-1709","NC","US","+18285384633","","","https://www.facebook.com/111528138910827","","0.9199122190475464","open","8","meta | Overture | Overture-signals","CDLA-Permissive-2.0","2026-04-27T00:00:00.000Z | 2026-06-11T11:57:15Z | 2026-05-12T00:29:08Z | 2026-05-18T13:23:54Z | 2026-05-25T13:08:59Z | 2026-06-01T13:20:32Z | 2026-06-08T13:20:12Z"
"NC","North Carolina","1f4b9e84-9b31-430d-b9b6-1111d9ac28e6","Seaside Family & Cosmetic Dentistry","-77.56624166","34.44901229","dentist","periodontist | pediatric_dentist","2660 NC Highway 210 E","Hampstead","28443","NC","US","+19105412155","frontdesk@smileseaside.com","http://www.smileseaside.com/","https://www.facebook.com/1470433689875218","","0.9199122190475464","open","7","meta | Overture | Overture-signals","CDLA-Permissive-2.0","2026-04-27T00:00:00.000Z | 2026-06-11T11:57:15Z | 2026-05-12T00:29:08Z | 2026-05-18T13:23:54Z | 2026-05-25T13:08:59Z | 2026-06-01T13:20:32Z | 2026-06-08T13:20:12Z"
"NC","North Carolina","1f7a67a9-e753-488a-9078-33b2df4640db","Olmsted Village Dental Care","-79.47703841","35.20778035","dentist","general_dentistry | health_and_medical","295 Olmsted Blvd","Pinehurst","28374-8734","NC","US","+19102952750","hthdmd@gmail.com","https://www.olmstedvillagedentalcare.com/","https://www.facebook.com/161825067180917","","0.9199122190475464","open","8","meta | Overture | Overture-signals","CDLA-Permissive-2.0","2026-04-27T00:00:00.000Z | 2026-06-11T11:57:15Z | 2026-05-12T00:29:08Z | 2026-05-18T13:23:54Z | 2026-05-25T13:08:59Z | 2026-06-01T13:20:32Z | 2026-06-08T13:20:12Z"
"NC","North Carolina","1f7bedfa-c26c-4a0f-95ad-a9c0147870f6","Lifetime Family Dental","-78.6802351408523","35.8981934429294","dentist","","8116 Creedmoor Rd","Raleigh","27613","NC","US","(919) 741-4343","","http://www.lifetimedentistry.com","","","0.9199122190475464","open","4","Foursquare | Overture | Overture-signals","Apache-2.0 | CDLA-Permissive-2.0","2024-05-15T00:00:00.000 | 2026-06-11T11:57:15Z | 2026-05-12T00:29:08Z | 2026-05-18T13:23:54Z | 2026-05-25T13:08:59Z | 2026-06-01T13:20:32Z | 2026-06-08T13:20:12Z"
"NC","North Carolina","1f843525-ccd6-40ef-891a-774e4b3556b2","Evan Louis Novick, DDS","-80.85966","35.346372","dentist","health_and_medical","9304 Northlake West Dr Ste A","Charlotte","28216","NC","US","9802218430","","https://www.udadentistry.com/","","","0.9199122190475464","open","6","Microsoft | Overture | Overture-signals","CDLA-Permissive-2.0","2019-03-13T17:45:13.107Z | 2026-06-11T11:57:15Z | 2026-05-12T00:29:08Z | 2026-05-18T13:23:54Z | 2026-05-25T13:08:59Z | 2026-06-01T13:20:32Z | 2026-06-08T13:20:12Z"
"NC","North Carolina","1f881ea7-bc55-45f9-80c4-cbcf541e0016","William R Price DDS","-80.06102247","36.09327332","dentist","cosmetic_dentist | health_and_medical","1405 NC Highway 66 S","Kernersville","27284-3792","NC","US","+13369925200","","http://www.verybestdenture.com/","https://www.facebook.com/225000784373699","","0.9199122190475464","open","6","meta | Overture | Overture-signals","CDLA-Permissive-2.0","2026-04-27T00:00:00.000Z | 2026-06-11T11:57:15Z | 2026-05-12T00:29:08Z | 2026-05-18T13:23:54Z | 2026-05-25T13:08:59Z | 2026-06-01T13:20:32Z | 2026-06-08T13:20:12Z"
"NC","North Carolina","1f9cd400-01db-422b-be66-a0874f9e21ce","Wake Forest Family Dentistry","-78.529719","35.95109","dentist","pediatric_dentist | medical_service_organizations","1900 S Main St","Wake Forest","27587-5026","NC","US","+19195627008","info@wakeforestdentist.com","http://www.wakeforestdentist.com/","https://www.facebook.com/174416094352","Gentle Family Dentistry Wake Forest NC","0.7799824476242065","","7","meta | Overture","CDLA-Permissive-2.0","2026-04-27T00:00:00.000Z | 2026-06-11T11:57:15Z"
"NC","North Carolina","1fcbb033-ac4b-475d-aa36-a689e5837ac6","Bellissima Dental Boutique","-78.93293927","35.03821231","dentist","general_dentistry | cosmetic_dentist","413 Owen Dr","Fayetteville","28304-3489","NC","US","+19107781229","","https://www.boutiquedentalandimplants.com/","https://www.facebook.com/112600145022252","","0.9199122190475464","open","7","meta | Overture | Overture-signals","CDLA-Permissive-2.0","2026-04-27T00:00:00.000Z | 2026-06-11T11:57:15Z | 2026-05-12T00:29:08Z | 2026-05-18T13:23:54Z | 2026-05-25T13:08:59Z | 2026-06-01T13:20:32Z | 2026-06-08T13:20:12Z"
"NC","North Carolina","1fcfa30f-ae0b-4a8c-93ad-cdbdf1880251","ClearChoice Dental Implant Center","-78.6832704","35.8424366","dentist","health_and_medical","4509 Creedmoor Rd Ste 400","Raleigh","27612","NC","US","9842545808","","https://www.clearchoice.com/locations/nc/raleigh/4509-creedmoor-rd","","","0.9655","","5","Microsoft | Overture","CDLA-Permissive-2.0","2025-05-22T15:17:18.973Z | 2026-06-11T11:57:15Z"
"NC","North Carolina","1fda49b0-e227-42fb-ba0b-d4020b6a699e","UNC Orofacial Pain Clinic","-79.052925","35.904233","dentist","hospital | health_and_medical","385 S Columbia St","Chapel Hill","27514-4309","NC","US","+19194454143","","","https://www.facebook.com/1570707203228730","","0.9456971287727356","","9","meta | Overture","CDLA-Permissive-2.0","2026-04-27T00:00:00.000Z | 2026-06-11T11:57:15Z"
"NC","North Carolina","1fe3540b-5d57-4422-8b36-c42ef6d58db1","T. Keaton Mash","-81.14458051","36.15795434","dentist","","122 Wilkesboro Ave","North Wilkesboro","28659-4218","NC","US","+13366674143","drmash@wilkes.net","","https://www.facebook.com/105461395446022","","0.9199122190475464","open","7","meta | Overture | Overture-signals","CDLA-Permissive-2.0","2026-04-27T00:00:00.000Z | 2026-06-11T11:57:15Z | 2026-05-12T00:29:08Z | 2026-05-18T13:23:54Z | 2026-05-25T13:08:59Z | 2026-06-01T13:20:32Z | 2026-06-08T13:20:12Z"
"NC","North Carolina","20291c08-c0e7-4273-a417-a774818b993e","Bhat & Associates","-79.45340355","35.21044883","dentist","general_dentistry | health_and_medical","3 Regional Cir","Pinehurst","28374-9844","NC","US","+19102152583","info@geetadds.com","http://pinehurstdds.com/","https://www.facebook.com/161099347409484","","0.9199122190475464","open","8","meta | Overture | Overture-signals","CDLA-Permissive-2.0","2026-04-27T00:00:00.000Z | 2026-06-11T11:57:15Z | 2026-05-12T00:29:08Z | 2026-05-18T13:23:54Z | 2026-05-25T13:08:59Z | 2026-06-01T13:20:32Z | 2026-06-08T13:20:12Z"
"NC","North Carolina","2067ff9d-c40f-4d26-b091-c028cffed4b2","Forrest & Forrest Family Dentistry","-80.62204205","35.14063965","dentist","general_dentistry | health_and_medical","14798 W Lawyers Rd","Matthews","28104","NC","US","+17048821113","info@forrestandforrest.com","http://www.forrestandforrest.com","https://www.facebook.com/123047011053092","Forrest and Forrest Family Dentistry - Matthews Dentists","0.9986550599336624","","8","meta | Overture","CDLA-Permissive-2.0","2026-04-27T00:00:00.000Z | 2026-06-11T11:57:15Z"
"NC","North Carolina","20683de6-e699-475b-93e7-17ab69894524","Smith Karl D DDS","-78.6605446538069","35.7982250772451","dentist","","1033 Oberlin Rd Ste 120","Raleigh","27605","NC","US","(919) 834-2362","","http://smithandpennisidentistry.com","","","0.9199122190475464","open","4","Foursquare | Overture | Overture-signals","Apache-2.0 | CDLA-Permissive-2.0","2025-04-13T00:00:00.000 | 2026-06-11T11:57:15Z | 2026-05-12T00:29:08Z | 2026-05-18T13:23:54Z | 2026-05-25T13:08:59Z | 2026-06-01T13:20:32Z | 2026-06-08T13:20:12Z"
"NC","North Carolina","206a1edb-fb64-4a30-819a-94a3a88a0f0c","Allison Family & Cosmetic Dentistry","-78.93347026","35.91397805","dentist","cosmetic_dentist | general_dentistry","6208 Fayetteville Rd","Durham","27713-6286","NC","US","+19198061996","appointment@allisonfamilydentistry.com","http://www.allisonfamilydentistry.com/","https://www.facebook.com/315217901888349","","0.9199122190475464","open","10","meta | Overture | Overture-signals","CDLA-Permissive-2.0","2026-04-27T00:00:00.000Z | 2026-06-11T11:57:15Z | 2026-05-12T00:29:08Z | 2026-05-18T13:23:54Z | 2026-05-25T13:08:59Z | 2026-06-01T13:20:32Z | 2026-06-08T13:20:12Z"
"NC","North Carolina","20704905-4486-493b-8cb5-96c1cafef185","Lakeshore Dentistry","-80.89472246","35.60202624","dentist","cosmetic_dentist | general_dentistry","106 Argus Ln","Mooresville","28117-9265","NC","US","+17046962557","lakeshoredentistrync@gmail.com","http://www.LakeshoreDentistry.org/","https://www.facebook.com/1054181634615383","Lakeshore Dentistry & Implant Center","0.9199122190475464","open","9","meta | Overture | Overture-signals","CDLA-Permissive-2.0","2026-04-27T00:00:00.000Z | 2026-06-11T11:57:15Z | 2026-05-12T00:29:08Z | 2026-05-18T13:23:54Z | 2026-05-25T13:08:59Z | 2026-06-01T13:20:32Z | 2026-06-08T13:20:12Z"
"NC","North Carolina","20c782c4-a11e-4897-accc-754fb8a0b6a8","Greenlee Dental Center","-78.66008753","35.79707434","dentist","general_dentistry | teeth_whitening","1018 Oberlin Rd","Raleigh","27605","NC","US","+19198334634","greenleedentalcenter@gmail.com","http://www.greenleedentalcenter.com","https://www.facebook.com/102717249817477","","0.9199122190475464","open","8","meta | Overture | Overture-signals","CDLA-Permissive-2.0","2026-04-27T00:00:00.000Z | 2026-06-11T11:57:15Z | 2026-05-12T00:29:08Z | 2026-05-18T13:23:54Z | 2026-05-25T13:08:59Z | 2026-06-01T13:20:32Z | 2026-06-08T13:20:12Z"
"NC","North Carolina","20e2b8a1-e06e-4faf-833f-3abf4e58af1b","Dr. Tasha Hinton DDS","-78.8233277789159","35.8641255993238","dentist","","2880 Slater Rd","Morrisville","27560","NC","US","(919) 388-3719","tthfamilydentistry@gmail.com","http://www.tthfamilydentistry.com","https://www.facebook.com/468521096524817","","0.77","","5","Foursquare | Overture","Apache-2.0 | CDLA-Permissive-2.0","2025-08-22T00:00:00.000 | 2026-06-11T11:57:15Z"
"NC","North Carolina","2112caba-679e-47ef-974d-da0ba59f1458","LeCann Family Dentistry - Raleigh","-78.643178323268","35.84659887379","dentist","","4814 Six Forks Rd Ste 102","Raleigh","27609","NC","US","(919) 789-8682","smiles@carolinateeth.com","http://www.carolinateeth.com","https://www.twitter.com/LeCannDentistry | https://www.facebook.com/188644584510780","","0.9199122190475464","open","4","Foursquare | Overture | Overture-signals","Apache-2.0 | CDLA-Permissive-2.0","2025-03-31T00:00:00.000 | 2026-06-11T11:57:15Z | 2026-05-12T00:29:08Z | 2026-05-18T13:23:54Z | 2026-05-25T13:08:59Z | 2026-06-01T13:20:32Z | 2026-06-08T13:20:12Z"
"NC","North Carolina","215b4133-5e30-486e-87c5-7e7300691492","Klooster Family Dentistry","-78.83330073","35.67873987","dentist","general_dentistry | cosmetic_dentist","104 Rosewood Centre Dr","Holly Springs","27540-9451","NC","US","+19198992805","info@kloosterfamilydentistry.com","https://kloosterfamilydentistry.com/holly-springs/","https://www.facebook.com/1660735540863507","","0.9890308976173401","open","2","meta | Overture | Overture-signals","CDLA-Permissive-2.0","2026-04-27T00:00:00.000Z | 2026-06-11T11:57:15Z | 2026-05-12T00:29:08Z | 2026-06-08T13:20:12Z"
"NC","North Carolina","2161de90-1432-4d03-ac97-6415bd1eca6a","ABC Dental Center","-82.4673562531649","35.3297575270708","dentist","","200 Beverly Hanks Ctr Ste A","Hendersonville","28792","NC","US","(828) 692-9075","drdenton@abcdentalcenter.com","https://abcdentalcenter.com","https://www.facebook.com/120920141299798","","0.9199122190475464","open","5","Foursquare | Overture | Overture-signals","Apache-2.0 | CDLA-Permissive-2.0","2025-12-09T00:00:00.000 | 2026-06-11T11:57:15Z | 2026-05-12T00:29:08Z | 2026-05-18T13:23:54Z | 2026-05-25T13:08:59Z | 2026-06-01T13:20:32Z | 2026-06-08T13:20:12Z"
"NC","North Carolina","21655d62-57db-439a-a7a1-723c6d9cccee","Charlotte-Northlake Dentist","-80.76724684","35.19880999","dentist","pediatric_dentist | medical_service_organizations","","Charlotte","","NC","US","+19802223518","","http://newpatients.udadentistry.com/charlotte-northlake-coupon/","https://www.facebook.com/427273657462837","Dr Camacho Invisalign Platinum","0.5480772256851196","","7","meta | Overture","CDLA-Permissive-2.0","2026-04-27T00:00:00.000Z | 2026-06-11T11:57:15Z"
"NC","North Carolina","21815f1a-ce87-4dae-b6f0-4c0216f0a1d7","Atlantic Dental Associates","-78.3971272673286","33.9723633491088","dentist","","","Shallotte","28470","NC","US","(910) 754-6718","contactus@atlanticdentalnc.com","http://www.atlanticdentalnc.com","","","0.77","","5","Foursquare | Overture","Apache-2.0 | CDLA-Permissive-2.0","2025-08-22T00:00:00.000 | 2026-06-11T11:57:15Z"
"NC","North Carolina","21b123c1-6f24-4b9b-b8aa-a031d123f835","Brush Dental Care","-77.94393543","34.23774286","dentist","health_and_medical | medical_service_organizations","414 Chestnut St","Wilmington","28401-4045","NC","US","+19107621212","","http://www.brushdentalcare.com","https://www.facebook.com/157863437598605","Brush Dental Care","0.9902192950248718","open","8","meta | Overture | Overture-signals","CDLA-Permissive-2.0","2026-04-27T00:00:00.000Z | 2026-06-11T11:57:15Z | 2026-05-12T00:29:08Z | 2026-05-18T13:23:54Z | 2026-05-25T13:08:59Z | 2026-06-01T13:20:32Z | 2026-06-08T13:20:12Z"
"NC","North Carolina","21c3d4f4-23ab-4096-af30-7de47eb1c1a2","Jones Clifford B III DDS","-76.2242406373424","36.2970332849269","dentist","","407 S Road St","Elizabeth-City","27909","NC","US","(252) 562-0713","drcbjonesiii@yahoo.com","http://www.cliffordjonesfamilydentistry.com","https://www.facebook.com/514886182027740","","0.77","","5","Foursquare | Overture","Apache-2.0 | CDLA-Permissive-2.0","2025-08-22T00:00:00.000 | 2026-06-11T11:57:15Z"
"NC","North Carolina","21df7096-4750-4dbf-9dc7-04753ffb500d","Dr. Sharon Reid, DDS","-80.3789006948622","36.0305858622565","dentist","","100 Stadium Oaks Dr","Clemmons","27012","NC","US","(336) 778-2477","","http://www.smilesbysharon.com","https://www.facebook.com/105167106240417","","0.9199122190475464","open","4","Foursquare | Overture | Overture-signals","Apache-2.0 | CDLA-Permissive-2.0","2026-01-27T00:00:00.000 | 2026-06-11T11:57:15Z | 2026-05-12T00:29:08Z | 2026-05-18T13:23:54Z | 2026-05-25T13:08:59Z | 2026-06-01T13:20:32Z | 2026-06-08T13:20:12Z"
"NC","North Carolina","2209ffe3-79c4-4cb2-a1bd-55033ec5163f","New Garden TMJ Dentistry","-79.85801232","36.12810084","dentist","general_dentistry","2006 New Garden Rd","Greensboro","27410-2566","NC","US","+13362861515","contactus@newgardentmjdentistry.com","http://www.newgardentmjdentistry.com/","https://www.facebook.com/339582412721750","","0.9199122190475464","open","9","meta | Overture | Overture-signals","CDLA-Permissive-2.0","2026-04-27T00:00:00.000Z | 2026-06-11T11:57:15Z | 2026-05-12T00:29:08Z | 2026-05-18T13:23:54Z | 2026-05-25T13:08:59Z | 2026-06-01T13:20:32Z | 2026-06-08T13:20:12Z"
"NC","North Carolina","223293f8-4685-46c3-bb48-d4e8b6a47771","OrthoCare Orthodontics","-80.854771192","35.349387712","dentist","orthodontist | health_and_medical","9320 Center Lake Dr","Charlotte","28216-0765","NC","US","+17045094999","nl@orthocareorthodontics.com","https://drcooperortho.com","https://www.facebook.com/123783354340747","","0.9199122190475464","open","8","meta | Overture | Overture-signals","CDLA-Permissive-2.0","2026-04-27T00:00:00.000Z | 2026-06-11T11:57:15Z | 2026-05-12T00:29:08Z | 2026-05-18T13:23:54Z | 2026-05-25T13:08:59Z | 2026-06-01T13:20:32Z | 2026-06-08T13:20:12Z"
"NC","North Carolina","2236b468-20c5-4e37-a421-0c7de77d1fcb","Raleigh Orthodontist","-78.703436","35.827041","dentist","orthodontist | naturopathic_holistic","3434 Edwards Mill Rd","Raleigh","27612-4275","NC","US","+19192418551","","http://orthodontistnc.com/","https://www.facebook.com/1828982837349390","","0.9357364773750305","","8","meta | Overture","CDLA-Permissive-2.0","2026-04-27T00:00:00.000Z | 2026-06-11T11:57:15Z"
"NC","North Carolina","223b1fd3-0e51-41a8-a91e-1720d181b272","Icard and Strein Family Dentistry","-80.67088153","35.32023651","dentist","general_dentistry | medical_service_organizations","5500 NC-49 S","Harrisburg","28075","NC","US","+17044555003","icardandstrein@gmail.com","https://www.icardandstreinfamilydentistry.com/","https://www.facebook.com/547666588612229","","0.9921899437904358","open","2","meta | Overture | Overture-signals","CDLA-Permissive-2.0","2026-04-27T00:00:00.000Z | 2026-06-11T11:57:15Z | 2026-06-08T13:20:12Z"
"NC","North Carolina","22427140-4e04-443f-ba3d-e3242b6111b2","Dr. Homer C. Bell","-79.8164391","36.09731939","dentist","general_dentistry | doctor","1601 W Cornwallis Dr","Greensboro","27408-6313","NC","US","+13362746388","","http://www.drbelldental.com/contact.html","https://www.facebook.com/294087464340978","","0.9199122190475464","open","7","meta | Overture | Overture-signals","CDLA-Permissive-2.0","2026-04-27T00:00:00.000Z | 2026-06-11T11:57:15Z | 2026-05-12T00:29:08Z | 2026-05-18T13:23:54Z | 2026-05-25T13:08:59Z | 2026-06-01T13:20:32Z | 2026-06-08T13:20:12Z"
"NC","North Carolina","224316c7-dd65-444d-b995-49d5ee5861ad","UNC Special Care & Geriatric Clinic","-79.053486","35.90479","dentist","","120 Dental Cir","Chapel Hill","27599-5021","NC","US","","jessi_hill@unc.edu","https://www.carolinadentistry.org/specialties/geriatric-special-needs-dentistry/","https://www.facebook.com/101317075074068","Carolina Dentistry","0.8896391987800598","","7","meta | Overture","CDLA-Permissive-2.0","2026-04-27T00:00:00.000Z | 2026-06-11T11:57:15Z"
"NC","North Carolina","224dd81f-a844-4c71-8468-843723bde11a","Doby Wanda DDS","-80.82954077","35.21051323","dentist","pediatric_dentist | medical_service_organizations","304 Lillington Ave","Charlotte","28204-3130","NC","US","+17043429497","","http://www.wandacdobydds.zoomshare.com","https://www.facebook.com/121843784538910","","0.9199122190475464","open","6","meta | Overture | Overture-signals","CDLA-Permissive-2.0","2026-04-27T00:00:00.000Z | 2026-06-11T11:57:15Z | 2026-05-12T00:29:08Z | 2026-05-18T13:23:54Z | 2026-05-25T13:08:59Z | 2026-06-01T13:20:32Z | 2026-06-08T13:20:12Z"
"NC","North Carolina","2258a30a-497d-4bf7-8cba-178100b7e9a5","Southern Dental Associates of Wilkesboro","-81.19000031","36.13892544","dentist","general_dentistry | pediatric_dentist","1690 River St","Wilkesboro","28697-7630","NC","US","+13368389400","wilkesboro@southerndentalnc.com","http://southerndentalnc.com","https://www.facebook.com/1733234163558367","","0.9199122190475464","open","8","meta | Overture | Overture-signals","CDLA-Permissive-2.0","2026-04-27T00:00:00.000Z | 2026-06-11T11:57:15Z | 2026-05-12T00:29:08Z | 2026-05-18T13:23:54Z | 2026-05-25T13:08:59Z | 2026-06-01T13:20:32Z | 2026-06-08T13:20:12Z"
"NC","North Carolina","225c998a-cd14-46e9-aeb3-8b23c0861838","Patel Dental & Implants","-79.40188647","36.0555979","dentist","general_dentistry | cosmetic_dentist","150 W Crescent Square Dr","Graham","27253-4014","NC","US","+13365703882","team@pateldentalandimplants.com","http://www.pateldentalandimplants.com/","https://www.facebook.com/110016655302274","","0.9199122190475464","open","9","meta | Overture | Overture-signals","CDLA-Permissive-2.0","2026-04-27T00:00:00.000Z | 2026-06-11T11:57:15Z | 2026-05-12T00:29:08Z | 2026-05-18T13:23:54Z | 2026-05-25T13:08:59Z | 2026-06-01T13:20:32Z | 2026-06-08T13:20:12Z"
"NC","North Carolina","2268cc22-b5f9-4e9c-8942-8fedd3374aba","Roger K. Miller PA: Easley Allison","-81.37008011","35.24061211","dentist","general_dentistry","1303 Plaza Dr","Kings Mountain","28086","NC","US","+17047397956","","http://www.drrogermiller.com/","https://www.facebook.com/154038747965898","","0.8795050978660583","","9","meta | Overture","CDLA-Permissive-2.0","2026-04-27T00:00:00.000Z | 2026-06-11T11:57:15Z"
"NC","North Carolina","2293db84-608e-40ed-9313-5bb7b0a5229f","Dr. Darryl L. Hatchett","-81.06284129","35.56111398","dentist","general_dentistry | doctor","5962 NC-16","Maiden","28650-8113","NC","US","+17044899919","","http://www.hatchettfamilydentistry.com/","https://www.facebook.com/917282304998712","Dr. Darryl L Hatchett, DDS Family Dentistry","0.9199122190475464","open","9","meta | Overture | Overture-signals","CDLA-Permissive-2.0","2026-04-27T00:00:00.000Z | 2026-06-11T11:57:15Z | 2026-05-12T00:29:08Z | 2026-05-18T13:23:54Z | 2026-05-25T13:08:59Z | 2026-06-01T13:20:32Z | 2026-06-08T13:20:12Z"
"NC","North Carolina","22b8b886-702a-4073-a74c-b1402cecd9be","Community Smiles","-79.02088107","35.93759101","dentist","general_dentistry","1728 Fordham Blvd","Chapel Hill","27514-1868","NC","US","+19199139075","info@communitysmilesnc.com","https://www.communitysmilesnc.com/","https://www.facebook.com/103567534475413","","0.9199122190475464","open","8","meta | Overture | Overture-signals","CDLA-Permissive-2.0","2026-04-27T00:00:00.000Z | 2026-06-11T11:57:15Z | 2026-05-12T00:29:08Z | 2026-05-18T13:23:54Z | 2026-05-25T13:08:59Z | 2026-06-01T13:20:32Z | 2026-06-08T13:20:12Z"
"NC","North Carolina","22bdc788-6561-4aa5-bbf0-a1469751eb45","Carolina Comfort Dental","-78.97520881","35.0439376","dentist","general_dentistry | medical_service_organizations","5511 Raeford Rd","Fayetteville","28304-0004","NC","US","+19104850023","info@carolinacomfortdental.com","http://www.dps-siteplatform.com/carolina-comfort-dental-139928","https://www.facebook.com/1611531905743935","","0.9920335412025452","","8","meta | Overture","CDLA-Permissive-2.0","2026-04-27T00:00:00.000Z | 2026-06-11T11:57:15Z"
"NC","North Carolina","231ca7ed-f467-4551-8eb3-8b0b50a4a2c5","Keith G. Kordsmeier DDS PA - Dentistry Revolution","-79.780212360737","36.096105501168","dentist","orthodontist | doctor","1591 Yanceyville St","Greensboro","27405-6941","NC","US","+13362726235","kkrecords@dentistryrevolution.com","http://www.dentistryrevolution.com/","https://www.facebook.com/245640302120326","","0.973688542842865","","8","meta | Overture","CDLA-Permissive-2.0","2026-04-27T00:00:00.000Z | 2026-06-11T11:57:15Z"
"NC","North Carolina","2325c6bb-06f4-45eb-a5b0-d4930c6cb8ac","Welborne, White and O'Leary DDS","-80.8655094118423","35.4518116496259","dentist","","9700 Caldwell Commons Cir","Cornelius","28031","NC","US","(704) 896-7955","","https://wwsdental.com","https://www.facebook.com/107969475906963","","0.77","","5","Foursquare | Overture","Apache-2.0 | CDLA-Permissive-2.0","2026-02-26T00:00:00.000 | 2026-06-11T11:57:15Z"
"NC","North Carolina","2325df19-5cef-44f7-9a18-f5097271e88c","Elise Newsome DDS","-79.78957821","36.0850165","dentist","cosmetic_dentist | oral_surgeon","901 N Elm St","Greensboro","27401-1512","NC","US","+13362746073","","http://Elisenewsomedds.com/","https://www.facebook.com/2205623446357992","","0.9199122190475464","open","7","meta | Overture | Overture-signals","CDLA-Permissive-2.0","2026-04-27T00:00:00.000Z | 2026-06-11T11:57:15Z | 2026-05-12T00:29:08Z | 2026-05-18T13:23:54Z | 2026-05-25T13:08:59Z | 2026-06-01T13:20:32Z | 2026-06-08T13:20:12Z"
"NC","North Carolina","2342c7ab-f21d-42e0-8b8e-2e3b28b24fde","Brown & Neuwirth Oral & Cosmetic Surgery Center","-81.6579426","35.7287941","dentist","","110 Juniper St Ste 400","Morganton","28655","NC","US","(828) 433-4499","","http://www.brownandneuwirth.com","https://www.twitter.com/brownneuwirth | https://www.facebook.com/1627148890866546","","0.9199122190475464","open","4","Foursquare | Overture | Overture-signals","Apache-2.0 | CDLA-Permissive-2.0","2024-05-16T00:00:00.000 | 2026-06-11T11:57:15Z | 2026-05-12T00:29:08Z | 2026-05-18T13:23:54Z | 2026-05-25T13:08:59Z | 2026-06-01T13:20:32Z | 2026-06-08T13:20:12Z"
"NC","North Carolina","2377d7c6-1c39-4c53-8d61-c533ff95de84","Dental Care of Rolesville","-78.47887509","35.90908419","dentist","general_dentistry","908 S Main St","Rolesville","27571-9251","NC","US","+19849852540","dcrolesville@mydentalmail.com","https://dentalcareofrolesville.com/","https://www.facebook.com/228015580402972","","0.9902192950248718","open","7","meta | Overture | Overture-signals","CDLA-Permissive-2.0","2026-04-27T00:00:00.000Z | 2026-06-11T11:57:15Z | 2026-05-12T00:29:08Z | 2026-05-18T13:23:54Z | 2026-05-25T13:08:59Z | 2026-06-01T13:20:32Z | 2026-06-08T13:20:12Z"
"NC","North Carolina","23b96271-90d4-44c0-9509-d2e1b29fae9f","Complete Dental Care","-77.09420809","35.11492758","dentist","health_and_medical | medical_service_organizations","1505 S Glenburnie Rd","New Bern","28562-2625","NC","US","+12526724404","","http://www.completedentalcarenc.com","https://www.facebook.com/159350470792171","","0.9902192950248718","open","6","meta | Overture | Overture-signals","CDLA-Permissive-2.0","2026-04-27T00:00:00.000Z | 2026-06-11T11:57:15Z | 2026-05-12T00:29:08Z | 2026-05-18T13:23:54Z | 2026-05-25T13:08:59Z | 2026-06-01T13:20:32Z | 2026-06-08T13:20:12Z"
"NC","North Carolina","23dec325-bd5d-483b-8983-f053e76fb02f","Patrick Family Dentistry","-80.73441811","35.08525232","dentist","general_dentistry","2522 Plantation Center Dr","Matthews","28105-5298","NC","US","+17048459399","spatrickdds@gmail.com","http://WWW.PATRICKFAMILYDENTISTRY.COM/","https://www.facebook.com/196460163723169","","0.9199122190475464","open","2","meta | Overture | Overture-signals","CDLA-Permissive-2.0","2026-04-27T00:00:00.000Z | 2026-06-11T11:57:15Z | 2026-05-25T13:08:59Z | 2026-06-01T13:20:32Z | 2026-06-08T13:20:12Z"
"NC","North Carolina","23e6fb68-2bc5-4aff-bc7e-686d66dbed7a","Timber Family Dental","-78.60614712","35.68579401","dentist","general_dentistry | family_practice","125 Timber Dr","Garner","27529-5800","NC","US","+19197730004","frontoffice@timberfamilydental.com","http://timberfamilydental.com/","https://www.facebook.com/105330574152337","","0.9902192950248718","open","9","meta | Overture | Overture-signals","CDLA-Permissive-2.0","2026-04-27T00:00:00.000Z | 2026-06-11T11:57:15Z | 2026-05-12T00:29:08Z | 2026-05-18T13:23:54Z | 2026-05-25T13:08:59Z | 2026-06-01T13:20:32Z | 2026-06-08T13:20:12Z"
"NC","North Carolina","23eaed42-dc1b-4de9-a185-1a03ef7c0c78","Dr. William C. Lee Jr","-77.36047228","35.57985241","dentist","teeth_whitening | pediatric_dentist","110 Oakmont Dr","Greenville","27858-5936","NC","US","+12523552424","wclee@greenvillencdentist.com","http://c.ypcdn.com/2/c/rtd?vrid=n4l7y538y9&rid=f3a2029b-62b9-4456-9697-361116227ac0&ptid=n4l7y538y9&ypid=11921716&lid=1000260122820&tl=6&lsrc=DXS&cp=DXS&dest=http%3A%2F%2Fdentalimplantsbydrlee.com","https://www.facebook.com/220704841456945","","0.9199122190475464","open","6","meta | Overture | Overture-signals","CDLA-Permissive-2.0","2026-04-27T00:00:00.000Z | 2026-06-11T11:57:15Z | 2026-05-12T00:29:08Z | 2026-05-18T13:23:54Z | 2026-05-25T13:08:59Z | 2026-06-01T13:20:32Z | 2026-06-08T13:20:12Z"
"NC","North Carolina","23f642b5-bee8-400c-86d1-01014751a221","Dr Wesley Smith, DDS","-78.8282319317466","35.791500534443","dentist","","130 Preston Executive Dr","Cary","27513","NC","US","(919) 467-9313","smithwddsoffice@bellsouth.net","http://www.wesleybsmithdds.com","https://www.facebook.com/822380021182642","","0.77","","6","Foursquare | Overture","Apache-2.0 | CDLA-Permissive-2.0","2022-07-14T00:00:00.000 | 2026-06-11T11:57:15Z"
"NC","North Carolina","241a973f-9bba-4445-9496-ffdd569cd17b","Reynolda Smiles","-80.3100810222228","36.1516764298406","dentist","","3244 Reynolda Rd","Winston-Salem","27106","NC","US","(336) 922-2542","reynoldasmiles@gmail.com","http://www.reynoldasmiles.com","","","0.77","","5","Foursquare | Overture","Apache-2.0 | CDLA-Permissive-2.0","2026-03-13T00:00:00.000 | 2026-06-11T11:57:15Z"
"NC","North Carolina","2450bd9c-0474-45c2-a22a-516b2657cf4f","Dash City Dentistry","-80.26214788","36.12448565","dentist","general_dentistry","705 Coliseum Dr","Winston-Salem","27106-5312","NC","US","+13367217921","frontdesk@dashcitydentalnc.com","https://dashcitydentalnc.com/","https://www.facebook.com/458580507338768","","0.9199122190475464","open","7","meta | Overture | Overture-signals","CDLA-Permissive-2.0","2026-04-27T00:00:00.000Z | 2026-06-11T11:57:15Z | 2026-05-12T00:29:08Z | 2026-05-18T13:23:54Z | 2026-05-25T13:08:59Z | 2026-06-01T13:20:32Z | 2026-06-08T13:20:12Z"
"NC","North Carolina","245a5644-7fbc-4ce0-a7e5-4945b1237c3a","TrueCare Dentistry","-78.77750656","35.7427354","dentist","cosmetic_dentist | general_dentistry","431 Keisler Dr","Cary","27518-7064","NC","US","+19198591330","info@truecaredentistrync.com","https://truecaredentistrync.com/","https://www.facebook.com/195133607175045","","0.9722161889076233","open","8","meta | Overture | Overture-signals","CDLA-Permissive-2.0","2026-04-27T00:00:00.000Z | 2026-06-11T11:57:15Z | 2026-05-12T00:29:08Z"
"NC","North Carolina","2466f74e-4e3d-47c7-9269-336545f61da7","Currituck Dental","-76.1686778823306","36.5140892692827","dentist","","112 Currituck Commerical Dr","Moyock","27958","NC","US","(252) 232-0800","","https://currituckdental.com","https://www.facebook.com/332458936845467","","0.77","","5","Foursquare | Overture","Apache-2.0 | CDLA-Permissive-2.0","2025-08-22T00:00:00.000 | 2026-06-11T11:57:15Z"
"NC","North Carolina","24848393-d175-4c6b-81a8-8c1eb4dcb160","Dr. Jessica Bishop DDS","-78.9832268377349","35.9103484452363","dentist","","6015 Farrington Rd #102","Chapel Hill","27517","NC","US","(919) 489-2793","","http://jessicabishopdds.com","","","0.77","","5","Foursquare | Overture","Apache-2.0 | CDLA-Permissive-2.0","2025-10-30T00:00:00.000 | 2026-06-11T11:57:15Z"
"NC","North Carolina","24afee8c-8123-473f-be4c-08666d0b5803","Blank Family Dentistry","-81.2174423","35.70686536","dentist","general_dentistry","205 1st St E","Conover","28613-2103","NC","US","+18284642401","blankfamilydentistry@gmail.com","","https://www.facebook.com/111107691851369","","0.9199122190475464","open","6","meta | Overture | Overture-signals","CDLA-Permissive-2.0","2026-04-27T00:00:00.000Z | 2026-06-11T11:57:15Z | 2026-05-12T00:29:08Z | 2026-05-18T13:23:54Z | 2026-05-25T13:08:59Z | 2026-06-01T13:20:32Z | 2026-06-08T13:20:12Z"
"NC","North Carolina","24e44d94-c366-4a05-ba62-deb200f7dd68","Dr Paul E. Gauthier DDS","-79.39914892","35.1694991","dentist","general_dentistry | health_and_medical","655 SW Broad St","Southern Pines","28387-5925","NC","US","+19106926500","","http://Southernpinesfamilydental.com/","https://www.facebook.com/108933335818860","","0.9199122190475464","open","8","meta | Overture | Overture-signals","CDLA-Permissive-2.0","2026-04-27T00:00:00.000Z | 2026-06-11T11:57:15Z | 2026-05-12T00:29:08Z | 2026-05-18T13:23:54Z | 2026-05-25T13:08:59Z | 2026-06-01T13:20:32Z | 2026-06-08T13:20:12Z"
"NC","North Carolina","24e92928-4170-455d-8fe3-8bf0b22a91dd","Murphy Dental Center","-84.02055311","35.10272197","dentist","general_dentistry | medical_center","119 Natural Springs Dr","Murphy","28906-2517","NC","US","+18288375911","tpbulsaradmd@murphydentalcenter.com","http://www.murphydentalcenter.com/","https://www.facebook.com/1662779963934915","","0.9199122190475464","open","7","meta | Overture | Overture-signals","CDLA-Permissive-2.0","2026-04-27T00:00:00.000Z | 2026-06-11T11:57:15Z | 2026-05-12T00:29:08Z | 2026-05-18T13:23:54Z | 2026-05-25T13:08:59Z | 2026-06-01T13:20:32Z | 2026-06-08T13:20:12Z"
"NC","North Carolina","24fd433d-4d2f-41d1-a6f9-2894ec61867a","Southport Dental","-78.02096942","33.93002331","dentist","general_dentistry","621 N Fodale Ave","Southport","28461-3550","NC","US","+19104575026","southportdental19@yahoo.com","http://southportdentalcare.com/","https://www.facebook.com/111122580692329","","0.9199122190475464","open","8","meta | Overture | Overture-signals","CDLA-Permissive-2.0","2026-04-27T00:00:00.000Z | 2026-06-11T11:57:15Z | 2026-05-12T00:29:08Z | 2026-05-18T13:23:54Z | 2026-05-25T13:08:59Z | 2026-06-01T13:20:32Z | 2026-06-08T13:20:12Z"
"NC","North Carolina","250a6f64-d430-4830-8cde-7d40fa267b00","Lane and Associates Family Dentistry","-78.5784743","35.87089879","dentist","general_dentistry","6320 Capital Blvd","Raleigh","27616-2959","NC","US","+19199817363","info@lanedds.com","https://lanedds.com/offices/raleigh-capital-blvd/","https://www.facebook.com/102419667835988","Lane & Associates Family Dentistry - Raleigh Neuse","0.9985931205749512","","8","meta | Overture","CDLA-Permissive-2.0","2026-04-27T00:00:00.000Z | 2026-06-11T11:57:15Z"
"NC","North Carolina","250c40bc-6c29-41e8-ae40-f73728ed32a7","SouthPark Periodontics & Implant Dentistry","-80.8285962843532","35.1483342720333","dentist","","6719 Fairview Rd","Charlotte","28210","NC","US","(704) 366-2774","info@offuttperiodontics.com","https://www.southparkperio.com","https://www.facebook.com/320779484692913","","0.9199122190475464","open","5","Foursquare | Overture | Overture-signals","Apache-2.0 | CDLA-Permissive-2.0","2026-03-02T00:00:00.000 | 2026-06-11T11:57:15Z | 2026-05-12T00:29:08Z | 2026-05-18T13:23:54Z | 2026-05-25T13:08:59Z | 2026-06-01T13:20:32Z | 2026-06-08T13:20:12Z"
"NC","North Carolina","252bd62c-7528-4a2e-bc2e-c3dd381eb13a","3D Dentists","-78.54962844","35.98743334","dentist","general_dentistry | health_and_medical","2717 Kearney Rd","Wake Forest","27587-6678","NC","US","+18553322285","meredith@3d-dentists.com","http://www.3d-dentists.com/","https://www.facebook.com/392123310823097","3D Dentists","0.9722161889076233","open","8","meta | Overture | Overture-signals","CDLA-Permissive-2.0","2026-04-27T00:00:00.000Z | 2026-06-11T11:57:15Z | 2026-05-12T00:29:08Z"
"NC","North Carolina","253011bf-9ab5-4301-9ac6-b838922cdb78","Wilmington Smiles","-77.92128406","34.20221214","dentist","general_dentistry","2215 Delaney Ave","Wilmington","28403-6010","NC","US","+19107633679","drgarrett@wilmingtonsmiles.com","https://wilmingtonsmiles.com/","https://www.facebook.com/135724169836726","","0.9199122190475464","open","9","meta | Overture | Overture-signals","CDLA-Permissive-2.0","2026-04-27T00:00:00.000Z | 2026-06-11T11:57:15Z | 2026-05-12T00:29:08Z | 2026-05-18T13:23:54Z | 2026-05-25T13:08:59Z | 2026-06-01T13:20:32Z | 2026-06-08T13:20:12Z"
"NC","North Carolina","2567e54b-9885-4928-bee4-19ae2536c0f3","Carolina Dental Arts","-78.64783431","35.78480213","dentist","endodontist | orthodontist","301 Glenwood Ave","Raleigh","27603-1452","NC","US","+19196704944","info.carolinadentalarts@gmail.com","https://www.carolinadentalarts.com/","https://www.facebook.com/1853950748161086","Carolina Dental Arts","0.9199122190475464","open","8","meta | Overture | Overture-signals","CDLA-Permissive-2.0","2026-04-27T00:00:00.000Z | 2026-06-11T11:57:15Z | 2026-05-12T00:29:08Z | 2026-05-18T13:23:54Z | 2026-05-25T13:08:59Z | 2026-06-01T13:20:32Z | 2026-06-08T13:20:12Z"
"NC","North Carolina","256e2d14-068c-4640-91de-3c4e43654f7b","CaroMont Psychiatric Associates - Belmont","-81.051296","35.270471","dentist","hospital | medical_center | health_and_medical","1212 Spruce St Ste 315","Belmont","28012","NC","US","7048653848","","https://caromonthealth.org/locations/caromont-psychiatric-associates-belmont","","","0.85","","7","Microsoft | Overture","CDLA-Permissive-2.0","2025-10-05T06:00:55.310Z | 2026-06-11T11:57:15Z"
"NC","North Carolina","2586e8b4-6e53-4b0d-9444-3613ba60e441","McKee Michael N DDS","-80.30240719","36.06151794","dentist","endodontist | family_practice","725 Highland Oaks Dr","Winston-Salem","27103-7109","NC","US","+13367655853","","http://www.healthgrades.com/dentist/dr-michael-mckee-23lr5","https://www.facebook.com/210467189087647","","0.9199122190475464","open","8","meta | Overture | Overture-signals","CDLA-Permissive-2.0","2026-04-27T00:00:00.000Z | 2026-06-11T11:57:15Z | 2026-05-12T00:29:08Z | 2026-05-18T13:23:54Z | 2026-05-25T13:08:59Z | 2026-06-01T13:20:32Z | 2026-06-08T13:20:12Z"
"NC","North Carolina","25a5bebe-f433-4cec-9a0e-7bfc22b8cd2b","McDonald & Whaley Dentistry","-79.935040225395","35.8906973668508","dentist","","","High Point","27263","NC","US","(336) 434-3186","","http://www.triadcosmeticdentistry.com","https://www.facebook.com/109640925733022","","0.77","","5","Foursquare | Overture","Apache-2.0 | CDLA-Permissive-2.0","2021-03-23T00:00:00.000 | 2026-06-11T11:57:15Z"
"NC","North Carolina","25b9b24c-60a9-4585-b19f-d0b096c2d73d","Landmark Dentistry","-80.71753069","35.12043636","dentist","general_dentistry | cosmetic_dentist","434 N Trade St","Matthews","28105-1864","NC","US","+17043184241","lmdmatthews@landmarkdentistry.com","http://thelandmarksmile.com/matthews","https://www.facebook.com/408531452921621","LandMark Dentistry","0.9199122190475464","open","9","meta | Overture | Overture-signals","CDLA-Permissive-2.0","2026-04-27T00:00:00.000Z | 2026-06-11T11:57:15Z | 2026-05-12T00:29:08Z | 2026-05-18T13:23:54Z | 2026-05-25T13:08:59Z | 2026-06-01T13:20:32Z | 2026-06-08T13:20:12Z"
"NC","North Carolina","25bc9de2-052f-4574-8750-bab8f75385c2","New Bern Dental Care","-77.11681","35.09449","dentist","health_and_medical | pediatric_dentist","4003 Dr Martin Luther King Jr Blvd","New Bern","28562-2243","NC","US","+12526361777","newberndc@mydentalmail.com","https://www.nybergdentistry.com/","https://www.facebook.com/668563923004078","Nyberg Bob DDS PA","0.9199122190475464","open","8","meta | Overture | Overture-signals","CDLA-Permissive-2.0","2026-04-27T00:00:00.000Z | 2026-06-11T11:57:15Z | 2026-05-12T00:29:08Z | 2026-05-18T13:23:54Z | 2026-05-25T13:08:59Z | 2026-06-01T13:20:32Z | 2026-06-08T13:20:12Z"
"NC","North Carolina","25d76b41-1f69-443d-95c6-c4e4e5f60fdc","Aspen Dental","-78.530908","35.988988","dentist","","12612 Capital Blvd, STE 100","Wake Forest","27587","NC","US","","","https://www.aspendental.com/dentist/nc/wake-forest/12612-capital-blvd-ste-100/","","Aspen Dental","0.954","","7","AllThePlaces | Overture","CC0-1.0 | CDLA-Permissive-2.0","2026-06-02T15:18:54.000Z | 2026-06-11T11:57:15Z"
"NC","North Carolina","2601feb2-3bf7-47d7-ae0f-7b6edf5a4cee","Middle Creek Family Dentistry","-78.601784836511","35.5922419564253","dentist","","7283 NC Highway 42","Garner","27529","NC","US","","","http://middlecreekfamilydentistry.com/index.html","","","0.77","","1","Foursquare | Overture","Apache-2.0 | CDLA-Permissive-2.0","2026-03-31T00:00:00.000 | 2026-06-11T11:57:15Z"
"NC","North Carolina","26095132-41e8-4b6a-be0c-0af8a7d92e38","Alston Rodrick II DDS","-78.725347","35.898493","dentist","health_and_medical | family_practice","9201 Leesville Rd","Raleigh","27613-7540","NC","US","+19198442250","","","https://www.facebook.com/168645903148430","","0.6529585123062134","","8","meta | Overture","CDLA-Permissive-2.0","2026-04-27T00:00:00.000Z | 2026-06-11T11:57:15Z"
"NC","North Carolina","260991e7-37ac-4a5b-9fb3-60e31d57816c","Ralph S Kurti D.D.S","-84.035937","35.08264","dentist","","426 Hiwassee St","Murphy","28906","NC","US","(828) 837-5004","ralphkurtiddsfranklin@frontier.com","http://www.ralphkurtidds.com","https://www.facebook.com/161046740583151","","0.9199122190475464","open","8","Foursquare | Overture | Overture-signals","Apache-2.0 | CDLA-Permissive-2.0","2020-11-24T00:00:00.000 | 2026-06-11T11:57:15Z | 2026-05-12T00:29:08Z | 2026-05-18T13:23:54Z | 2026-05-25T13:08:59Z | 2026-06-01T13:20:32Z | 2026-06-08T13:20:12Z"
"NC","North Carolina","26352237-9d67-4b3a-b7fc-138fc061b1ff","Dasling Dentistry","-80.75298464","35.30373034","dentist","general_dentistry | cosmetic_dentist","8420 University Exec Park Dr","Charlotte","28262-1307","NC","US","+17045949250","hc@daslingdentistry.com","http://www.daslingdentistry.com/","https://www.facebook.com/125093554228344","Dasling Dentistry","0.9930317401885986","open","10","meta | Overture | Overture-signals","CDLA-Permissive-2.0","2026-04-27T00:00:00.000Z | 2026-06-11T11:57:15Z | 2026-05-12T00:29:08Z"
"NC","North Carolina","263610e6-a214-4b5e-a25c-d32f72b0d994","Charlotte Community Health Clinic","-80.77674387","35.31889352","dentist","family_practice | medical_center","8401 Medical Plaza Dr","Charlotte","28262-8700","NC","US","+17043166561","","http://charlottecommunityhealthclinic.org","https://www.facebook.com/105815484158141","","0.9902192950248718","open","7","meta | Overture | Overture-signals","CDLA-Permissive-2.0","2026-04-27T00:00:00.000Z | 2026-06-11T11:57:15Z | 2026-05-12T00:29:08Z | 2026-05-18T13:23:54Z | 2026-05-25T13:08:59Z | 2026-06-01T13:20:32Z | 2026-06-08T13:20:12Z"
"NC","North Carolina","26a09a45-2f48-43f2-92e2-e6ef6e21aa17","Guanga Family Dentistry","-78.82528446","35.65448576","dentist","general_dentistry","640 Holly Springs Rd","Holly Springs","27540-9030","NC","US","+19195570361","office@guangadentistry.com","http://guangadentistry.com/","https://www.facebook.com/104724178170393","","0.9199122190475464","open","7","meta | Overture | Overture-signals","CDLA-Permissive-2.0","2026-04-27T00:00:00.000Z | 2026-06-11T11:57:15Z | 2026-05-12T00:29:08Z | 2026-05-18T13:23:54Z | 2026-05-25T13:08:59Z | 2026-06-01T13:20:32Z | 2026-06-08T13:20:12Z"
"NC","North Carolina","26e3c05b-a3d4-4d64-806f-f7d7343d7164","Dan Dube Dentistry","-77.89467893","34.1334353","dentist","doctor | medical_service_organizations","5653 Carolina Beach Rd","Wilmington","28412-2649","NC","US","+19107910986","info@dandubedentistry.com","http://www.dandubedentistry.com/","https://www.facebook.com/519404031427058","Dan K Dube DMD","0.9995381723344327","","8","meta | Overture","CDLA-Permissive-2.0","2026-04-27T00:00:00.000Z | 2026-06-11T11:57:15Z"
"NC","North Carolina","27066b0c-a383-4884-b1a2-90404385ddff","Carolina Dental","-80.85472304","35.05734507","dentist","general_dentistry | medical_service_organizations","15830 Ballantyne Medical Pl","Charlotte","28277-0759","NC","US","+17048146006","info@carolinadentalcare.net","http://www.carolinadentaloffices.com/","https://www.facebook.com/1858042481076843","","0.9902192950248718","open","9","meta | Overture | Overture-signals","CDLA-Permissive-2.0","2026-04-27T00:00:00.000Z | 2026-06-11T11:57:15Z | 2026-05-12T00:29:08Z | 2026-05-18T13:23:54Z | 2026-05-25T13:08:59Z | 2026-06-01T13:20:32Z | 2026-06-08T13:20:12Z"
"NC","North Carolina","27239656-31ae-4b0d-9c53-42dbb24f8c4e","Turning Point Dental & Aesthetics","-78.92205503","36.01136196","dentist","general_dentistry | doctor","811 9th St","Durham","27705-4149","NC","US","+19192864481","records@turningpointda.com","http://www.turningpointda.com/","https://www.facebook.com/197721776455","","0.9199122190475464","open","8","meta | Overture | Overture-signals","CDLA-Permissive-2.0","2026-04-27T00:00:00.000Z | 2026-06-11T11:57:15Z | 2026-05-12T00:29:08Z | 2026-05-18T13:23:54Z | 2026-05-25T13:08:59Z | 2026-06-01T13:20:32Z | 2026-06-08T13:20:12Z"
"NC","North Carolina","273437de-b0d2-462b-aaad-c2e30a4053f8","Flowers Crossroads Dental","-78.34782579","35.65392401","dentist","general_dentistry","50 Flowers Commerce Dr","Clayton","27527-5491","NC","US","+19842039501","flowerscrd@mydentalmail.com","https://flowerscrossroadsdental.com/","https://www.facebook.com/100328285455308","","0.9199122190475464","open","10","meta | Overture | Overture-signals","CDLA-Permissive-2.0","2026-04-27T00:00:00.000Z | 2026-06-11T11:57:15Z | 2026-05-12T00:29:08Z | 2026-05-18T13:23:54Z | 2026-05-25T13:08:59Z | 2026-06-01T13:20:32Z | 2026-06-08T13:20:12Z"
"NC","North Carolina","27347ad6-97fa-4c57-96ae-dae948880205","Aspen Dental","-81.524739","35.916231","dentist","health_and_medical","141 Blowing Rock Blvd","Lenoir","28645","NC","US","8283941542","","https://www.aspendental.com/pricing-offers/offers","","","0.9902192950248718","open","6","Microsoft | Overture | Overture-signals","CDLA-Permissive-2.0","2025-10-04T12:18:47.117Z | 2026-06-11T11:57:15Z | 2026-05-12T00:29:08Z | 2026-05-18T13:23:54Z | 2026-05-25T13:08:59Z | 2026-06-01T13:20:32Z | 2026-06-08T13:20:12Z"
"NC","North Carolina","2756e17f-2887-4865-89b8-cfeda1db2cf0","Dr. Jed E. Levitas","-80.661101","35.08073318","dentist","general_dentistry","251 Post Office Dr","Indian Trail","28079-7686","NC","US","+17048213019","","http://indiantrailfamilydentistry.com","https://www.facebook.com/127143697358087","Dr. Levitas DDS","0.9199122190475464","open","8","meta | Overture | Overture-signals","CDLA-Permissive-2.0","2026-04-27T00:00:00.000Z | 2026-06-11T11:57:15Z | 2026-05-12T00:29:08Z | 2026-05-18T13:23:54Z | 2026-05-25T13:08:59Z | 2026-06-01T13:20:32Z | 2026-06-08T13:20:12Z"
"NC","North Carolina","2757f23b-dcc3-4fea-88c9-31597b38faff","DeVaney Dentistry at Brassfield","-79.85660334","36.12845064","dentist","endodontist","2018 New Garden Rd","Greensboro","27410-2485","NC","US","+13365400026","devaneybrassfield@gmail.com","https://www.drdevaney.com/","https://www.facebook.com/545681925937063","DeVaney Dentistry","0.9199122190475464","open","9","meta | Overture | Overture-signals","CDLA-Permissive-2.0","2026-04-27T00:00:00.000Z | 2026-06-11T11:57:15Z | 2026-05-12T00:29:08Z | 2026-05-18T13:23:54Z | 2026-05-25T13:08:59Z | 2026-06-01T13:20:32Z | 2026-06-08T13:20:12Z"
"NC","North Carolina","276e77ff-e0b9-4d50-a937-23fb1d264c6e","Dentures In A Day","-77.083196","35.121711","dentist","orthodontist | health_and_medical","2803 Neuse Blvd","New Bern","28562-2838","NC","US","+18776965972","","http://www.denturesinaday.com/","https://www.facebook.com/941281349216854","Miller & Associates Family Dentistry - Goldsboro, NC","0.8869410753250122","","7","meta | Overture","CDLA-Permissive-2.0","2026-04-27T00:00:00.000Z | 2026-06-11T11:57:15Z"
"NC","North Carolina","2775e3f7-69df-4c2c-8fe3-13eb37e1ee5f","Downtown Dental - Wilmington","-77.94809778","34.23978826","dentist","general_dentistry | health_and_medical","124 Walnut St","Wilmington","28401-4071","NC","US","+19107778768","","https://www.downtownwilmingtondental.com/","https://www.facebook.com/205279096168512","","0.9199122190475464","open","7","meta | Overture | Overture-signals","CDLA-Permissive-2.0","2026-04-27T00:00:00.000Z | 2026-06-11T11:57:15Z | 2026-05-12T00:29:08Z | 2026-05-18T13:23:54Z | 2026-05-25T13:08:59Z | 2026-06-01T13:20:32Z | 2026-06-08T13:20:12Z"
"NC","North Carolina","2783a2da-4f43-458d-b903-8d170f38e379","Dr. Theodore B. Thomas III","-78.33040478","35.0029875","dentist","doctor | family_practice","450 McKoy St","Clinton","28328-2844","NC","US","+19105926171","kennethlewisdds@ncrrbiz.com","","https://www.facebook.com/1305684632793279","","0.9199122190475464","open","6","meta | Overture | Overture-signals","CDLA-Permissive-2.0","2026-04-27T00:00:00.000Z | 2026-06-11T11:57:15Z | 2026-05-12T00:29:08Z | 2026-05-18T13:23:54Z | 2026-05-25T13:08:59Z | 2026-06-01T13:20:32Z | 2026-06-08T13:20:12Z"
"NC","North Carolina","27a007c4-136b-4c59-bf7c-cf6ec03c6291","West Charlotte Dental","-80.99188204","35.10176021","dentist","general_dentistry","13551 Steelecroft Pkwy","Charlotte","28278-7545","NC","US","+17042476770","contactus@westcharlottedental.com","http://westcharlottedental.com/","https://www.facebook.com/105698511694619","","0.9199122190475464","open","8","meta | Overture | Overture-signals","CDLA-Permissive-2.0","2026-04-27T00:00:00.000Z | 2026-06-11T11:57:15Z | 2026-05-12T00:29:08Z | 2026-05-18T13:23:54Z | 2026-05-25T13:08:59Z | 2026-06-01T13:20:32Z | 2026-06-08T13:20:12Z"
"NC","North Carolina","27c0ac5e-92e6-4501-b195-cc1f13b8de8b","Olmsted Torney Mohorn Mohorn Morgan & Baird DDS PA","-79.82954909","36.10488869","dentist","endodontist | health_and_medical","1602 Benjamin Pkwy","Greensboro","27408-2015","NC","US","+13362880010","admin@piedmontendo.com","http://www.piedmontendo.com","https://www.facebook.com/147110885334228","Piedmont Endodontics","0.8260610103607178","","8","meta | Overture","CDLA-Permissive-2.0","2026-04-27T00:00:00.000Z | 2026-06-11T11:57:15Z"
"NC","North Carolina","27c56a61-7099-4071-8de6-863020fd3669","Merrell Family Dentistry","-80.617145767024","35.5418240320831","dentist","","702 Highland Ave","Landis","28088","NC","US","(704) 857-6161","sm@merrellfamilydentistry.com","http://www.merrellfamilydentistry.com","https://www.facebook.com/755687577830434","","0.9199122190475464","open","4","Foursquare | Overture | Overture-signals","Apache-2.0 | CDLA-Permissive-2.0","2025-08-19T00:00:00.000 | 2026-06-11T11:57:15Z | 2026-05-12T00:29:08Z | 2026-05-18T13:23:54Z | 2026-05-25T13:08:59Z | 2026-06-01T13:20:32Z | 2026-06-08T13:20:12Z"
"NC","North Carolina","27dea520-f8cc-4517-880d-debb2aedcddd","Valleygate Dental Surgery Center","-79.96050989","36.07339403","dentist","pediatric_dentist | general_dentistry","510 Hickory Ridge Dr","Greensboro","27409-9779","NC","US","+13363550552","","http://www.valleygatedentalsurgery.com","https://www.facebook.com/1382572598549099","","0.9199122190475464","open","9","meta | Overture | Overture-signals","CDLA-Permissive-2.0","2026-04-27T00:00:00.000Z | 2026-06-11T11:57:15Z | 2026-05-12T00:29:08Z | 2026-05-18T13:23:54Z | 2026-05-25T13:08:59Z | 2026-06-01T13:20:32Z | 2026-06-08T13:20:12Z"
"NC","North Carolina","27f7895a-0bf0-4f24-b41e-416dbc43c10b","Riccobene Associates Family Dentistry","-80.30301496","36.08337705","dentist","general_dentistry | family_practice","201 Charlois Blvd","Winston-Salem","27103-1507","NC","US","+13369627154","","https://www.brushandfloss.com/locations/winston-salem","https://www.facebook.com/216936174994556","Riccobene Associates Family Dentistry","0.9902192950248718","open","10","meta | Overture | Overture-signals","CDLA-Permissive-2.0","2026-04-27T00:00:00.000Z | 2026-06-11T11:57:15Z | 2026-05-12T00:29:08Z | 2026-05-18T13:23:54Z | 2026-05-25T13:08:59Z | 2026-06-01T13:20:32Z | 2026-06-08T13:20:12Z"
"NC","North Carolina","2802bb41-3072-4801-9218-b3a2429d1c3e","Inner Banks Dental","-77.0519900321961","35.5465716253347","dentist","","629 W 15th St","Washington","27889","NC","US","(252) 946-2131","","https://innerbanksdental.com","","","0.77","","5","Foursquare | Overture","Apache-2.0 | CDLA-Permissive-2.0","2025-10-18T00:00:00.000 | 2026-06-11T11:57:15Z"
"NC","North Carolina","2813cc08-fbe1-49db-b83a-c43ebb878609","Parkway Dental","-78.81857179","35.79663626","dentist","general_dentistry | health_and_medical","3600 NW Cary Pkwy","Cary","27513-8444","NC","US","+19193809622","info@wscoker.com","https://www.caryparkwaydental.com/","https://www.facebook.com/164657460231334","Parkway Dental W. Stephen Coker, DMD, PA","0.9199122190475464","open","8","meta | Overture | Overture-signals","CDLA-Permissive-2.0","2026-04-27T00:00:00.000Z | 2026-06-11T11:57:15Z | 2026-05-12T00:29:08Z | 2026-05-18T13:23:54Z | 2026-05-25T13:08:59Z | 2026-06-01T13:20:32Z | 2026-06-08T13:20:12Z"
"NC","North Carolina","2847cae2-eff2-457c-973d-5e6f072d7182","McLeansville Family and Cosmetic Dentistry","-79.65823809","36.1085671","dentist","cosmetic_dentist | general_dentistry","5706 McLeansville Rd","McLeansville","27301-9303","NC","US","+13366970618","","https://www.mcleansvilledentistry.com/","https://www.facebook.com/388124625252324","","0.9905181527137756","","9","meta | Overture","CDLA-Permissive-2.0","2026-04-27T00:00:00.000Z | 2026-06-11T11:57:15Z"
"NC","North Carolina","284e92cd-9a97-43f2-bd8a-679dd8d980c2","Southeast Dental Partners","-80.88621827","35.48064779","dentist","general_dentistry | health_and_medical","19810 W Catawba Ave","Cornelius","28031-4056","NC","US","+17049978878","admin2@southeastdentalpartners.com","https://southeastdentalpartners.com/","https://www.facebook.com/598741976650813","","0.9199122190475464","open","7","meta | Overture | Overture-signals","CDLA-Permissive-2.0","2026-04-27T00:00:00.000Z | 2026-06-11T11:57:15Z | 2026-05-12T00:29:08Z | 2026-05-18T13:23:54Z | 2026-05-25T13:08:59Z | 2026-06-01T13:20:32Z | 2026-06-08T13:20:12Z"
"NC","North Carolina","28a93800-6cad-47aa-aa54-5984feee122f","John L Cloninger III","-81.24355098","35.46917771","dentist","general_dentistry | doctor","904 Dontia Dr","Lincolnton","28092-3643","NC","US","+17047350765","jlc3dental@yahoo.com","http://www.cloninger3lincoln.com/","https://www.facebook.com/396152200475360","","0.9904594421386719","open","9","meta | Overture | Overture-signals","CDLA-Permissive-2.0","2026-04-27T00:00:00.000Z | 2026-06-11T11:57:15Z | 2026-06-08T13:20:12Z"
"NC","North Carolina","28c23f25-550d-4424-8be9-70c288fde8e8","Zackeru Family Dentistry","-80.30078758","36.08463335","dentist","general_dentistry | doctor","481 Shepherd St","Winston-Salem","27103-1627","NC","US","+13367688850","","http://www.zackerudental.com/","https://www.facebook.com/228599191233100","","0.9902848601341248","","9","meta | Overture","CDLA-Permissive-2.0","2026-04-27T00:00:00.000Z | 2026-06-11T11:57:15Z"
"NC","North Carolina","28ee41fa-4385-4409-874c-bab406047f3b","Family Comprehensive & Cosmetic Dentistry","-77.410418","34.793605","dentist","pediatric_dentist | doctor","400 Dolphin Dr","Jacksonville","28546","NC","US","+19103535171","drbellandcovertfb@yahoo.com","http://www.drbellandcovert.com/","https://www.facebook.com/908333332516620","Family Comprehensive & Cosmetic Dentistry","0.9902192950248718","open","10","meta | Overture | Overture-signals","CDLA-Permissive-2.0","2026-04-27T00:00:00.000Z | 2026-06-11T11:57:15Z | 2026-05-12T00:29:08Z | 2026-05-18T13:23:54Z | 2026-05-25T13:08:59Z | 2026-06-01T13:20:32Z | 2026-06-08T13:20:12Z"
"NC","North Carolina","290a5bea-2317-47a5-84ad-e038dc74748d","Dr. Allison Dreyer, DDS","-77.93259","34.1959","dentist","general_dentistry","736 Medical Center Dr","Wilmington","28401-4170","NC","US","+19107620355","","https://longdentalofwilmington.com/contact-us/","https://www.facebook.com/412296595281823","","0.7308728694915771","","10","meta | Overture","CDLA-Permissive-2.0","2026-04-27T00:00:00.000Z | 2026-06-11T11:57:15Z"
"NC","North Carolina","2918f39d-43f6-440d-9d27-3883d9fa5b38","Dorion & Associates","-78.84775","35.787495","dentist","","270 Cornerstone Dr Ste 106","Cary","27519","NC","US","(919) 650-1101","","http://www.doriondds.com","","","0.9199122190475464","open","4","Foursquare | Overture | Overture-signals","Apache-2.0 | CDLA-Permissive-2.0","2024-01-10T00:00:00.000 | 2026-06-11T11:57:15Z | 2026-05-12T00:29:08Z | 2026-05-18T13:23:54Z | 2026-05-25T13:08:59Z | 2026-06-01T13:20:32Z | 2026-06-08T13:20:12Z"
"NC","North Carolina","292e0e11-5b05-43a5-9b7a-cb776164dc00","Foothill Family Dentistry","-80.4669403","36.38401752","dentist","general_dentistry","111 S Davis St","Pilot Mountain","27041-8677","NC","US","+13363684708","info@foothillfamilydentistry.com","http://www.foothillfamilydentistry.com/","https://www.facebook.com/1695553394101533","","0.9199122190475464","open","8","meta | Overture | Overture-signals","CDLA-Permissive-2.0","2026-04-27T00:00:00.000Z | 2026-06-11T11:57:15Z | 2026-05-12T00:29:08Z | 2026-05-18T13:23:54Z | 2026-05-25T13:08:59Z | 2026-06-01T13:20:32Z | 2026-06-08T13:20:12Z"
"NC","North Carolina","29885c63-3095-4d4c-9173-ccc15c7e4733","Dr. Robert Von Dohlen DDS","-80.0126754993824","35.9641656716532","dentist","doctor | medical_service_organizations","700 N Elm St","High Point","27262-3930","NC","US","+13368874343","","","https://www.facebook.com/262904170408785","","0.8113635778427124","","9","meta | Overture","CDLA-Permissive-2.0","2026-04-27T00:00:00.000Z | 2026-06-11T11:57:15Z"
"NC","North Carolina","2993ce88-921e-451d-9757-328d089aadde","Treman Dental","-77.925891163414","34.2147078339337","dentist","","1801 S 16th St","Wilmington","28401","NC","US","(910) 795-2602","info@tremandental.com","http://www.tremandental.com","https://www.twitter.com/tremandental | https://www.facebook.com/178591742315116","","0.9199122190475464","open","4","Foursquare | Overture | Overture-signals","Apache-2.0 | CDLA-Permissive-2.0","2025-08-22T00:00:00.000 | 2026-06-11T11:57:15Z | 2026-05-12T00:29:08Z | 2026-05-18T13:23:54Z | 2026-05-25T13:08:59Z | 2026-06-01T13:20:32Z | 2026-06-08T13:20:12Z"
"NC","North Carolina","29a7ca72-d265-45f7-9d76-252da1f79fed","Rockcliff Oral and Facial Surgery & Dental Implants Center","-83.1990627115878","35.3586006226854","dentist","","37 Crestview Hts","Sylva","28779","NC","US","(828) 354-0307","","https://rockclifforalsurgery.com/locations/sylva","https://www.facebook.com/170495297127327 | https://www.instagram.com/rockclifforalsurgery","","0.77","","6","Foursquare | Overture","Apache-2.0 | CDLA-Permissive-2.0","2025-10-17T00:00:00.000 | 2026-06-11T11:57:15Z"
"NC","North Carolina","29a87e95-57ad-404a-ba32-eaa496f700f3","Mint Leaf Dentistry","-78.85233232","35.83007007","dentist","general_dentistry","110 Lattner Ct","Morrisville","27560-7885","NC","US","+19193301710","mintleafdentistry@gmail.com","http://mintleafdentistry.com/","https://www.facebook.com/324266338398630","","0.9902192950248718","open","7","meta | Overture | Overture-signals","CDLA-Permissive-2.0","2026-04-27T00:00:00.000Z | 2026-06-11T11:57:15Z | 2026-05-12T00:29:08Z | 2026-05-18T13:23:54Z | 2026-05-25T13:08:59Z | 2026-06-01T13:20:32Z | 2026-06-08T13:20:12Z"
"NC","North Carolina","29abc400-a7ab-4e72-a357-8c49e6e865e6","Cardinal Family Dentistry","-78.88917067","35.73707847","dentist","general_dentistry | medical_service_organizations","1480 Chapel Ridge Rd","Apex","27502-8625","NC","US","+19844099490","contact@cardinalfamilydentistry.com","http://www.cardinalfamilydentistry.com/","https://www.facebook.com/1846472685644152","","0.9902192950248718","open","8","meta | Overture | Overture-signals","CDLA-Permissive-2.0","2026-04-27T00:00:00.000Z | 2026-06-11T11:57:15Z | 2026-05-12T00:29:08Z | 2026-05-18T13:23:54Z | 2026-05-25T13:08:59Z | 2026-06-01T13:20:32Z | 2026-06-08T13:20:12Z"
"NC","North Carolina","29b12643-ff68-4739-85f6-5df26ed342fd","Lane & Associates Family Dentistry","-78.64555577","35.32318323","dentist","general_dentistry | doctor","598 E Jackson Blvd","Erwin","28339-9631","NC","US","+19108928886","info@lanedds.com","https://www.lanedds.com/offices/dunn","https://www.facebook.com/1514819428836222","Lane & Associates Family Dentistry","0.9722161889076233","","8","meta | Overture","CDLA-Permissive-2.0","2026-04-27T00:00:00.000Z | 2026-06-11T11:57:15Z"
"NC","North Carolina","29ded791-90e7-4ab1-9cbf-0097ecece33c","Dental Works","-79.0561185935018","35.0300737134948","dentist","","7780 S Raeford Rd","Fayetteville","28304","NC","US","(910) 223-9090","","https://www.dentalworks.com/office/raeford-road","https://www.facebook.com/1795179990802048","","0.9199122190475464","open","5","Foursquare | Overture | Overture-signals","Apache-2.0 | CDLA-Permissive-2.0","2025-09-03T00:00:00.000 | 2026-06-11T11:57:15Z | 2026-05-12T00:29:08Z | 2026-05-18T13:23:54Z | 2026-05-25T13:08:59Z | 2026-06-01T13:20:32Z | 2026-06-08T13:20:12Z"
"NC","North Carolina","2a2c6eb1-3852-4e16-b4f1-bcc8f3debf1b","Dental Care of Fuquay-Varina","-78.77972512","35.59282216","dentist","general_dentistry","1140 E Broad St","Fuquay-Varina","27526-1961","NC","US","+19843139882","dcoffuquayvarina@mydentalmail.com","https://dentalcareoffuquayvarina.com/","https://www.facebook.com/105607152331462","","0.9902192950248718","open","10","meta | Overture | Overture-signals","CDLA-Permissive-2.0","2026-04-27T00:00:00.000Z | 2026-06-11T11:57:15Z | 2026-05-12T00:29:08Z | 2026-05-18T13:23:54Z | 2026-05-25T13:08:59Z | 2026-06-01T13:20:32Z | 2026-06-08T13:20:12Z"
"NC","North Carolina","2a2e8644-112e-4789-b887-9e32b7dadcf3","Idlewild Family Dentistry","-80.6549423398735","35.1222295501066","dentist","","15060 Idlewild Rd","Matthews","28104","NC","US","(704) 893-0351","info@idlewildfamilydentistry.com","http://www.idlewildfamilydentistry.com","https://www.facebook.com/160611940628250","","0.9199122190475464","open","4","Foursquare | Overture | Overture-signals","Apache-2.0 | CDLA-Permissive-2.0","2022-12-02T00:00:00.000 | 2026-06-11T11:57:15Z | 2026-05-12T00:29:08Z | 2026-05-18T13:23:54Z | 2026-05-25T13:08:59Z | 2026-06-01T13:20:32Z | 2026-06-08T13:20:12Z"
"NC","North Carolina","2a449fdd-8304-448b-9090-b9bd0fb223fe","Ideal Dental Hope Mills","-78.96597597","34.98355979","dentist","general_dentistry","3020 N Main St","Hope Mills","28348-1700","NC","US","+19107160102","info@idealdentalhopemills.com","https://www.myidealdental.com/hope-mills","https://www.facebook.com/104984635510658","Ideal Dental","0.9199122190475464","open","9","meta | Overture | Overture-signals","CDLA-Permissive-2.0","2026-04-27T00:00:00.000Z | 2026-06-11T11:57:15Z | 2026-05-12T00:29:08Z | 2026-05-18T13:23:54Z | 2026-05-25T13:08:59Z | 2026-06-01T13:20:32Z | 2026-06-08T13:20:12Z"
"NC","North Carolina","2ab97243-4616-484a-8c7f-9edeabe5904f","Ballantyne Family Dental","-80.84484918","35.0700089","dentist","general_dentistry | cosmetic_dentist","12312 Copper Way","Charlotte","28277-4855","NC","US","+17047538086","info@ballantynefamilydental.com","http://www.ballantynefamilydental.com/","https://www.facebook.com/2088554464708059","Ballantyne Family Dental","0.9902192950248718","open","8","meta | Overture | Overture-signals","CDLA-Permissive-2.0","2026-04-27T00:00:00.000Z | 2026-06-11T11:57:15Z | 2026-05-12T00:29:08Z | 2026-05-18T13:23:54Z | 2026-05-25T13:08:59Z | 2026-06-01T13:20:32Z | 2026-06-08T13:20:12Z"
"NC","North Carolina","2ac9b2c6-7d42-4dee-a66c-f1fb4c45792d","Independence Dental Care","-77.92512086","34.1748724","dentist","doctor","3830 Carolina Beach Rd","Wilmington","28412-1911","NC","US","+19108128249","independencedc2@mydentalmail.com","https://independencedentalcare.com/","https://www.facebook.com/107076268836893","Dental Health Society online","0.9902192950248718","open","7","meta | Overture | Overture-signals","CDLA-Permissive-2.0","2026-04-27T00:00:00.000Z | 2026-06-11T11:57:15Z | 2026-05-12T00:29:08Z | 2026-05-18T13:23:54Z | 2026-05-25T13:08:59Z | 2026-06-01T13:20:32Z | 2026-06-08T13:20:12Z"
"NC","North Carolina","2aca146c-3181-431e-af32-8e9928710423","Gurley Hall Ritter & Brogden Orthodontics","-78.781303","35.766591","dentist","orthodontist | health_and_medical","1144 Executive Cir","Cary","27511-4573","NC","US","+19194672419","","http://ghrb.com","https://www.facebook.com/126083567445946","","0.6190696358680725","","7","meta | Overture","CDLA-Permissive-2.0","2026-04-27T00:00:00.000Z | 2026-06-11T11:57:15Z"
"NC","North Carolina","2ad3a9b4-8ebc-48de-8279-68fed5ca5196","Focus Dentistry","-77.82305011","34.22048006","dentist","cosmetic_dentist | general_dentistry","6841 Wrightsville Ave","Wilmington","28403-3603","NC","US","+19102399305","info@focus-dentistry.com","https://focus-dentistry.com","https://www.facebook.com/201518437126574","","0.9199122190475464","open","8","meta | Overture | Overture-signals","CDLA-Permissive-2.0","2026-04-27T00:00:00.000Z | 2026-06-11T11:57:15Z | 2026-05-12T00:29:08Z | 2026-05-18T13:23:54Z | 2026-05-25T13:08:59Z | 2026-06-01T13:20:32Z | 2026-06-08T13:20:12Z"
"NC","North Carolina","2add114b-d2b8-452c-ad93-2ca070005e6d","Holmes and Williford","-77.95556254","35.71621266","dentist","general_dentistry | health_and_medical","2801 Wooten Blvd SW","Wilson","27893-8628","NC","US","+12522378812","","http://www.hwpdentistry.com/","https://www.facebook.com/364072170449395","Holmes and Williford","0.9199122190475464","open","8","meta | Overture | Overture-signals","CDLA-Permissive-2.0","2026-04-27T00:00:00.000Z | 2026-06-11T11:57:15Z | 2026-05-12T00:29:08Z | 2026-05-18T13:23:54Z | 2026-05-25T13:08:59Z | 2026-06-01T13:20:32Z | 2026-06-08T13:20:12Z"
"NC","North Carolina","2afd7744-f7cf-4655-85a4-284aaf1e86a5","Riley Family Dentistry ","-80.85955","35.34829","dentist","","9739 Northlake Centre Pkwy","Charlotte","28216","NC","US","+17049214404","","https://rileyfamilydentistryclt.com/","https://www.facebook.com/456017890931069","","0.7811993956565857","","1","meta | Overture","CDLA-Permissive-2.0","2026-04-27T00:00:00.000Z | 2026-06-11T11:57:15Z"
"NC","North Carolina","2b247e46-1da6-4355-893d-5e8536bd1f68","Caruso Dental Care","-82.53898738","35.55600801","dentist","general_dentistry | doctor","1 Vanderbilt Park Dr","Asheville","28803-1736","NC","US","+18282775230","info@carusodentalcare.com","http://carusodentalcare.com/","https://www.facebook.com/421291874726512","","0.9902192950248718","open","8","meta | Overture | Overture-signals","CDLA-Permissive-2.0","2026-04-27T00:00:00.000Z | 2026-06-11T11:57:15Z | 2026-05-12T00:29:08Z | 2026-05-18T13:23:54Z | 2026-05-25T13:08:59Z | 2026-06-01T13:20:32Z | 2026-06-08T13:20:12Z"
"NC","North Carolina","2b91fa9b-c7bf-4b1b-a948-b4fdaee077a3","Lane & Associates Family Dentistry","-77.41682331","34.7924997","dentist","general_dentistry","3445 Henderson Dr","Jacksonville","28546-5233","NC","US","+19103471283","jacksonvillemorganoffice@lanedds.com","https://lanedds.com/offices/jacksonville-morgan/","https://www.facebook.com/101769065927046","Lane & Associates Family Dentistry - Raleigh Neuse","0.9902192950248718","open","7","meta | Overture | Overture-signals","CDLA-Permissive-2.0","2026-04-27T00:00:00.000Z | 2026-06-11T11:57:15Z | 2026-05-12T00:29:08Z | 2026-05-18T13:23:54Z | 2026-05-25T13:08:59Z | 2026-06-01T13:20:32Z | 2026-06-08T13:20:12Z"
"NC","North Carolina","2ba75a27-f9c2-4739-9df6-ab30446dfc9d","McLeansville Family & Cosmetic Dentistry: Quinn Woodruff, DMD","-79.6579146839089","36.1085665436843","dentist","","5706 McLeansville Rd","Mc Leansville","27301","NC","US","(336) 697-0618","","https://www.mcleansvilledentistry.com","https://www.facebook.com/388124625252324","","0.77","","5","Foursquare | Overture","Apache-2.0 | CDLA-Permissive-2.0","2025-05-29T00:00:00.000 | 2026-06-11T11:57:15Z"
"NC","North Carolina","2badeeda-5c04-4ff1-98e7-7cb422787d05","Azalea Dental","-77.92766454","34.20390279","dentist","general_dentistry","1307 Medical Center Dr","Wilmington","28401-7502","NC","US","+19107630210","frontoffice@azaleadentalnc.com","http://www.azaleadentalnc.com/","https://www.facebook.com/330191443513681","","0.9199122190475464","open","7","meta | Overture | Overture-signals","CDLA-Permissive-2.0","2026-04-27T00:00:00.000Z | 2026-06-11T11:57:15Z | 2026-05-12T00:29:08Z | 2026-05-18T13:23:54Z | 2026-05-25T13:08:59Z | 2026-06-01T13:20:32Z | 2026-06-08T13:20:12Z"
"NC","North Carolina","2bb32040-bc91-4ea7-b1c4-3686eecbfab9","University Dental Associates","-80.78825738","35.37392211","dentist","general_dentistry","10018 Benfield Rd","Charlotte","28269-8818","NC","US","+19803857287","udabenfield@mydentalmail.com","http://www.udadentistry.com/practices/university-dental-associates-benfield/?utm_source=Facebook&utm_campaign=Organic&utm_medium=Listings","https://www.facebook.com/423677094665926","Dr Camacho Invisalign Platinum","0.9199122190475464","open","8","meta | Overture | Overture-signals","CDLA-Permissive-2.0","2026-04-27T00:00:00.000Z | 2026-06-11T11:57:15Z | 2026-05-12T00:29:08Z | 2026-05-18T13:23:54Z | 2026-05-25T13:08:59Z | 2026-06-01T13:20:32Z | 2026-06-08T13:20:12Z"
"NC","North Carolina","2bca9cdc-e77e-42b5-b8c3-0396f3b47c76","Wilmington Dental Excellence","-77.9277114268758","34.2039194578043","dentist","","1307 Medical Center Dr","Wilmington","28401","NC","US","(910) 763-0210","","https://www.wilmingtondentalexcellence.com","","","0.9199122190475464","open","5","Foursquare | Overture | Overture-signals","Apache-2.0 | CDLA-Permissive-2.0","2025-10-07T00:00:00.000 | 2026-06-11T11:57:15Z | 2026-05-12T00:29:08Z | 2026-05-18T13:23:54Z | 2026-05-25T13:08:59Z | 2026-06-01T13:20:32Z | 2026-06-08T13:20:12Z"
"NC","North Carolina","2bfa5cb6-6d1e-4ed2-b218-dff6da2f5977","Tedder Dan S DDS","-80.888899","35.701303","dentist","topic_concert_venue","124 Wagner St","Troutman","28166-9627","NC","US","+17045289811","","","https://www.facebook.com/162256777127669","","0.9014317989349365","","9","meta | Overture","CDLA-Permissive-2.0","2026-04-27T00:00:00.000Z | 2026-06-11T11:57:15Z"
"NC","North Carolina","2c1180d4-b6be-4fc4-9f8d-8c5239de62a9","Stedman Family Dental Center","-78.7166418","35.01809577","dentist","general_dentistry | medical_center","6540 Clinton Rd","Stedman","28391-8846","NC","US","+19104833150","om@swhs-nc.org","http://www.swhs-nc.org","https://www.facebook.com/154438704594589","Stedman-Wade Health Services Inc.","0.9199122190475464","open","9","meta | Overture | Overture-signals","CDLA-Permissive-2.0","2026-04-27T00:00:00.000Z | 2026-06-11T11:57:15Z | 2026-05-12T00:29:08Z | 2026-05-18T13:23:54Z | 2026-05-25T13:08:59Z | 2026-06-01T13:20:32Z | 2026-06-08T13:20:12Z"
"NC","North Carolina","2c1f31e3-9f88-48a8-92a1-95fd64f95235","Aspen Dental","-80.754036","35.309543","dentist","health_and_medical","8619 Jw Clay Blvd Ste 100","Charlotte","28262","NC","US","9809204873","","https://www.aspendental.com/pricing-offers/offers","","","0.97","","7","Microsoft | Overture","CDLA-Permissive-2.0","2025-10-04T12:57:48.073Z | 2026-06-11T11:57:15Z"
"NC","North Carolina","2c23ab2f-bf99-4524-ba99-f365b698dff9","Knightdale Dental Care","-78.481945","35.787662","dentist","","106 N 1st Ave","Knightdale","27545","NC","US","(919) 266-9286","","https://knightdaledentalcare.com","","","0.77","","6","Foursquare | Overture","Apache-2.0 | CDLA-Permissive-2.0","2025-12-09T00:00:00.000 | 2026-06-11T11:57:15Z"
"NC","North Carolina","2c25c515-a054-499e-b0ca-106a45a31bc0","Raleigh Implant and Family Dentistry","-78.63242656","35.8270149","dentist","general_dentistry | cosmetic_dentist","3340 Six Forks Rd","Raleigh","27609-7233","NC","US","+19197820548","raleighdds@hotmail.com","http://theraleighdentists.com/","https://www.facebook.com/195770077121309","Raleigh Implant and Family Dentistry","0.9199122190475464","open","9","meta | Overture | Overture-signals","CDLA-Permissive-2.0","2026-04-27T00:00:00.000Z | 2026-06-11T11:57:15Z | 2026-05-12T00:29:08Z | 2026-05-18T13:23:54Z | 2026-05-25T13:08:59Z | 2026-06-01T13:20:32Z | 2026-06-08T13:20:12Z"
"NC","North Carolina","2c6e562e-e8ab-450b-b11e-a7853b9f828b","Majestic Dentistry","-81.15662069","35.25188676","dentist","general_dentistry","825 Majestic Ct","Gastonia","28054-5186","NC","US","+17048646721","frontoffice@majesticdentistrync.com","https://www.majesticdentistrync.com/","https://www.facebook.com/1045939585261683","","0.9199122190475464","open","7","meta | Overture | Overture-signals","CDLA-Permissive-2.0","2026-04-27T00:00:00.000Z | 2026-06-11T11:57:15Z | 2026-05-12T00:29:08Z | 2026-05-18T13:23:54Z | 2026-05-25T13:08:59Z | 2026-06-01T13:20:32Z | 2026-06-08T13:20:12Z"
"NC","North Carolina","2c76e51e-9f02-4ded-bdb7-ad3f04b9f4ff","Asheboro Dental","-79.81011567","35.71023363","dentist","endodontist | medical_service_organizations","350 N Cox St","Asheboro","27203-5500","NC","US","+13366254216","info@asheborodentalcare.com","http://www.asheborodental.com","https://www.facebook.com/99419818209","Asheboro Dental","0.9722161889076233","","8","meta | Overture","CDLA-Permissive-2.0","2026-04-27T00:00:00.000Z | 2026-06-11T11:57:15Z"
"NC","North Carolina","2c877570-58b1-488b-8488-384437bda2e2","Falls Pointe Dentistry","-78.60011718","35.90550312","dentist","general_dentistry | doctor","9660 Falls of Neuse Rd","Raleigh","27615-2435","NC","US","+19196701036","fallspointedentistry@gmail.com","https://www.fallspointedentistry.com/","https://www.facebook.com/100652971345499","","0.9935566782951355","","9","meta | Overture","CDLA-Permissive-2.0","2026-04-27T00:00:00.000Z | 2026-06-11T11:57:15Z"
"NC","North Carolina","2c974248-6603-43d8-86a2-2d928e940abe","The Center for TMJ and Sleep Apnea","-80.7815011582755","35.1009444088116","dentist","","3111 Springbank Ln","Charlotte","28226","NC","US","(704) 220-1930","","http://www.tmjsleep.com","","","0.9199122190475464","open","4","Foursquare | Overture | Overture-signals","Apache-2.0 | CDLA-Permissive-2.0","2025-03-20T00:00:00.000 | 2026-06-11T11:57:15Z | 2026-05-12T00:29:08Z | 2026-05-18T13:23:54Z | 2026-05-25T13:08:59Z | 2026-06-01T13:20:32Z | 2026-06-08T13:20:12Z"
"NC","North Carolina","2cac419e-747b-42a1-8b08-41a384b2505f","Smile & Shine Dental Studio","-78.8495367049245","35.6626384098076","dentist","","137 Grand Hill Pl","Holly Springs","27540","NC","US","(919) 762-0711","","http://www.smileandshinedentalstudio.com","","","0.77","","5","Foursquare | Overture","Apache-2.0 | CDLA-Permissive-2.0","2023-11-21T00:00:00.000 | 2026-06-11T11:57:15Z"
"NC","North Carolina","2cb2559b-6d2e-4138-9698-9e3488dbd48f","Tolbert S C DDS PA","-78.9361425380909","35.0321966999573","dentist","","3419 Melrose Rd Unit C","Fayetteville","28304","NC","US","(910) 484-6116","cavinesstolbert@embarqmail.com","http://www.fayettevilleoralsurgery.com","https://www.facebook.com/381051751935529","","0.9199122190475464","open","4","Foursquare | Overture | Overture-signals","Apache-2.0 | CDLA-Permissive-2.0","2025-08-22T00:00:00.000 | 2026-06-11T11:57:15Z | 2026-05-12T00:29:08Z | 2026-05-18T13:23:54Z | 2026-05-25T13:08:59Z | 2026-06-01T13:20:32Z | 2026-06-08T13:20:12Z"
"NC","North Carolina","2cb60298-b92f-44e5-953b-f63c439c8b4b","G. Stephen Bell DDS","-81.8759460449219","35.3397674560547","dentist","","492 W Main St","Forest City","28043","NC","US","(828) 245-5462","","http://www.gstephenbell.com","","","0.9199122190475464","open","4","Foursquare | Overture | Overture-signals","Apache-2.0 | CDLA-Permissive-2.0","2025-08-22T00:00:00.000 | 2026-06-11T11:57:15Z | 2026-05-12T00:29:08Z | 2026-05-18T13:23:54Z | 2026-05-25T13:08:59Z | 2026-06-01T13:20:32Z | 2026-06-08T13:20:12Z"
"NC","North Carolina","2cdb2e3a-2e54-4c21-8e5c-8ee33b117705","Michael Cherry DDS","-78.9356924700107","36.0165611860522","dentist","","1106 Hillandale Rd","Durham","27705","NC","US","(919) 286-4486","","http://www.ncdentalboard.org","https://www.facebook.com/169189663097864","","0.77","","5","Foursquare | Overture","Apache-2.0 | CDLA-Permissive-2.0","2025-10-27T00:00:00.000 | 2026-06-11T11:57:15Z"
"NC","North Carolina","2cf60d00-29a4-40c2-be4d-81ba48ad2b37","Robert Kent and Associates","-78.6466497862392","35.8824880214235","dentist","","100 Sawmill Rd Ste 200","Raleigh","27615","NC","US","(919) 676-7846","","http://www.carolinabraces.com","","","0.77","","6","Foursquare | Overture","Apache-2.0 | CDLA-Permissive-2.0","2025-10-14T00:00:00.000 | 2026-06-11T11:57:15Z"
"NC","North Carolina","2d1e007b-5252-4717-9b69-4a32849fe728","Lincoln Dental Services","-81.23634362","35.46809466","dentist","general_dentistry | medical_service_organizations","111 Doctors Park","Lincolnton","28092-4407","NC","US","+17047352230","","https://www.kintegra.org/kintegra-family-dentistry-lincolnton","https://www.facebook.com/198233380819510","","0.9220925569534302","","8","meta | Overture","CDLA-Permissive-2.0","2026-04-27T00:00:00.000Z | 2026-06-11T11:57:15Z"
"NC","North Carolina","2d21fffa-a1f6-41a8-bc28-be61d5b2dceb","Catawba Creek Dental","-81.17331568","35.24593895","dentist","general_dentistry","1309 Union Rd","Gastonia","28054-5562","NC","US","+17049917227","info@catawbacreekdental.com","http://www.catawbacreekdental.com/","https://www.facebook.com/102633515210483","","0.9199122190475464","open","7","meta | Overture | Overture-signals","CDLA-Permissive-2.0","2026-04-27T00:00:00.000Z | 2026-06-11T11:57:15Z | 2026-05-12T00:29:08Z | 2026-05-18T13:23:54Z | 2026-05-25T13:08:59Z | 2026-06-01T13:20:32Z | 2026-06-08T13:20:12Z"
"NC","North Carolina","2d263d14-f635-47fe-ba17-4f1be7174a18","Dental Care on Ballentrae","-79.08713774","35.81393501","dentist","general_dentistry | health_and_medical","135 Ballentrae Ct","Pittsboro","27312-5541","NC","US","+19843157157","dconballentrae@mydentalmail.com","https://dentalcareonballentrae.com/","https://www.facebook.com/264874126701662","Dental Health Society online","0.9902192950248718","open","9","meta | Overture | Overture-signals","CDLA-Permissive-2.0","2026-04-27T00:00:00.000Z | 2026-06-11T11:57:15Z | 2026-05-12T00:29:08Z | 2026-05-18T13:23:54Z | 2026-05-25T13:08:59Z | 2026-06-01T13:20:32Z | 2026-06-08T13:20:12Z"
"NC","North Carolina","2d26cd62-6e40-4a19-9077-f00327d44f8e","Mcghee & Brandyberry","-80.073228","35.855562","dentist","accommodation | health_and_medical","1150 Randolph St","Thomasville","27360-5750","NC","US","+13364758181","","http://www.mcgheedentistry.com/","https://www.facebook.com/102017749847397","","0.6180835962295532","","2","meta | Overture","CDLA-Permissive-2.0","2026-04-27T00:00:00.000Z | 2026-06-11T11:57:15Z"
"NC","North Carolina","2d590be1-797e-4809-9bd8-9a416d3478de","Beacon Dental","-77.40326229","35.545011","dentist","general_dentistry | health_and_medical","124 Beacon Dr","Winterville","28590-5841","NC","US","+12526896919","beacondentalnc@gmail.com","https://www.beacondentalnc.com/","https://www.facebook.com/815935752128094","","0.9199122190475464","open","9","meta | Overture | Overture-signals","CDLA-Permissive-2.0","2026-04-27T00:00:00.000Z | 2026-06-11T11:57:15Z | 2026-05-12T00:29:08Z | 2026-05-18T13:23:54Z | 2026-05-25T13:08:59Z | 2026-06-01T13:20:32Z | 2026-06-08T13:20:12Z"
"NC","North Carolina","2d74d0ad-9add-48fc-85aa-5d1fbe6e73b1","Friendly Dental Group of Matthews Siskey","-80.72774483","35.08317127","dentist","medical_service_organizations | endodontist","3326 Siskey Pkwy","Matthews","28105-3225","NC","US","+17044439050","siskey@friendlydentalgroup.com","https://friendlydentalgroup.com/locations/siskey-matthews","https://www.facebook.com/1044547745566173","Friendly Dental Group of Ballantyne","0.9199122190475464","open","8","meta | Overture | Overture-signals","CDLA-Permissive-2.0","2026-04-27T00:00:00.000Z | 2026-06-11T11:57:15Z | 2026-05-12T00:29:08Z | 2026-05-18T13:23:54Z | 2026-05-25T13:08:59Z | 2026-06-01T13:20:32Z | 2026-06-08T13:20:12Z"
"NC","North Carolina","2d7ac764-d37f-49b7-af82-185c2896a1ec","Baker Family Dentistry","-80.6503949750647","35.1769729861126","dentist","","11349 Bain School Rd","Mint Hill","28227","NC","US","(704) 545-3109","info@bakerdentistry.com","https://www.bakerdentistry.com","https://www.facebook.com/1857032637863404","","0.9199122190475464","open","4","Foursquare | Overture | Overture-signals","Apache-2.0 | CDLA-Permissive-2.0","2025-10-01T00:00:00.000 | 2026-06-11T11:57:15Z | 2026-05-12T00:29:08Z | 2026-05-18T13:23:54Z | 2026-05-25T13:08:59Z | 2026-06-01T13:20:32Z | 2026-06-08T13:20:12Z"
"NC","North Carolina","2d7e1009-18e2-473b-b9e8-0946742644c2","Green Tree Endodontics","-80.31276","36.069523","dentist","endodontist","1400 Westgate Center Dr","Winston-Salem","27103-3104","NC","US","+13364480840","office@greentreeendo.com","https://www.greentreeendo.com","https://www.facebook.com/106888227529807","","0.9842143058776855","","7","meta | Overture","CDLA-Permissive-2.0","2026-04-27T00:00:00.000Z | 2026-06-11T11:57:15Z"
"NC","North Carolina","2d9ec2d3-ebee-424b-a344-c10f00828ecf","Duke Raleigh Hospital, a Campus of Duke University Hospital","-78.6179118","35.828722","dentist","hospital | health_and_medical","3400 Wake Forest Rd","Raleigh","27609","NC","US","9199543000","","https://www.dukehealth.org/hospitals/duke-raleigh-hospital/home?utm_source=bing&utm_medium=local&utm_campaign=evergreen","","","0.85","","5","Microsoft | Overture","CDLA-Permissive-2.0","2025-02-05T15:00:41.597Z | 2026-06-11T11:57:15Z"
"NC","North Carolina","2db77527-c2ba-495c-b0af-9d55390249bc","Bailey Peoples and Oghalai","-80.61032269","36.50424312","dentist","prosthodontist | hospital","123 Rawley Ave","Mt Airy","27030-3564","NC","US","+13367865636","chutchens@omfsurgeons.com","http://omfsurgeons.com","https://www.facebook.com/155197837852192","","0.9946620464324951","","9","meta | Overture","CDLA-Permissive-2.0","2026-04-27T00:00:00.000Z | 2026-06-11T11:57:15Z"
"NC","North Carolina","2df0d94a-b8b0-4ad2-9ccc-5dbf03427fba","Aspen Dental","-77.632807","36.424851","dentist","health_and_medical","310 Premier Blvd","Roanoke-Rapids","27870","NC","US","2525074954","","https://www.aspendental.com/dentist/nc/roanoke-rapids/310-premier-blvd","","","0.9902192950248718","open","6","Microsoft | Overture | Overture-signals","CDLA-Permissive-2.0","2025-02-15T05:11:22.910Z | 2026-06-11T11:57:15Z | 2026-05-12T00:29:08Z | 2026-05-18T13:23:54Z | 2026-05-25T13:08:59Z | 2026-06-01T13:20:32Z | 2026-06-08T13:20:12Z"
"NC","North Carolina","2e10ec99-3b8e-407f-a8f3-1bb4cd3c04a4","Friendly Dental Group of Gastonia","-81.13487594","35.26385179","dentist","orthodontist | health_and_medical","401 Cox Rd","Gastonia","28054-0604","NC","US","+17046712207","gastonia@friendlydentalgroup.com","https://friendlydentalgroup.com/","https://www.facebook.com/344463985612544","Friendly Dental Group of Ballantyne","0.9902192950248718","open","8","meta | Overture | Overture-signals","CDLA-Permissive-2.0","2026-04-27T00:00:00.000Z | 2026-06-11T11:57:15Z | 2026-05-12T00:29:08Z | 2026-05-18T13:23:54Z | 2026-05-25T13:08:59Z | 2026-06-01T13:20:32Z | 2026-06-08T13:20:12Z"
"NC","North Carolina","2e3123f7-6eb4-4884-b94f-eb1de550b960","Divine Dental","-80.63840566","35.32552183","dentist","general_dentistry | health_and_medical","3776 Highway 49 S","Harrisburg","28075","NC","US","+17045480870","marketing@divinedentaldrt.com","http://www.divinedentaldrt.com/","https://www.facebook.com/343497559051184","","0.9199122190475464","open","8","meta | Overture | Overture-signals","CDLA-Permissive-2.0","2026-04-27T00:00:00.000Z | 2026-06-11T11:57:15Z | 2026-05-12T00:29:08Z | 2026-05-18T13:23:54Z | 2026-05-25T13:08:59Z | 2026-06-01T13:20:32Z | 2026-06-08T13:20:12Z"
"NC","North Carolina","2e40318d-c52e-4941-9d76-1d327a513166","Arden Family Dentistry","-82.52480964","35.48012991","dentist","general_dentistry | health_and_medical","2159 Hendersonville Rd","Asheville","28704-9719","NC","US","+18286760065","office@ardenfamilydentistry.com","https://ardenfamilydentistry.com/","https://www.facebook.com/263256132202140","","0.9199122190475464","open","10","meta | Overture | Overture-signals","CDLA-Permissive-2.0","2026-04-27T00:00:00.000Z | 2026-06-11T11:57:15Z | 2026-05-12T00:29:08Z | 2026-05-18T13:23:54Z | 2026-05-25T13:08:59Z | 2026-06-01T13:20:32Z | 2026-06-08T13:20:12Z"
"NC","North Carolina","2e4f2139-3fe0-476e-b0f6-f08bc19f041b","Dr. Sylvana Chimenti","-80.780206","35.095926","dentist","","8128 Providence Rd","Charlotte","28277-9718","NC","US","+17045503980","sylvanadds@icloud.com","https://elitedentaldentist.com/appointments/","https://www.facebook.com/166223142178369","","0.6710063219070435","","7","meta | Overture","CDLA-Permissive-2.0","2026-04-27T00:00:00.000Z | 2026-06-11T11:57:15Z"
"NC","North Carolina","2e5f3632-5473-4fba-aefb-cf5c14a18a6b","Douglass Family Dentistry","-78.87864628","35.06811211","dentist","general_dentistry","101 Wall St","Fayetteville","28301-4761","NC","US","+19103238254","info@douglassdentistry.com","http://douglassdentistry.com/","https://www.facebook.com/104625564954715","Douglass Family Dentistry","0.9199122190475464","open","8","meta | Overture | Overture-signals","CDLA-Permissive-2.0","2026-04-27T00:00:00.000Z | 2026-06-11T11:57:15Z | 2026-05-12T00:29:08Z | 2026-05-18T13:23:54Z | 2026-05-25T13:08:59Z | 2026-06-01T13:20:32Z | 2026-06-08T13:20:12Z"
"NC","North Carolina","2e6353fb-4846-4360-90e3-88a6f3ac781b","Miles and Michael Dentistry","-77.91059276","34.23884886","dentist","health_and_medical | medical_service_organizations","2802 Market St","Wilmington","28403-1220","NC","US","+19108150811","smilesdds@bizec.rr.com","http://www.milesandmichaeldentistry.com/","https://www.facebook.com/141411119236121","","0.9199122190475464","open","4","meta | Overture | Overture-signals","CDLA-Permissive-2.0","2026-04-27T00:00:00.000Z | 2026-06-11T11:57:15Z | 2026-05-12T00:29:08Z | 2026-05-18T13:23:54Z | 2026-05-25T13:08:59Z | 2026-06-01T13:20:32Z | 2026-06-08T13:20:12Z"
"NC","North Carolina","2e8e8bcd-7a33-4f59-9622-7cacf0575e2a","Dr. William Gierie Ii DDS","-77.832832","34.220113","dentist","health_and_medical | medical_service_organizations","1650 Military Cutoff Rd","Wilmington","28403-5720","NC","US","+19102568590","","www.gobraces.net","https://www.facebook.com/166157444233760","","0.5035586357116699","","7","meta | Overture","CDLA-Permissive-2.0","2026-04-27T00:00:00.000Z | 2026-06-11T11:57:15Z"
"NC","North Carolina","2eb79b78-a1e1-4a42-9bdd-ddae34cf61e1","OIC Dental Center","-77.80070194","35.94634257","dentist","general_dentistry | medical_center","300 N Grace St","Rocky Mount","27804-5300","NC","US","+12522109873","info@oicone.org","http://www.oicone.org","https://www.facebook.com/797776103684280","","0.8786351084709167","","9","meta | Overture","CDLA-Permissive-2.0","2026-04-27T00:00:00.000Z | 2026-06-11T11:57:15Z"
"NC","North Carolina","2ec16d99-a71a-46f5-8f30-6208b5ab6d73","Better Sleep Carolina","-79.082555","36.056019","dentist","","603 Hampton Point","Hillsborough","27278","NC","US","+19842289510","","https://bettersleepcarolina.com/","","","0.9199122190475464","open","8","DAC | Overture | Overture-signals","CDLA-Permissive-2.0","2026-06-10T16:03:35.911Z | 2026-06-11T11:57:15Z | 2026-05-12T00:29:08Z | 2026-05-18T13:23:54Z | 2026-05-25T13:08:59Z | 2026-06-01T13:20:32Z | 2026-06-08T13:20:12Z"
"NC","North Carolina","2f0dc53b-376b-46fc-88d3-9dd86ea66640","Paul Hunter Cloninger","-81.3659527944388","35.386203800894","dentist","","1015 E Church St","Cherryville","28021","NC","US","(704) 435-6916","meg@cloningerdentistry.com","http://engineeringyoursmile.com/practice/dr-cloninger","https://www.facebook.com/140613839303816","","0.9199122190475464","open","4","Foursquare | Overture | Overture-signals","Apache-2.0 | CDLA-Permissive-2.0","2025-08-22T00:00:00.000 | 2026-06-11T11:57:15Z | 2026-05-12T00:29:08Z | 2026-05-18T13:23:54Z | 2026-05-25T13:08:59Z | 2026-06-01T13:20:32Z | 2026-06-08T13:20:12Z"
"NC","North Carolina","2f1eb6ba-0a24-44c1-b2de-15da731e45ea","Village Family Dental","-78.78781598","35.09361217","dentist","pediatric_dentist | orthodontist","3551 Dunn Rd","Eastover","28312-9416","NC","US","+19104370232","eosched@vfdental.com","http://www.vfdental.com/","https://www.facebook.com/323970307751173","VFDental","0.9199122190475464","open","9","meta | Overture | Overture-signals","CDLA-Permissive-2.0","2026-04-27T00:00:00.000Z | 2026-06-11T11:57:15Z | 2026-05-12T00:29:08Z | 2026-05-18T13:23:54Z | 2026-05-25T13:08:59Z | 2026-06-01T13:20:32Z | 2026-06-08T13:20:12Z"
"NC","North Carolina","2f26ac41-e78e-4199-b103-40ed4a086f77","Reedy Creek Family and Cosmetic Dentistry","-78.76039199","35.79639061","dentist","cosmetic_dentist | general_dentistry","7722 Chapel Hill Rd","Cary","27513-6256","NC","US","+19198597006","frontdesk@reedycreekdental.com","https://www.reedycreekdental.com/","https://www.facebook.com/107551091113079","","0.970410168170929","","10","meta | Overture","CDLA-Permissive-2.0","2026-04-27T00:00:00.000Z | 2026-06-11T11:57:15Z"
"NC","North Carolina","2f353683-09e8-4a62-8c20-aea0f1054beb","Pabst Mark D DDS","-77.3549963","35.57781716","dentist","general_dentistry","2799 Charles Blvd","Greenville","27858-5933","NC","US","+12523552300","office@drswilliamsandpabst.com","http://www.drswilliamsandpabst.com/","https://www.facebook.com/692737807413952","Dr. Billy Williams","0.9789676070213318","","2","meta | Overture","CDLA-Permissive-2.0","2026-04-27T00:00:00.000Z | 2026-06-11T11:57:15Z"
