"state_code","state","id","name","longitude","latitude","primary_category","alternate_categories","address","locality","postcode","region","country","phones","emails","websites","socials","brand","confidence","operating_status","version","source_datasets","source_licenses","source_update_times"
"NJ","New Jersey","0012d106-7cf3-4183-bbb6-1b957f85c40a","Woodcliff Family Dental","-74.04104017","41.01579441","dentist","general_dentistry","62 Broadway","Woodcliff Lake","07677-8081","NJ","US","+12017469577","info@woodclifffamilydental.com","http://www.woodclifffamilydental.com/","https://www.facebook.com/428128364701825","","0.9902192950248718","open","9","meta | Overture | Overture-signals","CDLA-Permissive-2.0","2026-04-27T00:00:00.000Z | 2026-06-11T11:57:15Z | 2026-05-12T00:29:08Z | 2026-05-18T13:23:54Z | 2026-05-25T13:08:59Z | 2026-06-01T13:20:32Z | 2026-06-08T13:20:12Z"
"NJ","New Jersey","00462610-7345-43f1-8d3a-d6f44b4f3d24","Medford Family Dental Care","-74.81194","39.84954","dentist","cosmetic_dentist | orthodontist","308 Tuckerton Rd","Medford","08055-8666","NJ","US","+16097142273","mfdc1@verizon.net","http://medfordfamilydentalcare.com/","https://www.facebook.com/104540661781537","Medford Family Dental Care","0.9726104736328125","","7","meta | Overture","CDLA-Permissive-2.0","2026-04-27T00:00:00.000Z | 2026-06-11T11:57:15Z"
"NJ","New Jersey","00483414-4008-45a9-862c-58ad557355b8","Barton Orthodontics","-74.230857","40.413128","dentist","health_and_medical","160 Main St","Matawan","07747","NJ","US","7327571821","","http://www.bartonortho.com/","","","0.9199122190475464","open","6","Microsoft | Overture | Overture-signals","CDLA-Permissive-2.0","2013-10-22T04:50:41.730Z | 2026-06-11T11:57:15Z | 2026-05-12T00:29:08Z | 2026-05-18T13:23:54Z | 2026-05-25T13:08:59Z | 2026-06-01T13:20:32Z | 2026-06-08T13:20:12Z"
"NJ","New Jersey","005428dc-751b-431d-8fe2-144c87e89880","Wendy A Wardle Dmd","-74.4424691469937","40.8780414061745","dentist","","115 US Highway 46 Ste C18","Mountain Lakes","07046","NJ","US","(973) 402-9090","toothdrw@optonline.net","https://www.wendywardledmd.com/wendy-a-wardle-dmd.html","https://www.facebook.com/728212310612861","","0.9199122190475464","open","4","Foursquare | Overture | Overture-signals","Apache-2.0 | CDLA-Permissive-2.0","2025-08-20T00:00:00.000 | 2026-06-11T11:57:15Z | 2026-05-12T00:29:08Z | 2026-05-18T13:23:54Z | 2026-05-25T13:08:59Z | 2026-06-01T13:20:32Z | 2026-06-08T13:20:12Z"
"NJ","New Jersey","009e3fc9-4971-4de0-b66e-9003656106ff","Castle Family Dentistry","-75.0084004","40.7497625","dentist","pediatric_dentist | health_and_medical","413 NJ-57","Washington","07882","NJ","US","+19086890911","castlefamilydentistry@gmail.com","http://www.castlefamilydentistry.com/","https://www.facebook.com/157840221260232","","0.9199122190475464","open","7","meta | Overture | Overture-signals","CDLA-Permissive-2.0","2026-04-27T00:00:00.000Z | 2026-06-11T11:57:15Z | 2026-05-12T00:29:08Z | 2026-05-18T13:23:54Z | 2026-05-25T13:08:59Z | 2026-06-01T13:20:32Z | 2026-06-08T13:20:12Z"
"NJ","New Jersey","00b2023e-bf51-4e22-a25a-a27e6157d756","Kind Dental","-74.3951538232864","40.6518013224066","dentist","","1949 Westfield Ave","Scotch Plains","07076","NJ","US","(908) 322-1200","","https://kinddentalnj.com","","","0.77","","5","Foursquare | Overture","Apache-2.0 | CDLA-Permissive-2.0","2026-01-29T00:00:00.000 | 2026-06-11T11:57:15Z"
"NJ","New Jersey","00bde38f-dad1-4fcd-8f33-001ca00729ed","Good Health & Dentistry","-75.1857465321709","40.6906273383596","dentist","","250 Heckman St","Phillipsburg","08865","NJ","US","(908) 454-0977","","http://goodhealthdentistry.net","","","0.9199122190475464","open","4","Foursquare | Overture | Overture-signals","Apache-2.0 | CDLA-Permissive-2.0","2025-06-26T00:00:00.000 | 2026-06-11T11:57:15Z | 2026-05-12T00:29:08Z | 2026-05-18T13:23:54Z | 2026-05-25T13:08:59Z | 2026-06-01T13:20:32Z | 2026-06-08T13:20:12Z"
"NJ","New Jersey","00c68e6b-6660-4308-91fa-44e0250c5c27","NJ Center for Dental Sleep Medicine","-74.30465","40.85355","dentist","general_dentistry","1019 Bloomfield Ave","West Caldwell Twp","07006-7140","NJ","US","+19732442424","jdb@njlcd.com","https://www.drdalbon.com/procedures/snoring-sleep-apnea/","https://www.facebook.com/112676867734764","The New Jersey Center For Laser And Cosmetic Dentistry","0.7891356945037842","","9","meta | Overture","CDLA-Permissive-2.0","2026-04-27T00:00:00.000Z | 2026-06-11T11:57:15Z"
"NJ","New Jersey","00d74311-f103-4f5a-885a-5e00ce7a02f4","Summit Dentist","-74.35567068","40.72010183","dentist","general_dentistry | cosmetic_dentist","137 Summit Ave","Summit","07901-2800","NJ","US","+19086984229","summitdentist@summitdentist.com","https://summitdentist.com/","https://www.facebook.com/102442043167327","Summit Dentist","0.9902192950248718","open","9","meta | Overture | Overture-signals","CDLA-Permissive-2.0","2026-04-27T00:00:00.000Z | 2026-06-11T11:57:15Z | 2026-05-12T00:29:08Z | 2026-05-18T13:23:54Z | 2026-05-25T13:08:59Z | 2026-06-01T13:20:32Z | 2026-06-08T13:20:12Z"
"NJ","New Jersey","00d97ea1-1db3-4fe7-a5af-452d5f6110dc","Zufall Health - West Orange","-74.244575","40.775724","dentist","hospital | health_and_medical","95 Northfield Ave","West Orange","07052-4731","NJ","US","+19733252273","","http://zufallhealth.org","https://www.facebook.com/1746957542197394","Zufall Health","0.9913612008094788","","10","meta | Overture","CDLA-Permissive-2.0","2026-04-27T00:00:00.000Z | 2026-06-11T11:57:15Z"
"NJ","New Jersey","00db5f21-c929-45e3-b756-4c6a7384e9f4","Constandelis Dental","-74.17974629","40.88318688","dentist","general_dentistry | doctor","465 Valley Rd","Clifton","07013-2234","NJ","US","+19736841078","constandelisdental@gmail.com","https://www.constandelisdental.com/","https://www.facebook.com/379897455414238","","0.992492139339447","","9","meta | Overture","CDLA-Permissive-2.0","2026-04-27T00:00:00.000Z | 2026-06-11T11:57:15Z"
"NJ","New Jersey","00e234ee-4412-448f-ad48-2a712753126f","Legacy Dental","-74.37559219","40.53516022","dentist","cosmetic_dentist | general_dentistry","38 Bridge St","Metuchen","08840-2277","NJ","US","+17325490173","","http://NJLegacyDental.com/","https://www.facebook.com/102311068546351","","0.9902192950248718","open","8","meta | Overture | Overture-signals","CDLA-Permissive-2.0","2026-04-27T00:00:00.000Z | 2026-06-11T11:57:15Z | 2026-05-12T00:29:08Z | 2026-05-18T13:23:54Z | 2026-05-25T13:08:59Z | 2026-06-01T13:20:32Z | 2026-06-08T13:20:12Z"
"NJ","New Jersey","00e9b26a-1d9a-4771-b871-e8ed13d5a000","David Wakslak","-74.2202689938697","40.1060754259053","dentist","","402 W County Line Rd","Lakewood","08701","NJ","US","(732) 370-4204","","http://madison-dental.net","","","0.9199122190475464","open","4","Foursquare | Overture | Overture-signals","Apache-2.0 | CDLA-Permissive-2.0","2025-05-01T00:00:00.000 | 2026-06-11T11:57:15Z | 2026-05-12T00:29:08Z | 2026-05-18T13:23:54Z | 2026-05-25T13:08:59Z | 2026-06-01T13:20:32Z | 2026-06-08T13:20:12Z"
"NJ","New Jersey","00e9fe0f-cd0a-4580-ae6f-41eb4225a0b4","Woo Dental","-74.04585874","40.75088226","dentist","general_dentistry","472 Central Ave","Jersey City","07307-2611","NJ","US","+15512983878","wdentalnj@gmail.com","http://www.wdentalnj.com/","https://www.facebook.com/100816505625819","","0.9902192950248718","open","9","meta | Overture | Overture-signals","CDLA-Permissive-2.0","2026-04-27T00:00:00.000Z | 2026-06-11T11:57:15Z | 2026-05-12T00:29:08Z | 2026-05-18T13:23:54Z | 2026-05-25T13:08:59Z | 2026-06-01T13:20:32Z | 2026-06-08T13:20:12Z"
"NJ","New Jersey","00ebd65b-fd3d-45db-b900-600825d541ae","TeamDental Swedesboro","-75.3264408","39.7399576","dentist","general_dentistry | health_and_medical","300 Lexington Rd","Swedesboro","08085-1278","NJ","US","+18568889310","swedesboro@team-dental.com","https://team-dental.com/","https://www.facebook.com/333682930071487","TeamDental Swedesboro","0.9988567596673965","open","10","meta | Overture | Overture-signals","CDLA-Permissive-2.0","2026-04-27T00:00:00.000Z | 2026-06-11T11:57:15Z | 2026-06-08T13:20:12Z"
"NJ","New Jersey","00f5717d-d935-4259-a504-cf8c8bb4d8cc","Vizstara","-73.95415442","40.87307274","dentist","periodontist | hospital","300 Sylvan Ave","Englewood Cliffs","07632-2525","NJ","US","+12018164000","nelian@vizstara.com","http://www.vizstaraprofessional.com/","https://www.facebook.com/135604626477345","","0.9902192950248718","open","7","meta | Overture | Overture-signals","CDLA-Permissive-2.0","2026-04-27T00:00:00.000Z | 2026-06-11T11:57:15Z | 2026-05-12T00:29:08Z | 2026-05-18T13:23:54Z | 2026-05-25T13:08:59Z | 2026-06-01T13:20:32Z | 2026-06-08T13:20:12Z"
"NJ","New Jersey","010110ef-a074-4e69-9650-8f30ddd00597","Robert Leung DDS","-74.07831294","40.86165577","dentist","general_dentistry | cosmetic_dentist","208 Boulevard","Hasbrouck Heights","07604-1839","NJ","US","+12012885619","drrleung@aol.com","http://www.drrobertleung.com/","https://www.facebook.com/188936941148730","Robert Leung DDS","0.9199122190475464","open","8","meta | Overture | Overture-signals","CDLA-Permissive-2.0","2026-04-27T00:00:00.000Z | 2026-06-11T11:57:15Z | 2026-05-12T00:29:08Z | 2026-05-18T13:23:54Z | 2026-05-25T13:08:59Z | 2026-06-01T13:20:32Z | 2026-06-08T13:20:12Z"
"NJ","New Jersey","013531f7-99c0-434d-94c2-686e881951ba","Jeffrey M Doblin - Main Street Dental","-75.2178918107688","39.722709478507","dentist","","1 Wheatley Blvd","Mullica Hill","08062","NJ","US","(856) 223-0041","","http://mainstreetdental.us","","","0.77","","5","Foursquare | Overture","Apache-2.0 | CDLA-Permissive-2.0","2025-02-06T00:00:00.000 | 2026-06-11T11:57:15Z"
"NJ","New Jersey","014e02bd-8480-489d-aef1-45c888f5c8b4","Angel Smiles","-74.15369857","40.75739813","dentist","general_dentistry","157 Kearny Ave","Kearny","07032-2407","NJ","US","+12019914321","","http://theangelsmiles.com","https://www.facebook.com/531925813592145","","0.9199122190475464","open","6","meta | Overture | Overture-signals","CDLA-Permissive-2.0","2026-04-27T00:00:00.000Z | 2026-06-11T11:57:15Z | 2026-05-12T00:29:08Z | 2026-05-18T13:23:54Z | 2026-05-25T13:08:59Z | 2026-06-01T13:20:32Z | 2026-06-08T13:20:12Z"
"NJ","New Jersey","015789b4-3258-4a87-a6cd-6881c1a5b6c6","Avery Benjamin J DDS","-75.16446519","40.67648999","dentist","doctor | health_and_medical","1230 S Main St","Phillipsburg","08865-3731","NJ","US","+19083879170","","","https://www.facebook.com/136389526410848","","0.937964141368866","","7","meta | Overture","CDLA-Permissive-2.0","2026-04-27T00:00:00.000Z | 2026-06-11T11:57:15Z"
"NJ","New Jersey","015cd911-a515-4c37-9113-e6dd4396d68e","Bayside Family Dentistry","-74.95411319","38.98610064","dentist","general_dentistry","204 Town Bank Rd","Lower Twp","08204-2942","NJ","US","+16098865255","","http://baysidefamilydentistryofcapemay.com","https://www.facebook.com/221949048321151","Bayside Family Dentistry","0.9199122190475464","open","9","meta | Overture | Overture-signals","CDLA-Permissive-2.0","2026-04-27T00:00:00.000Z | 2026-06-11T11:57:15Z | 2026-05-12T00:29:08Z | 2026-05-18T13:23:54Z | 2026-05-25T13:08:59Z | 2026-06-01T13:20:32Z | 2026-06-08T13:20:12Z"
"NJ","New Jersey","0194dbc4-5df5-437f-b772-e29d659a4d4a","Princeton Endodontics","-74.6594420865205","40.3703665391076","dentist","","601 Ewing St","Princeton","08540","NJ","US","(609) 497-1188","info@princetonendodontics.net","http://www.princetondentalimplants.com","","","0.77","","9","Foursquare | Overture","Apache-2.0 | CDLA-Permissive-2.0","2025-03-10T00:00:00.000 | 2026-06-11T11:57:15Z"
"NJ","New Jersey","01af3797-2092-4820-b835-2c56e414ee42","Eastern Orthodontics","-74.2499638542472","39.9805229112206","dentist","","1228 Route 37 W","Toms River","08755","NJ","US","(732) 286-0464","","https://www.easterndental.com","","","0.77","","5","Foursquare | Overture","Apache-2.0 | CDLA-Permissive-2.0","2025-08-19T00:00:00.000 | 2026-06-11T11:57:15Z"
"NJ","New Jersey","01f54698-93d2-4c4b-9b3f-95626b6434ee","Odontologia maría paz rozo","-74.0334047","40.8751443","dentist","orthodontist | hospital","","Bogota","","NJ","US","+13204530119","","https://api.whatsapp.com/send?phone=573204530119&text=Agenda+tu+cita","https://www.facebook.com/1777992615831044","","0.5625362396240234","","7","meta | Overture","CDLA-Permissive-2.0","2026-04-27T00:00:00.000Z | 2026-06-11T11:57:15Z"
"NJ","New Jersey","02066ae3-42a1-4993-869d-b5ae7403647f","Children's Dental Associates","-74.9999432058596","39.7479565493474","dentist","","1602 Liberty Pl","Sicklerville","08081","NJ","US","(856) 629-0577","loveyorki@yahoo.com","http://kids4smile.com","https://www.facebook.com/895800523795546","","0.9199122190475464","open","4","Foursquare | Overture | Overture-signals","Apache-2.0 | CDLA-Permissive-2.0","2022-02-10T00:00:00.000 | 2026-06-11T11:57:15Z | 2026-05-12T00:29:08Z | 2026-05-18T13:23:54Z | 2026-05-25T13:08:59Z | 2026-06-01T13:20:32Z | 2026-06-08T13:20:12Z"
"NJ","New Jersey","0219afad-ed09-4982-b6b2-2f5d1eaf5e8d","Advanced Dental Techniques","-74.24468488","40.96018457","dentist","periodontist | cosmetic_dentist","1211 Hamburg Tpke","Wayne","07470-5000","NJ","US","+19736942835","patientcare.adt@optimum.net","http://www.advanceddentaltechniques.com/","https://www.facebook.com/251945324924780","Advanced Dental Techniques","0.9199122190475464","open","8","meta | Overture | Overture-signals","CDLA-Permissive-2.0","2026-04-27T00:00:00.000Z | 2026-06-11T11:57:15Z | 2026-05-12T00:29:08Z | 2026-05-18T13:23:54Z | 2026-05-25T13:08:59Z | 2026-06-01T13:20:32Z | 2026-06-08T13:20:12Z"
"NJ","New Jersey","02246bdf-da1b-4ac6-abaf-3aa0370d8bc9","Family Union Dental Practice","-74.03115834","40.76974609","dentist","general_dentistry","2713 Bergenline Ave","Union City","07087-3786","NJ","US","+12018651353","ddsjuanm@gmail.com","http://familyuniondentalnj.com/","https://www.facebook.com/360232667415150","Family Union Dental Practice","0.9199122190475464","open","9","meta | Overture | Overture-signals","CDLA-Permissive-2.0","2026-04-27T00:00:00.000Z | 2026-06-11T11:57:15Z | 2026-05-12T00:29:08Z | 2026-05-18T13:23:54Z | 2026-05-25T13:08:59Z | 2026-06-01T13:20:32Z | 2026-06-08T13:20:12Z"
"NJ","New Jersey","023742a4-8e96-4c22-9988-95d3ae3cf852","Apex Endodontics","-74.449304","40.781757","dentist","endodontist | health_and_medical","310 Madison Ave","Morristown","07960-6582","NJ","US","+19735385660","apexendonj@gmail.com","http://www.apexendodonticsllc.com","https://www.facebook.com/150503155027372","Apex Endodontics","0.9153534173965454","","9","meta | Overture","CDLA-Permissive-2.0","2026-04-27T00:00:00.000Z | 2026-06-11T11:57:15Z"
"NJ","New Jersey","0271c918-9159-4a7a-9f7f-da27787330c5","Tailor-Made Smiles by Sonia Tailor DDS","-74.11934255","40.8392732","dentist","cosmetic_dentist | general_dentistry","455 Union Ave","Rutherford","07070-1418","NJ","US","+12015540211","info@tailormadesmilesnj.com","https://www.tailormadesmilesnj.com/","https://www.facebook.com/381589918567158","Tailor-Made Smiles by Dr Sonia Tailor","0.997612119525671","","10","meta | Overture","CDLA-Permissive-2.0","2026-04-27T00:00:00.000Z | 2026-06-11T11:57:15Z"
"NJ","New Jersey","0286281a-0df8-464d-baef-ed4900a2e4c7","Fairfield Family Dental Care","-74.3000964174159","40.8777633117315","dentist","endodontist | doctor","271 US Highway 46","Fairfield","07004-2400","NJ","US","+19732270861","contactus@fairfieldfamilydentalcare.com","http://www.fairfieldfamilydentalcare.com/","https://www.facebook.com/178340042191177","Fairfield Family Dental Care","0.8929947018623352","","7","meta | Overture","CDLA-Permissive-2.0","2026-04-27T00:00:00.000Z | 2026-06-11T11:57:15Z"
"NJ","New Jersey","02987739-c7b4-452c-b839-950bce41e4a8","General Dentistry Associates","-74.2783253735358","40.2570069484129","dentist","","84 W Main St","Freehold","07728","NJ","US","(732) 462-1631","nawdds@hotmail.com","https://www.nelsonwollekdds.com","https://www.facebook.com/134117453306340","","0.9199122190475464","open","4","Foursquare | Overture | Overture-signals","Apache-2.0 | CDLA-Permissive-2.0","2023-01-21T00:00:00.000 | 2026-06-11T11:57:15Z | 2026-05-12T00:29:08Z | 2026-05-18T13:23:54Z | 2026-05-25T13:08:59Z | 2026-06-01T13:20:32Z | 2026-06-08T13:20:12Z"
"NJ","New Jersey","029ed40c-037d-48cd-8e9c-b8265cead96f","Plainsboro Dental Care","-74.59860061","40.33358398","dentist","general_dentistry","422 Plainsboro Rd","Plainsboro","08536-1910","NJ","US","+16097994422","plainsborodentalcare@gmail.com","https://www.plainsborodentalcare.com/","https://www.facebook.com/108709578154383","Plainsboro Dental Care","0.9902192950248718","open","9","meta | Overture | Overture-signals","CDLA-Permissive-2.0","2026-04-27T00:00:00.000Z | 2026-06-11T11:57:15Z | 2026-05-12T00:29:08Z | 2026-05-18T13:23:54Z | 2026-05-25T13:08:59Z | 2026-06-01T13:20:32Z | 2026-06-08T13:20:12Z"
"NJ","New Jersey","02a76f9c-864a-4d2a-8468-84cf3519fb27","Penelope Chang, DDS","-73.96146149","40.9169485","dentist","general_dentistry | medical_service_organizations","2 Westervelt Ave","Tenafly","07670-2726","NJ","US","+12015684568","smile@pchangdds.com","http://www.pchangdds.com/","https://www.facebook.com/435261897004296","","0.9199122190475464","open","7","meta | Overture | Overture-signals","CDLA-Permissive-2.0","2026-04-27T00:00:00.000Z | 2026-06-11T11:57:15Z | 2026-05-12T00:29:08Z | 2026-05-18T13:23:54Z | 2026-05-25T13:08:59Z | 2026-06-01T13:20:32Z | 2026-06-08T13:20:12Z"
"NJ","New Jersey","02baaf0c-24ce-4a5b-879a-49fd3916b2da","Beautiful Smiles of NJ","-74.053253531456","40.117177793995","dentist","","147 Union Ave","Manasquan","08736-3648","NJ","US","+17324035287","","http://www.beautifulsmilesofnj.com/","https://www.facebook.com/220614104472756","","0.9961760377287865","","8","meta | Overture","CDLA-Permissive-2.0","2026-04-27T00:00:00.000Z | 2026-06-11T11:57:15Z"
"NJ","New Jersey","02dc3429-ef6c-4da2-9e7b-e7e0714a104f","Mark J Berkowitz DDS","-74.24219103","40.38143778","dentist","general_dentistry","459 State Route 79","Morganville","07751-9700","NJ","US","+17325911112","","","https://www.facebook.com/470058443154241","","0.9199122190475464","open","9","meta | Overture | Overture-signals","CDLA-Permissive-2.0","2026-04-27T00:00:00.000Z | 2026-06-11T11:57:15Z | 2026-05-12T00:29:08Z | 2026-05-18T13:23:54Z | 2026-05-25T13:08:59Z | 2026-06-01T13:20:32Z | 2026-06-08T13:20:12Z"
"NJ","New Jersey","02ff245b-d88a-4380-96a0-17171eb24c3b","Associated Dental Group PA","-74.4245241439868","40.6947656286707","dentist","","1806 Springfield Ave Ste 4","New Providence","07974","NJ","US","(908) 464-7007","","http://www.associated-dental.com","","","0.9199122190475464","open","4","Foursquare | Overture | Overture-signals","Apache-2.0 | CDLA-Permissive-2.0","2025-08-05T00:00:00.000 | 2026-06-11T11:57:15Z | 2026-05-12T00:29:08Z | 2026-05-18T13:23:54Z | 2026-05-25T13:08:59Z | 2026-06-01T13:20:32Z | 2026-06-08T13:20:12Z"
"NJ","New Jersey","0330f4cf-2da5-466c-8869-36e3d88d9745","Dental Solutions of Deptford","-75.11139506","39.83121829","dentist","general_dentistry","1450 Clements Bridge Rd","Deptford Twp","08096-3067","NJ","US","+18563751414","noreply@reputation.com","https://dentalsolutionscreatingsmiles.com/dentist-office/deptford-nj-08096?utm_source=Google&utm_medium=KnowledgePanel&utm_campaign=Website","https://www.facebook.com/1649287388667837","Dental Solutions","0.9902192950248718","open","9","meta | Overture | Overture-signals","CDLA-Permissive-2.0","2026-04-27T00:00:00.000Z | 2026-06-11T11:57:15Z | 2026-05-12T00:29:08Z | 2026-05-18T13:23:54Z | 2026-05-25T13:08:59Z | 2026-06-01T13:20:32Z | 2026-06-08T13:20:12Z"
"NJ","New Jersey","03548180-333d-4da2-a927-5a06817cec30","iSmile Dental Associates","-73.99551886","40.93038437","dentist","general_dentistry | cosmetic_dentist","22 N Washington Ave","Bergenfield","07621","NJ","US","+12013047273","ismiledentalnj@gmail.com","http://ismiledentalnj.com/","https://www.facebook.com/340257362800518","","0.9914063215255737","","1","meta | Overture","CDLA-Permissive-2.0","2026-04-27T00:00:00.000Z | 2026-06-11T11:57:15Z"
"NJ","New Jersey","0372bca7-ab42-4fc1-ab33-924c13ea2388","Washington Family Dentistry and Orthodontics","-73.99547588","40.92914086","dentist","general_dentistry | orthodontist","35 N Washington Ave","Bergenfield","07621-2118","NJ","US","+12013741686","nwashingtonfamilydental@gmail.com","http://www.bergenfamilydental.com/","https://www.facebook.com/1427564037455294","Washington Family Dentistry and Orthodontics Bergenfield NJ","0.9199122190475464","open","8","meta | Overture | Overture-signals","CDLA-Permissive-2.0","2026-04-27T00:00:00.000Z | 2026-06-11T11:57:15Z | 2026-05-12T00:29:08Z | 2026-05-18T13:23:54Z | 2026-05-25T13:08:59Z | 2026-06-01T13:20:32Z | 2026-06-08T13:20:12Z"
"NJ","New Jersey","037531d9-65f0-4fcc-b549-0f7baf47e801","Dr. Liza Dimedio, DMD","-74.51064325","40.37408339","dentist","general_dentistry","338 Georges Rd","South Brunswick Twp","08810-1546","NJ","US","+17323293113","drforrester@levinedentist.com","http://BocaDentique.com/","https://www.facebook.com/2369191376648737","","0.9199122190475464","open","6","meta | Overture | Overture-signals","CDLA-Permissive-2.0","2026-04-27T00:00:00.000Z | 2026-06-11T11:57:15Z | 2026-05-12T00:29:08Z | 2026-05-18T13:23:54Z | 2026-05-25T13:08:59Z | 2026-06-01T13:20:32Z | 2026-06-08T13:20:12Z"
"NJ","New Jersey","03847d2b-c9a8-4746-93f4-14e1b9656000","Michael T. Ward","-74.73281897","41.04289223","dentist","general_dentistry","61 Newton Sparta Rd","Newton","07860-2811","NJ","US","+19733837200","wardfrontdesk@gmail.com","http://www.spartadentist.com/","https://www.facebook.com/643225775749993","Dr. Michael T. Ward, DMD","0.9199122190475464","open","8","meta | Overture | Overture-signals","CDLA-Permissive-2.0","2026-04-27T00:00:00.000Z | 2026-06-11T11:57:15Z | 2026-05-12T00:29:08Z | 2026-05-18T13:23:54Z | 2026-05-25T13:08:59Z | 2026-06-01T13:20:32Z | 2026-06-08T13:20:12Z"
"NJ","New Jersey","0388d5e5-b405-4e74-b92c-144027da9e63","Smiles By The Sea","-74.02509183","40.18279569","dentist","general_dentistry | cosmetic_dentist","611 Main St","Belmar","07719-5102","NJ","US","+17326812225","smile@smilesbythesea.net","http://www.smilesbythesea.net/","https://www.facebook.com/196501173872818","","0.9199122190475464","open","9","meta | Overture | Overture-signals","CDLA-Permissive-2.0","2026-04-27T00:00:00.000Z | 2026-06-11T11:57:15Z | 2026-05-12T00:29:08Z | 2026-05-18T13:23:54Z | 2026-05-25T13:08:59Z | 2026-06-01T13:20:32Z | 2026-06-08T13:20:12Z"
"NJ","New Jersey","038915cd-c7a7-4a8f-9f13-61ad67f1736c","Comprehensive Dental","-74.30733556","40.92267879","dentist","general_dentistry","166 Main St","Lincoln Park","07035-1791","NJ","US","+19737919488","ranadmd@gmail.com","https://www.ranadental.com/","https://www.facebook.com/214053388610929","राणा दांतों का अस्पताल व इम्प्लांट सेंटर बहल","0.9984288513660431","","2","meta | Overture","CDLA-Permissive-2.0","2026-04-27T00:00:00.000Z | 2026-06-11T11:57:15Z"
"NJ","New Jersey","038e45f5-4166-4d25-b9a4-f84fb1d84c98","Elmwood Family Dental","-74.12248349","40.90047679","dentist","cosmetic_dentist | general_dentistry","214 Market St","Elmwood Park","07407-1404","NJ","US","+12017964070","elmwoodfamilydental@gmail.com","http://Www.elmwoodfamilydental.com/","https://www.facebook.com/110886350499979","1st Family Dental","0.9199122190475464","open","9","meta | Overture | Overture-signals","CDLA-Permissive-2.0","2026-04-27T00:00:00.000Z | 2026-06-11T11:57:15Z | 2026-05-12T00:29:08Z | 2026-05-18T13:23:54Z | 2026-05-25T13:08:59Z | 2026-06-01T13:20:32Z | 2026-06-08T13:20:12Z"
"NJ","New Jersey","03983215-56fe-479d-abb9-cf954acd6c73","Century Dental East, Dr. Mariya Medlenov DDS","-74.17736456","39.93320303","dentist","general_dentistry | cosmetic_dentist","241 Washington Ave","Pine Beach","08741-1544","NJ","US","+17323416010","","http://centurydentaleast.com/","https://www.facebook.com/475074392888899","","0.9199122190475464","open","8","meta | Overture | Overture-signals","CDLA-Permissive-2.0","2026-04-27T00:00:00.000Z | 2026-06-11T11:57:15Z | 2026-05-12T00:29:08Z | 2026-05-18T13:23:54Z | 2026-05-25T13:08:59Z | 2026-06-01T13:20:32Z | 2026-06-08T13:20:12Z"
"NJ","New Jersey","039ed600-c3c5-484f-9234-4fee31c86889","Advanced Dental Center","-74.29368182","40.27788886","dentist","orthodontist | pediatric_dentist","4255 US Highway 9","Freehold","07728-8305","NJ","US","+17324312222","rajupateldds@gmail.com","https://www.rajupateldds.com/","https://www.facebook.com/138139372900362","Advanced Dental Center","0.9199122190475464","open","8","meta | Overture | Overture-signals","CDLA-Permissive-2.0","2026-04-27T00:00:00.000Z | 2026-06-11T11:57:15Z | 2026-05-12T00:29:08Z | 2026-05-18T13:23:54Z | 2026-05-25T13:08:59Z | 2026-06-01T13:20:32Z | 2026-06-08T13:20:12Z"
"NJ","New Jersey","03e1b64e-b3db-4eee-9fe1-fdf7395ccdd5","Thomas Hafner DDS","-74.0984476752922","41.065111748846","dentist","","415 W Saddle River Rd","Upper Saddle River","07458","NJ","US","(201) 327-7757","","http://www.drthomashafner.com","","","0.9199122190475464","open","8","Foursquare | Overture | Overture-signals","Apache-2.0 | CDLA-Permissive-2.0","2025-11-02T00:00:00.000 | 2026-06-11T11:57:15Z | 2026-05-12T00:29:08Z | 2026-05-18T13:23:54Z | 2026-05-25T13:08:59Z | 2026-06-01T13:20:32Z | 2026-06-08T13:20:12Z"
"NJ","New Jersey","03f8ba88-21d8-4eec-a4d8-1e14a8c8cf9b","Dental Comfort Associates","-74.14590089","40.76935875","dentist","general_dentistry | health_and_medical","537 Kearny Ave","Kearny","07032-2713","NJ","US","+12012461233","dentalcomfort@comcast.net","http://www.kearnyfamilydentists.com/","https://www.facebook.com/103727856360134","","0.9902192950248718","open","8","meta | Overture | Overture-signals","CDLA-Permissive-2.0","2026-04-27T00:00:00.000Z | 2026-06-11T11:57:15Z | 2026-05-12T00:29:08Z | 2026-05-18T13:23:54Z | 2026-05-25T13:08:59Z | 2026-06-01T13:20:32Z | 2026-06-08T13:20:12Z"
"NJ","New Jersey","043f065b-c863-4c7c-afdc-ace458cb9ed6","Verona Cedar Grove Dental Associates","-74.2315277367476","40.8589087693573","dentist","","Pompton Ave","Cedar Grove","07009","NJ","US","(973) 239-6969","","http://www.vcgdental.com","","","0.77","","5","Foursquare | Overture","Apache-2.0 | CDLA-Permissive-2.0","2024-05-29T00:00:00.000 | 2026-06-11T11:57:15Z"
"NJ","New Jersey","04573f3f-f12f-4332-bd3c-f990277a0427","Smile Today Dentistry of Rutherford & Nutley","-74.16650092","40.80854332","dentist","general_dentistry | cosmetic_dentist","4 Franklin Ave","Nutley","07110-3577","NJ","US","+19736672466","office@smiletodaydds.com","http://www.smiletoday.com/","https://www.facebook.com/349485858461438","Smile Today","0.9199122190475464","open","9","meta | Overture | Overture-signals","CDLA-Permissive-2.0","2026-04-27T00:00:00.000Z | 2026-06-11T11:57:15Z | 2026-05-12T00:29:08Z | 2026-05-18T13:23:54Z | 2026-05-25T13:08:59Z | 2026-06-01T13:20:32Z | 2026-06-08T13:20:12Z"
"NJ","New Jersey","0482cebd-662b-45cf-858f-665fd1ff2059","Genesis Family Dental","-75.099384","39.929949","dentist","periodontist | teeth_whitening","1436 Haddon Ave","Camden","08103-3111","NJ","US","+18565413627","","","https://www.facebook.com/270081279669622","","0.923202633857727","","8","meta | Overture","CDLA-Permissive-2.0","2026-04-27T00:00:00.000Z | 2026-06-11T11:57:15Z"
"NJ","New Jersey","04911a95-cc0c-46cc-b58e-6831260a3e40","Premier Dental Spa","-74.073653","40.3234","dentist","general_dentistry | health_and_medical","709 Sycamore Ave","Tinton Falls","07701-4930","NJ","US","+17322577675","frontdesk@premierdentalspa.com","http://premierdentalspa.com/","https://www.facebook.com/1673191072911547","","0.9199122190475464","open","9","meta | Overture | Overture-signals","CDLA-Permissive-2.0","2026-04-27T00:00:00.000Z | 2026-06-11T11:57:15Z | 2026-05-12T00:29:08Z | 2026-05-18T13:23:54Z | 2026-05-25T13:08:59Z | 2026-06-01T13:20:32Z | 2026-06-08T13:20:12Z"
"NJ","New Jersey","04a57bf1-d067-4842-bb4c-db94f26a1b00","Brielle Dentistry Co.","-74.05732468","40.1067853","dentist","general_dentistry | health_and_medical","421 Higgins Ave","Brielle","08730-1413","NJ","US","+17325286336","info@brielledentistryco.com","http://www.brielledentistryco.com/","https://www.facebook.com/1774419222621823","","0.9902192950248718","open","9","meta | Overture | Overture-signals","CDLA-Permissive-2.0","2026-04-27T00:00:00.000Z | 2026-06-11T11:57:15Z | 2026-05-12T00:29:08Z | 2026-05-18T13:23:54Z | 2026-05-25T13:08:59Z | 2026-06-01T13:20:32Z | 2026-06-08T13:20:12Z"
"NJ","New Jersey","04b6c48f-0419-4322-8b03-0122ef300b95","DeMartino Dental Group","-75.17865032","40.69969328","dentist","general_dentistry","256 Roseberry St","Phillipsburg","08865-1632","NJ","US","+19088595260","info@demartinodental.com","http://www.demartinodental.com/","https://www.facebook.com/655823807860861","DeMartino Dental Group, P.C.","0.9199122190475464","open","9","meta | Overture | Overture-signals","CDLA-Permissive-2.0","2026-04-27T00:00:00.000Z | 2026-06-11T11:57:15Z | 2026-05-12T00:29:08Z | 2026-05-18T13:23:54Z | 2026-05-25T13:08:59Z | 2026-06-01T13:20:32Z | 2026-06-08T13:20:12Z"
"NJ","New Jersey","04d140a1-2b13-40c8-8af1-45742e7e35e8","Dentistry for Children and Adults","-74.15682","40.749651","dentist","pediatric_dentist | orthodontist","407 Frank E Rodgers Blvd N","Harrison","07029-2607","NJ","US","+19734844200","info@harrisonnjdentistry.com","https://www.kidsfamilydentistry.com/","https://www.facebook.com/476697029029477","Kids & Family Clothing","0.9199122190475464","open","7","meta | Overture | Overture-signals","CDLA-Permissive-2.0","2026-04-27T00:00:00.000Z | 2026-06-11T11:57:15Z | 2026-05-12T00:29:08Z | 2026-05-18T13:23:54Z | 2026-05-25T13:08:59Z | 2026-06-01T13:20:32Z | 2026-06-08T13:20:12Z"
"NJ","New Jersey","04d2977d-e356-437c-8cce-4a5cc0a2a552","Bruce Pines","-74.14598532","41.09988787","dentist","health_and_medical | lawyer","115 Franklin Tpke","Mahwah","07430-1325","NJ","US","+12015294441","","http://kittredgeandassociates.com","https://www.facebook.com/128690520551670","Bruce Pines DDS Dentist Office","0.9244199395179749","open","2","meta | Overture | Overture-signals","CDLA-Permissive-2.0","2026-04-27T00:00:00.000Z | 2026-06-11T11:57:15Z | 2026-05-25T13:08:59Z | 2026-06-01T13:20:32Z | 2026-06-08T13:20:12Z"
"NJ","New Jersey","0502ed34-ef94-4a82-928b-fcdf507aa5e8","The Dental Difference","-74.14424843","40.0486677","dentist","health_and_medical | cosmetic_dentist","419 Nassau St","Brick","08723-5025","NJ","US","+17323297687","thedentaldifference@gmail.com","http://www.thedentaldifference.com/","https://www.facebook.com/286252858115458","The Dental Difference","0.9199122190475464","open","9","meta | Overture | Overture-signals","CDLA-Permissive-2.0","2026-04-27T00:00:00.000Z | 2026-06-11T11:57:15Z | 2026-05-12T00:29:08Z | 2026-05-18T13:23:54Z | 2026-05-25T13:08:59Z | 2026-06-01T13:20:32Z | 2026-06-08T13:20:12Z"
"NJ","New Jersey","050abd27-b00d-432b-aaa1-cc48a3e9e170","Dental Health Associates","-74.2536940984121","40.7140429661234","dentist","","1146 Stuyvesant Ave","Irvington","07111","NJ","US","(973) 399-4242","info@njdha.com","http://www.njdha.com","","","0.9199122190475464","open","4","Foursquare | Overture | Overture-signals","Apache-2.0 | CDLA-Permissive-2.0","2025-08-22T00:00:00.000 | 2026-06-11T11:57:15Z | 2026-05-12T00:29:08Z | 2026-05-18T13:23:54Z | 2026-05-25T13:08:59Z | 2026-06-01T13:20:32Z | 2026-06-08T13:20:12Z"
"NJ","New Jersey","050ffbd5-3ca6-48c6-b130-99b2d2e45527","Gentle Dental of NJ","-74.15107857","40.72894935","dentist","general_dentistry","290 Ferry St","Newark","07105-3475","NJ","US","+19738178888","contact@gdentalnj.com","http://www.getsmile.net/","https://www.facebook.com/119574634833193","Gentle Dental","0.9902192950248718","open","9","meta | Overture | Overture-signals","CDLA-Permissive-2.0","2026-04-27T00:00:00.000Z | 2026-06-11T11:57:15Z | 2026-05-12T00:29:08Z | 2026-05-18T13:23:54Z | 2026-05-25T13:08:59Z | 2026-06-01T13:20:32Z | 2026-06-08T13:20:12Z"
"NJ","New Jersey","0533f6a0-c45b-49ae-8c2f-780c72e1481b","Optimum Orthodontics NJ","-74.9793930053711","39.8559303283691","dentist","","1307 White Horse Rd","Voorhees","08043","NJ","US","(856) 888-1970","","https://optimumorthodonticsnj.com","","","0.9199122190475464","open","4","Foursquare | Overture | Overture-signals","Apache-2.0 | CDLA-Permissive-2.0","2025-04-01T00:00:00.000 | 2026-06-11T11:57:15Z | 2026-05-12T00:29:08Z | 2026-05-18T13:23:54Z | 2026-05-25T13:08:59Z | 2026-06-01T13:20:32Z | 2026-06-08T13:20:12Z"
"NJ","New Jersey","053a6d0d-c6ae-41e9-98bd-30a30dc93461","RJ Dental - Roselle","-74.26327602","40.65934977","dentist","general_dentistry | health_and_medical","121 Chestnut St","Roselle","07203-1378","NJ","US","+19084885005","roselle@rjdental.com","http://www.rjdental.com","https://www.facebook.com/162043307148447","RJ Dental of Teaneck and Roselle","0.9199122190475464","open","9","meta | Overture | Overture-signals","CDLA-Permissive-2.0","2026-04-27T00:00:00.000Z | 2026-06-11T11:57:15Z | 2026-05-12T00:29:08Z | 2026-05-18T13:23:54Z | 2026-05-25T13:08:59Z | 2026-06-01T13:20:32Z | 2026-06-08T13:20:12Z"
"NJ","New Jersey","0540290b-3602-4ff6-a4e7-e8501be155c5","Tavormina Dentistry","-74.28759962","40.72244691","dentist","general_dentistry | cosmetic_dentist","96 Millburn Ave","Millburn","07041-1941","NJ","US","+19737615090","smiles@drtav.com","http://www.tavorminadentistry.com/","https://www.facebook.com/444014592343079","Tavormina Dentistry","0.996910685300827","","8","meta | Overture","CDLA-Permissive-2.0","2026-04-27T00:00:00.000Z | 2026-06-11T11:57:15Z"
"NJ","New Jersey","0544bf67-f0c5-4090-82ed-104374f59adc","The Apprehensive Patient","-74.26870076","40.68256987","dentist","general_dentistry","459 Chestnut St","Union","07083-9313","NJ","US","+19086865868","","http://apprehensivepatient.com/","https://www.facebook.com/128171750546351","The Apprehensive Patient of Union","0.9902192950248718","open","8","meta | Overture | Overture-signals","CDLA-Permissive-2.0","2026-04-27T00:00:00.000Z | 2026-06-11T11:57:15Z | 2026-05-12T00:29:08Z | 2026-05-18T13:23:54Z | 2026-05-25T13:08:59Z | 2026-06-01T13:20:32Z | 2026-06-08T13:20:12Z"
"NJ","New Jersey","054bb48e-5842-44f1-b255-c580d369944a","Suburban Professional Dental Group P A","-74.382886","40.641075","dentist","pharmacy | family_practice","282 South Ave","Fanwood","07023-1347","NJ","US","+19088895900","","","https://www.facebook.com/180720772280547","","0.5991992950439453","","8","meta | Overture","CDLA-Permissive-2.0","2026-04-27T00:00:00.000Z | 2026-06-11T11:57:15Z"
"NJ","New Jersey","05503fa3-f235-4b14-8fcf-4dc12f4ea55d","Golub Pediatric and Adult Dentistry","-73.96674219","40.85741119","dentist","general_dentistry | pediatric_dentist","2185 Lemoine Ave","Fort Lee","07024-6003","NJ","US","+12019447636","","http://www.njhappysmiles.com","https://www.facebook.com/2029970983728355","","0.8934116959571838","","8","meta | Overture","CDLA-Permissive-2.0","2026-04-27T00:00:00.000Z | 2026-06-11T11:57:15Z"
"NJ","New Jersey","0555a7ad-b7ca-4326-b632-734c30d2ae64","Butler family Dental","-74.3403094844966","41.0002872764748","dentist","","9 Carey Ave","Butler","07405","NJ","US","(973) 838-1477","butlerfamily09dental@gmail.com","http://www.butlerfamilydental.com","https://www.facebook.com/163324110353846","","0.77","","5","Foursquare | Overture","Apache-2.0 | CDLA-Permissive-2.0","2025-10-01T00:00:00.000 | 2026-06-11T11:57:15Z"
"NJ","New Jersey","05710f72-bb20-4d67-ab93-3ef73073e2c2","Kingston Family Cosmetic Dental Center","-74.9988694897552","39.9120774712554","dentist","","310 Kresson Rd","Cherry Hill","08034","NJ","US","(856) 795-9007","themegasmile@gmail.com","https://www.cosmeticdentistcherryhill.com","https://www.facebook.com/1438191369759058","","0.77","","5","Foursquare | Overture","Apache-2.0 | CDLA-Permissive-2.0","2025-06-06T00:00:00.000 | 2026-06-11T11:57:15Z"
"NJ","New Jersey","0585d8f4-9424-4ba4-8fa2-bca189292527","Dr Puma","-74.3183354878137","40.5421028700296","dentist","","373 Ford Ave","Fords","08863","NJ","US","(732) 549-3114","spumadds@aol.com","http://www.drpuma.com","https://www.facebook.com/117326581686200","","0.9199122190475464","open","4","Foursquare | Overture | Overture-signals","Apache-2.0 | CDLA-Permissive-2.0","2025-08-22T00:00:00.000 | 2026-06-11T11:57:15Z | 2026-05-12T00:29:08Z | 2026-05-18T13:23:54Z | 2026-05-25T13:08:59Z | 2026-06-01T13:20:32Z | 2026-06-08T13:20:12Z"
"NJ","New Jersey","05ab43f1-de2e-4d49-9561-a283a443bf8f","Dr Alan Ruda","-74.0813642900624","40.3625337787639","dentist","","180 State Route 35","Red Bank","07701","NJ","US","(732) 741-7733","","http://www.drruda.com","","","0.9199122190475464","open","4","Foursquare | Overture | Overture-signals","Apache-2.0 | CDLA-Permissive-2.0","2026-01-29T00:00:00.000 | 2026-06-11T11:57:15Z | 2026-05-12T00:29:08Z | 2026-05-18T13:23:54Z | 2026-05-25T13:08:59Z | 2026-06-01T13:20:32Z | 2026-06-08T13:20:12Z"
"NJ","New Jersey","05ad9c4b-7de7-4fdf-b5bb-29de532be9f9","Diamond Braces","-74.0645359388594","40.7304795638148","dentist","","35 Journal Sq Ste 601","Jersey City","07306","NJ","US","(201) 420-7116","","http://diamondbraces.com","","","0.77","","5","Foursquare | Overture","Apache-2.0 | CDLA-Permissive-2.0","2025-08-22T00:00:00.000 | 2026-06-11T11:57:15Z"
"NJ","New Jersey","05dc94b7-f058-4e92-a697-fc9dd21b9b99","Pequannock Dental","-74.28778191","40.94667181","dentist","general_dentistry | doctor","157 Newark Pompton Tpke","Pequannock","07440-1361","NJ","US","+19736964252","shreyshah@pequannockdental.com","http://pequannockdental.com/","https://www.facebook.com/1388156084740088","","0.9908590912818909","","9","meta | Overture","CDLA-Permissive-2.0","2026-04-27T00:00:00.000Z | 2026-06-11T11:57:15Z"
"NJ","New Jersey","05ea1964-9670-43e9-8c76-729893310a97","Smilepartnerz Dental Health Group","-74.26369051","40.94768725","dentist","general_dentistry","330 Ratzer Rd","Wayne","07470-7702","NJ","US","+19736945101","smilepartnerznj@gmail.com","http://www.smilepartnerz.com/","https://www.facebook.com/200769983278749","","0.9199122190475464","open","8","meta | Overture | Overture-signals","CDLA-Permissive-2.0","2026-04-27T00:00:00.000Z | 2026-06-11T11:57:15Z | 2026-05-12T00:29:08Z | 2026-05-18T13:23:54Z | 2026-05-25T13:08:59Z | 2026-06-01T13:20:32Z | 2026-06-08T13:20:12Z"
"NJ","New Jersey","05f78e6f-3425-4347-9e75-264785c868d7","Ironbound Dental Center","-74.16244568","40.72911879","dentist","general_dentistry | cosmetic_dentist","233 Lafayette St","Newark","07105-1813","NJ","US","+19733448170","ironbounddentalcenter@gmail.com","http://www.ironbounddental.com/","https://www.facebook.com/654734708217868","Ironbound Dental Center","0.9902192950248718","open","9","meta | Overture | Overture-signals","CDLA-Permissive-2.0","2026-04-27T00:00:00.000Z | 2026-06-11T11:57:15Z | 2026-05-12T00:29:08Z | 2026-05-18T13:23:54Z | 2026-05-25T13:08:59Z | 2026-06-01T13:20:32Z | 2026-06-08T13:20:12Z"
"NJ","New Jersey","060b32b4-3cdd-41f7-b866-03c3a2f227ce","Lyakhovetskiy Mikhail DMD","-75.00387117","39.92148531","dentist","general_dentistry | doctor","1060 Kings Hwy N","Cherry Hill","08034-1910","NJ","US","+18567796379","myawesomedentist@gmail.com","http://www.cherryhilldmd.com/","https://www.facebook.com/222863991095208","","0.9199122190475464","open","7","meta | Overture | Overture-signals","CDLA-Permissive-2.0","2026-04-27T00:00:00.000Z | 2026-06-11T11:57:15Z | 2026-05-12T00:29:08Z | 2026-05-18T13:23:54Z | 2026-05-25T13:08:59Z | 2026-06-01T13:20:32Z | 2026-06-08T13:20:12Z"
"NJ","New Jersey","061774e8-49ab-43d0-8123-0128a2b46126","Randolph Dental Care","-74.58060554","40.82661109","dentist","general_dentistry | health_and_medical","1243 Sussex Tpke","Randolph Twp","07869-2997","NJ","US","+19738957995","randolphdental@att.net","https://www.randolphdental.com/","https://www.facebook.com/107804614453","","0.9199122190475464","open","8","meta | Overture | Overture-signals","CDLA-Permissive-2.0","2026-04-27T00:00:00.000Z | 2026-06-11T11:57:15Z | 2026-05-12T00:29:08Z | 2026-05-18T13:23:54Z | 2026-05-25T13:08:59Z | 2026-06-01T13:20:32Z | 2026-06-08T13:20:12Z"
"NJ","New Jersey","06181261-6f76-42fe-8bc4-78f043d3a85b","Route 38 Dental","-74.81515959","39.98171384","dentist","general_dentistry","1487 Route 38","Hainesport","08036-2995","NJ","US","+16092882829","info@route38dental.com","http://route38dental.com/","https://www.facebook.com/171862326018122","","0.9199122190475464","open","10","meta | Overture | Overture-signals","CDLA-Permissive-2.0","2026-04-27T00:00:00.000Z | 2026-06-11T11:57:15Z | 2026-05-12T00:29:08Z | 2026-05-18T13:23:54Z | 2026-05-25T13:08:59Z | 2026-06-01T13:20:32Z | 2026-06-08T13:20:12Z"
"NJ","New Jersey","061b005c-3b45-4435-8a4e-487f735e0dfe","Hackensack Family Dentistry","-74.05432485","40.89336592","dentist","general_dentistry | cosmetic_dentist","360 Golf Pl","Hackensack","07601-2502","NJ","US","+12014888456","ndp.dds@gmail.com","http://www.familydentistrynj.com/","https://www.facebook.com/214136711789251","","0.9199122190475464","open","7","meta | Overture | Overture-signals","CDLA-Permissive-2.0","2026-04-27T00:00:00.000Z | 2026-06-11T11:57:15Z | 2026-05-12T00:29:08Z | 2026-05-18T13:23:54Z | 2026-05-25T13:08:59Z | 2026-06-01T13:20:32Z | 2026-06-08T13:20:12Z"
"NJ","New Jersey","068472a1-da19-4d97-9a02-6e0db3d09bba","West Side Family Dental Center","-74.08164461","40.72038621","dentist","social_service_organizations | family_practice","570 West Side Ave","Jersey City","07304-1741","NJ","US","+12014514600","","http://nymetrodental.com","https://www.facebook.com/152976604730787","","0.5759245157241821","","7","meta | Overture","CDLA-Permissive-2.0","2026-04-27T00:00:00.000Z | 2026-06-11T11:57:15Z"
"NJ","New Jersey","0688bcb4-b72a-4c69-93d2-150cd6739521","Strassman Carolyn DDS","-74.10094965","40.82622911","dentist","general_dentistry | health_and_medical","47 Orient Way","Rutherford","07070-2040","NJ","US","+12014388633","","","https://www.facebook.com/104850216248444","","0.9199122190475464","open","8","meta | Overture | Overture-signals","CDLA-Permissive-2.0","2026-04-27T00:00:00.000Z | 2026-06-11T11:57:15Z | 2026-05-12T00:29:08Z | 2026-05-18T13:23:54Z | 2026-05-25T13:08:59Z | 2026-06-01T13:20:32Z | 2026-06-08T13:20:12Z"
"NJ","New Jersey","0695b10a-161a-476a-ad97-847737f3e244","Brian Silverman","-74.30908173","40.66170415","dentist","general_dentistry | doctor","501 Springfield Ave","Cranford","07016-1864","NJ","US","+19082727090","bsilvermandmd@gmail.com","http://www.briansilvermandmd.com/","https://www.facebook.com/659419384127734","","0.9958318561315537","","8","meta | Overture","CDLA-Permissive-2.0","2026-04-27T00:00:00.000Z | 2026-06-11T11:57:15Z"
"NJ","New Jersey","06a0e5bb-41ad-4762-b98a-455c76fadcd1","Growing Smiles","-74.5024416608211","40.0969395858214","dentist","","211 W Millstream Rd","Cream Ridge","08514","NJ","US","(609) 758-9595","kids@growing-smiles.com","http://www.growing-smiles.com","https://www.facebook.com/307365916020997","","0.9199122190475464","open","5","Foursquare | Overture | Overture-signals","Apache-2.0 | CDLA-Permissive-2.0","2025-08-19T00:00:00.000 | 2026-06-11T11:57:15Z | 2026-05-12T00:29:08Z | 2026-05-18T13:23:54Z | 2026-05-25T13:08:59Z | 2026-06-01T13:20:32Z | 2026-06-08T13:20:12Z"
"NJ","New Jersey","06a20ce3-6c26-4121-b58b-d2a70ba448d8","Lashen Dental Group","-74.52286621","40.87162887","dentist","general_dentistry | doctor","3155 RT-10","Denville","07834-3430","NJ","US","+19733283500","drlashen@gmail.com","http://drlashen.com/","https://www.facebook.com/329752387704272","","0.9902192950248718","open","9","meta | Overture | Overture-signals","CDLA-Permissive-2.0","2026-04-27T00:00:00.000Z | 2026-06-11T11:57:15Z | 2026-05-12T00:29:08Z | 2026-05-18T13:23:54Z | 2026-05-25T13:08:59Z | 2026-06-01T13:20:32Z | 2026-06-08T13:20:12Z"
"NJ","New Jersey","06a8f045-2223-4548-bfbf-5dbab74cb2fa","Bedminster Family & Cosmetic Dentistry","-74.64074653","40.65347434","dentist","cosmetic_dentist | general_dentistry","1 Robertson Dr","Bedminster","07921-1716","NJ","US","+19082341401","drmike@bedminsterdental.com","http://bedminsterdental.com/","https://www.facebook.com/121294121287274","Felica French","0.9722161889076233","","9","meta | Overture","CDLA-Permissive-2.0","2026-04-27T00:00:00.000Z | 2026-06-11T11:57:15Z"
"NJ","New Jersey","06b32201-fde2-4048-8056-69b5756cc2e5","Brett H Loeser DDS","-74.30392274","40.45738761","dentist","general_dentistry | medical_service_organizations","326 Ernston Rd","Parlin","08859-1937","NJ","US","+17327210303","brett@loeserdds.com","http://www.brettloeserdds.com/","https://www.facebook.com/237763599700810","","0.9902192950248718","open","9","meta | Overture | Overture-signals","CDLA-Permissive-2.0","2026-04-27T00:00:00.000Z | 2026-06-11T11:57:15Z | 2026-05-12T00:29:08Z | 2026-05-18T13:23:54Z | 2026-05-25T13:08:59Z | 2026-06-01T13:20:32Z | 2026-06-08T13:20:12Z"
"NJ","New Jersey","06c56c04-8de0-4fc9-b252-f54d67811bf4","Ceramistar Dental Laboratory","-74.97570268","39.90114576","dentist","cosmetic_dentist","7 Allison Dr","Cherry Hill","08003-2309","NJ","US","+18564248177","ceramistardentallab@comcast.net","http://ceramistar.labstar.com/","https://www.facebook.com/223073514908809","Labstar","0.9572228193283081","","7","meta | Overture","CDLA-Permissive-2.0","2026-04-27T00:00:00.000Z | 2026-06-11T11:57:15Z"
"NJ","New Jersey","06c5c0ba-44fc-4a46-8788-328e281f9ae4","Matos Orthodontics","-74.232772","40.665689","dentist","doctor","440 Westfield Ave","Elizabeth","07208-1621","NJ","US","+19083544428","matosorthodontics@gmail.com","http://www.matosorthodontics.com/","https://www.facebook.com/693247960737945","Matos Orthodontics","0.7598769068717957","","7","meta | Overture","CDLA-Permissive-2.0","2026-04-27T00:00:00.000Z | 2026-06-11T11:57:15Z"
"NJ","New Jersey","06cf659a-f20a-44e5-a9db-852c99e8a770","Eastern Orthodontics of Lacey","-74.1930908407826","39.8366638341291","dentist","","131 S Main St Ste 2","Forked River","08731","NJ","US","(609) 693-6240","","https://www.easterndental.com","","","0.77","","5","Foursquare | Overture","Apache-2.0 | CDLA-Permissive-2.0","2025-01-21T00:00:00.000 | 2026-06-11T11:57:15Z"
"NJ","New Jersey","06d158df-e51d-487f-8240-acf7be93501c","Dental Excellence of Pennsauken","-75.06781877","39.95696228","dentist","cosmetic_dentist | general_dentistry","4606 Westfield Ave","Pennsauken","08110-3030","NJ","US","+18569100400","implant@smilefocus.com.sg","http://Dentalexcellencenj.com/","https://www.facebook.com/517896448243387","Dental Excellence LLC","0.9902192950248718","open","9","meta | Overture | Overture-signals","CDLA-Permissive-2.0","2026-04-27T00:00:00.000Z | 2026-06-11T11:57:15Z | 2026-05-12T00:29:08Z | 2026-05-18T13:23:54Z | 2026-05-25T13:08:59Z | 2026-06-01T13:20:32Z | 2026-06-08T13:20:12Z"
"NJ","New Jersey","06f2b949-0b43-4210-847e-05959c10a73c","Steven DeCasperis","-74.87589518","40.60120564","dentist","general_dentistry | cosmetic_dentist","1225 State Route 31","Lebanon","08833-3265","NJ","US","+19088608906","","http://dazzlingsmilesnj.com/","https://www.facebook.com/343855506292","","0.9199122190475464","open","9","meta | Overture | Overture-signals","CDLA-Permissive-2.0","2026-04-27T00:00:00.000Z | 2026-06-11T11:57:15Z | 2026-05-12T00:29:08Z | 2026-05-18T13:23:54Z | 2026-05-25T13:08:59Z | 2026-06-01T13:20:32Z | 2026-06-08T13:20:12Z"
"NJ","New Jersey","06f56c44-8bf4-4c1b-92e4-304657e000e6","The Raphael Center for Integrative Orthodontics","-74.1801779538928","40.8481787878606","dentist","","1425 Broad St","Clifton","07013","NJ","US","(973) 778-4222","","http://alignmine.com","https://www.facebook.com/216060065093333","","0.77","","5","Foursquare | Overture","Apache-2.0 | CDLA-Permissive-2.0","2025-08-22T00:00:00.000 | 2026-06-11T11:57:15Z"
"NJ","New Jersey","07276a2c-c9d1-409f-8e24-f6b3731a0aed","Just4kids Dental","-74.419231","40.869163","dentist","health_and_medical | medical_service_organizations","1055 Parsippany Blvd","Parsippany","07054-1230","NJ","US","+19739173330","info@j4kdental.com","http://j4kdental.com","https://www.facebook.com/159401334081583","Just4kids Dental","0.9199122190475464","open","8","meta | Overture | Overture-signals","CDLA-Permissive-2.0","2026-04-27T00:00:00.000Z | 2026-06-11T11:57:15Z | 2026-05-12T00:29:08Z | 2026-05-18T13:23:54Z | 2026-05-25T13:08:59Z | 2026-06-01T13:20:32Z | 2026-06-08T13:20:12Z"
"NJ","New Jersey","07500c0e-c369-4f37-8f8a-3989f3e08061","Graeber John J DMD","-74.35711","40.827587","dentist","oral_surgeon | health_and_medical","470 Ridgedale Ave","East Hanover","07936-3074","NJ","US","+19738841046","","http://www.softtouchlaserdentist.com/","https://www.facebook.com/287854231233596","","0.8686893582344055","","8","meta | Overture","CDLA-Permissive-2.0","2026-04-27T00:00:00.000Z | 2026-06-11T11:57:15Z"
"NJ","New Jersey","0769e889-688c-4bc4-83a1-accb67a760f4","Dental Health Associates, P.A.","-74.013085","40.792811","dentist","endodontist | oral_surgeon","6418 Bergenline Ave","West New York","07093-1621","NJ","US","+12018686400","","","https://www.facebook.com/108995527417026","Dental Health Associates, P.A.","0.5124040246009827","","7","meta | Overture","CDLA-Permissive-2.0","2026-04-27T00:00:00.000Z | 2026-06-11T11:57:15Z"
"NJ","New Jersey","0771fb10-85d7-4b96-8a8d-7c294343f903","Gentle Dentistry","-73.98901267","40.96042023","dentist","general_dentistry | cosmetic_dentist","173 Terrace St","Haworth","07641-1835","NJ","US","+12013841611","contactus@gentledentistry.com","https://www.gentledentistry.com/","https://www.facebook.com/579017768815775","Gentledentistry","0.9199122190475464","open","8","meta | Overture | Overture-signals","CDLA-Permissive-2.0","2026-04-27T00:00:00.000Z | 2026-06-11T11:57:15Z | 2026-05-12T00:29:08Z | 2026-05-18T13:23:54Z | 2026-05-25T13:08:59Z | 2026-06-01T13:20:32Z | 2026-06-08T13:20:12Z"
"NJ","New Jersey","07723c30-65fc-4881-9231-92fb70e7cfc9","Montclair Dental Spa","-74.21576086","40.81687129","dentist","cosmetic_dentist | general_dentistry","204 Claremont Ave","Montclair","07042-3409","NJ","US","+19737441527","montclairdentalspa@gmail.com","http://www.sedationdentists-nj.com/","https://www.facebook.com/203639499480856","Doctor Moussa","0.9991177042424679","","10","meta | Overture","CDLA-Permissive-2.0","2026-04-27T00:00:00.000Z | 2026-06-11T11:57:15Z"
"NJ","New Jersey","07836ad4-5450-4900-92d0-7ee16b849044","Encore Dental of Lacey","-74.182389","39.850847","dentist","cosmetic_dentist | health_and_medical","335 US Highway 9","Lanoka Harbor","08734-2845","NJ","US","+16095496925","lacey@thesmilist.com","http://www.encoredentaloflacey.com","https://www.facebook.com/145036118974457","","0.9980134326219559","","10","meta | Overture","CDLA-Permissive-2.0","2026-04-27T00:00:00.000Z | 2026-06-11T11:57:15Z"
"NJ","New Jersey","078cb0ea-abd9-407f-8183-fa490806a1e6","21st Avenue Dental","-74.16042432","40.90713947","dentist","health_and_medical | teeth_whitening","318 21st Ave","Paterson","07501-3538","NJ","US","+19737421991","","http://21avedentist.com/","https://www.facebook.com/412932032096711","","0.9871757626533508","","8","meta | Overture","CDLA-Permissive-2.0","2026-04-27T00:00:00.000Z | 2026-06-11T11:57:15Z"
"NJ","New Jersey","07e10051-a8b2-4ad5-b130-768540668048","Dental City","-74.34608996","40.45975298","dentist","general_dentistry | medical_service_organizations","343 Washington Rd","Sayreville","08872","NJ","US","+17323870110","info@dentalcitysayreville.com","http://Dentalcitysayreville.com/","https://www.facebook.com/495474973948260","","0.9199122190475464","open","9","meta | Overture | Overture-signals","CDLA-Permissive-2.0","2026-04-27T00:00:00.000Z | 2026-06-11T11:57:15Z | 2026-05-12T00:29:08Z | 2026-05-18T13:23:54Z | 2026-05-25T13:08:59Z | 2026-06-01T13:20:32Z | 2026-06-08T13:20:12Z"
"NJ","New Jersey","07f0dc49-580e-4c30-b953-91dcdf359986","Clara Barton Pro Dental Group","-74.32469142","40.53139261","dentist","general_dentistry | medical_service_organizations","776 Amboy Ave","Edison","08837","NJ","US","+17327381551","","http://genesishcc.com","https://www.facebook.com/101538566583653","","0.9199122190475464","open","6","meta | Overture | Overture-signals","CDLA-Permissive-2.0","2026-04-27T00:00:00.000Z | 2026-06-11T11:57:15Z | 2026-05-12T00:29:08Z | 2026-05-18T13:23:54Z | 2026-05-25T13:08:59Z | 2026-06-01T13:20:32Z | 2026-06-08T13:20:12Z"
"NJ","New Jersey","07f21682-691c-4890-b592-441658d6cf5e","Nancy A Kuhl-Errickson","-74.69258428","40.787484","dentist","","32 Collis Ln","Chester","07930","NJ","US","+19088794929","","","https://www.facebook.com/531655133573285","","0.9199122190475464","open","7","meta | Overture | Overture-signals","CDLA-Permissive-2.0","2026-04-27T00:00:00.000Z | 2026-06-11T11:57:15Z | 2026-05-12T00:29:08Z | 2026-05-18T13:23:54Z | 2026-05-25T13:08:59Z | 2026-06-01T13:20:32Z | 2026-06-08T13:20:12Z"
"NJ","New Jersey","08003037-c9ab-45e9-ba50-a752b094de54","Valerie Barba, DDS","-74.0699596283408","40.1219131648525","dentist","","2399 Highway 34 Bldg A4","Manasquan","08736","NJ","US","(732) 223-4416","contact@valeriebarbadds.com","http://valeriebarbadds.com","https://www.twitter.com/valeriebarbadds | https://www.facebook.com/120920244606810","","0.77","","5","Foursquare | Overture","Apache-2.0 | CDLA-Permissive-2.0","2025-08-19T00:00:00.000 | 2026-06-11T11:57:15Z"
"NJ","New Jersey","0810b26b-2768-4572-954e-fd8f2ef242b2","Dr. Asanza","-74.18022625","39.98690595","dentist","","222 Oak Ave","Toms River","08753","NJ","US","(732) 341-2208","","http://www.asanzaortho.com","","","0.77","","5","Foursquare | Overture","Apache-2.0 | CDLA-Permissive-2.0","2026-02-01T00:00:00.000 | 2026-06-11T11:57:15Z"
"NJ","New Jersey","083830a1-940e-4f22-9e6d-a06c5302de9c","Origin Dental","-74.08684313","40.87349588","dentist","general_dentistry","1 S Main St","Lodi","07644-2235","NJ","US","+19733658009","anasdentistry@yahoo.com","http://www.origindental.org/","https://www.facebook.com/494449673932582","Origin Dental","0.9199122190475464","open","8","meta | Overture | Overture-signals","CDLA-Permissive-2.0","2026-04-27T00:00:00.000Z | 2026-06-11T11:57:15Z | 2026-05-12T00:29:08Z | 2026-05-18T13:23:54Z | 2026-05-25T13:08:59Z | 2026-06-01T13:20:32Z | 2026-06-08T13:20:12Z"
"NJ","New Jersey","086439c8-be8e-430c-b09a-ea46162e2064","Ybanez Danilo G DDS","-74.80083565","39.10614548","dentist","general_dentistry | medical_service_organizations","15 Dogwood Dr","Middle Twp","08210-1613","NJ","US","+16094653930","","","https://www.facebook.com/364213750343588","","0.9199122190475464","open","7","meta | Overture | Overture-signals","CDLA-Permissive-2.0","2026-04-27T00:00:00.000Z | 2026-06-11T11:57:15Z | 2026-05-12T00:29:08Z | 2026-05-18T13:23:54Z | 2026-05-25T13:08:59Z | 2026-06-01T13:20:32Z | 2026-06-08T13:20:12Z"
"NJ","New Jersey","0871865c-cdcb-43e6-9ef6-06a7957c41c1","Irvington Dentist","-74.239474","40.729546","dentist","health_and_medical | hospital","1375 Clinton Ave","Irvington","07111-1442","NJ","US","+19733755575","","http://irvington-dentist.com/","https://www.facebook.com/1528763167386648","Irvington Dentist","0.9713965058326721","","9","meta | Overture","CDLA-Permissive-2.0","2026-04-27T00:00:00.000Z | 2026-06-11T11:57:15Z"
"NJ","New Jersey","0882a823-bdd9-431d-9498-507dce6cd891","Junsung Ha DDS","-73.97850637","40.83630542","dentist","general_dentistry | health_and_medical","1143 Palisade Ave","Fort Lee","07024-6427","NJ","US","+12012240577","","","https://www.facebook.com/160296003993485","","0.9199122190475464","open","7","meta | Overture | Overture-signals","CDLA-Permissive-2.0","2026-04-27T00:00:00.000Z | 2026-06-11T11:57:15Z | 2026-05-12T00:29:08Z | 2026-05-18T13:23:54Z | 2026-05-25T13:08:59Z | 2026-06-01T13:20:32Z | 2026-06-08T13:20:12Z"
"NJ","New Jersey","0883a142-b58e-432e-9806-00ebd90f8e1d","Office of Dr McQuilkin & Aguilar","-74.030299","40.738405","dentist","health_and_medical","129 Washington St","Hoboken","07030-4650","NJ","US","","","","https://www.facebook.com/182107518497898","","0.6231823563575745","","7","meta | Overture","CDLA-Permissive-2.0","2026-04-27T00:00:00.000Z | 2026-06-11T11:57:15Z"
"NJ","New Jersey","088e6754-b6d5-4fe7-bd2d-623587ac33ee","Molinare Dental Group","-74.4500036670131","40.8209504680694","dentist","","104 Ridgedale Ave","Cedar Knolls","07927","NJ","US","(973) 993-1979","molinaredental@gmail.com","https://molinaredental.com","https://www.twitter.com/mol_dent_group | https://www.facebook.com/117076514997199","","0.77","","5","Foursquare | Overture","Apache-2.0 | CDLA-Permissive-2.0","2021-02-18T00:00:00.000 | 2026-06-11T11:57:15Z"
"NJ","New Jersey","0893f060-b7dd-4ec7-b7eb-1f506588d11b","Elmora Dental Associates","-74.23201065","40.65927918","dentist","general_dentistry | cosmetic_dentist","74 Elmora Ave","Elizabeth","07202-1630","NJ","US","+19086597300","brilliantsmiles32@gmail.com","http://www.elmoradental.com/","https://www.facebook.com/375345202334793","","0.9902192950248718","open","9","meta | Overture | Overture-signals","CDLA-Permissive-2.0","2026-04-27T00:00:00.000Z | 2026-06-11T11:57:15Z | 2026-05-12T00:29:08Z | 2026-05-18T13:23:54Z | 2026-05-25T13:08:59Z | 2026-06-01T13:20:32Z | 2026-06-08T13:20:12Z"
"NJ","New Jersey","08cedaa3-b7fb-409c-bc04-3a396de3460b","Dr. Stephen Lashen","-74.5227371981649","40.8714015941816","dentist","health_and_medical","3155 New Jersey 10, Ste 102","Denville","07834","NJ","US","9733283500","","http://drlashen.com/","","","0.85","","7","Microsoft | Overture","CDLA-Permissive-2.0","2025-08-25T01:35:00.713Z | 2026-06-11T11:57:15Z"
"NJ","New Jersey","08e978c3-9373-47c0-aa90-35cf2e867b86","Doc McStuffins Pediatric Dentistry","-74.9908","39.84379","dentist","pediatric_dentist | health_and_medical","401 White Horse Rd E","Voorhees","08043-2604","NJ","US","+18566308348","","","https://www.facebook.com/585110204953119","","0.7825317978858948","","9","meta | Overture","CDLA-Permissive-2.0","2026-04-27T00:00:00.000Z | 2026-06-11T11:57:15Z"
"NJ","New Jersey","08fb7b70-8398-48c0-aa73-707ddbf0ae93","Dr. Majid Navi","-74.31417134","40.7861659","dentist","general_dentistry | health_and_medical","290 S Livingston Ave","Livingston","07039-3931","NJ","US","+19739922225","livingstonadvanceddentistry@gmail.com","http://www.livingstonadvanceddentistry.com/","https://www.facebook.com/322943954475108","","0.9715964198112488","","3","meta | Overture","CDLA-Permissive-2.0","2026-04-27T00:00:00.000Z | 2026-06-11T11:57:15Z"
"NJ","New Jersey","08ff324a-027f-4254-93a2-7c6ef5a93419","Dental Implants in Toms River, NJ - Advanced Smile Dentistry\t","-74.156021","39.949029","dentist","","37 River Dr","Toms River","08753-7028","NJ","US","+17322534625","","https://www.appointmentsfordental.com/v2evaluation-basar","https://www.facebook.com/112676408380225","Dental Crown In An Hour - Fort Myers","0.6144335865974426","","9","meta | Overture","CDLA-Permissive-2.0","2026-04-27T00:00:00.000Z | 2026-06-11T11:57:15Z"
"NJ","New Jersey","09146ce1-5bff-4144-8b1d-91dbb6bcaef9","Chatham Center for Dentistry","-74.38415764","40.74094868","dentist","general_dentistry","287 Main St","Chatham","07928-2410","NJ","US","+19736352328","info@chathamdentist.com","https://www.chathamdentist.com/","https://www.facebook.com/122323677504545","Mallika Murali, DDS","0.9199122190475464","open","9","meta | Overture | Overture-signals","CDLA-Permissive-2.0","2026-04-27T00:00:00.000Z | 2026-06-11T11:57:15Z | 2026-05-12T00:29:08Z | 2026-05-18T13:23:54Z | 2026-05-25T13:08:59Z | 2026-06-01T13:20:32Z | 2026-06-08T13:20:12Z"
"NJ","New Jersey","093d646f-d64c-4fd0-ade1-562ee22afbc1","Anatoly Nusinkis Patterson Dental","-74.23605","40.90976","dentist","professional_services","40 Commerce Way","Totowa","07512-1154","NJ","US","+19176266729","anatoly.nusinkis@pattersondental.com","http://www.pattersoncompanies.com/","https://www.facebook.com/2528819454010771","Patterson Companies","0.6819638609886169","","7","meta | Overture","CDLA-Permissive-2.0","2026-04-27T00:00:00.000Z | 2026-06-11T11:57:15Z"
"NJ","New Jersey","09554a34-b6b9-45ab-bb3b-72f9f53ed4de","Montgomery Dental Loft","-74.65757111","40.45793386","dentist","general_dentistry | doctor","21 Bellemead Griggstown Rd","Belle Mead","08502-4814","NJ","US","+19082823366","dr@montgomerydentalloft.com","https://www.montgomerydentalloft.com/","https://www.facebook.com/2069035589830945","","0.9902192950248718","open","9","meta | Overture | Overture-signals","CDLA-Permissive-2.0","2026-04-27T00:00:00.000Z | 2026-06-11T11:57:15Z | 2026-05-12T00:29:08Z | 2026-05-18T13:23:54Z | 2026-05-25T13:08:59Z | 2026-06-01T13:20:32Z | 2026-06-08T13:20:12Z"
"NJ","New Jersey","095da7bb-38e1-49a3-8958-69b964fd3c1d","Shore Oral and Maxillofacial Surgery","-74.53927148","39.47572006","dentist","health_and_medical | doctor","54 W Jimmie Leeds Rd","Galloway Twp","08205-9438","NJ","US","+16097489600","","https://www.shoreoms.com","https://www.facebook.com/1611054149179703","Dr. Boris Kalika @ AtlantiCare Medical","0.9199122190475464","open","7","meta | Overture | Overture-signals","CDLA-Permissive-2.0","2026-04-27T00:00:00.000Z | 2026-06-11T11:57:15Z | 2026-05-12T00:29:08Z | 2026-05-18T13:23:54Z | 2026-05-25T13:08:59Z | 2026-06-01T13:20:32Z | 2026-06-08T13:20:12Z"
"NJ","New Jersey","09625648-b2d4-4ff6-b11f-784c1a10d5b2","Dental Office of Paul R. Feldman, DMD","-74.2851081311529","40.7701581852385","dentist","","1500 Pleasant Valley Way #202","West Orange","07052","NJ","US","(973) 669-0500","info@toothtalk.net","http://toothtalk.net","https://www.twitter.com/prfdmd1","","0.77","","5","Foursquare | Overture","Apache-2.0 | CDLA-Permissive-2.0","2021-05-04T00:00:00.000 | 2026-06-11T11:57:15Z"
"NJ","New Jersey","098463b1-0de2-4e13-b823-44bb0ff4ab44","Academy Dental Care","-74.38501427","40.74135141","dentist","general_dentistry | health_and_medical","308 Main St","Chatham","07928-2413","NJ","US","+19736358070","westfieldsmiles@gmail.com","http://www.academydentalcare.com/","https://www.facebook.com/1234972669936056","Academy Dental Care","0.9199122190475464","open","9","meta | Overture | Overture-signals","CDLA-Permissive-2.0","2026-04-27T00:00:00.000Z | 2026-06-11T11:57:15Z | 2026-05-12T00:29:08Z | 2026-05-18T13:23:54Z | 2026-05-25T13:08:59Z | 2026-06-01T13:20:32Z | 2026-06-08T13:20:12Z"
"NJ","New Jersey","098e85ad-8efc-4f0b-b4d4-f02f602c45aa","Dental Health Center of Toms River","-74.18128153","39.98497931","dentist","general_dentistry","1268 Boxelder Dr","Toms River","08753-3322","NJ","US","+17323495535","dhctomsriver@gmail.com","http://www.dhctomsriver.com/","https://www.facebook.com/104397891982031","","0.9199122190475464","open","9","meta | Overture | Overture-signals","CDLA-Permissive-2.0","2026-04-27T00:00:00.000Z | 2026-06-11T11:57:15Z | 2026-05-12T00:29:08Z | 2026-05-18T13:23:54Z | 2026-05-25T13:08:59Z | 2026-06-01T13:20:32Z | 2026-06-08T13:20:12Z"
"NJ","New Jersey","099ba0a5-5680-46c6-8581-4af00604bbbe","Yein Dental Group","-73.9992207","40.8466701","dentist","health_and_medical","225 Broad Ave Ste 102","Palisades Park","07650","NJ","US","2014615171","","https://www.yeindentalgroup.com/","","","0.9199122190475464","open","6","Microsoft | Overture | Overture-signals","CDLA-Permissive-2.0","2025-09-04T10:23:38.823Z | 2026-06-11T11:57:15Z | 2026-05-12T00:29:08Z | 2026-05-18T13:23:54Z | 2026-05-25T13:08:59Z | 2026-06-01T13:20:32Z | 2026-06-08T13:20:12Z"
"NJ","New Jersey","09a358e8-2167-445e-bdb6-4be62be774f0","Bradford S. Jungels","-74.544934101507","39.3702317991959","dentist","","1124 Shore Rd","Northfield","08225","NJ","US","(609) 677-1001","","http://www.atlanticoms.com","","","0.9199122190475464","open","4","Foursquare | Overture | Overture-signals","Apache-2.0 | CDLA-Permissive-2.0","2025-08-19T00:00:00.000 | 2026-06-11T11:57:15Z | 2026-05-12T00:29:08Z | 2026-05-18T13:23:54Z | 2026-05-25T13:08:59Z | 2026-06-01T13:20:32Z | 2026-06-08T13:20:12Z"
"NJ","New Jersey","09b0e46d-0f4a-4dbe-845a-f37297add23c","Dr. Joe Madura DMD","-74.287953","40.481754","dentist","","360 Main St","South Amboy","08879-1634","NJ","US","+17327211166","","https://madura-joseph-j-dentist.hub.biz/","https://www.facebook.com/105014111246595","","0.8853320479393005","","7","meta | Overture","CDLA-Permissive-2.0","2026-04-27T00:00:00.000Z | 2026-06-11T11:57:15Z"
"NJ","New Jersey","09bba052-5d61-4ca1-b3ef-898600b3819b","Ella Kerzhner, DMD","-74.79931411","40.01187516","dentist","general_dentistry | health_and_medical","811 Woodlane Rd","Westampton Twp","08060-1049","NJ","US","+16092671038","woodlanedentist@gmail.com","https://elladentist.com/","https://www.facebook.com/136245436540031","","0.9199122190475464","open","9","meta | Overture | Overture-signals","CDLA-Permissive-2.0","2026-04-27T00:00:00.000Z | 2026-06-11T11:57:15Z | 2026-05-12T00:29:08Z | 2026-05-18T13:23:54Z | 2026-05-25T13:08:59Z | 2026-06-01T13:20:32Z | 2026-06-08T13:20:12Z"
"NJ","New Jersey","09be4fd0-d7ad-4a14-9186-deff5ad91e14","Dr. Anthony Fusco & Dr. Joseph Caravano","-74.55864397","40.86508434","dentist","general_dentistry","390 State Route 10","Randolph","07869-2141","NJ","US","+19733611198","staff@dentistryofrandolph.com","https://www.dentistryofrandolph.com/","https://www.facebook.com/106636543340","","0.9879909157752991","","9","meta | Overture","CDLA-Permissive-2.0","2026-04-27T00:00:00.000Z | 2026-06-11T11:57:15Z"
"NJ","New Jersey","09c31f2c-5266-4f53-a4e0-aecc5de5fa9a","Hoch Orthodontics","-74.3462243155695","40.6454442015387","dentist","","581 Westfield Ave","Westfield","07090","NJ","US","(908) 232-2136","","http://www.thelaserdentalgroup.com","","","0.9199122190475464","open","4","Foursquare | Overture | Overture-signals","Apache-2.0 | CDLA-Permissive-2.0","2025-04-08T00:00:00.000 | 2026-06-11T11:57:15Z | 2026-05-12T00:29:08Z | 2026-05-18T13:23:54Z | 2026-05-25T13:08:59Z | 2026-06-01T13:20:32Z | 2026-06-08T13:20:12Z"
"NJ","New Jersey","09c360f9-4cda-453b-aa55-a938407a24f9","Thomas W. Helwig","-75.2325669676288","39.7023166825677","dentist","","729 Franklinville Rd","Mullica Hill","08062","NJ","US","(856) 478-0200","","http://www.mullicahilldentistry.com","","","0.9199122190475464","open","4","Foursquare | Overture | Overture-signals","Apache-2.0 | CDLA-Permissive-2.0","2025-08-22T00:00:00.000 | 2026-06-11T11:57:15Z | 2026-05-12T00:29:08Z | 2026-05-18T13:23:54Z | 2026-05-25T13:08:59Z | 2026-06-01T13:20:32Z | 2026-06-08T13:20:12Z"
"NJ","New Jersey","0a0e88c5-b4a6-4c02-847c-49f554dee5a5","Canal Vista Family Dental","-74.66066378","40.31656437","dentist","general_dentistry | family_practice","100 Canal Pointe Blvd","Princeton","08540-7063","NJ","US","+16094528630","contact@canalvistadental.com","https://www.canalvistafamilydental.com/","https://www.facebook.com/301511553646404","","0.9902192950248718","open","10","meta | Overture | Overture-signals","CDLA-Permissive-2.0","2026-04-27T00:00:00.000Z | 2026-06-11T11:57:15Z | 2026-05-12T00:29:08Z | 2026-05-18T13:23:54Z | 2026-05-25T13:08:59Z | 2026-06-01T13:20:32Z | 2026-06-08T13:20:12Z"
"NJ","New Jersey","0a3fa7c9-1aff-4997-a9a5-5d8bf689c5db","Lawrence Gorzelnik","-74.45176678","40.78446338","dentist","surgeon | health_and_medical","290 Madison Ave","Morris Twp","07960-7400","NJ","US","+19739666699","drgorzelnik@optonline.net","http://www.drlmg.com/","https://www.facebook.com/322589357771597","Lawrence Gorzelnik, M.D.  Aesthetic and Reconstructive Surgery, L.L.C.","0.9199122190475464","open","8","meta | Overture | Overture-signals","CDLA-Permissive-2.0","2026-04-27T00:00:00.000Z | 2026-06-11T11:57:15Z | 2026-05-12T00:29:08Z | 2026-05-18T13:23:54Z | 2026-05-25T13:08:59Z | 2026-06-01T13:20:32Z | 2026-06-08T13:20:12Z"
"NJ","New Jersey","0a43b9e8-d0a5-411a-8495-ecc68668aa94","Dentistry of Mendham","-74.585516","40.781405","dentist","cosmetic_dentist | doctor","5 Cold Hill Rd S","Mendham","07945","NJ","US","+19735435700","mendhamdentistry@gmail.com","http://www.dentistryofmendham.com/","https://www.facebook.com/137187679627631","Dentistry of Mendham","0.9950959086418152","","8","meta | Overture","CDLA-Permissive-2.0","2026-04-27T00:00:00.000Z | 2026-06-11T11:57:15Z"
"NJ","New Jersey","0a57bfe4-f7f1-484e-bac3-f1f5ff490249","Arlington Family & Cosmetic Dental Associates","-74.63553855","40.90518465","dentist","cosmetic_dentist | general_dentistry","22 Howard Blvd","Mt Arlington","07856-1532","NJ","US","+19732596544","arlingtondental18@gmail.com","http://arlingtondentalnj.com/","https://www.facebook.com/480878955359027","","0.9722161889076233","","8","meta | Overture","CDLA-Permissive-2.0","2026-04-27T00:00:00.000Z | 2026-06-11T11:57:15Z"
"NJ","New Jersey","0a692140-ff91-4f4f-9615-d3da61a1ee38","Stanhope Family Dentistry","-74.710368255097","40.908341713904","dentist","","93 State Route 183","Stanhope","07874","NJ","US","(973) 448-8989","","http://www.stanhopefamilydentistry.com","https://www.facebook.com/588772517887902","","0.9199122190475464","open","8","Foursquare | Overture | Overture-signals","Apache-2.0 | CDLA-Permissive-2.0","2021-01-07T00:00:00.000 | 2026-06-11T11:57:15Z | 2026-05-12T00:29:08Z | 2026-05-18T13:23:54Z | 2026-05-25T13:08:59Z | 2026-06-01T13:20:32Z | 2026-06-08T13:20:12Z"
"NJ","New Jersey","0a6acf90-cd68-49a1-85ed-e9061dab4ede","Brooklyn Cosmetic Dentist: Eddy Gindi, DMD","-74.0272101575427","40.2920704113621","dentist","","211 Monmouth Rd","West Long Branch","07764","NJ","US","(732) 870-0202","","https://www.drgindi.co","https://www.twitter.com/eddygindi | https://www.facebook.com/162008673828955","","0.77","","3","Foursquare | Overture","Apache-2.0 | CDLA-Permissive-2.0","2026-04-03T00:00:00.000 | 2026-06-11T11:57:15Z"
"NJ","New Jersey","0a6e2b0b-33a4-4e66-97f6-ea4482818f82","Essex Oral Surgery","-74.19467142","40.79153381","dentist","oral_surgeon | hospital","364 Franklin St","Bloomfield","07003-3446","NJ","US","+19737481515","","http://blaze.net","https://www.facebook.com/148787078497836","","0.9902192950248718","open","7","meta | Overture | Overture-signals","CDLA-Permissive-2.0","2026-04-27T00:00:00.000Z | 2026-06-11T11:57:15Z | 2026-05-12T00:29:08Z | 2026-05-18T13:23:54Z | 2026-05-25T13:08:59Z | 2026-06-01T13:20:32Z | 2026-06-08T13:20:12Z"
"NJ","New Jersey","0a76765d-1a86-4b47-800b-2dd4ca4a57a4","Jacob Shrayman DDS","-74.22908874","40.82908976","dentist","doctor | health_and_medical","118 Pompton Ave","Verona","07044-2917","NJ","US","+19737914104","polkandental@yahoo.com","http://www.jacobshraymandds.com/","https://www.facebook.com/146846661997667","Jacob Shrayman, DDS","0.9823560893535614","","8","meta | Overture","CDLA-Permissive-2.0","2026-04-27T00:00:00.000Z | 2026-06-11T11:57:15Z"
"NJ","New Jersey","0a953f85-a641-460f-8a68-8f010301bc94","Mmc Dental Pc","-74.230517","40.40208","dentist","health_and_medical | medical_service_organizations","1032 State Route 34","Matawan","07747-3490","NJ","US","+17322909000","dentist@mmcdentalpc.com","http://www.mmcdentalpc.com/","https://www.facebook.com/142247579123165","","0.8954213261604309","","7","meta | Overture","CDLA-Permissive-2.0","2026-04-27T00:00:00.000Z | 2026-06-11T11:57:15Z"
"NJ","New Jersey","0ac7ab90-dc47-409c-bb69-ea2f9de6876d","Guido & Bair","-74.08754148","40.87416903","dentist","eat_and_drink | doctor","2 S Main St","Lodi","07644-2228","NJ","US","+19737794088","","http://www.dentists.lodinj.ypeek.com","https://www.facebook.com/162180197134111","","0.9199122190475464","open","6","meta | Overture | Overture-signals","CDLA-Permissive-2.0","2026-04-27T00:00:00.000Z | 2026-06-11T11:57:15Z | 2026-05-12T00:29:08Z | 2026-05-18T13:23:54Z | 2026-05-25T13:08:59Z | 2026-06-01T13:20:32Z | 2026-06-08T13:20:12Z"
"NJ","New Jersey","0ace84ae-25b5-485a-a68f-31b6504fc59d","Crown’d Dentistry","-75.04669661","39.73707811","dentist","general_dentistry","188 Fries Mill Rd","Washington Twp","08012-2015","NJ","US","+18563525255","office@1badtooth.com","http://www.dayspringlaserdentistry.com","https://www.facebook.com/490215824185181","","0.9199122190475464","open","9","meta | Overture | Overture-signals","CDLA-Permissive-2.0","2026-04-27T00:00:00.000Z | 2026-06-11T11:57:15Z | 2026-05-12T00:29:08Z | 2026-05-18T13:23:54Z | 2026-05-25T13:08:59Z | 2026-06-01T13:20:32Z | 2026-06-08T13:20:12Z"
"NJ","New Jersey","0b138648-4e55-40ee-a756-110d4eabbc3f","Pennsauken Family Dental","-75.06442222","39.95935251","dentist","general_dentistry | cosmetic_dentist","5015 Westfield Ave","Pennsauken","08110-2953","NJ","US","+18566656050","info@penndentalnj.com","http://www.penndentalnj.com/","https://www.facebook.com/658911724250700","","0.9902192950248718","open","8","meta | Overture | Overture-signals","CDLA-Permissive-2.0","2026-04-27T00:00:00.000Z | 2026-06-11T11:57:15Z | 2026-05-12T00:29:08Z | 2026-05-18T13:23:54Z | 2026-05-25T13:08:59Z | 2026-06-01T13:20:32Z | 2026-06-08T13:20:12Z"
"NJ","New Jersey","0b3c797d-5038-4fc7-8485-871b613089f3","Pegasus Dental Center","-74.01118403","40.79589298","dentist","general_dentistry | cosmetic_dentist","6907 Bergenline Ave","Guttenberg","07093-1809","NJ","US","+12016628686","kgrajales@pegasusdentalcenter.com","http://www.pegasusdentalcenter.com/","https://www.facebook.com/284818138305626","Pegasus Dental Center","0.9902192950248718","open","8","meta | Overture | Overture-signals","CDLA-Permissive-2.0","2026-04-27T00:00:00.000Z | 2026-06-11T11:57:15Z | 2026-05-12T00:29:08Z | 2026-05-18T13:23:54Z | 2026-05-25T13:08:59Z | 2026-06-01T13:20:32Z | 2026-06-08T13:20:12Z"
"NJ","New Jersey","0b41cc9b-c67c-47e9-a98b-04d1f931a752","A C Dental","-74.7688095","40.24845189","dentist","general_dentistry","1740 N Olden Avenue Ext","Ewing Twp","08638-3110","NJ","US","+16098441222","acdentalofewing@gmail.com","http://www.acdent.com","https://www.facebook.com/937007789757592","","0.6342370510101318","","8","meta | Overture","CDLA-Permissive-2.0","2026-04-27T00:00:00.000Z | 2026-06-11T11:57:15Z"
"NJ","New Jersey","0b5df914-782e-4fcb-a580-b73b9130f17d","Donald C Thiel Jr DMD","-74.7142178694478","40.2815927854764","dentist","","3100 Princeton Pike Bldg 1 Ste H","Lawrenceville","08648","NJ","US","(609) 882-9088","dcthieldmd@gmail.com","http://thieldentistry.com","https://www.facebook.com/452769854847692","","0.77","","6","Foursquare | Overture","Apache-2.0 | CDLA-Permissive-2.0","2021-05-06T00:00:00.000 | 2026-06-11T11:57:15Z"
"NJ","New Jersey","0b8d372d-3846-4142-aa48-c6de31700e75","Dental Professionals of Jersey City","-74.0377180962399","40.7166241796022","dentist","","75 Montgomery St Fl 503","Jersey City","07302","NJ","US","(201) 200-0500","","https://dentalprofessionalsofjerseycity.com","","","0.77","","5","Foursquare | Overture","Apache-2.0 | CDLA-Permissive-2.0","2026-03-27T00:00:00.000 | 2026-06-11T11:57:15Z"
"NJ","New Jersey","0b8ed584-8793-417a-8412-69b68867ae3a","Plainsboro Family Dentistry","-74.5772214107539","40.3264325329285","dentist","","666 Plainsboro Rd Ste 616","Plainsboro","08536","NJ","US","(609) 799-7766","plainsborofamilydentistry@gmail.com","http://plainsborofamilydentistry.com","https://www.facebook.com/390909964322649","","0.77","","5","Foursquare | Overture","Apache-2.0 | CDLA-Permissive-2.0","2025-08-05T00:00:00.000 | 2026-06-11T11:57:15Z"
"NJ","New Jersey","0b9d1d3e-73c9-4166-ab4c-8a770eab1c11","Dr. Richard J. Mercurio","-74.12308398","40.33243972","dentist","general_dentistry | medical_service_organizations","9 Middletown Lincroft Rd","Lincroft","07738-1511","NJ","US","+17328425005","","http://www.lincroftvillagedental.com/","https://www.facebook.com/201265543245982","","0.9199122190475464","open","9","meta | Overture | Overture-signals","CDLA-Permissive-2.0","2026-04-27T00:00:00.000Z | 2026-06-11T11:57:15Z | 2026-05-12T00:29:08Z | 2026-05-18T13:23:54Z | 2026-05-25T13:08:59Z | 2026-06-01T13:20:32Z | 2026-06-08T13:20:12Z"
"NJ","New Jersey","0bcf258a-4c8e-4531-8535-0ca7a61769ce","Westfield Smiles","-74.34427","40.65486","dentist","","440 E Broad St","Westfield,","07090","NJ","US","(908) 389-6198","dr.feret@westfieldsmiles.com","http://www.westfieldsmiles.com","https://www.twitter.com/westfieldsmiles | https://www.facebook.com/136468316368497","","0.77","","5","Foursquare | Overture","Apache-2.0 | CDLA-Permissive-2.0","2025-08-20T00:00:00.000 | 2026-06-11T11:57:15Z"
"NJ","New Jersey","0be87c4d-620f-4380-8dbf-cf2c6c15c085","Almore Dental Studio","-74.79858284","40.00954344","dentist","general_dentistry","737 Holly Ln","Westampton Twp","08060-2305","NJ","US","+16095342158","","https://mychart.myoryx.com/patient/#/auth/onlineschedule?realm=almoredental&univers=com","https://www.facebook.com/198218870035273","","0.9199122190475464","open","9","meta | Overture | Overture-signals","CDLA-Permissive-2.0","2026-04-27T00:00:00.000Z | 2026-06-11T11:57:15Z | 2026-05-12T00:29:08Z | 2026-05-18T13:23:54Z | 2026-05-25T13:08:59Z | 2026-06-01T13:20:32Z | 2026-06-08T13:20:12Z"
"NJ","New Jersey","0c01cb02-aa0c-4b11-9964-684a72cc760a","Crystal Smiles LLC (Formerly No Tears Dental)","-74.3792505","40.4206002","dentist","health_and_medical","65 Rues Ln","East Brunswick","08816","NJ","US","7322574444","","http://www.crystalsmilesnj.com/","","","0.9902192950248718","open","6","Microsoft | Overture | Overture-signals","CDLA-Permissive-2.0","2022-10-11T20:04:12.823Z | 2026-06-11T11:57:15Z | 2026-05-12T00:29:08Z | 2026-05-18T13:23:54Z | 2026-05-25T13:08:59Z | 2026-06-01T13:20:32Z | 2026-06-08T13:20:12Z"
"NJ","New Jersey","0c0458e8-e2e3-4040-a5f5-ea060d0a0b5c","Demarco Family Dental","-74.33080644","39.60628804","dentist","general_dentistry","345 E Main St","Tuckerton","08087-2805","NJ","US","+16092968700","demarcofamilydental@yahoo.com","http://www.demarcofamilydental.com/","https://www.facebook.com/503835089695289","Demarco Family Dental","0.9998422401547432","","9","meta | Overture","CDLA-Permissive-2.0","2026-04-27T00:00:00.000Z | 2026-06-11T11:57:15Z"
"NJ","New Jersey","0c0dd005-3a1b-4d16-bc38-4928925df4d6","Landmark Dental Practice","-74.4303781","40.62230673","dentist","general_dentistry | medical_service_organizations","345 Somerset St","North Plainfield","07060-4773","NJ","US","+19085617068","","https://landmarkdental.net","https://www.facebook.com/395156237639041","","0.9105041027069092","","8","meta | Overture","CDLA-Permissive-2.0","2026-04-27T00:00:00.000Z | 2026-06-11T11:57:15Z"
"NJ","New Jersey","0c119ef6-563c-4cce-989d-d5c4c93ebe9c","Progressive Dental Group","-74.13460554","41.06647456","dentist","general_dentistry","246 N Franklin Tpke","Ramsey","07446-1604","NJ","US","+12019628855","prodentalramsey@gmail.com","http://prodentalramsey.com/","https://www.facebook.com/107636818853128","","0.9199122190475464","open","8","meta | Overture | Overture-signals","CDLA-Permissive-2.0","2026-04-27T00:00:00.000Z | 2026-06-11T11:57:15Z | 2026-05-12T00:29:08Z | 2026-05-18T13:23:54Z | 2026-05-25T13:08:59Z | 2026-06-01T13:20:32Z | 2026-06-08T13:20:12Z"
"NJ","New Jersey","0c1476c1-d82a-4d93-9342-37c6722f9c87","Eastern Dental","-74.15010244","40.88934992","dentist","general_dentistry | medical_service_organizations","600 Getty Ave","Clifton","07011-2161","NJ","US","+17324747467","clifton@dmgmt.net","https://www.easterndental.com/locations/clifton-nj/","https://www.facebook.com/1424748540975380","Eastern Dental","0.9902192950248718","open","8","meta | Overture | Overture-signals","CDLA-Permissive-2.0","2026-04-27T00:00:00.000Z | 2026-06-11T11:57:15Z | 2026-05-12T00:29:08Z | 2026-05-18T13:23:54Z | 2026-05-25T13:08:59Z | 2026-06-01T13:20:32Z | 2026-06-08T13:20:12Z"
"NJ","New Jersey","0c165cfb-cadf-4cc6-a82c-212eb3fa5b74","Randolph Dental Associates","-74.57105763","40.82604352","dentist","general_dentistry | health_and_medical","1 Schuman Rd","Randolph","07869-4174","NJ","US","+19738953100","randolphdental@optonline.net","https://www.randolphdentalassociates.com/","https://www.facebook.com/233485200008377","","0.9199122190475464","open","8","meta | Overture | Overture-signals","CDLA-Permissive-2.0","2026-04-27T00:00:00.000Z | 2026-06-11T11:57:15Z | 2026-05-12T00:29:08Z | 2026-05-18T13:23:54Z | 2026-05-25T13:08:59Z | 2026-06-01T13:20:32Z | 2026-06-08T13:20:12Z"
"NJ","New Jersey","0c2654ec-e8f1-46a6-8a43-4e092f04e4ec","Sparta Dental Designs","-74.6433008071279","41.0408156005954","dentist","","16 Lafayette Rd","Sparta","07871","NJ","US","(973) 729-2113","","http://spartadentaldesigns.com","","","0.9199122190475464","open","4","Foursquare | Overture | Overture-signals","Apache-2.0 | CDLA-Permissive-2.0","2025-08-19T00:00:00.000 | 2026-06-11T11:57:15Z | 2026-05-12T00:29:08Z | 2026-05-18T13:23:54Z | 2026-05-25T13:08:59Z | 2026-06-01T13:20:32Z | 2026-06-08T13:20:12Z"
"NJ","New Jersey","0c2fded3-6bb0-4564-bb39-55d0c7e960d5","Hamburg Family Dentistry","-74.57100884","41.13838092","dentist","general_dentistry | cosmetic_dentist","225 State RT 23 S","Hamburg","07419-1700","NJ","US","+19732094500","info@hamburgfamilydentistry.com","http://www.hamburgfamilydentistry.com/","https://www.facebook.com/157316227642551","","0.9563082456588745","","8","meta | Overture","CDLA-Permissive-2.0","2026-04-27T00:00:00.000Z | 2026-06-11T11:57:15Z"
"NJ","New Jersey","0c5825c7-c517-453b-9793-49f9dcf48aed","Dickerson Dental Group","-74.58733114","40.8610851","dentist","general_dentistry | doctor","714 State Route 10","Randolph","07869-2058","NJ","US","+19733668338","smile@dickersondentalgroup.com","http://www.dickersondentalgroup.com/","https://www.facebook.com/397354430465142","","0.9902192950248718","open","9","meta | Overture | Overture-signals","CDLA-Permissive-2.0","2026-04-27T00:00:00.000Z | 2026-06-11T11:57:15Z | 2026-05-12T00:29:08Z | 2026-05-18T13:23:54Z | 2026-05-25T13:08:59Z | 2026-06-01T13:20:32Z | 2026-06-08T13:20:12Z"
"NJ","New Jersey","0c7c3594-caef-466c-8e22-21c4ebf8fffe","Advance Dental Care of Vernon","-74.54791926","41.17345665","dentist","health_and_medical | cosmetic_dentist","40 State RT 94","Vernon","07428-7000","NJ","US","+19732094944","advance@zdental.net","https://www.zdental.net/advanced-dental-care-of-vernon","https://www.facebook.com/278896069213622","Zdental","0.9892861247062683","","8","meta | Overture","CDLA-Permissive-2.0","2026-04-27T00:00:00.000Z | 2026-06-11T11:57:15Z"
"NJ","New Jersey","0cc0a344-c921-431b-99c6-a72a48c14e54","Rada Joseph F DDS","-74.08109193","40.36363426","dentist","health_and_medical | family_practice","107 Frost Ave","Middletown Twp","07701-6120","NJ","US","+17327415200","","http://radajosephfdds.placeweb.site","https://www.facebook.com/104169346317542","","0.9199122190475464","open","7","meta | Overture | Overture-signals","CDLA-Permissive-2.0","2026-04-27T00:00:00.000Z | 2026-06-11T11:57:15Z | 2026-05-12T00:29:08Z | 2026-05-18T13:23:54Z | 2026-05-25T13:08:59Z | 2026-06-01T13:20:32Z | 2026-06-08T13:20:12Z"
"NJ","New Jersey","0cde9f82-08af-4bdf-b01d-94aed50498b7","Passaic Family Dental","-74.13339879","40.86840122","dentist","general_dentistry | medical_service_organizations","913 Main Ave","Passaic","07055-8540","NJ","US","+19738150053","","https://passaic-family-dental-nj.hub.biz/","https://www.facebook.com/121401527917749","","0.7696326375007629","","8","meta | Overture","CDLA-Permissive-2.0","2026-04-27T00:00:00.000Z | 2026-06-11T11:57:15Z"
"NJ","New Jersey","0ce0a4b1-d1e2-4baa-9759-8e685a5afcdc","Donaldson Kenneth W DMD","-74.80247049","39.97674414","dentist","general_dentistry | medical_service_organizations","693 Main St","Lumberton","08048-5043","NJ","US","+16092659797","","https://twitter.com/DrKenDMD","https://www.facebook.com/621242184560546","","0.9199122190475464","open","7","meta | Overture | Overture-signals","CDLA-Permissive-2.0","2026-04-27T00:00:00.000Z | 2026-06-11T11:57:15Z | 2026-05-12T00:29:08Z | 2026-05-18T13:23:54Z | 2026-05-25T13:08:59Z | 2026-06-01T13:20:32Z | 2026-06-08T13:20:12Z"
"NJ","New Jersey","0ce5cb5f-7377-4b3e-943d-878871e5f1c3","Kowalski Richard T DMD","-75.12328815","39.74046232","dentist","general_dentistry | health_and_medical","199 N Woodbury Rd","Pitman","08071-1275","NJ","US","+18565890665","","","https://www.facebook.com/116930925033796","","0.8280354738235474","","9","meta | Overture","CDLA-Permissive-2.0","2026-04-27T00:00:00.000Z | 2026-06-11T11:57:15Z"
"NJ","New Jersey","0cf4ac39-49c0-4752-a3af-3d9628e654cd","Scott M. Dubowsky","-74.11952247","40.66335327","dentist","general_dentistry | health_and_medical","12 W 22nd St","Bayonne","07002-3616","NJ","US","+12013391486","scott@drdubowsky.com","http://www.drdubowsky.com/","https://www.facebook.com/122463467777750","","0.9967350345849991","","9","meta | Overture","CDLA-Permissive-2.0","2026-04-27T00:00:00.000Z | 2026-06-11T11:57:15Z"
"NJ","New Jersey","0d0e492a-4a27-4169-a693-ffdfd5f371e1","Capitol Smiles Dental","-74.76611452","40.21916864","dentist","general_dentistry | cosmetic_dentist","101 S Warren St","Trenton","08608-2303","NJ","US","+16098002018","capitolsmilesnj@gmail.com","http://www.capitolsmilesnj.com/","https://www.facebook.com/911547675665877","","0.9902192950248718","open","8","meta | Overture | Overture-signals","CDLA-Permissive-2.0","2026-04-27T00:00:00.000Z | 2026-06-11T11:57:15Z | 2026-05-12T00:29:08Z | 2026-05-18T13:23:54Z | 2026-05-25T13:08:59Z | 2026-06-01T13:20:32Z | 2026-06-08T13:20:12Z"
"NJ","New Jersey","0d0ee290-25aa-4420-923b-dd803832fb85","Advanced Dentistry","-74.37296279","40.73912695","dentist","general_dentistry | health_and_medical","33 Main St","Chatham","07928-2433","NJ","US","+19736350626","dratanase@gmail.com","http://www.atanasesmiles.com/","https://www.facebook.com/156834547729954","Advanced Dentistry, LLC","0.9199122190475464","open","8","meta | Overture | Overture-signals","CDLA-Permissive-2.0","2026-04-27T00:00:00.000Z | 2026-06-11T11:57:15Z | 2026-05-12T00:29:08Z | 2026-05-18T13:23:54Z | 2026-05-25T13:08:59Z | 2026-06-01T13:20:32Z | 2026-06-08T13:20:12Z"
"NJ","New Jersey","0d1043a2-c361-4712-a5cc-5ba5027edf03","Somerdale Family Dental","-75.02120303","39.84721611","dentist","doctor | health_and_medical","205 N White Horse Pike","Somerdale","08083-1646","NJ","US","+18567833499","info@somerdalefamilydental.com","http://somerdalefamilydental.com/","https://www.facebook.com/804210946296861","","0.9199122190475464","open","6","meta | Overture | Overture-signals","CDLA-Permissive-2.0","2026-04-27T00:00:00.000Z | 2026-06-11T11:57:15Z | 2026-05-12T00:29:08Z | 2026-05-18T13:23:54Z | 2026-05-25T13:08:59Z | 2026-06-01T13:20:32Z | 2026-06-08T13:20:12Z"
"NJ","New Jersey","0d1889d5-650c-440c-9f09-e92bad527082","Encore Dental of Shrewsbury","-74.0651072","40.3162195","dentist","health_and_medical","40 Shrewsbury Plz","Shrewsbury","07702","NJ","US","7322688137","","http://thesmilist.com/encore-dental-shrewsbury-dentist/","","","0.85","","7","Microsoft | Overture","CDLA-Permissive-2.0","2023-05-09T16:26:13.647Z | 2026-06-11T11:57:15Z"
"NJ","New Jersey","0d3623be-33a0-49ae-bd07-549a2f801343","Adam E Feret DMD","-74.3444439731812","40.6549557522703","dentist","doctor | health_and_medical","440 E Broad St","Westfield","07090-2124","NJ","US","+19082339280","","http://www.westfieldsmiles.com","https://www.facebook.com/160516783970295","","0.9059165716171265","","9","meta | Overture","CDLA-Permissive-2.0","2026-04-27T00:00:00.000Z | 2026-06-11T11:57:15Z"
"NJ","New Jersey","0d639da7-3f5c-455f-bd33-f968c126610e","Rauzman Dental","-74.1526866","40.825219","dentist","health_and_medical","6 Main Ave","Clifton","07014","NJ","US","9736673515","","https://dentistnutleynj.com/","","","0.85","","7","Microsoft | Overture","CDLA-Permissive-2.0","2025-09-01T02:25:00.050Z | 2026-06-11T11:57:15Z"
"NJ","New Jersey","0d6c473c-9c99-4546-81da-d7da5bd63839","Elite Dentistry of Madison","-74.4062242","40.75361258","dentist","general_dentistry | health_and_medical","214 Main St","Madison","07940-2289","NJ","US","+19733776760","","http://elitedentistryofmadison.com","https://www.facebook.com/120960554627942","Elite Dentistry of Madison LLC","0.9199122190475464","open","8","meta | Overture | Overture-signals","CDLA-Permissive-2.0","2026-04-27T00:00:00.000Z | 2026-06-11T11:57:15Z | 2026-05-12T00:29:08Z | 2026-05-18T13:23:54Z | 2026-05-25T13:08:59Z | 2026-06-01T13:20:32Z | 2026-06-08T13:20:12Z"
"NJ","New Jersey","0d7681fc-72c8-4c0d-9e70-83b340b38391","Carteret Dental","-74.22648647","40.58427651","dentist","general_dentistry | health_and_medical","283 Washington Ave","Carteret","07008-2727","NJ","US","+17328603900","","http://Carteretdental.com/","https://www.facebook.com/793146157478951","","0.9199122190475464","open","8","meta | Overture | Overture-signals","CDLA-Permissive-2.0","2026-04-27T00:00:00.000Z | 2026-06-11T11:57:15Z | 2026-05-12T00:29:08Z | 2026-05-18T13:23:54Z | 2026-05-25T13:08:59Z | 2026-06-01T13:20:32Z | 2026-06-08T13:20:12Z"
"NJ","New Jersey","0d795b39-ef0e-459c-8b8b-29887a38d9b1","Vanaria Dental Woodbury","-75.15766735","39.839419","dentist","general_dentistry | health_and_medical","159 Delaware St","Woodbury","08096-5914","NJ","US","+18568488400","","http://www.vanariadental.com/","https://www.facebook.com/465979650424068","","0.9680737853050232","","2","meta | Overture","CDLA-Permissive-2.0","2026-04-27T00:00:00.000Z | 2026-06-11T11:57:15Z"
"NJ","New Jersey","0d795f12-f40a-4a78-8fbc-967901a31f83","Abra Dental - Bloomfield Ave","-74.1769788","40.7619611","dentist","health_and_medical","223 Bloomfield Ave Ste 1","Newark","07104","NJ","US","9734358100","","http://www.abradental.com/","","","0.9655","","7","Microsoft | Overture","CDLA-Permissive-2.0","2024-05-21T14:56:50.090Z | 2026-06-11T11:57:15Z"
"NJ","New Jersey","0da14130-6363-41d7-98cf-387b42246c3d","Dr. Placa, Family Dentistry, LLC","-74.2877008144498","40.5820024086547","dentist","","433 Avenel St","Avenel","07001","NJ","US","(732) 634-4797","","http://madsenplacadental.com","https://www.facebook.com/105269829659307","","0.9199122190475464","open","4","Foursquare | Overture | Overture-signals","Apache-2.0 | CDLA-Permissive-2.0","2023-04-05T00:00:00.000 | 2026-06-11T11:57:15Z | 2026-05-12T00:29:08Z | 2026-05-18T13:23:54Z | 2026-05-25T13:08:59Z | 2026-06-01T13:20:32Z | 2026-06-08T13:20:12Z"
"NJ","New Jersey","0dbde94a-090b-4b27-85cd-980ff5faf2bf","Mully John R DMD PA","-74.0938629279123","40.8969900670307","dentist","","337 Market St Ste 1","Saddle Brook","07663","NJ","US","(201) 843-6677","","http://www.drjohnrmully.com","","","0.77","","5","Foursquare | Overture","Apache-2.0 | CDLA-Permissive-2.0","2025-08-22T00:00:00.000 | 2026-06-11T11:57:15Z"
"NJ","New Jersey","0de78f98-2669-4284-9e38-103e900cfb75","Jeffrey R Delson, DDS","-74.3728000236004","39.4022982885853","dentist","","1307 W Brigantine Ave","Brigantine","08203","NJ","US","(609) 266-5270","jeffroson@aol.com","https://www.jeffdelsondds.com","https://www.facebook.com/1700330360181688","","0.77","","5","Foursquare | Overture","Apache-2.0 | CDLA-Permissive-2.0","2025-05-23T00:00:00.000 | 2026-06-11T11:57:15Z"
"NJ","New Jersey","0e1b9306-3dd4-4b02-95d8-330260d05565","Dr Smith","-74.4069279564347","40.5117418015694","dentist","","2 State Route 27, Edison, NJ 08820, United States","Edison","08820","NJ","US","(732) 549-7380","","https://health.usnews.com/doctors/daniel-smith-332220","","","0.77","","6","Foursquare | Overture","Apache-2.0 | CDLA-Permissive-2.0","2025-05-24T00:00:00.000 | 2026-06-11T11:57:15Z"
"NJ","New Jersey","0e386083-a801-415e-8f34-7af5a8a65c4d","Colonial Dental Laboratory","-74.92582186","39.80803989","dentist","health_and_medical","155 Bradford Dr","West Berlin","08091-9207","NJ","US","+18567536600","infowb@thedentallab.net","https://thedentallab.net/west-berlin-nj/","https://www.facebook.com/176319615561702","The Dental Lab","0.9199122190475464","open","9","meta | Overture | Overture-signals","CDLA-Permissive-2.0","2026-04-27T00:00:00.000Z | 2026-06-11T11:57:15Z | 2026-05-12T00:29:08Z | 2026-05-18T13:23:54Z | 2026-05-25T13:08:59Z | 2026-06-01T13:20:32Z | 2026-06-08T13:20:12Z"
"NJ","New Jersey","0e5195ed-8e43-42f6-a830-8c12cbf910f3","Dr. Lisa Holly Abis-Velasco Family Dentist","-74.0990656","40.69866244","dentist","general_dentistry | doctor","47 Romar Ave","Jersey City","07305-1834","NJ","US","+12019858877","","http://abisvelascolisahollydds.placeweb.site","https://www.facebook.com/150535101645413","","0.9902192950248718","open","8","meta | Overture | Overture-signals","CDLA-Permissive-2.0","2026-04-27T00:00:00.000Z | 2026-06-11T11:57:15Z | 2026-05-12T00:29:08Z | 2026-05-18T13:23:54Z | 2026-05-25T13:08:59Z | 2026-06-01T13:20:32Z | 2026-06-08T13:20:12Z"
"NJ","New Jersey","0e549993-006b-4196-8988-c30564702684","American Dental Arts","-74.556548","40.716461","dentist","general_dentistry | professional_services","150 N Finley Ave","Basking Ridge","07920-1686","NJ","US","+19087660434","faridniadds@optonline.net","http://AmericanDentalArts.com/","https://www.facebook.com/117107348010300","American Dental Arts - Clark","0.9972705313563347","","10","meta | Overture","CDLA-Permissive-2.0","2026-04-27T00:00:00.000Z | 2026-06-11T11:57:15Z"
"NJ","New Jersey","0e78f779-b6ee-4aa0-bb30-a889a46aedc6","Edgewater Dental Associates","-73.9750300619259","40.8262719983633","dentist","","18 Hilliard Ave","Edgewater","07020","NJ","US","(201) 941-9666","info@edgewaterdental.com","http://edgewaterdental.com","https://www.facebook.com/156896314393999","","0.77","","5","Foursquare | Overture","Apache-2.0 | CDLA-Permissive-2.0","2025-05-29T00:00:00.000 | 2026-06-11T11:57:15Z"
"NJ","New Jersey","0e799fcf-023f-4340-b390-44601e9c4c43","Sharon M. Verdinelli, Dmd","-75.1718658263477","39.7966811372591","dentist","","1165 Mantua Pike","West Deptford","08051","NJ","US","(856) 464-1141","staff@friendlysmiles.com","https://www.friendlysmiles.com","https://www.facebook.com/160203370672661","","0.9199122190475464","open","4","Foursquare | Overture | Overture-signals","Apache-2.0 | CDLA-Permissive-2.0","2025-08-22T00:00:00.000 | 2026-06-11T11:57:15Z | 2026-05-12T00:29:08Z | 2026-05-18T13:23:54Z | 2026-05-25T13:08:59Z | 2026-06-01T13:20:32Z | 2026-06-08T13:20:12Z"
"NJ","New Jersey","0e91154c-21f8-4b5f-abeb-fd03a2bd0caf","Dentures Unlimited","-75.07340439","39.85102314","dentist","laboratory_testing","206 N Black Horse Pike","Runnemede","08078-1665","NJ","US","+18569391400","denturesunlimited@yahoo.com","https://denturesunlimited.com","https://www.facebook.com/166766736674168","","0.9199122190475464","open","6","meta | Overture | Overture-signals","CDLA-Permissive-2.0","2026-04-27T00:00:00.000Z | 2026-06-11T11:57:15Z | 2026-05-12T00:29:08Z | 2026-05-18T13:23:54Z | 2026-05-25T13:08:59Z | 2026-06-01T13:20:32Z | 2026-06-08T13:20:12Z"
"NJ","New Jersey","0e9c58c6-12b7-4b48-ba2e-b57366ce2da0","Michael Dill DMD","-74.3535108900701","40.622371660835","dentist","","1776 Martine Ave","Scotch Plains","07076","NJ","US","(908) 889-8382","","https://doctordilldentalcare.wordpress.com","","","0.77","","5","Foursquare | Overture","Apache-2.0 | CDLA-Permissive-2.0","2025-08-22T00:00:00.000 | 2026-06-11T11:57:15Z"
"NJ","New Jersey","0ec2ca9b-dfd6-4c23-aed5-b2030d0dc6fb","Andrew Howard","-74.46360575","40.78734996","dentist","general_dentistry | cosmetic_dentist","101 Madison Ave","Morristown","07960-7305","NJ","US","+19735393911","drandrewhoward@drandrewhoward.com","http://www.drandrewhoward.com/","https://www.facebook.com/1682743892011360","","0.9199122190475464","open","8","meta | Overture | Overture-signals","CDLA-Permissive-2.0","2026-04-27T00:00:00.000Z | 2026-06-11T11:57:15Z | 2026-05-12T00:29:08Z | 2026-05-18T13:23:54Z | 2026-05-25T13:08:59Z | 2026-06-01T13:20:32Z | 2026-06-08T13:20:12Z"
"NJ","New Jersey","0ee06d82-54e8-4c91-965e-6a578a942f0d","NÜVA Smile","-74.008288","40.882448","dentist","health_and_medical","741 Teaneck Rd","Teaneck","07666","NJ","US","2018379070","","https://www.njdentalcenters.com/teaneck-dentist","","","0.9902192950248718","open","6","Microsoft | Overture | Overture-signals","CDLA-Permissive-2.0","2023-05-03T22:24:01.340Z | 2026-06-11T11:57:15Z | 2026-05-12T00:29:08Z | 2026-05-18T13:23:54Z | 2026-05-25T13:08:59Z | 2026-06-01T13:20:32Z | 2026-06-08T13:20:12Z"
"NJ","New Jersey","0ef726b9-69ef-45ce-bf51-c1650f9bbf13","Smiles N Beyond","-74.11370657","40.85082198","dentist","general_dentistry","27 Locust Ave","Wallington","07057-1304","NJ","US","+19735948885","info@smilesnbeyond.com","https://smilesnbeyond.com/","https://www.facebook.com/268758856331036","","0.9199122190475464","open","7","meta | Overture | Overture-signals","CDLA-Permissive-2.0","2026-04-27T00:00:00.000Z | 2026-06-11T11:57:15Z | 2026-05-12T00:29:08Z | 2026-05-18T13:23:54Z | 2026-05-25T13:08:59Z | 2026-06-01T13:20:32Z | 2026-06-08T13:20:12Z"
"NJ","New Jersey","0f052374-a2f6-478a-bffe-2e99da5133a5","Smile Plus Dental","-74.33868127","40.56027775","dentist","orthodontist | health_and_medical","139 Lincoln Hwy","Edison","08820-3807","NJ","US","+17326033900","drfalgunipatel@gmail.com","http://www.smileplusnj.com/","https://www.facebook.com/157949907593034","","0.9902192950248718","open","9","meta | Overture | Overture-signals","CDLA-Permissive-2.0","2026-04-27T00:00:00.000Z | 2026-06-11T11:57:15Z | 2026-05-12T00:29:08Z | 2026-05-18T13:23:54Z | 2026-05-25T13:08:59Z | 2026-06-01T13:20:32Z | 2026-06-08T13:20:12Z"
"NJ","New Jersey","0f137a00-5d3c-44c3-b745-8dc22b0a6fad","Dentistry on Haddon","-75.04482163","39.90688247","dentist","general_dentistry","326 Haddon Ave","Haddon Twp","08108","NJ","US","+18568540146","westmont@dentistryofsouthjersey.com","http://www.dentistryonhaddon.com/","https://www.facebook.com/108934162466394","","0.9199122190475464","open","10","meta | Overture | Overture-signals","CDLA-Permissive-2.0","2026-04-27T00:00:00.000Z | 2026-06-11T11:57:15Z | 2026-05-12T00:29:08Z | 2026-05-18T13:23:54Z | 2026-05-25T13:08:59Z | 2026-06-01T13:20:32Z | 2026-06-08T13:20:12Z"
"NJ","New Jersey","0f1c94cd-0640-42f7-911b-4154befe23ff","Gordon Dufour","-74.29542466","40.96643274","dentist","lawyer","556 Newark Pompton Tpke","Pequannock Twp","07444-1729","NJ","US","+19738357666","","","https://www.facebook.com/160033204017655","","0.9199122190475464","open","9","meta | Overture | Overture-signals","CDLA-Permissive-2.0","2026-04-27T00:00:00.000Z | 2026-06-11T11:57:15Z | 2026-05-12T00:29:08Z | 2026-05-18T13:23:54Z | 2026-05-25T13:08:59Z | 2026-06-01T13:20:32Z | 2026-06-08T13:20:12Z"
"NJ","New Jersey","0f227881-c29a-4085-a2ea-6b05a66a3353","Smiles on the Hudson","-73.9928360251032","40.8051636262932","dentist","","125 River Road, Suite 104","Edgewater","07020","NJ","US","(201) 941-0088","contactus@smilesonthehudson.com","https://www.smilesonthehudson.com","","","0.77","","1","Foursquare | Overture","Apache-2.0 | CDLA-Permissive-2.0","2026-04-13T00:00:00.000 | 2026-06-11T11:57:15Z"
"NJ","New Jersey","0f2cddcf-48de-4b13-bb3b-8685201ac7cf","Chua Pio DMD Family Dentistry","-74.586858188197","39.3344467324727","dentist","","2106 New Rd","Linwood","08221","NJ","US","(609) 788-4059","drpschua@gmail.com","http://www.chuafamilycosmeticdentistry.com","https://www.facebook.com/227150860979937","","0.77","","5","Foursquare | Overture","Apache-2.0 | CDLA-Permissive-2.0","2025-08-22T00:00:00.000 | 2026-06-11T11:57:15Z"
"NJ","New Jersey","0f337008-7c17-4fcd-ae5c-5130df94bdf7","Dr. Perillo, D.M.D.","-74.0739156321983","40.8658715320714","dentist","","202 Lasalle Ave","Hasbrouck Heights","07604","NJ","US","(201) 727-0988","","http://www.perilloortho.com","","","0.9199122190475464","open","4","Foursquare | Overture | Overture-signals","Apache-2.0 | CDLA-Permissive-2.0","2025-08-11T00:00:00.000 | 2026-06-11T11:57:15Z | 2026-05-12T00:29:08Z | 2026-05-18T13:23:54Z | 2026-05-25T13:08:59Z | 2026-06-01T13:20:32Z | 2026-06-08T13:20:12Z"
"NJ","New Jersey","0f60bfd1-be70-4fae-b938-437d2a6a459d","DDG Dental NJ","-74.285295","40.700198","dentist","cosmetic_dentist | health_and_medical","","Union","","NJ","US","","","https://linktr.ee/DDGNJ","https://www.facebook.com/120776144728583","","0.9742164611816406","","3","meta | Overture","CDLA-Permissive-2.0","2026-04-27T00:00:00.000Z | 2026-06-11T11:57:15Z"
"NJ","New Jersey","0f8143ec-7005-4526-b648-c91a87c7ce2e","Friendly Family Dental Center","-74.37080381","40.89177591","dentist","general_dentistry | doctor","150 River Rd","Montville","07045-8916","NJ","US","+19733349495","friendlydental@hotmail.com","http://www.friendlydental.net/","https://www.facebook.com/1581684058778333","Friendly Dental Care","0.9199122190475464","open","10","meta | Overture | Overture-signals","CDLA-Permissive-2.0","2026-04-27T00:00:00.000Z | 2026-06-11T11:57:15Z | 2026-05-12T00:29:08Z | 2026-05-18T13:23:54Z | 2026-05-25T13:08:59Z | 2026-06-01T13:20:32Z | 2026-06-08T13:20:12Z"
"NJ","New Jersey","0fa8a026-e57a-4ff3-896e-571d03f1a72c","ProDentalFX","-74.08200773","40.71993091","dentist","general_dentistry | medical_service_organizations","558 West Side Ave","Jersey City","07304-1618","NJ","US","+12014517645","prodentalfx@gmail.com","http://drtoothfix.com","https://www.facebook.com/472499276193199","","0.9871940016746521","","9","meta | Overture","CDLA-Permissive-2.0","2026-04-27T00:00:00.000Z | 2026-06-11T11:57:15Z"
"NJ","New Jersey","0faf5912-a487-4d7b-a87a-fcd03454ef9b","White and Healthy Smile Center","-74.12547108","40.65546944","dentist","general_dentistry","255 Broadway","Bayonne","07002","NJ","US","+12014717600","","","https://www.facebook.com/101479478718351","","0.9199122190475464","open","7","meta | Overture | Overture-signals","CDLA-Permissive-2.0","2026-04-27T00:00:00.000Z | 2026-06-11T11:57:15Z | 2026-05-12T00:29:08Z | 2026-05-18T13:23:54Z | 2026-05-25T13:08:59Z | 2026-06-01T13:20:32Z | 2026-06-08T13:20:12Z"
"NJ","New Jersey","0fafe26d-7518-4ab7-af2d-c00156bfb574","Johnson Family & Cosmetic Dentistry","-74.64110391","40.68176292","dentist","cosmetic_dentist | general_dentistry","420 Main St","Bedminster","07921-2604","NJ","US","+19087810095","egjdmd@yahoo.com","http://www.DrEdwardJohnson.com/","https://www.facebook.com/124823554291442","","0.9526513814926147","","8","meta | Overture","CDLA-Permissive-2.0","2026-04-27T00:00:00.000Z | 2026-06-11T11:57:15Z"
"NJ","New Jersey","0fdf06af-0fb4-4d39-9c4c-168e4a2bf858","Suzana Dental Office","-74.11129269","40.6762659","dentist","general_dentistry | cosmetic_dentist","835 Avenue C","Bayonne","07002-2915","NJ","US","+12013391164","suzanadental@gmail.com","http://www.suzanadental.com/","https://www.facebook.com/138683683343227","","0.9199122190475464","open","8","meta | Overture | Overture-signals","CDLA-Permissive-2.0","2026-04-27T00:00:00.000Z | 2026-06-11T11:57:15Z | 2026-05-12T00:29:08Z | 2026-05-18T13:23:54Z | 2026-05-25T13:08:59Z | 2026-06-01T13:20:32Z | 2026-06-08T13:20:12Z"
"NJ","New Jersey","0fedd311-e331-4d8e-b86c-9a363a167904","Gross Jerry DDS","-74.17167281","40.91653775","dentist","general_dentistry","152 Market St","Paterson","07505-1710","NJ","US","+19732472580","","","https://www.facebook.com/132102206875162","","0.9199122190475464","open","7","meta | Overture | Overture-signals","CDLA-Permissive-2.0","2026-04-27T00:00:00.000Z | 2026-06-11T11:57:15Z | 2026-05-12T00:29:08Z | 2026-05-18T13:23:54Z | 2026-05-25T13:08:59Z | 2026-06-01T13:20:32Z | 2026-06-08T13:20:12Z"
"NJ","New Jersey","101d8dec-79d7-44d9-933b-07c5334f15c9","Ardent Dental Arts","-74.35681583","40.30326668","dentist","general_dentistry","14 Wilson Ave","Englishtown","07726-1576","NJ","US","+17326274108","rnanda@ardentdentalnj.com","https://ardentdentalnj.com/","https://www.facebook.com/106172770972894","","0.9902192950248718","open","9","meta | Overture | Overture-signals","CDLA-Permissive-2.0","2026-04-27T00:00:00.000Z | 2026-06-11T11:57:15Z | 2026-05-12T00:29:08Z | 2026-05-18T13:23:54Z | 2026-05-25T13:08:59Z | 2026-06-01T13:20:32Z | 2026-06-08T13:20:12Z"
"NJ","New Jersey","1049fdc1-d6bb-4dc3-ae79-7e9dc542e97f","Laser Dentistry of Fair Lawn","-74.13244984","40.93286869","dentist","periodontist | oral_surgeon","12-51 River Rd","Fair Lawn","07410-1812","NJ","US","+12017960133","drjeffrey1119@yahoo.com","http://www.laserdentistryoffairlawn.com/","https://www.facebook.com/129801704340734","Laser Dentistry of Fair Lawn","0.9902192950248718","open","8","meta | Overture | Overture-signals","CDLA-Permissive-2.0","2026-04-27T00:00:00.000Z | 2026-06-11T11:57:15Z | 2026-05-12T00:29:08Z | 2026-05-18T13:23:54Z | 2026-05-25T13:08:59Z | 2026-06-01T13:20:32Z | 2026-06-08T13:20:12Z"
"NJ","New Jersey","107e4698-7ca2-4cb5-82b8-e85526e1ca80","The Star Dental Group","-74.49840713","40.61313244","dentist","general_dentistry","161 Washington Valley Rd","Warren","07059-7176","NJ","US","+17325630066","info@thestardentalgroup.com","http://www.warrensbestdentist.com/?y_source=1_MjIzNjQyODYtNTU5LWxvY2F0aW9uLndlYnNpdGU%3D","https://www.facebook.com/1421887834501022","","0.9810630679130554","","9","meta | Overture","CDLA-Permissive-2.0","2026-04-27T00:00:00.000Z | 2026-06-11T11:57:15Z"
"NJ","New Jersey","10871ca1-3d68-437d-bdb1-5ff9d257f9fe","iCODental Group","-74.650549","40.399411","dentist","cosmetic_dentist","414 Wall St","Princeton","08540-1504","NJ","US","+19518774218","marketing@icodentalgroup.com","https://icodentalgroup.com/","https://www.facebook.com/109770165415041","","0.7319974303245544","","9","meta | Overture","CDLA-Permissive-2.0","2026-04-27T00:00:00.000Z | 2026-06-11T11:57:15Z"
"NJ","New Jersey","10aebd6f-7d82-4c0d-afc4-07306bb79783","Roy V Forbes, DMD, MAGD, FICOI","-73.969675","40.900604","dentist","","216 Engle St","Englewood","07631","NJ","US","+12014316867","","http://myenglewooddentist.com/","","","1","","7","DAC | Overture","CDLA-Permissive-2.0","2026-06-10T16:03:35.911Z | 2026-06-11T11:57:15Z"
"NJ","New Jersey","10b8349f-03e6-411a-8df9-b1f07c0f560f","Hanover Dental","-74.39916478","40.81485703","dentist","endodontist | general_dentistry","135 State Route 10","Whippany","07981-2102","NJ","US","+19733968808","stdental99@gmail.com","http://www.stsmiledental.com/","https://www.facebook.com/520312054497585","","0.9199122190475464","open","7","meta | Overture | Overture-signals","CDLA-Permissive-2.0","2026-04-27T00:00:00.000Z | 2026-06-11T11:57:15Z | 2026-05-12T00:29:08Z | 2026-05-18T13:23:54Z | 2026-05-25T13:08:59Z | 2026-06-01T13:20:32Z | 2026-06-08T13:20:12Z"
"NJ","New Jersey","10bfbde4-d1ef-4f50-b86b-79275c0a9f8e","NJ Smiles","-74.268451566189","40.679306217296","dentist","","372 Chestnut St","Union","07083","NJ","US","(908) 686-0060","","https://www.njsmilesdental.com/union","","","0.9199122190475464","open","5","Foursquare | Overture | Overture-signals","Apache-2.0 | CDLA-Permissive-2.0","2025-09-26T00:00:00.000 | 2026-06-11T11:57:15Z | 2026-05-12T00:29:08Z | 2026-05-18T13:23:54Z | 2026-05-25T13:08:59Z | 2026-06-01T13:20:32Z | 2026-06-08T13:20:12Z"
"NJ","New Jersey","11109bcc-9c5b-43b8-afed-93fdb18b92fc","Skyview Dental Partners","-73.97483629","40.82541499","dentist","general_dentistry | cosmetic_dentist","880 River Rd","Edgewater","07020-7230","NJ","US","+12013134700","","http://www.skyviewdentalgroup.com","https://www.facebook.com/129446370462554","Skyview Dental","0.9199122190475464","open","9","meta | Overture | Overture-signals","CDLA-Permissive-2.0","2026-04-27T00:00:00.000Z | 2026-06-11T11:57:15Z | 2026-05-12T00:29:08Z | 2026-05-18T13:23:54Z | 2026-05-25T13:08:59Z | 2026-06-01T13:20:32Z | 2026-06-08T13:20:12Z"
"NJ","New Jersey","111ce59e-0c96-4745-a58a-63cac0d12587","Wayne Dental Arts","-74.27155467","40.93279561","dentist","general_dentistry | cosmetic_dentist","95 Packanack Lake Rd","Wayne","07470-7400","NJ","US","+19736948625","info@waynedentalarts.com","http://www.waynedentalarts.com/contact-us/contact-information-office-map/","https://www.facebook.com/310558900996","","0.9199122190475464","open","9","meta | Overture | Overture-signals","CDLA-Permissive-2.0","2026-04-27T00:00:00.000Z | 2026-06-11T11:57:15Z | 2026-05-12T00:29:08Z | 2026-05-18T13:23:54Z | 2026-05-25T13:08:59Z | 2026-06-01T13:20:32Z | 2026-06-08T13:20:12Z"
"NJ","New Jersey","111e6419-1f40-4842-bc11-36627a9fb07d","Eastern Dental","-75.16435181","39.81153621","dentist","general_dentistry | doctor","1006 Mantua Pike","Woodbury Heights","08097-1221","NJ","US","+17324747445","woodburyheights@dmgmt.net","https://www.easterndental.com/locations/woodbury-heights-nj/","https://www.facebook.com/755722351227005","Eastern Dental","0.9902192950248718","open","9","meta | Overture | Overture-signals","CDLA-Permissive-2.0","2026-04-27T00:00:00.000Z | 2026-06-11T11:57:15Z | 2026-05-12T00:29:08Z | 2026-05-18T13:23:54Z | 2026-05-25T13:08:59Z | 2026-06-01T13:20:32Z | 2026-06-08T13:20:12Z"
"NJ","New Jersey","111f2fa0-b57f-44b4-9252-2514ea538ee7","Dr. Debra Duryea, DMD","-74.585397","40.781668","dentist","counseling_and_mental_health | pediatric_dentist","5 Cold Hill Rd S","Mendham","07945","NJ","US","+19735432232","","http://www.aestheticimagedentistry.com","https://www.facebook.com/693409547354095","Dr. Debra Duryea, DMD","0.9465237855911255","","10","meta | Overture","CDLA-Permissive-2.0","2026-04-27T00:00:00.000Z | 2026-06-11T11:57:15Z"
"NJ","New Jersey","113d79be-ce68-4ae8-81ab-eb6eae936e6c","Dover Family Dentistry","-74.5550271731215","40.8878648908222","dentist","","66 E McFarlan St","Dover","07801","NJ","US","(973) 361-6200","info@doverfamilydentistry.com","http://www.doverfamilydentistry.com","","","0.9199122190475464","open","4","Foursquare | Overture | Overture-signals","Apache-2.0 | CDLA-Permissive-2.0","2025-08-19T00:00:00.000 | 2026-06-11T11:57:15Z | 2026-05-12T00:29:08Z | 2026-05-18T13:23:54Z | 2026-05-25T13:08:59Z | 2026-06-01T13:20:32Z | 2026-06-08T13:20:12Z"
"NJ","New Jersey","1158c661-4190-4ee1-ad86-8c6b50af3f28","Exclusively Endodontics","-74.81718988","39.87371793","dentist","endodontist | doctor","25 Jackson Rd","Medford","08055-9220","NJ","US","+16096549180","","http://www.rootcanalnj.com","https://www.facebook.com/162604773757409","Exclusively Endodontics","0.9199122190475464","open","9","meta | Overture | Overture-signals","CDLA-Permissive-2.0","2026-04-27T00:00:00.000Z | 2026-06-11T11:57:15Z | 2026-05-12T00:29:08Z | 2026-05-18T13:23:54Z | 2026-05-25T13:08:59Z | 2026-06-01T13:20:32Z | 2026-06-08T13:20:12Z"
"NJ","New Jersey","115cae55-fb81-4904-95cc-b1f06250a4a2","Cambridge Dental Group","-74.134668797605","40.0776373735483","dentist","orthodontist | doctor","1608 Route 88","Brick","08724-3009","NJ","US","+17325173685","","http://cambridge-dental.com/","https://www.facebook.com/565747243933865","Cambridge Dental Group","0.996726730465889","","8","meta | Overture","CDLA-Permissive-2.0","2026-04-27T00:00:00.000Z | 2026-06-11T11:57:15Z"
"NJ","New Jersey","117b5b13-d12e-4222-8b2c-935d6a0063d7","Warren Ridge Dental","-74.5770743426742","40.644527443613","dentist","health_and_medical | pediatric_dentist","25 Mountainview Blvd","Basking Ridge","07920-3452","NJ","US","+19086040200","contact.drtomdistefano@verizon.net","http://www.drtomdistefano.com/","https://www.facebook.com/199676480044343","Warren Ridge Dental","0.9793124198913574","","9","meta | Overture","CDLA-Permissive-2.0","2026-04-27T00:00:00.000Z | 2026-06-11T11:57:15Z"
"NJ","New Jersey","117c0ea9-ad60-4585-9a17-f871e26cf00b","DePaolo & Wagner DMD","-74.06435829","40.34572635","dentist","general_dentistry | medical_service_organizations","191 Broad St","Red Bank","07701-2048","NJ","US","+17327472032","melindawagnerdmd@gmail.com","http://www.melindawagnerdmd.com/","https://www.facebook.com/312219809522","","0.9828532338142395","","2","meta | Overture","CDLA-Permissive-2.0","2026-04-27T00:00:00.000Z | 2026-06-11T11:57:15Z"
"NJ","New Jersey","117f4e11-205a-4ff6-9f62-07db3dd76931","Lodi Family Dental Care","-74.09447847","40.87848352","dentist","general_dentistry | cosmetic_dentist","374 Harrison Ave","Lodi","07644-1121","NJ","US","+19733409047","","http://lodifamilydentist.com/","https://www.facebook.com/308736205907470","","0.9528056979179382","","9","meta | Overture","CDLA-Permissive-2.0","2026-04-27T00:00:00.000Z | 2026-06-11T11:57:15Z"
"NJ","New Jersey","119ffd99-4815-4ce8-9a3d-621453e764eb","Starik Dental Studio","-73.97640441","40.94192819","dentist","","300 Knickerbocker Rd","Cresskill","07626-1328","NJ","US","+12015686688","starikdentalstudio@gmail.com","https://starikdentalstudio.com/","https://www.facebook.com/327742430426157","","0.7239188551902771","","2","meta | Overture","CDLA-Permissive-2.0","2026-04-27T00:00:00.000Z | 2026-06-11T11:57:15Z"
"NJ","New Jersey","11b29b08-1ceb-4422-8cc7-159bd6d2c5a5","Prospect Dental Associates","-74.25686695","40.74324376","dentist","health_and_medical","106 Prospect St","South Orange","07079-2112","NJ","US","+19732756260","admin@prospectdental.com","http://www.​prospectdental.​com","https://www.facebook.com/117292268330983","","0.9077226519584656","","7","meta | Overture","CDLA-Permissive-2.0","2026-04-27T00:00:00.000Z | 2026-06-11T11:57:15Z"
"NJ","New Jersey","11dad5de-4bab-499a-97e1-2aa667f8b146","Emerson Dental Associates: Martini Robert T DDS","-74.0282458","40.9736102","dentist","health_and_medical","110 Kinderkamack Rd Ste 2A","Emerson","07630","NJ","US","2012623663","","https://www.emersondental.com/","","","0.85","","5","Microsoft | Overture","CDLA-Permissive-2.0","2025-08-17T15:01:40.760Z | 2026-06-11T11:57:15Z"
"NJ","New Jersey","11ed3d0e-357f-430f-b355-8c685d0ef247","Innovative Dentistry","-74.1735018","40.29107177","dentist","general_dentistry | cosmetic_dentist","415 State Route 34","Colts Neck","07722-2522","NJ","US","+18482007900","","http://www.innovativedds.com/","https://www.facebook.com/491325487687899","Innovative Dentistry","0.9199122190475464","open","9","meta | Overture | Overture-signals","CDLA-Permissive-2.0","2026-04-27T00:00:00.000Z | 2026-06-11T11:57:15Z | 2026-05-12T00:29:08Z | 2026-05-18T13:23:54Z | 2026-05-25T13:08:59Z | 2026-06-01T13:20:32Z | 2026-06-08T13:20:12Z"
"NJ","New Jersey","11efe06f-4d3a-4106-9167-a1e7706c5c64","Audubon Family Dentistry","-75.06627889","39.89151958","dentist","general_dentistry | medical_service_organizations","290 S White Horse Pike","Audubon","08106-1307","NJ","US","+18565477775","audubonfamilydentistry290@yahoo.com","https://primadentsmile.com/audubon","https://www.facebook.com/102655398034156","Marlton Dental Center","0.9199122190475464","open","9","meta | Overture | Overture-signals","CDLA-Permissive-2.0","2026-04-27T00:00:00.000Z | 2026-06-11T11:57:15Z | 2026-05-12T00:29:08Z | 2026-05-18T13:23:54Z | 2026-05-25T13:08:59Z | 2026-06-01T13:20:32Z | 2026-06-08T13:20:12Z"
"NJ","New Jersey","124077db-2ac1-4c2f-9a61-750ca948bf70","Voorhees Dental Smiles","-74.999744","39.83836939","dentist","general_dentistry","102 White Horse Rd W","Voorhees","08043-3610","NJ","US","+18567845061","vdsmiles@hotmail.com","https://voorheesdentalsmiles.com/","https://www.facebook.com/683423155392649","","0.9199122190475464","open","7","meta | Overture | Overture-signals","CDLA-Permissive-2.0","2026-04-27T00:00:00.000Z | 2026-06-11T11:57:15Z | 2026-05-12T00:29:08Z | 2026-05-18T13:23:54Z | 2026-05-25T13:08:59Z | 2026-06-01T13:20:32Z | 2026-06-08T13:20:12Z"
"NJ","New Jersey","124cbc52-b220-4edf-aeb7-44e2d04b59fd","Williamstown Family & Cosmetic Dentistry","-74.98703204","39.69690556","dentist","general_dentistry | cosmetic_dentist","614 Sicklerville Rd","Williamstown","08094-1217","NJ","US","+18567289494","info@williamstownfamilycosmeticdentist.com","http://williamstownfamilycosmeticdentist.com/","https://www.facebook.com/120962541278740","","0.9722161889076233","","9","meta | Overture","CDLA-Permissive-2.0","2026-04-27T00:00:00.000Z | 2026-06-11T11:57:15Z"
"NJ","New Jersey","12555252-3960-4222-b2b4-32d4527f8b80","Rotem Dental Care","-74.22357518","39.96683986","dentist","general_dentistry | health_and_medical","180 Route 37 W","Toms River","08755-8048","NJ","US","+17329081251","info@rotemdentalcare.com","http://www.rotemdentalcare.com/","https://www.facebook.com/124591597577889","","0.9902192950248718","open","10","meta | Overture | Overture-signals","CDLA-Permissive-2.0","2026-04-27T00:00:00.000Z | 2026-06-11T11:57:15Z | 2026-05-12T00:29:08Z | 2026-05-18T13:23:54Z | 2026-05-25T13:08:59Z | 2026-06-01T13:20:32Z | 2026-06-08T13:20:12Z"
"NJ","New Jersey","1267accd-eddc-49ce-b173-38d3fdcce628","Acadia Dental","-74.27481354","40.40636203","dentist","general_dentistry | health_and_medical","200 Belchase Dr","Matawan","07747-9729","NJ","US","+17322901660","tami@acadiadentalcare.com","http://www.acadiadentalcare.com/","https://www.facebook.com/169785126404538","","0.9902192950248718","open","8","meta | Overture | Overture-signals","CDLA-Permissive-2.0","2026-04-27T00:00:00.000Z | 2026-06-11T11:57:15Z | 2026-05-12T00:29:08Z | 2026-05-18T13:23:54Z | 2026-05-25T13:08:59Z | 2026-06-01T13:20:32Z | 2026-06-08T13:20:12Z"
"NJ","New Jersey","127cdb3e-16d5-438b-befc-83e272b2a5b4","Donald C Thiel Jr DMD","-74.71543713","40.28158553","dentist","general_dentistry | health_and_medical","3100 Princeton Pike","Lawrence Twp","08648-2300","NJ","US","+16098829088","dcthieldmd@gmail.com","http://thieldentistry.com/","https://www.facebook.com/739179536271842","Thiel Dentistry - Dentist Lawrenceville NJ","0.9732679128646851","","2","meta | Overture","CDLA-Permissive-2.0","2026-04-27T00:00:00.000Z | 2026-06-11T11:57:15Z"
"NJ","New Jersey","12a95e42-d38d-46c2-a3a9-517356d0bb8e","Orosurgery, LLC - Oral and Maxillofacial Surgery","-74.296237","40.769774","dentist","hospital | oral_surgeon","769 Northfield Ave","West Orange","07052-1106","NJ","US","+19737318844","info@orosurgery.com","http://www.orosurgery.com/","https://www.facebook.com/668620663258269","","0.5934621095657349","","8","meta | Overture","CDLA-Permissive-2.0","2026-04-27T00:00:00.000Z | 2026-06-11T11:57:15Z"
"NJ","New Jersey","12b790b4-3594-4464-a8fe-aaf826524e6d","Dr. Paul Goodman","-74.5357564833413","39.3784858094825","dentist","","1511 S Main St","Pleasantville","08232","NJ","US","(609) 641-1462","","https://www.drgoodrose.com","","","0.77","","5","Foursquare | Overture","Apache-2.0 | CDLA-Permissive-2.0","2025-06-06T00:00:00.000 | 2026-06-11T11:57:15Z"
"NJ","New Jersey","12c16cde-629f-4d5a-ad34-5b2b5db67457","Gary M. Wheeler","-74.19943387","40.0505187","dentist","general_dentistry | doctor","525 Highway 70","Lakewood","08701-5847","NJ","US","+17323675900","gmwheelerdmd1@gmail.com","https://www.garymwheelerdmd.com/","https://www.facebook.com/102042944479372","","0.9199122190475464","open","7","meta | Overture | Overture-signals","CDLA-Permissive-2.0","2026-04-27T00:00:00.000Z | 2026-06-11T11:57:15Z | 2026-05-12T00:29:08Z | 2026-05-18T13:23:54Z | 2026-05-25T13:08:59Z | 2026-06-01T13:20:32Z | 2026-06-08T13:20:12Z"
"NJ","New Jersey","12c71745-2ab2-4a6e-a2e5-2951d0040efa","James Altomare","-74.64872057","40.40840296","dentist","general_dentistry","15 Tamarack Cir","Skillman","08558-2053","NJ","US","+16096047309","office@jamesaltomaredds.com","http://JamesAltomareDDS.com/","https://www.facebook.com/132294360264637","","0.9902192950248718","open","9","meta | Overture | Overture-signals","CDLA-Permissive-2.0","2026-04-27T00:00:00.000Z | 2026-06-11T11:57:15Z | 2026-05-12T00:29:08Z | 2026-05-18T13:23:54Z | 2026-05-25T13:08:59Z | 2026-06-01T13:20:32Z | 2026-06-08T13:20:12Z"
"NJ","New Jersey","12e597d2-38dc-4933-adfc-5c20ca084d70","Sleep Solutions of New Jersey","-74.38840404","40.78703903","dentist","general_dentistry | health_and_medical","147 Columbia Turnpike #308","Florham Park","07932","NJ","US","+19733775337","","http://www.sleepsolutionsofnj.com/","https://www.facebook.com/199429473724593","","0.9199122190475464","open","10","meta | Overture | Overture-signals","CDLA-Permissive-2.0","2026-04-27T00:00:00.000Z | 2026-06-11T11:57:15Z | 2026-05-12T00:29:08Z | 2026-05-18T13:23:54Z | 2026-05-25T13:08:59Z | 2026-06-01T13:20:32Z | 2026-06-08T13:20:12Z"
"NJ","New Jersey","13069bfe-d804-45b0-b348-35cdf422a7f9","Dimension Dental of Holmdel","-74.16712504","40.36535534","dentist","general_dentistry","101 Crawfords Corner Rd","Holmdel","07733-1944","NJ","US","+17324448822","dimensiondentalcare@gmail.com","http://www.dimensiondentalcare.com/","https://www.facebook.com/112657506765975","","0.9199122190475464","open","8","meta | Overture | Overture-signals","CDLA-Permissive-2.0","2026-04-27T00:00:00.000Z | 2026-06-11T11:57:15Z | 2026-05-12T00:29:08Z | 2026-05-18T13:23:54Z | 2026-05-25T13:08:59Z | 2026-06-01T13:20:32Z | 2026-06-08T13:20:12Z"
"NJ","New Jersey","1322a692-f1b2-44b9-885f-afd51eaf3dc3","Schwartz Russell D DDS","-74.45087531","40.48703573","dentist","medical_service_organizations | health_and_medical","201 Livingston Ave","New Brunswick","08901-2933","NJ","US","+17325452883","","http://russellschwartzdds.com/","https://www.facebook.com/177350092298534","","0.9199122190475464","open","9","meta | Overture | Overture-signals","CDLA-Permissive-2.0","2026-04-27T00:00:00.000Z | 2026-06-11T11:57:15Z | 2026-05-12T00:29:08Z | 2026-05-18T13:23:54Z | 2026-05-25T13:08:59Z | 2026-06-01T13:20:32Z | 2026-06-08T13:20:12Z"
"NJ","New Jersey","1339547d-30be-479f-a2a4-d4a006709c52","Dr. Niraj Patel","-74.50912726","40.86578176","dentist","general_dentistry | cosmetic_dentist","9 Mt Pleasant Tpke","Denville","07834-3612","NJ","US","+19733666662","smilecaredenville@gmail.com","http://www.yogidental.com/","https://www.facebook.com/1557404384477284","Yogi Dental Center","0.7712478637695312","","10","meta | Overture","CDLA-Permissive-2.0","2026-04-27T00:00:00.000Z | 2026-06-11T11:57:15Z"
"NJ","New Jersey","13422087-1af6-4bf4-a021-b110bb17dce2","Inessa Slavin, DDS","-74.05877599","40.88636841","dentist","general_dentistry | health_and_medical","67 Summit Ave","Hackensack","07601-1262","NJ","US","+12014747405","slavin.dds@hotmail.com","https://www.inessaslavindds.com/","https://www.facebook.com/167919216551730","","0.99009108543396","open","9","meta | Overture | Overture-signals","CDLA-Permissive-2.0","2026-04-27T00:00:00.000Z | 2026-06-11T11:57:15Z | 2026-06-08T13:20:12Z"
"NJ","New Jersey","13434b97-c3f1-4b76-bb71-3caf88d13234","Progressive Dental Care","-74.25729366","40.74564929","dentist","general_dentistry","111 South Orange Ave","South Orange","07079-1912","NJ","US","+19737632526","","","https://www.facebook.com/2190171254606061","","0.9662521481513977","","9","meta | Overture","CDLA-Permissive-2.0","2026-04-27T00:00:00.000Z | 2026-06-11T11:57:15Z"
"NJ","New Jersey","134533b8-621e-4cbc-8748-82c545d8d009","Lindenwold Dental Center","-74.9816701","39.81759327","dentist","cosmetic_dentist","254 E Gibbsboro Rd","Lindenwold","08021-2001","NJ","US","+18567833777","lindenwolddental@gmail.com","https://lindenwolddental.com/","https://www.facebook.com/107884528050195","","0.9902192950248718","open","7","meta | Overture | Overture-signals","CDLA-Permissive-2.0","2026-04-27T00:00:00.000Z | 2026-06-11T11:57:15Z | 2026-05-12T00:29:08Z | 2026-05-18T13:23:54Z | 2026-05-25T13:08:59Z | 2026-06-01T13:20:32Z | 2026-06-08T13:20:12Z"
"NJ","New Jersey","136284b6-f5ba-4455-a204-02246372fba9","Dental care","-74.550276","40.683723","dentist","","11 Lyons Mall","Basking Ridge","07920","NJ","US","(908) 533-9470","dentist@dentalcarebaskingridge.com","https://www.godental365.com/locations/dental-care-new-jersey/dental-care-basking-ridge","https://www.facebook.com/349918398545049","","0.77","","5","Foursquare | Overture","Apache-2.0 | CDLA-Permissive-2.0","2026-04-13T00:00:00.000 | 2026-06-11T11:57:15Z"
"NJ","New Jersey","13648a70-160c-452b-832b-eb01b134ef8d","Rutgers Dental","-74.52637057","39.47311999","dentist","general_dentistry | health_and_medical","4 E Jimmie Leeds Rd","Galloway Twp","08205-4465","NJ","US","+16096520501","","","https://www.facebook.com/1473958749538547","","0.9509545564651489","","9","meta | Overture","CDLA-Permissive-2.0","2026-04-27T00:00:00.000Z | 2026-06-11T11:57:15Z"
"NJ","New Jersey","137d3086-c480-41dc-8656-7445752bd2db","DenTull","-74.6504419","40.36012541","dentist","general_dentistry","214 Harrison St N","Princeton","08540-3507","NJ","US","+18663368855","","https://www.DenTull.com/","https://www.facebook.com/2133208100130799","","0.9199122190475464","open","9","meta | Overture | Overture-signals","CDLA-Permissive-2.0","2026-04-27T00:00:00.000Z | 2026-06-11T11:57:15Z | 2026-05-12T00:29:08Z | 2026-05-18T13:23:54Z | 2026-05-25T13:08:59Z | 2026-06-01T13:20:32Z | 2026-06-08T13:20:12Z"
"NJ","New Jersey","139b2090-645b-477e-94b2-3ce2c3dfd4fa","Joanne Kannell DMD","-74.24369892","40.77629739","dentist","health_and_medical | doctor","81 Northfield Ave","West Orange","07052-5338","NJ","US","+19733250964","","","https://www.facebook.com/167452206601189","","0.9199122190475464","open","6","meta | Overture | Overture-signals","CDLA-Permissive-2.0","2026-04-27T00:00:00.000Z | 2026-06-11T11:57:15Z | 2026-05-12T00:29:08Z | 2026-05-18T13:23:54Z | 2026-05-25T13:08:59Z | 2026-06-01T13:20:32Z | 2026-06-08T13:20:12Z"
"NJ","New Jersey","13d132d9-68e4-429f-b213-1e3927c449f6","Gentle Family Dentistry","-74.02681459","40.77377331","dentist","general_dentistry | health_and_medical","402 36th St","Union City","07087-4712","NJ","US","+12018663299","","http://www.dentalfamilydentistynj.com","https://www.facebook.com/155105187860211","","0.9199122190475464","open","8","meta | Overture | Overture-signals","CDLA-Permissive-2.0","2026-04-27T00:00:00.000Z | 2026-06-11T11:57:15Z | 2026-05-12T00:29:08Z | 2026-05-18T13:23:54Z | 2026-05-25T13:08:59Z | 2026-06-01T13:20:32Z | 2026-06-08T13:20:12Z"
"NJ","New Jersey","13f0b4dd-bb94-4c48-a0f7-3cb3401b2183","Dr Nadia Majeed","-74.315284235751","40.7071468071649","dentist","","140 Mountain Ave Ste 102","Springfield","07081","NJ","US","(855) 962-3621","","https://preciouspearlspd.com","","","0.9199122190475464","open","4","Foursquare | Overture | Overture-signals","Apache-2.0 | CDLA-Permissive-2.0","2025-07-10T00:00:00.000 | 2026-06-11T11:57:15Z | 2026-05-12T00:29:08Z | 2026-05-18T13:23:54Z | 2026-05-25T13:08:59Z | 2026-06-01T13:20:32Z | 2026-06-08T13:20:12Z"
"NJ","New Jersey","14027985-7b8d-449c-8b44-2e97cffe028a","Feinstein Samuel W DDS","-75.23828182","39.4292505","dentist","general_dentistry","15 Franklin St","Bridgeton","08302-1809","NJ","US","+18564551382","","","https://www.facebook.com/354626511268416","","0.9199122190475464","open","7","meta | Overture | Overture-signals","CDLA-Permissive-2.0","2026-04-27T00:00:00.000Z | 2026-06-11T11:57:15Z | 2026-05-12T00:29:08Z | 2026-05-18T13:23:54Z | 2026-05-25T13:08:59Z | 2026-06-01T13:20:32Z | 2026-06-08T13:20:12Z"
"NJ","New Jersey","140a341f-814e-4443-b1e4-dcbb74a3fc80","All Smiles Dental Center","-74.303375","40.298908","dentist","doctor | medical_center","24 Plaza 9","Manalapan Twp","07726-3038","NJ","US","+17324312622","drvishaliaygari@gmail.com","http://allsmilesdentalcenter.net/","https://www.facebook.com/112686538288905","All Smiles Dental Center","0.9536448121070862","","7","meta | Overture","CDLA-Permissive-2.0","2026-04-27T00:00:00.000Z | 2026-06-11T11:57:15Z"
"NJ","New Jersey","14593c51-58bd-44a8-bc89-0dda0b6c4388","Derek R. Noonan DMD - Family and Cosmetic Dentistry","-74.6619304025121","41.0339225087972","dentist","","270 Sparta Ave Ste 209","Sparta","07871","NJ","US","(973) 729-3222","","http://www.drdereknoonan.com","https://www.facebook.com/138506992852251","","0.77","","5","Foursquare | Overture","Apache-2.0 | CDLA-Permissive-2.0","2026-02-03T00:00:00.000 | 2026-06-11T11:57:15Z"
"NJ","New Jersey","1468e9a0-27aa-4741-a610-f64b3593863c","Perryville Family Dentistry","-74.997245","40.642442","dentist","","75 Frontage Road","Asbury","08802","NJ","US","+19087308988","","http://www.perryvillefamilydentistry.com/","","","1","","8","DAC | Overture","CDLA-Permissive-2.0","2026-06-10T16:03:35.911Z | 2026-06-11T11:57:15Z"
"NJ","New Jersey","146ffc81-9585-4faa-bb63-ddbb06f7c73f","TruYou Dental","-74.2891694640357","40.8572177064416","dentist","","185 Fairfield Ave Ste 1B","West Caldwell","07006","NJ","US","(973) 228-2335","dentist700@yahoo.com","https://truyoudental.com/west-caldwell","https://www.facebook.com/101913062317667 | https://www.instagram.com/truyoudental","","0.77","","5","Foursquare | Overture","Apache-2.0 | CDLA-Permissive-2.0","2025-06-05T00:00:00.000 | 2026-06-11T11:57:15Z"
"NJ","New Jersey","147c38f2-beca-46d7-8104-b3a0254dd984","Encore Dental of Toms River Affiliated with The Smilist Dental","-74.18374923","39.98179911","dentist","general_dentistry | doctor","1220 Hooper Ave","Toms River","08753-3324","NJ","US","+17322818315","tomsriver@thesmilist.com","https://thesmilist.com/dentist-locations/new-jersey/encore-dental-tomsriver-dentist/","https://www.facebook.com/109804505157798","Windsor Dental Center","0.9902192950248718","open","9","meta | Overture | Overture-signals","CDLA-Permissive-2.0","2026-04-27T00:00:00.000Z | 2026-06-11T11:57:15Z | 2026-05-12T00:29:08Z | 2026-05-18T13:23:54Z | 2026-05-25T13:08:59Z | 2026-06-01T13:20:32Z | 2026-06-08T13:20:12Z"
"NJ","New Jersey","14801916-4d27-4bff-a8e0-3181fa09a73f","The Laser Dental Group of Union","-74.26223954","40.69742243","dentist","general_dentistry | health_and_medical","1205 Coolidge Ave","Union","07083-3720","NJ","US","+19086862080","admin@thelaserdg.com","http://www.thelaserdentalgroup.com/","https://www.facebook.com/103645018036","The Laser Dental Group of Union, LLC","0.9940576553344727","","9","meta | Overture","CDLA-Permissive-2.0","2026-04-27T00:00:00.000Z | 2026-06-11T11:57:15Z"
"NJ","New Jersey","1483f7ff-0c4f-4507-b997-667b516a4c29","My Orthodontist","-75.0969054305216","39.839256579617","dentist","","1800 Clements Bridge Rd","Deptford","08096","NJ","US","(856) 229-0813","info@luvmyorthodontist.com","https://www.luvmyorthodontist.com","https://www.twitter.com/luvmyortho | https://www.facebook.com/141390443300","","0.9902192950248718","open","4","Foursquare | Overture | Overture-signals","Apache-2.0 | CDLA-Permissive-2.0","2025-08-22T00:00:00.000 | 2026-06-11T11:57:15Z | 2026-05-12T00:29:08Z | 2026-05-18T13:23:54Z | 2026-05-25T13:08:59Z | 2026-06-01T13:20:32Z | 2026-06-08T13:20:12Z"
"NJ","New Jersey","148c75f6-5948-4660-8888-024ebbf0a59e","Washington Township Dental Affiliated with The Smilist Dental","-75.07221","39.73714","dentist","health_and_medical","474 Hurffville-Cross Keys Rd","Sewell","08080","NJ","US","8565821000","","https://thesmilist.com/washington-township-sewell-nj-dentist/","","","0.9199122190475464","open","7","Microsoft | Overture | Overture-signals","CDLA-Permissive-2.0","2025-07-30T02:45:45.193Z | 2026-06-11T11:57:15Z | 2026-05-12T00:29:08Z | 2026-05-18T13:23:54Z | 2026-05-25T13:08:59Z | 2026-06-01T13:20:32Z | 2026-06-08T13:20:12Z"
"NJ","New Jersey","149580a0-7d8a-4bb2-baf2-b818691a3ca2","Opal Dental","-74.74772","39.44661","dentist","","7132 Hamilton Way","Mays Landing","08060","NJ","US","+16092362255","info@opaldentalnj.com","http://Www.Opaldentalnj.com/","https://www.facebook.com/101207685925268","","0.9500924944877625","","8","meta | Overture","CDLA-Permissive-2.0","2026-04-27T00:00:00.000Z | 2026-06-11T11:57:15Z"
"NJ","New Jersey","149a90fa-e0dc-4847-8b45-2252a6b11862","American-Hispanic Dental Center","-74.0753008469212","40.3477776574829","dentist","","82 Bridge Ave","Red Bank","07701","NJ","US","(732) 530-2662","","http://americandancenj.com","","","0.9199122190475464","open","5","Foursquare | Overture | Overture-signals","Apache-2.0 | CDLA-Permissive-2.0","2025-06-28T00:00:00.000 | 2026-06-11T11:57:15Z | 2026-05-12T00:29:08Z | 2026-05-18T13:23:54Z | 2026-05-25T13:08:59Z | 2026-06-01T13:20:32Z | 2026-06-08T13:20:12Z"
"NJ","New Jersey","149ca27d-a74d-464d-94ae-afb88aa89daa","Michael I. Rouff, D.M.D","-75.1779980859937","39.825484496267","dentist","","800 Jessup Rd Ste 805","West Deptford","08086","NJ","US","(856) 845-4390","info@drmichaelrouff.com","http://www.drmichaelrouff.com","https://www.facebook.com/480679495314725","","0.9199122190475464","open","4","Foursquare | Overture | Overture-signals","Apache-2.0 | CDLA-Permissive-2.0","2025-08-22T00:00:00.000 | 2026-06-11T11:57:15Z | 2026-05-12T00:29:08Z | 2026-05-18T13:23:54Z | 2026-05-25T13:08:59Z | 2026-06-01T13:20:32Z | 2026-06-08T13:20:12Z"
"NJ","New Jersey","149ed0c6-95f0-488b-93d9-352a0fdf8463","Florham Park Dental-Chatham","-74.42967","40.74184","dentist","park","466 Southern Blvd","Chatham","07928-1462","NJ","US","+19733771244","florhamparkdental@yahoo.com","http://www.florhamparkdental.com/","https://www.facebook.com/1174890942659079","Paul M Banks, DDS","0.7152764797210693","","7","meta | Overture","CDLA-Permissive-2.0","2026-04-27T00:00:00.000Z | 2026-06-11T11:57:15Z"
"NJ","New Jersey","14ae6f0f-9565-40aa-b3e5-310ed12ff864","River Valley Dental","-74.93940617","40.4469288","dentist","general_dentistry | health_and_medical","528 Rosemont Ringoes Rd","Stockton","08559-1122","NJ","US","+16093978833","office@rivervalleydentalnj.com","https://www.rivervalleydentalnj.com/","https://www.facebook.com/130144510400869","","0.9902192950248718","open","7","meta | Overture | Overture-signals","CDLA-Permissive-2.0","2026-04-27T00:00:00.000Z | 2026-06-11T11:57:15Z | 2026-05-12T00:29:08Z | 2026-05-18T13:23:54Z | 2026-05-25T13:08:59Z | 2026-06-01T13:20:32Z | 2026-06-08T13:20:12Z"
"NJ","New Jersey","14ba65c9-f002-43d8-8323-8663c5592ab6","Dr. Donna S. Goon","-73.9942877","40.92801703","dentist","health_and_medical | family_practice","45 E Main St","Bergenfield","07621-2121","NJ","US","+12013848445","","","https://www.facebook.com/135895969794762","","0.9199122190475464","open","7","meta | Overture | Overture-signals","CDLA-Permissive-2.0","2026-04-27T00:00:00.000Z | 2026-06-11T11:57:15Z | 2026-05-12T00:29:08Z | 2026-05-18T13:23:54Z | 2026-05-25T13:08:59Z | 2026-06-01T13:20:32Z | 2026-06-08T13:20:12Z"
"NJ","New Jersey","14bc654c-b6f2-4f41-b169-4e1006afe4e2","Paterson Pearl Dental Lab","-74.19292468","40.90653431","dentist","laboratory_testing","1 Ferrary Pl","Woodland Park","07424-2846","NJ","US","+19732785170","customerservice@patersonpearl.com","http://www.patersonpearl.com/","https://www.facebook.com/179821718779045","Paterson Pearl Dental Studio, LLC","0.9199122190475464","open","8","meta | Overture | Overture-signals","CDLA-Permissive-2.0","2026-04-27T00:00:00.000Z | 2026-06-11T11:57:15Z | 2026-05-12T00:29:08Z | 2026-05-18T13:23:54Z | 2026-05-25T13:08:59Z | 2026-06-01T13:20:32Z | 2026-06-08T13:20:12Z"
"NJ","New Jersey","14c41de1-e1ce-4c5b-a19b-1b9219509359","Dr Douglas Gultz D.M.D.","-74.15504399","40.72603945","dentist","general_dentistry","396 Lafayette St","Newark","07105-2704","NJ","US","+19736905306","dgultz@aol.com","https://www.drdouglasgultz.com/douglas-gultz.html","https://www.facebook.com/208362385957311","","0.7900605201721191","","9","meta | Overture","CDLA-Permissive-2.0","2026-04-27T00:00:00.000Z | 2026-06-11T11:57:15Z"
"NJ","New Jersey","14e73df8-38bc-42df-a5bc-2eb33275882f","Brunswick Dental Associates","-74.45729072","40.48043527","dentist","general_dentistry | doctor","374 Livingston Ave","New Brunswick","08901-4067","NJ","US","+17322464443","iam_thetoothfairy@hotmail.com","http://www.dentistryfordiabeticsnj.com","https://www.facebook.com/590909597702974","","0.7008104920387268","","8","meta | Overture","CDLA-Permissive-2.0","2026-04-27T00:00:00.000Z | 2026-06-11T11:57:15Z"
"NJ","New Jersey","14f53e2f-0ad6-4d72-8553-eac092c37335","North Jersey Dental Center","-74.169417","40.768912","dentist","health_and_medical | hospital","500 Mt Prospect Ave","Newark","07104-5920","NJ","US","+19734851272","","","https://www.facebook.com/132958003422190","","0.9102966785430908","","7","meta | Overture","CDLA-Permissive-2.0","2026-04-27T00:00:00.000Z | 2026-06-11T11:57:15Z"
"NJ","New Jersey","151b2482-0516-4a74-856f-f88303943cfb","Ziramix Dental Lab","-74.20455698","41.02243743","dentist","","795 Franklin Ave","Franklin Lakes","07417-1354","NJ","US","+18888252132","info@ziramix.com","http://www.ziramix.com/","https://www.facebook.com/436565919699737","","0.9199122190475464","open","7","meta | Overture | Overture-signals","CDLA-Permissive-2.0","2026-04-27T00:00:00.000Z | 2026-06-11T11:57:15Z | 2026-05-12T00:29:08Z | 2026-05-18T13:23:54Z | 2026-05-25T13:08:59Z | 2026-06-01T13:20:32Z | 2026-06-08T13:20:12Z"
"NJ","New Jersey","152bf1cb-bb9b-41b5-8d47-43cc8ffe3cfb","Elbasty Pediatric and Dental Associates","-74.1482677","40.4123663","dentist","health_and_medical","100 Commons Way Ste. 130","Holmdel","07733","NJ","US","7329951496","","","","","0.85","","7","Microsoft | Overture","CDLA-Permissive-2.0","2017-03-23T06:46:11.150Z | 2026-06-11T11:57:15Z"
"NJ","New Jersey","1552c4b3-77b6-4dc0-a904-328056d324dc","A J Smile Center","-74.62349222","40.21658946","dentist","general_dentistry | cosmetic_dentist","14 Robbinsville Allentown Rd","Robbinsville","08691-1410","NJ","US","+16092597061","ajsmilecenter@gmail.com","http://www.ajsmilecenter.com","https://www.facebook.com/212290185497759","","0.9199122190475464","open","8","meta | Overture | Overture-signals","CDLA-Permissive-2.0","2026-04-27T00:00:00.000Z | 2026-06-11T11:57:15Z | 2026-05-12T00:29:08Z | 2026-05-18T13:23:54Z | 2026-05-25T13:08:59Z | 2026-06-01T13:20:32Z | 2026-06-08T13:20:12Z"
"NJ","New Jersey","155ead0e-39d8-4380-88e5-0a4d3186d2fc","Advanced Dental of Holmdel","-74.1933259","40.40585627","dentist","general_dentistry | medical_service_organizations","721 N Beers St","Holmdel","07733-1500","NJ","US","+17328518500","drpickworth@gmail.com","http://www.advanceddentalofholmdel.com/","https://www.facebook.com/103023418041985","","0.9199122190475464","open","9","meta | Overture | Overture-signals","CDLA-Permissive-2.0","2026-04-27T00:00:00.000Z | 2026-06-11T11:57:15Z | 2026-05-12T00:29:08Z | 2026-05-18T13:23:54Z | 2026-05-25T13:08:59Z | 2026-06-01T13:20:32Z | 2026-06-08T13:20:12Z"
"NJ","New Jersey","156f2d6c-085f-41b6-8d5f-42d86b8ea9dd","Charmoy Dental Associates, PC","-74.6055203","40.8568996","dentist","doctor | medical_service_organizations","924 NJ-10","Randolph","07869","NJ","US","+12019879930","info@charmoydental.com","http://charmoydental.com/","https://www.facebook.com/174729545876302","","0.999490411311388","","8","meta | Overture","CDLA-Permissive-2.0","2026-04-27T00:00:00.000Z | 2026-06-11T11:57:15Z"
"NJ","New Jersey","15821bf4-aebd-47de-9d25-b58450f4173f","Dr. Paula Gould","-73.9845930510998","40.8838768743116","dentist","","401 S Van Brunt St Ste 205A","Englewood","07631","NJ","US","(201) 227-0635","","https://www.paulasgoulddds.com","","","0.9199122190475464","open","4","Foursquare | Overture | Overture-signals","Apache-2.0 | CDLA-Permissive-2.0","2025-05-01T00:00:00.000 | 2026-06-11T11:57:15Z | 2026-05-12T00:29:08Z | 2026-05-18T13:23:54Z | 2026-05-25T13:08:59Z | 2026-06-01T13:20:32Z | 2026-06-08T13:20:12Z"
"NJ","New Jersey","1597041b-e450-4aa1-90c6-e4818daeae0e","Ringwood Family Dental","-74.37049481","41.12968149","dentist","cosmetic_dentist | general_dentistry","1467 Union Valley Rd","West Milford","07480-1362","NJ","US","+19739624222","frontdesk@ringwoodfamilydental.com","http://www.ringwoodfamilydental.com/","https://www.facebook.com/1847789265435070","","0.9942328333854675","","1","meta | Overture","CDLA-Permissive-2.0","2026-04-27T00:00:00.000Z | 2026-06-11T11:57:15Z"
"NJ","New Jersey","15c714a9-4aa8-4d00-9ea8-c7705c31fa3e","Jyoti R. Shah DDS","-74.45542747","40.4668208","dentist","general_dentistry | doctor","646 Hermann Rd","North Brunswick","08902-2833","NJ","US","+17322468181","info@shahdentist.com","http://www.shahdentist.com/","https://www.facebook.com/115675781787517","","0.9770371913909912","","3","meta | Overture","CDLA-Permissive-2.0","2026-04-27T00:00:00.000Z | 2026-06-11T11:57:15Z"
"NJ","New Jersey","15d42955-f3e8-459b-84cd-66599dfd100f","Picture Perfect Smile","-74.24502627","40.88487334","dentist","general_dentistry | cosmetic_dentist","81 Newark Pompton Tpke","Little Falls","07424-1107","NJ","US","+19732562222","aperfectsmileda@yahoo.com","http://apictureperfectsmile.com/","https://www.facebook.com/440063949416741","","0.9902192950248718","open","8","meta | Overture | Overture-signals","CDLA-Permissive-2.0","2026-04-27T00:00:00.000Z | 2026-06-11T11:57:15Z | 2026-05-12T00:29:08Z | 2026-05-18T13:23:54Z | 2026-05-25T13:08:59Z | 2026-06-01T13:20:32Z | 2026-06-08T13:20:12Z"
"NJ","New Jersey","15e84b64-28eb-4f5d-8203-ff600590692d","Tilun Chan DDS","-73.97821687","40.88358167","dentist","health_and_medical","300 Grand Ave","Englewood","07631-4398","NJ","US","+12015695003","drchandds@hotmail.com","https://www.tilundental.com/","https://www.facebook.com/135871083129375","","0.9199122190475464","open","7","meta | Overture | Overture-signals","CDLA-Permissive-2.0","2026-04-27T00:00:00.000Z | 2026-06-11T11:57:15Z | 2026-05-12T00:29:08Z | 2026-05-18T13:23:54Z | 2026-05-25T13:08:59Z | 2026-06-01T13:20:32Z | 2026-06-08T13:20:12Z"
"NJ","New Jersey","15ea80a5-f85e-4aea-a800-cb437ec61b64","Dental Arts Group - Gloucester City","-75.1196304","39.8960459","dentist","health_and_medical","535 Monmouth St","Gloucester City","08030","NJ","US","8563861174","","https://dagsmiles.com/gloucester-city/","","","0.9655","","10","Microsoft | Overture","CDLA-Permissive-2.0","2025-09-09T23:54:37.770Z | 2026-06-11T11:57:15Z"
"NJ","New Jersey","15f910e8-1916-47e4-a5e1-dd67a5941de2","Skyline Dental Designs","-74.0113418832","40.775271206","dentist","endodontist | orthodontist","800 Ave at Port Imperial Blvd","Weehawken","07086-5505","NJ","US","+12012683288","office@skylinedentaldesigns.com","https://www.skylinedentaldesigns.com/","https://www.facebook.com/104237402042863","","0.9902192950248718","open","9","meta | Overture | Overture-signals","CDLA-Permissive-2.0","2026-04-27T00:00:00.000Z | 2026-06-11T11:57:15Z | 2026-05-12T00:29:08Z | 2026-05-18T13:23:54Z | 2026-05-25T13:08:59Z | 2026-06-01T13:20:32Z | 2026-06-08T13:20:12Z"
"NJ","New Jersey","15ff7ad3-29ed-43bb-8788-8b891f8c609d","Dr. Vincent LaBruna - Perfect Smile Dental","-74.06450986","40.34104035","dentist","general_dentistry | cosmetic_dentist","326 Broad St","Red Bank","07701-2167","NJ","US","+17322249339","smile@perfectsmileredbank.com","http://perfectsmileredbank.com/","https://www.facebook.com/138595846316548","","0.9924295544624329","","3","meta | Overture","CDLA-Permissive-2.0","2026-04-27T00:00:00.000Z | 2026-06-11T11:57:15Z"
"NJ","New Jersey","1601db7e-691e-427d-94e4-5727258c12f0","NÜVA Smile","-73.996609","40.922905","dentist","","147 S Washington Ave","Bergenfield","07621","NJ","US","(551) 363-4587","","https://www.nuvasmile.com/locations/bergenfield-office","","","0.77","","3","Foursquare | Overture","Apache-2.0 | CDLA-Permissive-2.0","2025-09-25T00:00:00.000 | 2026-06-11T11:57:15Z"
"NJ","New Jersey","16103d79-1cda-48f5-aa17-43becd2b926e","Cooper Dental","-74.98787261","39.81391386","dentist","general_dentistry","611 S White Horse Pike","Lindenwold","08021-2325","NJ","US","+18567767208","","http://www.cooperdentalnj.com/","https://www.facebook.com/117086014619667","","0.9902192950248718","open","8","meta | Overture | Overture-signals","CDLA-Permissive-2.0","2026-04-27T00:00:00.000Z | 2026-06-11T11:57:15Z | 2026-05-12T00:29:08Z | 2026-05-18T13:23:54Z | 2026-05-25T13:08:59Z | 2026-06-01T13:20:32Z | 2026-06-08T13:20:12Z"
"NJ","New Jersey","1642d606-9c73-436e-ad74-fa321b47a505","Distinctive Dental Arts","-74.0164951429647","40.8874991161194","dentist","","696 Palisade Ave","Teaneck","07666","NJ","US","(201) 836-0623","drpete@distinctivedentalnj.com","http://www.distinctivedentalnj.com","","","0.77","","5","Foursquare | Overture","Apache-2.0 | CDLA-Permissive-2.0","2025-06-06T00:00:00.000 | 2026-06-11T11:57:15Z"
"NJ","New Jersey","16431102-6bbb-4cfa-a157-0ff4ba0a1790","Young Dentistry","-74.28218418","39.72156534","dentist","general_dentistry | cosmetic_dentist","1104 Beacon Ave","Manahawkin","08050-2418","NJ","US","+16095971830","youngdentistry@comcast.net","https://www.rjyoungdentistry.com/","https://www.facebook.com/1592064834400707","","0.9199122190475464","open","10","meta | Overture | Overture-signals","CDLA-Permissive-2.0","2026-04-27T00:00:00.000Z | 2026-06-11T11:57:15Z | 2026-05-12T00:29:08Z | 2026-05-18T13:23:54Z | 2026-05-25T13:08:59Z | 2026-06-01T13:20:32Z | 2026-06-08T13:20:12Z"
"NJ","New Jersey","1645d746-d909-45b8-bec8-a8dfafe18b7f","Quality Health Care Group","-74.65851664","40.40832878","dentist","general_dentistry","46 Vreeland Dr","Skillman","08558-2638","NJ","US","+16092799300","info@affordabledentalplansnj.com","http://www.affordabledentalplansnj.com/","https://www.facebook.com/1406315386274881","","0.9199122190475464","open","8","meta | Overture | Overture-signals","CDLA-Permissive-2.0","2026-04-27T00:00:00.000Z | 2026-06-11T11:57:15Z | 2026-05-12T00:29:08Z | 2026-05-18T13:23:54Z | 2026-05-25T13:08:59Z | 2026-06-01T13:20:32Z | 2026-06-08T13:20:12Z"
"NJ","New Jersey","165ea2d5-185e-4aed-a5dd-23b02fb75798","Hamilton Square Dental","-74.68422972","40.20947566","dentist","general_dentistry","1374 Whitehorse Hamilton Square Rd","Hamilton Twp","08690-3701","NJ","US","+16095818889","info@hamiltonsquaredental.com","http://hamiltonsquaredental.com/","https://www.facebook.com/108996235345042","Hamilton Square Dental","0.9893639016151429","","8","meta | Overture","CDLA-Permissive-2.0","2026-04-27T00:00:00.000Z | 2026-06-11T11:57:15Z"
"NJ","New Jersey","168ba29f-1406-4662-a2ae-0275a85dd33e","Dr. Paul S. Freeman Sr","-74.07769669","40.71978968","dentist","health_and_medical | medical_service_organizations","2403 John F Kennedy Blvd","Jersey City","07304-1909","NJ","US","+12013321664","freemandental@yahoo.com","http://freemanhugheslaw.com/","https://www.facebook.com/1564453230505894","Freeman Law Center, LLC","0.9199122190475464","open","7","meta | Overture | Overture-signals","CDLA-Permissive-2.0","2026-04-27T00:00:00.000Z | 2026-06-11T11:57:15Z | 2026-05-12T00:29:08Z | 2026-05-18T13:23:54Z | 2026-05-25T13:08:59Z | 2026-06-01T13:20:32Z | 2026-06-08T13:20:12Z"
"NJ","New Jersey","168bfea8-214d-4dc7-83e4-dde8b6af697d","Community Dental of Burlington","-74.8406411","40.053513","dentist","health_and_medical","1817 Mount Holly Rd","Burlington","08016","NJ","US","6092674200","","https://www.burlingtondentalnj.com/","","","0.85","","8","Microsoft | Overture","CDLA-Permissive-2.0","2025-06-09T01:46:26.610Z | 2026-06-11T11:57:15Z"
"NJ","New Jersey","16a16489-cfa0-4f0c-9a36-bb4f15e1cc79","Laxmi Dental Lab USA Inc.","-74.282992","40.676012","dentist","laboratory_testing | medical_service_organizations","37 Market St","Kenilworth","07033-1761","NJ","US","","info@laxmidentalusa.com","http://www.laxmidentalusa.com/","https://www.facebook.com/437057226347791","","0.873350977897644","","1","meta | Overture","CDLA-Permissive-2.0","2026-04-27T00:00:00.000Z | 2026-06-11T11:57:15Z"
"NJ","New Jersey","16ac8047-6dd4-4160-9a5d-18874638ff8f","Lillian Baricevic Baker","-74.719103643512","40.7146013739202","dentist","","11 Pottersville Rd","Pottersville","07979","NJ","US","(908) 439-3181","","http://cedargrovedental.com","","","0.9199122190475464","open","4","Foursquare | Overture | Overture-signals","Apache-2.0 | CDLA-Permissive-2.0","2025-08-22T00:00:00.000 | 2026-06-11T11:57:15Z | 2026-05-12T00:29:08Z | 2026-05-18T13:23:54Z | 2026-05-25T13:08:59Z | 2026-06-01T13:20:32Z | 2026-06-08T13:20:12Z"
"NJ","New Jersey","16c6825a-f147-485f-a4e7-a5d7b87de75b","Lakewood Family Dental","-74.21917711","40.05817107","dentist","general_dentistry","1091 River Ave","Lakewood","08701-5641","NJ","US","+17329055043","lwfd@dentalgrp.com","http://lakewoodnjfamilydental.com","https://www.facebook.com/268102516573840","","0.9902192950248718","open","8","meta | Overture | Overture-signals","CDLA-Permissive-2.0","2026-04-27T00:00:00.000Z | 2026-06-11T11:57:15Z | 2026-05-12T00:29:08Z | 2026-05-18T13:23:54Z | 2026-05-25T13:08:59Z | 2026-06-01T13:20:32Z | 2026-06-08T13:20:12Z"
"NJ","New Jersey","16cd18d0-d0ce-4c3a-a009-baec1c0d968c","Sandor Family Dentistry","-74.2790886","40.23953799","dentist","general_dentistry","70 Schanck Rd","Freehold","07728-5309","NJ","US","+17323336399","freeholdsmile@aol.com","http://www.sandorfamilydentistry.com/","https://www.facebook.com/182188808486216","","0.9902192950248718","open","8","meta | Overture | Overture-signals","CDLA-Permissive-2.0","2026-04-27T00:00:00.000Z | 2026-06-11T11:57:15Z | 2026-05-12T00:29:08Z | 2026-05-18T13:23:54Z | 2026-05-25T13:08:59Z | 2026-06-01T13:20:32Z | 2026-06-08T13:20:12Z"
"NJ","New Jersey","16d5a538-8729-4b71-8178-9b3c5026b5f5","Aspire Anesthesia","-74.057232","40.884128","dentist","anesthesiologist | pediatric_dentist","Hackensack University Medical Center, 60 2nd St","Hackensack","07601-2029","NJ","US","+16467703883","office@aspireanesthesia.com","https://linktr.ee/aspireanesthesia","https://www.facebook.com/228466088025639","","0.6561675071716309","","7","meta | Overture","CDLA-Permissive-2.0","2026-04-27T00:00:00.000Z | 2026-06-11T11:57:15Z"
"NJ","New Jersey","16dae2ea-bffd-40de-a5db-bf4968a1a787","DDA Implants Of Montclair","-74.21785","40.81264","dentist","","31 S Fullerton Ave","Montclair","07042-3455","NJ","US","+19737467771","downtowndentalartsimplants@gmail.com","https://www.smile.ddaimplants.com/implants","https://www.facebook.com/104536435329566","","0.9209455251693726","","7","meta | Overture","CDLA-Permissive-2.0","2026-04-27T00:00:00.000Z | 2026-06-11T11:57:15Z"
"NJ","New Jersey","16ea28f5-3397-4537-b5b1-732f72789cb4","Sam Romano DMD MAGD","-74.42155714","40.76773542","dentist","general_dentistry | cosmetic_dentist","120 Park Ave","Madison","07940-1559","NJ","US","+19733777088","info@drsamromano.com","http://www.linkedin.com/profile/view?id=76677263&locale=en_US&trk=tab_pro","https://www.facebook.com/122307287801032","","0.9199122190475464","open","7","meta | Overture | Overture-signals","CDLA-Permissive-2.0","2026-04-27T00:00:00.000Z | 2026-06-11T11:57:15Z | 2026-05-12T00:29:08Z | 2026-05-18T13:23:54Z | 2026-05-25T13:08:59Z | 2026-06-01T13:20:32Z | 2026-06-08T13:20:12Z"
"NJ","New Jersey","16f2ec6c-8404-4e56-884b-775002c61897","Jacob Shrayman, DDS","-74.2291958528854","40.8290968466951","dentist","","118 Pompton Ave","Verona","07044","NJ","US","(973) 239-3555","","https://www.jacobshraymandds.com","https://www.facebook.com/996856597042779","","0.77","","7","Foursquare | Overture","Apache-2.0 | CDLA-Permissive-2.0","2025-10-17T00:00:00.000 | 2026-06-11T11:57:15Z"
"NJ","New Jersey","1701333a-83f2-4cbb-9592-1354a70abd4d","Dr. Gary Sapienza, DMD","-75.02657","39.9543412","dentist","health_and_medical","4325 Haddonfield Rd","Pennsauken","08109","NJ","US","8566626152","","https://leadingsmilesdental.com/","","","0.9199122190475464","open","6","Microsoft | Overture | Overture-signals","CDLA-Permissive-2.0","2025-09-24T07:32:53.703Z | 2026-06-11T11:57:15Z | 2026-05-12T00:29:08Z | 2026-05-18T13:23:54Z | 2026-05-25T13:08:59Z | 2026-06-01T13:20:32Z | 2026-06-08T13:20:12Z"
"NJ","New Jersey","1712be0d-b4e1-4ed0-a184-3ae3007cb309","Premiere Dental of West Deptford","-75.1779450587753","39.8253263513956","dentist","","800 Jessup Rd","West Deptford","08086","NJ","US","(856) 845-3299","","https://www.premieredental.com/west-deptford-nj","https://www.facebook.com/143209275758354","","0.77","","5","Foursquare | Overture","Apache-2.0 | CDLA-Permissive-2.0","2024-04-04T00:00:00.000 | 2026-06-11T11:57:15Z"
"NJ","New Jersey","1738eae0-d0df-4a13-8267-2b70a06dd4e9","Roncin Jr Raymond F DDS","-74.21748278","39.9649604","dentist","general_dentistry | health_and_medical","20 Hospital Dr","Toms River","08755-0001","NJ","US","+17323417800","","","https://www.facebook.com/134863476564693","","0.9199122190475464","open","7","meta | Overture | Overture-signals","CDLA-Permissive-2.0","2026-04-27T00:00:00.000Z | 2026-06-11T11:57:15Z | 2026-05-12T00:29:08Z | 2026-05-18T13:23:54Z | 2026-05-25T13:08:59Z | 2026-06-01T13:20:32Z | 2026-06-08T13:20:12Z"
"NJ","New Jersey","173d08ff-53be-4a36-a343-cdf6cac98c31","Hillsborough Prime Dental","-74.63269794","40.5163275","dentist","general_dentistry","312 US-206","Hillsborough","08844-4692","NJ","US","+19083598555","","https://hillsboroughprimedental.com/","https://www.facebook.com/108518321748809","","0.9199122190475464","open","7","meta | Overture | Overture-signals","CDLA-Permissive-2.0","2026-04-27T00:00:00.000Z | 2026-06-11T11:57:15Z | 2026-05-12T00:29:08Z | 2026-05-18T13:23:54Z | 2026-05-25T13:08:59Z | 2026-06-01T13:20:32Z | 2026-06-08T13:20:12Z"
"NJ","New Jersey","173faa72-630e-4534-9c2e-4811db282d8a","Conte Dentistry","-74.06765987","40.34320772","dentist","general_dentistry | doctor","223 Maple Ave","Red Bank","07701-1727","NJ","US","+18482430189","drlconte@gmail.com","https://www.contedentistry.com/","https://www.facebook.com/1379249965716591","","0.9902192950248718","open","8","meta | Overture | Overture-signals","CDLA-Permissive-2.0","2026-04-27T00:00:00.000Z | 2026-06-11T11:57:15Z | 2026-05-12T00:29:08Z | 2026-05-18T13:23:54Z | 2026-05-25T13:08:59Z | 2026-06-01T13:20:32Z | 2026-06-08T13:20:12Z"
"NJ","New Jersey","176758c3-38e5-408d-b827-4ce904686dfa","Suave Dental","-74.18286261","40.77009141","dentist","general_dentistry | doctor","427 Bloomfield Ave","Newark","07107-2440","NJ","US","+19732689595","","http://www.suavedental.com","https://www.facebook.com/305707432942899","Suave Dental","0.9902192950248718","open","7","meta | Overture | Overture-signals","CDLA-Permissive-2.0","2026-04-27T00:00:00.000Z | 2026-06-11T11:57:15Z | 2026-05-12T00:29:08Z | 2026-05-18T13:23:54Z | 2026-05-25T13:08:59Z | 2026-06-01T13:20:32Z | 2026-06-08T13:20:12Z"
"NJ","New Jersey","1769c1b9-94a9-4273-b654-57abba22ab53","Cosmetic & Family Dentistry","-74.6333324861081","40.8650108881505","dentist","","40 Main St Ste 101","Succasunna","07876","NJ","US","(973) 584-2533","","http://www.roxburydental.com","","","0.9199122190475464","open","4","Foursquare | Overture | Overture-signals","Apache-2.0 | CDLA-Permissive-2.0","2025-12-09T00:00:00.000 | 2026-06-11T11:57:15Z | 2026-05-12T00:29:08Z | 2026-05-18T13:23:54Z | 2026-05-25T13:08:59Z | 2026-06-01T13:20:32Z | 2026-06-08T13:20:12Z"
"NJ","New Jersey","179a6760-88e4-4e8e-b1b2-7066665d97b8","Elmendorf Roshanak DDS","-74.33402914","41.00401893","dentist","general_dentistry","142 Main St","Bloomingdale","07403-1687","NJ","US","+19732832900","contactus@elmendorfdds.com","http://www.Elmendorfdds.com/","https://www.facebook.com/775302119203221","","0.8159460425376892","","8","meta | Overture","CDLA-Permissive-2.0","2026-04-27T00:00:00.000Z | 2026-06-11T11:57:15Z"
"NJ","New Jersey","17b5d743-57f7-4abd-a793-ddb30513d95a","Jacobs Bernard DDS","-75.08448903","39.88128954","dentist","general_dentistry","26 E Kings Hwy","Mt Ephraim","08059-1337","NJ","US","+18569318333","","","https://www.facebook.com/204302956283671","","0.9199122190475464","open","7","meta | Overture | Overture-signals","CDLA-Permissive-2.0","2026-04-27T00:00:00.000Z | 2026-06-11T11:57:15Z | 2026-05-12T00:29:08Z | 2026-05-18T13:23:54Z | 2026-05-25T13:08:59Z | 2026-06-01T13:20:32Z | 2026-06-08T13:20:12Z"
"NJ","New Jersey","17c52f93-00e2-4eb7-b9ff-be90f32ab83e","SiRa Dentistry","-74.38809628","40.39316834","dentist","","456 Main St","Spotswood","08884-1702","NJ","US","+17324547472","info@siradentistry.com","https://siradentistry.meetkasper.com/schedule-appointment","https://www.facebook.com/101977026316824","","0.9902192950248718","open","7","meta | Overture | Overture-signals","CDLA-Permissive-2.0","2026-04-27T00:00:00.000Z | 2026-06-11T11:57:15Z | 2026-05-12T00:29:08Z | 2026-05-18T13:23:54Z | 2026-05-25T13:08:59Z | 2026-06-01T13:20:32Z | 2026-06-08T13:20:12Z"
"NJ","New Jersey","17d5fa56-ced6-4771-987c-f083efec3b20","Dena G Lieblich DDS","-74.42043599","40.50256699","dentist","general_dentistry | doctor","901 Raritan Ave","Highland Park","08904-3601","NJ","US","+17323399004","denaglieblichdds@gmail.com","http://www.denaglieblichdds.com/","https://www.facebook.com/1680173958867589","","0.9199122190475464","open","7","meta | Overture | Overture-signals","CDLA-Permissive-2.0","2026-04-27T00:00:00.000Z | 2026-06-11T11:57:15Z | 2026-05-12T00:29:08Z | 2026-05-18T13:23:54Z | 2026-05-25T13:08:59Z | 2026-06-01T13:20:32Z | 2026-06-08T13:20:12Z"
"NJ","New Jersey","17e35863-3abb-4121-b3a5-7088b5947722","The Advanced Dental Center of Cedar Knolls","-74.45494453","40.81259161","dentist","general_dentistry | medical_center","197 Ridgedale Ave","Cedar Knolls","07927-2107","NJ","US","+19738891900","","http://theadvanceddentalcenter.com/","https://www.facebook.com/565796119949352","Dr. George J. Schmidt","0.9199122190475464","open","8","meta | Overture | Overture-signals","CDLA-Permissive-2.0","2026-04-27T00:00:00.000Z | 2026-06-11T11:57:15Z | 2026-05-12T00:29:08Z | 2026-05-18T13:23:54Z | 2026-05-25T13:08:59Z | 2026-06-01T13:20:32Z | 2026-06-08T13:20:12Z"
"NJ","New Jersey","17fb6c24-8579-40ea-a5b5-ab26a45dd309","Burlington Dental Associates","-74.83839411","40.08239341","dentist","general_dentistry","1130 E US-130","Burlington","08016-2954","NJ","US","+16093874333","burlingtondental1130@gmail.com","https://burlingtondentalassociates.com/","https://www.facebook.com/101290245387604","","0.9199122190475464","open","9","meta | Overture | Overture-signals","CDLA-Permissive-2.0","2026-04-27T00:00:00.000Z | 2026-06-11T11:57:15Z | 2026-05-12T00:29:08Z | 2026-05-18T13:23:54Z | 2026-05-25T13:08:59Z | 2026-06-01T13:20:32Z | 2026-06-08T13:20:12Z"
"NJ","New Jersey","180aad1e-acbc-4ecd-9cfe-a5b4d430c730","Elite Dental & Facial Esthetics","-73.9755878","40.8892526","dentist","cosmetic_dentist | doctor","115 Grand Ave","Englewood","07631-3654","NJ","US","+12013047077","dentalandfacialesthetics@yahoo.com","https://www.dentalandfacialesthetics.com/","https://www.facebook.com/284696355589308","","0.700369119644165","","7","meta | Overture","CDLA-Permissive-2.0","2026-04-27T00:00:00.000Z | 2026-06-11T11:57:15Z"
"NJ","New Jersey","18196cab-4f40-4703-96fc-e9219d3a97c6","Gerges Dental","-74.1007434763408","40.4129634497256","dentist","","9 Leonardville Rd Ste 2","Middletown","07748","NJ","US","(732) 671-3699","gergesdental@verizon.net","https://www.gergesdental.com","","","0.9199122190475464","open","4","Foursquare | Overture | Overture-signals","Apache-2.0 | CDLA-Permissive-2.0","2025-08-22T00:00:00.000 | 2026-06-11T11:57:15Z | 2026-05-12T00:29:08Z | 2026-05-18T13:23:54Z | 2026-05-25T13:08:59Z | 2026-06-01T13:20:32Z | 2026-06-08T13:20:12Z"
"NJ","New Jersey","181f736a-9038-4be5-b7c2-ed36295922e4","Lincoln Dentistry","-74.35153218","41.14323866","dentist","general_dentistry","137 Lincoln Ave","West Milford","07480-2134","NJ","US","+19736570558","lincolndentistry137@gmail.com","http://lincolndentistrymilford.com/","https://www.facebook.com/142800026097151","","0.9199122190475464","open","8","meta | Overture | Overture-signals","CDLA-Permissive-2.0","2026-04-27T00:00:00.000Z | 2026-06-11T11:57:15Z | 2026-05-12T00:29:08Z | 2026-05-18T13:23:54Z | 2026-05-25T13:08:59Z | 2026-06-01T13:20:32Z | 2026-06-08T13:20:12Z"
"NJ","New Jersey","1823ab53-2ce7-4742-958e-c3a0734653fa","Dr. Cristina Pinho","-74.15778423","40.72686671","dentist","general_dentistry","332 Lafayette St","Newark","07105-2725","NJ","US","+19733443577","","","https://www.facebook.com/159453137409608","","0.6614257097244263","","2","meta | Overture","CDLA-Permissive-2.0","2026-04-27T00:00:00.000Z | 2026-06-11T11:57:15Z"
"NJ","New Jersey","1845e553-7940-47cb-b7ac-7d1cbae670e1","Mohamed S. Mansour, DDS","-74.692193","40.565189","dentist","health_and_medical","1018 U S 202","Branchburg","08876","NJ","US","9085750990","","http://premierdentalofbranchburg.com/","","","0.85","","9","Microsoft | Overture","CDLA-Permissive-2.0","2022-03-30T02:37:06.147Z | 2026-06-11T11:57:15Z"
"NJ","New Jersey","184bcbad-e526-40dd-934a-95638c26a75a","Smiles by Rizzo","-74.09079587","40.83859269","dentist","general_dentistry | cosmetic_dentist","445 Hackensack St","Carlstadt","07072-1311","NJ","US","+12019395770","gerald.rizzo@yahoo.com","http://www.smilesbyrizzo.com/","https://www.facebook.com/117798871596679","","0.9199122190475464","open","9","meta | Overture | Overture-signals","CDLA-Permissive-2.0","2026-04-27T00:00:00.000Z | 2026-06-11T11:57:15Z | 2026-05-12T00:29:08Z | 2026-05-18T13:23:54Z | 2026-05-25T13:08:59Z | 2026-06-01T13:20:32Z | 2026-06-08T13:20:12Z"
"NJ","New Jersey","18844e84-f123-4a55-a81b-507356fe42bc","CompleteCare Dental Professionals","-75.11028135","39.71014221","dentist","general_dentistry","335 Delsea Dr N","Glassboro","08028-1403","NJ","US","+18564514700","","http://www.completecarenj.org","https://www.facebook.com/411681132732621","","0.9199122190475464","open","7","meta | Overture | Overture-signals","CDLA-Permissive-2.0","2026-04-27T00:00:00.000Z | 2026-06-11T11:57:15Z | 2026-05-12T00:29:08Z | 2026-05-18T13:23:54Z | 2026-05-25T13:08:59Z | 2026-06-01T13:20:32Z | 2026-06-08T13:20:12Z"
"NJ","New Jersey","1887872d-4d84-4001-97ea-2258b90f8d2e","201 Dental Care","-73.9604414843932","40.8653411988771","dentist","","6 Sylvan Ave","Englewood Cliffs","07632","NJ","US","(201) 944-1969","info@arnoldperman.com","https://www.201dental.com","https://www.twitter.com/arnoldperman | https://www.facebook.com/190870960842","","0.9199122190475464","open","4","Foursquare | Overture | Overture-signals","Apache-2.0 | CDLA-Permissive-2.0","2022-06-13T00:00:00.000 | 2026-06-11T11:57:15Z | 2026-05-12T00:29:08Z | 2026-05-18T13:23:54Z | 2026-05-25T13:08:59Z | 2026-06-01T13:20:32Z | 2026-06-08T13:20:12Z"
"NJ","New Jersey","1890f252-2317-4995-8711-8df102f0bd3d","Redwood Family Dental","-74.27543841","40.73171407","dentist","doctor | health_and_medical","140 Maplewood Ave","Maplewood","07040-1234","NJ","US","+19737632221","info@redwoodfamilydentalnj.com","https://redwoodfamilydentalnj.com/","https://www.facebook.com/425098524330883","","0.9199122190475464","open","7","meta | Overture | Overture-signals","CDLA-Permissive-2.0","2026-04-27T00:00:00.000Z | 2026-06-11T11:57:15Z | 2026-05-12T00:29:08Z | 2026-05-18T13:23:54Z | 2026-05-25T13:08:59Z | 2026-06-01T13:20:32Z | 2026-06-08T13:20:12Z"
"NJ","New Jersey","189259ba-151a-4f67-9689-f5b0fd6078ed","Teresa Oh DMD","-74.664142","40.363767","dentist","family_practice | bar","33 State Rd","Princeton","08540-1304","NJ","US","+16099244421","","","https://www.facebook.com/110649652330887","","0.711645245552063","","7","meta | Overture","CDLA-Permissive-2.0","2026-04-27T00:00:00.000Z | 2026-06-11T11:57:15Z"
"NJ","New Jersey","18aaf5f7-e9f6-4443-9fc0-746cc709908b","Elice Dental Care","-74.1786","40.427021","dentist","general_dentistry | medical_service_organizations","226 Middle Rd","Hazlet","07730-1945","NJ","US","+17322647615","drelice@hotmail.com","http://www.myhazletdentist.com","https://www.facebook.com/116318125067639","","0.9902192950248718","open","9","meta | Overture | Overture-signals","CDLA-Permissive-2.0","2026-04-27T00:00:00.000Z | 2026-06-11T11:57:15Z | 2026-05-12T00:29:08Z | 2026-05-18T13:23:54Z | 2026-05-25T13:08:59Z | 2026-06-01T13:20:32Z | 2026-06-08T13:20:12Z"
"NJ","New Jersey","18af6ffd-6117-4cbb-8879-44ad84411708","Little Sunshine Pediatric Dentistry","-73.97566974","40.85267697","dentist","pediatric_dentist","1625 Anderson Ave","Fort Lee","07024-2748","NJ","US","+12012242747","sunshinepedo@gmail.com","http://www.littlesunshinedental.com/","https://www.facebook.com/1467271676872095","","0.9902192950248718","open","7","meta | Overture | Overture-signals","CDLA-Permissive-2.0","2026-04-27T00:00:00.000Z | 2026-06-11T11:57:15Z | 2026-05-12T00:29:08Z | 2026-05-18T13:23:54Z | 2026-05-25T13:08:59Z | 2026-06-01T13:20:32Z | 2026-06-08T13:20:12Z"
"NJ","New Jersey","18d14699-6073-4d12-bf47-d374ae3c872a","Dr. Susan Rider","-74.53709246","40.68743445","dentist","orthodontist | health_and_medical","120 Cross Rd","Basking Ridge","07920-1502","NJ","US","+19087662060","","http://www.riderbraces.com","https://www.facebook.com/166823413328909","","0.9199122190475464","open","10","meta | Overture | Overture-signals","CDLA-Permissive-2.0","2026-04-27T00:00:00.000Z | 2026-06-11T11:57:15Z | 2026-05-12T00:29:08Z | 2026-05-18T13:23:54Z | 2026-05-25T13:08:59Z | 2026-06-01T13:20:32Z | 2026-06-08T13:20:12Z"
"NJ","New Jersey","18d4f56f-549d-4843-bf7d-a509a3e149a0","South Bound Brook Dental","-74.47687655","40.55466012","dentist","general_dentistry | cosmetic_dentist","19 Wills Way","Piscataway","08854","NJ","US","+17323568556","southboundbrookdental@gmail.com","http://sbbdental.com/","https://www.facebook.com/316485422202191","","0.9199122190475464","open","7","meta | Overture | Overture-signals","CDLA-Permissive-2.0","2026-04-27T00:00:00.000Z | 2026-06-11T11:57:15Z | 2026-05-12T00:29:08Z | 2026-05-18T13:23:54Z | 2026-05-25T13:08:59Z | 2026-06-01T13:20:32Z | 2026-06-08T13:20:12Z"
"NJ","New Jersey","1907b787-7fdf-40c1-b14b-5cceb705b73d","Jackson Dental - Dr. Farida Ali","-74.27924388","40.13063901","dentist","general_dentistry | medical_service_organizations","55 N County Line Rd","Jackson","08527-1394","NJ","US","+17323674110","","https://www.jacksondentalnj.com/","https://www.facebook.com/112880648746259","","0.9199122190475464","open","8","meta | Overture | Overture-signals","CDLA-Permissive-2.0","2026-04-27T00:00:00.000Z | 2026-06-11T11:57:15Z | 2026-05-12T00:29:08Z | 2026-05-18T13:23:54Z | 2026-05-25T13:08:59Z | 2026-06-01T13:20:32Z | 2026-06-08T13:20:12Z"
"NJ","New Jersey","1952f571-15f4-4d44-8e24-9bb46ab30aaf","Kirti J Tolia DDS PA","-74.30073725","40.87786045","dentist","general_dentistry | health_and_medical","271 US Highway 46","Fairfield","07004-2400","NJ","US","+19732769202","info@toliadentistry.com","http://www.toliadentistry.com","https://www.facebook.com/593988070659348","","0.9199122190475464","open","8","meta | Overture | Overture-signals","CDLA-Permissive-2.0","2026-04-27T00:00:00.000Z | 2026-06-11T11:57:15Z | 2026-05-12T00:29:08Z | 2026-05-18T13:23:54Z | 2026-05-25T13:08:59Z | 2026-06-01T13:20:32Z | 2026-06-08T13:20:12Z"
"NJ","New Jersey","195d091b-17d4-40fc-9883-b7cf029645ac","Little Egg Dental","-74.35572439","39.60297934","dentist","general_dentistry | health_and_medical","425 Route 9 S","Little Egg Harbor Twp","08087-2225","NJ","US","+16098796456","gprag1@yahoo.com","http://littleeggdental.com/","https://www.facebook.com/694124473965203","","0.9946084022521973","open","4","meta | Overture | Overture-signals","CDLA-Permissive-2.0","2026-04-27T00:00:00.000Z | 2026-06-11T11:57:15Z | 2026-06-08T13:20:12Z"
"NJ","New Jersey","198340ee-1cff-4cc6-ab90-e4659e63a404","Dr. Charles Evans Dental Practice","-75.50805158","39.66676652","dentist","general_dentistry | medical_service_organizations","7 Benson Ave","Pennsville","08070-1401","NJ","US","+18566782900","evansdental@comcast.net","https://www.findatopdoc.com/doctor/521218-Charles-Evans-Dentist","https://www.facebook.com/115771233163508","","0.9516918659210205","","9","meta | Overture","CDLA-Permissive-2.0","2026-04-27T00:00:00.000Z | 2026-06-11T11:57:15Z"
"NJ","New Jersey","199ded0c-14da-43f0-9e08-9d3b93f502be","Soft Care Dental Group","-74.498237213947","40.6178977643113","dentist","","108 Town Center Dr","Warren","07059","NJ","US","(908) 561-5555","office@softcaredentalgroup.com","http://www.softcaredentalgroup.com","https://www.twitter.com/softcaredental | https://www.facebook.com/164412866921410","","0.9199122190475464","open","4","Foursquare | Overture | Overture-signals","Apache-2.0 | CDLA-Permissive-2.0","2025-03-21T00:00:00.000 | 2026-06-11T11:57:15Z | 2026-05-12T00:29:08Z | 2026-05-18T13:23:54Z | 2026-05-25T13:08:59Z | 2026-06-01T13:20:32Z | 2026-06-08T13:20:12Z"
"NJ","New Jersey","19a0554f-7442-46e8-ae69-28b9b478e17d","Chatham Dental Studio","-74.39496049","40.74656845","dentist","general_dentistry","576 Main St","Chatham","07928-2148","NJ","US","+19736358843","chathamdentalstudio@gmail.com","http://www.ChathamDentalStudio.com/","https://www.facebook.com/1884475711778894","","0.9199122190475464","open","8","meta | Overture | Overture-signals","CDLA-Permissive-2.0","2026-04-27T00:00:00.000Z | 2026-06-11T11:57:15Z | 2026-05-12T00:29:08Z | 2026-05-18T13:23:54Z | 2026-05-25T13:08:59Z | 2026-06-01T13:20:32Z | 2026-06-08T13:20:12Z"
"NJ","New Jersey","19a3bd8e-966f-445f-aeeb-4b38142019fd","RiteSmile Dental","-74.69437147","40.60614913","dentist","cosmetic_dentist | pediatric_dentist","1260 State Route 28","Branchburg Twp","08876-3390","NJ","US","+19082554794","info@ritesmiledental.com","http://www.ritesmiledental.com/","https://www.facebook.com/469223752935502","RiteSmile Dental","0.9902192950248718","open","10","meta | Overture | Overture-signals","CDLA-Permissive-2.0","2026-04-27T00:00:00.000Z | 2026-06-11T11:57:15Z | 2026-05-12T00:29:08Z | 2026-05-18T13:23:54Z | 2026-05-25T13:08:59Z | 2026-06-01T13:20:32Z | 2026-06-08T13:20:12Z"
"NJ","New Jersey","19a6143f-bad5-4e85-905e-790046ea5754","Tahira Rizvi","-75.01337725","39.91079665","dentist","doctor","401 Kings Hwy S","Cherry Hill","08034-2500","NJ","US","+18564294600","","","https://www.facebook.com/2313965732159064","","0.9199122190475464","open","7","meta | Overture | Overture-signals","CDLA-Permissive-2.0","2026-04-27T00:00:00.000Z | 2026-06-11T11:57:15Z | 2026-05-12T00:29:08Z | 2026-05-18T13:23:54Z | 2026-05-25T13:08:59Z | 2026-06-01T13:20:32Z | 2026-06-08T13:20:12Z"
"NJ","New Jersey","19b05849-861e-419a-8270-0748cbff4207","Franklin Dental","-74.53734","40.43995","dentist",""," 3391 NJ-27 #103","Franklin Park","08823","NJ","US","+17328212800","hello@franklin.dental","http://franklin.dental/","https://www.facebook.com/126054837257173","Franklin Dental","0.7261511087417603","","7","meta | Overture","CDLA-Permissive-2.0","2026-04-27T00:00:00.000Z | 2026-06-11T11:57:15Z"
"NJ","New Jersey","19b5f065-0599-4bec-be37-b1be12aabf79","Watchung Avenue Dental LLC","-74.44055213","40.63016364","dentist","general_dentistry | doctor","445 Watchung Ave","Watchung","07069-4956","NJ","US","+19082220007","watchungavenuedental@gmail.com","http://www.WatchungDental.com/","https://www.facebook.com/885039988176478","","0.9902192950248718","open","7","meta | Overture | Overture-signals","CDLA-Permissive-2.0","2026-04-27T00:00:00.000Z | 2026-06-11T11:57:15Z | 2026-05-12T00:29:08Z | 2026-05-18T13:23:54Z | 2026-05-25T13:08:59Z | 2026-06-01T13:20:32Z | 2026-06-08T13:20:12Z"
"NJ","New Jersey","19b7db31-da70-474d-a17c-1f4144f50267","Adin Dental Implants USA","-73.94856099","40.88464474","dentist","professional_services | health_and_medical","560 Sylvan Ave","Englewood Cliffs","07632-3106","NJ","US","+12013742592","contactusa@adin-implants.com","https://www.youtube.com/watch?v=x81llmU97Vw","https://www.facebook.com/104048158410612","","0.5984156727790833","","8","meta | Overture","CDLA-Permissive-2.0","2026-04-27T00:00:00.000Z | 2026-06-11T11:57:15Z"
"NJ","New Jersey","19e53334-7903-4ad7-9a25-6bbe3ae9856b","Tatyana Kaminar","-74.2118318458079","40.9536212765871","dentist","","506 Hamburg Tpke Ste 206","Wayne","07470","NJ","US","(973) 423-1200","info@tkdental.com","http://www.tkdental.com","https://www.facebook.com/215993021766360","","0.9199122190475464","open","4","Foursquare | Overture | Overture-signals","Apache-2.0 | CDLA-Permissive-2.0","2025-08-22T00:00:00.000 | 2026-06-11T11:57:15Z | 2026-05-12T00:29:08Z | 2026-05-18T13:23:54Z | 2026-05-25T13:08:59Z | 2026-06-01T13:20:32Z | 2026-06-08T13:20:12Z"
"NJ","New Jersey","1a0313bb-02cd-4445-a9c3-75649aaabd65","Eden Baluyot Vincent","-74.26092066","40.80871149","dentist","general_dentistry | medical_service_organizations","508 Pleasant Valley Way","West Orange","07052-2802","NJ","US","+19737310087","edenvincentdmd@gmail.com","https://ebvincentdmd.com/","https://www.facebook.com/497367553640512","","0.9199122190475464","open","9","meta | Overture | Overture-signals","CDLA-Permissive-2.0","2026-04-27T00:00:00.000Z | 2026-06-11T11:57:15Z | 2026-05-12T00:29:08Z | 2026-05-18T13:23:54Z | 2026-05-25T13:08:59Z | 2026-06-01T13:20:32Z | 2026-06-08T13:20:12Z"
"NJ","New Jersey","1a14a88f-577d-479c-aac8-a921ac3428e8","Edison Clark Oral Surgery Associates","-74.35728729","40.57162663","dentist","doctor | surgeon","1857 Oak Tree Rd","Edison","08820-2779","NJ","US","+17325487824","","http://edisonclarkoralsurgery.com","https://www.facebook.com/122174674507398","Edison Clark Oral Surgery Associates","0.9640743136405945","","7","meta | Overture","CDLA-Permissive-2.0","2026-04-27T00:00:00.000Z | 2026-06-11T11:57:15Z"
"NJ","New Jersey","1a1ac375-7c0f-4eae-9542-5dec301028d8","Sea Sle Smiles","-74.69262344","39.15367174","dentist","general_dentistry","4311 Landis Ave","Sea Isle City","08243-1838","NJ","US","+16092634201","seaislesmiles1@gmail.com","http://seaislesmiles.com/","https://www.facebook.com/100142478083338","","0.9902192950248718","open","4","meta | Overture | Overture-signals","CDLA-Permissive-2.0","2026-04-27T00:00:00.000Z | 2026-06-11T11:57:15Z | 2026-05-12T00:29:08Z | 2026-05-18T13:23:54Z | 2026-05-25T13:08:59Z | 2026-06-01T13:20:32Z | 2026-06-08T13:20:12Z"
"NJ","New Jersey","1a3ba75a-a162-4721-bcde-9bf169e22dd7","Dental Design Group LLC","-74.4928101","40.47184324","dentist","cosmetic_dentist | general_dentistry","1303 State Route 27","Somerset","08873-3456","NJ","US","+17323540707","smile@ddg.com","http://njdentaldesigngroup.com/","https://www.facebook.com/112120805517319","","0.9199122190475464","open","8","meta | Overture | Overture-signals","CDLA-Permissive-2.0","2026-04-27T00:00:00.000Z | 2026-06-11T11:57:15Z | 2026-05-12T00:29:08Z | 2026-05-18T13:23:54Z | 2026-05-25T13:08:59Z | 2026-06-01T13:20:32Z | 2026-06-08T13:20:12Z"
"NJ","New Jersey","1a45a17e-a01c-4fd9-8aa6-ef43f6890874","Wayne Pediatric Dental Clinic","-74.2490333544522","40.9622272183056","dentist","","1332 Hamburg Tpke","Wayne","07470","NJ","US","(973) 435-7670","waynepdc@gmail.com","http://www.waynepdc.com","https://www.facebook.com/188796367821029","","0.77","","5","Foursquare | Overture","Apache-2.0 | CDLA-Permissive-2.0","2025-08-22T00:00:00.000 | 2026-06-11T11:57:15Z"
"NJ","New Jersey","1a51b2aa-e0f1-4afd-acd2-37646ef1f399","Northern Valley Family Dentistry","-73.96722249","40.99967776","dentist","general_dentistry | cosmetic_dentist","11 Broad St","Norwood","07648-1510","NJ","US","+12017685697","galfunddentistry@gmail.com","http://nvfdentistry.com/","https://www.facebook.com/206783506016089","","0.9199122190475464","open","8","meta | Overture | Overture-signals","CDLA-Permissive-2.0","2026-04-27T00:00:00.000Z | 2026-06-11T11:57:15Z | 2026-05-12T00:29:08Z | 2026-05-18T13:23:54Z | 2026-05-25T13:08:59Z | 2026-06-01T13:20:32Z | 2026-06-08T13:20:12Z"
"NJ","New Jersey","1a51eb60-e9ad-46e9-894c-6c5285858dd9","Vincent M. Immordino, DMD","-74.64094311","40.22130469","dentist","general_dentistry | cosmetic_dentist","2273 Highway 33","Trenton","08690-1747","NJ","US","+16095880666","drsiandk@gmail.com","http://www.hamiltonfamilydentists.com/","https://www.facebook.com/518361558355412","Vincent M. Immordino, DMD PA and Alec E. Keon, DMD PC","0.9199122190475464","open","9","meta | Overture | Overture-signals","CDLA-Permissive-2.0","2026-04-27T00:00:00.000Z | 2026-06-11T11:57:15Z | 2026-05-12T00:29:08Z | 2026-05-18T13:23:54Z | 2026-05-25T13:08:59Z | 2026-06-01T13:20:32Z | 2026-06-08T13:20:12Z"
"NJ","New Jersey","1a884c76-a100-4b8e-bc58-94c65bc091a7","Pediatric Dentistry of Wayne","-74.263549","40.94741","dentist","pediatric_dentist | health_and_medical","330 Ratzer Rd","Wayne","07470-7702","NJ","US","+19736966002","","http://www.waynesmiles4kids.com","https://www.facebook.com/156469937726163","Wayne Smiles Pediatric Dentistry","0.7368144392967224","","9","meta | Overture","CDLA-Permissive-2.0","2026-04-27T00:00:00.000Z | 2026-06-11T11:57:15Z"
"NJ","New Jersey","1a97cb5a-34fe-4d07-bfb7-14a282f105f3","46 Dental","-74.22801292","40.89448968","dentist","general_dentistry | health_and_medical","225 US Highway 46","Totowa","07512-1814","NJ","US","+19738908811","","http://www.46dental.com","https://www.facebook.com/284212461595791","","0.9199122190475464","open","7","meta | Overture | Overture-signals","CDLA-Permissive-2.0","2026-04-27T00:00:00.000Z | 2026-06-11T11:57:15Z | 2026-05-12T00:29:08Z | 2026-05-18T13:23:54Z | 2026-05-25T13:08:59Z | 2026-06-01T13:20:32Z | 2026-06-08T13:20:12Z"
"NJ","New Jersey","1aab9772-b0dd-4f05-99d8-e081aab33248","Dr. Gregory Baron","-74.13084675","40.95787466","dentist","general_dentistry | health_and_medical","135 Rodney St","Glen Rock","07452-2827","NJ","US","+12016708565","gbarondmd@aol.com","http://www.gbarondmd.com/","https://www.facebook.com/504943849638829","","0.9199122190475464","open","9","meta | Overture | Overture-signals","CDLA-Permissive-2.0","2026-04-27T00:00:00.000Z | 2026-06-11T11:57:15Z | 2026-05-12T00:29:08Z | 2026-05-18T13:23:54Z | 2026-05-25T13:08:59Z | 2026-06-01T13:20:32Z | 2026-06-08T13:20:12Z"
"NJ","New Jersey","1aafd197-97a8-4b5f-9656-7a53ca6dd4b1","Eatontown Dental Care","-74.05403165","40.29483785","dentist","general_dentistry | health_and_medical","142 State Route 35","Eatontown","07724","NJ","US","+17324609000","eatontowndentalcare@gmail.com","http://eatontowndentalcare.com/","https://www.facebook.com/499394763589257","","0.9199122190475464","open","9","meta | Overture | Overture-signals","CDLA-Permissive-2.0","2026-04-27T00:00:00.000Z | 2026-06-11T11:57:15Z | 2026-05-12T00:29:08Z | 2026-05-18T13:23:54Z | 2026-05-25T13:08:59Z | 2026-06-01T13:20:32Z | 2026-06-08T13:20:12Z"
"NJ","New Jersey","1ae7a023-5dfb-4bdb-a903-3a672776ec96","Gina Tanios-Rafla","-74.38734688","40.43373859","dentist","orthodontist | cosmetic_dentist","646 State Route 18","East Brunswick","08816-3711","NJ","US","+17322381760","info@laserdentistnj.com","http://www.laserdentistnj.com/","https://www.facebook.com/173621756099545","","0.9199122190475464","open","7","meta | Overture | Overture-signals","CDLA-Permissive-2.0","2026-04-27T00:00:00.000Z | 2026-06-11T11:57:15Z | 2026-05-12T00:29:08Z | 2026-05-18T13:23:54Z | 2026-05-25T13:08:59Z | 2026-06-01T13:20:32Z | 2026-06-08T13:20:12Z"
"NJ","New Jersey","1aed69bd-8fd9-4118-b460-393f45dbfc01","Dental Health Associates, P.A.","-74.10597","40.68856","dentist","pediatric_dentist | endodontist","1216 JF Kennedy Blvd","Bayonne","07002-2208","NJ","US","+12018583800","","","https://www.facebook.com/114268650217323","Dental Health Associates, P.A.","0.6295396089553833","","7","meta | Overture","CDLA-Permissive-2.0","2026-04-27T00:00:00.000Z | 2026-06-11T11:57:15Z"
"NJ","New Jersey","1afc6254-e844-468d-b79c-a43fd1ddd9f0","Eastern Dental","-74.93966115","39.90732952","dentist","orthodontist","951 Route 73 N","Marlton","08053-1278","NJ","US","+17324747642","marlton@dmgmt.net","https://www.easterndental.com/locations/marlton-nj/","https://www.facebook.com/226190674066398","Eastern Dental","0.9199122190475464","open","9","meta | Overture | Overture-signals","CDLA-Permissive-2.0","2026-04-27T00:00:00.000Z | 2026-06-11T11:57:15Z | 2026-05-12T00:29:08Z | 2026-05-18T13:23:54Z | 2026-05-25T13:08:59Z | 2026-06-01T13:20:32Z | 2026-06-08T13:20:12Z"
"NJ","New Jersey","1b32ecdf-c982-4b78-910f-da25fbc3c17f","Cedar Grove Dental Arts","-74.22897607","40.84658447","dentist","cosmetic_dentist","388 Pompton Ave","Cedar Grove","07009-1814","NJ","US","+19732394315","cedargrovedentalarts@gmail.com","https://cedargrovedentalarts.com/","https://www.facebook.com/104356598167129","","0.9199122190475464","open","7","meta | Overture | Overture-signals","CDLA-Permissive-2.0","2026-04-27T00:00:00.000Z | 2026-06-11T11:57:15Z | 2026-05-12T00:29:08Z | 2026-05-18T13:23:54Z | 2026-05-25T13:08:59Z | 2026-06-01T13:20:32Z | 2026-06-08T13:20:12Z"
"NJ","New Jersey","1b366ce5-16a3-4a16-8f1c-5b0e891bc1d3","Dr. Carly S. Carson, DMD","-74.30405284","40.65643064","dentist","pediatric_dentist | doctor","15 Alden St","Cranford","07016","NJ","US","+19082761669","carlydmd@aol.com","http://drcarlycarson.com/","https://www.facebook.com/1828527227360320","","0.6280378699302673","","8","meta | Overture","CDLA-Permissive-2.0","2026-04-27T00:00:00.000Z | 2026-06-11T11:57:15Z"
"NJ","New Jersey","1b3cb272-b384-4680-ba5c-0bcf7fcb4bc6","Dentista Hispana","-74.12679359","40.8601489","dentist","general_dentistry | medical_service_organizations","147 Prospect St","Passaic","07055-4925","NJ","US","+19734718003","dentistahispana@gmail.com","https://www.dentista-hispana.com/","https://www.facebook.com/169503503061805","","0.9902192950248718","open","9","meta | Overture | Overture-signals","CDLA-Permissive-2.0","2026-04-27T00:00:00.000Z | 2026-06-11T11:57:15Z | 2026-05-12T00:29:08Z | 2026-05-18T13:23:54Z | 2026-05-25T13:08:59Z | 2026-06-01T13:20:32Z | 2026-06-08T13:20:12Z"
"NJ","New Jersey","1b6ccd9f-0ea5-4e62-8ce2-5f0650b01714","Dr Alex Gelman Cherry Hill General Dentist","-75.0031562756201","39.9211667225416","dentist","","1050 Kings Hwy N Ste 104","Cherry Hill","08034","NJ","US","(856) 414-1550","","http://www.njdental1.com","","","0.9199122190475464","open","4","Foursquare | Overture | Overture-signals","Apache-2.0 | CDLA-Permissive-2.0","2025-08-22T00:00:00.000 | 2026-06-11T11:57:15Z | 2026-05-12T00:29:08Z | 2026-05-18T13:23:54Z | 2026-05-25T13:08:59Z | 2026-06-01T13:20:32Z | 2026-06-08T13:20:12Z"
"NJ","New Jersey","1b763b98-d870-4257-9684-3fbc231cbfb6","University Dental Center","-74.52642082","39.47315657","dentist","college_university","4 E Jimmie Leeds Rd","Galloway Twp","08205-4465","NJ","US","+16096520501","","https://sdm.rutgers.edu/about/admin_extramural.htm","https://www.facebook.com/131030706954915","","0.9892145991325378","","8","meta | Overture","CDLA-Permissive-2.0","2026-04-27T00:00:00.000Z | 2026-06-11T11:57:15Z"
"NJ","New Jersey","1b7c32a8-6019-40fd-9be0-1f9b5781c554","Garden State Smiles of North Brunswick","-74.4980702921662","40.4667141718668","dentist","","1612 State Route 27","North Brunswick","08902","NJ","US","(732) 867-8186","","http://www.localdentistry.com/profile/garden-state-smiles-of-north-brunswick-north-brunswick-new-jersey.html","https://www.facebook.com/487818941244745","","0.77","","5","Foursquare | Overture","Apache-2.0 | CDLA-Permissive-2.0","2026-02-21T00:00:00.000 | 2026-06-11T11:57:15Z"
"NJ","New Jersey","1b859028-7c1a-439c-a9f4-fef238a84a66","Oratech Group","-74.29489543","40.76843552","dentist","general_dentistry | health_and_medical","745 Northfield Ave","West Orange","07052-1136","NJ","US","+19737364420","","https://www.new-jersey-cosmetic-dentist.net/our-west-orange-office","https://www.facebook.com/527314473954775","","0.9199122190475464","open","7","meta | Overture | Overture-signals","CDLA-Permissive-2.0","2026-04-27T00:00:00.000Z | 2026-06-11T11:57:15Z | 2026-05-12T00:29:08Z | 2026-05-18T13:23:54Z | 2026-05-25T13:08:59Z | 2026-06-01T13:20:32Z | 2026-06-08T13:20:12Z"
"NJ","New Jersey","1bba4f59-0100-42ac-9918-4fa70afc14f6","Dental Depot","-74.0054199","40.79990731","dentist","general_dentistry | cosmetic_dentist","401 78th St","North Bergen","07047-5523","NJ","US","+12018684488","dentaldepot401@gmail.com","https://njdentaldepot.com/","https://www.facebook.com/567583339766091","Dental Depot","0.9902192950248718","open","8","meta | Overture | Overture-signals","CDLA-Permissive-2.0","2026-04-27T00:00:00.000Z | 2026-06-11T11:57:15Z | 2026-05-12T00:29:08Z | 2026-05-18T13:23:54Z | 2026-05-25T13:08:59Z | 2026-06-01T13:20:32Z | 2026-06-08T13:20:12Z"
"NJ","New Jersey","1bc1b6f1-b5db-4122-a4c7-a547c859c871","Moorestown Smile Center","-74.91295506","39.97330068","dentist","general_dentistry | medical_center","740 Marne Hwy","Moorestown","08057-3126","NJ","US","+18566385266","moorestownsmilecenter@gmail.com","http://moorestownsmilecenter.com/","https://www.facebook.com/923623841084654","","0.9902192950248718","open","8","meta | Overture | Overture-signals","CDLA-Permissive-2.0","2026-04-27T00:00:00.000Z | 2026-06-11T11:57:15Z | 2026-05-12T00:29:08Z | 2026-05-18T13:23:54Z | 2026-05-25T13:08:59Z | 2026-06-01T13:20:32Z | 2026-06-08T13:20:12Z"
"NJ","New Jersey","1c23c129-434c-4c8e-8fce-521302474418","Smile Bright Dental","-74.33375","40.533799","dentist","","952 Amboy Avenue","Edison","08837","NJ","US","+17327091920","","http://www.smilebrightdmd.com/","","","0.9199122190475464","open","8","DAC | Overture | Overture-signals","CDLA-Permissive-2.0","2026-06-10T16:03:35.911Z | 2026-06-11T11:57:15Z | 2026-05-12T00:29:08Z | 2026-05-18T13:23:54Z | 2026-05-25T13:08:59Z | 2026-06-01T13:20:32Z | 2026-06-08T13:20:12Z"
"NJ","New Jersey","1c5a3fe5-9915-448d-abe3-927f99ea77ab","Cozy Family Dental","-74.2741116","40.98079415","dentist","general_dentistry | cosmetic_dentist","1211 Black Oak Ridge Rd","Wayne","07470-6343","NJ","US","+19736164400","office@cozyfamilydental.com","https://www.cozyfamilydental.com/","https://www.facebook.com/398893073584389","","0.9902192950248718","open","8","meta | Overture | Overture-signals","CDLA-Permissive-2.0","2026-04-27T00:00:00.000Z | 2026-06-11T11:57:15Z | 2026-05-12T00:29:08Z | 2026-05-18T13:23:54Z | 2026-05-25T13:08:59Z | 2026-06-01T13:20:32Z | 2026-06-08T13:20:12Z"
"NJ","New Jersey","1c5e1f72-8207-43f5-808c-da412e2c6123","Tauber Drs.","-74.57725868","41.15557984","dentist","general_dentistry","29 RT-23","Hamburg","07419-1419","NJ","US","+19738272200","","http://drstauberandsciascia.com/","https://www.facebook.com/165471926812087","Tauber Jeffrey DMD","0.8807381391525269","","8","meta | Overture","CDLA-Permissive-2.0","2026-04-27T00:00:00.000Z | 2026-06-11T11:57:15Z"
"NJ","New Jersey","1c8f3baa-d318-4fb7-93ba-6e8685c8bbf4","Hal M Hirsch DMD","-75.04407281","39.82249209","dentist","periodontist | doctor","1350 Chews Landing Rd","Clementon","08021-2702","NJ","US","+18562706447","idrill4u@aol.com","http://halhirschdmd.com/","https://www.facebook.com/538997782865612","Hal M Hirsch, DMD","0.9199122190475464","open","9","meta | Overture | Overture-signals","CDLA-Permissive-2.0","2026-04-27T00:00:00.000Z | 2026-06-11T11:57:15Z | 2026-05-12T00:29:08Z | 2026-05-18T13:23:54Z | 2026-05-25T13:08:59Z | 2026-06-01T13:20:32Z | 2026-06-08T13:20:12Z"
"NJ","New Jersey","1ca11244-c9c4-4de3-a0cf-9902d82c14b6","Manzon Joel DDS","-74.192058","39.941321","dentist","health_and_medical | family_practice","200 Atlantic City Blvd","Beachwood","08722-2976","NJ","US","+17322446400","","https://manzon-joel-dds.hub.biz/","https://www.facebook.com/167989476547374","","0.589871346950531","","9","meta | Overture","CDLA-Permissive-2.0","2026-04-27T00:00:00.000Z | 2026-06-11T11:57:15Z"
"NJ","New Jersey","1cc9cc37-fc4f-4f3f-9287-95daa28cbd5f","Berlin Dental Arts","-74.9316217","39.7970689","dentist","general_dentistry | medical_service_organizations","7 Harker Ave","Berlin","08009-2331","NJ","US","+18567677077","berlindental@comcast.net","http://www.berlindental.com/","https://www.facebook.com/280894933107","Berlin Dental Clinic","0.9199122190475464","open","9","meta | Overture | Overture-signals","CDLA-Permissive-2.0","2026-04-27T00:00:00.000Z | 2026-06-11T11:57:15Z | 2026-05-12T00:29:08Z | 2026-05-18T13:23:54Z | 2026-05-25T13:08:59Z | 2026-06-01T13:20:32Z | 2026-06-08T13:20:12Z"
"NJ","New Jersey","1cd47bba-e496-477d-b581-09b37179ee53","Dr. Lekha Tull Dentistry","-74.6505667366771","40.3600213320505","dentist","","214 N Harrison St","Princeton","08540","NJ","US","(609) 924-5171","drtull@dentull.com","http://princetondentist.net/","","","0.77","","5","Foursquare | Overture","Apache-2.0 | CDLA-Permissive-2.0","2026-04-09T00:00:00.000 | 2026-06-11T11:57:15Z"
"NJ","New Jersey","1cd8dcf8-7041-4b4b-ade1-6d5e3385f591","Haddon Family Dentistry","-75.0523703545332","39.9014202933155","dentist","","1197 Marlkress Rd Bldg. B","Cherry Hill","08003","NJ","US","(856) 854-1010","office@haddonfamilydentistry.com","http://www.haddonfamilydentistry.com","https://www.twitter.com/haddondentistry | https://www.facebook.com/346137082094938","","0.77","","6","Foursquare | Overture","Apache-2.0 | CDLA-Permissive-2.0","2025-11-19T00:00:00.000 | 2026-06-11T11:57:15Z"
"NJ","New Jersey","1cf8f3ff-567e-4314-bc16-2a0f364dcab9","Ivy Chang DDS","-74.030536","40.993828","dentist","chinese_restaurant","358 Kinderkamack Rd","Westwood","07675-1660","NJ","US","+12016640130","","http://www.ivychangdds.com","https://www.facebook.com/736758033092187","","0.8834004998207092","","7","meta | Overture","CDLA-Permissive-2.0","2026-04-27T00:00:00.000Z | 2026-06-11T11:57:15Z"
"NJ","New Jersey","1cfaf546-2e53-4a33-99cb-8583a78734c5","Advanced Dental","-74.11606356","40.90093918","dentist","general_dentistry | medical_service_organizations","495 Mola Blvd","Elmwood Park","07407-2041","NJ","US","+12013006772","adc495@gmail.com","https://www.advanceddentalbergen.com","https://www.facebook.com/162818257080372","","0.9902192950248718","open","8","meta | Overture | Overture-signals","CDLA-Permissive-2.0","2026-04-27T00:00:00.000Z | 2026-06-11T11:57:15Z | 2026-05-12T00:29:08Z | 2026-05-18T13:23:54Z | 2026-05-25T13:08:59Z | 2026-06-01T13:20:32Z | 2026-06-08T13:20:12Z"
"NJ","New Jersey","1d144382-7e67-480d-8f4b-98eb5550319a","Very Gentle Dental Care","-74.4572219848633","41.0547981262207","dentist","","2950 State Rt 23","Newfoundland","07435","NJ","US","(973) 697-8900","verygentledental@hotmail.com","http://www.verygentledentalcare.com","https://www.facebook.com/172183669572146","","0.77","","5","Foursquare | Overture","Apache-2.0 | CDLA-Permissive-2.0","2025-10-03T00:00:00.000 | 2026-06-11T11:57:15Z"
"NJ","New Jersey","1d24105a-5640-460f-9e50-d71b8c0d8405","Quality Dental Health (Now: Little Ferry Smiles)","-74.04146854","40.84549802","dentist","periodontist | health_and_medical","211 Washington Ave","Little Ferry","07643-2044","NJ","US","+12013428585","info@littleferrysmiles.com","https://www.littleferrysmiles.com/","https://www.facebook.com/995094200521165","Little Ferry Smiles","0.7837947607040405","","2","meta | Overture","CDLA-Permissive-2.0","2026-04-27T00:00:00.000Z | 2026-06-11T11:57:15Z"
"NJ","New Jersey","1d52ca7c-6e05-41d4-8b15-e203768eae12","The Fine Art of Dental and Facial Aesthetics","-73.959099","40.867984","dentist","health_and_medical | medical_service_organizations","44 Sylvan Ave","Englewood Cliffs","07632-2417","NJ","US","+12015929300","","http://www.doctorezr.com/","https://www.facebook.com/124951890897556","","0.6483399868011475","","8","meta | Overture","CDLA-Permissive-2.0","2026-04-27T00:00:00.000Z | 2026-06-11T11:57:15Z"
"NJ","New Jersey","1d651ad2-89c8-4992-a5d5-6a100d812f87","Comfortable Dentistry","-74.6575315463831","40.371128257211","dentist","","601 Ewing St Ste B3","Princeton","08540","NJ","US","(609) 497-9006","princetonparkdental@gmail.com","http://www.ident.ws/template.jsp?doc=loginReferral.jsp","","","0.9902192950248718","open","4","Foursquare | Overture | Overture-signals","Apache-2.0 | CDLA-Permissive-2.0","2024-08-26T00:00:00.000 | 2026-06-11T11:57:15Z | 2026-05-12T00:29:08Z | 2026-05-18T13:23:54Z | 2026-05-25T13:08:59Z | 2026-06-01T13:20:32Z | 2026-06-08T13:20:12Z"
"NJ","New Jersey","1d73f624-74ea-490c-8fdb-056b1dd10fc0","X-Over Dental Group","-74.18584129","40.8947775","dentist","laboratory_testing","245 Rifle Camp Rd","Woodland Park","07424-3363","NJ","US","+19173063279","ednm91@gmail.com","http://x-overdentalgroup.com/","https://www.facebook.com/1698228350206019","","0.9199122190475464","open","8","meta | Overture | Overture-signals","CDLA-Permissive-2.0","2026-04-27T00:00:00.000Z | 2026-06-11T11:57:15Z | 2026-05-12T00:29:08Z | 2026-05-18T13:23:54Z | 2026-05-25T13:08:59Z | 2026-06-01T13:20:32Z | 2026-06-08T13:20:12Z"
"NJ","New Jersey","1db59646-9bf6-4f8b-bbaa-8b6ac0f57386","Lucas Dental Associates","-74.0310976","40.7400047","dentist","general_dentistry | cosmetic_dentist","232 Bloomfield St","Hoboken","07030-4724","NJ","US","+12017988899","info@lucasdental.com","http://lucasdental.com/","https://www.facebook.com/197434126943919","Lucas Dental","0.9929531216621399","","9","meta | Overture","CDLA-Permissive-2.0","2026-04-27T00:00:00.000Z | 2026-06-11T11:57:15Z"
"NJ","New Jersey","1dbe51f6-5d38-4765-80e8-4bef8c9a2055","Fred C. Bergamo, D.D.S., P.A.","-74.0579506596733","40.9533612283262","dentist","","500 N Farview Ave","Paramus","07652","NJ","US","(201) 261-0212","pfcb8381@gmail.com","http://www.bergamofamilydentalofparamus.com","","","0.9199122190475464","open","4","Foursquare | Overture | Overture-signals","Apache-2.0 | CDLA-Permissive-2.0","2024-08-23T00:00:00.000 | 2026-06-11T11:57:15Z | 2026-05-12T00:29:08Z | 2026-05-18T13:23:54Z | 2026-05-25T13:08:59Z | 2026-06-01T13:20:32Z | 2026-06-08T13:20:12Z"
"NJ","New Jersey","1dc5206a-f371-4e05-9fc7-70002113ab0b","Jackson Family Dentistry","-74.26781099","40.14006659","dentist","general_dentistry | cosmetic_dentist","1102 Bennetts Mills Rd","Jackson","08527-2227","NJ","US","+17329011970","","http://jacksonfamilydental.com","https://www.facebook.com/104084259656949","","0.651338517665863","","8","meta | Overture","CDLA-Permissive-2.0","2026-04-27T00:00:00.000Z | 2026-06-11T11:57:15Z"
"NJ","New Jersey","1dd809ac-ec5d-4b08-b405-fbf9eb4288be","Denville Implant and Cosmetic Dentistry Center","-74.4744977","40.8908549","dentist","health_and_medical","75 Bloomfield Ave Ste 205","Denville","07834","NJ","US","9736273363","","https://denvilledentist.com/","","","0.9655","","7","Microsoft | Overture","CDLA-Permissive-2.0","2025-05-30T19:11:34.680Z | 2026-06-11T11:57:15Z"
"NJ","New Jersey","1e01d404-c038-4c9b-a2e7-88746466b4bf","Gentle Dental Service","-74.04096884","40.89242473","dentist","general_dentistry | health_and_medical","32 Anderson St","Hackensack","07601-4578","NJ","US","+12014571010","gentledentalservice@gmail.com","https://gentledentalservice.com/","https://www.facebook.com/466609066803465","Gentle Dental Service","0.9902192950248718","open","9","meta | Overture | Overture-signals","CDLA-Permissive-2.0","2026-04-27T00:00:00.000Z | 2026-06-11T11:57:15Z | 2026-05-12T00:29:08Z | 2026-05-18T13:23:54Z | 2026-05-25T13:08:59Z | 2026-06-01T13:20:32Z | 2026-06-08T13:20:12Z"
"NJ","New Jersey","1e0aba6c-b69f-46b3-8244-2c5bc6d2174f","Harold A. Pollack, DDS","-74.302398800576","40.7240939175747","dentist","","280 Millburn Ave","Millburn","07041","NJ","US","(973) 467-0720","","https://www.beautifulsmilesnj.com","","","0.9199122190475464","open","4","Foursquare | Overture | Overture-signals","Apache-2.0 | CDLA-Permissive-2.0","2025-08-22T00:00:00.000 | 2026-06-11T11:57:15Z | 2026-05-12T00:29:08Z | 2026-05-18T13:23:54Z | 2026-05-25T13:08:59Z | 2026-06-01T13:20:32Z | 2026-06-08T13:20:12Z"
"NJ","New Jersey","1e0ca918-4d5c-4398-a23b-d5ff437097ff","Louisa Correa DDS","-74.05108429","40.94119465","dentist","general_dentistry | health_and_medical","372 Forest Ave","Paramus","07652-5518","NJ","US","+12019679680","sunrisedentalnj@hotmail.com","https://drlouisacorrea.com/","https://www.facebook.com/448377408537889","","0.9199122190475464","open","7","meta | Overture | Overture-signals","CDLA-Permissive-2.0","2026-04-27T00:00:00.000Z | 2026-06-11T11:57:15Z | 2026-05-12T00:29:08Z | 2026-05-18T13:23:54Z | 2026-05-25T13:08:59Z | 2026-06-01T13:20:32Z | 2026-06-08T13:20:12Z"
"NJ","New Jersey","1e27c400-e6a6-4630-956e-2e35874941af","Howard B. Bobrow","-74.48025619","40.89271076","dentist","orthodontist | doctor","35 W Main St","Denville","07834-2154","NJ","US","+19736275902","","http://www.bobroworthodontics.com","https://www.facebook.com/156282531078660","Howard B. Bobrow, DMD PA","0.9199122190475464","open","9","meta | Overture | Overture-signals","CDLA-Permissive-2.0","2026-04-27T00:00:00.000Z | 2026-06-11T11:57:15Z | 2026-05-12T00:29:08Z | 2026-05-18T13:23:54Z | 2026-05-25T13:08:59Z | 2026-06-01T13:20:32Z | 2026-06-08T13:20:12Z"
"NJ","New Jersey","1e2e66b5-dce8-4966-8e2f-156b6ed05b2f","Brilliant Bar","-74.118443","41.068546","dentist","cosmetic_dentist | beauty_and_spa","672 E Crescent Ave","Upper Saddle River","07458-1898","NJ","US","+18446636688","","","https://www.facebook.com/443351409533083","Brilliant Bar","0.8119507431983948","","2","meta | Overture","CDLA-Permissive-2.0","2026-04-27T00:00:00.000Z | 2026-06-11T11:57:15Z"
"NJ","New Jersey","1e3c4e6b-4d15-42a4-a5df-f86c60a2a4a9","Joseph Thomas Buzzanco, DMD.  Dental Practice.","-74.0682450452648","40.3436269097221","dentist","","208 Maple Ave","Red Bank","07701","NJ","US","(732) 747-1122","contactus@drbuzzanco.com","http://www.drbuzzanco.com","","","0.9199122190475464","open","4","Foursquare | Overture | Overture-signals","Apache-2.0 | CDLA-Permissive-2.0","2026-03-06T00:00:00.000 | 2026-06-11T11:57:15Z | 2026-05-12T00:29:08Z | 2026-05-18T13:23:54Z | 2026-05-25T13:08:59Z | 2026-06-01T13:20:32Z | 2026-06-08T13:20:12Z"
"NJ","New Jersey","1e44a529-920d-4ae4-9137-4523f832df44","Dental365","-74.498133","40.613212","dentist","orthodontist | endodontist","161 Washington Valley Rd","Warren","07059-7176","NJ","US","+17328050600","","https://www.godental365.com/location/dentist-warren/","https://www.facebook.com/100624345318883","Dental365","0.9516616463661194","","9","meta | Overture","CDLA-Permissive-2.0","2026-04-27T00:00:00.000Z | 2026-06-11T11:57:15Z"
"NJ","New Jersey","1e49c0ec-47c3-48ae-96ac-f36196858f6d","McCarthy Karen A DMD","-74.110054","40.998663","dentist","orthodontist | health_and_medical","31 Sheridan Ave","Ho-Ho-Kus","07423-1572","NJ","US","+12016121322","","","https://www.facebook.com/134344856616718","","0.8243722915649414","","9","meta | Overture","CDLA-Permissive-2.0","2026-04-27T00:00:00.000Z | 2026-06-11T11:57:15Z"
"NJ","New Jersey","1e52f2e7-938d-48de-9995-1087af29af5f","Dr. Rimma Chertog","-74.277584","40.239127","dentist","doctor | health_and_medical","1 Stonehurst Blvd","Freehold","07728-3205","NJ","US","+19178476660","rt2018@caa.columbia.edu","http://www.mydentalplace.com/","https://www.facebook.com/109803685786102","Dr. Ellen Robles-Felaire's Dental Office","0.8831501603126526","","9","meta | Overture","CDLA-Permissive-2.0","2026-04-27T00:00:00.000Z | 2026-06-11T11:57:15Z"
"NJ","New Jersey","1e6a5bb2-cf19-4a6a-aee4-1e4a786a8786","Union City Dental Associates","-74.02287358","40.78042284","dentist","general_dentistry","4537 Bergenline Ave","Union City","07087-2700","NJ","US","+12017515660","","http://www.unioncitydentalnj.com","https://www.facebook.com/754626554937357","","0.9199122190475464","open","7","meta | Overture | Overture-signals","CDLA-Permissive-2.0","2026-04-27T00:00:00.000Z | 2026-06-11T11:57:15Z | 2026-05-12T00:29:08Z | 2026-05-18T13:23:54Z | 2026-05-25T13:08:59Z | 2026-06-01T13:20:32Z | 2026-06-08T13:20:12Z"
"NJ","New Jersey","1e773915-45ba-478c-a8fe-5ad520e927c5","Jersey Shore Discount Dental","-74.07327","40.1102327","dentist","","2640 Highway 70 Ste 1A","Manasquan","08736","NJ","US","(732) 844-8144","service@jerseyshorediscountdental.com","https://www.jerseyshorediscountdentalplan.com","","","0.77","","5","Foursquare | Overture","Apache-2.0 | CDLA-Permissive-2.0","2025-05-23T00:00:00.000 | 2026-06-11T11:57:15Z"
"NJ","New Jersey","1e9ae130-9083-4f4b-a300-705d38d35350","Kennedy Medical Offices","-74.03213135","40.77463341","dentist","general_dentistry | medical_center","3196 JF Kennedy Blvd W","Union City","07087-2436","NJ","US","+12018718800","","","https://www.facebook.com/174258969284691","","0.8129245042800903","","3","meta | Overture","CDLA-Permissive-2.0","2026-04-27T00:00:00.000Z | 2026-06-11T11:57:15Z"
"NJ","New Jersey","1ea791fd-e123-4d14-b389-83bbc0039cc0","Garino Edwin J DDS","-74.0423967494802","40.9068817978065","dentist","","863 Main St","Hackensack","07601","NJ","US","(201) 489-7575","","http://www.edwinjgarinodds.com","https://www.facebook.com/372391769451781","","0.9199122190475464","open","4","Foursquare | Overture | Overture-signals","Apache-2.0 | CDLA-Permissive-2.0","2025-04-24T00:00:00.000 | 2026-06-11T11:57:15Z | 2026-05-12T00:29:08Z | 2026-05-18T13:23:54Z | 2026-05-25T13:08:59Z | 2026-06-01T13:20:32Z | 2026-06-08T13:20:12Z"
"NJ","New Jersey","1eb4fac7-9925-4083-8087-24abef9e6aef","Ben S. Greenberg, DDS","-74.024331033359","40.8764222354361","dentist","","114 E Main St","Bogota","07603","NJ","US","(201) 487-3361","","https://www.internetdds.com","https://www.facebook.com/347244228751991","","0.9199122190475464","open","4","Foursquare | Overture | Overture-signals","Apache-2.0 | CDLA-Permissive-2.0","2025-03-21T00:00:00.000 | 2026-06-11T11:57:15Z | 2026-05-12T00:29:08Z | 2026-05-18T13:23:54Z | 2026-05-25T13:08:59Z | 2026-06-01T13:20:32Z | 2026-06-08T13:20:12Z"
"NJ","New Jersey","1eb91131-d0f9-46cb-b0fa-18bae15b07df","Dr Freed and Gliksman General, Cosmetic and Implant Dentistry","-73.9954071355062","40.9326200211014","dentist","","155 N Washington Ave","Bergenfield","07621","NJ","US","(201) 384-3909","","http://www.drsfreedandgliksman-hub.com","https://www.twitter.com/drfreedgliksman","","0.77","","5","Foursquare | Overture","Apache-2.0 | CDLA-Permissive-2.0","2025-12-11T00:00:00.000 | 2026-06-11T11:57:15Z"
"NJ","New Jersey","1ef9d18e-87bb-4e65-8732-546316de53d8","Woodcrest Dental Associates","-74.99466145","39.86663727","dentist","general_dentistry","1800 Haddonfield-Berlin Rd","Cherry Hill","08003","NJ","US","+18567951121","woodcrestdentalnj@gmail.com","http://www.nichedentalstudio.com/","https://www.facebook.com/150764759285","","0.9199122190475464","open","9","meta | Overture | Overture-signals","CDLA-Permissive-2.0","2026-04-27T00:00:00.000Z | 2026-06-11T11:57:15Z | 2026-05-12T00:29:08Z | 2026-05-18T13:23:54Z | 2026-05-25T13:08:59Z | 2026-06-01T13:20:32Z | 2026-06-08T13:20:12Z"
"NJ","New Jersey","1efab8f3-679c-41f4-a141-40f34edba5bb","Thakore Sonal DDS","-74.2962672596647","40.8811689307025","dentist","","271 Fairfield Rd Ste D108","Fairfield","07004","NJ","US","(973) 227-1414","","http://www.fairfieldnjdentist.com","","","0.77","","5","Foursquare | Overture","Apache-2.0 | CDLA-Permissive-2.0","2025-04-21T00:00:00.000 | 2026-06-11T11:57:15Z"
"NJ","New Jersey","1f0ffa49-5613-471f-b1c6-da5dcf900298","Amged Salib DDS","-74.3903046","40.4214749","dentist","health_and_medical","9 Brunswick Woods Dr","East Brunswick","08816","NJ","US","7322579997","","","","","0.85","","7","Microsoft | Overture","CDLA-Permissive-2.0","2021-09-20T19:08:43.600Z | 2026-06-11T11:57:15Z"
"NJ","New Jersey","1f2f876b-864b-43d7-96fc-d98e21c4883a","Stephen T. Deehan","-74.82438142","40.83789676","dentist","general_dentistry | doctor","121 Shelley Dr","Hackettstown","07840-2519","NJ","US","+19088526626","deehan121@gmail.com","http://drstephendeehan.com/","https://www.facebook.com/1820704128153902","","0.9722161889076233","","9","meta | Overture","CDLA-Permissive-2.0","2026-04-27T00:00:00.000Z | 2026-06-11T11:57:15Z"
"NJ","New Jersey","1f316214-1a94-4fda-9c1d-1018f6e5e53e","John R. Mully, DMD","-74.09381448","40.89692216","dentist","general_dentistry | doctor","337 Market St","Saddle Brook","07663-5313","NJ","US","+12018436677","drmullyetal@optonline.net","http://www.drjohnrmully.com/","https://www.facebook.com/275782845837112","","0.7002747058868408","","8","meta | Overture","CDLA-Permissive-2.0","2026-04-27T00:00:00.000Z | 2026-06-11T11:57:15Z"
"NJ","New Jersey","1f3cebb7-f07f-42ad-adb0-151f81ca9133","Metropolitan Dental Association","-73.98279678","40.83150351","dentist","orthodontist | health_and_medical","799 Abbott Blvd","Fort Lee","07024-4129","NJ","US","+12012240310","zeinodds@aol.com","http://samzeinodds.com/","https://www.facebook.com/160504621228425","","0.9199122190475464","open","6","meta | Overture | Overture-signals","CDLA-Permissive-2.0","2026-04-27T00:00:00.000Z | 2026-06-11T11:57:15Z | 2026-05-12T00:29:08Z | 2026-05-18T13:23:54Z | 2026-05-25T13:08:59Z | 2026-06-01T13:20:32Z | 2026-06-08T13:20:12Z"
"NJ","New Jersey","1f40bdf9-c651-4c64-9dfd-1b4d632e370b","Reverendo","-74.15686842","40.72654895","dentist","health_and_medical | family_practice","350 Lafayette St","Newark","07105-2725","NJ","US","+19735892904","","","https://www.facebook.com/158736530827708","","0.9199122190475464","open","6","meta | Overture | Overture-signals","CDLA-Permissive-2.0","2026-04-27T00:00:00.000Z | 2026-06-11T11:57:15Z | 2026-05-12T00:29:08Z | 2026-05-18T13:23:54Z | 2026-05-25T13:08:59Z | 2026-06-01T13:20:32Z | 2026-06-08T13:20:12Z"
"NJ","New Jersey","1f4c9df6-d5bd-4466-b006-2c1d15592d47","Maha K. Kaga, DMD","-74.5032345596785","40.4510067030385","dentist","","4-02 Towne Centre Dr","North Brunswick","08902","NJ","US","(732) 821-5500","","http://www.kagadmd.com","https://www.facebook.com/516806391741901","","0.77","","5","Foursquare | Overture","Apache-2.0 | CDLA-Permissive-2.0","2023-12-05T00:00:00.000 | 2026-06-11T11:57:15Z"
"NJ","New Jersey","1f59954b-9c9a-4cb5-a046-dd685358b33a","Vi Brothers","-74.095977","40.698396","dentist","cosmetic_dentist | automotive_repair","1680 John F Kennedy Blvd","Jersey City","07305-1840","NJ","US","+12017062264","","http://crownautosale.com","https://www.facebook.com/912665335447384","Vi Brothers","0.6700856685638428","","7","meta | Overture","CDLA-Permissive-2.0","2026-04-27T00:00:00.000Z | 2026-06-11T11:57:15Z"
"NJ","New Jersey","1f5a9917-a87e-40e7-a7f5-9161034a3bf7","Jesse Small, DMD","-73.9919","40.94037","dentist","orthodontist | health_and_medical","47 E Madison Ave","Dumont","07628-2417","NJ","US","+13473527349","smilesbysmall@gmail.com","https://www.zocdoc.com/dentist/jesse-small-dmd-276188","https://www.facebook.com/179929659481675","","0.8975903987884521","","8","meta | Overture","CDLA-Permissive-2.0","2026-04-27T00:00:00.000Z | 2026-06-11T11:57:15Z"
"NJ","New Jersey","1f68acd7-f1af-40ef-9cb2-34471342e7fc","Rand Dental Associates","-74.7004400423386","40.8485332681888","dentist","","","","","NJ","US","(973) 927-8800","frontdesk@randdental.com","http://www.randdental.com","https://www.facebook.com/104419559623440","","0.77","","5","Foursquare | Overture","Apache-2.0 | CDLA-Permissive-2.0","2026-04-03T00:00:00.000 | 2026-06-11T11:57:15Z"
"NJ","New Jersey","1f816d94-e1df-4012-8343-3cf060a5076f","Akshay Kumar DMD","-74.0364930436984","40.8999804971909","dentist","","15 Emerald St","Hackensack","07601","NJ","US","(201) 489-5155","","http://affiliatedperio.com","","","0.9199122190475464","open","4","Foursquare | Overture | Overture-signals","Apache-2.0 | CDLA-Permissive-2.0","2025-08-19T00:00:00.000 | 2026-06-11T11:57:15Z | 2026-05-12T00:29:08Z | 2026-05-18T13:23:54Z | 2026-05-25T13:08:59Z | 2026-06-01T13:20:32Z | 2026-06-08T13:20:12Z"
"NJ","New Jersey","1fa08fea-7079-454b-b4be-1b7b0d2e176c","Soo Kang DDS","-74.0476378","40.8876273","dentist","health_and_medical","218 Main st ste3 and 4","hackenack","07601","NJ","US","2018203601","","","","","0.85","","7","Microsoft | Overture","CDLA-Permissive-2.0","2025-09-12T08:49:08.403Z | 2026-06-11T11:57:15Z"
"NJ","New Jersey","1fa1a48f-cb9e-4c72-8842-cd4166b519b0","Upper Deerfield Dental Center","-75.23043684","39.45336763","dentist","general_dentistry","233 Laurel Heights Dr","Bridgeton","08302-3635","NJ","US","+18564557111","bethjim1@comcast.net","http://www.upperdeerfielddental.com/","https://www.facebook.com/141285376046358","Upper Deerfield Dental Center","0.9199122190475464","open","9","meta | Overture | Overture-signals","CDLA-Permissive-2.0","2026-04-27T00:00:00.000Z | 2026-06-11T11:57:15Z | 2026-05-12T00:29:08Z | 2026-05-18T13:23:54Z | 2026-05-25T13:08:59Z | 2026-06-01T13:20:32Z | 2026-06-08T13:20:12Z"
"NJ","New Jersey","1fa8b024-3542-4731-9c52-163df7d56dc6","Revive Dental Studio","-74.56757775","40.82701436","dentist","general_dentistry | cosmetic_dentist","10 W Hanover Ave","Randolph","07869-4221","NJ","US","+19738954333","revive.dntl@gmail.com","https://www.revivedentalnj.com/","https://www.facebook.com/147486135394325","","0.9199122190475464","open","8","meta | Overture | Overture-signals","CDLA-Permissive-2.0","2026-04-27T00:00:00.000Z | 2026-06-11T11:57:15Z | 2026-05-12T00:29:08Z | 2026-05-18T13:23:54Z | 2026-05-25T13:08:59Z | 2026-06-01T13:20:32Z | 2026-06-08T13:20:12Z"
"NJ","New Jersey","1fbb1e55-dc6e-4ed0-b6dd-212841f7a269","Platinum Dental Group - Sea Girt","-74.0667761","40.1351941","dentist","health_and_medical","1500 Meeting House Rd","Sea Girt","08750","NJ","US","7327228787","","https://platinumdentalgroup.com/platinum-dental-sea-girt/","","","0.85","","9","Microsoft | Overture","CDLA-Permissive-2.0","2025-10-04T05:00:57.830Z | 2026-06-11T11:57:15Z"
"NJ","New Jersey","1fdd9def-649b-4dc2-bfd7-b226cf8dd575","ASPEN DENTAL","-74.83206","40.511034","dentist","health_and_medical","289 U S 202","Flemington","08822","NJ","US","9084837709","","https://www.aspendental.com/dentist/nj/flemington/289-us-hwy-202/31","","","0.85","","7","Microsoft | Overture","CDLA-Permissive-2.0","2025-02-15T05:03:13.883Z | 2026-06-11T11:57:15Z"
"NJ","New Jersey","201b2bbe-a18b-43e9-9dbf-596a2500b1e1","Krause Comprehensive Dental Ca","-121.658102","36.615702","dentist","","150 River Rd","Montville","07045","NJ","US","+19737848979","","https://kcdcmontville.com","","","1","","3","DAC | Overture","CDLA-Permissive-2.0","2026-06-10T16:03:35.911Z | 2026-06-11T11:57:15Z"
"NJ","New Jersey","2022ccf7-7b71-409f-b0e6-695976e3de0e","Dr. Andrew P. Galante Family & Cosmetic Dentistry","-74.48809534","40.62040604","dentist","cosmetic_dentist | general_dentistry","31 Mountain Blvd","Warren","07059-5617","NJ","US","+19085613939","drgalante31@gmail.com","http://www.drgalante.com/","https://www.facebook.com/175654579148600","","0.9422459006309509","","8","meta | Overture","CDLA-Permissive-2.0","2026-04-27T00:00:00.000Z | 2026-06-11T11:57:15Z"
"NJ","New Jersey","20430a37-cfba-4a58-8bdf-03972baee2cd","Dr. John L. Lipani, DMD - Dr. David A. Lipani, DMD LLC","-74.623192222995","40.6080146072966","dentist","","720 US Highway 202/206","Bridgewater","08807","NJ","US","(908) 722-8383","","http://www.drlipani.com/","","","0.9199122190475464","open","4","Foursquare | Overture | Overture-signals","Apache-2.0 | CDLA-Permissive-2.0","2024-04-23T00:00:00.000 | 2026-06-11T11:57:15Z | 2026-05-12T00:29:08Z | 2026-05-18T13:23:54Z | 2026-05-25T13:08:59Z | 2026-06-01T13:20:32Z | 2026-06-08T13:20:12Z"
"NJ","New Jersey","2053d2c4-34e4-4857-87db-94f3d024802a","Roberts & de Marsche","-74.7272033691406","40.2872505187988","dentist","health_and_medical","39 Franklin Corner Rd","Lawrenceville","08648","NJ","US","6095263230","","http://www.lawrencevilleorthodontist.com/","","","0.9199122190475464","open","6","Microsoft | Overture | Overture-signals","CDLA-Permissive-2.0","2013-01-29T07:37:41.610Z | 2026-06-11T11:57:15Z | 2026-05-12T00:29:08Z | 2026-05-18T13:23:54Z | 2026-05-25T13:08:59Z | 2026-06-01T13:20:32Z | 2026-06-08T13:20:12Z"
"NJ","New Jersey","207dede7-3458-45aa-ac40-094048c85bc7","Olesky Cathleen DMD","-75.0729722858245","39.7405751866926","dentist","health_and_medical","432 Ganttown Rd","Sewell","08080-1888","NJ","US","+18565894600","","","https://www.facebook.com/152070858168125","","0.7791836857795715","","9","meta | Overture","CDLA-Permissive-2.0","2026-04-27T00:00:00.000Z | 2026-06-11T11:57:15Z"
"NJ","New Jersey","20a8f648-c2a8-40d6-8aa2-748fe0add141","K Dental Smiles PC","-74.28416729","40.24858021","dentist","health_and_medical | hospital","82 Helen Ave","Freehold","07728-2623","NJ","US","+17328452273","kdentalsmiles1@gmail.com","http://www.freeholddental.com","https://www.facebook.com/390608094400371","","0.987459659576416","","8","meta | Overture","CDLA-Permissive-2.0","2026-04-27T00:00:00.000Z | 2026-06-11T11:57:15Z"
"NJ","New Jersey","20ae2ac1-5149-4fbb-b7ef-cc477bed1416","McKeever Dental Care","-74.30161366","40.98100187","dentist","general_dentistry | medical_service_organizations","933 State RT 23","Pompton Plains","07444-1039","NJ","US","+19738398180","mckeeverdental@optonline.net","https://www.mckeeverdentalcare.com/","https://www.facebook.com/719001501534136","","0.9997928114235402","","9","meta | Overture","CDLA-Permissive-2.0","2026-04-27T00:00:00.000Z | 2026-06-11T11:57:15Z"
"NJ","New Jersey","20af23d4-d32c-4d3d-94bc-2bc41a5c8a55","Paul D Kaplan DMD","-74.57346464","40.57456561","dentist","general_dentistry | doctor","216 Finderne Ave","Bridgewater","08807-3046","NJ","US","+19087226116","","http://www.bridgewaterdentalgroup.com","https://www.facebook.com/122044277852678","","0.9199122190475464","open","7","meta | Overture | Overture-signals","CDLA-Permissive-2.0","2026-04-27T00:00:00.000Z | 2026-06-11T11:57:15Z | 2026-05-12T00:29:08Z | 2026-05-18T13:23:54Z | 2026-05-25T13:08:59Z | 2026-06-01T13:20:32Z | 2026-06-08T13:20:12Z"
"NJ","New Jersey","20af861e-0ca3-4036-b2b9-46cc21aaeacc","Dr. Neil Shusterman","-74.67290347","40.50386346","dentist","cosmetic_dentist | health_and_medical","378 S Branch Rd","Hillsborough","08844-8207","NJ","US","+19083711700","dentalartnj@comcast.net","http://www.dentalartnj.com/","https://www.facebook.com/195221943951720","","0.9199122190475464","open","7","meta | Overture | Overture-signals","CDLA-Permissive-2.0","2026-04-27T00:00:00.000Z | 2026-06-11T11:57:15Z | 2026-05-12T00:29:08Z | 2026-05-18T13:23:54Z | 2026-05-25T13:08:59Z | 2026-06-01T13:20:32Z | 2026-06-08T13:20:12Z"
"NJ","New Jersey","20d241f8-8629-48c9-82fb-b8fb5731daf8","Simply Beautiful Smiles","-74.51068168","40.37406914","dentist","general_dentistry | family_practice","338 Georges Rd","Dayton","08810-1546","NJ","US","+17323293113","dayton@sbsmiles.com","https://www.sbsmiles.org/locations/doctors-of-dental-medicine/","https://www.facebook.com/107841061648106","Simply Beautiful Smiles","0.9199122190475464","open","10","meta | Overture | Overture-signals","CDLA-Permissive-2.0","2026-04-27T00:00:00.000Z | 2026-06-11T11:57:15Z | 2026-05-12T00:29:08Z | 2026-05-18T13:23:54Z | 2026-05-25T13:08:59Z | 2026-06-01T13:20:32Z | 2026-06-08T13:20:12Z"
"NJ","New Jersey","20d68dce-53a5-45e8-ae61-c9e7209cca33","Artistic Dental","-74.28709693","40.13608439","dentist","periodontist","180 N County Line Rd","Jackson","08527-4797","NJ","US","+18482223984","artisticdentalnj@gmail.com","http://www.artisticdentalgroup.com/","https://www.facebook.com/115541038489297","","0.9979468888044357","","8","meta | Overture","CDLA-Permissive-2.0","2026-04-27T00:00:00.000Z | 2026-06-11T11:57:15Z"
"NJ","New Jersey","20f21fd2-ac46-45eb-a443-63b7eb0f984d","Soft Care Dental Group","-74.48850625","40.6207169","dentist","general_dentistry | health_and_medical","31 Mountain Blvd","Warren","07059-5617","NJ","US","+19085615555","office@softcaredentalgroup.com","http://www.softcaredentalgroup.com/","https://www.facebook.com/164412866921410","","0.9199122190475464","open","9","meta | Overture | Overture-signals","CDLA-Permissive-2.0","2026-04-27T00:00:00.000Z | 2026-06-11T11:57:15Z | 2026-05-12T00:29:08Z | 2026-05-18T13:23:54Z | 2026-05-25T13:08:59Z | 2026-06-01T13:20:32Z | 2026-06-08T13:20:12Z"
"NJ","New Jersey","20f89f47-526e-47e0-aca5-c8d81777ef52","Panitch Thomas M DDS","-74.2274673","40.72683608","dentist","general_dentistry | health_and_medical","20 Myrtle Ave","Irvington","07111-3310","NJ","US","+19733749752","","","https://www.facebook.com/317967484981308","","0.9199122190475464","open","7","meta | Overture | Overture-signals","CDLA-Permissive-2.0","2026-04-27T00:00:00.000Z | 2026-06-11T11:57:15Z | 2026-05-12T00:29:08Z | 2026-05-18T13:23:54Z | 2026-05-25T13:08:59Z | 2026-06-01T13:20:32Z | 2026-06-08T13:20:12Z"
"NJ","New Jersey","2150c042-64e5-416c-83c2-908d0d041362","Dr. Thomas Torre","-74.15535532","40.82346117","dentist","general_dentistry | doctor","502 Franklin Ave","Nutley","07110-1765","NJ","US","+19736611010","drtorrenutley@aol.com","http://www.drtorre.com/","https://www.facebook.com/1625382387734937","","0.9199122190475464","open","7","meta | Overture | Overture-signals","CDLA-Permissive-2.0","2026-04-27T00:00:00.000Z | 2026-06-11T11:57:15Z | 2026-05-12T00:29:08Z | 2026-05-18T13:23:54Z | 2026-05-25T13:08:59Z | 2026-06-01T13:20:32Z | 2026-06-08T13:20:12Z"
"NJ","New Jersey","21672e31-0f6b-45d8-a1de-23d7dc32f667","Chilton Dental Group","-74.2309937","40.67078667","dentist","general_dentistry | medical_service_organizations","465 North Ave","Elizabeth","07208-1576","NJ","US","+19083524438","chiltondentalsmile@yahoo.com","https://www.chiltondentalgroup.com/","https://www.facebook.com/147131671998906","","0.9199122190475464","open","7","meta | Overture | Overture-signals","CDLA-Permissive-2.0","2026-04-27T00:00:00.000Z | 2026-06-11T11:57:15Z | 2026-05-12T00:29:08Z | 2026-05-18T13:23:54Z | 2026-05-25T13:08:59Z | 2026-06-01T13:20:32Z | 2026-06-08T13:20:12Z"
"NJ","New Jersey","21835817-648a-4606-815b-907f4da464ad","TenBrook Orthodontics","-74.9271536822398","39.8905084955562","dentist","","101 South Route 73, NJ-73","Marlton","08053","NJ","US","(856) 270-6784","","https://www.tenbrookorthodontics.com","https://www.facebook.com/183769348816625","","0.9199122190475464","open","8","Foursquare | Overture | Overture-signals","Apache-2.0 | CDLA-Permissive-2.0","2020-11-05T00:00:00.000 | 2026-06-11T11:57:15Z | 2026-05-12T00:29:08Z | 2026-05-18T13:23:54Z | 2026-05-25T13:08:59Z | 2026-06-01T13:20:32Z | 2026-06-08T13:20:12Z"
"NJ","New Jersey","21892640-3e1e-4057-8821-05bbf39bc36e","Dr. Gerard J. Makhoul, DMD","-73.982764","41.013957","dentist","general_dentistry | doctor","7 Bi State Plz","Old Tappan","07675-7002","NJ","US","+12016641130","g.makhouldmd@gmail.com","http://www.bistatedental.com/","https://www.facebook.com/587726391321839","","0.9297182559967041","","2","meta | Overture","CDLA-Permissive-2.0","2026-04-27T00:00:00.000Z | 2026-06-11T11:57:15Z"
"NJ","New Jersey","218abc40-33df-4567-8876-4384f75ab93d","Rista Brian D DMD","-74.077954159129","40.2351494502779","dentist","","4001 Asbury Ave Fl 1","Tinton Falls","07753","NJ","US","(732) 922-1060","","http://twentyfirstdental.com","","","0.9199122190475464","open","4","Foursquare | Overture | Overture-signals","Apache-2.0 | CDLA-Permissive-2.0","2025-10-17T00:00:00.000 | 2026-06-11T11:57:15Z | 2026-05-12T00:29:08Z | 2026-05-18T13:23:54Z | 2026-05-25T13:08:59Z | 2026-06-01T13:20:32Z | 2026-06-08T13:20:12Z"
"NJ","New Jersey","21da13d0-1f9b-4944-ab1c-42a0513252f4","All About Smiles Dentistry","-74.2032142","39.85722482","dentist","general_dentistry | cosmetic_dentist","710 Lacey Rd","Forked River","08731-1402","NJ","US","+16092423567","aasd@comcast.net","http://www.allaboutsmilesdentistry.net/","https://www.facebook.com/337310725501","All About Smiles Dentistry","0.9199122190475464","open","9","meta | Overture | Overture-signals","CDLA-Permissive-2.0","2026-04-27T00:00:00.000Z | 2026-06-11T11:57:15Z | 2026-05-12T00:29:08Z | 2026-05-18T13:23:54Z | 2026-05-25T13:08:59Z | 2026-06-01T13:20:32Z | 2026-06-08T13:20:12Z"
"NJ","New Jersey","21ea52f2-2b10-4a34-862e-c2051632e296","Greco Steven M DMD","-74.20015328","39.96145717","dentist","health_and_medical | medical_service_organizations","807 Main St","Toms River","08753-6519","NJ","US","+17323494300","","http://drstevenmgreco.placeweb.site","https://www.facebook.com/169568013057798","Greco Family Dental Care","0.9199122190475464","open","2","meta | Overture | Overture-signals","CDLA-Permissive-2.0","2026-04-27T00:00:00.000Z | 2026-06-11T11:57:15Z | 2026-05-25T13:08:59Z | 2026-06-01T13:20:32Z | 2026-06-08T13:20:12Z"
"NJ","New Jersey","21fd874d-0ded-421b-9ed0-f7a707400d17","Dr. Shalin Jani","-74.23121703","40.40316567","dentist","general_dentistry","1016 NJ-34 Ste 14","Matawan","07747","NJ","US","+17322902896","","https://youtu.be/kG3rK0Eybo4","https://www.facebook.com/366210626917239","","0.9199122190475464","open","9","meta | Overture | Overture-signals","CDLA-Permissive-2.0","2026-04-27T00:00:00.000Z | 2026-06-11T11:57:15Z | 2026-05-12T00:29:08Z | 2026-05-18T13:23:54Z | 2026-05-25T13:08:59Z | 2026-06-01T13:20:32Z | 2026-06-08T13:20:12Z"
"NJ","New Jersey","2202b380-950a-47f9-8279-4d1306310a15","Suarez Dental Medicine","-74.16351684","40.73282798","dentist","general_dentistry","30 Ferry St","Newark","07105-1438","NJ","US","+19735895900","info@suarezdmd.com","http://www.suarezdentalmedicine.com/","https://www.facebook.com/295966967433968","","0.9199122190475464","open","8","meta | Overture | Overture-signals","CDLA-Permissive-2.0","2026-04-27T00:00:00.000Z | 2026-06-11T11:57:15Z | 2026-05-12T00:29:08Z | 2026-05-18T13:23:54Z | 2026-05-25T13:08:59Z | 2026-06-01T13:20:32Z | 2026-06-08T13:20:12Z"
"NJ","New Jersey","2210102e-432e-4e2f-aa12-6c2e8e8cf57d","Victoria Uryniak D.D.S. & Carson Ferris-Zeolla D.M.D","-74.88433532","40.63536345","dentist","general_dentistry | medical_service_organizations","1484 State Route 31 S","Annandale","08801","NJ","US","+19082007007","drferrisvicki@walnutponddmd.com","http://www.walnutponddmd.com/","https://www.facebook.com/233540070036326","","0.9613755345344543","","9","meta | Overture","CDLA-Permissive-2.0","2026-04-27T00:00:00.000Z | 2026-06-11T11:57:15Z"
"NJ","New Jersey","222f36a9-2eee-4d42-a99a-23d0c2b512f6","Smile Designs","-74.50557852","40.89753797","dentist","general_dentistry","170 E Main St","Rockaway","07866-3530","NJ","US","+19735864240","clinical@smile-designs.com","http://www.drcordasco.com/","https://www.facebook.com/928869157198594","","0.6448234915733337","","2","meta | Overture","CDLA-Permissive-2.0","2026-04-27T00:00:00.000Z | 2026-06-11T11:57:15Z"
"NJ","New Jersey","2232a49d-77af-433c-8898-cba6c53c7e66","Community Dental","-74.2211237569467","39.9658819819367","dentist","","151 Route 37 W","Toms River","08755","NJ","US","(732) 505-1188","","http://www.communitydentalinc.com","https://www.facebook.com/154666327904866","","0.77","","5","Foursquare | Overture","Apache-2.0 | CDLA-Permissive-2.0","2024-02-05T00:00:00.000 | 2026-06-11T11:57:15Z"
"NJ","New Jersey","224aadc8-ebeb-4d75-b699-a41aa435faff","Washington Street Family Dentistry","-74.19175296","39.95214904","dentist","general_dentistry","225 Washington St","Toms River","08753-7580","NJ","US","+17323490006","toddmaneladds@yahoo.com","http://www.drtoddmanela.com","https://www.facebook.com/194063201096580","Greco Family Dental Care","0.9199122190475464","open","9","meta | Overture | Overture-signals","CDLA-Permissive-2.0","2026-04-27T00:00:00.000Z | 2026-06-11T11:57:15Z | 2026-05-12T00:29:08Z | 2026-05-18T13:23:54Z | 2026-05-25T13:08:59Z | 2026-06-01T13:20:32Z | 2026-06-08T13:20:12Z"
"NJ","New Jersey","2281c6b4-9a62-4b5a-bcd3-5b13e42e13fa","Aesthetic Smile Design","-74.205734","40.947686","dentist","","246 Hamburg Tpke","Wayne","07470","NJ","US","+19733975972","","https://njaestheticsmiledesign.com","","","0.9199122190475464","open","8","DAC | Overture | Overture-signals","CDLA-Permissive-2.0","2026-06-10T16:03:35.911Z | 2026-06-11T11:57:15Z | 2026-05-12T00:29:08Z | 2026-05-18T13:23:54Z | 2026-05-25T13:08:59Z | 2026-06-01T13:20:32Z | 2026-06-08T13:20:12Z"
"NJ","New Jersey","2286008e-2c9d-4c1f-8f16-7e744d128175","Community Dental of Hamilton","-74.6866521","40.23434958","dentist","general_dentistry","312 Highway 33","Trenton","08619-4402","NJ","US","+16092283200","gprag1@yahoo.com","http://www.hamiltondentalnj.com","https://www.facebook.com/794600964013599","","0.9902192950248718","open","9","meta | Overture | Overture-signals","CDLA-Permissive-2.0","2026-04-27T00:00:00.000Z | 2026-06-11T11:57:15Z | 2026-05-12T00:29:08Z | 2026-05-18T13:23:54Z | 2026-05-25T13:08:59Z | 2026-06-01T13:20:32Z | 2026-06-08T13:20:12Z"
"NJ","New Jersey","228d57e7-889f-40e8-8e4a-622b206b2b7e","Dental Arts Group","-74.5394069609047","40.069419023273","dentist","","4 Jacobstown Rd","New Egypt","08533","NJ","US","(609) 359-0034","","https://dagsmiles.com/new-egypt","","","0.77","","5","Foursquare | Overture","Apache-2.0 | CDLA-Permissive-2.0","2025-05-30T00:00:00.000 | 2026-06-11T11:57:15Z"
"NJ","New Jersey","22952611-d8f1-4351-8ee3-8d0b1ffb4b66","The Art and Science of Dentistry","-74.30622344","40.31705176","dentist","endodontist | health_and_medical","710 Tennent Rd","Manalapan Twp","07726-3149","NJ","US","+17326172830","","http://www.gosmanoffdds.com/","https://www.facebook.com/143641145707313","The Art and Science of Dentistry","0.9199122190475464","open","8","meta | Overture | Overture-signals","CDLA-Permissive-2.0","2026-04-27T00:00:00.000Z | 2026-06-11T11:57:15Z | 2026-05-12T00:29:08Z | 2026-05-18T13:23:54Z | 2026-05-25T13:08:59Z | 2026-06-01T13:20:32Z | 2026-06-08T13:20:12Z"
"NJ","New Jersey","22dd7cb2-f231-4ef6-a630-a4d6915f3eea","Singleton Dental","-74.99717429","39.47787993","dentist","doctor | hospital","1450 E Chestnut Ave","Vineland","08361-8467","NJ","US","+18564050101","singletondental@comcast.net","http://singletondental.com/contact-us/","https://www.facebook.com/170568079816970","Singleton Dental","0.9926252961158752","open","9","meta | Overture | Overture-signals","CDLA-Permissive-2.0","2026-04-27T00:00:00.000Z | 2026-06-11T11:57:15Z | 2026-05-12T00:29:08Z"
"NJ","New Jersey","22df138d-3f86-492f-b37d-2b6942cd563d","Kids Smile, P.C.","-74.523831","40.426109","dentist","","3759 US 1","Monmouth Junction","08852","NJ","US","+17323855408","","https://kidssmilenj.com/","","","1","","9","DAC | Overture","CDLA-Permissive-2.0","2026-06-10T16:03:35.911Z | 2026-06-11T11:57:15Z"
"NJ","New Jersey","22ead906-f4cc-48a3-a397-63a5405a23bc","American Dental Group","-74.21169163","40.66235433","dentist","health_and_medical | orthodontist","14 W Winfield Scott Plz","Elizabeth","07201","NJ","US","+19083535400","","http://www.ada.org","https://www.facebook.com/163652676997684","","0.9902192950248718","open","6","meta | Overture | Overture-signals","CDLA-Permissive-2.0","2026-04-27T00:00:00.000Z | 2026-06-11T11:57:15Z | 2026-05-12T00:29:08Z | 2026-05-18T13:23:54Z | 2026-05-25T13:08:59Z | 2026-06-01T13:20:32Z | 2026-06-08T13:20:12Z"
"NJ","New Jersey","230980a0-bf92-4693-83ea-d67006180129","Jersey Dental Care at Wallington","-74.10521581","40.84349953","dentist","general_dentistry","11 Morrissee Ave","Wallington","07057-2211","NJ","US","+19732185144","jerseydentalcare3@gmail.com","http://www.myjerseydentalcare.com/","https://www.facebook.com/494538690399699","","0.9199122190475464","open","10","meta | Overture | Overture-signals","CDLA-Permissive-2.0","2026-04-27T00:00:00.000Z | 2026-06-11T11:57:15Z | 2026-05-12T00:29:08Z | 2026-05-18T13:23:54Z | 2026-05-25T13:08:59Z | 2026-06-01T13:20:32Z | 2026-06-08T13:20:12Z"
"NJ","New Jersey","23493eec-e382-46ff-8442-2c321c22c8af","Eastern Dental","-74.28262583","40.69216946","dentist","general_dentistry | medical_service_organizations","2115 US Highway 22 W","Union","07083-8409","NJ","US","+17324746994","union@dmgmt.net","https://www.easterndental.com/locations/union-nj/","https://www.facebook.com/155397627832578","Eastern Dental","0.9902192950248718","open","8","meta | Overture | Overture-signals","CDLA-Permissive-2.0","2026-04-27T00:00:00.000Z | 2026-06-11T11:57:15Z | 2026-05-12T00:29:08Z | 2026-05-18T13:23:54Z | 2026-05-25T13:08:59Z | 2026-06-01T13:20:32Z | 2026-06-08T13:20:12Z"
"NJ","New Jersey","234d68b6-18dd-4ef8-baed-9136465149d3","Dr. Jamil El Samna","-74.00922167","40.80712542","dentist","health_and_medical | lawyer","8407 JF Kennedy Blvd W","North Bergen","07047-4338","NJ","US","+12018682747","","","https://www.facebook.com/363516173699669","","0.7006480693817139","","7","meta | Overture","CDLA-Permissive-2.0","2026-04-27T00:00:00.000Z | 2026-06-11T11:57:15Z"
"NJ","New Jersey","237df3ef-d37f-4717-972c-beece844ae49","SparQ Family Dental","-74.021798140252","40.3006429009204","dentist","","121 NJ-36 #100","West Long Branch","07764","NJ","US","(732) 222-8516","","https://sparqdental.com","","","0.9199122190475464","open","4","Foursquare | Overture | Overture-signals","Apache-2.0 | CDLA-Permissive-2.0","2025-10-03T00:00:00.000 | 2026-06-11T11:57:15Z | 2026-05-12T00:29:08Z | 2026-05-18T13:23:54Z | 2026-05-25T13:08:59Z | 2026-06-01T13:20:32Z | 2026-06-08T13:20:12Z"
"NJ","New Jersey","237e971d-ff7b-4c03-afef-241b5ded439f","Asuncion Family Dental","-74.54341607","39.47622581","dentist","doctor | periodontist","76 W Jimmie Leeds Rd","Galloway Twp","08205-9400","NJ","US","+16096522122","asunciondental98@gmail.com","http://www.asunciondental.com/","https://www.facebook.com/1121829771225178","Asuncion Family Dental","0.9199122190475464","open","8","meta | Overture | Overture-signals","CDLA-Permissive-2.0","2026-04-27T00:00:00.000Z | 2026-06-11T11:57:15Z | 2026-05-12T00:29:08Z | 2026-05-18T13:23:54Z | 2026-05-25T13:08:59Z | 2026-06-01T13:20:32Z | 2026-06-08T13:20:12Z"
"NJ","New Jersey","23845223-d295-4cd9-be24-4b3f4554beac","Rosenfeld Dental Studio","-74.02703814","40.9890211","dentist","general_dentistry | cosmetic_dentist","197 Kinderkamack Rd","Westwood","07675-2203","NJ","US","+12016668080","care@rosenfelddentalstudio.com","http://rosenfelddentalstudio.com/","https://www.facebook.com/299150730196286","Rosenfeld Dental Studio","0.9199122190475464","open","8","meta | Overture | Overture-signals","CDLA-Permissive-2.0","2026-04-27T00:00:00.000Z | 2026-06-11T11:57:15Z | 2026-05-12T00:29:08Z | 2026-05-18T13:23:54Z | 2026-05-25T13:08:59Z | 2026-06-01T13:20:32Z | 2026-06-08T13:20:12Z"
"NJ","New Jersey","23959460-ae5c-469f-89f4-8fb5bacb2292","Batarseh Michael DDS","-74.1361362","40.87143097","dentist","general_dentistry","1011 Main Ave","Clifton","07011-2333","NJ","US","+19734738100","","","https://www.facebook.com/489795834381193","","0.9199122190475464","open","7","meta | Overture | Overture-signals","CDLA-Permissive-2.0","2026-04-27T00:00:00.000Z | 2026-06-11T11:57:15Z | 2026-05-12T00:29:08Z | 2026-05-18T13:23:54Z | 2026-05-25T13:08:59Z | 2026-06-01T13:20:32Z | 2026-06-08T13:20:12Z"
"NJ","New Jersey","23b6ed95-0fb9-4250-8f2a-09c99c5006da","CompleteCare Medical and Dental Professionals","-74.81725875","38.98972761","dentist","general_dentistry | doctor","3700 New Jersey Ave","Wildwood","08260-6135","NJ","US","+16094650258","","http://completecarenj.org","https://www.facebook.com/2112906935645328","","0.9722161889076233","","8","meta | Overture","CDLA-Permissive-2.0","2026-04-27T00:00:00.000Z | 2026-06-11T11:57:15Z"
"NJ","New Jersey","23ba5906-0c67-475f-affa-c7a0cc0b8e03","Dr. Thomas M. Hipple Family Dentistry","-74.79786615","40.3311998","dentist","","21 Route 31 N","Pennington","08534-1621","NJ","US","+16097300220","drthipple@aol.com","","https://www.facebook.com/102024094737403","Bear Creek Family Dentistry","0.9719250202178955","","9","meta | Overture","CDLA-Permissive-2.0","2026-04-27T00:00:00.000Z | 2026-06-11T11:57:15Z"
"NJ","New Jersey","23cfca1c-fb58-47ad-b4a6-d834b9193f84","Jenne Donald DMD","-74.061331","40.884879","dentist","orthodontist | doctor","433 Essex St","Hackensack","07601-8564","NJ","US","+12014880104","","","https://www.facebook.com/157062697666643","","0.8400899171829224","","10","meta | Overture","CDLA-Permissive-2.0","2026-04-27T00:00:00.000Z | 2026-06-11T11:57:15Z"
"NJ","New Jersey","23ee94ac-8f2b-4aa8-89c1-5fd9424b35e4","J. Clifford Rigby DMD","-74.075943","40.328068","dentist","orthodontist | medical_service_organizations","620 Shrewsbury Ave","Tinton Falls","07701-4915","NJ","US","+17327414246","office@jerseysmiles.com","http://www.jerseysmiles.com/","https://www.facebook.com/1589616101256102","J. Clifford Rigby DMD","0.9549423456192017","","9","meta | Overture","CDLA-Permissive-2.0","2026-04-27T00:00:00.000Z | 2026-06-11T11:57:15Z"
"NJ","New Jersey","23fb4876-379f-4c92-b8dd-c8cfebb1b2a4","Lakeview Dental Care of Marlton Affiliated with The Smilist Dental","-74.8826828","39.9011421","dentist","health_and_medical","320 Evesboro-Medford Rd Unit #101","Evesham","08053","NJ","US","8563346010","","https://www.lakeviewdentalcare.com/location/marlton/","","","0.9220585688948632","","8","Microsoft | Overture","CDLA-Permissive-2.0","2025-10-05T04:10:05.387Z | 2026-06-11T11:57:15Z"
"NJ","New Jersey","24179eb8-d4af-4962-bdb1-99c94ece3a86","Ralph E. Rogler","-74.78755262","40.81903106","dentist","doctor | periodontist","325 Naughright Rd","Long Valley","07853-3800","NJ","US","+19088500506","","http://www.roglerfamilydentistry.com/contact-us/","https://www.facebook.com/320598051369800","Ralph Rogler D.M.D","0.9291636347770691","","7","meta | Overture","CDLA-Permissive-2.0","2026-04-27T00:00:00.000Z | 2026-06-11T11:57:15Z"
"NJ","New Jersey","2427ac79-74f8-4da4-ab52-2b7cbad81981","Modern Dental Implant Solutions","-74.31311446","40.78915643","dentist","periodontist","201 S Livingston Ave","Livingston","07039-4043","NJ","US","+19738210030","","https://mdis.com/livingston-new-jersey/","https://www.facebook.com/111878484628044","Modern Dental Implant Solutions","0.9199122190475464","open","8","meta | Overture | Overture-signals","CDLA-Permissive-2.0","2026-04-27T00:00:00.000Z | 2026-06-11T11:57:15Z | 2026-05-12T00:29:08Z | 2026-05-18T13:23:54Z | 2026-05-25T13:08:59Z | 2026-06-01T13:20:32Z | 2026-06-08T13:20:12Z"
"NJ","New Jersey","2433b25b-daef-4b55-8291-2b74f28b85cb","Advanced Family Dental Care","-74.04862154","40.87825446","dentist","general_dentistry | health_and_medical","87 Essex St","Hackensack","07601-4001","NJ","US","+12014579595","seda@afdc.com","http://vallejofamilydental.com/","https://www.facebook.com/634330763365694","","0.9902192950248718","open","7","meta | Overture | Overture-signals","CDLA-Permissive-2.0","2026-04-27T00:00:00.000Z | 2026-06-11T11:57:15Z | 2026-05-12T00:29:08Z | 2026-05-18T13:23:54Z | 2026-05-25T13:08:59Z | 2026-06-01T13:20:32Z | 2026-06-08T13:20:12Z"
"NJ","New Jersey","2445e176-c77c-4c6c-9714-cea92ab7bb95","Kearny Dental Associates","-74.14473645","40.77208687","dentist","general_dentistry | health_and_medical","615 Kearny Ave","Kearny","07032-3668","NJ","US","+12019982429","","http://kearnydental.net/","https://www.facebook.com/167938713217848","","0.9980583846569061","","9","meta | Overture","CDLA-Permissive-2.0","2026-04-27T00:00:00.000Z | 2026-06-11T11:57:15Z"
"NJ","New Jersey","244ba9be-80f5-400f-a032-17c1a718ca6e","Confident Smile Dental","-74.17049091","40.75300217","dentist","general_dentistry | health_and_medical","81 Broadway","Newark","07104-5809","NJ","US","+18622377810","confidentsmilepa@gmail.com","http://confidentsmilepa.com/","https://www.facebook.com/828272433705945","","0.8018455505371094","","3","meta | Overture","CDLA-Permissive-2.0","2026-04-27T00:00:00.000Z | 2026-06-11T11:57:15Z"
"NJ","New Jersey","2463f3bd-6539-497e-8e0c-24513315f9b6","Dr. Dental","-74.12295172","40.87751778","dentist","general_dentistry | medical_service_organizations","41 Ackerman Ave","Clifton","07011-1501","NJ","US","+19736202286","","https://www.mydrdental.com/location/new-jersey/dr-dental-dentist-clifton-nj/","https://www.facebook.com/336618876548610","Dr Dental","0.9902192950248718","open","9","meta | Overture | Overture-signals","CDLA-Permissive-2.0","2026-04-27T00:00:00.000Z | 2026-06-11T11:57:15Z | 2026-05-12T00:29:08Z | 2026-05-18T13:23:54Z | 2026-05-25T13:08:59Z | 2026-06-01T13:20:32Z | 2026-06-08T13:20:12Z"
"NJ","New Jersey","2466c4b9-63c7-4327-a044-d8a9da5f595e","Bear Brook Dental Care","-74.035237133503","40.7457266985147","dentist","","727 Adams St","Hoboken","07030","NJ","US","(201) 479-2752","","http://www.bearbrookdentalcare.com","","","0.9902192950248718","open","4","Foursquare | Overture | Overture-signals","Apache-2.0 | CDLA-Permissive-2.0","2025-11-17T00:00:00.000 | 2026-06-11T11:57:15Z | 2026-05-12T00:29:08Z | 2026-05-18T13:23:54Z | 2026-05-25T13:08:59Z | 2026-06-01T13:20:32Z | 2026-06-08T13:20:12Z"
"NJ","New Jersey","246f622d-14a9-4976-90f3-c5e117f88c33","Dr Yana Kozlovsky, DMD","-74.245621","40.347535","dentist","","2 Saratoga Ct","Morganville","07751-2646","NJ","US","+12015745586","","","https://www.facebook.com/751178051680193","","0.5658984184265137","","8","meta | Overture","CDLA-Permissive-2.0","2026-04-27T00:00:00.000Z | 2026-06-11T11:57:15Z"
"NJ","New Jersey","24739749-9cbb-4cf9-8a7e-518e7be5a69b","By The Sea Dentistry","-74.5888831125203","39.3235147560649","dentist","","235 Shore Rd","Somers Point","08244","NJ","US","(609) 927-9300","bytheseadentistry@gmail.com","http://www.bytheseadentistry.com","https://www.facebook.com/169684549725306","","0.77","","6","Foursquare | Overture","Apache-2.0 | CDLA-Permissive-2.0","2025-11-02T00:00:00.000 | 2026-06-11T11:57:15Z"
"NJ","New Jersey","248f239e-39db-4375-969c-4507f22e06c0","South Jersey Center for Dental Medicine","-74.92305951","39.87616761","dentist","general_dentistry | doctor","525 Route 73 S","Marlton","08053-9631","NJ","US","+18565964333","marltoncosmeticdentist@gmail.com","https://www.marltoncosmeticdentist.com/","https://www.facebook.com/251574034954158","","0.982040524482727","","8","meta | Overture","CDLA-Permissive-2.0","2026-04-27T00:00:00.000Z | 2026-06-11T11:57:15Z"
"NJ","New Jersey","24c8e7c2-8071-42e6-b276-c4ee362f2deb","Dr. Leone and Dr. Wenning DMD","-74.06671222","40.34676077","dentist","general_dentistry | medical_service_organizations","33 Reckless Pl","Red Bank","07701-1703","NJ","US","+17327411770","leonewenningdental@gmail.com","http://www.leonewenningdental.com/","https://www.facebook.com/925675027456598","","0.9831886887550354","","1","meta | Overture","CDLA-Permissive-2.0","2026-04-27T00:00:00.000Z | 2026-06-11T11:57:15Z"
"NJ","New Jersey","24cc63b6-7989-4621-bcf2-3bf4b6d34fa8","Dr. Nabil Gerges DDS LLC","-74.16931905","40.76872686","dentist","general_dentistry | doctor","500 Mt Prospect Ave","Newark","07104-5920","NJ","US","+19734851272","","","https://www.facebook.com/168661153334416","","0.9902192950248718","open","7","meta | Overture | Overture-signals","CDLA-Permissive-2.0","2026-04-27T00:00:00.000Z | 2026-06-11T11:57:15Z | 2026-05-12T00:29:08Z | 2026-05-18T13:23:54Z | 2026-05-25T13:08:59Z | 2026-06-01T13:20:32Z | 2026-06-08T13:20:12Z"
"NJ","New Jersey","24cf3298-0350-4e60-adec-95afe90a7501","Smilecaresnj","-74.14246","40.91848","dentist","health_and_medical | cosmetic_dentist","715 Broadway","Paterson","07514-3405","NJ","US","+19734334600","","http://smilecaresnj.com/","https://www.facebook.com/1137163799710504","","0.8937801718711853","","9","meta | Overture","CDLA-Permissive-2.0","2026-04-27T00:00:00.000Z | 2026-06-11T11:57:15Z"
"NJ","New Jersey","24cfc36f-958d-4b14-b8cc-58fb40b00245","Gordon & Miller Dental Associates","-74.30994715","40.23667551","dentist","health_and_medical | doctor","680 W Main St","Freehold","07728-2527","NJ","US","+17324628770","gordonmillerdental@dmgmt.net","http://gordonmillerdds.com/","https://www.facebook.com/150512448314012","","0.9912492036819458","","7","meta | Overture","CDLA-Permissive-2.0","2026-04-27T00:00:00.000Z | 2026-06-11T11:57:15Z"
"NJ","New Jersey","24dfe33e-2b63-4eef-8f1d-a8914024c00c","Caring Family Dental","-74.22821563","40.93121211","dentist","general_dentistry | doctor","573 Valley Rd","Wayne","07470-3511","NJ","US","+19736960170","questions@caringfamilydental.com","http://www.CaringFamilyDental.com/","https://www.facebook.com/164829630378165","","0.9199122190475464","open","7","meta | Overture | Overture-signals","CDLA-Permissive-2.0","2026-04-27T00:00:00.000Z | 2026-06-11T11:57:15Z | 2026-05-12T00:29:08Z | 2026-05-18T13:23:54Z | 2026-05-25T13:08:59Z | 2026-06-01T13:20:32Z | 2026-06-08T13:20:12Z"
"NJ","New Jersey","25015242-3c2e-490b-a120-aa0ea87e5165","Shore Family Dental","-74.17743219","39.99085411","dentist","general_dentistry","1358 Hooper Ave","Toms River","08753-2882","NJ","US","+17329142224","shfd@dentalgrp.com","http://www.shorefamilydental.com/","https://www.facebook.com/198795753532421","Shore Family Dental","0.9953737854957581","open","9","meta | Overture | Overture-signals","CDLA-Permissive-2.0","2026-04-27T00:00:00.000Z | 2026-06-11T11:57:15Z | 2026-05-12T00:29:08Z"
"NJ","New Jersey","2521f457-1991-4686-9bd6-ddf6500bd3e8","Brighter Dental","-74.66536316","40.31109945","dentist","general_dentistry | medical_service_organizations","29 Emmons Dr","Princeton","08540-5919","NJ","US","+16095141666","princeton@brighterdental.com","https://brighterdental.com/","https://www.facebook.com/19123553546","Brighter Dental Princeton","0.9902192950248718","open","8","meta | Overture | Overture-signals","CDLA-Permissive-2.0","2026-04-27T00:00:00.000Z | 2026-06-11T11:57:15Z | 2026-05-12T00:29:08Z | 2026-05-18T13:23:54Z | 2026-05-25T13:08:59Z | 2026-06-01T13:20:32Z | 2026-06-08T13:20:12Z"
"NJ","New Jersey","25247806-a1fe-463e-8adb-3fb89b986755","Academy Dental","-74.67744864","40.23065553","dentist","general_dentistry","731 Highway 33","Hamilton Twp","08619-4418","NJ","US","+16094030710","academydentalnj@gmail.com","http://www.academydentalnj.com/","https://www.facebook.com/455957914603007","Academy Dental of Hamilton PA","0.9902192950248718","open","8","meta | Overture | Overture-signals","CDLA-Permissive-2.0","2026-04-27T00:00:00.000Z | 2026-06-11T11:57:15Z | 2026-05-12T00:29:08Z | 2026-05-18T13:23:54Z | 2026-05-25T13:08:59Z | 2026-06-01T13:20:32Z | 2026-06-08T13:20:12Z"
"NJ","New Jersey","2532f8bb-6597-4905-ae74-9396637d5723","Jack Hoffer, DDS","-74.295977","40.723098","dentist","","187 Millburn Ave","Millburn","07041-1845","NJ","US","+19732589535","info@millburnendo.com","http://www.millburnendo.com/","https://www.facebook.com/315300915284584","Hoffer Jack DDS","0.7990633845329285","","8","meta | Overture","CDLA-Permissive-2.0","2026-04-27T00:00:00.000Z | 2026-06-11T11:57:15Z"
"NJ","New Jersey","25452613-1632-4589-b074-693014f1fa0d","Baum Joel F DDS","-74.267981","40.639813","dentist","","1507 N Wood Ave","Linden","07036-3846","NJ","US","+19084868396","","","https://www.facebook.com/162488210436117","","0.6820390224456787","","7","meta | Overture","CDLA-Permissive-2.0","2026-04-27T00:00:00.000Z | 2026-06-11T11:57:15Z"
"NJ","New Jersey","2562bf3a-d4e1-4812-bc85-a3d71e363197","Palisades Dental Care","-73.9919821","40.94050476","dentist","general_dentistry | health_and_medical","47 E Madison Ave","Dumont","07628-2417","NJ","US","+12012790440","drkryzman@gmail.com","http://palisadesdentalcare.com/","https://www.facebook.com/224714737658637","","0.9902192950248718","open","7","meta | Overture | Overture-signals","CDLA-Permissive-2.0","2026-04-27T00:00:00.000Z | 2026-06-11T11:57:15Z | 2026-05-12T00:29:08Z | 2026-05-18T13:23:54Z | 2026-05-25T13:08:59Z | 2026-06-01T13:20:32Z | 2026-06-08T13:20:12Z"
"NJ","New Jersey","257e154b-41fb-4109-8998-5cfe4eb95a3c","Dr Bhawna Bhatti DDS","-74.304975036231","40.4577096338851","dentist","","314 Ernston Rd","Parlin","08859","NJ","US","(732) 721-3311","","http://www.personalized-dentistry.com","","","0.9199122190475464","open","4","Foursquare | Overture | Overture-signals","Apache-2.0 | CDLA-Permissive-2.0","2025-10-17T00:00:00.000 | 2026-06-11T11:57:15Z | 2026-05-12T00:29:08Z | 2026-05-18T13:23:54Z | 2026-05-25T13:08:59Z | 2026-06-01T13:20:32Z | 2026-06-08T13:20:12Z"
"NJ","New Jersey","257e3fc2-20b5-47f5-974f-ce33f86937b8","Baldwin Dental Group","-74.3943568858192","40.8670841134021","dentist","","259 Baldwin Rd","Parsippany","07054","NJ","US","(973) 263-7300","baldwindentalgroup@hotmail.com","http://httpbaldwindentalgroup.com","","","0.9199122190475464","open","4","Foursquare | Overture | Overture-signals","Apache-2.0 | CDLA-Permissive-2.0","2025-12-06T00:00:00.000 | 2026-06-11T11:57:15Z | 2026-05-12T00:29:08Z | 2026-05-18T13:23:54Z | 2026-05-25T13:08:59Z | 2026-06-01T13:20:32Z | 2026-06-08T13:20:12Z"
"NJ","New Jersey","2586bb5b-a3b6-4b8f-9502-5090f1771b2c","The Center For Holistic Dental Medicine","-74.0640538612251","40.3449252178052","dentist","","211 Broad St Ste 106","Red Bank","07701","NJ","US","(732) 517-7785","docsmile777@gmail.com","https://www.drglennmacfarlane.com","https://www.twitter.com/macfarlanedmd | https://www.facebook.com/1486853234916142 | https://www.instagram.com/drglennmacfarlane","","0.77","","5","Foursquare | Overture","Apache-2.0 | CDLA-Permissive-2.0","2023-02-11T00:00:00.000 | 2026-06-11T11:57:15Z"
"NJ","New Jersey","25a3b2bd-689f-4962-9760-f45bf0ec575f","Bodneva Cosmetic Dental and Facial Boutique","-73.9666333","40.85738338","dentist","cosmetic_dentist | health_and_medical","2185 Lemoine Ave","Fort Lee","07024-6003","NJ","US","+12019440036","","https://www.bodnevadental.com/","https://www.facebook.com/164870873539763","","0.5686718821525574","","8","meta | Overture","CDLA-Permissive-2.0","2026-04-27T00:00:00.000Z | 2026-06-11T11:57:15Z"
"NJ","New Jersey","25b4b820-9c3f-4fd3-b9da-297362e1a61a","Elegant Dental Arts","-74.29370329","40.27837014","dentist","cosmetic_dentist | general_dentistry","4257 US Highway 9","Freehold","07728-8310","NJ","US","+17326393495","office@elegantdentalarts.com","https://elegantdentalarts.com/","https://www.facebook.com/101378822704371","","0.9199122190475464","open","9","meta | Overture | Overture-signals","CDLA-Permissive-2.0","2026-04-27T00:00:00.000Z | 2026-06-11T11:57:15Z | 2026-05-12T00:29:08Z | 2026-05-18T13:23:54Z | 2026-05-25T13:08:59Z | 2026-06-01T13:20:32Z | 2026-06-08T13:20:12Z"
"NJ","New Jersey","25ba0e50-ec39-4fee-83f8-8418b1183e03","Valley Arts Dental","-74.24507498","40.7704515","dentist","general_dentistry","515 Valley Rd","West Orange","07052-5234","NJ","US","+19737318313","valleyartsdental@gmail.com","http://www.valleyartsdental.com/","https://www.facebook.com/106625931296492","","0.9902192950248718","open","8","meta | Overture | Overture-signals","CDLA-Permissive-2.0","2026-04-27T00:00:00.000Z | 2026-06-11T11:57:15Z | 2026-05-12T00:29:08Z | 2026-05-18T13:23:54Z | 2026-05-25T13:08:59Z | 2026-06-01T13:20:32Z | 2026-06-08T13:20:12Z"
"NJ","New Jersey","25c4059e-3488-4c45-9404-cad80a0bc791","Nutley Dental","-74.15036126","40.8277911","dentist","general_dentistry | cosmetic_dentist","671 Franklin Ave","Nutley","07110-1209","NJ","US","+19736674421","","http://nutleydental.net/","https://www.facebook.com/278212825962585","","0.9199122190475464","open","9","meta | Overture | Overture-signals","CDLA-Permissive-2.0","2026-04-27T00:00:00.000Z | 2026-06-11T11:57:15Z | 2026-05-12T00:29:08Z | 2026-05-18T13:23:54Z | 2026-05-25T13:08:59Z | 2026-06-01T13:20:32Z | 2026-06-08T13:20:12Z"
"NJ","New Jersey","25df2b90-99c1-4b4e-bf37-db5768d7e6e1","John R. Vitale, DMD","-74.07175","40.686311","dentist","doctor | cosmetic_dentist","24 Chapel Ave","Jersey City","07305-4021","NJ","US","+12015219800","","http://www.drjohnrvitale.com/","https://www.facebook.com/965581063492442","","0.9183436036109924","","7","meta | Overture","CDLA-Permissive-2.0","2026-04-27T00:00:00.000Z | 2026-06-11T11:57:15Z"
"NJ","New Jersey","26238019-b1d9-4b93-9dbb-182c8082b92e","Radiant Smiles LLC","-74.22335165","40.95624584","dentist","general_dentistry | cosmetic_dentist","150 Hinchman Ave","Wayne","07470-2360","NJ","US","+19739428500","info@radiantsmilesnj.com","http://dentistinwaynenj.com/","https://www.facebook.com/265007083645153","","0.9199122190475464","open","8","meta | Overture | Overture-signals","CDLA-Permissive-2.0","2026-04-27T00:00:00.000Z | 2026-06-11T11:57:15Z | 2026-05-12T00:29:08Z | 2026-05-18T13:23:54Z | 2026-05-25T13:08:59Z | 2026-06-01T13:20:32Z | 2026-06-08T13:20:12Z"
"NJ","New Jersey","2637c2ea-4a57-4a7c-9f80-532b5445983e","Nj Medical & Dental Clinic","-74.213541","40.680405","dentist","doctor | laboratory_testing","725 N Broad St","Elizabeth","07208-2347","NJ","US","+19083518989","","http://www.njmedicalanddental.com/","https://www.facebook.com/307163432729876","NJ Family Dentistry","0.8883609771728516","","8","meta | Overture","CDLA-Permissive-2.0","2026-04-27T00:00:00.000Z | 2026-06-11T11:57:15Z"
"NJ","New Jersey","2640872c-f51a-4726-afd1-3ae067e4f1af","Central Jersey Dental Arts","-74.43111709","40.54937651","dentist","general_dentistry | cosmetic_dentist","1056 Stelton Rd","Piscataway","08854-4326","NJ","US","+17329811040","cjdaprostho@gmail.com","http://www.cjdentalarts.com/","https://www.facebook.com/1540480852678705","","0.9902192950248718","open","7","meta | Overture | Overture-signals","CDLA-Permissive-2.0","2026-04-27T00:00:00.000Z | 2026-06-11T11:57:15Z | 2026-05-12T00:29:08Z | 2026-05-18T13:23:54Z | 2026-05-25T13:08:59Z | 2026-06-01T13:20:32Z | 2026-06-08T13:20:12Z"
"NJ","New Jersey","265a5e36-93da-419c-9f66-46073d30077a","Shoreline Dental","-74.03937899","40.23731342","dentist","general_dentistry","1100 State Route 35","Ocean Twp","07712-3542","NJ","US","+17323614240","shorelinedentalnj@gmail.com","http://www.shorelinedentalnj.com/","https://www.facebook.com/305580652635133","","0.9199122190475464","open","9","meta | Overture | Overture-signals","CDLA-Permissive-2.0","2026-04-27T00:00:00.000Z | 2026-06-11T11:57:15Z | 2026-05-12T00:29:08Z | 2026-05-18T13:23:54Z | 2026-05-25T13:08:59Z | 2026-06-01T13:20:32Z | 2026-06-08T13:20:12Z"
"NJ","New Jersey","265d16ea-e9f0-4b5b-8d25-1b3d9210f455","Leslie C Flahaven, DDS - LDC Dental Associates","-75.1399","39.74055","dentist","","504 Lambs Rd","Pitman","08071","NJ","US","(856) 589-2188","contact@ldcdentalnj.com","https://ldcdentalnj.com","https://www.facebook.com/2035802126742120","","0.9199122190475464","open","4","Foursquare | Overture | Overture-signals","Apache-2.0 | CDLA-Permissive-2.0","2021-01-27T00:00:00.000 | 2026-06-11T11:57:15Z | 2026-05-12T00:29:08Z | 2026-05-18T13:23:54Z | 2026-05-25T13:08:59Z | 2026-06-01T13:20:32Z | 2026-06-08T13:20:12Z"
"NJ","New Jersey","26672f99-7f62-4de4-b997-b3677e3cc5f1","Oconer Family & Cosmetic Dentistry","-74.85628324","40.53371095","dentist","general_dentistry | doctor","200 State Route 31","Flemington","08822-5811","NJ","US","+19082842000","office@oconerdental.com","http://www.oconerdentistry.com/","https://www.facebook.com/142800713217558","","0.9199122190475464","open","7","meta | Overture | Overture-signals","CDLA-Permissive-2.0","2026-04-27T00:00:00.000Z | 2026-06-11T11:57:15Z | 2026-05-12T00:29:08Z | 2026-05-18T13:23:54Z | 2026-05-25T13:08:59Z | 2026-06-01T13:20:32Z | 2026-06-08T13:20:12Z"
"NJ","New Jersey","2671af99-27c7-45a9-acc1-ecf455b3119b","Kathleen Nordman, DMD","-74.47225","40.89375","dentist","health_and_medical | teeth_whitening","16 Pocono Rd","Denville","07834-2901","NJ","US","+19736250602","","http://www.kathleennordmandmd.com/","https://www.facebook.com/1778937612377939","","0.7610148191452026","","7","meta | Overture","CDLA-Permissive-2.0","2026-04-27T00:00:00.000Z | 2026-06-11T11:57:15Z"
"NJ","New Jersey","26a12359-84ae-41dd-9890-9565313f3b7f","Richard Altman DDS","-74.224106","40.66303","dentist","teeth_whitening | health_and_medical","230 W Jersey St","Elizabeth","07202-1352","NJ","US","+19083558080","","http://www.richardaltmandds.com","https://www.facebook.com/1429166104053135","","0.8571153283119202","","7","meta | Overture","CDLA-Permissive-2.0","2026-04-27T00:00:00.000Z | 2026-06-11T11:57:15Z"
"NJ","New Jersey","26dafdb4-dc5a-497d-bb4c-2256f83aca7c","Irie Dental Associates","-74.19489011","40.80333155","dentist","general_dentistry | cosmetic_dentist","275 Broad St","Bloomfield","07003-2724","NJ","US","+19737434743","iriedental@verizon.net","http://iriedental.com/","https://www.facebook.com/111279349143","","0.9815249443054199","","9","meta | Overture","CDLA-Permissive-2.0","2026-04-27T00:00:00.000Z | 2026-06-11T11:57:15Z"
"NJ","New Jersey","26e70ff7-d4eb-41e5-86dc-8f7e26bf31a8","American Dental Of North Brunswick","-74.507513544225","40.4601218190925","dentist","","1950 Route 27","North Brunswick Township","08902","NJ","US","(732) 821-0500","","https://www.greatexpressions.com/dental-offices/new-jersey-offices/north-brunswick-rt-27","https://www.facebook.com/652764104752593","","0.9199122190475464","open","4","Foursquare | Overture | Overture-signals","Apache-2.0 | CDLA-Permissive-2.0","2025-10-14T00:00:00.000 | 2026-06-11T11:57:15Z | 2026-05-12T00:29:08Z | 2026-05-18T13:23:54Z | 2026-05-25T13:08:59Z | 2026-06-01T13:20:32Z | 2026-06-08T13:20:12Z"
"NJ","New Jersey","26ec82c4-aad5-4ebb-91a2-a9f879d6b877","David Goteiner DDS FACD FICD","-74.68063","40.78894","dentist","periodontist | professional_services","2 North Rd","Chester","07930-2318","NJ","US","+19088797709","drg@artofperio.com","https://www.artofperio.com/","https://www.facebook.com/105891024597643","","0.8887326365709305","","5","meta | Overture","CDLA-Permissive-2.0","2026-04-27T00:00:00.000Z | 2026-06-11T11:57:15Z"
"NJ","New Jersey","2705f308-a955-43ef-b483-b13545df67fd","Mobile Dental Coach","-74.3149006191692","40.6298935835314","dentist","","1120 Raritan Rd","Clark","07066","NJ","US","(732) 850-1700","doc@josefklein.com","http://mobiledentalcoach.net","","","0.9199122190475464","open","4","Foursquare | Overture | Overture-signals","Apache-2.0 | CDLA-Permissive-2.0","2025-05-30T00:00:00.000 | 2026-06-11T11:57:15Z | 2026-05-12T00:29:08Z | 2026-05-18T13:23:54Z | 2026-05-25T13:08:59Z | 2026-06-01T13:20:32Z | 2026-06-08T13:20:12Z"
"NJ","New Jersey","2708f59f-dcbc-4688-855f-470442e8b017","Dental Cosmetic Center","-74.45920262","40.55110381","dentist","teeth_whitening | medical_service_organizations","1100 Centennial Ave","Piscataway","08854-4152","NJ","US","+17322274819","piscataway.dentists@gmail.com","https://www.piscatawaydental.com/","https://www.facebook.com/660833607341923","","0.9902192950248718","open","7","meta | Overture | Overture-signals","CDLA-Permissive-2.0","2026-04-27T00:00:00.000Z | 2026-06-11T11:57:15Z | 2026-05-12T00:29:08Z | 2026-05-18T13:23:54Z | 2026-05-25T13:08:59Z | 2026-06-01T13:20:32Z | 2026-06-08T13:20:12Z"
"NJ","New Jersey","2718da9a-f597-4316-be2f-16bfbddf913f","Diana Rodriguez","-74.0322353","40.76785452","dentist","general_dentistry | cosmetic_dentist","2406 Bergenline Ave","Union City","07087-3643","NJ","US","+12018669400","dianarodriguezdmd@gmail.com","https://unioncityminidentalimplants.com/","https://www.facebook.com/1858148737744979","","0.9199122190475464","open","8","meta | Overture | Overture-signals","CDLA-Permissive-2.0","2026-04-27T00:00:00.000Z | 2026-06-11T11:57:15Z | 2026-05-12T00:29:08Z | 2026-05-18T13:23:54Z | 2026-05-25T13:08:59Z | 2026-06-01T13:20:32Z | 2026-06-08T13:20:12Z"
"NJ","New Jersey","271cd3a3-9381-4020-ac29-24f92f53b1d5","My New Jersey Dentist","-74.05263694","40.89585568","dentist","general_dentistry","385 Prospect Ave","Hackensack","07601-2570","NJ","US","+12014259580","","https://mynjdentist.com/","https://www.facebook.com/404576020134173","","0.9902192950248718","open","7","meta | Overture | Overture-signals","CDLA-Permissive-2.0","2026-04-27T00:00:00.000Z | 2026-06-11T11:57:15Z | 2026-05-12T00:29:08Z | 2026-05-18T13:23:54Z | 2026-05-25T13:08:59Z | 2026-06-01T13:20:32Z | 2026-06-08T13:20:12Z"
"NJ","New Jersey","271fce67-296b-41c6-9ba3-7ff6952e7190","Atco Family Dentistry","-74.8994012807022","39.7701794245365","dentist","","311 White Horse Pike","Atco","08004","NJ","US","(856) 767-6400","","","https://www.facebook.com/130027937060859","","0.77","","5","Foursquare | Overture","Apache-2.0 | CDLA-Permissive-2.0","2025-12-11T00:00:00.000 | 2026-06-11T11:57:15Z"
"NJ","New Jersey","2722695d-bdb4-41f2-adb8-dc8a8175fc23","Perfect Smiles Dentistry","-74.99269143","39.81790939","dentist","general_dentistry","101 S White Horse Pike","Lindenwold","08021-2304","NJ","US","+18565667466","info@psdnj.com","http://www.perfectsmilesdentist.com/","https://www.facebook.com/1886367605000439","Perfect Smiles Dentist","0.9199122190475464","open","9","meta | Overture | Overture-signals","CDLA-Permissive-2.0","2026-04-27T00:00:00.000Z | 2026-06-11T11:57:15Z | 2026-05-12T00:29:08Z | 2026-05-18T13:23:54Z | 2026-05-25T13:08:59Z | 2026-06-01T13:20:32Z | 2026-06-08T13:20:12Z"
"NJ","New Jersey","273320d1-47df-47fe-9b4e-258c04642489","Dr. Brett L. Kreitman","-73.9654483","40.91997178","dentist","general_dentistry | health_and_medical","111 Dean Dr","Tenafly","07670-2762","NJ","US","+12015670707","drbrettk@aol.com","","https://www.facebook.com/152814598176325","","0.9199122190475464","open","7","meta | Overture | Overture-signals","CDLA-Permissive-2.0","2026-04-27T00:00:00.000Z | 2026-06-11T11:57:15Z | 2026-05-12T00:29:08Z | 2026-05-18T13:23:54Z | 2026-05-25T13:08:59Z | 2026-06-01T13:20:32Z | 2026-06-08T13:20:12Z"
"NJ","New Jersey","27347421-fa51-47b8-a8f6-bd758cf0043d","W & F Dental Associates","-74.4169250991616","40.4136012663117","dentist","","557 Cranbury Rd #8","East Brunswick","08816","NJ","US","(732) 698-0838","vkern@e-mailfr.com","http://montcooffshore.com","","","0.9199122190475464","open","4","Foursquare | Overture | Overture-signals","Apache-2.0 | CDLA-Permissive-2.0","2025-06-11T00:00:00.000 | 2026-06-11T11:57:15Z | 2026-05-12T00:29:08Z | 2026-05-18T13:23:54Z | 2026-05-25T13:08:59Z | 2026-06-01T13:20:32Z | 2026-06-08T13:20:12Z"
"NJ","New Jersey","273ee8af-c52a-4c63-ab60-b8a8349fd7aa","Dr. Russ Family Dentistry","-74.1511357085599","40.8109241916059","dentist","","111 Centre St","Nutley","07110","NJ","US","(973) 662-0889","","http://www.michaelrussdmd.com","","","0.77","","5","Foursquare | Overture","Apache-2.0 | CDLA-Permissive-2.0","2025-12-11T00:00:00.000 | 2026-06-11T11:57:15Z"
"NJ","New Jersey","274d1d85-7e9e-4159-bc40-c53c02bc45ed","ABC Smiles Family & Childrens Dentistry","-74.27050614","40.50763808","dentist","general_dentistry | pediatric_dentist","252 Madison Ave","Perth Amboy","08861-4314","NJ","US","+17329976453","contact@abcsmilesdental.com","https://www.abcsmilesdental.com/","https://www.facebook.com/1126086330927661","","0.9902192950248718","open","10","meta | Overture | Overture-signals","CDLA-Permissive-2.0","2026-04-27T00:00:00.000Z | 2026-06-11T11:57:15Z | 2026-05-12T00:29:08Z | 2026-05-18T13:23:54Z | 2026-05-25T13:08:59Z | 2026-06-01T13:20:32Z | 2026-06-08T13:20:12Z"
"NJ","New Jersey","274d2291-0f04-4880-b48a-08d60839babd","Cuppi Armon DDS","-74.15837822","41.10029355","dentist","general_dentistry","156 Ramapo Valley Rd","Mahwah","07430-1199","NJ","US","+12015292922","","","https://www.facebook.com/150480384995652","","0.9199122190475464","open","7","meta | Overture | Overture-signals","CDLA-Permissive-2.0","2026-04-27T00:00:00.000Z | 2026-06-11T11:57:15Z | 2026-05-12T00:29:08Z | 2026-05-18T13:23:54Z | 2026-05-25T13:08:59Z | 2026-06-01T13:20:32Z | 2026-06-08T13:20:12Z"
