"state_code","state","id","name","longitude","latitude","primary_category","alternate_categories","address","locality","postcode","region","country","phones","emails","websites","socials","brand","confidence","operating_status","version","source_datasets","source_licenses","source_update_times"
"PA","Pennsylvania","00062b7c-66f7-4b81-a12d-586f989c8c50","Northeast Dental Laboratory","-75.07263187","40.04403767","dentist","car_rental_agency | restaurant","6741 Castor Ave","Philadelphia","19149-2104","PA","US","+12157250950","","http://www.aaaaabledentures.com","https://www.facebook.com/500671800042892","","0.9199122190475464","open","7","meta | Overture | Overture-signals","CDLA-Permissive-2.0","2026-04-27T00:00:00.000Z | 2026-06-11T11:57:15Z | 2026-05-12T00:29:08Z | 2026-05-18T13:23:54Z | 2026-05-25T13:08:59Z | 2026-06-01T13:20:32Z | 2026-06-08T13:20:12Z"
"PA","Pennsylvania","004817e3-6696-404f-8062-8254cd609b79","Tyma Bullock & Blessington Dental","-75.14229394","40.31994638","dentist","general_dentistry | health_and_medical","708 N Shady Retreat Rd","Doylestown","18901-2503","PA","US","+12156076699","office@tymatrachtenbergdental.com","https://www.tymatrachtenbergdental.com/","https://www.facebook.com/338829686189547","Tyma Bullock Blessington Dental","0.9760369062423706","","2","meta | Overture","CDLA-Permissive-2.0","2026-04-27T00:00:00.000Z | 2026-06-11T11:57:15Z"
"PA","Pennsylvania","0054339b-2cb6-471e-b32b-70b998172993","Dr. Steinberg","-75.373207998858","40.6781123534796","dentist","","2299 Brodhead Rd","Bethlehem","18020","PA","US","(610) 866-0172","","http://www.demandforced3.com/dentist/106036","","","0.9199122190475464","open","4","Foursquare | Overture | Overture-signals","Apache-2.0 | CDLA-Permissive-2.0","2025-06-27T00:00:00.000 | 2026-06-11T11:57:15Z | 2026-05-12T00:29:08Z | 2026-05-18T13:23:54Z | 2026-05-25T13:08:59Z | 2026-06-01T13:20:32Z | 2026-06-08T13:20:12Z"
"PA","Pennsylvania","005c34d4-a620-49a4-81e2-6d8394e6c713","Breskiewicz Family Dentistry","-76.5861027400461","40.846395318157","dentist","","110 Miles Rd","Paxinos","17860","PA","US","(570) 509-2703","","http://breskiewiczfamilydentistry.placeweb.site","","","0.77","","5","Foursquare | Overture","Apache-2.0 | CDLA-Permissive-2.0","2025-08-22T00:00:00.000 | 2026-06-11T11:57:15Z"
"PA","Pennsylvania","00803566-1543-4470-9b92-15bd590a4069","Ochs Mark DDS","-79.96257409","40.44248097","dentist","general_dentistry | health_and_medical","3501 Terrace St","Pittsburgh","15213-2523","PA","US","+14126486807","","","https://www.facebook.com/121328477925586","","0.9199122190475464","open","8","meta | Overture | Overture-signals","CDLA-Permissive-2.0","2026-04-27T00:00:00.000Z | 2026-06-11T11:57:15Z | 2026-05-12T00:29:08Z | 2026-05-18T13:23:54Z | 2026-05-25T13:08:59Z | 2026-06-01T13:20:32Z | 2026-06-08T13:20:12Z"
"PA","Pennsylvania","00a5b854-5812-4316-bd54-3210c4be6dd3","Eric Rackley, DMD","-80.066232","40.433528","dentist","doctor | medical_service_organizations","101 Bradford Ave","Crafton","15205-3140","PA","US","+14129211713","","http://www.ericrackleydmd.com/","https://www.facebook.com/362485697202497","","0.8750378489494324","","9","meta | Overture","CDLA-Permissive-2.0","2026-04-27T00:00:00.000Z | 2026-06-11T11:57:15Z"
"PA","Pennsylvania","00ac1e95-9524-41ef-916a-dedeb85224d6","campus dental center","-75.3624554751451","39.8669012286792","dentist","","2200 Providence Ave","Chester","19013","PA","US","(610) 872-2355","","http://www.campusdentalcenter.com","https://www.facebook.com/121701701219791","","0.9199122190475464","open","4","Foursquare | Overture | Overture-signals","Apache-2.0 | CDLA-Permissive-2.0","2025-08-22T00:00:00.000 | 2026-06-11T11:57:15Z | 2026-05-12T00:29:08Z | 2026-05-18T13:23:54Z | 2026-05-25T13:08:59Z | 2026-06-01T13:20:32Z | 2026-06-08T13:20:12Z"
"PA","Pennsylvania","00c163f4-1c13-42ea-a6c7-5ccb4024a22c","Martik Family Dental LLC","-80.0354887","40.39652883","dentist","general_dentistry | medical_service_organizations","1503 Potomac Ave","Pittsburgh","15216-2109","PA","US","+14125631611","martikfamilydental@gmail.com","http://www.martikfamilydental.com/","https://www.facebook.com/291614627694901","Martik Family Dental LLC","0.9199122190475464","open","9","meta | Overture | Overture-signals","CDLA-Permissive-2.0","2026-04-27T00:00:00.000Z | 2026-06-11T11:57:15Z | 2026-05-12T00:29:08Z | 2026-05-18T13:23:54Z | 2026-05-25T13:08:59Z | 2026-06-01T13:20:32Z | 2026-06-08T13:20:12Z"
"PA","Pennsylvania","00d11c0d-9a8f-43c8-85cd-bf3d16b4a47a","Complete Care Dental","-75.3448787076514","39.8774232936462","dentist","","1300 Macdade Blvd Unit 5","Woodlyn","19094","PA","US","(610) 833-1919","completecaredental@ymail.com","http://delcodentistccd.com","https://www.twitter.com/ccdentalpa | https://www.facebook.com/791561090894362","","0.77","","5","Foursquare | Overture","Apache-2.0 | CDLA-Permissive-2.0","2025-08-22T00:00:00.000 | 2026-06-11T11:57:15Z"
"PA","Pennsylvania","0100e93f-1be6-422a-9a7e-07e869a7fa7f","Johnson Jean D DDS","-76.425269","41.02328112","dentist","general_dentistry | cosmetic_dentist","2201 5th Street Hollow Rd","Bloomsburg","17815-7757","PA","US","+15707598961","","http://drjeansmiles.com/","https://www.facebook.com/2002274393382224","","0.9199122190475464","open","7","meta | Overture | Overture-signals","CDLA-Permissive-2.0","2026-04-27T00:00:00.000Z | 2026-06-11T11:57:15Z | 2026-05-12T00:29:08Z | 2026-05-18T13:23:54Z | 2026-05-25T13:08:59Z | 2026-06-01T13:20:32Z | 2026-06-08T13:20:12Z"
"PA","Pennsylvania","013d117c-a2e5-4263-9758-1c60774a0295","Aspen Dental","-74.961356","40.136737","dentist","","670 Rockhill Drive","Bensalem","19020","PA","US","","","https://www.aspendental.com/dentist/pa/bensalem/670-rockhill-drive/","","Aspen Dental","0.954","","5","AllThePlaces | Overture","CC0-1.0 | CDLA-Permissive-2.0","2026-06-02T15:18:54.000Z | 2026-06-11T11:57:15Z"
"PA","Pennsylvania","015104a4-0682-47f6-b5ae-2b6153951151","Thomas P Nordone DMD","-75.162415119389","39.956440934249","dentist","","207 N Broad St Fl 1","Philadelphia","19107","PA","US","(215) 557-0557","","http://paoms.com","","","0.9199122190475464","open","4","Foursquare | Overture | Overture-signals","Apache-2.0 | CDLA-Permissive-2.0","2025-04-29T00:00:00.000 | 2026-06-11T11:57:15Z | 2026-05-12T00:29:08Z | 2026-05-18T13:23:54Z | 2026-05-25T13:08:59Z | 2026-06-01T13:20:32Z | 2026-06-08T13:20:12Z"
"PA","Pennsylvania","017a997e-f673-4dfb-93b4-ee3410170b4b","AHN Division of Dental Medicine","-80.0031038","40.4561788","dentist","health_and_medical","320 E North Ave","Pittsburgh","15212","PA","US","4123593685","","https://www.ahn.org/location-search/ahn-division-of-dental-medicine-6804","","","0.85","","8","Microsoft | Overture","CDLA-Permissive-2.0","2025-09-19T19:05:03.623Z | 2026-06-11T11:57:15Z"
"PA","Pennsylvania","0181368f-0423-4a4d-acb9-5d2ffed9026c","Brian Miller DMD","-75.8513117639418","41.2852435005856","dentist","","672 N River St Ste 213","Plains","18705","PA","US","(570) 825-7583","","http://www.waterfrontorthodontics.com","https://www.facebook.com/719960801390804","","0.9199122190475464","open","4","Foursquare | Overture | Overture-signals","Apache-2.0 | CDLA-Permissive-2.0","2025-10-21T00:00:00.000 | 2026-06-11T11:57:15Z | 2026-05-12T00:29:08Z | 2026-05-18T13:23:54Z | 2026-05-25T13:08:59Z | 2026-06-01T13:20:32Z | 2026-06-08T13:20:12Z"
"PA","Pennsylvania","018b1a46-a192-4518-898d-40e479834c89","Nova Dental Associates","-79.75312509","40.59990867","dentist","general_dentistry | health_and_medical","215 E 1st Ave","Tarentum","15084-1765","PA","US","+17242244510","mjwolff40@gmail.com","http://www.nova-dental.com","https://www.facebook.com/126013110785229","Nova-Dental","0.9902192950248718","open","9","meta | Overture | Overture-signals","CDLA-Permissive-2.0","2026-04-27T00:00:00.000Z | 2026-06-11T11:57:15Z | 2026-05-12T00:29:08Z | 2026-05-18T13:23:54Z | 2026-05-25T13:08:59Z | 2026-06-01T13:20:32Z | 2026-06-08T13:20:12Z"
"PA","Pennsylvania","01a78a2a-9c79-4fa8-a25a-6fe98b2b2d0c","Armor Dental","-75.115201","39.995258","dentist","health_and_medical | medical_service_organizations","3115 Kensington Ave","Philadelphia","19134-2420","PA","US","+12154546638","","https://www.smiledefendersphilly.com","https://www.facebook.com/941359459259030","Amor Dental Care","0.9199122190475464","open","8","meta | Overture | Overture-signals","CDLA-Permissive-2.0","2026-04-27T00:00:00.000Z | 2026-06-11T11:57:15Z | 2026-05-12T00:29:08Z | 2026-05-18T13:23:54Z | 2026-05-25T13:08:59Z | 2026-06-01T13:20:32Z | 2026-06-08T13:20:12Z"
"PA","Pennsylvania","01a7c461-4682-4fd4-9a29-510394805647","Marvin A. Dash, D.M.D., Inc.","-79.9989009693619","40.4403734597473","dentist","","355 5th Ave #1300","Pittsburgh","15222","PA","US","(412) 765-1030","","http://www.pghoralsurgeon.com","https://www.facebook.com/626202087449931","","0.9199122190475464","open","4","Foursquare | Overture | Overture-signals","Apache-2.0 | CDLA-Permissive-2.0","2025-12-19T00:00:00.000 | 2026-06-11T11:57:15Z | 2026-05-12T00:29:08Z | 2026-05-18T13:23:54Z | 2026-05-25T13:08:59Z | 2026-06-01T13:20:32Z | 2026-06-08T13:20:12Z"
"PA","Pennsylvania","01b02f52-9488-42f7-bf91-3d89bbd8c609","Dr Hamilton","-76.423615","41.023075","dentist","","6 Audobon Ct","Bloomsburg","17815","PA","US","(570) 387-0533","","http://hamilton-dental-care.com","","","0.9199122190475464","open","4","Foursquare | Overture | Overture-signals","Apache-2.0 | CDLA-Permissive-2.0","2026-02-19T00:00:00.000 | 2026-06-11T11:57:15Z | 2026-05-12T00:29:08Z | 2026-05-18T13:23:54Z | 2026-05-25T13:08:59Z | 2026-06-01T13:20:32Z | 2026-06-08T13:20:12Z"
"PA","Pennsylvania","01c08e32-3e4e-4d14-811e-48cb079bf023","Danta Dental","-75.1727069","39.9519603","dentist","health_and_medical","1919 Chestnut St Lbby 101","Philadelphia","19103","PA","US","2155615559","","https://dantadental.com/","","","0.9902192950248718","open","6","Microsoft | Overture | Overture-signals","CDLA-Permissive-2.0","2022-09-20T01:23:42.227Z | 2026-06-11T11:57:15Z | 2026-05-12T00:29:08Z | 2026-05-18T13:23:54Z | 2026-05-25T13:08:59Z | 2026-06-01T13:20:32Z | 2026-06-08T13:20:12Z"
"PA","Pennsylvania","01d074fe-ba9e-4c7b-a883-1c7ed54278c2","Third District Dental Society","-75.66171068","41.40985977","dentist","general_dentistry","327 N Washington Ave","Scranton","18503-1511","PA","US","+15703423556","","","https://www.facebook.com/109655370732259","","0.9199122190475464","open","7","meta | Overture | Overture-signals","CDLA-Permissive-2.0","2026-04-27T00:00:00.000Z | 2026-06-11T11:57:15Z | 2026-05-12T00:29:08Z | 2026-05-18T13:23:54Z | 2026-05-25T13:08:59Z | 2026-06-01T13:20:32Z | 2026-06-08T13:20:12Z"
"PA","Pennsylvania","01e848b1-d121-4024-aec9-d1446f7c918b","Pediatric Dentistry","-80.0831676942794","40.3465057732632","dentist","","1580 McLaughlin Run Rd","Upper St Clair","15241","PA","US","(412) 257-1150","pediatricdentistrysouth@gmail.com","https://www.pediatricdentalsouth.com","https://www.facebook.com/549238485180334","","0.77","","5","Foursquare | Overture","Apache-2.0 | CDLA-Permissive-2.0","2025-11-24T00:00:00.000 | 2026-06-11T11:57:15Z"
"PA","Pennsylvania","020ac171-c389-42fc-b738-ffbf1e43bd00","Dombrowski Charles J DDS","-78.40796254","40.48540729","dentist","pediatric_dentist | doctor","100 Logan Blvd","Altoona","16602-3115","PA","US","+18149447721","","https://dombrowski-charles-j-dmd.hub.biz/","https://www.facebook.com/162002660490945","","0.9199122190475464","open","7","meta | Overture | Overture-signals","CDLA-Permissive-2.0","2026-04-27T00:00:00.000Z | 2026-06-11T11:57:15Z | 2026-05-12T00:29:08Z | 2026-05-18T13:23:54Z | 2026-05-25T13:08:59Z | 2026-06-01T13:20:32Z | 2026-06-08T13:20:12Z"
"PA","Pennsylvania","0233290e-876f-46cf-926f-b2e1984d2657","Bittner King Dental","-79.87338433","40.48929877","dentist","general_dentistry | doctor","1344 Freeport Rd","Pittsburgh","15238-3118","PA","US","+14122424222","office@bittnerkingdental.com","http://bittnerkingdental.com","https://www.facebook.com/250607071797071","","0.9765772223472595","","1","meta | Overture","CDLA-Permissive-2.0","2026-04-27T00:00:00.000Z | 2026-06-11T11:57:15Z"
"PA","Pennsylvania","023d29eb-c29d-4025-ae48-4ff3713bd711","Dr Jeffrey Brenner","-75.0460447706967","40.1645993086504","dentist","","283 2nd Street Pike Ste 140","Southampton","18966","PA","US","(215) 357-2224","info@brennerdentalgroup.com","https://www.brennerdentalgroup.com","https://www.facebook.com/186238921564517","","0.9199122190475464","open","4","Foursquare | Overture | Overture-signals","Apache-2.0 | CDLA-Permissive-2.0","2025-05-29T00:00:00.000 | 2026-06-11T11:57:15Z | 2026-05-12T00:29:08Z | 2026-05-18T13:23:54Z | 2026-05-25T13:08:59Z | 2026-06-01T13:20:32Z | 2026-06-08T13:20:12Z"
"PA","Pennsylvania","024560a2-4ce0-4675-a8ba-7f11d2ad5cf0","Lori Cockley DDS","-76.9842788197513","39.9394705737162","dentist","","418 W King St","East Berlin","17316","PA","US","(717) 259-9596","","http://www.eastberlinsmiles.com","","","0.9199122190475464","open","4","Foursquare | Overture | Overture-signals","Apache-2.0 | CDLA-Permissive-2.0","2025-08-22T00:00:00.000 | 2026-06-11T11:57:15Z | 2026-05-12T00:29:08Z | 2026-05-18T13:23:54Z | 2026-05-25T13:08:59Z | 2026-06-01T13:20:32Z | 2026-06-08T13:20:12Z"
"PA","Pennsylvania","0280fcca-43ec-4ebf-9157-5eccada0d6ea","Muth and Mumma Dental Lab","-76.777039","40.327978","dentist","health_and_medical | laboratory_testing","6360 Flank Dr","Harrisburg","17112-2766","PA","US","+17176576251","","http://www.dentalservices.net/","https://www.facebook.com/154252774612687","Davis Dental Laboratory","0.9398978352546692","","1","meta | Overture","CDLA-Permissive-2.0","2026-04-27T00:00:00.000Z | 2026-06-11T11:57:15Z"
"PA","Pennsylvania","0293fbb6-4c43-4dae-9970-b03a9729f982","Verber Dental East","-76.813944","40.305643","dentist","health_and_medical","4601 Devonshire Rd","Harrisburg","17109","PA","US","7172886109","","https://www.verberdentaleast.com/","","","0.9902192950248718","open","7","Microsoft | Overture | Overture-signals","CDLA-Permissive-2.0","2023-11-06T20:23:16.370Z | 2026-06-11T11:57:15Z | 2026-05-12T00:29:08Z | 2026-05-18T13:23:54Z | 2026-05-25T13:08:59Z | 2026-06-01T13:20:32Z | 2026-06-08T13:20:12Z"
"PA","Pennsylvania","02bad4fc-5e4a-4f14-a701-4f528dce855e","Andrew Mack","-76.85105489","41.65440203","dentist","family_practice | health_and_medical","31 E Main St","Canton","17724-1506","PA","US","+15706738833","","","https://www.facebook.com/1209799202372136","","0.9199122190475464","open","6","meta | Overture | Overture-signals","CDLA-Permissive-2.0","2026-04-27T00:00:00.000Z | 2026-06-11T11:57:15Z | 2026-05-12T00:29:08Z | 2026-05-18T13:23:54Z | 2026-05-25T13:08:59Z | 2026-06-01T13:20:32Z | 2026-06-08T13:20:12Z"
"PA","Pennsylvania","02bdab21-9efd-4ec1-83b7-11f568e36888","G. L. Hamm III, DDS","-76.84746933","40.003848","dentist","general_dentistry | doctor","74 E Canal St","Dover","17315-1502","PA","US","+17172921081","","","https://www.facebook.com/266421176728138","","0.9199122190475464","open","7","meta | Overture | Overture-signals","CDLA-Permissive-2.0","2026-04-27T00:00:00.000Z | 2026-06-11T11:57:15Z | 2026-05-12T00:29:08Z | 2026-05-18T13:23:54Z | 2026-05-25T13:08:59Z | 2026-06-01T13:20:32Z | 2026-06-08T13:20:12Z"
"PA","Pennsylvania","02de6d45-7b35-405c-9b67-42689a38f346","Dr. Charles Musto, Dmd","-75.8809491351312","41.2772216371703","dentist","","920 Wyoming Ave Ste 203","Kingston","18704","PA","US","(570) 283-3611","","http://drmusto.com","https://www.facebook.com/143668079013498","","0.77","","5","Foursquare | Overture","Apache-2.0 | CDLA-Permissive-2.0","2025-08-22T00:00:00.000 | 2026-06-11T11:57:15Z"
"PA","Pennsylvania","02f6fb11-4b7a-4765-827b-feea31399341","Howland Family Dental","-75.72117783","40.82576139","dentist","general_dentistry | family_practice","432 S 9th St","Lehighton","18235-1812","PA","US","+16103775676","frontdesk@howlandfamilydental.com","http://www.howlandfamilydental.com/","https://www.facebook.com/147490601963079","Howland Family Dental","0.9199122190475464","open","9","meta | Overture | Overture-signals","CDLA-Permissive-2.0","2026-04-27T00:00:00.000Z | 2026-06-11T11:57:15Z | 2026-05-12T00:29:08Z | 2026-05-18T13:23:54Z | 2026-05-25T13:08:59Z | 2026-06-01T13:20:32Z | 2026-06-08T13:20:12Z"
"PA","Pennsylvania","02faeb55-2b0d-4383-82f2-4d785230c769","Family Dentist Bucks County","-75.0455608963966","40.1621202781412","dentist","","950 Industrial Blvd","Southampton","18966","PA","US","(267) 392-2831","","https://dentalbeautypa.com","https://www.twitter.com/bucksdentist","","0.9199122190475464","open","4","Foursquare | Overture | Overture-signals","Apache-2.0 | CDLA-Permissive-2.0","2021-04-12T00:00:00.000 | 2026-06-11T11:57:15Z | 2026-05-12T00:29:08Z | 2026-05-18T13:23:54Z | 2026-05-25T13:08:59Z | 2026-06-01T13:20:32Z | 2026-06-08T13:20:12Z"
"PA","Pennsylvania","02fc48ef-c3a1-4df6-a9bc-ba9945ec4925","Jennifer LYNN Germanoski","-80.1484281822831","41.7201941035025","dentist","","435 Main St","Saegertown","16433","PA","US","(814) 763-4811","","https://www.germanoskifamilydentistry.com","","","0.9199122190475464","open","4","Foursquare | Overture | Overture-signals","Apache-2.0 | CDLA-Permissive-2.0","2025-08-22T00:00:00.000 | 2026-06-11T11:57:15Z | 2026-05-12T00:29:08Z | 2026-05-18T13:23:54Z | 2026-05-25T13:08:59Z | 2026-06-01T13:20:32Z | 2026-06-08T13:20:12Z"
"PA","Pennsylvania","030361b0-aa0b-4003-8e76-daf16ade65ea","Smiles on Broadway of Hanover","-76.98153808","39.8029987","dentist","general_dentistry","214 Broadway","Hanover","17331-2575","PA","US","+17176372255","info@smilesonbroadwayhanover.com","http://dentisthanoverpa.com/contact-us/","https://www.facebook.com/185010814968310","","0.9199122190475464","open","9","meta | Overture | Overture-signals","CDLA-Permissive-2.0","2026-04-27T00:00:00.000Z | 2026-06-11T11:57:15Z | 2026-05-12T00:29:08Z | 2026-05-18T13:23:54Z | 2026-05-25T13:08:59Z | 2026-06-01T13:20:32Z | 2026-06-08T13:20:12Z"
"PA","Pennsylvania","0312983a-5842-4caf-bba4-59d11e7aa85b","Magic Dental Systems","-75.1033419254343","39.9854982214282","dentist","","2601 E Allegheny Ave","Philadelphia","19134","PA","US","(215) 423-3160","","http://dentalonepartners.com","","","0.77","","5","Foursquare | Overture","Apache-2.0 | CDLA-Permissive-2.0","2025-07-15T00:00:00.000 | 2026-06-11T11:57:15Z"
"PA","Pennsylvania","031c8960-f904-4bf4-86e0-426267dc3b66","Manheim Dental PC","-76.39181","40.166032","dentist","health_and_medical | hospital","212 E High St","Manheim","17545-1516","PA","US","+17176652440","","http://manheimdental.placeweb.site","https://www.facebook.com/158354424197789","","0.6343573331832886","","10","meta | Overture","CDLA-Permissive-2.0","2026-04-27T00:00:00.000Z | 2026-06-11T11:57:15Z"
"PA","Pennsylvania","031e801d-1c75-4d23-9857-bda372a2516f","Barry L. Bupp DMD","-79.554525","40.299362","dentist","pediatric_dentist | doctor","530 South St","Greensburg","15601-2775","PA","US","+17248373318","","","https://www.facebook.com/116545518407097","","0.6156339049339294","","9","meta | Overture","CDLA-Permissive-2.0","2026-04-27T00:00:00.000Z | 2026-06-11T11:57:15Z"
"PA","Pennsylvania","0331b128-1617-4b10-9e21-f26b5c7842d5","Richard D. Troxler","-76.98188763","41.25359509","dentist","general_dentistry | doctor","1195 Sheridan St","Williamsport","17701-3738","PA","US","+15703267084","","","https://www.facebook.com/154786877893790","","0.9199122190475464","open","7","meta | Overture | Overture-signals","CDLA-Permissive-2.0","2026-04-27T00:00:00.000Z | 2026-06-11T11:57:15Z | 2026-05-12T00:29:08Z | 2026-05-18T13:23:54Z | 2026-05-25T13:08:59Z | 2026-06-01T13:20:32Z | 2026-06-08T13:20:12Z"
"PA","Pennsylvania","034e5fe1-975c-4cf0-8a7d-a1f8c11a7cc7","Kilareski Orthodontics","-75.297526","40.833849","dentist","orthodontist | medical_service_organizations","6695 Sullivan Trl","Wind Gap","18091-9790","PA","US","+16106543300","","http://kilareskiorthodontics.com","https://www.facebook.com/100373333645858","","0.9714752435684204","","8","meta | Overture","CDLA-Permissive-2.0","2026-04-27T00:00:00.000Z | 2026-06-11T11:57:15Z"
"PA","Pennsylvania","03505203-d2fd-4857-a682-52c1b96281cf","Bright Dental Practice & Implant Center","-75.38571694","40.66686557","dentist","general_dentistry | cosmetic_dentist","3740 Fairview St","Bethlehem","18017-9419","PA","US","+16103172400","info@brightdentalpa.com","http://www.brightdentalpa.com/","https://www.facebook.com/116353658375024","","0.9722161889076233","open","11","meta | Overture | Overture-signals","CDLA-Permissive-2.0","2026-04-27T00:00:00.000Z | 2026-06-11T11:57:15Z | 2026-06-08T13:20:12Z"
"PA","Pennsylvania","035b040d-d1f7-4886-818e-00eca0f06618","Aspen Dental","-77.0063527968463","40.2477474083099","dentist","","6416 Carlisle Pike","Mechanicsburg","17050","PA","US","(717) 547-9969","","https://www.aspendental.com/dentist/pa/mechanicsburg/6416-carlisle-pike-500","","","0.9199122190475464","open","4","Foursquare | Overture | Overture-signals","Apache-2.0 | CDLA-Permissive-2.0","2025-08-22T00:00:00.000 | 2026-06-11T11:57:15Z | 2026-05-12T00:29:08Z | 2026-05-18T13:23:54Z | 2026-05-25T13:08:59Z | 2026-06-01T13:20:32Z | 2026-06-08T13:20:12Z"
"PA","Pennsylvania","0384cea2-fd87-48c2-a88b-b9589b20ab83","Cole Orthodontic","-78.7628265236201","41.1217204855065","dentist","","190 W Park Ave","Du Bois","15801","PA","US","(814) 375-1083","","http://colesmiles.net","https://www.facebook.com/109733912442429","","0.9199122190475464","open","4","Foursquare | Overture | Overture-signals","Apache-2.0 | CDLA-Permissive-2.0","2022-07-04T00:00:00.000 | 2026-06-11T11:57:15Z | 2026-05-12T00:29:08Z | 2026-05-18T13:23:54Z | 2026-05-25T13:08:59Z | 2026-06-01T13:20:32Z | 2026-06-08T13:20:12Z"
"PA","Pennsylvania","03861562-269c-4f3b-b404-2a28194d65c7","Dr. James P. Harmon, DDS","-76.3196765490457","40.0399505295182","dentist","","649 W Chestnut St","Lancaster","17603","PA","US","(717) 394-0043","","http://www.jamespharmondds.com","https://www.facebook.com/104512252948548","","0.77","","5","Foursquare | Overture","Apache-2.0 | CDLA-Permissive-2.0","2022-03-16T00:00:00.000 | 2026-06-11T11:57:15Z"
"PA","Pennsylvania","038c2c52-2c18-4ab1-b354-e79934534824","Modern Dental Associates","-79.52653749","40.29182342","dentist","cosmetic_dentist | general_dentistry","1040 Towne Square Dr","Greensburg","15601-5769","PA","US","+17248363368","greensburg@moderndentalpa.com","http://moderndentalpa.com/","https://www.facebook.com/300099900048533","","0.9199122190475464","open","10","meta | Overture | Overture-signals","CDLA-Permissive-2.0","2026-04-27T00:00:00.000Z | 2026-06-11T11:57:15Z | 2026-05-12T00:29:08Z | 2026-05-18T13:23:54Z | 2026-05-25T13:08:59Z | 2026-06-01T13:20:32Z | 2026-06-08T13:20:12Z"
"PA","Pennsylvania","03944b4c-9852-4046-a3fd-7f7d613c5fe1","Bedford Dental Health Center","-78.50317953","40.01425861","dentist","general_dentistry | health_and_medical","403 S Juliana St","Bedford","15522-1825","PA","US","+18145594816","bedforddentalhc@mydentalmail.com","http://www.bedfordpasmiles.com/","https://www.facebook.com/1814589095477617","Dental Health Society online","0.9199122190475464","open","8","meta | Overture | Overture-signals","CDLA-Permissive-2.0","2026-04-27T00:00:00.000Z | 2026-06-11T11:57:15Z | 2026-05-12T00:29:08Z | 2026-05-18T13:23:54Z | 2026-05-25T13:08:59Z | 2026-06-01T13:20:32Z | 2026-06-08T13:20:12Z"
"PA","Pennsylvania","03c8a1c3-aec1-4d41-90c0-af3ac0f5c448","The Schiff & Moniz Dental Group","-75.21358187","40.09503978","dentist","general_dentistry | health_and_medical","813 Bethlehem Pike","Glenside","19038-8100","PA","US","+12154340049","schiffdental@gmail.com","http://www.theschiffdentalgroup.com/","https://www.facebook.com/451092238244608","Schiff & Moniz Dental Group","0.9902192950248718","open","8","meta | Overture | Overture-signals","CDLA-Permissive-2.0","2026-04-27T00:00:00.000Z | 2026-06-11T11:57:15Z | 2026-05-12T00:29:08Z | 2026-05-18T13:23:54Z | 2026-05-25T13:08:59Z | 2026-06-01T13:20:32Z | 2026-06-08T13:20:12Z"
"PA","Pennsylvania","03da1361-f33d-4aab-af19-cc044c7baa2b","Christmas City Dentistry","-75.3459095","40.67383603","dentist","general_dentistry | medical_service_organizations","3859 Nazareth Pike","Bethlehem","18020","PA","US","+16104190088","office@christmascitydentistry.com","http://www.christmascitydentistry.com/","https://www.facebook.com/213157061882503","Keystone Dentistry","0.9199122190475464","open","8","meta | Overture | Overture-signals","CDLA-Permissive-2.0","2026-04-27T00:00:00.000Z | 2026-06-11T11:57:15Z | 2026-05-12T00:29:08Z | 2026-05-18T13:23:54Z | 2026-05-25T13:08:59Z | 2026-06-01T13:20:32Z | 2026-06-08T13:20:12Z"
"PA","Pennsylvania","03dee3e8-ea15-421a-8e7c-636cd857a42d","Washington Family Dental Care","-80.22140708","40.18869404","dentist","cosmetic_dentist | health_and_medical","10 Old Mill Blvd","South Strabane Twp","15301-6738","PA","US","+17248355332","","https://washingtonfamilydentalcare.com/","https://www.facebook.com/404502259746368","Dental Health Society online","0.9902192950248718","open","8","meta | Overture | Overture-signals","CDLA-Permissive-2.0","2026-04-27T00:00:00.000Z | 2026-06-11T11:57:15Z | 2026-05-12T00:29:08Z | 2026-05-18T13:23:54Z | 2026-05-25T13:08:59Z | 2026-06-01T13:20:32Z | 2026-06-08T13:20:12Z"
"PA","Pennsylvania","03e10466-6d39-4f02-be88-4046aa037e56","Stephen A Maniaci DDS","-75.987642","40.341113","dentist","doctor | medical_service_organizations","320 Abington Dr","Reading","19610-1898","PA","US","+16106785858","maniacidds@gmail.com","http://stephenmaniacidds.com/","https://www.facebook.com/860657744010343","","0.9199122190475464","open","9","meta | Overture | Overture-signals","CDLA-Permissive-2.0","2026-04-27T00:00:00.000Z | 2026-06-11T11:57:15Z | 2026-05-12T00:29:08Z | 2026-05-18T13:23:54Z | 2026-05-25T13:08:59Z | 2026-06-01T13:20:32Z | 2026-06-08T13:20:12Z"
"PA","Pennsylvania","041503df-ff12-4f5f-9586-6bfd9fa6ec80","Carl Jenkins Dentistry","-76.86338697","41.08409453","dentist","cosmetic_dentist | general_dentistry","315 Main St","Watsontown","17777-1618","PA","US","+15705385005","","http://www.smilesbyjenkins.com/","https://www.facebook.com/600579196704577","Carl Jenkins Dentistry","0.9952698349952698","","8","meta | Overture","CDLA-Permissive-2.0","2026-04-27T00:00:00.000Z | 2026-06-11T11:57:15Z"
"PA","Pennsylvania","04360645-8676-4862-acbc-e3282549092e","Brandes Deborah A DDS","-79.94027511","40.32916905","dentist","pediatric_dentist | health_and_medical","500 N Lewis Run Rd","Pleasant Hills","15122-3009","PA","US","+14124699400","","https://brandes-deborah-a-dmd.hub.biz/","https://www.facebook.com/134625629921871","","0.9199122190475464","open","7","meta | Overture | Overture-signals","CDLA-Permissive-2.0","2026-04-27T00:00:00.000Z | 2026-06-11T11:57:15Z | 2026-05-12T00:29:08Z | 2026-05-18T13:23:54Z | 2026-05-25T13:08:59Z | 2026-06-01T13:20:32Z | 2026-06-08T13:20:12Z"
"PA","Pennsylvania","04453488-ef03-401f-bba3-df680226dfa7","Ashby And Kearns Pediatric Dental Office","-76.968723747051","40.2261436909523","dentist","","4840 E Trindle Rd","Mechanicsburg","17050","PA","US","(717) 737-5834","","http://kidsdentaloffice.com","","","0.9902192950248718","open","4","Foursquare | Overture | Overture-signals","Apache-2.0 | CDLA-Permissive-2.0","2025-08-22T00:00:00.000 | 2026-06-11T11:57:15Z | 2026-05-12T00:29:08Z | 2026-05-18T13:23:54Z | 2026-05-25T13:08:59Z | 2026-06-01T13:20:32Z | 2026-06-08T13:20:12Z"
"PA","Pennsylvania","0449d405-e8b5-4415-a27e-c88689045048","Susan E. Rink, DMD","-75.73585243","41.53528557","dentist","health_and_medical | medical_service_organizations","112 N Turnpike Rd","Dalton","18414-9131","PA","US","+15705632568","suerinkdmd@frontier.com","http://rinkdental.com/","https://www.facebook.com/917384374966887","","0.9199122190475464","open","7","meta | Overture | Overture-signals","CDLA-Permissive-2.0","2026-04-27T00:00:00.000Z | 2026-06-11T11:57:15Z | 2026-05-12T00:29:08Z | 2026-05-18T13:23:54Z | 2026-05-25T13:08:59Z | 2026-06-01T13:20:32Z | 2026-06-08T13:20:12Z"
"PA","Pennsylvania","044c29a1-c9b7-4cb2-9354-92fb547a5978","Jeffrey R Wert & Associates","-75.3085060363484","41.0423522987534","dentist","","2796 Route 611","Tannersville","18372","PA","US","(570) 629-1570","drwert@ptd.net","https://www.drwert.com","","","0.9199122190475464","open","5","Foursquare | Overture | Overture-signals","Apache-2.0 | CDLA-Permissive-2.0","2025-12-09T00:00:00.000 | 2026-06-11T11:57:15Z | 2026-05-12T00:29:08Z | 2026-05-18T13:23:54Z | 2026-05-25T13:08:59Z | 2026-06-01T13:20:32Z | 2026-06-08T13:20:12Z"
"PA","Pennsylvania","0457ba8c-1b49-4c8b-9817-c1ff8d36cc25","Dan Casullo Dentist","-75.1662510143564","39.9505213640359","dentist","","","Philadelphia","19102","PA","US","(215) 564-0717","","http://yjparkdental.com","","","0.77","","3","Foursquare | Overture","Apache-2.0 | CDLA-Permissive-2.0","2025-10-17T00:00:00.000 | 2026-06-11T11:57:15Z"
"PA","Pennsylvania","045cda9c-eaf5-4cac-864d-905fefd88b43","Beautiful Healthy Smiles","-80.058803","40.632759","dentist","health_and_medical","11676 Perry Hwy Ste 1202","Wexford","15090","PA","US","7249350160","","","","","0.85","","7","Microsoft | Overture","CDLA-Permissive-2.0","2018-08-17T13:26:35.497Z | 2026-06-11T11:57:15Z"
"PA","Pennsylvania","04643f97-545a-4582-954f-566dc4e24d8f","Dr Steven Melman and Associates","-75.2405963364759","40.0056289831984","dentist","","141 Montgomery Ave","Bala Cynwyd","19004","PA","US","(610) 664-7795","","http://www.stevenmelmandmd.com","","","0.9199122190475464","open","4","Foursquare | Overture | Overture-signals","Apache-2.0 | CDLA-Permissive-2.0","2025-08-22T00:00:00.000 | 2026-06-11T11:57:15Z | 2026-05-12T00:29:08Z | 2026-05-18T13:23:54Z | 2026-05-25T13:08:59Z | 2026-06-01T13:20:32Z | 2026-06-08T13:20:12Z"
"PA","Pennsylvania","046e9b8a-d717-4060-87a4-0413e5dbd5e2","Carpinello Orthodontics","-75.3243319617198","39.9544030153643","dentist","","1041 Pontiac Rd","Drexel Hill","19026","PA","US","(610) 446-6004","info@theplacetobrace.com","http://theplacetobrace.com","https://www.twitter.com/drpaulcarp | https://www.facebook.com/186469118660678","","0.9902192950248718","open","4","Foursquare | Overture | Overture-signals","Apache-2.0 | CDLA-Permissive-2.0","2026-04-13T00:00:00.000 | 2026-06-11T11:57:15Z | 2026-05-12T00:29:08Z | 2026-05-18T13:23:54Z | 2026-05-25T13:08:59Z | 2026-06-01T13:20:32Z | 2026-06-08T13:20:12Z"
"PA","Pennsylvania","0493bf79-8556-42ad-a6b5-0eb4970d4a10","Oral & Maxillofacial Surgery Innovations","-76.805368","40.280686","dentist","hospital | medical_service_organizations","4700 Union Deposit Rd","Harrisburg","17111-3774","PA","US","+17179090530","www.info@omsillp.com","http://www.omsillp.com/","https://www.facebook.com/262292813945432","Oral and Maxillofacial Surgery Innovations","0.9199122190475464","open","7","meta | Overture | Overture-signals","CDLA-Permissive-2.0","2026-04-27T00:00:00.000Z | 2026-06-11T11:57:15Z | 2026-05-12T00:29:08Z | 2026-05-18T13:23:54Z | 2026-05-25T13:08:59Z | 2026-06-01T13:20:32Z | 2026-06-08T13:20:12Z"
"PA","Pennsylvania","04af74af-7014-4878-a2ba-4a15787db08b","Oral Surgery Consultants Of PA","-75.2945490464754","39.9282912833335","dentist","","151 S Springfield Rd","Clifton Heights","19018","PA","US","","","http://www.oralsurgerypa.com","https://www.facebook.com/157304607634675","","0.77","","5","Foursquare | Overture","Apache-2.0 | CDLA-Permissive-2.0","2025-08-22T00:00:00.000 | 2026-06-11T11:57:15Z"
"PA","Pennsylvania","04c15f04-8c68-44ae-91dc-185d70820ace","Dreisbach Leslee R DMD","-75.50842426","40.60134105","dentist","general_dentistry","2250 W Allen St","Allentown","18104-4363","PA","US","+16104352610","","","https://www.facebook.com/147669688610801","","0.9199122190475464","open","7","meta | Overture | Overture-signals","CDLA-Permissive-2.0","2026-04-27T00:00:00.000Z | 2026-06-11T11:57:15Z | 2026-05-12T00:29:08Z | 2026-05-18T13:23:54Z | 2026-05-25T13:08:59Z | 2026-06-01T13:20:32Z | 2026-06-08T13:20:12Z"
"PA","Pennsylvania","04d23444-7357-4e9b-aabe-32b3eca0346e","Uptown Family Dentistry","-76.89998981","40.28793068","dentist","general_dentistry","2626 N 3rd St","Harrisburg","17110-2044","PA","US","+17172325600","yogiparikh@aol.com","http://uptownfamilydentistryhbg.com","https://www.facebook.com/105371214556343","","0.934769332408905","","9","meta | Overture","CDLA-Permissive-2.0","2026-04-27T00:00:00.000Z | 2026-06-11T11:57:15Z"
"PA","Pennsylvania","04e0abc2-e43a-4c41-a2fd-8634d83af1aa","Younkins & Associates","-77.85894542","40.79458592","dentist","general_dentistry","137 S Pugh St","State College","16801-4734","PA","US","+18142385252","dryounkins@gmail.com","http://dryounkins.com/","https://www.facebook.com/524243450919929","","0.9904656410217285","","9","meta | Overture","CDLA-Permissive-2.0","2026-04-27T00:00:00.000Z | 2026-06-11T11:57:15Z"
"PA","Pennsylvania","0500a3a5-ae41-4da1-a749-63a1efa9e61b","Family Dentistry of Morgantown","-75.884986","40.156713","dentist","endodontist | doctor","3411 E Main St","Morgantown","19543-7748","PA","US","+16102860312","info@smilemorgantown.com","http://www.smilemorgantown.com/","https://www.facebook.com/206149516448895","Family Dentistry of Morgantown","0.9199122190475464","open","8","meta | Overture | Overture-signals","CDLA-Permissive-2.0","2026-04-27T00:00:00.000Z | 2026-06-11T11:57:15Z | 2026-05-12T00:29:08Z | 2026-05-18T13:23:54Z | 2026-05-25T13:08:59Z | 2026-06-01T13:20:32Z | 2026-06-08T13:20:12Z"
"PA","Pennsylvania","051e5578-9a2e-41df-9d89-827f4428cb5d","Skylaserdental","-75.06577465","40.11916767","dentist","general_dentistry | cosmetic_dentist","2344 Philmont Ave","Huntingdon Valley","19006-6228","PA","US","+12675712483","lb.skylaserdental@gmail.com","http://Skylaserdental.com/","https://www.facebook.com/110440323680761","","0.9199122190475464","open","10","meta | Overture | Overture-signals","CDLA-Permissive-2.0","2026-04-27T00:00:00.000Z | 2026-06-11T11:57:15Z | 2026-05-12T00:29:08Z | 2026-05-18T13:23:54Z | 2026-05-25T13:08:59Z | 2026-06-01T13:20:32Z | 2026-06-08T13:20:12Z"
"PA","Pennsylvania","056e4000-72f2-4790-b089-57844bb88bfb","Rittenhouse Dentists","-75.21698297","40.00697022","dentist","general_dentistry | health_and_medical","333 E City Ave","Lower Merion Twp","19004-1500","PA","US","+16106646115","","https://rittenhousedentists.com/","https://www.facebook.com/134292907349812","Rittenhouse Dentists","0.9902192950248718","open","9","meta | Overture | Overture-signals","CDLA-Permissive-2.0","2026-04-27T00:00:00.000Z | 2026-06-11T11:57:15Z | 2026-05-12T00:29:08Z | 2026-05-18T13:23:54Z | 2026-05-25T13:08:59Z | 2026-06-01T13:20:32Z | 2026-06-08T13:20:12Z"
"PA","Pennsylvania","05758822-d4ec-47bd-972f-2d68828904b8","Dental Care of Lancaster","-76.31956701","40.07389992","dentist","general_dentistry | medical_service_organizations","1891 Fruitville Pike","Lancaster","17601-4011","PA","US","+17175694246","","http://smilebuilderz.com","https://www.facebook.com/148402888564716","","0.9722161889076233","","8","meta | Overture","CDLA-Permissive-2.0","2026-04-27T00:00:00.000Z | 2026-06-11T11:57:15Z"
"PA","Pennsylvania","0578fc3d-5930-4ca1-972b-e13aa11264eb","Aesthetic Dental Arts, PC","-76.6804773588039","39.9721081761537","dentist","","2340 Eastern Blvd","York","17402","PA","US","(717) 755-4143","aestheticdentalartspc@yahoo.com","http://www.aestheticdentalarts.com","https://www.twitter.com/dentalartspa | https://www.facebook.com/107522926006918","","0.9199122190475464","open","4","Foursquare | Overture | Overture-signals","Apache-2.0 | CDLA-Permissive-2.0","2023-12-21T00:00:00.000 | 2026-06-11T11:57:15Z | 2026-05-12T00:29:08Z | 2026-05-18T13:23:54Z | 2026-05-25T13:08:59Z | 2026-06-01T13:20:32Z | 2026-06-08T13:20:12Z"
"PA","Pennsylvania","058cff3d-63c0-4f65-a99c-ee438a077df6","Newell John H DMD MDS","-79.6657251459184","40.4251278360454","dentist","","4750 Old William Penn Hwy","Murrysville","15668","PA","US","(724) 327-8080","mattthelad@hotmail.com","http://www.drjohnnewell.com","","","0.77","","5","Foursquare | Overture","Apache-2.0 | CDLA-Permissive-2.0","2025-08-22T00:00:00.000 | 2026-06-11T11:57:15Z"
"PA","Pennsylvania","059b4f1b-7499-4e41-a6e8-70df4a8681a6","Creating Smiles","-76.30298372","41.04233348","dentist","flowers_and_gifts_shop | eyewear_and_optician","7416 Columbia Blvd","Berwick","18603-5759","PA","US","+15705200990","","","https://www.facebook.com/114343379251069","","0.9199122190475464","open","9","meta | Overture | Overture-signals","CDLA-Permissive-2.0","2026-04-27T00:00:00.000Z | 2026-06-11T11:57:15Z | 2026-05-12T00:29:08Z | 2026-05-18T13:23:54Z | 2026-05-25T13:08:59Z | 2026-06-01T13:20:32Z | 2026-06-08T13:20:12Z"
"PA","Pennsylvania","05b67a15-a118-4af6-b4bd-b26795915e2a","Apple Family Dentistry","-75.24906783","40.22196234","dentist","medical_service_organizations | pediatric_dentist","275 Dekalb Pike","Montgomery Twp","19454-1807","PA","US","+12156993700","","https://www.carecredit.com/.../Apple-Family-Dentistry-PC","https://www.facebook.com/120599544681895","","0.9902192950248718","open","8","meta | Overture | Overture-signals","CDLA-Permissive-2.0","2026-04-27T00:00:00.000Z | 2026-06-11T11:57:15Z | 2026-05-12T00:29:08Z | 2026-05-18T13:23:54Z | 2026-05-25T13:08:59Z | 2026-06-01T13:20:32Z | 2026-06-08T13:20:12Z"
"PA","Pennsylvania","05bb9b5b-0283-4db5-a8a0-16e8ba7dcba5","Dodd William a DDS","-75.16812334","39.94967232","dentist","general_dentistry","1608 Walnut St","Philadelphia","19103-5407","PA","US","+12159851722","","","https://www.facebook.com/109448221233444","","0.9199122190475464","open","7","meta | Overture | Overture-signals","CDLA-Permissive-2.0","2026-04-27T00:00:00.000Z | 2026-06-11T11:57:15Z | 2026-05-12T00:29:08Z | 2026-05-18T13:23:54Z | 2026-05-25T13:08:59Z | 2026-06-01T13:20:32Z | 2026-06-08T13:20:12Z"
"PA","Pennsylvania","05e0ec6d-a7e7-4077-b8bf-737339fd3cff","Mirtaj Joseph A Dentist","-75.3087394060297","40.3584625723785","dentist","","55 N Main St","Sellersville","18960","PA","US","(215) 257-4447","","http://www.mirtajdmd.com","","","0.9199122190475464","open","4","Foursquare | Overture | Overture-signals","Apache-2.0 | CDLA-Permissive-2.0","2025-07-15T00:00:00.000 | 2026-06-11T11:57:15Z | 2026-05-12T00:29:08Z | 2026-05-18T13:23:54Z | 2026-05-25T13:08:59Z | 2026-06-01T13:20:32Z | 2026-06-08T13:20:12Z"
"PA","Pennsylvania","05f7ecc4-cee4-46e6-9f08-f85c67f81a83","Burkholder Ronald J DDS","-75.03057198","40.13844048","dentist","general_dentistry | doctor","3736 Pine Rd","Huntingdon Valley","19006-3007","PA","US","+12159470240","","http://www.drbuschmann.com/","https://www.facebook.com/435054203315608","","0.9199122190475464","open","8","meta | Overture | Overture-signals","CDLA-Permissive-2.0","2026-04-27T00:00:00.000Z | 2026-06-11T11:57:15Z | 2026-05-12T00:29:08Z | 2026-05-18T13:23:54Z | 2026-05-25T13:08:59Z | 2026-06-01T13:20:32Z | 2026-06-08T13:20:12Z"
"PA","Pennsylvania","0606e683-c695-4be8-b34d-6a211a839a56","North Pittsburgh Oral Surgery","-80.0248287688471","40.5759526427019","dentist","","9380 McKnight Rd","Pittsburgh","15237","PA","US","(412) 367-3222","info@nposa.com","http://www.northpittsburghoralsurgery.com","","","0.9902192950248718","open","4","Foursquare | Overture | Overture-signals","Apache-2.0 | CDLA-Permissive-2.0","2025-08-22T00:00:00.000 | 2026-06-11T11:57:15Z | 2026-05-12T00:29:08Z | 2026-05-18T13:23:54Z | 2026-05-25T13:08:59Z | 2026-06-01T13:20:32Z | 2026-06-08T13:20:12Z"
"PA","Pennsylvania","0612a08b-0e75-4137-bab0-5775151d262e","Howells Richard C DDS","-78.46484826","40.0179892","dentist","general_dentistry | doctor","9510 Lincoln Hwy","Snake Spring Twp","15522-3760","PA","US","+18146238484","orthodontics01@verizon.net","http://www.centralpasmiles.com","https://www.facebook.com/148930035219189","Reed & Sahlaney Orthodontics","0.8942696452140808","","4","meta | Overture","CDLA-Permissive-2.0","2026-04-27T00:00:00.000Z | 2026-06-11T11:57:15Z"
"PA","Pennsylvania","0619ba20-c22c-497b-bf9d-477fdfe90a9f","Rebecca L. Pounds Szwalek, DDS","-79.9993462680738","40.437036795997","dentist","","425 1st Ave, Fl 3","Pittsburgh","15219","PA","US","(412) 261-2500","drpounds@pittsburghdentalarts.com","http://cherrywaydental.com","https://www.facebook.com/297513352436","","0.9199122190475464","open","4","Foursquare | Overture | Overture-signals","Apache-2.0 | CDLA-Permissive-2.0","2020-09-28T00:00:00.000 | 2026-06-11T11:57:15Z | 2026-05-12T00:29:08Z | 2026-05-18T13:23:54Z | 2026-05-25T13:08:59Z | 2026-06-01T13:20:32Z | 2026-06-08T13:20:12Z"
"PA","Pennsylvania","062933f6-10ec-4e9a-94a1-346e12759f35","Salvatore J Infantino DMD","-75.79311726","41.31019324","dentist","general_dentistry | health_and_medical","795 S Township Blvd","Pittston","18640-3325","PA","US","+15706551400","violet@smilesbyinfantino.com","https://www.smilesbyinfantino.com/","https://www.facebook.com/140773605961024","","0.9199122190475464","open","8","meta | Overture | Overture-signals","CDLA-Permissive-2.0","2026-04-27T00:00:00.000Z | 2026-06-11T11:57:15Z | 2026-05-12T00:29:08Z | 2026-05-18T13:23:54Z | 2026-05-25T13:08:59Z | 2026-06-01T13:20:32Z | 2026-06-08T13:20:12Z"
"PA","Pennsylvania","0632e861-c86e-4aa3-8e9d-a53350cfb969","Dr. Benjamin S. Schneider","-75.10506","40.180016","dentist","doctor | health_and_medical","122 N York Rd","Hatboro","19040-2617","PA","US","+12154435400","schneiderdental@gmail.com","http://Hatborodmd.com/","https://www.facebook.com/152537708580652","Dr. Benjamin S. Schneider","0.8328788876533508","","8","meta | Overture","CDLA-Permissive-2.0","2026-04-27T00:00:00.000Z | 2026-06-11T11:57:15Z"
"PA","Pennsylvania","0643ab3b-7cd0-420d-8f47-5e847ee7810a","Newport Family Dental LLC","-76.01026989","39.97701406","dentist","general_dentistry","91 Newport Rd","Gap","17527-9579","PA","US","+17174428264","newportfamilydental101@gmail.com","http://Www.Newportfamilydental.net/","https://www.facebook.com/105324495828374","","0.9199122190475464","open","7","meta | Overture | Overture-signals","CDLA-Permissive-2.0","2026-04-27T00:00:00.000Z | 2026-06-11T11:57:15Z | 2026-05-12T00:29:08Z | 2026-05-18T13:23:54Z | 2026-05-25T13:08:59Z | 2026-06-01T13:20:32Z | 2026-06-08T13:20:12Z"
"PA","Pennsylvania","064564d3-1912-4275-967a-ecbf8a7ec210","Schick Monica DMD","-75.8906426656847","40.4537468149979","dentist","","108 Plaza Dr Ste 102","Blandon","19510","PA","US","(610) 926-3226","smiledoc@ptd.net","http://www.monicaschickdmd.com","https://www.facebook.com/124138261082550","","0.9199122190475464","open","4","Foursquare | Overture | Overture-signals","Apache-2.0 | CDLA-Permissive-2.0","2025-08-22T00:00:00.000 | 2026-06-11T11:57:15Z | 2026-05-12T00:29:08Z | 2026-05-18T13:23:54Z | 2026-05-25T13:08:59Z | 2026-06-01T13:20:32Z | 2026-06-08T13:20:12Z"
"PA","Pennsylvania","06514d9c-e4af-481f-9ced-102309a41c7c","Gary C Mangieri DMD","-80.03497968","40.53006652","dentist","general_dentistry","800 Perry Hwy","Pittsburgh","15229-1116","PA","US","+14123660668","","http://www.mangieridental.com/","https://www.facebook.com/571698599671239","","0.9199122190475464","open","8","meta | Overture | Overture-signals","CDLA-Permissive-2.0","2026-04-27T00:00:00.000Z | 2026-06-11T11:57:15Z | 2026-05-12T00:29:08Z | 2026-05-18T13:23:54Z | 2026-05-25T13:08:59Z | 2026-06-01T13:20:32Z | 2026-06-08T13:20:12Z"
"PA","Pennsylvania","0652ee37-db8a-4527-8d33-431dc53258c6","Dr. Edward Roth","-76.64926825","39.88878369","dentist","hospital | doctor","745 S Pleasant Ave","Dallastown","17313-9239","PA","US","+17172444094","","www.healthgrades.com/dentist/dr-timothy-roenigk-x8l5p","https://www.facebook.com/161905373885954","","0.9199122190475464","open","6","meta | Overture | Overture-signals","CDLA-Permissive-2.0","2026-04-27T00:00:00.000Z | 2026-06-11T11:57:15Z | 2026-05-12T00:29:08Z | 2026-05-18T13:23:54Z | 2026-05-25T13:08:59Z | 2026-06-01T13:20:32Z | 2026-06-08T13:20:12Z"
"PA","Pennsylvania","06623bf4-e6ed-40cc-9d75-908339f9e665","MTI Dental","-75.81924","39.96169","dentist","health_and_medical | medical_service_organizations","131 Birch St","Coatesville","19320-4014","PA","US","+18003679290","info@mtidental.com","http://www.MTIDental.com/","https://www.facebook.com/421256221378929","","0.9199122190475464","open","6","meta | Overture | Overture-signals","CDLA-Permissive-2.0","2026-04-27T00:00:00.000Z | 2026-06-11T11:57:15Z | 2026-05-12T00:29:08Z | 2026-05-18T13:23:54Z | 2026-05-25T13:08:59Z | 2026-06-01T13:20:32Z | 2026-06-08T13:20:12Z"
"PA","Pennsylvania","06704b97-abcb-435b-bedc-b2de2662c11e","Dr. Lee J. Simon","-80.11218007","42.12127328","dentist","general_dentistry | doctor","410 Cranberry St","Erie","16507-1067","PA","US","+18144523442","","https://www.leesimondds.com/","https://www.facebook.com/417894588378373","","0.9902192950248718","open","8","meta | Overture | Overture-signals","CDLA-Permissive-2.0","2026-04-27T00:00:00.000Z | 2026-06-11T11:57:15Z | 2026-05-12T00:29:08Z | 2026-05-18T13:23:54Z | 2026-05-25T13:08:59Z | 2026-06-01T13:20:32Z | 2026-06-08T13:20:12Z"
"PA","Pennsylvania","067c81ba-8c0c-4949-bb4e-f382656cced1","HappyCare Dental","-75.43066726","39.82022979","dentist","general_dentistry | cosmetic_dentist","526 W Ridge Rd","Lower Chichester Twp","19061-4100","PA","US","+16104852414","","http://happycaredental.com","https://www.facebook.com/716139051853842","","0.9407244324684143","","9","meta | Overture","CDLA-Permissive-2.0","2026-04-27T00:00:00.000Z | 2026-06-11T11:57:15Z"
"PA","Pennsylvania","06813e9c-902b-4b38-9c94-f5aff93b6a7c","Fred Joseph Alba","-76.9872054619188","40.1939269816402","dentist","","116 Cumberland Pkwy","Mechanicsburg","17055","PA","US","(717) 697-6393","admin@albaorthodontics.com","http://www.albaorthodontics.com","https://www.facebook.com/158442920855215","","0.9199122190475464","open","4","Foursquare | Overture | Overture-signals","Apache-2.0 | CDLA-Permissive-2.0","2025-08-19T00:00:00.000 | 2026-06-11T11:57:15Z | 2026-05-12T00:29:08Z | 2026-05-18T13:23:54Z | 2026-05-25T13:08:59Z | 2026-06-01T13:20:32Z | 2026-06-08T13:20:12Z"
"PA","Pennsylvania","068e975c-489a-4a5b-953c-ecb6573521e1","Andorra Family Dentistry","-75.2398095","40.06962644","dentist","general_dentistry","8919 Ridge Ave","Philadelphia","19128-2035","PA","US","+12152676215","andorradental@gmail.com","https://www.andorradental.com/","https://www.facebook.com/2360086290978211","","0.9987500619888305","","8","meta | Overture","CDLA-Permissive-2.0","2026-04-27T00:00:00.000Z | 2026-06-11T11:57:15Z"
"PA","Pennsylvania","069b1e3c-fff8-4ffc-89a0-19a8e4dde833","Glendale Medical Center","-78.5347961139731","40.7477603444601","dentist","","850 Main St","Coalport","16627","PA","US","(814) 672-5141","","http://www.glendale-medical.com","","","0.9199122190475464","open","4","Foursquare | Overture | Overture-signals","Apache-2.0 | CDLA-Permissive-2.0","2024-03-02T00:00:00.000 | 2026-06-11T11:57:15Z | 2026-05-12T00:29:08Z | 2026-05-18T13:23:54Z | 2026-05-25T13:08:59Z | 2026-06-01T13:20:32Z | 2026-06-08T13:20:12Z"
"PA","Pennsylvania","069e36a6-32b2-4e35-b331-b7af270f0174","Robert S. Miggantz and Donna L. Labriola, DMD","-80.02193794","40.39534596","dentist","general_dentistry | health_and_medical","615 Brookline Blvd","Pittsburgh","15226-2003","PA","US","+14125630899","","http://familydentistrypittsburgh.com","https://www.facebook.com/159848700704434","","0.9199122190475464","open","7","meta | Overture | Overture-signals","CDLA-Permissive-2.0","2026-04-27T00:00:00.000Z | 2026-06-11T11:57:15Z | 2026-05-12T00:29:08Z | 2026-05-18T13:23:54Z | 2026-05-25T13:08:59Z | 2026-06-01T13:20:32Z | 2026-06-08T13:20:12Z"
"PA","Pennsylvania","06a38b42-28e4-466a-8ede-b647320334ad","Friedman, Grater & Sisler","-76.8231678723241","40.2909018535803","dentist","","4129 Locust Ln","Harrisburg","17109","PA","US","(717) 657-3326","","http://www.friedmangrater.com","","","0.9199122190475464","open","4","Foursquare | Overture | Overture-signals","Apache-2.0 | CDLA-Permissive-2.0","2026-01-09T00:00:00.000 | 2026-06-11T11:57:15Z | 2026-05-12T00:29:08Z | 2026-05-18T13:23:54Z | 2026-05-25T13:08:59Z | 2026-06-01T13:20:32Z | 2026-06-08T13:20:12Z"
"PA","Pennsylvania","06d2bf24-d284-48ae-9844-d1265e26d0d4","David J Sultanov DMD","-80.0456294174008","40.3796825547273","dentist","","750 Washington Rd Ste 1","Pittsburgh","15228","PA","US","(412) 563-7224","","http://www.pittsburghcosmeticdentist.net","","","0.9199122190475464","open","4","Foursquare | Overture | Overture-signals","Apache-2.0 | CDLA-Permissive-2.0","2024-08-07T00:00:00.000 | 2026-06-11T11:57:15Z | 2026-05-12T00:29:08Z | 2026-05-18T13:23:54Z | 2026-05-25T13:08:59Z | 2026-06-01T13:20:32Z | 2026-06-08T13:20:12Z"
"PA","Pennsylvania","06f05a2c-bd7d-4d1b-9bc4-5ff2b9643230","Upper Bucks Dental Arts: Kelly Halle Brown, D.M.D.","-75.4135929922206","40.4347774176042","dentist","","2100 Quaker Pointe Dr","Quakertown","18951","PA","US","(215) 538-4423","","https://www.upperbucksdentalarts.com","","","0.77","","5","Foursquare | Overture","Apache-2.0 | CDLA-Permissive-2.0","2025-05-29T00:00:00.000 | 2026-06-11T11:57:15Z"
"PA","Pennsylvania","06f42810-23e6-484a-b735-f146c34bd6a9","Pennsylvania Dental Implant & Oral Surgery Associates","-75.1439121","40.3034382","dentist","","103 Progress Dr Ste 102","Doylestown","18901","PA","US","(215) 938-7860","","https://www.penndios.com","https://www.facebook.com/417439874939266","","0.77","","5","Foursquare | Overture","Apache-2.0 | CDLA-Permissive-2.0","2024-06-03T00:00:00.000 | 2026-06-11T11:57:15Z"
"PA","Pennsylvania","070947d3-9413-42ac-8758-a1ceebdcda9d","Dental health associates","-76.3582799388707","40.0592823610471","dentist","","951 Rohrerstown Rd","Lancaster","17601","PA","US","(717) 394-9231","","http://dentalhealthassociates.net","","","0.9199122190475464","open","8","Foursquare | Overture | Overture-signals","Apache-2.0 | CDLA-Permissive-2.0","2024-04-11T00:00:00.000 | 2026-06-11T11:57:15Z | 2026-05-12T00:29:08Z | 2026-05-18T13:23:54Z | 2026-05-25T13:08:59Z | 2026-06-01T13:20:32Z | 2026-06-08T13:20:12Z"
"PA","Pennsylvania","071a9e37-55e8-4869-a44a-441f2245d3e9","Dental Solutions","-77.63415148","39.93378329","dentist","general_dentistry | medical_service_organizations","421 Phoenix Dr","Chambersburg","17201-4534","PA","US","+17172649275","eweiss1dmd@gmail.com","http://www.dental-solutions-pa.com/","https://www.facebook.com/197407560362015","Dental Solutions","0.9199122190475464","open","8","meta | Overture | Overture-signals","CDLA-Permissive-2.0","2026-04-27T00:00:00.000Z | 2026-06-11T11:57:15Z | 2026-05-12T00:29:08Z | 2026-05-18T13:23:54Z | 2026-05-25T13:08:59Z | 2026-06-01T13:20:32Z | 2026-06-08T13:20:12Z"
"PA","Pennsylvania","07279345-5029-40f4-be54-d2d78cee7cd9","Conshohocken Dental Group","-75.2883662991674","40.0953011512598","dentist","","200 W Ridge Pike","Conshohocken","19428","PA","US","(610) 828-3535","conshohockendg@gmail.com","http://www.conshohockendental.com","https://www.facebook.com/170832462948342","","0.77","","6","Foursquare | Overture","Apache-2.0 | CDLA-Permissive-2.0","2025-11-19T00:00:00.000 | 2026-06-11T11:57:15Z"
"PA","Pennsylvania","075cfc23-b8e9-482e-8bba-240d5fcf89d6","Dr. David Agia","-75.05647312","40.18260329","dentist","","57 Street Rd","Upper Southampton Twp","18966-3100","PA","US","+12153571180","agiadentalcare@gmail.com","","https://www.facebook.com/112296150627138","","0.7783945798873901","","9","meta | Overture","CDLA-Permissive-2.0","2026-04-27T00:00:00.000Z | 2026-06-11T11:57:15Z"
"PA","Pennsylvania","0769783c-8fb4-4ece-8d78-b56b31c1f423","Kulinski Dental","-79.75672543","41.41246765","dentist","","1763 Allegheny Blvd","Sugarcreek","16343","PA","US","+18146762705","","","https://www.facebook.com/102176278834073","","0.9199122190475464","open","6","meta | Overture | Overture-signals","CDLA-Permissive-2.0","2026-04-27T00:00:00.000Z | 2026-06-11T11:57:15Z | 2026-05-12T00:29:08Z | 2026-05-18T13:23:54Z | 2026-05-25T13:08:59Z | 2026-06-01T13:20:32Z | 2026-06-08T13:20:12Z"
"PA","Pennsylvania","07739dc0-99f7-4c07-b1a6-03da6ee90459","Today's Dental Care","-75.0126721477203","40.2102706958171","dentist","","840 Second Street Pike","Richboro","18954","PA","US","(215) 322-8770","","http://www.todaysdentalcare.com","","","0.77","","6","Foursquare | Overture","Apache-2.0 | CDLA-Permissive-2.0","2025-10-09T00:00:00.000 | 2026-06-11T11:57:15Z"
"PA","Pennsylvania","0798c282-3eaa-4224-8758-b628617a83dc","Green Leslie DMD","-75.40287131","40.09618483","dentist","endodontist | health_and_medical","860 1st Ave","Upper Merion Twp","19406-4033","PA","US","+16103370950","info@drlesgreen.com","http://drlesgreen.com/","https://www.facebook.com/162656933788439","","0.9199122190475464","open","8","meta | Overture | Overture-signals","CDLA-Permissive-2.0","2026-04-27T00:00:00.000Z | 2026-06-11T11:57:15Z | 2026-05-12T00:29:08Z | 2026-05-18T13:23:54Z | 2026-05-25T13:08:59Z | 2026-06-01T13:20:32Z | 2026-06-08T13:20:12Z"
"PA","Pennsylvania","079983fb-94f1-49d8-add1-ad637e9cca76","Lanz Dentistry","-80.0460736481252","40.3792144170377","dentist","","750 Washington Rd","Pittsburgh","15228","PA","US","(412) 343-2022","lanzdental@hotmail.com","http://www.lanzdental.com","","","0.77","","5","Foursquare | Overture","Apache-2.0 | CDLA-Permissive-2.0","2025-09-24T00:00:00.000 | 2026-06-11T11:57:15Z"
"PA","Pennsylvania","079f6925-9ff6-4832-9462-df8e4f0fc69b","The Lanap & Implant Center","-77.0365704575546","41.2224262090768","dentist","","2685 Euclid Ave","South Williamsport","17702","PA","US","(570) 322-4741","dmdseminars@aol.com","https://perioimplants.us","","","0.77","","6","Foursquare | Overture","Apache-2.0 | CDLA-Permissive-2.0","2025-12-09T00:00:00.000 | 2026-06-11T11:57:15Z"
"PA","Pennsylvania","07a44b4e-4f70-4790-b4ea-bbdbc358dd5d","Leedy Dental Associates","-76.84379808","40.28323536","dentist","health_and_medical | endodontist","3106 Walnut St","Penbrook","17109-3557","PA","US","+17175453631","","http://www.wellness.com/dir/2297307/dentist/pa/harrisburg","https://www.facebook.com/228012540590817","","0.9199122190475464","open","7","meta | Overture | Overture-signals","CDLA-Permissive-2.0","2026-04-27T00:00:00.000Z | 2026-06-11T11:57:15Z | 2026-05-12T00:29:08Z | 2026-05-18T13:23:54Z | 2026-05-25T13:08:59Z | 2026-06-01T13:20:32Z | 2026-06-08T13:20:12Z"
"PA","Pennsylvania","07a580a6-6645-4e01-a4b8-de1e5ab86179","Lafayette Hill Family Dentistry","-75.2512736773859","40.0855322847474","dentist","","630 Germantown Pike","Lafayette Hill","19444","PA","US","(610) 828-1499","","http://www.lafayettehilldental.com","https://www.facebook.com/261727617213160","","0.77","","3","Foursquare | Overture","Apache-2.0 | CDLA-Permissive-2.0","2025-12-11T00:00:00.000 | 2026-06-11T11:57:15Z"
"PA","Pennsylvania","07b73dfb-1520-4ba0-be59-48f842508a92","Dental Care Health Associates","-75.362056","39.879588","dentist","","1 Chester Road","Wallingford","19086","PA","US","(610) 874-5700","","https://dentalhealthcareassociates.com/locations/wallingford","","","0.77","","1","Foursquare | Overture","Apache-2.0 | CDLA-Permissive-2.0","2026-04-06T00:00:00.000 | 2026-06-11T11:57:15Z"
"PA","Pennsylvania","07c14f08-8c97-4dca-8538-9443ca78cb80","Blumberg Cohen and Associates","-74.94331394","40.09840483","dentist","health_and_medical | family_practice","3139 Hulmeville Rd","Bensalem","19020-4306","PA","US","+12156393362","","","https://www.facebook.com/174220576088833","","0.9199122190475464","open","6","meta | Overture | Overture-signals","CDLA-Permissive-2.0","2026-04-27T00:00:00.000Z | 2026-06-11T11:57:15Z | 2026-05-12T00:29:08Z | 2026-05-18T13:23:54Z | 2026-05-25T13:08:59Z | 2026-06-01T13:20:32Z | 2026-06-08T13:20:12Z"
"PA","Pennsylvania","07c4033b-37d9-465f-bc91-8399a97f347e","Aldan Family Dental","-75.3055097890036","39.9327841955691","dentist","","523 N Oak Ave","Aldan","19018","PA","US","(610) 616-4177","alfd@dentalgrp.com","http://aldanfamilydental.com","https://www.facebook.com/161423357286258","","0.9199122190475464","open","4","Foursquare | Overture | Overture-signals","Apache-2.0 | CDLA-Permissive-2.0","2025-11-01T00:00:00.000 | 2026-06-11T11:57:15Z | 2026-05-12T00:29:08Z | 2026-05-18T13:23:54Z | 2026-05-25T13:08:59Z | 2026-06-01T13:20:32Z | 2026-06-08T13:20:12Z"
"PA","Pennsylvania","07cf6180-a216-45fe-989d-397f6265e8c9","Advanced Dental Partners","-76.82738185","40.24942924","dentist","general_dentistry | health_and_medical","401 Port View Dr","Swatara Twp","17111-1226","PA","US","+17175647010","office@harrisburgfamilydentist.com","https://advanceddentalpartners.com/","https://www.facebook.com/108464281972410","","0.9838365912437439","","2","meta | Overture","CDLA-Permissive-2.0","2026-04-27T00:00:00.000Z | 2026-06-11T11:57:15Z"
"PA","Pennsylvania","07d94ebc-2326-4513-b09c-c8f921c896e7","Viktory Dental","-74.99247193","40.14455256","dentist","general_dentistry | doctor","363 E Street Rd","Feasterville-Trevose","19053-7711","PA","US","+12154949921","viktorydental@aol.com","http://vk.com/viktorydental","https://www.facebook.com/1496079197318872","","0.9902192950248718","open","8","meta | Overture | Overture-signals","CDLA-Permissive-2.0","2026-04-27T00:00:00.000Z | 2026-06-11T11:57:15Z | 2026-05-12T00:29:08Z | 2026-05-18T13:23:54Z | 2026-05-25T13:08:59Z | 2026-06-01T13:20:32Z | 2026-06-08T13:20:12Z"
"PA","Pennsylvania","07fab950-2de1-491f-9655-7039cd4f682f","Black George P DDS","-75.54760582","41.49265639","dentist","health_and_medical | bar","309 N Main St","Archbald","18403-1908","PA","US","+15708763012","","https://black-george-p-dmd.hub.biz/","https://www.facebook.com/126056967449020","","0.9199122190475464","open","6","meta | Overture | Overture-signals","CDLA-Permissive-2.0","2026-04-27T00:00:00.000Z | 2026-06-11T11:57:15Z | 2026-05-12T00:29:08Z | 2026-05-18T13:23:54Z | 2026-05-25T13:08:59Z | 2026-06-01T13:20:32Z | 2026-06-08T13:20:12Z"
"PA","Pennsylvania","080620d6-80c4-4c1c-9574-d92e41c8604e","State College Dental Sleep Medicine","-77.84652618","40.79923332","dentist","health_and_medical","611 University Dr","State College","16801-6552","PA","US","+18142340329","drmarks@the611dentist.com","http://www.statecollegedentalsleepmedicine.com/","https://www.facebook.com/1137187536347976","","0.9199122190475464","open","9","meta | Overture | Overture-signals","CDLA-Permissive-2.0","2026-04-27T00:00:00.000Z | 2026-06-11T11:57:15Z | 2026-05-12T00:29:08Z | 2026-05-18T13:23:54Z | 2026-05-25T13:08:59Z | 2026-06-01T13:20:32Z | 2026-06-08T13:20:12Z"
"PA","Pennsylvania","080e35aa-487e-47a1-9413-034ce1c9b770","Mc Donald's 6606 New falls Road Levittown, Pa","-74.8594285162134","40.1511714719365","dentist","health_and_medical","6606 New Falls Rd","Levittown","19057-2404","PA","US","","","","https://www.facebook.com/245254676993","","0.5750002264976501","","9","meta | Overture","CDLA-Permissive-2.0","2026-04-27T00:00:00.000Z | 2026-06-11T11:57:15Z"
"PA","Pennsylvania","08182446-1487-46a6-897e-3abf22900c17","Gera Family Dentistry","-75.09382559","40.0516378","dentist","general_dentistry","6514 Rising Sun Ave","Philadelphia","19111-5237","PA","US","+12157455400","jangeramedia@gmail.com","http://www.gerafamilydentistry.com/","https://www.facebook.com/582616652145782","","0.9199122190475464","open","8","meta | Overture | Overture-signals","CDLA-Permissive-2.0","2026-04-27T00:00:00.000Z | 2026-06-11T11:57:15Z | 2026-05-12T00:29:08Z | 2026-05-18T13:23:54Z | 2026-05-25T13:08:59Z | 2026-06-01T13:20:32Z | 2026-06-08T13:20:12Z"
"PA","Pennsylvania","082d5c2e-b818-473d-86bd-8a847dead08d","Kotch Lisa, DMD","-75.8939034747585","41.2643656825426","dentist","","333 Wyoming Ave","Kingston","18704","PA","US","(570) 714-8083","drlisakotch@frontiernet.net","http://lisamkotchdmd.com","https://www.facebook.com/538475032847250","","0.77","","5","Foursquare | Overture","Apache-2.0 | CDLA-Permissive-2.0","2025-08-22T00:00:00.000 | 2026-06-11T11:57:15Z"
"PA","Pennsylvania","082f3150-6b09-4c79-adec-45189eb7d5f1","Motto Clear Aligners","-78.73915959","41.12446529","dentist","health_and_medical","907 E Dubois Ave., Ste 4","Du Bois","15801","PA","US","8142999703","","https://www.aspendental.com/dentist/pa/du-bois/907-e-dubois-ave-ste-4/motto-clear-aligners/","","","0.85","","7","Microsoft | Overture","CDLA-Permissive-2.0","2025-10-04T07:15:14.360Z | 2026-06-11T11:57:15Z"
"PA","Pennsylvania","083a0dcb-cb2d-4f27-9e89-aee1726fb418","Tod Drucker","-75.21735548","40.00663886","dentist","holiday_rental_home | health_and_medical","2 Bala Plz","Bala Cynwyd","19004-1500","PA","US","+16106646115","lakehouse233@gmail.com","http://www.lakenaomilakefront.com/","https://www.facebook.com/251287914900381","","0.9199122190475464","open","8","meta | Overture | Overture-signals","CDLA-Permissive-2.0","2026-04-27T00:00:00.000Z | 2026-06-11T11:57:15Z | 2026-05-12T00:29:08Z | 2026-05-18T13:23:54Z | 2026-05-25T13:08:59Z | 2026-06-01T13:20:32Z | 2026-06-08T13:20:12Z"
"PA","Pennsylvania","084a072b-1526-4a35-b949-5219ddf8a2c6","The Center For Dental Excellence","-76.6139519","40.00226145","dentist","general_dentistry | medical_service_organizations","450 W Market St","Hallam","17406-1024","PA","US","+17179129600","drgbellpa@comcast.net","https://www.cdepa.com/hallam/?utm_campaign=gmb","https://www.facebook.com/167114973337493","The Center for Dental Excellence - Hallam","0.9199122190475464","open","8","meta | Overture | Overture-signals","CDLA-Permissive-2.0","2026-04-27T00:00:00.000Z | 2026-06-11T11:57:15Z | 2026-05-12T00:29:08Z | 2026-05-18T13:23:54Z | 2026-05-25T13:08:59Z | 2026-06-01T13:20:32Z | 2026-06-08T13:20:12Z"
"PA","Pennsylvania","08579519-67d9-4f7c-9983-80c5103341cb","Serafin Family Dentistry","-77.19084619","40.19400858","dentist","general_dentistry | medical_service_organizations","542 S Hanover St","Carlisle","17013-3918","PA","US","+17172433335","smile@serafinfamilydentistry.com","http://www.serafinfamilydentistry.com/","https://www.facebook.com/109138955797695","Bear Creek Family Dentistry","0.9902192950248718","open","7","meta | Overture | Overture-signals","CDLA-Permissive-2.0","2026-04-27T00:00:00.000Z | 2026-06-11T11:57:15Z | 2026-05-12T00:29:08Z | 2026-05-18T13:23:54Z | 2026-05-25T13:08:59Z | 2026-06-01T13:20:32Z | 2026-06-08T13:20:12Z"
"PA","Pennsylvania","08980767-7134-48a6-ac34-967ac2008b84","Perfect Smile Dental Group","-79.54434085","40.30311426","dentist","general_dentistry | medical_service_organizations","29 N Main St","Greensburg","15601-2401","PA","US","+17248373911","","","https://www.facebook.com/612952219082943","Perfect Smile Dental Group","0.9902192950248718","open","8","meta | Overture | Overture-signals","CDLA-Permissive-2.0","2026-04-27T00:00:00.000Z | 2026-06-11T11:57:15Z | 2026-05-12T00:29:08Z | 2026-05-18T13:23:54Z | 2026-05-25T13:08:59Z | 2026-06-01T13:20:32Z | 2026-06-08T13:20:12Z"
"PA","Pennsylvania","08bad9f1-354e-4a1f-9f78-ac45efde18e8","Cherry Valley Smiles","-80.2350113","40.36950332","dentist","general_dentistry | cosmetic_dentist","101 N McDonald St","McDonald","15057","PA","US","+17249261400","info@cherryvalleysmiles.com","http://www.cherryvalleysmiles.com/","https://www.facebook.com/353745012167713","","0.9722161889076233","","9","meta | Overture","CDLA-Permissive-2.0","2026-04-27T00:00:00.000Z | 2026-06-11T11:57:15Z"
"PA","Pennsylvania","08f055f4-fa56-4321-b62d-f448418be501","Stafford Craig A DMD","-76.24934293","40.04033278","dentist","general_dentistry | medical_service_organizations","1940 Old Philadelphia Pike","Lancaster","17602-3575","PA","US","+17173993311","","","https://www.facebook.com/160594720631179","","0.9199122190475464","open","7","meta | Overture | Overture-signals","CDLA-Permissive-2.0","2026-04-27T00:00:00.000Z | 2026-06-11T11:57:15Z | 2026-05-12T00:29:08Z | 2026-05-18T13:23:54Z | 2026-05-25T13:08:59Z | 2026-06-01T13:20:32Z | 2026-06-08T13:20:12Z"
"PA","Pennsylvania","08fabbd8-7858-4c36-9342-1d6a2f92c662","Clinton County Community Dental Clinic","-77.47796404","41.1151933","dentist","","266 Hogan Blvd","Bald Eagle Twp","17751-1928","PA","US","+15707486450","cccdentalclinic@gmail.com","http://Clintoncountycommunitydentalclinic.org/","https://www.facebook.com/241673735913099","","0.9199122190475464","open","8","meta | Overture | Overture-signals","CDLA-Permissive-2.0","2026-04-27T00:00:00.000Z | 2026-06-11T11:57:15Z | 2026-05-12T00:29:08Z | 2026-05-18T13:23:54Z | 2026-05-25T13:08:59Z | 2026-06-01T13:20:32Z | 2026-06-08T13:20:12Z"
"PA","Pennsylvania","09052064-dd3c-4503-8068-b012ac92fe93","Smile Galore York","-76.76018685","39.95366216","dentist","general_dentistry | cosmetic_dentist","1421 W Market St","West York","17404-5412","PA","US","+17178455789","contact@smilegalore.com","http://www.smilegalore.com/","https://www.facebook.com/109784074492129","","0.9199122190475464","open","8","meta | Overture | Overture-signals","CDLA-Permissive-2.0","2026-04-27T00:00:00.000Z | 2026-06-11T11:57:15Z | 2026-05-12T00:29:08Z | 2026-05-18T13:23:54Z | 2026-05-25T13:08:59Z | 2026-06-01T13:20:32Z | 2026-06-08T13:20:12Z"
"PA","Pennsylvania","09338943-00a2-450a-b339-cf4a8d51cac0","Dr. Richard M. Dobrowolski, DMD","-75.397856665828","40.6228577534537","dentist","","1108 W Broad St","Bethlehem","18018","PA","US","(610) 691-3530","","http://jamesmfalcodmdpc.com","","","0.77","","2","Foursquare | Overture","Apache-2.0 | CDLA-Permissive-2.0","2026-01-12T00:00:00.000 | 2026-06-11T11:57:15Z"
"PA","Pennsylvania","093c5c7b-5ab4-43cf-a63c-320cc01b2e15","Dr. Andrew T. Pagano","-75.40358135","40.64394772","dentist","hospital | optometrist","2420 Schoenersville Rd","Bethlehem","18017-3600","PA","US","+16106915229","","","https://www.facebook.com/418898534863805","","0.9199122190475464","open","7","meta | Overture | Overture-signals","CDLA-Permissive-2.0","2026-04-27T00:00:00.000Z | 2026-06-11T11:57:15Z | 2026-05-12T00:29:08Z | 2026-05-18T13:23:54Z | 2026-05-25T13:08:59Z | 2026-06-01T13:20:32Z | 2026-06-08T13:20:12Z"
"PA","Pennsylvania","0943aad7-0e06-442d-b747-8de5a4ed0639","Drs. Cook & Gutsche","-75.3489990234375","39.938419342041","dentist","","135 S State Rd","Springfield","19064","PA","US","(610) 622-4400","","http://www.greatorthosmiles.com","","","0.77","","5","Foursquare | Overture","Apache-2.0 | CDLA-Permissive-2.0","2024-12-03T00:00:00.000 | 2026-06-11T11:57:15Z"
"PA","Pennsylvania","0946d281-2bc6-48f1-a86e-f8f487202468","Premiere Dental of Northeast","-75.0075927262725","40.0676288598697","dentist","","3330-66 Grant Ave","Philadelphia","19114","PA","US","(215) 464-6060","","https://www.premieredental.com","","","0.9902192950248718","open","4","Foursquare | Overture | Overture-signals","Apache-2.0 | CDLA-Permissive-2.0","2025-06-26T00:00:00.000 | 2026-06-11T11:57:15Z | 2026-05-12T00:29:08Z | 2026-05-18T13:23:54Z | 2026-05-25T13:08:59Z | 2026-06-01T13:20:32Z | 2026-06-08T13:20:12Z"
"PA","Pennsylvania","0973b9b1-1061-4f46-8cb5-042bceeae557","Sieger Family Dentistry","-76.09021417","40.1021799","dentist","general_dentistry | doctor","119 W Main St","New Holland","17557-1203","PA","US","+17173546471","dental@jsbackof.comcastbiz.net","http://www.siegerdental.com/","https://www.facebook.com/845819992206194","","0.9199122190475464","open","8","meta | Overture | Overture-signals","CDLA-Permissive-2.0","2026-04-27T00:00:00.000Z | 2026-06-11T11:57:15Z | 2026-05-12T00:29:08Z | 2026-05-18T13:23:54Z | 2026-05-25T13:08:59Z | 2026-06-01T13:20:32Z | 2026-06-08T13:20:12Z"
"PA","Pennsylvania","09babb35-b576-414d-a315-1b03f941dbbb","Fishell Jr John O DDS","-80.0802258","40.2816955","dentist","orthodontist | health_and_medical","628 E McMurray Rd","Canonsburg","15317-3420","PA","US","+17249411819","","http://clubsmiles.com/","https://www.facebook.com/157360337630822","Dr.Fishell office","0.9199122190475464","open","9","meta | Overture | Overture-signals","CDLA-Permissive-2.0","2026-04-27T00:00:00.000Z | 2026-06-11T11:57:15Z | 2026-05-12T00:29:08Z | 2026-05-18T13:23:54Z | 2026-05-25T13:08:59Z | 2026-06-01T13:20:32Z | 2026-06-08T13:20:12Z"
"PA","Pennsylvania","09c59a55-663c-47f2-82ba-5cf073b57bc4","Claus Frederick R DMD","-80.0573033","40.62983935","dentist","general_dentistry","11885 Perry Hwy","Wexford","15090-8343","PA","US","+17247998221","drclaus@zoominternet.net","","https://www.facebook.com/155851711120586","","0.9199122190475464","open","8","meta | Overture | Overture-signals","CDLA-Permissive-2.0","2026-04-27T00:00:00.000Z | 2026-06-11T11:57:15Z | 2026-05-12T00:29:08Z | 2026-05-18T13:23:54Z | 2026-05-25T13:08:59Z | 2026-06-01T13:20:32Z | 2026-06-08T13:20:12Z"
"PA","Pennsylvania","09e6188e-63df-48a0-9423-a0ae2d7331c8","Kevin L Moore DMD","-79.394426","41.211778","dentist","","160 S 2nd Ave","Clarion","16214","PA","US","(814) 226-6321","mooresmiles@verizon.net","http://www.mooresmiles.com","https://www.facebook.com/161681523854218","","0.9199122190475464","open","4","Foursquare | Overture | Overture-signals","Apache-2.0 | CDLA-Permissive-2.0","2025-08-22T00:00:00.000 | 2026-06-11T11:57:15Z | 2026-05-12T00:29:08Z | 2026-05-18T13:23:54Z | 2026-05-25T13:08:59Z | 2026-06-01T13:20:32Z | 2026-06-08T13:20:12Z"
"PA","Pennsylvania","09ece567-fae1-4e90-9d5c-6b158ee2e72b","Complete Milling Lab","-76.72265177","40.05540901","dentist","","140 S Main St","Manchester","17345-1357","PA","US","+18662658440","info@completemilling.com","https://www.completemilling.com/","https://www.facebook.com/1203650536451352","","0.9199122190475464","open","6","meta | Overture | Overture-signals","CDLA-Permissive-2.0","2026-04-27T00:00:00.000Z | 2026-06-11T11:57:15Z | 2026-05-12T00:29:08Z | 2026-05-18T13:23:54Z | 2026-05-25T13:08:59Z | 2026-06-01T13:20:32Z | 2026-06-08T13:20:12Z"
"PA","Pennsylvania","0a1fb983-0d73-40c5-a6f6-151101ad7857","Oral And Maxillofacial Surgeons","-75.3535794539046","40.4365972768986","dentist","","249 S West End Blvd","Quakertown","18951","PA","US","(215) 538-2122","info@oralandfacialsurgery.com","http://www.oralandfacialsurgery.com","https://www.facebook.com/152094898135222","","0.77","","5","Foursquare | Overture","Apache-2.0 | CDLA-Permissive-2.0","2023-11-22T00:00:00.000 | 2026-06-11T11:57:15Z"
"PA","Pennsylvania","0a2a496b-0f1c-4fa2-8ab2-ee500c4e4826","Hilton Diminick Orthodontics","-76.9378236310317","40.237567107626","dentist","","","Camp Hill","17011","PA","US","(717) 761-3402","","http://hdortho.com","https://www.facebook.com/162571087105600","","0.77","","5","Foursquare | Overture","Apache-2.0 | CDLA-Permissive-2.0","2025-08-18T00:00:00.000 | 2026-06-11T11:57:15Z"
"PA","Pennsylvania","0a58be50-b477-420c-8d50-2c0e64547dfa","Mark Capirano","-75.0144682596311","40.15952977298","dentist","","1018 Millcreek Dr","Feasterville Trevose","19053","PA","US","(215) 364-3515","","http://www.drmcapirano.com","","","0.77","","6","Foursquare | Overture","Apache-2.0 | CDLA-Permissive-2.0","2024-09-05T00:00:00.000 | 2026-06-11T11:57:15Z"
"PA","Pennsylvania","0a68258c-1de3-4c6b-8fe9-3bd4dce36c24","Dr. Alison Scavuzzo","-80.15840727","40.67692717","dentist","general_dentistry","1260 Freedom Crider Rd","Freedom","15042-9391","PA","US","+17247740190","ams4747@live.com","http://www.alisonscavuzzodmd.com","https://www.facebook.com/163863596974219","","0.9199122190475464","open","9","meta | Overture | Overture-signals","CDLA-Permissive-2.0","2026-04-27T00:00:00.000Z | 2026-06-11T11:57:15Z | 2026-05-12T00:29:08Z | 2026-05-18T13:23:54Z | 2026-05-25T13:08:59Z | 2026-06-01T13:20:32Z | 2026-06-08T13:20:12Z"
"PA","Pennsylvania","0a77899e-3eda-4e31-b14a-e5956c59b422","Hicks and Dill","-78.7341859","40.48377908","dentist","general_dentistry | medical_service_organizations","106 Park St","Ebensburg","15931-1854","PA","US","+18144725270","","","https://www.facebook.com/936438486433976","","0.9199122190475464","open","6","meta | Overture | Overture-signals","CDLA-Permissive-2.0","2026-04-27T00:00:00.000Z | 2026-06-11T11:57:15Z | 2026-05-12T00:29:08Z | 2026-05-18T13:23:54Z | 2026-05-25T13:08:59Z | 2026-06-01T13:20:32Z | 2026-06-08T13:20:12Z"
"PA","Pennsylvania","0a7e5d60-120a-489a-b51e-0b7f44943b2b","Upper Gwynedd Dental Arts","-75.29885009","40.22524423","dentist","general_dentistry | medical_service_organizations","1117 S Broad St","Upper Gwynedd Twp","19446-5340","PA","US","+12158553400","info@ugdasmile.com","https://www.ugdasmile.com/","https://www.facebook.com/1060465447153116","","0.9199122190475464","open","9","meta | Overture | Overture-signals","CDLA-Permissive-2.0","2026-04-27T00:00:00.000Z | 2026-06-11T11:57:15Z | 2026-05-12T00:29:08Z | 2026-05-18T13:23:54Z | 2026-05-25T13:08:59Z | 2026-06-01T13:20:32Z | 2026-06-08T13:20:12Z"
"PA","Pennsylvania","0a869f13-cc3c-4095-95ea-ea2e00a618ec","Michael Z. Rice, DDS","-78.9335896","40.2937859","dentist","health_and_medical","322 Warren St Ste 150","Johnstown","15905","PA","US","8146192410","","http://www.chestnuthillsdental.com/","","","0.9199122190475464","open","6","Microsoft | Overture | Overture-signals","CDLA-Permissive-2.0","2020-11-23T20:01:51.180Z | 2026-06-11T11:57:15Z | 2026-05-12T00:29:08Z | 2026-05-18T13:23:54Z | 2026-05-25T13:08:59Z | 2026-06-01T13:20:32Z | 2026-06-08T13:20:12Z"
"PA","Pennsylvania","0a882fef-62dc-481a-86ae-b3fb3ae865e5","Grabill Family Dentistry","-75.60466454","39.9588288","dentist","general_dentistry | cosmetic_dentist","14 Wilmont Mews al","West Chester","19382-3206","PA","US","+16106963446","info@grabillfamilydentistry.com","https://www.grabillfamilydentistry.com/","https://www.facebook.com/194998347201533","Grabill Family Dentistry","0.9199122190475464","open","8","meta | Overture | Overture-signals","CDLA-Permissive-2.0","2026-04-27T00:00:00.000Z | 2026-06-11T11:57:15Z | 2026-05-12T00:29:08Z | 2026-05-18T13:23:54Z | 2026-05-25T13:08:59Z | 2026-06-01T13:20:32Z | 2026-06-08T13:20:12Z"
"PA","Pennsylvania","0a8dc2a1-d6fa-4024-a221-e9f815514b35","Dr. Harry V. Patchin, General Dentistry","-76.9328578903675","40.2343341220799","dentist","","407 S 32nd St","Camp Hill","17011","PA","US","(717) 761-1300","","http://www.healthgrades.com/dentist/dr-harry-patchin-26vrv","https://www.facebook.com/126727527381179","","0.9199122190475464","open","4","Foursquare | Overture | Overture-signals","Apache-2.0 | CDLA-Permissive-2.0","2025-08-22T00:00:00.000 | 2026-06-11T11:57:15Z | 2026-05-12T00:29:08Z | 2026-05-18T13:23:54Z | 2026-05-25T13:08:59Z | 2026-06-01T13:20:32Z | 2026-06-08T13:20:12Z"
"PA","Pennsylvania","0a933b85-b0a1-4c5a-8694-2ce4c0dcfb92","Cessna Robert S DDS","-79.75090444","40.08598084","dentist","general_dentistry | health_and_medical","305 Liberty St","Perryopolis","15473-1828","PA","US","+17247362300","","","https://www.facebook.com/166085920084593","","0.9238912463188171","","8","meta | Overture","CDLA-Permissive-2.0","2026-04-27T00:00:00.000Z | 2026-06-11T11:57:15Z"
"PA","Pennsylvania","0aea477b-a92a-44e3-a2c1-4193906c48d0","Family Dentistry","-79.84543861","41.90201176","dentist","general_dentistry | health_and_medical","77 N Main St","Union City","16438-1031","PA","US","+18144383891","","http://familydentistrycorryuc.com","https://www.facebook.com/157743530925945","","0.9199122190475464","open","8","meta | Overture | Overture-signals","CDLA-Permissive-2.0","2026-04-27T00:00:00.000Z | 2026-06-11T11:57:15Z | 2026-05-12T00:29:08Z | 2026-05-18T13:23:54Z | 2026-05-25T13:08:59Z | 2026-06-01T13:20:32Z | 2026-06-08T13:20:12Z"
"PA","Pennsylvania","0af75916-f787-471b-b937-cfe2a3dffee1","Lindsay V. Knight & Associates","-75.12941312","40.30286553","dentist","general_dentistry | doctor","350 S Main St","Doylestown","18901-4829","PA","US","+12153481192","office@drknightdental.com","http://drknightdental.com/","https://www.facebook.com/138925486154824","","0.9722161889076233","open","8","meta | Overture | Overture-signals","CDLA-Permissive-2.0","2026-04-27T00:00:00.000Z | 2026-06-11T11:57:15Z | 2026-05-12T00:29:08Z"
"PA","Pennsylvania","0b13d9bd-7eb2-4a20-b099-bfc5a1c1a9d0","J.F. Petraglia D.M.D","-79.94841368","40.46140615","dentist","general_dentistry | medical_service_organizations","4751 Liberty Ave","Pittsburgh","15224-2032","PA","US","+14126219140","","http://petragliadmd.com","https://www.facebook.com/110950745979505","","0.9199122190475464","open","7","meta | Overture | Overture-signals","CDLA-Permissive-2.0","2026-04-27T00:00:00.000Z | 2026-06-11T11:57:15Z | 2026-05-12T00:29:08Z | 2026-05-18T13:23:54Z | 2026-05-25T13:08:59Z | 2026-06-01T13:20:32Z | 2026-06-08T13:20:12Z"
"PA","Pennsylvania","0b1974af-c029-4cb9-8b15-22b8b5ec7213","York Dental Myotherapy","-76.67113935","39.97394327","dentist","general_dentistry","2835 Eastern Blvd","York","17402-2909","PA","US","+17177574611","info@cdepa.com","https://www.cdepa.com/procedures/tongue-and-lip-tie-treatment/","https://www.facebook.com/110418576998269","The Center for Dental Excellence - Hallam","0.9485533237457275","","7","meta | Overture","CDLA-Permissive-2.0","2026-04-27T00:00:00.000Z | 2026-06-11T11:57:15Z"
"PA","Pennsylvania","0b200b72-9aff-4783-aa98-b59cb74156de","High Street Dental","-75.645672","40.244963","dentist","health_and_medical | transportation","","Pottstown","","PA","US","+16103272000","","http://www.highstreetdentist.com/","https://www.facebook.com/159958464025002","High Street Dental","0.5206546783447266","","1","meta | Overture","CDLA-Permissive-2.0","2026-04-27T00:00:00.000Z | 2026-06-11T11:57:15Z"
"PA","Pennsylvania","0b32495b-ead1-4b1f-9e74-784ce4aba751","James C. Blankenhorn, DMD","-75.7724362","40.5117633","dentist","","162 Trexler Ave","Kutztown","19530","PA","US","(610) 683-6677","","https://www.dentistkutztown.com","https://www.facebook.com/1524818374451335","","0.9199122190475464","open","4","Foursquare | Overture | Overture-signals","Apache-2.0 | CDLA-Permissive-2.0","2025-08-22T00:00:00.000 | 2026-06-11T11:57:15Z | 2026-05-12T00:29:08Z | 2026-05-18T13:23:54Z | 2026-05-25T13:08:59Z | 2026-06-01T13:20:32Z | 2026-06-08T13:20:12Z"
"PA","Pennsylvania","0b58582c-2c3d-4d12-a752-c865ed5bb8e6","Veterans Affairs Medical Center - Wilkes-Barre Dental General Practice Residency 12 Months","-75.8363422241252","41.2483548993613","dentist","hospital | college_university","1111 E End Blvd","Wilkes-Barre","18711-0030","PA","US","+15708243521","","","https://www.facebook.com/1393256030914714","","0.9722161889076233","","6","meta | Overture","CDLA-Permissive-2.0","2026-04-27T00:00:00.000Z | 2026-06-11T11:57:15Z"
"PA","Pennsylvania","0b6bdc35-126d-44a1-8d3d-32ef6987404c","Robert George Norkus","-80.2315305796756","40.5997103888832","dentist","","1645 Merchant St","Ambridge","15003","PA","US","(724) 266-1224","","https://norkus-robert-g-dmd-pa.hub.biz","https://www.facebook.com/156506841055543","","0.9199122190475464","open","4","Foursquare | Overture | Overture-signals","Apache-2.0 | CDLA-Permissive-2.0","2025-08-22T00:00:00.000 | 2026-06-11T11:57:15Z | 2026-05-12T00:29:08Z | 2026-05-18T13:23:54Z | 2026-05-25T13:08:59Z | 2026-06-01T13:20:32Z | 2026-06-08T13:20:12Z"
"PA","Pennsylvania","0b73466d-a11e-497c-bcb1-2a835573c5ca","Drs Hansen and Torba DMD","-79.32907717","40.3108913","dentist","general_dentistry | health_and_medical","412 State Route 217","Latrobe","15650-3431","PA","US","+17245394591","social@latrobepadentist.com","http://www.latrobedental.com/","https://www.facebook.com/204381306268433","Drs. Hansen & Torba, P.C.","0.9860498309135437","","9","meta | Overture","CDLA-Permissive-2.0","2026-04-27T00:00:00.000Z | 2026-06-11T11:57:15Z"
"PA","Pennsylvania","0b84795b-ffec-4275-b814-0f8f23aeb338","Family Friendly Dental","-75.396735","39.987129","dentist","health_and_medical | hospital","3534 Rhoads Ave","Newtown Square","19073-3702","PA","US","+16103569388","rpolis@familyfriendlydental.com","http://www.familyfriendlydental.com/","https://www.facebook.com/505371799474670","","0.924742579460144","","8","meta | Overture","CDLA-Permissive-2.0","2026-04-27T00:00:00.000Z | 2026-06-11T11:57:15Z"
"PA","Pennsylvania","0b8975e7-3969-42eb-a01b-8e427d30d64f","Commonwealth Oral and Facial Surgery & Dental Implant Center","-75.4135459297431","40.4347254594577","dentist","","2100 Quaker Pointe Dr","Quakertown","18951","PA","US","(215) 529-5465","","http://www.implantoralsurgeons.com","","","0.77","","5","Foursquare | Overture","Apache-2.0 | CDLA-Permissive-2.0","2025-05-23T00:00:00.000 | 2026-06-11T11:57:15Z"
"PA","Pennsylvania","0ba270be-0690-4a63-9842-ac5aded52558","Scott A Creisher DDS","-76.32917566","40.03890717","dentist","general_dentistry | doctor","1059 Columbia Ave","Lancaster","17603-3130","PA","US","+17173942641","screisher@yahoo.com","http://www.lancasterdentistpa.com","https://www.facebook.com/224427380935524","","0.9902192950248718","open","8","meta | Overture | Overture-signals","CDLA-Permissive-2.0","2026-04-27T00:00:00.000Z | 2026-06-11T11:57:15Z | 2026-05-12T00:29:08Z | 2026-05-18T13:23:54Z | 2026-05-25T13:08:59Z | 2026-06-01T13:20:32Z | 2026-06-08T13:20:12Z"
"PA","Pennsylvania","0bb0eca3-1e47-497c-b026-ac9c64c5cacc","Cetronia Dental Associates","-75.53387456","40.58496843","dentist","general_dentistry","3640 Broadway","South Whitehall Twp","18104-5216","PA","US","+16103950500","","https://cetroniadentalassociates.com","https://www.facebook.com/378994818805657","","0.9744210994243622","","9","meta | Overture","CDLA-Permissive-2.0","2026-04-27T00:00:00.000Z | 2026-06-11T11:57:15Z"
"PA","Pennsylvania","0bb2c95d-bdc6-4520-87c0-df4dd85338a4","Neha Khandhadiya","-76.8150378","40.27855661","dentist","endodontist | health_and_medical","4265 Union Deposit Rd","Harrisburg","17111-2802","PA","US","+17175456065","","","https://www.facebook.com/1271170319579260","","0.5065471529960632","","1","meta | Overture","CDLA-Permissive-2.0","2026-04-27T00:00:00.000Z | 2026-06-11T11:57:15Z"
"PA","Pennsylvania","0bbf6c4a-7ad9-4f8b-8348-53ee77e01a4b","Dr. David Hajel DMD","-79.07419","40.035284","dentist","orthodontist | health_and_medical","1590 N Center Ave","Somerset","15501-7019","PA","US","+18144448815","","http://www.somersetdentalassociates.com/","https://www.facebook.com/144866415621286","Somerset Dental Associates","0.6086551547050476","","8","meta | Overture","CDLA-Permissive-2.0","2026-04-27T00:00:00.000Z | 2026-06-11T11:57:15Z"
"PA","Pennsylvania","0bc3978f-74a2-4051-860e-aad7878200eb","Emma K. Hughes, DMD","-79.5897925378067","40.3055370568677","dentist","","6185 State Route 30 Ste A","Greensburg","15601","PA","US","(878) 295-8948","","http://greensburgdentalcare.com","https://www.facebook.com/103254841435773","","0.9199122190475464","open","4","Foursquare | Overture | Overture-signals","Apache-2.0 | CDLA-Permissive-2.0","2021-03-18T00:00:00.000 | 2026-06-11T11:57:15Z | 2026-05-12T00:29:08Z | 2026-05-18T13:23:54Z | 2026-05-25T13:08:59Z | 2026-06-01T13:20:32Z | 2026-06-08T13:20:12Z"
"PA","Pennsylvania","0bc92789-93b1-4dca-b990-2478f5b27056","Linda Batista DMD","-74.89609676","40.19295659","dentist","general_dentistry","1262 Wood Ln","Langhorne","19047-1769","PA","US","+12157027274","","","https://www.facebook.com/103988125773102","","0.9199122190475464","open","8","meta | Overture | Overture-signals","CDLA-Permissive-2.0","2026-04-27T00:00:00.000Z | 2026-06-11T11:57:15Z | 2026-05-12T00:29:08Z | 2026-05-18T13:23:54Z | 2026-05-25T13:08:59Z | 2026-06-01T13:20:32Z | 2026-06-08T13:20:12Z"
"PA","Pennsylvania","0bf53a78-8964-4b01-a451-ad259e9450e8","Dr. Snjezana Cacovean DMD","-75.12342559","40.10906639","dentist","health_and_medical | medical_service_organizations","960 Old York Rd","Abington","19001-4709","PA","US","+12155761833","snjezanacacovean.dmd@gmail.com","https://www.healthgrades.com/dentist/dr-snjezana-cacovean-2l7l2?referrerSource=autosuggest","https://www.facebook.com/1409919615913650","","0.9199122190475464","open","6","meta | Overture | Overture-signals","CDLA-Permissive-2.0","2026-04-27T00:00:00.000Z | 2026-06-11T11:57:15Z | 2026-05-12T00:29:08Z | 2026-05-18T13:23:54Z | 2026-05-25T13:08:59Z | 2026-06-01T13:20:32Z | 2026-06-08T13:20:12Z"
"PA","Pennsylvania","0bf80529-baf6-451b-861d-18c99580c8f3","Krug Earl G DDS","-76.817193","40.154083","dentist","health_and_medical | hospital","75 Mall Rd","Etters","17319-9500","PA","US","+17179385757","","https://krug-earl-g-dds.hub.biz/","https://www.facebook.com/154891617880487","","0.9259222149848938","","9","meta | Overture","CDLA-Permissive-2.0","2026-04-27T00:00:00.000Z | 2026-06-11T11:57:15Z"
"PA","Pennsylvania","0c0b32a8-3ce2-49ba-95cc-544fc11862f0","Refresh Dental","-80.0371421","40.6969292","dentist","general_dentistry | medical_service_organizations","7031 Crider Rd","Mars","16046-2331","PA","US","+17247722929","mydentist@gorefreshdental.com","http://www.gorefreshdental.com/dentists/north-pointe/","https://www.facebook.com/894558663954840","Refresh Dental","0.9199122190475464","open","7","meta | Overture | Overture-signals","CDLA-Permissive-2.0","2026-04-27T00:00:00.000Z | 2026-06-11T11:57:15Z | 2026-05-12T00:29:08Z | 2026-05-18T13:23:54Z | 2026-05-25T13:08:59Z | 2026-06-01T13:20:32Z | 2026-06-08T13:20:12Z"
"PA","Pennsylvania","0c179b6d-5839-4501-827d-4df8ac21d77f","Hyatt Dental Sleep Medicine","-75.62386481","40.32987995","dentist","health_and_medical","137 Montgomery Ave","Douglass Twp","19512","PA","US","+14844155701","hyattdsm@comcast.net","https://www.hyattdsm.com/","https://www.facebook.com/273516732666437","","0.9199122190475464","open","8","meta | Overture | Overture-signals","CDLA-Permissive-2.0","2026-04-27T00:00:00.000Z | 2026-06-11T11:57:15Z | 2026-05-12T00:29:08Z | 2026-05-18T13:23:54Z | 2026-05-25T13:08:59Z | 2026-06-01T13:20:32Z | 2026-06-08T13:20:12Z"
"PA","Pennsylvania","0c431247-a106-4603-a1ce-6ea964bbda50","John H. Kiessling","-76.77830231","40.32205143","dentist","general_dentistry | doctor","6460 Jonestown Rd","Harrisburg","17112-2638","PA","US","+17176573290","","http://www.kiesslingfamilydental.com/","https://www.facebook.com/169055963109045","ZOOM Whitening Treatments","0.9199122190475464","open","8","meta | Overture | Overture-signals","CDLA-Permissive-2.0","2026-04-27T00:00:00.000Z | 2026-06-11T11:57:15Z | 2026-05-12T00:29:08Z | 2026-05-18T13:23:54Z | 2026-05-25T13:08:59Z | 2026-06-01T13:20:32Z | 2026-06-08T13:20:12Z"
"PA","Pennsylvania","0c6025dd-0afb-466c-a9d6-738cb38c2835","Gary W. Machiko, DMD","-80.024779","40.575959","dentist","health_and_medical | cosmetic_dentist","9380 McKnight Rd","Pittsburgh","15237-5954","PA","US","+14123671319","","http://www.drmachiko.com/","https://www.facebook.com/147195495414877","Gary W. Machiko, DMD","0.9199122190475464","open","9","meta | Overture | Overture-signals","CDLA-Permissive-2.0","2026-04-27T00:00:00.000Z | 2026-06-11T11:57:15Z | 2026-05-12T00:29:08Z | 2026-05-18T13:23:54Z | 2026-05-25T13:08:59Z | 2026-06-01T13:20:32Z | 2026-06-08T13:20:12Z"
"PA","Pennsylvania","0c6428f9-26ea-4edf-9778-1555a40057a1","Mifflin Juniata Dental Clinic","-77.570209","40.598125","dentist","health_and_medical | cosmetic_dentist","31 S Dorcas St","Lewistown","17044-2110","PA","US","+17174471898","","http://www.mjsnc.org","https://www.facebook.com/106590526089440","Juniata Dental Clinic","0.9199122190475464","open","8","meta | Overture | Overture-signals","CDLA-Permissive-2.0","2026-04-27T00:00:00.000Z | 2026-06-11T11:57:15Z | 2026-05-12T00:29:08Z | 2026-05-18T13:23:54Z | 2026-05-25T13:08:59Z | 2026-06-01T13:20:32Z | 2026-06-08T13:20:12Z"
"PA","Pennsylvania","0c674079-86cd-4a7a-8de5-1df5da4396cd","Emaus Avenue Family Dentistry","-75.47104838","40.56996557","dentist","general_dentistry | cosmetic_dentist","1131 W Emaus Ave","Allentown","18103","PA","US","+14842746880","1131familydentistry@gmail.com","http://eafdentistry.com/","https://www.facebook.com/106500844496834","","0.9902192950248718","open","8","meta | Overture | Overture-signals","CDLA-Permissive-2.0","2026-04-27T00:00:00.000Z | 2026-06-11T11:57:15Z | 2026-05-12T00:29:08Z | 2026-05-18T13:23:54Z | 2026-05-25T13:08:59Z | 2026-06-01T13:20:32Z | 2026-06-08T13:20:12Z"
"PA","Pennsylvania","0c6b6f03-8d10-462a-b980-8531b790e2ae","Professional Dental Associates","-75.59145774","40.75154998","dentist","health_and_medical | cosmetic_dentist","433 S Best Ave","Walnutport","18088-1217","PA","US","+16107670601","profdentmail@gmail.com","https://www.profdental.net/","https://www.facebook.com/224364458050787","","0.9767613410949707","open","1","meta | Overture | Overture-signals","CDLA-Permissive-2.0","2026-04-27T00:00:00.000Z | 2026-06-11T11:57:15Z | 2026-05-12T00:29:08Z"
"PA","Pennsylvania","0c7038b0-b631-4f16-9fd0-dd8ab51c9e9c","Experience Dentistry","-75.6747919","41.44302083","dentist","general_dentistry","1661 N Keyser Ave","Scranton","18508-1753","PA","US","+15703449110","drjeanettesmiles@gmail.com","https://www.drjeanettesmiles.com/","https://www.facebook.com/108867488049111","","0.9199122190475464","open","7","meta | Overture | Overture-signals","CDLA-Permissive-2.0","2026-04-27T00:00:00.000Z | 2026-06-11T11:57:15Z | 2026-05-12T00:29:08Z | 2026-05-18T13:23:54Z | 2026-05-25T13:08:59Z | 2026-06-01T13:20:32Z | 2026-06-08T13:20:12Z"
"PA","Pennsylvania","0c773837-3869-4a5f-8ccf-33fd1c537563","Century Dental Associates","-75.35994369","41.12813219","dentist","general_dentistry | cosmetic_dentist","33 Sterling Rd","Mt Pocono","18344-1118","PA","US","+15708392101","marketing@centurydentalassociates.com","https://www.mtpoconodental.com/","https://www.facebook.com/104923878344874","Century Dental Associates","0.9199122190475464","open","8","meta | Overture | Overture-signals","CDLA-Permissive-2.0","2026-04-27T00:00:00.000Z | 2026-06-11T11:57:15Z | 2026-05-12T00:29:08Z | 2026-05-18T13:23:54Z | 2026-05-25T13:08:59Z | 2026-06-01T13:20:32Z | 2026-06-08T13:20:12Z"
"PA","Pennsylvania","0c7c7068-5d70-4774-bddf-42ba800daf45","Dental Specialty Center","-76.97226189","40.28904574","dentist","","2250 Millennium Way","Hampden Twp","17025-1488","PA","US","+17175511568","","https://dscenola.com/","https://www.facebook.com/105836051938904","Dental Specialty Center","0.9902192950248718","open","7","meta | Overture | Overture-signals","CDLA-Permissive-2.0","2026-04-27T00:00:00.000Z | 2026-06-11T11:57:15Z | 2026-05-12T00:29:08Z | 2026-05-18T13:23:54Z | 2026-05-25T13:08:59Z | 2026-06-01T13:20:32Z | 2026-06-08T13:20:12Z"
"PA","Pennsylvania","0c96535a-c7f5-4ac2-81e1-158d34b8f2c2","Miriam Sternberg, D.D.S.","-75.2692562","40.7016999","dentist","pediatric_dentist | medical_service_organizations","3305 Nazareth Rd","Easton","18045-2017","PA","US","+16102585388","","http://www.healthgrades.com/dentist/dr-miriam-sternberg-33wk2","https://www.facebook.com/148900208493605","","0.9218663573265076","","7","meta | Overture","CDLA-Permissive-2.0","2026-04-27T00:00:00.000Z | 2026-06-11T11:57:15Z"
"PA","Pennsylvania","0c9abbf9-f276-4238-a261-7b601247a7f7","Shu Dental Lab","-74.77766199","40.20714786","dentist","medical_service_organizations | health_and_medical","102 W Bridge St","Morrisville","19067-7117","PA","US","+12152950088","shudental@gmail.com","http://www.shudental.com/","https://www.facebook.com/147027652070702","","0.9199122190475464","open","9","meta | Overture | Overture-signals","CDLA-Permissive-2.0","2026-04-27T00:00:00.000Z | 2026-06-11T11:57:15Z | 2026-05-12T00:29:08Z | 2026-05-18T13:23:54Z | 2026-05-25T13:08:59Z | 2026-06-01T13:20:32Z | 2026-06-08T13:20:12Z"
"PA","Pennsylvania","0c9f2acb-8bba-471b-b5aa-bca794f1010c","Howard Orthodontics","-76.2850626814689","39.9929934613942","dentist","","205 Willow Valley Sq","Lancaster","17602","PA","US","(717) 464-0177","","http://www.howardorthodontics.com","","","0.9199122190475464","open","4","Foursquare | Overture | Overture-signals","Apache-2.0 | CDLA-Permissive-2.0","2025-08-19T00:00:00.000 | 2026-06-11T11:57:15Z | 2026-05-12T00:29:08Z | 2026-05-18T13:23:54Z | 2026-05-25T13:08:59Z | 2026-06-01T13:20:32Z | 2026-06-08T13:20:12Z"
"PA","Pennsylvania","0cb1e8f6-ef0c-4b55-bf9b-07aca2c74b7d","Dr. Kaushal Desai DMD","-75.21758","40.26094","dentist","cosmetic_dentist","1500 Horizon Dr","Chalfont","18914-3966","PA","US","+12673610762","","https://www.myfamilydentalcare.com/chalfont-newbritain-montgomeryville-family-implant-cosmetic-dentist","https://www.facebook.com/381797509343774","Advanced Family Smile Care - Olney Avenue","0.888843297958374","","8","meta | Overture","CDLA-Permissive-2.0","2026-04-27T00:00:00.000Z | 2026-06-11T11:57:15Z"
"PA","Pennsylvania","0cba066f-230e-45a8-b63b-e15216436e1a","North Penn Orthodontics","-75.3788909581701","40.2745865703747","dentist","","278 Hunsberger Ln","Harleysville","19438","PA","US","(215) 256-6850","","http://www.wellness.com/dir/1514154/orthodontist/pa/harleysville","https://www.facebook.com/153722047998629","","0.9199122190475464","open","4","Foursquare | Overture | Overture-signals","Apache-2.0 | CDLA-Permissive-2.0","2025-08-19T00:00:00.000 | 2026-06-11T11:57:15Z | 2026-05-12T00:29:08Z | 2026-05-18T13:23:54Z | 2026-05-25T13:08:59Z | 2026-06-01T13:20:32Z | 2026-06-08T13:20:12Z"
"PA","Pennsylvania","0ccb0bbc-346c-4ec0-8e3a-f8585f6ca039","Dr. Joseph A. Mcnamara, DDS","-79.399555","41.170718","dentist","general_dentistry","20977 Route 68","Clarion","16214-3619","PA","US","+18147452298","jamcnamara@windstream.net","","https://www.facebook.com/211310678993129","","0.8789023756980896","","8","meta | Overture","CDLA-Permissive-2.0","2026-04-27T00:00:00.000Z | 2026-06-11T11:57:15Z"
"PA","Pennsylvania","0ccfa4ee-61d4-437b-b38a-9b5f1c5d29a1","Stager & Coole Dentistry","-77.0786570695583","41.8075126323782","dentist","","17 N Main St","Mansfield","16933","PA","US","(570) 662-2886","jcoole1@yahoo.com","http://stagercoolekourydentistry.com","https://www.facebook.com/387667521432678","","0.9199122190475464","open","4","Foursquare | Overture | Overture-signals","Apache-2.0 | CDLA-Permissive-2.0","2025-08-19T00:00:00.000 | 2026-06-11T11:57:15Z | 2026-05-12T00:29:08Z | 2026-05-18T13:23:54Z | 2026-05-25T13:08:59Z | 2026-06-01T13:20:32Z | 2026-06-08T13:20:12Z"
"PA","Pennsylvania","0cecfb70-75dc-4640-a84f-79072c8c2144","Chestnut Hills Dental","-79.66478054","40.42466514","dentist","general_dentistry | health_and_medical","4774 Old William Penn Hwy","Murrysville","15668-2011","PA","US","+17245177196","chdmurrysville@mydentalmail.com","https://chdmurrysville.com/","https://www.facebook.com/206205073593498","Dental Health Society online","0.9199122190475464","open","9","meta | Overture | Overture-signals","CDLA-Permissive-2.0","2026-04-27T00:00:00.000Z | 2026-06-11T11:57:15Z | 2026-05-12T00:29:08Z | 2026-05-18T13:23:54Z | 2026-05-25T13:08:59Z | 2026-06-01T13:20:32Z | 2026-06-08T13:20:12Z"
"PA","Pennsylvania","0cffff5d-c486-4b77-a907-4eec006e0951","Pearl Dental Arts","-74.88294862","40.13581093","dentist","cosmetic_dentist | general_dentistry","4409 New Falls Rd","Levittown","19056-3005","PA","US","+12159498000","info@pearldentalarts.com","https://www.pearldentalarts.com/","https://www.facebook.com/275611809146682","Pearl Dental Arts","0.9199122190475464","open","8","meta | Overture | Overture-signals","CDLA-Permissive-2.0","2026-04-27T00:00:00.000Z | 2026-06-11T11:57:15Z | 2026-05-12T00:29:08Z | 2026-05-18T13:23:54Z | 2026-05-25T13:08:59Z | 2026-06-01T13:20:32Z | 2026-06-08T13:20:12Z"
"PA","Pennsylvania","0d02b836-37eb-43df-b9ce-17fa389237ed","Perfect Fit Dental Lab Group","-75.00750571","40.1543333","dentist","","1012 Lindbergh Ave","Lower Southampton Twp","19053-4137","PA","US","+12153967770","perfectfitdentallabusa@gmail.com","http://perfectfitdentallab.com/","https://www.facebook.com/163332280202235","","0.9199122190475464","open","2","meta | Overture | Overture-signals","CDLA-Permissive-2.0","2026-04-27T00:00:00.000Z | 2026-06-11T11:57:15Z | 2026-05-25T13:08:59Z | 2026-06-01T13:20:32Z | 2026-06-08T13:20:12Z"
"PA","Pennsylvania","0d03ce78-0997-4773-a364-a7216b1718c1","Elite Dental","-75.13641308","39.99929614","dentist","general_dentistry | medical_service_organizations","400 W Allegheny Ave","Philadelphia","19133-3614","PA","US","+12152919200","","http://www.dentaldreams.com","https://www.facebook.com/2077158262311900","Dental Dreams","0.9933353501558304","","9","meta | Overture","CDLA-Permissive-2.0","2026-04-27T00:00:00.000Z | 2026-06-11T11:57:15Z"
"PA","Pennsylvania","0d119677-0142-40e0-9288-5691f41dffc8","Dublin Woods Family Dentistry","-75.14554631","40.13878881","dentist","general_dentistry | health_and_medical","1390 Fitzwatertown Rd","Upper Dublin Twp","19001-2815","PA","US","+12156594477","dublinwoods@comcast.net","http://www.Dublinwoodsfamilydentistry.com/","https://www.facebook.com/167838266560456","","0.9199122190475464","open","7","meta | Overture | Overture-signals","CDLA-Permissive-2.0","2026-04-27T00:00:00.000Z | 2026-06-11T11:57:15Z | 2026-05-12T00:29:08Z | 2026-05-18T13:23:54Z | 2026-05-25T13:08:59Z | 2026-06-01T13:20:32Z | 2026-06-08T13:20:12Z"
"PA","Pennsylvania","0d154a57-4086-43c1-80f1-61d608a9d7e0","Isett And Chronister Dentistry","-76.5989973317087","39.8934887365791","dentist","","622 S Main St","Red Lion","17356","PA","US","(717) 244-8537","","http://www.isettandchronisterdental.com","https://www.facebook.com/291016010953419","","0.77","","3","Foursquare | Overture","Apache-2.0 | CDLA-Permissive-2.0","2025-09-29T00:00:00.000 | 2026-06-11T11:57:15Z"
"PA","Pennsylvania","0d292eab-09c7-4a5e-910a-6baa5ae2aab3","Dental Philadelphia","-75.1605969301169","39.9515363774088","dentist","","3905  Quincy Street","Philadelphia","19108","PA","US","(267) 399-4514","","http://www.dentalab.com","https://www.twitter.com/opentableuk | https://www.facebook.com/498838873993880","","0.77","","5","Foursquare | Overture","Apache-2.0 | CDLA-Permissive-2.0","2024-04-05T00:00:00.000 | 2026-06-11T11:57:15Z"
"PA","Pennsylvania","0d3dc528-8613-4082-9273-4ab9606099c7","Srivastava, Priyanka, DDS","-75.770235","41.308282","dentist","","1073 Oak St","Pittston","18640","PA","US","(570) 655-4141","","https://caseydental.com","","","0.9199122190475464","open","4","Foursquare | Overture | Overture-signals","Apache-2.0 | CDLA-Permissive-2.0","2025-08-22T00:00:00.000 | 2026-06-11T11:57:15Z | 2026-05-12T00:29:08Z | 2026-05-18T13:23:54Z | 2026-05-25T13:08:59Z | 2026-06-01T13:20:32Z | 2026-06-08T13:20:12Z"
"PA","Pennsylvania","0d4aee1b-6458-4d15-a92f-9ac17e73f085","Katsur Dental & Orthodontics","-79.97802803","40.43140693","dentist","orthodontist | general_dentistry","1955 Wharton St","Pittsburgh","15203","PA","US","+14123810100","","http://www.katsurdental.com","https://www.facebook.com/167770833307745","Katsur Dental & Orthodontics","0.9902192950248718","open","9","meta | Overture | Overture-signals","CDLA-Permissive-2.0","2026-04-27T00:00:00.000Z | 2026-06-11T11:57:15Z | 2026-05-12T00:29:08Z | 2026-05-18T13:23:54Z | 2026-05-25T13:08:59Z | 2026-06-01T13:20:32Z | 2026-06-08T13:20:12Z"
"PA","Pennsylvania","0d6a9b0d-1df6-45bf-9160-06312dfebc6b","Special Care Smiles","-75.81123586","41.26890973","dentist","general_dentistry","1325 Highway 315 Blvd","Wilkes-Barre","18702-7045","PA","US","+15702351243","","","https://www.facebook.com/109365667965095","","0.9902192950248718","open","7","meta | Overture | Overture-signals","CDLA-Permissive-2.0","2026-04-27T00:00:00.000Z | 2026-06-11T11:57:15Z | 2026-05-12T00:29:08Z | 2026-05-18T13:23:54Z | 2026-05-25T13:08:59Z | 2026-06-01T13:20:32Z | 2026-06-08T13:20:12Z"
"PA","Pennsylvania","0d6cd0b0-7c24-4403-a7d2-8647646f2f0c","PA Oral, Facial, & Implant Surgery, LLC","-78.749855","41.12205","dentist","","90 Beaver Dr","Du Bois","15801","PA","US","(814) 375-0500","riceali@comcast.net","https://www.paoralfacialimplantsurgery.com","https://www.facebook.com/398026630676850","","0.77","","5","Foursquare | Overture","Apache-2.0 | CDLA-Permissive-2.0","2025-08-22T00:00:00.000 | 2026-06-11T11:57:15Z"
"PA","Pennsylvania","0d6d4461-3f12-4970-b019-42eaaba78879","Wills Barry DMD","-75.025137","40.11042","dentist","orthodontist | health_and_medical","10752 Bustleton Ave","Philadelphia","19116-3367","PA","US","+12156773030","drbarrywills@aol.com","https://wills-barry-dmd.hub.biz/","https://www.facebook.com/168045246544951","","0.8145236372947693","","9","meta | Overture","CDLA-Permissive-2.0","2026-04-27T00:00:00.000Z | 2026-06-11T11:57:15Z"
"PA","Pennsylvania","0d7dfd59-ea63-458a-a738-1e0b57762195","Dental Beauty","-75.00286815","40.1478098","dentist","cosmetic_dentist | general_dentistry","721 Bustleton Pike","Lower Southampton Twp","19053-6055","PA","US","+12674869994","dentalbeautypa@gmail.com","http://dentalbeautypa.com/","https://www.facebook.com/1170427319740197","Dental Beauty","0.9902192950248718","open","8","meta | Overture | Overture-signals","CDLA-Permissive-2.0","2026-04-27T00:00:00.000Z | 2026-06-11T11:57:15Z | 2026-05-12T00:29:08Z | 2026-05-18T13:23:54Z | 2026-05-25T13:08:59Z | 2026-06-01T13:20:32Z | 2026-06-08T13:20:12Z"
"PA","Pennsylvania","0d7f229d-bad9-4e27-ba18-56e09e66ebbd","Pottsville Oral Surgery, PC","-76.2280086903739","40.6748775037069","dentist","","2257 W End Ave","Pottsville","17901","PA","US","(570) 622-9746","","https://www.lvhn.org/locations/pottsville-oral-surgery-pc","","","0.9199122190475464","open","4","Foursquare | Overture | Overture-signals","Apache-2.0 | CDLA-Permissive-2.0","2025-08-22T00:00:00.000 | 2026-06-11T11:57:15Z | 2026-05-12T00:29:08Z | 2026-05-18T13:23:54Z | 2026-05-25T13:08:59Z | 2026-06-01T13:20:32Z | 2026-06-08T13:20:12Z"
"PA","Pennsylvania","0d88308a-475c-40cb-9749-e57a3f2ffbec","Thomas J. Biscotti Dmd, LLC","-75.88406019","41.16385865","dentist","cosmetic_dentist | general_dentistry","27 N Mountain Blvd","Mountain Top","18707-1116","PA","US","+15704745923","biscottinorth@gmail.com","http://drbiscotti.com/","https://www.facebook.com/1499571390297878","Thomas J Biscotti DMD LLC","0.9199122190475464","open","9","meta | Overture | Overture-signals","CDLA-Permissive-2.0","2026-04-27T00:00:00.000Z | 2026-06-11T11:57:15Z | 2026-05-12T00:29:08Z | 2026-05-18T13:23:54Z | 2026-05-25T13:08:59Z | 2026-06-01T13:20:32Z | 2026-06-08T13:20:12Z"
"PA","Pennsylvania","0d91a5d0-16b1-472b-88d1-a1859fc5475d","Handley John J DDS","-75.88029718","41.27751073","dentist","","942 Wyoming Ave","Kingston","18704-3962","PA","US","+15702877062","","","https://www.facebook.com/101442266649973","","0.9199122190475464","open","7","meta | Overture | Overture-signals","CDLA-Permissive-2.0","2026-04-27T00:00:00.000Z | 2026-06-11T11:57:15Z | 2026-05-12T00:29:08Z | 2026-05-18T13:23:54Z | 2026-05-25T13:08:59Z | 2026-06-01T13:20:32Z | 2026-06-08T13:20:12Z"
"PA","Pennsylvania","0db284cc-824b-4ff6-91e4-1ac011fbed5a","Mountain Dental","-79.08127663","39.75303862","dentist","general_dentistry","95 Grant St","Salisbury","15558-3000","PA","US","+18143179961","info@progressivedentalsalisbury.com","http://www.mountaindentalsalisbury.com/","https://www.facebook.com/288593614549664","","0.9935593605041504","open","2","meta | Overture | Overture-signals","CDLA-Permissive-2.0","2026-04-27T00:00:00.000Z | 2026-06-11T11:57:15Z | 2026-05-12T00:29:08Z"
"PA","Pennsylvania","0dbda2e9-f799-4f83-ac2b-4a90067cea1a","Phoenixville Dental","-75.50093676","40.12031996","dentist","general_dentistry | cosmetic_dentist","883 Valley Forge Rd","Phoenixville","19460-2623","PA","US","+16109333717","hello@phoenixvilledental.com","http://www.phoenixvilledental.com/","https://www.facebook.com/101334197899486","","0.9199122190475464","open","8","meta | Overture | Overture-signals","CDLA-Permissive-2.0","2026-04-27T00:00:00.000Z | 2026-06-11T11:57:15Z | 2026-05-12T00:29:08Z | 2026-05-18T13:23:54Z | 2026-05-25T13:08:59Z | 2026-06-01T13:20:32Z | 2026-06-08T13:20:12Z"
"PA","Pennsylvania","0dbe81c6-4532-47b7-9dee-626d34f6e883","Dr. Todd Paczewski","-75.86923188","41.29019969","dentist","cosmetic_dentist | hospital","1500 Wyoming Ave","Forty Fort","18704-4219","PA","US","+15702872500","drtoddsmileon@comcast.net","https://www.drtoddsmileon.com/","https://www.facebook.com/152474421435909","","0.9199122190475464","open","7","meta | Overture | Overture-signals","CDLA-Permissive-2.0","2026-04-27T00:00:00.000Z | 2026-06-11T11:57:15Z | 2026-05-12T00:29:08Z | 2026-05-18T13:23:54Z | 2026-05-25T13:08:59Z | 2026-06-01T13:20:32Z | 2026-06-08T13:20:12Z"
"PA","Pennsylvania","0dd6ab01-be7f-4d03-8cee-bc14594fb8ca","Aspen Dental - Muncy, PA - Williamsport","-76.8339465532079","41.2420123873761","dentist","","340 S Lycoming Mall Rd","Muncy","17756","PA","US","(570) 322-5700","","https://www.aspendental.com/dentist/pa/muncy/340-s-lycoming-mall-rd-ste-10","https://www.twitter.com/aspendental | https://www.facebook.com/157298264310526","","0.77","","8","Foursquare | Overture","Apache-2.0 | CDLA-Permissive-2.0","2025-08-22T00:00:00.000 | 2026-06-11T11:57:15Z"
"PA","Pennsylvania","0de13916-441d-4fae-a5f8-19fb116542ff","John R. Matthews, DMD","-78.8443677","40.2683651","dentist","health_and_medical","241 Schoolhouse Rd","Johnstown","15904","PA","US","8142669535","","https://www.chestnuthillsdental.com/about-us/our-dentists/dr-john-matthews/","","","0.9199122190475464","open","7","Microsoft | Overture | Overture-signals","CDLA-Permissive-2.0","2020-11-23T20:01:51.160Z | 2026-06-11T11:57:15Z | 2026-05-12T00:29:08Z | 2026-05-18T13:23:54Z | 2026-05-25T13:08:59Z | 2026-06-01T13:20:32Z | 2026-06-08T13:20:12Z"
"PA","Pennsylvania","0df79643-a86b-46c1-8afc-904c9b3772fa","Briglia Dental Group","-75.605356","39.970275","dentist","","600 E Marshall St Ste 201","West Chester","19380","PA","US","(610) 615-0160","drron@brigliadentalgroup.com","https://www.brigliadentalgroup.com","https://www.twitter.com/drbriglia | https://www.facebook.com/159717420719868","","0.77","","5","Foursquare | Overture","Apache-2.0 | CDLA-Permissive-2.0","2025-10-15T00:00:00.000 | 2026-06-11T11:57:15Z"
"PA","Pennsylvania","0dfd97b1-dd99-4182-a3ae-dcd31baca1d6","Dent-Al Smiles","-79.9254023292303","40.4576624655066","dentist","","242 S Highland Ave","Pittsburgh","15206","PA","US","(412) 661-7316","s.kennedy@perfectsmile.com","http://www.perfectsmilepa.com","https://www.facebook.com/184385181601967","","0.9199122190475464","open","4","Foursquare | Overture | Overture-signals","Apache-2.0 | CDLA-Permissive-2.0","2025-03-20T00:00:00.000 | 2026-06-11T11:57:15Z | 2026-05-12T00:29:08Z | 2026-05-18T13:23:54Z | 2026-05-25T13:08:59Z | 2026-06-01T13:20:32Z | 2026-06-08T13:20:12Z"
"PA","Pennsylvania","0e19dc65-bb86-499d-9b26-5ba528b49fa6","Mechanicsburg Dentist Peter R Brown DMD","-76.9870584361846","40.1748030399089","dentist","","3 Kacey Ct","Mechanicsburg","17055","PA","US","(717) 766-5766","","http://www.mechanicsburgdentistry.com","https://www.facebook.com/167278096618303","","0.9199122190475464","open","4","Foursquare | Overture | Overture-signals","Apache-2.0 | CDLA-Permissive-2.0","2025-05-30T00:00:00.000 | 2026-06-11T11:57:15Z | 2026-05-12T00:29:08Z | 2026-05-18T13:23:54Z | 2026-05-25T13:08:59Z | 2026-06-01T13:20:32Z | 2026-06-08T13:20:12Z"
"PA","Pennsylvania","0e23976c-cafd-41f3-af52-0cad4d28f58a","Andrew Welkie DDS","-76.7210794946749","40.199740049935","dentist","","244 Adelia St","Middletown","17057","PA","US","(717) 944-3311","","http://www.healthgrades.com/dentist/dr-andrew-welkie-yhj4m","https://www.facebook.com/134390829947250","","0.9199122190475464","open","4","Foursquare | Overture | Overture-signals","Apache-2.0 | CDLA-Permissive-2.0","2025-08-22T00:00:00.000 | 2026-06-11T11:57:15Z | 2026-05-12T00:29:08Z | 2026-05-18T13:23:54Z | 2026-05-25T13:08:59Z | 2026-06-01T13:20:32Z | 2026-06-08T13:20:12Z"
"PA","Pennsylvania","0e26f299-bd11-4460-af20-836e85d496a8","Tuman W Michael DMD","-75.19417408","40.05464494","dentist","general_dentistry | doctor","7111 Lincoln Dr","Philadelphia","19119-2435","PA","US","+12152471284","drmtuman@gmail.com","http://wmichaeltuman.com/","https://www.facebook.com/162926087060376","","0.970244288444519","","9","meta | Overture","CDLA-Permissive-2.0","2026-04-27T00:00:00.000Z | 2026-06-11T11:57:15Z"
"PA","Pennsylvania","0e29fd9a-6428-4f68-9702-3e8213f4b679","Butler Smiles Dental Care","-79.93924783","40.86762635","dentist","general_dentistry | medical_service_organizations","291 Evans City Rd","Butler","16001-2754","PA","US","+17242827774","drbobtodd@zoominternet.net","http://www.butlersmiles.com/","https://www.facebook.com/176291063605","","0.9199122190475464","open","8","meta | Overture | Overture-signals","CDLA-Permissive-2.0","2026-04-27T00:00:00.000Z | 2026-06-11T11:57:15Z | 2026-05-12T00:29:08Z | 2026-05-18T13:23:54Z | 2026-05-25T13:08:59Z | 2026-06-01T13:20:32Z | 2026-06-08T13:20:12Z"
"PA","Pennsylvania","0e675875-851f-450b-9bee-c34d8c6be443","Pittsburgh South Dentistry","-79.91415166","40.17322579","dentist","general_dentistry","100 Alexander St","Monongahela","15063-1002","PA","US","+17242588215","phhdental@gmail.com","http://www.pittsburghsouthdentistry.com/","https://www.facebook.com/100960600011958","","0.9199122190475464","open","9","meta | Overture | Overture-signals","CDLA-Permissive-2.0","2026-04-27T00:00:00.000Z | 2026-06-11T11:57:15Z | 2026-05-12T00:29:08Z | 2026-05-18T13:23:54Z | 2026-05-25T13:08:59Z | 2026-06-01T13:20:32Z | 2026-06-08T13:20:12Z"
"PA","Pennsylvania","0e690853-5157-49c3-9e2a-de64f8f02c34","Campbell & Pine PC","-77.7619259460646","40.9146968614732","dentist","","110 S School St","Bellefonte","16823","PA","US","(814) 237-1751","","http://www.candportho.com","","","0.9199122190475464","open","4","Foursquare | Overture | Overture-signals","Apache-2.0 | CDLA-Permissive-2.0","2025-08-22T00:00:00.000 | 2026-06-11T11:57:15Z | 2026-05-12T00:29:08Z | 2026-05-18T13:23:54Z | 2026-05-25T13:08:59Z | 2026-06-01T13:20:32Z | 2026-06-08T13:20:12Z"
"PA","Pennsylvania","0e6b35a4-6949-45d7-815c-a5ad00a15f3f","Ronald C. Szish DDS","-75.92960736","40.38499463","dentist","general_dentistry | doctor","3330 Plaza Dr","Reading","19605-2418","PA","US","+16109212336","mrszish@yahoo.com","","https://www.facebook.com/1601595870171051","","0.9199122190475464","open","7","meta | Overture | Overture-signals","CDLA-Permissive-2.0","2026-04-27T00:00:00.000Z | 2026-06-11T11:57:15Z | 2026-05-12T00:29:08Z | 2026-05-18T13:23:54Z | 2026-05-25T13:08:59Z | 2026-06-01T13:20:32Z | 2026-06-08T13:20:12Z"
"PA","Pennsylvania","0e871d4b-1bb3-4c69-abb1-c81e571fade6","Tranquility Dental Care","-74.86781336","40.20860569","dentist","general_dentistry","301 Oxford Valley Rd","Lower Makefield Twp","19067-7705","PA","US","+12673925815","info@tranquilitydentalcare.com","http://Tranquilitydentalcare.com/","https://www.facebook.com/214811785850047","","0.9199122190475464","open","9","meta | Overture | Overture-signals","CDLA-Permissive-2.0","2026-04-27T00:00:00.000Z | 2026-06-11T11:57:15Z | 2026-05-12T00:29:08Z | 2026-05-18T13:23:54Z | 2026-05-25T13:08:59Z | 2026-06-01T13:20:32Z | 2026-06-08T13:20:12Z"
"PA","Pennsylvania","0e96b34e-7c79-425a-9a16-2a8bdd0222ca","Eamon S. Chory, DMD - Inactive","-80.0449715942552","40.3791401910623","dentist","","733 Washington Rd","Pittsburgh","15228","PA","US","(412) 344-4050","","http://uptown.dental","","","0.9199122190475464","open","4","Foursquare | Overture | Overture-signals","Apache-2.0 | CDLA-Permissive-2.0","2024-09-13T00:00:00.000 | 2026-06-11T11:57:15Z | 2026-05-12T00:29:08Z | 2026-05-18T13:23:54Z | 2026-05-25T13:08:59Z | 2026-06-01T13:20:32Z | 2026-06-08T13:20:12Z"
"PA","Pennsylvania","0ed9aa6d-d16c-4333-b5ef-47cac3b22cd8","Miller Family Dentistry","-75.90812141","41.23839314","dentist","general_dentistry | cosmetic_dentist","336 Carey Ave","Wilkes-Barre","18702","PA","US","+15708240693","","https://www.millerfamilydentistrywb.com","https://www.facebook.com/104882559581892","Dr. Stephen Miller & Dr.John Miller","0.9199122190475464","open","9","meta | Overture | Overture-signals","CDLA-Permissive-2.0","2026-04-27T00:00:00.000Z | 2026-06-11T11:57:15Z | 2026-05-12T00:29:08Z | 2026-05-18T13:23:54Z | 2026-05-25T13:08:59Z | 2026-06-01T13:20:32Z | 2026-06-08T13:20:12Z"
"PA","Pennsylvania","0ef24b2b-7104-454b-87ca-62e3da44eee0","2020 Dentistry","-75.16758529","39.94995945","dentist","doctor | health_and_medical","1601 Walnut St","Philadelphia","19102-2901","PA","US","+12155674949","2020dentistry@gmail.com","http://2020-dentistry.com/","https://www.facebook.com/318901271536192","","0.9902192950248718","open","7","meta | Overture | Overture-signals","CDLA-Permissive-2.0","2026-04-27T00:00:00.000Z | 2026-06-11T11:57:15Z | 2026-05-12T00:29:08Z | 2026-05-18T13:23:54Z | 2026-05-25T13:08:59Z | 2026-06-01T13:20:32Z | 2026-06-08T13:20:12Z"
"PA","Pennsylvania","0f137a1f-2a57-43d9-904b-2f7574b5bc2b","Family Dental Center","-78.94128803","40.30797851","dentist","general_dentistry","307 State St","Johnstown","15905-2733","PA","US","+18142557181","info@walkercooperfamilydentalcare.com","https://walkercooperfamilydentalcare.com/","https://www.facebook.com/115082125170525","","0.9199122190475464","open","9","meta | Overture | Overture-signals","CDLA-Permissive-2.0","2026-04-27T00:00:00.000Z | 2026-06-11T11:57:15Z | 2026-05-12T00:29:08Z | 2026-05-18T13:23:54Z | 2026-05-25T13:08:59Z | 2026-06-01T13:20:32Z | 2026-06-08T13:20:12Z"
"PA","Pennsylvania","0f41c9d1-3136-45b3-a6f9-a033e9817c93","Drexel Avenue Family Dentists","-75.3136351","39.95973363","dentist","general_dentistry","1231 Drexel Ave","Upper Darby Twp","19026-3313","PA","US","+16104495055","","https://www.drexelavenuefamilydentists.com/","https://www.facebook.com/107511074976830","","0.9902192950248718","open","7","meta | Overture | Overture-signals","CDLA-Permissive-2.0","2026-04-27T00:00:00.000Z | 2026-06-11T11:57:15Z | 2026-05-12T00:29:08Z | 2026-05-18T13:23:54Z | 2026-05-25T13:08:59Z | 2026-06-01T13:20:32Z | 2026-06-08T13:20:12Z"
"PA","Pennsylvania","0f865eaa-0dab-4da7-afa1-8cb5d434a1f4","Dental Designs of Washington","-80.28147159","40.15709233","dentist","general_dentistry | cosmetic_dentist","2112 N Franklin Dr","North Franklin Twp","15301-5874","PA","US","+17242289810","hello@dentaldesignsdds.com","http://www.dentaldesignsdds.com/","https://www.facebook.com/134286583971330","","0.9199122190475464","open","9","meta | Overture | Overture-signals","CDLA-Permissive-2.0","2026-04-27T00:00:00.000Z | 2026-06-11T11:57:15Z | 2026-05-12T00:29:08Z | 2026-05-18T13:23:54Z | 2026-05-25T13:08:59Z | 2026-06-01T13:20:32Z | 2026-06-08T13:20:12Z"
"PA","Pennsylvania","0f97007d-7b88-4545-91b7-73dae95e00bf","Peter J. Bullock, DMD","-75.1413714","40.3193611","dentist","doctor | health_and_medical","708 N Shady Retreat Rd","Doylestown","18901","PA","US","2153484172","","","","","0.9199122190475464","open","6","Microsoft | Overture | Overture-signals","CDLA-Permissive-2.0","2025-08-26T11:38:20.380Z | 2026-06-11T11:57:15Z | 2026-05-12T00:29:08Z | 2026-05-18T13:23:54Z | 2026-05-25T13:08:59Z | 2026-06-01T13:20:32Z | 2026-06-08T13:20:12Z"
"PA","Pennsylvania","0fc64563-b3e4-435b-9b65-aaf5764de06d","Advanced Oral Dynamics","-75.4848869946557","40.5662544412776","dentist","general_dentistry | cosmetic_dentist","2610 Moravian Ave","Allentown","18103-5521","PA","US","+16104355707","info@oraldynamics.com","http://oraldynamics.com/","https://www.facebook.com/106299920899675","Oral Dynamics","0.9199122190475464","open","10","meta | Overture | Overture-signals","CDLA-Permissive-2.0","2026-04-27T00:00:00.000Z | 2026-06-11T11:57:15Z | 2026-05-12T00:29:08Z | 2026-05-18T13:23:54Z | 2026-05-25T13:08:59Z | 2026-06-01T13:20:32Z | 2026-06-08T13:20:12Z"
"PA","Pennsylvania","0fc761d9-ecc1-4e66-ad5c-d680f8b9b79d","Brian A. Rudolph, DMD","-79.8127555847168","40.1847422523171","dentist","","4660 State Route 51","Rostraver Township","15012","PA","US","(724) 379-4585","","http://brianrudolphdmd.com","","","0.9199122190475464","open","4","Foursquare | Overture | Overture-signals","Apache-2.0 | CDLA-Permissive-2.0","2025-08-22T00:00:00.000 | 2026-06-11T11:57:15Z | 2026-05-12T00:29:08Z | 2026-05-18T13:23:54Z | 2026-05-25T13:08:59Z | 2026-06-01T13:20:32Z | 2026-06-08T13:20:12Z"
"PA","Pennsylvania","0fed6f72-8d53-4979-9973-3d9ea9e3f891","Oral & Maxi Surgeons","-75.3090783273048","40.3583419369833","dentist","","66 N Main St","Sellersville","18960","PA","US","(215) 257-6386","info@oralandfacialsurgery.com","http://www.oralandfacialsurgery.com","","","0.9199122190475464","open","4","Foursquare | Overture | Overture-signals","Apache-2.0 | CDLA-Permissive-2.0","2025-08-22T00:00:00.000 | 2026-06-11T11:57:15Z | 2026-05-12T00:29:08Z | 2026-05-18T13:23:54Z | 2026-05-25T13:08:59Z | 2026-06-01T13:20:32Z | 2026-06-08T13:20:12Z"
"PA","Pennsylvania","0ffc846d-f775-4132-b16d-6e2a772e767f","Elstein Mark P DMD","-75.3549002025127","40.4432193619229","dentist","","1402 W Broad St Ste 101","Quakertown","18951","PA","US","(215) 536-8133","","https://www.gvh.org/provider/mark-p-elstein-dmd","","","0.9199122190475464","open","4","Foursquare | Overture | Overture-signals","Apache-2.0 | CDLA-Permissive-2.0","2025-08-19T00:00:00.000 | 2026-06-11T11:57:15Z | 2026-05-12T00:29:08Z | 2026-05-18T13:23:54Z | 2026-05-25T13:08:59Z | 2026-06-01T13:20:32Z | 2026-06-08T13:20:12Z"
"PA","Pennsylvania","100c0e8a-bc4d-4c2f-8089-ba175099bc1f","Schaeffer Virpi DMD","-75.045479","40.175223","dentist","health_and_medical | fashion_accessories_store","626 Street Rd","Southampton","18966-3754","PA","US","+12159536626","","","https://www.facebook.com/125917297462643","","0.7719306349754333","","9","meta | Overture","CDLA-Permissive-2.0","2026-04-27T00:00:00.000Z | 2026-06-11T11:57:15Z"
"PA","Pennsylvania","1014f3e8-5cbe-449b-8db5-753b9a2a1ebe","Albright Richard Jr","-76.2969382906201","40.0766286175807","dentist","","1834 Oregon Pike","Lancaster","17601","PA","US","(717) 569-6421","info@lancastersmiles.com","https://lancastersmiles.com","https://www.facebook.com/95401377806","","0.77","","5","Foursquare | Overture","Apache-2.0 | CDLA-Permissive-2.0","2020-12-15T00:00:00.000 | 2026-06-11T11:57:15Z"
"PA","Pennsylvania","10175db1-c803-41a5-b6db-94540478382a","Exeter Orthodontics","-75.873235","40.318198","dentist","orthodontist | doctor","3611 Perkiomen Ave","Reading","19606-2712","PA","US","+16104010559","exeterbraces3@gmail.com","http://www.exeterorthodontics.com/","https://www.facebook.com/450286365102363","Exeter Orthodontics","0.9911925196647644","","8","meta | Overture","CDLA-Permissive-2.0","2026-04-27T00:00:00.000Z | 2026-06-11T11:57:15Z"
"PA","Pennsylvania","10182a9b-63ad-4848-890e-db2d99455f8a","West Liberty Dentistry","-80.03636024","40.39332563","dentist","general_dentistry | medical_service_organizations","2985 W Liberty Ave","Pittsburgh","15216-2544","PA","US","+14125312460","westlibertydentistry@gmail.com","http://www.westlibertydentistry.com/","https://www.facebook.com/58206852114","","0.9199122190475464","open","8","meta | Overture | Overture-signals","CDLA-Permissive-2.0","2026-04-27T00:00:00.000Z | 2026-06-11T11:57:15Z | 2026-05-12T00:29:08Z | 2026-05-18T13:23:54Z | 2026-05-25T13:08:59Z | 2026-06-01T13:20:32Z | 2026-06-08T13:20:12Z"
"PA","Pennsylvania","10185be7-05f6-47e0-a617-cecdaef9b1d9","dr jane ann griffith","-75.1052079829285","40.1748089026335","dentist","","42 Byberry Rd","Hatboro","19040","PA","US","(215) 672-2244","dentist@griffithdmd.com","http://www.griffithdmd.com","","","0.77","","5","Foursquare | Overture","Apache-2.0 | CDLA-Permissive-2.0","2026-04-09T00:00:00.000 | 2026-06-11T11:57:15Z"
"PA","Pennsylvania","102bae8a-8bc9-4957-8a61-435028dfaf06","Dentist Near Me","-75.16896648","39.94413998","dentist","general_dentistry","1603 South St","Philadelphia","19146-1541","PA","US","+12153929178","info@dentistnearmepllc.com","http://www.dentistnearmepllc.com/","https://www.facebook.com/105947767965732","","0.9902192950248718","open","7","meta | Overture | Overture-signals","CDLA-Permissive-2.0","2026-04-27T00:00:00.000Z | 2026-06-11T11:57:15Z | 2026-05-12T00:29:08Z | 2026-05-18T13:23:54Z | 2026-05-25T13:08:59Z | 2026-06-01T13:20:32Z | 2026-06-08T13:20:12Z"
"PA","Pennsylvania","104d7505-832b-4502-87bb-95b25d92c7c0","Judee Hashem Rapoza DMD","-75.29148","40.13904","dentist","","880 Township Line Rd","Plymouth Meeting","19462-7183","PA","US","+16102798001","drjudeehr880@gmail.com","","https://www.facebook.com/229977013835140","","0.9527125358581543","","9","meta | Overture","CDLA-Permissive-2.0","2026-04-27T00:00:00.000Z | 2026-06-11T11:57:15Z"
"PA","Pennsylvania","108a7fee-72ac-4c24-8796-fe2cdee762f1","Bryn Mawr Periodontics & Implantology","-75.335321","40.02546","dentist","periodontist | japanese_restaurant","919 Conestoga Rd","Bryn Mawr","19010-1352","PA","US","+14843802143","office@myperiobrynmawr.com","http://myperiobrynmawr.com/","https://www.facebook.com/1235515216466211","","0.8958635330200195","","7","meta | Overture","CDLA-Permissive-2.0","2026-04-27T00:00:00.000Z | 2026-06-11T11:57:15Z"
"PA","Pennsylvania","10ae954b-fa15-4996-b48e-d0f8aaaa5aa2","Happy Valley Orthodonics","-77.939368492749","40.81579107136","dentist","","1019 Ghaner Rd","Port Matilda","16870","PA","US","(814) 867-5893","chanel@pediatricdental.org","http://happyvalleyortho.org","https://www.facebook.com/165342800190664","","0.9199122190475464","open","4","Foursquare | Overture | Overture-signals","Apache-2.0 | CDLA-Permissive-2.0","2025-08-22T00:00:00.000 | 2026-06-11T11:57:15Z | 2026-05-12T00:29:08Z | 2026-05-18T13:23:54Z | 2026-05-25T13:08:59Z | 2026-06-01T13:20:32Z | 2026-06-08T13:20:12Z"
"PA","Pennsylvania","10b2e9b0-cc2d-4127-981c-ab38d4c62c09","Franklyn Scott, DDS, PC","-75.18288","40.0697199","dentist","","900 Wadsworth Ave","Philadelphia","19150","PA","US","+12152476962","marketing@admpcmail.com","http://www.myfamilydentalcare.com/locations/details/77/Philadelphia","https://www.facebook.com/1100804283345028","Advanced Family Smile Care - Olney Avenue","0.7574591040611267","","8","meta | Overture","CDLA-Permissive-2.0","2026-04-27T00:00:00.000Z | 2026-06-11T11:57:15Z"
"PA","Pennsylvania","10b90e60-f2bf-4d8c-9a05-63c0e0e604b0","First Impressionz Dental Lab","-76.30105568","40.06657906","dentist","","202 Butler Ave","Lancaster","17601-6300","PA","US","+17174359672","info@firstimpressionzlab.com","http://www.firstimpressionzlab.com/","https://www.facebook.com/108990935277497","","0.9199122190475464","open","8","meta | Overture | Overture-signals","CDLA-Permissive-2.0","2026-04-27T00:00:00.000Z | 2026-06-11T11:57:15Z | 2026-05-12T00:29:08Z | 2026-05-18T13:23:54Z | 2026-05-25T13:08:59Z | 2026-06-01T13:20:32Z | 2026-06-08T13:20:12Z"
"PA","Pennsylvania","10ca5a3c-4736-4f21-a261-5e34a7a4f8e4","MoyaDent Family Dentistry","-75.15094862","39.92688441","dentist","general_dentistry | health_and_medical","1701 E Moyamensing Ave","Philadelphia","19148-1931","PA","US","+12154624047","moyadentist@gmail.com","http://Moyamensingdental.com/","https://www.facebook.com/110882991913672","","0.7360313534736633","","1","meta | Overture","CDLA-Permissive-2.0","2026-04-27T00:00:00.000Z | 2026-06-11T11:57:15Z"
"PA","Pennsylvania","10dc3c2a-e28e-4310-bc2c-d2fee5e9187c","Adams Anne DDS","-76.64946345","40.28352006","dentist","","24 W Granada Ave","Derry Twp","17033-1440","PA","US","+17175332248","info@anneadamsdds.com","http://www.anneadamsdds.com/","https://www.facebook.com/104197834328325","","0.5473937392234802","","3","meta | Overture","CDLA-Permissive-2.0","2026-04-27T00:00:00.000Z | 2026-06-11T11:57:15Z"
"PA","Pennsylvania","10dcd731-65ee-4aa9-8727-bc686c634b6c","James R. Schmitt DMD","-80.1299180534882","41.8736386829503","dentist","","108 High St","Edinboro","16412","PA","US","(814) 734-3184","lynschmittdental@gmail.com","http://www.schmittfamilydental.com","https://www.facebook.com/160756547279997","","0.77","","5","Foursquare | Overture","Apache-2.0 | CDLA-Permissive-2.0","2025-08-22T00:00:00.000 | 2026-06-11T11:57:15Z"
"PA","Pennsylvania","111e697d-2529-432b-88d7-48d6c982ff60","Dr. Joseph Dragonjac","-80.28516673","40.68112963","dentist","family_practice | medical_service_organizations","300 Marshall Rd","Monaca","15061-1142","PA","US","+17247754115","","www.healthgrades.com/dentist/dr-joseph-dragonjac-xng93","https://www.facebook.com/158319557536272","","0.9760486483573914","","7","meta | Overture","CDLA-Permissive-2.0","2026-04-27T00:00:00.000Z | 2026-06-11T11:57:15Z"
"PA","Pennsylvania","114a43e1-a937-45a5-8e53-5ba76f7eb946","Murray S Smith Family & Laser","-78.32223741433","40.3102803005849","dentist","","210 E Allegheny St","Martinsburg","16662","PA","US","(814) 793-4362","","https://zfdentistry.com","","","0.9199122190475464","open","4","Foursquare | Overture | Overture-signals","Apache-2.0 | CDLA-Permissive-2.0","2025-08-19T00:00:00.000 | 2026-06-11T11:57:15Z | 2026-05-12T00:29:08Z | 2026-05-18T13:23:54Z | 2026-05-25T13:08:59Z | 2026-06-01T13:20:32Z | 2026-06-08T13:20:12Z"
"PA","Pennsylvania","1150c916-00f0-4252-971c-de8075cdc442","Richboro Dental Excellence","-75.01662615","40.21638802","dentist","general_dentistry | cosmetic_dentist","130 Almshouse Rd","Richboro","18954-1100","PA","US","+12154582382","appointments@dynamitesmiles.com","https://richborodentalexcellence.com/forms/np-forms.pdf","https://www.facebook.com/119242268139383","","0.9996619528830052","","9","meta | Overture","CDLA-Permissive-2.0","2026-04-27T00:00:00.000Z | 2026-06-11T11:57:15Z"
"PA","Pennsylvania","1155ec51-2150-4ec1-8bab-224475359e8f","Millcreek Dental Arts","-80.14588257","42.07006103","dentist","general_dentistry | cosmetic_dentist","4020 Sterrettania Rd","Erie","16506-4125","PA","US","+18148353740","info@millcreekdentalarts.com","http://MillcreekDentalArts.com/","https://www.facebook.com/1139087336172885","","0.9199122190475464","open","10","meta | Overture | Overture-signals","CDLA-Permissive-2.0","2026-04-27T00:00:00.000Z | 2026-06-11T11:57:15Z | 2026-05-12T00:29:08Z | 2026-05-18T13:23:54Z | 2026-05-25T13:08:59Z | 2026-06-01T13:20:32Z | 2026-06-08T13:20:12Z"
"PA","Pennsylvania","1158f1f7-68a5-4e85-bae8-490806469d49","Rising Sun Dental Care","-76.943607","40.545629","dentist","health_and_medical | cosmetic_dentist","660 Rising Sun Rd","Millersburg","17061-1245","PA","US","+17176924847","","http://risingsundentalcare.com","https://www.facebook.com/166708660005849","","0.9919955730438232","","8","meta | Overture","CDLA-Permissive-2.0","2026-04-27T00:00:00.000Z | 2026-06-11T11:57:15Z"
"PA","Pennsylvania","116c5e18-ba20-495c-a780-fe4b265a7662","All On Implants and Modern Dentistry","-75.35220967","40.07601624","dentist","general_dentistry","700 S Henderson Rd","King of Prussia","19406-3530","PA","US","+14846853933","","https://allonimplantsphilly.com/","https://www.facebook.com/373487462514915","","0.9199122190475464","open","8","meta | Overture | Overture-signals","CDLA-Permissive-2.0","2026-04-27T00:00:00.000Z | 2026-06-11T11:57:15Z | 2026-05-12T00:29:08Z | 2026-05-18T13:23:54Z | 2026-05-25T13:08:59Z | 2026-06-01T13:20:32Z | 2026-06-08T13:20:12Z"
"PA","Pennsylvania","116de077-6f68-479b-b6da-e56c54bc3756","Roth Dental Laboratory","-80.07806847","41.68678324","dentist","health_and_medical","15604 Schutz Rd","Woodcock Twp","16335-5461","PA","US","+18148601115","roth.dental.labllc@gmail.com","","https://www.facebook.com/111382690327426","","0.9199122190475464","open","7","meta | Overture | Overture-signals","CDLA-Permissive-2.0","2026-04-27T00:00:00.000Z | 2026-06-11T11:57:15Z | 2026-05-12T00:29:08Z | 2026-05-18T13:23:54Z | 2026-05-25T13:08:59Z | 2026-06-01T13:20:32Z | 2026-06-08T13:20:12Z"
"PA","Pennsylvania","117c5c83-8a32-4472-9828-f42892ac574e","Dentistry by Design","-75.12661393","40.22167624","dentist","general_dentistry | cosmetic_dentist","1590 W Street Rd","Warminster","18974-3130","PA","US","+12159570700","office@bucksdental.com","http://www.bucksdental.com/","https://www.facebook.com/319036228257494","Dentistry by Design - Kiran Satashia, DMD","0.9199122190475464","open","9","meta | Overture | Overture-signals","CDLA-Permissive-2.0","2026-04-27T00:00:00.000Z | 2026-06-11T11:57:15Z | 2026-05-12T00:29:08Z | 2026-05-18T13:23:54Z | 2026-05-25T13:08:59Z | 2026-06-01T13:20:32Z | 2026-06-08T13:20:12Z"
"PA","Pennsylvania","11b1268d-fe16-4f7d-b61d-7afdfb1311f1","Dentice Julia M DMD","-80.08296381","40.50830677","dentist","health_and_medical | medical_service_organizations","7100 Church Ave","Ben Avon","15202-1812","PA","US","+14127663900","","","https://www.facebook.com/135595123156684","","0.9199122190475464","open","8","meta | Overture | Overture-signals","CDLA-Permissive-2.0","2026-04-27T00:00:00.000Z | 2026-06-11T11:57:15Z | 2026-05-12T00:29:08Z | 2026-05-18T13:23:54Z | 2026-05-25T13:08:59Z | 2026-06-01T13:20:32Z | 2026-06-08T13:20:12Z"
"PA","Pennsylvania","11c0ddc8-7b18-4527-ac80-4816ba90dfd9","Spa Dental Center","-80.07065773","41.7988456","dentist","general_dentistry | medical_service_organizations","750 Venango Ave","Cambridge Springs","16403-1410","PA","US","+18143982656","office2@spadentalcenter.com","https://www.spadentalcenter.com/","https://www.facebook.com/255621372997308","","0.9199122190475464","open","6","meta | Overture | Overture-signals","CDLA-Permissive-2.0","2026-04-27T00:00:00.000Z | 2026-06-11T11:57:15Z | 2026-05-12T00:29:08Z | 2026-05-18T13:23:54Z | 2026-05-25T13:08:59Z | 2026-06-01T13:20:32Z | 2026-06-08T13:20:12Z"
"PA","Pennsylvania","11c22cc0-669a-479c-b2e6-1669a7f9cde5","Gregory Christina A DDS","-74.95069181","40.07759209","dentist","general_dentistry","2218 Bristol Pike","Bensalem","19020-5210","PA","US","+12156396133","","","https://www.facebook.com/110840267200609","","0.9199122190475464","open","9","meta | Overture | Overture-signals","CDLA-Permissive-2.0","2026-04-27T00:00:00.000Z | 2026-06-11T11:57:15Z | 2026-05-12T00:29:08Z | 2026-05-18T13:23:54Z | 2026-05-25T13:08:59Z | 2026-06-01T13:20:32Z | 2026-06-08T13:20:12Z"
"PA","Pennsylvania","11fa2a8a-4b6f-4563-9e24-906063717188","Dental Arts of Logan Square","-75.1680922379862","39.9598099609432","dentist","","2 Franklin Town Blvd","Philadelphia","19103","PA","US","(267) 519-9694","","http://www.dentalartsphiladelphia.com","","","0.9199122190475464","open","4","Foursquare | Overture | Overture-signals","Apache-2.0 | CDLA-Permissive-2.0","2025-04-10T00:00:00.000 | 2026-06-11T11:57:15Z | 2026-05-12T00:29:08Z | 2026-05-18T13:23:54Z | 2026-05-25T13:08:59Z | 2026-06-01T13:20:32Z | 2026-06-08T13:20:12Z"
"PA","Pennsylvania","120daf76-1ac3-4333-baae-0620b6f58244","Providence Dental Associates","-75.37994794","39.91421717","dentist","general_dentistry | medical_service_organizations","350 S Providence Rd","Media","19063-3848","PA","US","+16105663326","","http://www.providencedentalassociates.com/","https://www.facebook.com/292912870739449","Providence Dental Associates of Media","0.9996435505151748","open","11","meta | Overture | Overture-signals","CDLA-Permissive-2.0","2026-04-27T00:00:00.000Z | 2026-06-11T11:57:15Z | 2026-05-12T00:29:08Z"
"PA","Pennsylvania","122bd7f5-c435-4a23-aef0-a6d9b43a77a9","Jeffrey Leiss & Associate - Jeffrey Leiss DDS","-75.8574955600021","40.15721562542","dentist","","201 Darby Sq","Elverson","19520","PA","US","(610) 286-2900","","http://www.drjeffreyleiss.com","","","0.77","","5","Foursquare | Overture","Apache-2.0 | CDLA-Permissive-2.0","2025-08-19T00:00:00.000 | 2026-06-11T11:57:15Z"
"PA","Pennsylvania","122c86cd-b565-4668-857d-cc31acc0d95e","Dr. Jeffrey Butler D.M.D.","-79.5476957","40.1387092","dentist","doctor | family_practice","770 Route 819 S","Mt Pleasant","15666-2144","PA","US","+17245477581","","","https://www.facebook.com/207891832927355","","0.5293937921524048","","8","meta | Overture","CDLA-Permissive-2.0","2026-04-27T00:00:00.000Z | 2026-06-11T11:57:15Z"
"PA","Pennsylvania","125948bf-78ac-490e-b61f-a9590dd4dae2","Dr John Rawa","-79.3928224556822","40.2907333021779","dentist","","10 Liberty Ln","Latrobe","15650","PA","US","(724) 539-7781","lisa@rawadental.com","http://www.rawadental.com","https://www.facebook.com/155534757837196","","0.9199122190475464","open","4","Foursquare | Overture | Overture-signals","Apache-2.0 | CDLA-Permissive-2.0","2025-10-14T00:00:00.000 | 2026-06-11T11:57:15Z | 2026-05-12T00:29:08Z | 2026-05-18T13:23:54Z | 2026-05-25T13:08:59Z | 2026-06-01T13:20:32Z | 2026-06-08T13:20:12Z"
"PA","Pennsylvania","125debc9-89f2-4ed3-9857-2e5acf5f3087","Robert J. Notari, D.D.S.","-75.73773279","41.3682299","dentist","general_dentistry","429 S Main St","Old Forge","18518-1684","PA","US","+15704510130","","","https://www.facebook.com/248550745336645","","0.5646418929100037","","2","meta | Overture","CDLA-Permissive-2.0","2026-04-27T00:00:00.000Z | 2026-06-11T11:57:15Z"
"PA","Pennsylvania","12627a06-6378-418b-aa92-c9b4c0b6bf44","Oakmont Advanced Dentistry","-79.842761","40.514189","dentist","","200 Allegheny River Blvd.","Oakmont","15139","PA","US","+14122194913","","https://www.oakmontfamilydentists.com/","","","0.9902192950248718","open","8","DAC | Overture | Overture-signals","CDLA-Permissive-2.0","2026-06-10T16:03:35.911Z | 2026-06-11T11:57:15Z | 2026-05-12T00:29:08Z | 2026-05-18T13:23:54Z | 2026-05-25T13:08:59Z | 2026-06-01T13:20:32Z | 2026-06-08T13:20:12Z"
"PA","Pennsylvania","12652eed-3426-4360-9d47-56e17801c033","Benco Dental","-75.75280034","41.29398455","dentist","general_dentistry | surgical_appliances_and_supplies","295 Centerpoint Blvd","Pittston","18640-6136","PA","US","+18004623626","ssmith@benco.com","http://benco.com/careers","https://www.facebook.com/100675028563127","Benco","0.9902192950248718","open","8","meta | Overture | Overture-signals","CDLA-Permissive-2.0","2026-04-27T00:00:00.000Z | 2026-06-11T11:57:15Z | 2026-05-12T00:29:08Z | 2026-05-18T13:23:54Z | 2026-05-25T13:08:59Z | 2026-06-01T13:20:32Z | 2026-06-08T13:20:12Z"
"PA","Pennsylvania","1270e5f4-40e8-4b55-a8b4-660d79f81a4d","Schuster Family Dental","-75.27892531","40.70870336","dentist","general_dentistry | health_and_medical","3600 Northwood Ave","Easton","18045-8313","PA","US","+16102580091","","","https://www.facebook.com/100713378973243","","0.9199122190475464","open","7","meta | Overture | Overture-signals","CDLA-Permissive-2.0","2026-04-27T00:00:00.000Z | 2026-06-11T11:57:15Z | 2026-05-12T00:29:08Z | 2026-05-18T13:23:54Z | 2026-05-25T13:08:59Z | 2026-06-01T13:20:32Z | 2026-06-08T13:20:12Z"
"PA","Pennsylvania","128ad51a-6e20-4785-b7a1-7fa0c6c3ba00","White Family Dental","-76.38301944","40.17088315","dentist","endodontist | health_and_medical","108 Doe Run Rd","Manheim","17545-8502","PA","US","+17178799700","","http://www.whitefamilydental.com","https://www.facebook.com/933247896759459","","0.9902192950248718","open","8","meta | Overture | Overture-signals","CDLA-Permissive-2.0","2026-04-27T00:00:00.000Z | 2026-06-11T11:57:15Z | 2026-05-12T00:29:08Z | 2026-05-18T13:23:54Z | 2026-05-25T13:08:59Z | 2026-06-01T13:20:32Z | 2026-06-08T13:20:12Z"
"PA","Pennsylvania","12af6a0c-c296-4bba-a299-7b9f3008ef6b","Fadi Karam DDS","-75.24457488","40.68912872","dentist","general_dentistry | medical_service_organizations","2131 Northampton St","Wilson","18042-3141","PA","US","+16102523425","","http://www.dentaleaston.com","https://www.facebook.com/1700263330247569","Fadi Karam DDS","0.9199122190475464","open","9","meta | Overture | Overture-signals","CDLA-Permissive-2.0","2026-04-27T00:00:00.000Z | 2026-06-11T11:57:15Z | 2026-05-12T00:29:08Z | 2026-05-18T13:23:54Z | 2026-05-25T13:08:59Z | 2026-06-01T13:20:32Z | 2026-06-08T13:20:12Z"
"PA","Pennsylvania","12b9409a-76d5-49a5-9e5b-199ac45ca0fb","Sharps Kerry DDS","-75.164097","39.929591","dentist","","1612 E Passyunk Ave","Philadelphia","19148","PA","US","(215) 463-2727","","http://www.charlesmackco.com","https://www.facebook.com/104856312912912","","0.9199122190475464","open","4","Foursquare | Overture | Overture-signals","Apache-2.0 | CDLA-Permissive-2.0","2025-04-11T00:00:00.000 | 2026-06-11T11:57:15Z | 2026-05-12T00:29:08Z | 2026-05-18T13:23:54Z | 2026-05-25T13:08:59Z | 2026-06-01T13:20:32Z | 2026-06-08T13:20:12Z"
"PA","Pennsylvania","12cb59e5-d273-4e3e-8b4d-4d2a90909eb2","Childrens Dental Health","-75.4224344025505","39.9152386472982","dentist","","1022 E Baltimore Pike","Media","19063","PA","US","(610) 565-7870","","http://www.childrensdentalhealth.com","","","0.9199122190475464","open","4","Foursquare | Overture | Overture-signals","Apache-2.0 | CDLA-Permissive-2.0","2025-08-22T00:00:00.000 | 2026-06-11T11:57:15Z | 2026-05-12T00:29:08Z | 2026-05-18T13:23:54Z | 2026-05-25T13:08:59Z | 2026-06-01T13:20:32Z | 2026-06-08T13:20:12Z"
"PA","Pennsylvania","12df67f8-9557-4cc7-a371-ad00bba8cf41","Dental Distinction","-75.68496394","40.07559493","dentist","general_dentistry","60 Pottstown Pike","Upper Uwchlan Twp","19425-9563","PA","US","+16104588025","crissy@chesterspringsdentist.com","http://chesterspringsdentist.com/","https://www.facebook.com/235818089785601","","0.9199122190475464","open","8","meta | Overture | Overture-signals","CDLA-Permissive-2.0","2026-04-27T00:00:00.000Z | 2026-06-11T11:57:15Z | 2026-05-12T00:29:08Z | 2026-05-18T13:23:54Z | 2026-05-25T13:08:59Z | 2026-06-01T13:20:32Z | 2026-06-08T13:20:12Z"
"PA","Pennsylvania","12e109d1-d244-47e6-9100-32c1cf0e2233","Dental and Aesthetics of Pittsburgh","-80.00571617","40.51839022","dentist","cosmetic_dentist | general_dentistry","4725 McKnight Rd","Ross Twp","15237-3414","PA","US","+14123380678","dentalandaestheticsmck@gmail.com","","https://www.facebook.com/100562875267327","","0.9902192950248718","open","2","meta | Overture | Overture-signals","CDLA-Permissive-2.0","2026-04-27T00:00:00.000Z | 2026-06-11T11:57:15Z | 2026-05-12T00:29:08Z | 2026-05-18T13:23:54Z | 2026-05-25T13:08:59Z | 2026-06-01T13:20:32Z | 2026-06-08T13:20:12Z"
"PA","Pennsylvania","12ea8e5c-20a0-4c40-9705-e0a56b57cba7","Risley Dental","-75.51710306","40.56296577","dentist","general_dentistry | health_and_medical","1275 S Cedar Crest Blvd","Allentown","18103-6207","PA","US","+16103956965","info@risleydental.com","http://risleydental.com/","https://www.facebook.com/106480539405538","","0.9199122190475464","open","7","meta | Overture | Overture-signals","CDLA-Permissive-2.0","2026-04-27T00:00:00.000Z | 2026-06-11T11:57:15Z | 2026-05-12T00:29:08Z | 2026-05-18T13:23:54Z | 2026-05-25T13:08:59Z | 2026-06-01T13:20:32Z | 2026-06-08T13:20:12Z"
"PA","Pennsylvania","12fc04f7-54f7-4659-a8b3-11611889fe53","Thomas Dental Group","-80.21182","40.504597","dentist","cosmetic_dentist | doctor","1000 Commerce Dr","Coraopolis","15108-4739","PA","US","+14122623530","info@thomasdentalgroup.net","http://thomasdentalgroup.net/","https://www.facebook.com/740399262729648","Thomas Dental Group","0.973025918006897","","7","meta | Overture","CDLA-Permissive-2.0","2026-04-27T00:00:00.000Z | 2026-06-11T11:57:15Z"
"PA","Pennsylvania","12fe4812-dc63-4139-8f73-669c2b100f7c","Young Smiles Family Dentistry","-75.20946677","39.95468103","dentist","general_dentistry","4310 Walnut St","Philadelphia","19104-5239","PA","US","+12672797674","youngsmilesphilly@gmail.com","https://youngsmilesphilly.com/","https://www.facebook.com/281811701689653","Young Smiles Family Dentistry - Donald F Turner Do","0.9902192950248718","open","9","meta | Overture | Overture-signals","CDLA-Permissive-2.0","2026-04-27T00:00:00.000Z | 2026-06-11T11:57:15Z | 2026-05-12T00:29:08Z | 2026-05-18T13:23:54Z | 2026-05-25T13:08:59Z | 2026-06-01T13:20:32Z | 2026-06-08T13:20:12Z"
"PA","Pennsylvania","13231921-0214-4e32-a765-c93f05808052","Stewartstown Family Dentistry","-76.5918603766834","39.7570250463069","dentist","","36 N Main St","Stewartstown","17363","PA","US","(717) 993-2554","info@stewartstowndentistry.com","https://www.stewartstowndentistry.com","","","0.9199122190475464","open","5","Foursquare | Overture | Overture-signals","Apache-2.0 | CDLA-Permissive-2.0","2025-08-22T00:00:00.000 | 2026-06-11T11:57:15Z | 2026-05-12T00:29:08Z | 2026-05-18T13:23:54Z | 2026-05-25T13:08:59Z | 2026-06-01T13:20:32Z | 2026-06-08T13:20:12Z"
"PA","Pennsylvania","13300a01-ba68-4de3-92b8-d2926aaaa53f","J B Dental Lab Inc","-75.25634524","39.94857164","dentist","health_and_medical","7049 Radbourne Rd","Upper Darby","19082-5215","PA","US","+14844617611","","","https://www.facebook.com/161593330525050","","0.7798767685890198","","7","meta | Overture","CDLA-Permissive-2.0","2026-04-27T00:00:00.000Z | 2026-06-11T11:57:15Z"
"PA","Pennsylvania","1336b969-a72e-4932-add6-5b6b1c5fa888","Rawa P DDS","-79.39294231","40.2905756","dentist","general_dentistry","10 Liberty Ln","Latrobe","15650-2772","PA","US","+17245397781","info@rawadental.com","http://www.RawaDental.com/","https://www.facebook.com/1065420823528674","Dentistry with a Touch of Art","0.9199122190475464","open","9","meta | Overture | Overture-signals","CDLA-Permissive-2.0","2026-04-27T00:00:00.000Z | 2026-06-11T11:57:15Z | 2026-05-12T00:29:08Z | 2026-05-18T13:23:54Z | 2026-05-25T13:08:59Z | 2026-06-01T13:20:32Z | 2026-06-08T13:20:12Z"
"PA","Pennsylvania","133e3549-9f9d-4886-86ea-dde85d391d17","Brennan Michael P DDS","-75.67947261","41.41305794","dentist","general_dentistry | doctor","128 N Main Ave","Scranton","18504-3327","PA","US","+15703445511","","","https://www.facebook.com/1435073496731497","","0.9199122190475464","open","8","meta | Overture | Overture-signals","CDLA-Permissive-2.0","2026-04-27T00:00:00.000Z | 2026-06-11T11:57:15Z | 2026-05-12T00:29:08Z | 2026-05-18T13:23:54Z | 2026-05-25T13:08:59Z | 2026-06-01T13:20:32Z | 2026-06-08T13:20:12Z"
"PA","Pennsylvania","13423539-e4e8-4501-af3b-710b97814f4d","Brookline Dental Associates","-75.30319179","39.97929459","dentist","cosmetic_dentist | general_dentistry","40 Brookline Blvd","Havertown","19083-3802","PA","US","+16104464225","mainoffice@brooklinedentalpa.com","http://Havertowndentist.com/","https://www.facebook.com/584248888435989","Brookline Dental Associates","0.9902192950248718","open","9","meta | Overture | Overture-signals","CDLA-Permissive-2.0","2026-04-27T00:00:00.000Z | 2026-06-11T11:57:15Z | 2026-05-12T00:29:08Z | 2026-05-18T13:23:54Z | 2026-05-25T13:08:59Z | 2026-06-01T13:20:32Z | 2026-06-08T13:20:12Z"
"PA","Pennsylvania","13463d80-898d-4631-8c4d-f1d9e05c2ca3","Bloomfield Dental","-75.30615499","39.94614358","dentist","general_dentistry | cosmetic_dentist","4130 Bloomfield Ave","Drexel Hill","19026-3803","PA","US","+16102844770","dentistry@4130bloomfieldave.com","http://www.BloomfieldAveDental.com/","https://www.facebook.com/373794939461226","","0.9982437586784363","","10","meta | Overture","CDLA-Permissive-2.0","2026-04-27T00:00:00.000Z | 2026-06-11T11:57:15Z"
"PA","Pennsylvania","136b6bf2-b27c-40dd-a766-2c6422c3103b","Lee Dental Associates","-75.3487499917377","39.9390078748694","dentist","","114 S State Rd","Springfield","19064","PA","US","(610) 544-3777","","http://www.leedental.com","","","0.9199122190475464","open","4","Foursquare | Overture | Overture-signals","Apache-2.0 | CDLA-Permissive-2.0","2024-06-25T00:00:00.000 | 2026-06-11T11:57:15Z | 2026-05-12T00:29:08Z | 2026-05-18T13:23:54Z | 2026-05-25T13:08:59Z | 2026-06-01T13:20:32Z | 2026-06-08T13:20:12Z"
"PA","Pennsylvania","136eb7d8-51a2-4b5f-97df-7a6a5a4af315","Frederick D Sams DMD","-79.93126","40.455409","dentist","endodontist | health_and_medical","5732 Ellsworth Ave","Pittsburgh","15232-1741","PA","US","+14123631821","dentalmedicineinstitute@gmail.com","http://www.healthysmilespgh.com/","https://www.facebook.com/165801593446453","","0.8871486783027649","","9","meta | Overture","CDLA-Permissive-2.0","2026-04-27T00:00:00.000Z | 2026-06-11T11:57:15Z"
"PA","Pennsylvania","13754d10-d55b-470a-9178-45068fbbdc2f","University City Pennsylvania Dental","-75.19341578","39.95594168","dentist","general_dentistry","3508 Market St","Philadelphia","19104-3311","PA","US","+12159215508","dr@ucpenndental.com","https://universitycitypadental.com/","https://www.facebook.com/2315085868769796","","0.9199122190475464","open","9","meta | Overture | Overture-signals","CDLA-Permissive-2.0","2026-04-27T00:00:00.000Z | 2026-06-11T11:57:15Z | 2026-05-12T00:29:08Z | 2026-05-18T13:23:54Z | 2026-05-25T13:08:59Z | 2026-06-01T13:20:32Z | 2026-06-08T13:20:12Z"
"PA","Pennsylvania","1383cad1-0d5d-435f-88d2-33d2a51d1a92","Jennifer Gill","-79.59040214","40.10194835","dentist","doctor | general_dentistry","322 Pittsburgh St","Scottdale","15683-1723","PA","US","+17248874111","","http://jennifersiwulagilldmd.com/","https://www.facebook.com/906747462686367","","0.8343589305877686","","9","meta | Overture","CDLA-Permissive-2.0","2026-04-27T00:00:00.000Z | 2026-06-11T11:57:15Z"
"PA","Pennsylvania","13b844c9-35b1-4233-865f-8d080e8eb79a","Vancheri and Vancheri","-78.97513517","40.94305085","dentist","orthodontist | doctor","312 W Mahoning St","Punxsutawney","15767-1906","PA","US","+18149387880","","http://vancherivancheri.placeweb.site","https://www.facebook.com/131818433594359","","0.9199122190475464","open","1","meta | Overture | Overture-signals","CDLA-Permissive-2.0","2026-04-27T00:00:00.000Z | 2026-06-11T11:57:15Z | 2026-05-12T00:29:08Z | 2026-05-18T13:23:54Z | 2026-05-25T13:08:59Z | 2026-06-01T13:20:32Z | 2026-06-08T13:20:12Z"
"PA","Pennsylvania","13c9a735-2e9a-45ee-a3e6-6945bcb3c5a8","Arlick Jay L DDS","-78.52334886","41.41281104","dentist","general_dentistry | medical_service_organizations","1082 S Michael St","St Marys","15857-3003","PA","US","+18148349492","","http://www.jayarlick.com","https://www.facebook.com/167417303270774","","0.5903599858283997","","8","meta | Overture","CDLA-Permissive-2.0","2026-04-27T00:00:00.000Z | 2026-06-11T11:57:15Z"
"PA","Pennsylvania","13d382db-9c21-41aa-b994-d2b32ce2621d","Irwin Jeff DDS","-79.03125147","39.80562818","dentist","medical_service_organizations | family_practice","601 Salisbury St","Meyersdale","15552-1421","PA","US","+18146345961","","http://irwinjeffdds.placeweb.site","https://www.facebook.com/402088686468423","","0.9199122190475464","open","6","meta | Overture | Overture-signals","CDLA-Permissive-2.0","2026-04-27T00:00:00.000Z | 2026-06-11T11:57:15Z | 2026-05-12T00:29:08Z | 2026-05-18T13:23:54Z | 2026-05-25T13:08:59Z | 2026-06-01T13:20:32Z | 2026-06-08T13:20:12Z"
"PA","Pennsylvania","13e4676b-5219-429c-8e8b-993b7069349b","Audubon Family Dental","-75.42920496","40.12866578","dentist","general_dentistry","2785 Egypt Rd","Lower Providence Twp","19403-2254","PA","US","+16106315800","info@audubonfamilydental.com","http://www.audubonfamilydental.com/","https://www.facebook.com/1735708553315129","","0.9199122190475464","open","7","meta | Overture | Overture-signals","CDLA-Permissive-2.0","2026-04-27T00:00:00.000Z | 2026-06-11T11:57:15Z | 2026-05-12T00:29:08Z | 2026-05-18T13:23:54Z | 2026-05-25T13:08:59Z | 2026-06-01T13:20:32Z | 2026-06-08T13:20:12Z"
"PA","Pennsylvania","13ec9920-249b-4fd0-ba89-7e436d1ced00","Bottiger Dental Ceramics","-77.02334541","40.926843","dentist","","51 Red Barn Ln","Mifflinburg","17844-6512","PA","US","+15709663020","bottigerdentlab@dejazzd.com","","https://www.facebook.com/480780338762928","","0.9199122190475464","open","7","meta | Overture | Overture-signals","CDLA-Permissive-2.0","2026-04-27T00:00:00.000Z | 2026-06-11T11:57:15Z | 2026-05-12T00:29:08Z | 2026-05-18T13:23:54Z | 2026-05-25T13:08:59Z | 2026-06-01T13:20:32Z | 2026-06-08T13:20:12Z"
"PA","Pennsylvania","13f414be-143c-4c48-b830-548d6a3f6871","John Francis Buzzatto","-79.958812","40.560862","dentist","","3942 William Flynn Hwy","Allison Park","15101","PA","US","(412) 487-8560","","http://soxman-buzzatto.com","","","0.9199122190475464","open","4","Foursquare | Overture | Overture-signals","Apache-2.0 | CDLA-Permissive-2.0","2025-08-22T00:00:00.000 | 2026-06-11T11:57:15Z | 2026-05-12T00:29:08Z | 2026-05-18T13:23:54Z | 2026-05-25T13:08:59Z | 2026-06-01T13:20:32Z | 2026-06-08T13:20:12Z"
"PA","Pennsylvania","140d9bb6-ed32-459d-95cf-294355bc7668","Magic Orthodontics","-75.8779135959841","41.8329596040876","dentist","","Public Ave.","Montrose","18801","PA","US","(570) 278-1227","","http://www.magicortho.com","","","0.77","","5","Foursquare | Overture","Apache-2.0 | CDLA-Permissive-2.0","2025-08-22T00:00:00.000 | 2026-06-11T11:57:15Z"
"PA","Pennsylvania","141ec562-bcc7-4f27-82d5-1c823e06c2f3","Artisan Smiles","-76.68102058","39.97325491","dentist","general_dentistry | health_and_medical","2300 E Market St","Springettsbury Twp","17402-2858","PA","US","+14844610128","","https://artisansmilespa.com","https://www.facebook.com/700438056801179","","0.9902192950248718","open","8","meta | Overture | Overture-signals","CDLA-Permissive-2.0","2026-04-27T00:00:00.000Z | 2026-06-11T11:57:15Z | 2026-05-12T00:29:08Z | 2026-05-18T13:23:54Z | 2026-05-25T13:08:59Z | 2026-06-01T13:20:32Z | 2026-06-08T13:20:12Z"
"PA","Pennsylvania","142e5d00-f56a-4815-9b01-4c2c7098514a","Sleep Apnea Dental Solutions","-75.63997425","40.24420338","dentist","general_dentistry","562 E High St","Pottstown","19464-5635","PA","US","+16103236086","rohrbachdental@rfdimplants.com","http://Pottstowndentalsleepapnea.com/","https://www.facebook.com/241905899995817","","0.9199122190475464","open","10","meta | Overture | Overture-signals","CDLA-Permissive-2.0","2026-04-27T00:00:00.000Z | 2026-06-11T11:57:15Z | 2026-05-12T00:29:08Z | 2026-05-18T13:23:54Z | 2026-05-25T13:08:59Z | 2026-06-01T13:20:32Z | 2026-06-08T13:20:12Z"
"PA","Pennsylvania","14493e2e-5499-4bb9-aea7-d31300a774b7","Pediatric Dentistry Of Collegeville","-75.4594765877307","40.1778815225473","dentist","","555 Second Ave Ste E-202","Collegeville","19426","PA","US","(610) 409-2599","aweissdmd@aol.com","http://pediatricdentistryofcollegeville.com","https://www.twitter.com/cv_pediodent | https://www.facebook.com/172606306224405","","0.77","","5","Foursquare | Overture","Apache-2.0 | CDLA-Permissive-2.0","2025-08-22T00:00:00.000 | 2026-06-11T11:57:15Z"
"PA","Pennsylvania","145fb3f5-e960-4c50-9698-7f445b96366e","Kogan Dental Laboratory Inc.","-75.0010605","40.2004013","dentist","health_and_medical | laboratory_testing","63 Georgianna Dr","Richboro","18954","PA","US","+12157046793","","","https://www.facebook.com/195676627265392","","0.7698350548744202","","7","meta | Overture","CDLA-Permissive-2.0","2026-04-27T00:00:00.000Z | 2026-06-11T11:57:15Z"
"PA","Pennsylvania","146468e7-9b0c-4e6f-9839-056068bb7d92","Huntingdon Family Dentistry","-78.01582924","40.48915435","dentist","general_dentistry | medical_service_organizations","911 Mifflin St","Huntingdon","16652-1817","PA","US","+18146433920","","http://www.huntingdonfamilydentistry.com","https://www.facebook.com/223509001571815","","0.9199122190475464","open","8","meta | Overture | Overture-signals","CDLA-Permissive-2.0","2026-04-27T00:00:00.000Z | 2026-06-11T11:57:15Z | 2026-05-12T00:29:08Z | 2026-05-18T13:23:54Z | 2026-05-25T13:08:59Z | 2026-06-01T13:20:32Z | 2026-06-08T13:20:12Z"
"PA","Pennsylvania","148d9c36-91b3-4ade-a33e-65745bd3a01c","Kiski Advanced Dentistry","-79.628322","40.61582","dentist","","1181 PA-356","Leechburg","15656","PA","US","+17242945526","","https://kiskiadvanceddentistry.com","","","0.9199122190475464","open","8","DAC | Overture | Overture-signals","CDLA-Permissive-2.0","2026-06-10T16:03:35.911Z | 2026-06-11T11:57:15Z | 2026-05-12T00:29:08Z | 2026-05-18T13:23:54Z | 2026-05-25T13:08:59Z | 2026-06-01T13:20:32Z | 2026-06-08T13:20:12Z"
"PA","Pennsylvania","14a11b2e-2887-40ba-be1b-9647a3cc4aa3","Community Health and Dental Care","-75.60141074","40.24549771","dentist","family_practice | medical_center","700 Heritage Dr","Lower Pottsgrove Twp","19464-3297","PA","US","+16103269460","","http://www.ch-dc.org","https://www.facebook.com/1677692105840341","Community Health & Dental Care","0.9902192950248718","open","11","meta | Overture | Overture-signals","CDLA-Permissive-2.0","2026-04-27T00:00:00.000Z | 2026-06-11T11:57:15Z | 2026-05-12T00:29:08Z | 2026-05-18T13:23:54Z | 2026-05-25T13:08:59Z | 2026-06-01T13:20:32Z | 2026-06-08T13:20:12Z"
"PA","Pennsylvania","14cefaa1-5169-40b8-9794-81d7a2f018b6","Lakeside Family Dentists","-74.823277","40.149059","dentist","","63 Lakeside Dr","Levittown","19054","PA","US","(215) 943-0213","","http://lakesidefamilydentist.godaddysites.com","","","0.9199122190475464","open","4","Foursquare | Overture | Overture-signals","Apache-2.0 | CDLA-Permissive-2.0","2025-08-19T00:00:00.000 | 2026-06-11T11:57:15Z | 2026-05-12T00:29:08Z | 2026-05-18T13:23:54Z | 2026-05-25T13:08:59Z | 2026-06-01T13:20:32Z | 2026-06-08T13:20:12Z"
"PA","Pennsylvania","150e35ef-9dd1-418a-9776-aed08ff100da","Aesthetic Family Dental Center","-79.65651421","40.3462803","dentist","general_dentistry | cosmetic_dentist","458 Manor Harrison City Rd","Harrison City","15636-1102","PA","US","+17248616109","aestheticfamilydental@gmail.com","http://www.aestheticfamilydentalcenter.com/","https://www.facebook.com/590780484332927","","0.9953925609588623","","9","meta | Overture","CDLA-Permissive-2.0","2026-04-27T00:00:00.000Z | 2026-06-11T11:57:15Z"
"PA","Pennsylvania","152d9ebb-97f1-4a54-9c3f-f99a6894f844","Martin Scott D DDS","-77.01777704","41.238006","dentist","general_dentistry | doctor","818 W 3rd St","Williamsport","17701-5856","PA","US","+15703230917","","http://www.martinscott.com","https://www.facebook.com/162644593823861","Martin Scott famah","0.9199122190475464","open","8","meta | Overture | Overture-signals","CDLA-Permissive-2.0","2026-04-27T00:00:00.000Z | 2026-06-11T11:57:15Z | 2026-05-12T00:29:08Z | 2026-05-18T13:23:54Z | 2026-05-25T13:08:59Z | 2026-06-01T13:20:32Z | 2026-06-08T13:20:12Z"
"PA","Pennsylvania","1571d8b1-5421-42c7-a712-f7fc17fb7753","Zielinski Family Dentistry","-75.8864133855343","41.2631116745111","dentist","","450 Warren Ave","Kingston","18704","PA","US","(570) 288-3697","","http://www.hjzdental.com","","","0.9199122190475464","open","4","Foursquare | Overture | Overture-signals","Apache-2.0 | CDLA-Permissive-2.0","2025-08-22T00:00:00.000 | 2026-06-11T11:57:15Z | 2026-05-12T00:29:08Z | 2026-05-18T13:23:54Z | 2026-05-25T13:08:59Z | 2026-06-01T13:20:32Z | 2026-06-08T13:20:12Z"
"PA","Pennsylvania","15728709-71cf-4396-8783-625620ac668b","Heckenberger Dental","-75.4000819","40.63363667","dentist","general_dentistry | health_and_medical","1234 Eaton Ave","Bethlehem","18018-1806","PA","US","+16108667021","","","https://www.facebook.com/116961628364991","","0.9902192950248718","open","8","meta | Overture | Overture-signals","CDLA-Permissive-2.0","2026-04-27T00:00:00.000Z | 2026-06-11T11:57:15Z | 2026-05-12T00:29:08Z | 2026-05-18T13:23:54Z | 2026-05-25T13:08:59Z | 2026-06-01T13:20:32Z | 2026-06-08T13:20:12Z"
"PA","Pennsylvania","157ac384-722a-4f1f-b7ed-a6a1cc307751","Clopp and Baird Family and Cosmetic Dentistry","-80.10508869","40.6931716","dentist","cosmetic_dentist | medical_service_organizations","20399 Route 19","Cranberry Twp","16066-6134","PA","US","+17247764088","drcloppdmd@yahoo.com","http://www.drcloppdmd.com/","https://www.facebook.com/324132685004410","","0.9199122190475464","open","9","meta | Overture | Overture-signals","CDLA-Permissive-2.0","2026-04-27T00:00:00.000Z | 2026-06-11T11:57:15Z | 2026-05-12T00:29:08Z | 2026-05-18T13:23:54Z | 2026-05-25T13:08:59Z | 2026-06-01T13:20:32Z | 2026-06-08T13:20:12Z"
"PA","Pennsylvania","15b4fa65-100c-4544-bc05-11bd6841cfef","Dental Health","-77.03079345","40.25049051","dentist","health_and_medical | cosmetic_dentist","11 Flowers Dr","Silver Spring Twp","17050-1714","PA","US","+17177660600","dentalhealthss@verizon.net","http://www.dentalhealthofsilverspring.com/","https://www.facebook.com/937999066225334","","0.9935729503631592","open","9","meta | Overture | Overture-signals","CDLA-Permissive-2.0","2026-04-27T00:00:00.000Z | 2026-06-11T11:57:15Z | 2026-06-08T13:20:12Z"
"PA","Pennsylvania","15d0526f-5dc4-468f-8962-318f335d15ef","Dr. Steven Rice","-75.167685","39.950031","dentist","","1601 Walnut St Ste 1310","Philadelphia","19102","PA","US","(215) 557-1555","office@drstevenrice.com","http://drstevenrice.com","","","0.77","","5","Foursquare | Overture","Apache-2.0 | CDLA-Permissive-2.0","2024-05-03T00:00:00.000 | 2026-06-11T11:57:15Z"
"PA","Pennsylvania","15fc5309-8495-4b33-bbd6-27f15c79a3b6","Smiles by Shannon Dental","-76.87497747","40.3280478","dentist","general_dentistry","4400 Deer Path Rd","Susquehanna Twp","17110-3908","PA","US","+17179566000","info@smilesbyshannondental.com","http://www.SmilesByShannonDental.com/","https://www.facebook.com/876324632766690","","0.9199122190475464","open","9","meta | Overture | Overture-signals","CDLA-Permissive-2.0","2026-04-27T00:00:00.000Z | 2026-06-11T11:57:15Z | 2026-05-12T00:29:08Z | 2026-05-18T13:23:54Z | 2026-05-25T13:08:59Z | 2026-06-01T13:20:32Z | 2026-06-08T13:20:12Z"
"PA","Pennsylvania","16169d41-4a12-4244-8704-bf03660e31b7","Strinkoski Daniel J DDS","-80.01835063","40.4517133","dentist","general_dentistry | medical_service_organizations","942 Western Ave","Pittsburgh","15233-1718","PA","US","+14123229620","","http://www.drdanstrinkoski.com","https://www.facebook.com/133915639993084","","0.9315774440765381","","8","meta | Overture","CDLA-Permissive-2.0","2026-04-27T00:00:00.000Z | 2026-06-11T11:57:15Z"
"PA","Pennsylvania","16371cbe-62f5-44df-bb40-b364c0925d05","Richard Ip, DDS","-75.02872371","40.06734354","dentist","general_dentistry | medical_service_organizations","2678 Welsh Rd","Philadelphia","19152-1548","PA","US","+12156734017","","http://richardipdds.com","https://www.facebook.com/152749571433845","","0.9902192950248718","open","9","meta | Overture | Overture-signals","CDLA-Permissive-2.0","2026-04-27T00:00:00.000Z | 2026-06-11T11:57:15Z | 2026-05-12T00:29:08Z | 2026-05-18T13:23:54Z | 2026-05-25T13:08:59Z | 2026-06-01T13:20:32Z | 2026-06-08T13:20:12Z"
"PA","Pennsylvania","16498156-a471-4d3c-9314-fab36425ce95","Dental Care Associates","-78.39532577","40.45743785","dentist","health_and_medical | medical_service_organizations","712 S Logan Blvd","Hollidaysburg","16648-3032","PA","US","+18144822657","","https://www.dentalcareassoc.com/locations/hollidaysburg-dentist","https://www.facebook.com/426084187245042","Dental Care Associates","0.9902192950248718","open","9","meta | Overture | Overture-signals","CDLA-Permissive-2.0","2026-04-27T00:00:00.000Z | 2026-06-11T11:57:15Z | 2026-05-12T00:29:08Z | 2026-05-18T13:23:54Z | 2026-05-25T13:08:59Z | 2026-06-01T13:20:32Z | 2026-06-08T13:20:12Z"
"PA","Pennsylvania","166c2751-9f4a-4b44-9969-593024dab104","Stephen Skip Rebar","-75.6111155","41.47008317","dentist","general_dentistry | health_and_medical","505 Sunset Dr","Olyphant","18447-1323","PA","US","+15704895663","qqxxx@aol.com","http://www.stephenmrebar.com/","https://www.facebook.com/585708161581698","Dr. Stephen-Skip Rebar, DDF","0.9199122190475464","open","8","meta | Overture | Overture-signals","CDLA-Permissive-2.0","2026-04-27T00:00:00.000Z | 2026-06-11T11:57:15Z | 2026-05-12T00:29:08Z | 2026-05-18T13:23:54Z | 2026-05-25T13:08:59Z | 2026-06-01T13:20:32Z | 2026-06-08T13:20:12Z"
"PA","Pennsylvania","167d3cea-e099-429c-800c-42860e7271cc","Endodontic Specialty Practice","-75.2174355345482","40.2608506751489","dentist","","1500 Horizon Dr","Chalfont","18914","PA","US","(215) 997-9888","","http://www.esppc.org","https://www.facebook.com/163280117023695","","0.9199122190475464","open","4","Foursquare | Overture | Overture-signals","Apache-2.0 | CDLA-Permissive-2.0","2022-09-07T00:00:00.000 | 2026-06-11T11:57:15Z | 2026-05-12T00:29:08Z | 2026-05-18T13:23:54Z | 2026-05-25T13:08:59Z | 2026-06-01T13:20:32Z | 2026-06-08T13:20:12Z"
"PA","Pennsylvania","16dba647-a4b4-42fe-af38-2547e563062f","Ernest Lamar Steinhart","-76.55918058","40.78792783","dentist","pediatric_dentist | health_and_medical","6 N Market St","Shamokin","17872-5345","PA","US","+15706484321","","","https://www.facebook.com/216872254991380","","0.9199122190475464","open","7","meta | Overture | Overture-signals","CDLA-Permissive-2.0","2026-04-27T00:00:00.000Z | 2026-06-11T11:57:15Z | 2026-05-12T00:29:08Z | 2026-05-18T13:23:54Z | 2026-05-25T13:08:59Z | 2026-06-01T13:20:32Z | 2026-06-08T13:20:12Z"
"PA","Pennsylvania","16e46838-ef63-4061-83af-35c4721d9507","Kimberton Dental Associates","-75.54634896","40.1391269","dentist","general_dentistry | health_and_medical","368 Schuylkill Rd","Phoenixville","19460-5202","PA","US","+16109350525","kimbertondental@yahoo.com","http://www.kimbertondental.com/","https://www.facebook.com/159435790759001","","0.9199122190475464","open","9","meta | Overture | Overture-signals","CDLA-Permissive-2.0","2026-04-27T00:00:00.000Z | 2026-06-11T11:57:15Z | 2026-05-12T00:29:08Z | 2026-05-18T13:23:54Z | 2026-05-25T13:08:59Z | 2026-06-01T13:20:32Z | 2026-06-08T13:20:12Z"
"PA","Pennsylvania","16e854a5-efb9-42fe-a85c-fef712f840e5","Katsur James T & Associates Dr","-79.923573","40.350473","dentist","health_and_medical | doctor","3222 Lebanon Church Rd","West Mifflin","15122-1112","PA","US","+14124666900","","http://www.katsurdental.com/","https://www.facebook.com/162436057108944","Katsur Dental & Orthodontics","0.8956397175788879","","9","meta | Overture","CDLA-Permissive-2.0","2026-04-27T00:00:00.000Z | 2026-06-11T11:57:15Z"
"PA","Pennsylvania","170a66e5-b192-4c24-b0ed-42e2e56aa606","Tera L. DePaoli, DMD","-79.92604729","40.6054791","dentist","general_dentistry | medical_service_organizations","4984 Middle Rd","Gibsonia","15044-8276","PA","US","+17244434444","drteradepaoli@gmail.com","http://www.depaoli-dentistry.com/","https://www.facebook.com/859036554222645","Tera L DePaoli, DMD, LLC","0.9199122190475464","open","8","meta | Overture | Overture-signals","CDLA-Permissive-2.0","2026-04-27T00:00:00.000Z | 2026-06-11T11:57:15Z | 2026-05-12T00:29:08Z | 2026-05-18T13:23:54Z | 2026-05-25T13:08:59Z | 2026-06-01T13:20:32Z | 2026-06-08T13:20:12Z"
"PA","Pennsylvania","17140520-b268-46a0-abf3-670294307c96","Orthodontic Smile Academy","-79.8235521245282","40.4570359595809","dentist","","394 Rodi Rd","Pittsburgh","15235","PA","US","(412) 242-4737","","https://www.loyaconaortho.com","","","0.9199122190475464","open","4","Foursquare | Overture | Overture-signals","Apache-2.0 | CDLA-Permissive-2.0","2025-10-17T00:00:00.000 | 2026-06-11T11:57:15Z | 2026-05-12T00:29:08Z | 2026-05-18T13:23:54Z | 2026-05-25T13:08:59Z | 2026-06-01T13:20:32Z | 2026-06-08T13:20:12Z"
"PA","Pennsylvania","171dcd2e-2a6f-4185-9255-a56a0b215598","Dr. Miriam Sternberg, DMD","-75.26903","40.701336","dentist","","3305 Nazareth Rd","Easton","18045","PA","US","(610) 258-5388","","http://healthgrades.com/dentist/dr-miriam-sternberg-33wk2","","","0.77","","5","Foursquare | Overture","Apache-2.0 | CDLA-Permissive-2.0","2025-10-17T00:00:00.000 | 2026-06-11T11:57:15Z"
"PA","Pennsylvania","172ca7ad-4235-4f31-adc1-8e4ed23c1eeb","Jay Valenci","-75.63688817","40.33316008","dentist","periodontist | doctor","24 E Philadelphia Ave","Boyertown","19512-1125","PA","US","+16103671511","boyertowndental@gmail.com","http://boyertownfamilydental.com","https://www.facebook.com/768621936516611","","0.8004795908927917","","8","meta | Overture","CDLA-Permissive-2.0","2026-04-27T00:00:00.000Z | 2026-06-11T11:57:15Z"
"PA","Pennsylvania","17300765-17e8-489e-93a9-4c486df559a1","Comfort Dental Care","-75.65151669","40.06172658","dentist","general_dentistry | health_and_medical","255 Gordon Dr","Exton","19341-1322","PA","US","+16103631304","comfortdentalcares@gmail.com","https://www.extoncomfortdentalcare.com/","https://www.facebook.com/1701370966797467","","0.9199122190475464","open","8","meta | Overture | Overture-signals","CDLA-Permissive-2.0","2026-04-27T00:00:00.000Z | 2026-06-11T11:57:15Z | 2026-05-12T00:29:08Z | 2026-05-18T13:23:54Z | 2026-05-25T13:08:59Z | 2026-06-01T13:20:32Z | 2026-06-08T13:20:12Z"
"PA","Pennsylvania","174d6a90-c2f1-4997-a47a-9c4c11baf393","Star Dental","-75.26275991","39.95951704","dentist","health_and_medical | cosmetic_dentist","101 Long Ln","Upper Darby","19082-3112","PA","US","+16103522263","","http://www.wellness.com/dir/2302466/dentist/pa/upper-darby","https://www.facebook.com/167773673239465","","0.9199122190475464","open","6","meta | Overture | Overture-signals","CDLA-Permissive-2.0","2026-04-27T00:00:00.000Z | 2026-06-11T11:57:15Z | 2026-05-12T00:29:08Z | 2026-05-18T13:23:54Z | 2026-05-25T13:08:59Z | 2026-06-01T13:20:32Z | 2026-06-08T13:20:12Z"
"PA","Pennsylvania","177d1204-d549-4403-87d4-e4d6b5be7a51","Anne M Facchiano DMD","-75.33252745","40.1293967","dentist","general_dentistry | medical_service_organizations","1639 Pine St","Norristown","19401-3019","PA","US","+16102753990","","","https://www.facebook.com/161198523909467","","0.9199122190475464","open","8","meta | Overture | Overture-signals","CDLA-Permissive-2.0","2026-04-27T00:00:00.000Z | 2026-06-11T11:57:15Z | 2026-05-12T00:29:08Z | 2026-05-18T13:23:54Z | 2026-05-25T13:08:59Z | 2026-06-01T13:20:32Z | 2026-06-08T13:20:12Z"
"PA","Pennsylvania","1793bd5a-b6a6-439b-9163-a867f85a98c0","Marcinko Dennis R DMD","-79.097","40.00877","dentist","health_and_medical","917 W Main St","Somerset","15501-1213","PA","US","+18144434747","","","https://www.facebook.com/122693624455958","","0.7766039371490479","","9","meta | Overture","CDLA-Permissive-2.0","2026-04-27T00:00:00.000Z | 2026-06-11T11:57:15Z"
"PA","Pennsylvania","17979829-0f63-4064-ac37-9bdc97233045","Rochester Dental Center | Primary Health Network","-80.2771566","40.702401","dentist","doctor | health_and_medical","176 Virginia Ave","Rochester","15074","PA","US","7246833049","","https://www.primary-health.net/locations/rochester-health-center/rochester-dental-center/","","","0.9902192950248718","open","6","Microsoft | Overture | Overture-signals","CDLA-Permissive-2.0","2025-09-05T03:28:29.460Z | 2026-06-11T11:57:15Z | 2026-05-12T00:29:08Z | 2026-05-18T13:23:54Z | 2026-05-25T13:08:59Z | 2026-06-01T13:20:32Z | 2026-06-08T13:20:12Z"
"PA","Pennsylvania","179e03c3-f98a-4d97-a44a-5ec22da355f8","Dentistry on the Square","-77.05579121","39.86344498","dentist","general_dentistry","25 Center Sq","New Oxford","17350-1401","PA","US","+17176242114","info@dentistryonthesquarepa.com","http://www.dentistryonthesquarepa.com/","https://www.facebook.com/350854154934920","","0.9199122190475464","open","8","meta | Overture | Overture-signals","CDLA-Permissive-2.0","2026-04-27T00:00:00.000Z | 2026-06-11T11:57:15Z | 2026-05-12T00:29:08Z | 2026-05-18T13:23:54Z | 2026-05-25T13:08:59Z | 2026-06-01T13:20:32Z | 2026-06-08T13:20:12Z"
"PA","Pennsylvania","17a5d2ef-4061-40f6-bad9-826a92053059","Dr. Brian S Shapiro DMD","-75.0270855","40.08080797","dentist","general_dentistry","9501 Roosevelt Blvd","Philadelphia","19114-1019","PA","US","+12156731333","","http://www.shapirodentists.com/","https://www.facebook.com/352568231544726","","0.7206519842147827","","2","meta | Overture","CDLA-Permissive-2.0","2026-04-27T00:00:00.000Z | 2026-06-11T11:57:15Z"
"PA","Pennsylvania","17aaa6f2-d265-4f38-bb6c-34c09bff289d","Barry A Moss, DMD","-76.4777820137527","40.4181682001279","dentist","health_and_medical | lawyer","310 N Lancaster St","Jonestown","17038-8909","PA","US","+17179918751","","","https://www.facebook.com/683063611837248","","0.8911515474319458","","8","meta | Overture","CDLA-Permissive-2.0","2026-04-27T00:00:00.000Z | 2026-06-11T11:57:15Z"
"PA","Pennsylvania","17be5af9-379c-417a-b286-de96b07108cb","Modern Family Dentistry, LLC","-78.008616","40.511953","dentist","endodontist | orthodontist","3195 Cold Springs Rd","Huntingdon","16652-2713","PA","US","+18146437300","atw@mfdentistry.biz","https://www.amodernfamilydentist.com/","https://www.facebook.com/1437971043128952","","0.9998135066330432","","7","meta | Overture","CDLA-Permissive-2.0","2026-04-27T00:00:00.000Z | 2026-06-11T11:57:15Z"
"PA","Pennsylvania","17c13753-642e-4704-a52c-7c8475f688e8","Harborcreek Dental","-79.9937124","42.1512424","dentist","health_and_medical","4820 Buffalo Rd","Erie","16510","PA","US","8148990444","","https://harborcreekdental.com/?utm_source=bing.com&utm_medium=business+profile&utm_campaign","","","0.85","","7","Microsoft | Overture","CDLA-Permissive-2.0","2025-09-29T21:23:32.433Z | 2026-06-11T11:57:15Z"
"PA","Pennsylvania","17c24115-c9a4-4772-a14a-b20d1c6d96f0","Family Smiles Dentistry","-77.08196428","39.74763873","dentist","general_dentistry | health_and_medical","326 E King St","Littlestown","17340-1618","PA","US","+17173594101","coledentistry@hotmail.com","http://coledentistry.net/","https://www.facebook.com/168320709850302","","0.9199122190475464","open","8","meta | Overture | Overture-signals","CDLA-Permissive-2.0","2026-04-27T00:00:00.000Z | 2026-06-11T11:57:15Z | 2026-05-12T00:29:08Z | 2026-05-18T13:23:54Z | 2026-05-25T13:08:59Z | 2026-06-01T13:20:32Z | 2026-06-08T13:20:12Z"
"PA","Pennsylvania","17c4f493-9a07-4785-a149-b768b2b10eb3","Toothsmiths Dental Laboratory","-76.2972269812403","40.1358387622051","dentist","","39 E Woods Dr","Lititz","17543","PA","US","(717) 626-8806","","http://www.toothsmiths.com","","","0.9199122190475464","open","4","Foursquare | Overture | Overture-signals","Apache-2.0 | CDLA-Permissive-2.0","2026-04-09T00:00:00.000 | 2026-06-11T11:57:15Z | 2026-05-12T00:29:08Z | 2026-05-18T13:23:54Z | 2026-05-25T13:08:59Z | 2026-06-01T13:20:32Z | 2026-06-08T13:20:12Z"
"PA","Pennsylvania","17f5c63e-bf33-4416-949a-be7b9a350f0f","University Dental Health Services","-79.9628928030926","40.4426870088145","dentist","","3501 Terrace St","Pittsburgh","15213","PA","US","(412) 648-9100","","https://www.dental.pitt.edu/patient-care/university-dental-health-services","","","0.77","","5","Foursquare | Overture","Apache-2.0 | CDLA-Permissive-2.0","2026-04-02T00:00:00.000 | 2026-06-11T11:57:15Z"
"PA","Pennsylvania","18049f4a-4e17-49ae-be9b-5f4e397aa399","Bryden and Kessel Family Dentistry","-76.84234465","41.01086097","dentist","health_and_medical | beauty_salon","664 Mahoning St","Milton","17847-2240","PA","US","+15707428231","","https://bryden-kessel-family-dentistry.hub.biz","https://www.facebook.com/738120656333427","","0.9199122190475464","open","5","meta | Overture | Overture-signals","CDLA-Permissive-2.0","2026-04-27T00:00:00.000Z | 2026-06-11T11:57:15Z | 2026-05-12T00:29:08Z | 2026-05-18T13:23:54Z | 2026-05-25T13:08:59Z | 2026-06-01T13:20:32Z | 2026-06-08T13:20:12Z"
"PA","Pennsylvania","180e51f6-4e92-4e20-9285-a325a9aa8d51","Shelbourne Dental Care","-75.85039076","40.32392918","dentist","general_dentistry | medical_service_organizations","1270 Shelbourne Rd","Exeter Twp","19606-9022","PA","US","+16107790610","","http://www.reading-pottstown-area-dentists.com","https://www.facebook.com/153609011341961","","0.9902192950248718","open","8","meta | Overture | Overture-signals","CDLA-Permissive-2.0","2026-04-27T00:00:00.000Z | 2026-06-11T11:57:15Z | 2026-05-12T00:29:08Z | 2026-05-18T13:23:54Z | 2026-05-25T13:08:59Z | 2026-06-01T13:20:32Z | 2026-06-08T13:20:12Z"
"PA","Pennsylvania","18129481-6a95-4402-a65a-b02cf5af9bff","John B. DeBonis Dentistry","-80.0546138785149","40.4949487156822","dentist","","467 Lincoln Ave","Bellevue","15202","PA","US","(412) 761-9594","","http://www.debonisdental.com","","","0.77","","5","Foursquare | Overture","Apache-2.0 | CDLA-Permissive-2.0","2025-12-11T00:00:00.000 | 2026-06-11T11:57:15Z"
"PA","Pennsylvania","183ce848-2564-4cb4-8ffa-e70de125252d","Checkoff & Casey Orthodontics","-75.102335","40.19139","dentist","","55 York Rd","Warminster","18974","PA","US","(215) 674-0332","","http://www.checkoffandcaseyorthodontics.com","https://www.facebook.com/113744015334666","","0.77","","5","Foursquare | Overture","Apache-2.0 | CDLA-Permissive-2.0","2023-08-28T00:00:00.000 | 2026-06-11T11:57:15Z"
"PA","Pennsylvania","18487e25-221a-4027-863c-1aeb41f5e595","Hoorfar Dental Group","-75.0075027993224","40.2155540084124","dentist","","56 Newtown Richboro Rd","Richboro","18954","PA","US","(215) 355-6406","hoorfardentalgroup@gmail.com","http://www.hoorfardentalgroup.com","https://www.facebook.com/910480745640152","","0.77","","5","Foursquare | Overture","Apache-2.0 | CDLA-Permissive-2.0","2021-01-17T00:00:00.000 | 2026-06-11T11:57:15Z"
"PA","Pennsylvania","185932ee-2c78-45b4-9c33-fd2707ac9f23","Laurence H Stone DDS","-75.09608772","40.31886015","dentist","general_dentistry | cosmetic_dentist","311 Hyde Park","Doylestown","18902-6603","PA","US","+12152307667","info@dds-pc.com","http://www.DoylestownDentalSolutions.com/","https://www.facebook.com/207700815945897","","0.9199122190475464","open","10","meta | Overture | Overture-signals","CDLA-Permissive-2.0","2026-04-27T00:00:00.000Z | 2026-06-11T11:57:15Z | 2026-05-12T00:29:08Z | 2026-05-18T13:23:54Z | 2026-05-25T13:08:59Z | 2026-06-01T13:20:32Z | 2026-06-08T13:20:12Z"
"PA","Pennsylvania","186bec27-250b-40ac-b383-aeb412237911","Absolute Smile","-75.395012","39.837386","dentist","endodontist | periodontist","2701 W 10th St","Chester","19013-1936","PA","US","+16103640404","absolutesmilechester@gmail.com","http://www.myabsolutesmile.com/","https://www.facebook.com/579736818787537","Absolute Smile","0.9199122190475464","open","8","meta | Overture | Overture-signals","CDLA-Permissive-2.0","2026-04-27T00:00:00.000Z | 2026-06-11T11:57:15Z | 2026-05-12T00:29:08Z | 2026-05-18T13:23:54Z | 2026-05-25T13:08:59Z | 2026-06-01T13:20:32Z | 2026-06-08T13:20:12Z"
"PA","Pennsylvania","1875e5f1-ab2f-420a-ae1b-70d7d044ee65","Cartwright Orthodontics","-80.0274619952567","40.3470138993599","dentist","","4880 Library Rd","Bethel Park","15102","PA","US","(412) 833-6188","","http://www.cartwrightorthodontics.com","https://www.facebook.com/639268236147009","","0.9199122190475464","open","4","Foursquare | Overture | Overture-signals","Apache-2.0 | CDLA-Permissive-2.0","2025-12-22T00:00:00.000 | 2026-06-11T11:57:15Z | 2026-05-12T00:29:08Z | 2026-05-18T13:23:54Z | 2026-05-25T13:08:59Z | 2026-06-01T13:20:32Z | 2026-06-08T13:20:12Z"
"PA","Pennsylvania","188150be-db73-4480-aeb8-739d7927537f","Rohland Family Dentistry","-79.87042306","40.00644807","dentist","general_dentistry | health_and_medical","119 Thornton Rd","Brownsville","15417-9607","PA","US","+17247853410","info@rohland-patt-rohland-dentistry.com","http://www.rohland-patt-rohland-dentistry.com/","https://www.facebook.com/181085455959594","","0.9199122190475464","open","7","meta | Overture | Overture-signals","CDLA-Permissive-2.0","2026-04-27T00:00:00.000Z | 2026-06-11T11:57:15Z | 2026-05-12T00:29:08Z | 2026-05-18T13:23:54Z | 2026-05-25T13:08:59Z | 2026-06-01T13:20:32Z | 2026-06-08T13:20:12Z"
"PA","Pennsylvania","18829687-fc06-49cd-84a6-42f5ddce18a8","The Dentists of Newtown","-74.99402135","40.28227994","dentist","general_dentistry","842 Durham Rd","Newtown","18940-9680","PA","US","+12155799900","","https://www.dentistsofnewtown.com/durham-road.html","https://www.facebook.com/102044051210601","","0.9199122190475464","open","8","meta | Overture | Overture-signals","CDLA-Permissive-2.0","2026-04-27T00:00:00.000Z | 2026-06-11T11:57:15Z | 2026-05-12T00:29:08Z | 2026-05-18T13:23:54Z | 2026-05-25T13:08:59Z | 2026-06-01T13:20:32Z | 2026-06-08T13:20:12Z"
"PA","Pennsylvania","18941ddc-7aea-4af9-bfbb-854f6901aee2","NEPA West","-75.88089149","41.27706717","dentist","general_dentistry","920 Wyoming Ave","Forty Fort","18704-3953","PA","US","+15702832422","appointment@nepadentalwest.com","https://nepadentalwest.com/","https://www.facebook.com/113143307842880","","0.9994624304175377","","10","meta | Overture","CDLA-Permissive-2.0","2026-04-27T00:00:00.000Z | 2026-06-11T11:57:15Z"
"PA","Pennsylvania","189d852c-7a26-431f-964c-f320101d73ca","Dental Wellness of Hatboro","-75.084414","40.178741","dentist","hospital","2800 E County Line Rd","Hatboro","19040-2347","PA","US","+12156756400","kirstiebressangak@yahoo.com","http://www.thedentalwellness.com/","https://www.facebook.com/168724323144761","Dental Wellness","0.865308260023594","","8","meta | Overture","CDLA-Permissive-2.0","2026-04-27T00:00:00.000Z | 2026-06-11T11:57:15Z"
"PA","Pennsylvania","18ad5b8b-9e05-4080-a501-01f948658487","Red Rose Dental Laboratories","-76.29716517","40.1357065","dentist","","39 E Woods Dr","Warwick Twp","17543-8653","PA","US","+17175699275","info@redroselab.com","http://www.redroselab.com/","https://www.facebook.com/104936534251458","","0.9199122190475464","open","7","meta | Overture | Overture-signals","CDLA-Permissive-2.0","2026-04-27T00:00:00.000Z | 2026-06-11T11:57:15Z | 2026-05-12T00:29:08Z | 2026-05-18T13:23:54Z | 2026-05-25T13:08:59Z | 2026-06-01T13:20:32Z | 2026-06-08T13:20:12Z"
"PA","Pennsylvania","18bf76b1-0101-46c0-9c31-265c4b346675","Warwick Dentistry","-79.99544522","40.4398015","dentist","general_dentistry | medical_service_organizations","Bny Wellness Center, 500 Grant St","Pittsburgh","15219-2500","PA","US","+14123911130","office@warwickdmd.com","http://www.downtownpittsburghdentist.com/","https://www.facebook.com/126390917714770","","0.99819659948349","","9","meta | Overture","CDLA-Permissive-2.0","2026-04-27T00:00:00.000Z | 2026-06-11T11:57:15Z"
"PA","Pennsylvania","18c68948-446e-426d-8a0a-3aa77a626929","Celebrity Smiles","-75.21542354","40.10910999","dentist","general_dentistry | medical_service_organizations","1811 Bethlehem Pike","Springfield Twp","19031-1100","PA","US","+12152335811","celebritysmilesllc@gmail.com","http://flourtowndentist.com/","https://www.facebook.com/117012178313000","","0.9199122190475464","open","9","meta | Overture | Overture-signals","CDLA-Permissive-2.0","2026-04-27T00:00:00.000Z | 2026-06-11T11:57:15Z | 2026-05-12T00:29:08Z | 2026-05-18T13:23:54Z | 2026-05-25T13:08:59Z | 2026-06-01T13:20:32Z | 2026-06-08T13:20:12Z"
"PA","Pennsylvania","18d321d1-f737-436c-8683-6e2539908850","Newtown Square Family Dentistry","-75.37885665","39.98420815","dentist","general_dentistry | cosmetic_dentist","3111 W Chester Pike","Newtown Square","19073-4329","PA","US","+16103257308","newtownsqfamilydentistry@yahoo.com","http://www.newtownsqfamilydentistry.com/","https://www.facebook.com/352040028250495","","0.9199122190475464","open","5","meta | Overture | Overture-signals","CDLA-Permissive-2.0","2026-04-27T00:00:00.000Z | 2026-06-11T11:57:15Z | 2026-05-12T00:29:08Z | 2026-05-18T13:23:54Z | 2026-05-25T13:08:59Z | 2026-06-01T13:20:32Z | 2026-06-08T13:20:12Z"
"PA","Pennsylvania","18d70779-c707-4915-bc5e-b1671f619f13","Elevate Dental Wellness & Health","-76.985788","39.806321","dentist","cosmetic_dentist | medical_service_organizations","195 Stock St","Hanover","17331-2266","PA","US","+17176335874","joan@hanoverdentistry.com","http://www.hanoverdentistry.com/","https://www.facebook.com/165367353484602","Elevate Dental Wellness & Health","0.9908769726753235","","7","meta | Overture","CDLA-Permissive-2.0","2026-04-27T00:00:00.000Z | 2026-06-11T11:57:15Z"
"PA","Pennsylvania","18eaaf4d-9697-4c7f-9ae1-595206d564e8","Joseph M Viechnicki DDS MSD Orthodontist","-75.7771313578222","40.5162414295899","dentist","","10 Herring Aly","Kutztown","19530","PA","US","(610) 683-8288","contact@viechnicki.com","http://www.viechnicki.com","","","0.77","","5","Foursquare | Overture","Apache-2.0 | CDLA-Permissive-2.0","2025-08-22T00:00:00.000 | 2026-06-11T11:57:15Z"
"PA","Pennsylvania","18f93ee9-ec68-4f51-84bc-791bfff687fe","Lisa Marie Banning","-75.9707752847775","40.7974761644435","dentist","","17 W Broad St Unit 2","Tamaqua","18252","PA","US","(570) 952-6150","","http://www.banningorthodontics.com","","","0.9199122190475464","open","4","Foursquare | Overture | Overture-signals","Apache-2.0 | CDLA-Permissive-2.0","2025-08-22T00:00:00.000 | 2026-06-11T11:57:15Z | 2026-05-12T00:29:08Z | 2026-05-18T13:23:54Z | 2026-05-25T13:08:59Z | 2026-06-01T13:20:32Z | 2026-06-08T13:20:12Z"
"PA","Pennsylvania","1907cf3a-4f99-4e54-a04f-2db03e85def5","Ruth Beach, DMD","-79.1595973","40.5393194","dentist","health_and_medical","234 S Main St","Homer City","15748","PA","US","7244798071","","http://www.chestnuthillsdental.com/","","","0.9199122190475464","open","6","Microsoft | Overture | Overture-signals","CDLA-Permissive-2.0","2020-11-23T20:01:51.180Z | 2026-06-11T11:57:15Z | 2026-05-12T00:29:08Z | 2026-05-18T13:23:54Z | 2026-05-25T13:08:59Z | 2026-06-01T13:20:32Z | 2026-06-08T13:20:12Z"
"PA","Pennsylvania","1916567c-105f-4e00-aa8e-95e080ff23c6","Scenery Park Dental Associates","-77.82255757","40.78458995","dentist","general_dentistry | medical_service_organizations","110 Regent Ct","State College","16801-7966","PA","US","+18142389573","sceneryparkdental@gmail.com","https://www.sceneryparkdental.com/","https://www.facebook.com/508197069199880","Park Dental","0.9199122190475464","open","8","meta | Overture | Overture-signals","CDLA-Permissive-2.0","2026-04-27T00:00:00.000Z | 2026-06-11T11:57:15Z | 2026-05-12T00:29:08Z | 2026-05-18T13:23:54Z | 2026-05-25T13:08:59Z | 2026-06-01T13:20:32Z | 2026-06-08T13:20:12Z"
"PA","Pennsylvania","191c5206-0439-4e01-819b-c23ca501bc34","Verber Advanced Dental Institute","-76.95172802","40.23840137","dentist","general_dentistry | education","3920 Market St","Camp Hill","17011-4202","PA","US","+17172539893","info@verberinstitute.com","https://www.verberdental.com/","https://www.facebook.com/393191071216610","Verber Family Dentistry","0.918455958366394","","8","meta | Overture","CDLA-Permissive-2.0","2026-04-27T00:00:00.000Z | 2026-06-11T11:57:15Z"
"PA","Pennsylvania","191e2a65-50f9-43d8-9fc2-315706d10443","Chestnut Hills Dental McCandless Covenant","-80.02273809","40.57154779","dentist","general_dentistry | medical_center","9170 Covenant Ave","Pittsburgh","15237-5961","PA","US","+14123856826","cdhcovenant@mydentalmail.com","https://chdmccandlesscovenant.com/","https://www.facebook.com/579229082271801","Dental Health Society online","0.9902192950248718","open","9","meta | Overture | Overture-signals","CDLA-Permissive-2.0","2026-04-27T00:00:00.000Z | 2026-06-11T11:57:15Z | 2026-05-12T00:29:08Z | 2026-05-18T13:23:54Z | 2026-05-25T13:08:59Z | 2026-06-01T13:20:32Z | 2026-06-08T13:20:12Z"
"PA","Pennsylvania","191ec5d5-1626-4b57-996a-2feca2e43a77","Motto Clear Aligners","-76.4242337","40.3176648","dentist","health_and_medical","1451 Quentin Rd Ste 300","Lebanon","17042","PA","US","7173069370","","https://www.aspendental.com/dentist/pa/lebanon/1451-quentin-road-ste-300/motto-clear-aligners/","","","0.9199122190475464","open","8","Microsoft | Overture | Overture-signals","CDLA-Permissive-2.0","2025-10-05T06:00:03.387Z | 2026-06-11T11:57:15Z | 2026-05-12T00:29:08Z | 2026-05-18T13:23:54Z | 2026-05-25T13:08:59Z | 2026-06-01T13:20:32Z | 2026-06-08T13:20:12Z"
"PA","Pennsylvania","192b03cc-f42a-40ff-b0c6-faa72b0045ff","Montgomery County Smiles","-75.25821592","40.01042491","dentist","general_dentistry","822 Montgomery Ave","Narberth","19072-1937","PA","US","+12676514443","","https://montcosmiles.com/","https://www.facebook.com/104498092018727","","0.9199122190475464","open","9","meta | Overture | Overture-signals","CDLA-Permissive-2.0","2026-04-27T00:00:00.000Z | 2026-06-11T11:57:15Z | 2026-05-12T00:29:08Z | 2026-05-18T13:23:54Z | 2026-05-25T13:08:59Z | 2026-06-01T13:20:32Z | 2026-06-08T13:20:12Z"
"PA","Pennsylvania","19467250-2916-4d76-a297-f43af9a5d088","Skelly Smiles","-75.235022","40.690014","dentist","health_and_medical","1625 Northampton St","Easton","18042-3131","PA","US","+16102528966","info@skellysmiles.com","http://www.skellysmiles.com/","https://www.facebook.com/261297104248710","","0.9909879565238953","","9","meta | Overture","CDLA-Permissive-2.0","2026-04-27T00:00:00.000Z | 2026-06-11T11:57:15Z"
"PA","Pennsylvania","19520506-fbe1-439f-a8c3-f711b7335730","Special Smiles","-75.10671374","39.98975032","dentist","general_dentistry | disability_services_and_support_organization","2301 E Allegheny Ave","Philadelphia","19134-4427","PA","US","+12676396250","front.desk@specialsmilesltd.com","http://specialsmilesltd.com/","https://www.facebook.com/397146061113563","Special Smiles, Ltd","0.9722161889076233","open","9","meta | Overture | Overture-signals","CDLA-Permissive-2.0","2026-04-27T00:00:00.000Z | 2026-06-11T11:57:15Z | 2026-05-12T00:29:08Z"
"PA","Pennsylvania","1993481a-777f-40d2-ab86-459560128318","Dental Care of Concordville","-75.5441153005943","39.8753789868742","dentist","","1751 Wilmington Pike Ste F-2","Glen Mills","19342","PA","US","(484) 800-8444","","http://dentalcareofconcordville.com","https://www.facebook.com/1771633793063953","","0.9199122190475464","open","4","Foursquare | Overture | Overture-signals","Apache-2.0 | CDLA-Permissive-2.0","2025-08-19T00:00:00.000 | 2026-06-11T11:57:15Z | 2026-05-12T00:29:08Z | 2026-05-18T13:23:54Z | 2026-05-25T13:08:59Z | 2026-06-01T13:20:32Z | 2026-06-08T13:20:12Z"
"PA","Pennsylvania","1993975b-64b6-4b51-ad5b-67035a677a89","Anthony F. Pittelli D.M.D.","-75.8877896732824","41.2626169975425","dentist","","280 Pierce St","Kingston","18704","PA","US","(570) 287-3009","pittellidental@aol.com","http://www.demandforce.com/b/pittelli-dental","https://www.facebook.com/235813619805340","","0.77","","5","Foursquare | Overture","Apache-2.0 | CDLA-Permissive-2.0","2025-10-20T00:00:00.000 | 2026-06-11T11:57:15Z"
"PA","Pennsylvania","199aee71-5db2-4b2d-baba-cbd1b9283a2c","Hayner Dental","-79.97558","40.45663","dentist","doctor | cosmetic_dentist","129 28th St","Pittsburgh","15222-4797","PA","US","+14122813955","smile@smile-warehouse.com","http://www.haynerdental.com","https://www.facebook.com/104075299678895","","0.9815798401832581","","7","meta | Overture","CDLA-Permissive-2.0","2026-04-27T00:00:00.000Z | 2026-06-11T11:57:15Z"
"PA","Pennsylvania","19a06adb-1a18-48dd-92ad-ba4b64a6bb49","Sofranko Kenneth M DMD","-80.221715","40.517892","dentist","health_and_medical | family_practice","928 Brodhead Rd","Coraopolis","15108","PA","US","+14122642405","","https://sofranko-kenneth-m-dmd.hub.biz/","https://www.facebook.com/156203824420539","","0.9497223496437073","","3","meta | Overture","CDLA-Permissive-2.0","2026-04-27T00:00:00.000Z | 2026-06-11T11:57:15Z"
"PA","Pennsylvania","19b1afb5-e4cd-474a-88e3-4abfd6ef47e2","Judy L Buxton, DMD Family Dentistry","-75.32357","40.01752","dentist","periodontist | pediatric_dentist","234 S Bryn Mawr Ave","Bryn Mawr","19010-2133","PA","US","+16105256060","judybuxtondmd@gmail.com","http://www.judybuxtondmd.com/","https://www.facebook.com/282725582163005","Judy L Buxton, DMD Family Dentistry","0.9199122190475464","open","7","meta | Overture | Overture-signals","CDLA-Permissive-2.0","2026-04-27T00:00:00.000Z | 2026-06-11T11:57:15Z | 2026-05-12T00:29:08Z | 2026-05-18T13:23:54Z | 2026-05-25T13:08:59Z | 2026-06-01T13:20:32Z | 2026-06-08T13:20:12Z"
"PA","Pennsylvania","19da13ac-eb56-4db2-9b81-cb24b474b5a5","Bihary Family Dental","-78.2397398143565","40.6715217101819","dentist","","1055 Logan Ave","Tyrone","16686","PA","US","(814) 684-3261","drbihary@jasonbiharydmd.com","http://biharyfamilydental.com","https://www.facebook.com/176565622394863","","0.77","","6","Foursquare | Overture","Apache-2.0 | CDLA-Permissive-2.0","2025-12-09T00:00:00.000 | 2026-06-11T11:57:15Z"
"PA","Pennsylvania","19e13382-0ccf-4097-a13e-2a03e42483a9","Shadyside Dentistry: Larry Leahy, DMD's Office","-79.9277138135275","40.4579133432852","dentist","","5888 Ellsworth Ave","Pittsburgh","15232","PA","US","(412) 362-0900","","http://www.go4moreinfo.com/shadysidedentistry/index.htm","","","0.77","","5","Foursquare | Overture","Apache-2.0 | CDLA-Permissive-2.0","2025-03-04T00:00:00.000 | 2026-06-11T11:57:15Z"
"PA","Pennsylvania","19f26bf3-5442-4a3e-9e14-b778ed7a545c","Fox Chase Dental","-75.07941455","40.08160482","dentist","general_dentistry","403 Benson St","Philadelphia","19111-1835","PA","US","+12157286262","foxchasedental@gmail.com","","https://www.facebook.com/404895600063893","","0.9199122190475464","open","7","meta | Overture | Overture-signals","CDLA-Permissive-2.0","2026-04-27T00:00:00.000Z | 2026-06-11T11:57:15Z | 2026-05-12T00:29:08Z | 2026-05-18T13:23:54Z | 2026-05-25T13:08:59Z | 2026-06-01T13:20:32Z | 2026-06-08T13:20:12Z"
"PA","Pennsylvania","19f37199-5748-4a0e-8bc7-af782b1e68be","Gray Dental","-75.2590834890362","40.0085050378066","dentist","","219 Hampden Ave","Narberth","19072","PA","US","(610) 668-8877","","http://angelagrayfamilydentistry.com","","","0.9199122190475464","open","4","Foursquare | Overture | Overture-signals","Apache-2.0 | CDLA-Permissive-2.0","2026-01-05T00:00:00.000 | 2026-06-11T11:57:15Z | 2026-05-12T00:29:08Z | 2026-05-18T13:23:54Z | 2026-05-25T13:08:59Z | 2026-06-01T13:20:32Z | 2026-06-08T13:20:12Z"
"PA","Pennsylvania","1a1a567b-2fc7-4b4a-8dda-29cd6017964f","Hamilton Dental Designs","-75.5644084","40.56116114","dentist","general_dentistry","5502 Hamilton Blvd","Allentown","18106-9774","PA","US","+16103512200","frontdesk@hamiltondentallv.com","https://www.hamiltondentallv.com/","https://www.facebook.com/106085292002120","Hamilton Dental Designs","0.9199122190475464","open","9","meta | Overture | Overture-signals","CDLA-Permissive-2.0","2026-04-27T00:00:00.000Z | 2026-06-11T11:57:15Z | 2026-05-12T00:29:08Z | 2026-05-18T13:23:54Z | 2026-05-25T13:08:59Z | 2026-06-01T13:20:32Z | 2026-06-08T13:20:12Z"
"PA","Pennsylvania","1a227aad-96db-4ee0-8f85-48d332d49469","Dr. Shawn R. Habakus","-75.74287142","40.2641744","dentist","general_dentistry | doctor","1008 Ben Franklin Hwy W","Douglassville","19518-1035","PA","US","+16103854845","doctorsrh@dejazzd.com","http://www.DrHabakus.com/","https://www.facebook.com/112507838812402","Dr. Shawn R Habakus, DMD","0.9199122190475464","open","9","meta | Overture | Overture-signals","CDLA-Permissive-2.0","2026-04-27T00:00:00.000Z | 2026-06-11T11:57:15Z | 2026-05-12T00:29:08Z | 2026-05-18T13:23:54Z | 2026-05-25T13:08:59Z | 2026-06-01T13:20:32Z | 2026-06-08T13:20:12Z"
"PA","Pennsylvania","1a44a2dd-fa9e-40e9-a8f9-ddf8d472c40f","Valley Dental Group","-76.839968","40.82636703","dentist","general_dentistry | health_and_medical","5 Commerce Ave","Selinsgrove","17870-7615","PA","US","+15703743368","admin@valleydentalgroup.net","http://www.valleydentalgroup.net/","https://www.facebook.com/192787327518831","Valley Dental Group","0.9938759207725525","","8","meta | Overture","CDLA-Permissive-2.0","2026-04-27T00:00:00.000Z | 2026-06-11T11:57:15Z"
"PA","Pennsylvania","1a49dee3-6249-4f35-be77-cf39e7f8faf4","Czonstkowsky Mario DDS","-79.94887282","40.44497105","dentist","endodontist | general_dentistry","410 S Craig St","Pittsburgh","15213-3723","PA","US","+14126812991","","","https://www.facebook.com/140287986717417","","0.9199122190475464","open","8","meta | Overture | Overture-signals","CDLA-Permissive-2.0","2026-04-27T00:00:00.000Z | 2026-06-11T11:57:15Z | 2026-05-12T00:29:08Z | 2026-05-18T13:23:54Z | 2026-05-25T13:08:59Z | 2026-06-01T13:20:32Z | 2026-06-08T13:20:12Z"
"PA","Pennsylvania","1a5f41ec-4f59-4117-b4bc-8a8fe3ea64d4","Steel City Dental Associates","-79.84388723","40.46026238","dentist","general_dentistry | health_and_medical","10493 Frankstown Rd","Penn Hills Twp","15235-2917","PA","US","+14123711300","","http://www.steelcitydental.net","https://www.facebook.com/1104737736233017","Steel City Dental Associates","0.9902192950248718","open","8","meta | Overture | Overture-signals","CDLA-Permissive-2.0","2026-04-27T00:00:00.000Z | 2026-06-11T11:57:15Z | 2026-05-12T00:29:08Z | 2026-05-18T13:23:54Z | 2026-05-25T13:08:59Z | 2026-06-01T13:20:32Z | 2026-06-08T13:20:12Z"
"PA","Pennsylvania","1a6c2b39-393b-46c8-945e-b87a0fb747f4","Abington Oral & Maxillofacial Surgery","-75.1191071669384","40.1183382562022","dentist","oral_surgeon | medical_service_organizations","1235 Old York Rd","Abington","19001-3800","PA","US","+12158872385","","http://Abingtonoralsurgery.com/","https://www.facebook.com/574923925907128","Abington Oral and Maxillofacial Surgery, P.C.","0.9658732414245605","","10","meta | Overture","CDLA-Permissive-2.0","2026-04-27T00:00:00.000Z | 2026-06-11T11:57:15Z"
"PA","Pennsylvania","1a6ecc89-5902-417a-9463-d8ff966ff948","Aughenbaugh and Boran","-76.47829681","40.65367557","dentist","general_dentistry","1144 E Main St","Hegins","17938-9091","PA","US","+15706828143","","","https://www.facebook.com/163203543707221","","0.9199122190475464","open","8","meta | Overture | Overture-signals","CDLA-Permissive-2.0","2026-04-27T00:00:00.000Z | 2026-06-11T11:57:15Z | 2026-05-12T00:29:08Z | 2026-05-18T13:23:54Z | 2026-05-25T13:08:59Z | 2026-06-01T13:20:32Z | 2026-06-08T13:20:12Z"
"PA","Pennsylvania","1a8cc9b0-486e-484c-a53f-714fb2d85f36","Smile Exchange of Malvern","-75.52233446","40.04485216","dentist","general_dentistry","5 Morehall Rd","East Whiteland Twp","19355","PA","US","+14845645247","malvern@smileexchange.com","https://malvern.smileexchange.com/","https://www.facebook.com/106138109060819","Smile Exchange","0.9199122190475464","open","8","meta | Overture | Overture-signals","CDLA-Permissive-2.0","2026-04-27T00:00:00.000Z | 2026-06-11T11:57:15Z | 2026-05-12T00:29:08Z | 2026-05-18T13:23:54Z | 2026-05-25T13:08:59Z | 2026-06-01T13:20:32Z | 2026-06-08T13:20:12Z"
"PA","Pennsylvania","1a8d4cb0-3715-41d8-90a2-ace674354b1a","Firman Dental Lab","-75.367669","40.662669","dentist","laboratory_testing | health_and_medical","556 Pine Top Dr","Bethlehem","18017-1821","PA","US","+16104191140","gfirman@rcn.com","http://www.firmandentallab.com/","https://www.facebook.com/1458115634419394","","0.9199122190475464","open","8","meta | Overture | Overture-signals","CDLA-Permissive-2.0","2026-04-27T00:00:00.000Z | 2026-06-11T11:57:15Z | 2026-05-12T00:29:08Z | 2026-05-18T13:23:54Z | 2026-05-25T13:08:59Z | 2026-06-01T13:20:32Z | 2026-06-08T13:20:12Z"
"PA","Pennsylvania","1aacd760-beb9-4a3c-b8b8-9eb4672d0166","Eagle Family Smiles","-75.68501009","40.0759562","dentist","general_dentistry | health_and_medical","74 Pottstown Pike","Chester Springs","19425-9500","PA","US","+16104585165","eaglefamilysmiles@gmail.com","http://www.eaglefamilysmiles.com/","https://www.facebook.com/353371091515897","","0.9997110628783703","","8","meta | Overture","CDLA-Permissive-2.0","2026-04-27T00:00:00.000Z | 2026-06-11T11:57:15Z"
"PA","Pennsylvania","1acaa0c2-8e7b-44fd-bb87-ce0b9d37f019","Your Main Line Dentist","-75.42552827","40.04524429","dentist","general_dentistry | health_and_medical","227 Lancaster Ave","Easttown Twp","19333-1555","PA","US","+16102549575","ymldentist@gmail.com","http://YourMainLineDentist.com/","https://www.facebook.com/186620208215710","","0.9199122190475464","open","9","meta | Overture | Overture-signals","CDLA-Permissive-2.0","2026-04-27T00:00:00.000Z | 2026-06-11T11:57:15Z | 2026-05-12T00:29:08Z | 2026-05-18T13:23:54Z | 2026-05-25T13:08:59Z | 2026-06-01T13:20:32Z | 2026-06-08T13:20:12Z"
"PA","Pennsylvania","1acd56e4-81f2-4c5f-8fbf-fddd3ff60a97","Judy L. DiSanti, D.M.D.","-80.204974","40.504512","dentist","health_and_medical | pediatric_dentist","1009 Beaver Grade Rd","Coraopolis","15108-2969","PA","US","+14122646229","info@coraopolisdentist.com","http://www.CoraopolisDentist.com/","https://www.facebook.com/120470737995817","Judy L. DiSanti, D.M.D.","0.9584230184555054","","8","meta | Overture","CDLA-Permissive-2.0","2026-04-27T00:00:00.000Z | 2026-06-11T11:57:15Z"
"PA","Pennsylvania","1ace794e-cc2c-4a56-a3f2-5708768f1828","NIC Orthodontics","-76.3045493233949","40.13689897915","dentist","","100 Highlands Dr #204","Lititz","17543","PA","US","(717) 568-6288","","https://www.nicorthodontics.com","","","0.77","","5","Foursquare | Overture","Apache-2.0 | CDLA-Permissive-2.0","2023-12-29T00:00:00.000 | 2026-06-11T11:57:15Z"
"PA","Pennsylvania","1ad491e3-b31e-4cab-a156-5ea4e5b95204","Christiansen Michael DDS","-75.08694557","40.25339984","dentist","general_dentistry | doctor","2191 Meadowview Dr","Jamison","18929-1609","PA","US","+12153438162","incisoradvisor@comcast.net","http://drmichaelchristiansen.com/","https://www.facebook.com/1002108933168704","","0.902393639087677","open","2","meta | Overture | Overture-signals","CDLA-Permissive-2.0","2026-04-27T00:00:00.000Z | 2026-06-11T11:57:15Z | 2026-06-08T13:20:12Z"
"PA","Pennsylvania","1b075cd6-1b3a-43e0-8d85-6cf87f60e00d","Star Dental","-75.1183036","39.99741692","dentist","health_and_medical | cosmetic_dentist","627 E Allegheny Ave","Philadelphia","19134-2330","PA","US","+12154231900","","https://star-dental-pa.hub.biz/","https://www.facebook.com/163103090385173","","0.9199122190475464","open","8","meta | Overture | Overture-signals","CDLA-Permissive-2.0","2026-04-27T00:00:00.000Z | 2026-06-11T11:57:15Z | 2026-05-12T00:29:08Z | 2026-05-18T13:23:54Z | 2026-05-25T13:08:59Z | 2026-06-01T13:20:32Z | 2026-06-08T13:20:12Z"
"PA","Pennsylvania","1b2110b2-839b-4795-b687-e963e6bb2ac5","Dr. Carolyn S. Lampard, DDS","-78.3819915570133","40.5071583337981","dentist","","901 Valley View Blvd","Altoona","16602","PA","US","(814) 946-5060","","http://www.drcarolynlampard.com","","","0.9199122190475464","open","4","Foursquare | Overture | Overture-signals","Apache-2.0 | CDLA-Permissive-2.0","2025-08-22T00:00:00.000 | 2026-06-11T11:57:15Z | 2026-05-12T00:29:08Z | 2026-05-18T13:23:54Z | 2026-05-25T13:08:59Z | 2026-06-01T13:20:32Z | 2026-06-08T13:20:12Z"
"PA","Pennsylvania","1b31b08e-b422-468c-93c7-77a27bed8028","Dental Dreams","-75.12077287","39.97409458","dentist","general_dentistry","2459 Aramingo Ave","Philadelphia","19125-3731","PA","US","+12154272800","","https://www.dentaldreams.com/location/dental-dreams-aramingo-ave-philadelphia/","https://www.facebook.com/168015906589758","Dental Dreams","0.9902192950248718","open","8","meta | Overture | Overture-signals","CDLA-Permissive-2.0","2026-04-27T00:00:00.000Z | 2026-06-11T11:57:15Z | 2026-05-12T00:29:08Z | 2026-05-18T13:23:54Z | 2026-05-25T13:08:59Z | 2026-06-01T13:20:32Z | 2026-06-08T13:20:12Z"
"PA","Pennsylvania","1b3bf56d-7e9e-4df9-8022-71b6939f5213","Dr William M. Lopez, DMD","-76.8986192760575","40.2789504375383","dentist","","2111 N 2nd St","Harrisburg","17110","PA","US","(717) 232-5212","","https://www.demandforced3.com/b/William-M-Lopez-DMD","","","0.9199122190475464","open","4","Foursquare | Overture | Overture-signals","Apache-2.0 | CDLA-Permissive-2.0","2025-08-22T00:00:00.000 | 2026-06-11T11:57:15Z | 2026-05-12T00:29:08Z | 2026-05-18T13:23:54Z | 2026-05-25T13:08:59Z | 2026-06-01T13:20:32Z | 2026-06-08T13:20:12Z"
"PA","Pennsylvania","1b891dc8-57e8-4dc2-9352-0bd3d5afb5cb","Alfred A. Cupelli DMD","-79.932574","40.457476","dentist","health_and_medical | beauty_salon","5750 Centre Ave","Pittsburgh","15206-3702","PA","US","+14126618255","","http://dralfredcupelli.com/Home/Default.aspx","https://www.facebook.com/1616697935057003","","0.8885999321937561","","10","meta | Overture","CDLA-Permissive-2.0","2026-04-27T00:00:00.000Z | 2026-06-11T11:57:15Z"
"PA","Pennsylvania","1b935789-8349-48ff-98d9-d8563a3eb5bc","Rabie Geoffrey DMD","-75.31821","39.957635","dentist","endodontist | health_and_medical","4750 Township Line Rd","Drexel Hill","19026-4221","PA","US","+16104463990","","","https://www.facebook.com/151736131534729","","0.9539154767990112","","8","meta | Overture","CDLA-Permissive-2.0","2026-04-27T00:00:00.000Z | 2026-06-11T11:57:15Z"
"PA","Pennsylvania","1be026e5-7480-46df-b8c8-0530729c8f80","Dr. Horowitz DMD","-75.3646626187758","40.096345130273","dentist","","170 N. Henderon Rd","King of Prussia","19406","PA","US","(610) 265-6777","","http://www.allanjhorowitzdmd.com","","","0.77","","5","Foursquare | Overture","Apache-2.0 | CDLA-Permissive-2.0","2025-08-22T00:00:00.000 | 2026-06-11T11:57:15Z"
"PA","Pennsylvania","1c087a40-b7f9-4830-abbb-533d481b2aa3","Pottstown Family and Cosmetic Dentistry","-75.60034996","40.24606131","dentist","cosmetic_dentist | general_dentistry","900 Heritage Dr","Pottstown","19464-9223","PA","US","+16103239030","pottstowndentist@comcast.net","http://pottstowndentist.com/","https://www.facebook.com/1502651460004644","","0.9902192950248718","open","7","meta | Overture | Overture-signals","CDLA-Permissive-2.0","2026-04-27T00:00:00.000Z | 2026-06-11T11:57:15Z | 2026-05-12T00:29:08Z | 2026-05-18T13:23:54Z | 2026-05-25T13:08:59Z | 2026-06-01T13:20:32Z | 2026-06-08T13:20:12Z"
"PA","Pennsylvania","1c11ef05-6231-4bc6-96f5-e2a2b503cddd","Steven Fishbaine, DDS &  Andrew Tran, DDS","-77.824126","40.785543","dentist","cosmetic_dentist | health_and_medical","476 Rolling Ridge Dr","State College","16801-7639","PA","US","+18142386800","info@statecollegedentist.com","http://www.statecollegedentist.com/","https://www.facebook.com/441044789244942","Steven Fishbaine, DDS &  Andrew Tran, DDS","0.956214964389801","","8","meta | Overture","CDLA-Permissive-2.0","2026-04-27T00:00:00.000Z | 2026-06-11T11:57:15Z"
"PA","Pennsylvania","1c652fc8-0e42-4767-b2b0-e960a6eb96e7","Southern Lehigh Dental Arts","-75.3895856143018","40.5116257403495","dentist","","21 N. Main Street","Coopersburg","18036","PA","US","(610) 282-4900","wechtlerdentistry@yahoo.com","http://www.southernlehighdentalarts.com","","","0.77","","6","Foursquare | Overture","Apache-2.0 | CDLA-Permissive-2.0","2024-03-06T00:00:00.000 | 2026-06-11T11:57:15Z"
"PA","Pennsylvania","1c6f51fc-24e4-4ddf-8f21-c5f3f5143aab","Frank Eutsey DMD","-79.48105014","40.79872426","dentist","health_and_medical | doctor","13431 State Route 422","Kittanning","16201-3613","PA","US","+17245485636","drfrankeutsey@gmail.com","http://frank-eutsey-dds.business.site","https://www.facebook.com/125006877696163","","0.9199122190475464","open","7","meta | Overture | Overture-signals","CDLA-Permissive-2.0","2026-04-27T00:00:00.000Z | 2026-06-11T11:57:15Z | 2026-05-12T00:29:08Z | 2026-05-18T13:23:54Z | 2026-05-25T13:08:59Z | 2026-06-01T13:20:32Z | 2026-06-08T13:20:12Z"
"PA","Pennsylvania","1c7ff1a6-7200-4b5c-86a6-1fe36d54c9c5","Modern Dentistry of Hatboro","-75.10522527","40.17465383","dentist","general_dentistry | medical_service_organizations","41 Byberry Rd","Hatboro","19040-3210","PA","US","+12156722244","moderndetistryhatboro@gmail.com","http://www.moderndentistryofhatboro.com","https://www.facebook.com/398552723590772","","0.9902192950248718","open","8","meta | Overture | Overture-signals","CDLA-Permissive-2.0","2026-04-27T00:00:00.000Z | 2026-06-11T11:57:15Z | 2026-05-12T00:29:08Z | 2026-05-18T13:23:54Z | 2026-05-25T13:08:59Z | 2026-06-01T13:20:32Z | 2026-06-08T13:20:12Z"
"PA","Pennsylvania","1c83b375-0c3a-4710-84f7-19dfde550a9a","Dental Implant Solutions of Greater Philadelphia","-75.13172659","40.12682551","dentist","general_dentistry","1260 Easton Rd","Abington","19001-3128","PA","US","+12156956666","","http://DentalImplantsTomorrow.com/","https://www.facebook.com/1079033165473449","","0.9199122190475464","open","7","meta | Overture | Overture-signals","CDLA-Permissive-2.0","2026-04-27T00:00:00.000Z | 2026-06-11T11:57:15Z | 2026-05-12T00:29:08Z | 2026-05-18T13:23:54Z | 2026-05-25T13:08:59Z | 2026-06-01T13:20:32Z | 2026-06-08T13:20:12Z"
"PA","Pennsylvania","1c8dbbb2-9e0e-46db-a47b-63d61f6da14f","AGH Division of Dental Medicine","-80.0032706","40.4574469","dentist","health_and_medical","320 E North Ave, Suite 109","Pittsburgh","15212","PA","US","4123593685","","https://www.ahn.org/location-search/agh-division-of-dental-medicine-599","","","0.9655","","7","Microsoft | Overture","CDLA-Permissive-2.0","2025-09-19T19:13:43.707Z | 2026-06-11T11:57:15Z"
"PA","Pennsylvania","1ca96bb1-a0af-43ab-a037-919f808ecb16","Bartusiak Dental Care of Washington","-80.21469804","40.1917321","dentist","general_dentistry | health_and_medical","240 Wellness Way","Washington","15301-9697","PA","US","+17242253680","bartusiakdental7@yahoo.com","https://www.drbarrybartusiak.com/","https://www.facebook.com/131838010271746","","0.999780921548605","","10","meta | Overture","CDLA-Permissive-2.0","2026-04-27T00:00:00.000Z | 2026-06-11T11:57:15Z"
"PA","Pennsylvania","1cb3e436-67dc-4dfa-953e-6b2c988e6ac7","Rodgers & Stough","-77.08114622","39.74671117","dentist","health_and_medical | family_practice","340 Lumber St","Littlestown","17340-1668","PA","US","+17173598955","","http://www.carrollcountytimes.com/","https://www.facebook.com/154405771263598","Kool Smiles","0.9199122190475464","open","7","meta | Overture | Overture-signals","CDLA-Permissive-2.0","2026-04-27T00:00:00.000Z | 2026-06-11T11:57:15Z | 2026-05-12T00:29:08Z | 2026-05-18T13:23:54Z | 2026-05-25T13:08:59Z | 2026-06-01T13:20:32Z | 2026-06-08T13:20:12Z"
"PA","Pennsylvania","1cbb9567-0562-4e2d-9944-bf78d41cd8d0","John P Walker","-78.9411880300484","40.3080712078073","dentist","","307 State St Ste 3","Johnstown","15905","PA","US","(814) 255-7181","","http://www.drjohnwalker.com","https://www.facebook.com/115082125170525","","0.9199122190475464","open","4","Foursquare | Overture | Overture-signals","Apache-2.0 | CDLA-Permissive-2.0","2025-08-22T00:00:00.000 | 2026-06-11T11:57:15Z | 2026-05-12T00:29:08Z | 2026-05-18T13:23:54Z | 2026-05-25T13:08:59Z | 2026-06-01T13:20:32Z | 2026-06-08T13:20:12Z"
"PA","Pennsylvania","1ccc93f3-aa69-460d-b4d7-ce5657843e34","Drs. Bejel & Present","-75.28267758","40.21283675","dentist","general_dentistry | doctor","311 N Sumneytown Pike","Upper Gwynedd Twp","19454-2500","PA","US","+12156994478","nextgendentalcenterpc@gmail.com","https://www.northwalesdentists.com/","https://www.facebook.com/346652362723507","Drs. Bejel & Present","0.9199122190475464","open","10","meta | Overture | Overture-signals","CDLA-Permissive-2.0","2026-04-27T00:00:00.000Z | 2026-06-11T11:57:15Z | 2026-05-12T00:29:08Z | 2026-05-18T13:23:54Z | 2026-05-25T13:08:59Z | 2026-06-01T13:20:32Z | 2026-06-08T13:20:12Z"
"PA","Pennsylvania","1cd106c0-9d32-407b-a352-dc268b90c75c","Knights Dental Care","-74.95341081","40.1023336","dentist","orthodontist | health_and_medical","2774 Knights Rd","Bensalem","19020-3526","PA","US","+12156392112","","https://www.knightfoundation.org","https://www.facebook.com/230092867074645","","0.9199122190475464","open","7","meta | Overture | Overture-signals","CDLA-Permissive-2.0","2026-04-27T00:00:00.000Z | 2026-06-11T11:57:15Z | 2026-05-12T00:29:08Z | 2026-05-18T13:23:54Z | 2026-05-25T13:08:59Z | 2026-06-01T13:20:32Z | 2026-06-08T13:20:12Z"
"PA","Pennsylvania","1cf3c995-0a94-4697-988d-4ac4a6f33014","Dr. Kathryn Duncan Friedman, D.D.S. - Dentist","-79.9988489666727","40.4403234701822","dentist","","355 5th Ave Ste 1520","Pittsburgh","15222","PA","US","(412) 281-9411","","https://www.atlasdentalspecialists.com","","","0.9199122190475464","open","4","Foursquare | Overture | Overture-signals","Apache-2.0 | CDLA-Permissive-2.0","2025-02-10T00:00:00.000 | 2026-06-11T11:57:15Z | 2026-05-12T00:29:08Z | 2026-05-18T13:23:54Z | 2026-05-25T13:08:59Z | 2026-06-01T13:20:32Z | 2026-06-08T13:20:12Z"
"PA","Pennsylvania","1d00b85c-be00-4f2d-bcb3-b1030c49ee76","Susquehanna Dental Arts","-76.47709711","40.03051796","dentist","endodontist | pediatric_dentist","100 S 18th St","Columbia","17512-9596","PA","US","+17176843943","info@susquehannadentalarts.com","http://www.susquehannadentalarts.com/","https://www.facebook.com/178629495482460","","0.9199122190475464","open","8","meta | Overture | Overture-signals","CDLA-Permissive-2.0","2026-04-27T00:00:00.000Z | 2026-06-11T11:57:15Z | 2026-05-12T00:29:08Z | 2026-05-18T13:23:54Z | 2026-05-25T13:08:59Z | 2026-06-01T13:20:32Z | 2026-06-08T13:20:12Z"
"PA","Pennsylvania","1d2cdf9e-0fa8-4dfa-aa79-2e89073ace8d","Stephen T. Radack III DMD","-80.05769","42.10531","dentist","endodontist | health_and_medical","413 E 38th St","Erie","16504-1679","PA","US","+18148256221","","http://www.drradack.com","https://www.facebook.com/104695816262909","","0.5405554175376892","","10","meta | Overture","CDLA-Permissive-2.0","2026-04-27T00:00:00.000Z | 2026-06-11T11:57:15Z"
"PA","Pennsylvania","1d32651b-1f9a-4b2a-baae-9ef804e70e54","Oakland Peridontal Associates","-79.9627227783203","40.438606262207","dentist","health_and_medical","3356 5th Ave 300","Pittsburgh","15213","PA","US","4126811733","","http://oaklandperio.com/","","","0.85","","7","Microsoft | Overture","CDLA-Permissive-2.0","2014-12-11T07:42:55.743Z | 2026-06-11T11:57:15Z"
"PA","Pennsylvania","1d384ee9-dd72-48d5-88b0-e226329aea9e","McCracken Family Dentistry","-76.94669172","40.2384428","dentist","general_dentistry | medical_service_organizations","3801 Market St","Camp Hill","17011-4328","PA","US","+17177378423","mfdsmile@comcast.net","http://www.mccrackenfamilydentistry.com/","https://www.facebook.com/193484057333381","McCracken Family Dentistry","0.9902192950248718","open","8","meta | Overture | Overture-signals","CDLA-Permissive-2.0","2026-04-27T00:00:00.000Z | 2026-06-11T11:57:15Z | 2026-05-12T00:29:08Z | 2026-05-18T13:23:54Z | 2026-05-25T13:08:59Z | 2026-06-01T13:20:32Z | 2026-06-08T13:20:12Z"
"PA","Pennsylvania","1d402630-bc71-4a93-a8ca-723898d6a373","Korwin King","-80.136305","40.797075","dentist","","116 E Grandview Ave","Zelienople","16063","PA","US","(724) 452-6020","drking@zoominternet.net","http://www.grandviewdental.com","https://www.facebook.com/156672891039628","","0.9199122190475464","open","4","Foursquare | Overture | Overture-signals","Apache-2.0 | CDLA-Permissive-2.0","2025-08-22T00:00:00.000 | 2026-06-11T11:57:15Z | 2026-05-12T00:29:08Z | 2026-05-18T13:23:54Z | 2026-05-25T13:08:59Z | 2026-06-01T13:20:32Z | 2026-06-08T13:20:12Z"
"PA","Pennsylvania","1d519793-5913-4278-9f2a-7c5bb0c5dde6","Einstein Dental Medicine","-75.1596944","40.0405443","dentist","health_and_medical","2 Penn Blvd Ste 216","Philadelphia","19144","PA","US","2159518900","","http://www.einstein.edu/dental-medicine/","","","0.9199122190475464","open","7","Microsoft | Overture | Overture-signals","CDLA-Permissive-2.0","2020-01-14T16:35:58.200Z | 2026-06-11T11:57:15Z | 2026-05-12T00:29:08Z | 2026-05-18T13:23:54Z | 2026-05-25T13:08:59Z | 2026-06-01T13:20:32Z | 2026-06-08T13:20:12Z"
"PA","Pennsylvania","1d524d67-9f4b-4d6c-81a8-03dd6717e4b7","Katsur Dental and Orthodontics","-80.21657254","40.18663022","dentist","general_dentistry","Northgate Plaza, 460 Washington Rd","South Strabane Twp","15301","PA","US","+17242230750","","http://www.katsurdental.com","https://www.facebook.com/191477650882416","Katsur Dental & Orthodontics","0.9199122190475464","open","8","meta | Overture | Overture-signals","CDLA-Permissive-2.0","2026-04-27T00:00:00.000Z | 2026-06-11T11:57:15Z | 2026-05-12T00:29:08Z | 2026-05-18T13:23:54Z | 2026-05-25T13:08:59Z | 2026-06-01T13:20:32Z | 2026-06-08T13:20:12Z"
"PA","Pennsylvania","1d63e7ff-bdde-45f1-baf0-b54462953a14","Hoorfar Dental Group- Spring House","-75.2285825516705","40.1864782488854","dentist","","909 Sumneytown Pike","Spring House","19477","PA","US","(215) 643-5220","","http://www.hoorfardentalgroup.com","https://www.facebook.com/1749523855081693","","0.77","","5","Foursquare | Overture","Apache-2.0 | CDLA-Permissive-2.0","2025-08-19T00:00:00.000 | 2026-06-11T11:57:15Z"
"PA","Pennsylvania","1d790869-2d21-4f05-a613-cf75d0cd4737","Lawrence J. Winans DMD","-76.884179459888","40.9658347902119","dentist","","38 North 2nd Street","Lewisburg","17837","PA","US","(570) 524-4454","drwinans@drwinans.com","http://www.drwinans.com","https://www.twitter.com/larrywinansdmd | https://www.facebook.com/109805252417304","","0.77","","5","Foursquare | Overture","Apache-2.0 | CDLA-Permissive-2.0","2025-08-22T00:00:00.000 | 2026-06-11T11:57:15Z"
"PA","Pennsylvania","1d7d2d71-80c7-4628-9dd5-badcd924ccf7","Chirstopher G. Bereznak","-75.9723952488674","41.5801681806735","dentist","","6052 Sr 6","Tunkhannock","18657","PA","US","(570) 836-2808","","http://www.dentalhealthcarecenter.com","","","0.77","","5","Foursquare | Overture","Apache-2.0 | CDLA-Permissive-2.0","2025-08-22T00:00:00.000 | 2026-06-11T11:57:15Z"
"PA","Pennsylvania","1dd1fb02-55fb-4d9d-99a3-ff98ed292895","Ab dental","-74.868547658383","40.1794177790201","dentist","","320 N Oxford Valley Rd","Croydon","19030","PA","US","(215) 946-9400","abdental75@gmail.com","http://www.dentalcareinfairlesshillspa.com","","","0.77","","5","Foursquare | Overture","Apache-2.0 | CDLA-Permissive-2.0","2025-08-22T00:00:00.000 | 2026-06-11T11:57:15Z"
"PA","Pennsylvania","1de1a30e-7fc7-49f0-9c25-1e7991c241ea","Davis Dwight R DDS","-76.41666957","40.79905057","dentist","periodontist | health_and_medical","219 N Vine St","Mt Carmel","17851-1314","PA","US","+15703395170","","http://davisdwightrdds.placeweb.site","https://www.facebook.com/152069501501522","","0.9199122190475464","open","6","meta | Overture | Overture-signals","CDLA-Permissive-2.0","2026-04-27T00:00:00.000Z | 2026-06-11T11:57:15Z | 2026-05-12T00:29:08Z | 2026-05-18T13:23:54Z | 2026-05-25T13:08:59Z | 2026-06-01T13:20:32Z | 2026-06-08T13:20:12Z"
"PA","Pennsylvania","1de950eb-fc25-4ed9-bfd9-59150de65aa5","Leon S. Kulinski DMD","-79.707355","41.434045","dentist","doctor | pediatric_dentist","207 Center St","Oil City","16301-1459","PA","US","+18146762705","","","https://www.facebook.com/840816419364753","","0.9627068638801575","","8","meta | Overture","CDLA-Permissive-2.0","2026-04-27T00:00:00.000Z | 2026-06-11T11:57:15Z"
"PA","Pennsylvania","1deee090-f3fc-4eb0-a74d-a2fdf09f1a05","David Stall Dental","-75.512587421189","39.9650338555818","dentist","","1646 W Chester Pike Ste 1","West Chester","19382","PA","US","(610) 590-4568","","https://www.dentist-west-chester-pa.com","https://www.facebook.com/197093377008656","","0.9199122190475464","open","4","Foursquare | Overture | Overture-signals","Apache-2.0 | CDLA-Permissive-2.0","2024-05-16T00:00:00.000 | 2026-06-11T11:57:15Z | 2026-05-12T00:29:08Z | 2026-05-18T13:23:54Z | 2026-05-25T13:08:59Z | 2026-06-01T13:20:32Z | 2026-06-08T13:20:12Z"
"PA","Pennsylvania","1df36419-5cc5-469d-8780-375cae86a8d0","Motto Clear Aligners","-78.8459838","40.2781315","dentist","health_and_medical","510 Town Centre Dr","Johnstown","15904","PA","US","8142665141","","https://www.aspendental.com/dentist/pa/johnstown/510-towne-centre-drive/motto-clear-aligners/","","","0.9199122190475464","open","6","Microsoft | Overture | Overture-signals","CDLA-Permissive-2.0","2025-10-05T07:01:07.970Z | 2026-06-11T11:57:15Z | 2026-05-12T00:29:08Z | 2026-05-18T13:23:54Z | 2026-05-25T13:08:59Z | 2026-06-01T13:20:32Z | 2026-06-08T13:20:12Z"
"PA","Pennsylvania","1e01da6b-135c-4de1-83d7-ae5c6e018345","Pinnacle Family Dental Care","-76.39876588","40.09128813","dentist","general_dentistry | health_and_medical","3244 Harrisburg Pike","Landisville","17538-1316","PA","US","+17177420108","info@landisvilledentist.com","https://www.landisvilledentist.com/","https://www.facebook.com/104073592750925","Johnson Dental Care","0.9199122190475464","open","8","meta | Overture | Overture-signals","CDLA-Permissive-2.0","2026-04-27T00:00:00.000Z | 2026-06-11T11:57:15Z | 2026-05-12T00:29:08Z | 2026-05-18T13:23:54Z | 2026-05-25T13:08:59Z | 2026-06-01T13:20:32Z | 2026-06-08T13:20:12Z"
"PA","Pennsylvania","1e05b7f8-d79d-44fc-b757-117d39d6b374","Jeffrey J. Raymond Jr.","-77.41923331","41.14630796","dentist","","213 Woodward Ave","Lock Haven","17745-1716","PA","US","+15707486603","lockhavendentist@yahoo.com","https://www.lockhavendentist.com/","https://www.facebook.com/108478460779269","Jeffrey J. Raymond, Jr., DMD","0.9199122190475464","open","10","meta | Overture | Overture-signals","CDLA-Permissive-2.0","2026-04-27T00:00:00.000Z | 2026-06-11T11:57:15Z | 2026-05-12T00:29:08Z | 2026-05-18T13:23:54Z | 2026-05-25T13:08:59Z | 2026-06-01T13:20:32Z | 2026-06-08T13:20:12Z"
"PA","Pennsylvania","1e081a68-61d8-4c5b-818f-0f53724b8c6e","Michael Salvia DMD","-75.57081032","41.47480099","dentist","general_dentistry | doctor","315 Church St","Jessup","18434-1092","PA","US","+15703830211","michaelsalviadmd@gmail.com","http://www.michaelsalviadmd.com/","https://www.facebook.com/112067202251598","","0.9691035747528076","","8","meta | Overture","CDLA-Permissive-2.0","2026-04-27T00:00:00.000Z | 2026-06-11T11:57:15Z"
"PA","Pennsylvania","1e414ef2-939c-4195-a5de-eb567f59e8d2","Stampien Dental","-75.66690186","41.39768459","dentist","general_dentistry","732 Pittston Ave","Scranton","18505-4103","PA","US","+15703461357","kstampiendental@gmail.com","http://kimberlyrstampiendmd.com/","https://www.facebook.com/1508335586068020","","0.9199122190475464","open","7","meta | Overture | Overture-signals","CDLA-Permissive-2.0","2026-04-27T00:00:00.000Z | 2026-06-11T11:57:15Z | 2026-05-12T00:29:08Z | 2026-05-18T13:23:54Z | 2026-05-25T13:08:59Z | 2026-06-01T13:20:32Z | 2026-06-08T13:20:12Z"
"PA","Pennsylvania","1e52582c-ac64-4cae-942a-d3f307f526f5","David L Petrick","-79.8188518520916","40.3490758340606","dentist","","1504 Lincoln Way","White Oak","15131","PA","US","(412) 672-4100","","https://www.whodoyou.com/biz/1241417/david-l-petrick-dmd-mckeesport-pa","https://www.facebook.com/164338986926676","","0.9199122190475464","open","4","Foursquare | Overture | Overture-signals","Apache-2.0 | CDLA-Permissive-2.0","2025-08-22T00:00:00.000 | 2026-06-11T11:57:15Z | 2026-05-12T00:29:08Z | 2026-05-18T13:23:54Z | 2026-05-25T13:08:59Z | 2026-06-01T13:20:32Z | 2026-06-08T13:20:12Z"
"PA","Pennsylvania","1e66f030-ebc7-4caf-83c3-f7032dba181e","Endodontic Associates","-75.343595","39.914937","dentist","orthodontist | endodontist","1050 Baltimore Pike","Springfield","19064-2853","PA","US","+16105432288","kboschdmd@aol.com","http://www.springfieldendo.com","https://www.facebook.com/116685268393211","Springfield Endodontics, LLC","0.9199122190475464","open","8","meta | Overture | Overture-signals","CDLA-Permissive-2.0","2026-04-27T00:00:00.000Z | 2026-06-11T11:57:15Z | 2026-05-12T00:29:08Z | 2026-05-18T13:23:54Z | 2026-05-25T13:08:59Z | 2026-06-01T13:20:32Z | 2026-06-08T13:20:12Z"
"PA","Pennsylvania","1e6a69c5-9199-411a-8014-a5287f573733","Harmony Dental of Port Richmond","-75.10234695","39.99136336","dentist","general_dentistry | cosmetic_dentist","3386 Memphis St","Philadelphia","19134-4510","PA","US","+12672626201","harmonydental3386@gmail.com","https://dentistportrichmond.com/","https://www.facebook.com/108777528750972","","0.9902192950248718","open","8","meta | Overture | Overture-signals","CDLA-Permissive-2.0","2026-04-27T00:00:00.000Z | 2026-06-11T11:57:15Z | 2026-05-12T00:29:08Z | 2026-05-18T13:23:54Z | 2026-05-25T13:08:59Z | 2026-06-01T13:20:32Z | 2026-06-08T13:20:12Z"
"PA","Pennsylvania","1e7434c9-20f9-4840-a35a-34b36a49c249","Wilcko Orthodontics","-80.0943876529493","42.0617594274895","dentist","orthodontist | health_and_medical","6066 Peach St","Erie","16509-3472","PA","US","+18148688679","","http://www.drwilcko.com","https://www.facebook.com/115784878482676","","0.7831223607063293","","10","meta | Overture","CDLA-Permissive-2.0","2026-04-27T00:00:00.000Z | 2026-06-11T11:57:15Z"
"PA","Pennsylvania","1e764de2-f3c8-461e-bb81-ba565b0e6e26","Chestnut Hills Dental","-79.55440393","40.12585049","dentist","general_dentistry | doctor","220 Bessemer Rd","East Huntingdon Twp","15666-9122","PA","US","+17245473516","chdmtpleasant@mydentalmail.com","https://chdmtpleasant.com/","https://www.facebook.com/762119463943588","Dental Health Society online","0.9199122190475464","open","7","meta | Overture | Overture-signals","CDLA-Permissive-2.0","2026-04-27T00:00:00.000Z | 2026-06-11T11:57:15Z | 2026-05-12T00:29:08Z | 2026-05-18T13:23:54Z | 2026-05-25T13:08:59Z | 2026-06-01T13:20:32Z | 2026-06-08T13:20:12Z"
"PA","Pennsylvania","1e9a1890-3b1a-453c-8f91-23c245b0f11f","Nice Care Dental","-75.16919236","39.92039563","dentist","general_dentistry | cosmetic_dentist","1320 W Ritner St","Philadelphia","19148-3525","PA","US","+12153893876","nicedentalnj@gmail.com","http://www.nicecaredental.com/","https://www.facebook.com/113779975379658","","0.9902192950248718","open","9","meta | Overture | Overture-signals","CDLA-Permissive-2.0","2026-04-27T00:00:00.000Z | 2026-06-11T11:57:15Z | 2026-05-12T00:29:08Z | 2026-05-18T13:23:54Z | 2026-05-25T13:08:59Z | 2026-06-01T13:20:32Z | 2026-06-08T13:20:12Z"
"PA","Pennsylvania","1ed89fca-8b0f-4f1e-bbe6-ebd356c1b111","Joseph Depasquale","-76.66154758","39.9782753","dentist","teeth_whitening","3218 E Market St","York","17402-2506","PA","US","+17177553061","depasqualedental@aol.com","http://www.depasqualedental.com","https://www.facebook.com/265492276963928","","0.9221792221069336","","2","meta | Overture","CDLA-Permissive-2.0","2026-04-27T00:00:00.000Z | 2026-06-11T11:57:15Z"
"PA","Pennsylvania","1ed9e85c-a7f9-4bef-8d00-649246ccdc19","Mccarty Dental Studio, LLC","-74.965622","40.093603","dentist","health_and_medical | event_photography","12659 Biscayne Dr","Philadelphia","19154-2005","PA","US","+12672309978","","","https://www.facebook.com/1442700082628266","","0.7418643236160278","","8","meta | Overture","CDLA-Permissive-2.0","2026-04-27T00:00:00.000Z | 2026-06-11T11:57:15Z"
"PA","Pennsylvania","1ee6c6e1-c44a-4459-8d63-7415588bfee8","Misiura Martin C DDS","-75.6029974","41.46858087","dentist","general_dentistry | doctor","418 Lackawanna Ave","Olyphant","18447-1524","PA","US","+15704895611","","","https://www.facebook.com/1392498777636539","","0.9199122190475464","open","7","meta | Overture | Overture-signals","CDLA-Permissive-2.0","2026-04-27T00:00:00.000Z | 2026-06-11T11:57:15Z | 2026-05-12T00:29:08Z | 2026-05-18T13:23:54Z | 2026-05-25T13:08:59Z | 2026-06-01T13:20:32Z | 2026-06-08T13:20:12Z"
"PA","Pennsylvania","1eee2b6e-4247-4d35-a067-ef97f41329ba","Family Dentistry Associates Of Johnstown, PC","-78.9228051410736","40.3274374193069","dentist","","223 Main St","Conemaugh","15909","PA","US","(814) 535-7894","businesssubmission39081.webfl@yahoo.com","http://familydentistryassoc1.com","https://www.facebook.com/985970168115253","","0.9199122190475464","open","4","Foursquare | Overture | Overture-signals","Apache-2.0 | CDLA-Permissive-2.0","2025-05-31T00:00:00.000 | 2026-06-11T11:57:15Z | 2026-05-12T00:29:08Z | 2026-05-18T13:23:54Z | 2026-05-25T13:08:59Z | 2026-06-01T13:20:32Z | 2026-06-08T13:20:12Z"
"PA","Pennsylvania","1ef03d36-2cad-4fd0-bf7f-64de7e6172d6","Dr. Stephen Band","-75.0312153184641","40.0959036586229","dentist","","9880 Bustleton Ave Ste 213","Philadelphia","19115","PA","US","(215) 673-4888","","http://www.drbanddental.com","https://www.facebook.com/397504327001373","","0.77","","5","Foursquare | Overture","Apache-2.0 | CDLA-Permissive-2.0","2025-06-26T00:00:00.000 | 2026-06-11T11:57:15Z"
"PA","Pennsylvania","1f09bb2f-e424-48fc-80a2-a9d8d6e9cd8b","Dr. Beth Skovron","-75.248953","40.261884","dentist","health_and_medical | naturopathic_holistic","613 Bethlehem Pike","Montgomeryville","18936","PA","US","+12157922227","heritagedental595@gmail.com","http://www.heritagedentaldds.com/","https://www.facebook.com/140053646020786","","0.9880442023277283","","9","meta | Overture","CDLA-Permissive-2.0","2026-04-27T00:00:00.000Z | 2026-06-11T11:57:15Z"
"PA","Pennsylvania","1f15e8d5-776a-4fcd-b15e-4268a7bc2dd5","Bihary Family Dental","-78.41210245","40.45970496","dentist","general_dentistry","10 Sheraton Dr","Altoona","16601-9316","PA","US","+18143175349","biharyfamilydental@yahoo.com","http://jasonbiharydmd.com/","https://www.facebook.com/176565622394863","","0.9918374419212341","","3","meta | Overture","CDLA-Permissive-2.0","2026-04-27T00:00:00.000Z | 2026-06-11T11:57:15Z"
"PA","Pennsylvania","1f26bb34-2b6a-4faf-ae15-3040f66ddadc","St. Luke's OMS","-75.23772161","40.99048566","dentist","medical_service_organizations | doctor","1419 N 9th St","Stroudsburg","18360-7574","PA","US","+16108658077","info@stlukesoralfacialsurgeons.com","http://stlukesoralfacialsurgeons.com/","https://www.facebook.com/379296712467937","St. Luke's OMS","0.9902192950248718","open","10","meta | Overture | Overture-signals","CDLA-Permissive-2.0","2026-04-27T00:00:00.000Z | 2026-06-11T11:57:15Z | 2026-05-12T00:29:08Z | 2026-05-18T13:23:54Z | 2026-05-25T13:08:59Z | 2026-06-01T13:20:32Z | 2026-06-08T13:20:12Z"
"PA","Pennsylvania","1f296d9a-6ac2-487d-8f13-2504be74e8e3","Paxton Family Dental","-76.78986003","40.322492","dentist","general_dentistry | medical_service_organizations","5690 Allentown Blvd","Lower Paxton Twp","17112-4046","PA","US","+17175262000","paxtonfamilydental@gmail.com","http://www.paxtonfamilydental.com/","https://www.facebook.com/100578043402719","","0.9199122190475464","open","7","meta | Overture | Overture-signals","CDLA-Permissive-2.0","2026-04-27T00:00:00.000Z | 2026-06-11T11:57:15Z | 2026-05-12T00:29:08Z | 2026-05-18T13:23:54Z | 2026-05-25T13:08:59Z | 2026-06-01T13:20:32Z | 2026-06-08T13:20:12Z"
"PA","Pennsylvania","1f31e21d-f5fd-45cd-a830-896ac83ec183","Wynnewood Dental Arts","-75.28148712","40.00265783","dentist","general_dentistry | medical_service_organizations","300 E Lancaster Ave","Wynnewood","19096-2106","PA","US","+16106420139","info@definnis.com","http://www.wynnewooddentalarts.com","https://www.facebook.com/174729989257850","","0.9902192950248718","open","9","meta | Overture | Overture-signals","CDLA-Permissive-2.0","2026-04-27T00:00:00.000Z | 2026-06-11T11:57:15Z | 2026-05-12T00:29:08Z | 2026-05-18T13:23:54Z | 2026-05-25T13:08:59Z | 2026-06-01T13:20:32Z | 2026-06-08T13:20:12Z"
"PA","Pennsylvania","1f4bcb61-11ab-4616-bceb-469f1c8306aa","Lenker Dental","-75.49129952","40.03956902","dentist","general_dentistry","74 Paoli Pike","Paoli","19301-1831","PA","US","+16106449350","lenkerdental@gmail.com","http://www.lenkerdental.com/","https://www.facebook.com/194648824325987","","0.9902192950248718","open","9","meta | Overture | Overture-signals","CDLA-Permissive-2.0","2026-04-27T00:00:00.000Z | 2026-06-11T11:57:15Z | 2026-05-12T00:29:08Z | 2026-05-18T13:23:54Z | 2026-05-25T13:08:59Z | 2026-06-01T13:20:32Z | 2026-06-08T13:20:12Z"
"PA","Pennsylvania","1f6b36ff-2494-4415-8b01-f1ae29de86c0","Sulkowski William M DDS","-80.18091365","40.26015729","dentist","general_dentistry","183 E Pike St","Canonsburg","15317-1765","PA","US","+17247450103","dr.williamsulkowski@yahoo.com","http://www.sulkowskidental.com/","https://www.facebook.com/147252642509198","","0.9199122190475464","open","7","meta | Overture | Overture-signals","CDLA-Permissive-2.0","2026-04-27T00:00:00.000Z | 2026-06-11T11:57:15Z | 2026-05-12T00:29:08Z | 2026-05-18T13:23:54Z | 2026-05-25T13:08:59Z | 2026-06-01T13:20:32Z | 2026-06-08T13:20:12Z"
"PA","Pennsylvania","1f6dd06d-ee0b-4f73-91d3-eea2c02d36f9","Chomiak Dental","-79.5893717","40.0193348","dentist","cosmetic_dentist | general_dentistry","215 N Pittsburgh St","Connellsville","15425-3240","PA","US","+17246288110","info@chomiakdental.com","http://www.chomiakdental.com/","https://www.facebook.com/409490789157249","Chomiak Dental","0.9948652386665344","","9","meta | Overture","CDLA-Permissive-2.0","2026-04-27T00:00:00.000Z | 2026-06-11T11:57:15Z"
"PA","Pennsylvania","1f73bb9f-2597-4456-9c7b-56769212a391","Emergency Dentist 24/7 Penndel","-74.91185003","40.15828894","dentist","emergency_room | general_dentistry","129 Bellevue Ave","Penndel","19047-4024","PA","US","+12157572440","topdocdmd@gmail.com","http://Thetopdocdmd.com/","https://www.facebook.com/185272498180007","","0.9199122190475464","open","8","meta | Overture | Overture-signals","CDLA-Permissive-2.0","2026-04-27T00:00:00.000Z | 2026-06-11T11:57:15Z | 2026-05-12T00:29:08Z | 2026-05-18T13:23:54Z | 2026-05-25T13:08:59Z | 2026-06-01T13:20:32Z | 2026-06-08T13:20:12Z"
"PA","Pennsylvania","1f84743f-b44a-4170-b0c2-8144b2426df7","Motto Clear Aligners","-75.36045279","40.44545569","dentist","health_and_medical","90 N West End Blvd","Quakertown","18951","PA","US","2674242200","","https://www.aspendental.com/dentist/pa/quakertown/90-n-west-end-blvd/motto-clear-aligners/","","","0.9199122190475464","open","8","Microsoft | Overture | Overture-signals","CDLA-Permissive-2.0","2025-10-03T21:21:31.887Z | 2026-06-11T11:57:15Z | 2026-05-12T00:29:08Z | 2026-05-18T13:23:54Z | 2026-05-25T13:08:59Z | 2026-06-01T13:20:32Z | 2026-06-08T13:20:12Z"
"PA","Pennsylvania","1f94792f-7bbe-4dba-b80d-bf20aec4f1b6","Wynnewood Dental Arts","-75.257194519043","39.9882507324219","dentist","","300 E. Lancaster Ave., Suite 101","Wynnewood","19096","PA","US","(610) 642-0139","","http://wynnewooddentalarts.com","https://www.twitter.com/wynnewooddentpa | https://www.facebook.com/174729989257850","","0.77","","5","Foursquare | Overture","Apache-2.0 | CDLA-Permissive-2.0","2025-09-22T00:00:00.000 | 2026-06-11T11:57:15Z"
"PA","Pennsylvania","1fa08355-2a28-4960-8ed5-660f4ef3726f","Mundenar Michael J DMD","-74.883042","40.22037","dentist","oral_surgeon | medical_service_organizations","606 Floral Vale Blvd","Morrisville","19067-5528","PA","US","+12155040600","","http://www.yardleyoralsurgery.com/yardley-pa-oral-surgeon/oral-surgeon-dr-mundenar.html","https://www.facebook.com/159525997402775","","0.7208795547485352","","9","meta | Overture","CDLA-Permissive-2.0","2026-04-27T00:00:00.000Z | 2026-06-11T11:57:15Z"
"PA","Pennsylvania","1fae32c1-6ad2-46b4-9985-1840356bac16","Peter Pham","-78.4044610457769","40.5172578678378","dentist","","1409 13th St","Altoona","16601","PA","US","(814) 944-6611","","http://www.drlipsofblaircounty.com","https://www.facebook.com/206940775990409","","0.77","","5","Foursquare | Overture","Apache-2.0 | CDLA-Permissive-2.0","2025-08-22T00:00:00.000 | 2026-06-11T11:57:15Z"
"PA","Pennsylvania","1fb1cbda-3e10-4d1a-bff9-1fac92e938ac","Chandan Dental Associates","-80.08128023","41.3483518","dentist","general_dentistry | doctor","3242 S Main St","Sandy Lake","16145","PA","US","+17243767161","sadmin@sandylakedental.com","http://www.charltondental.com","https://www.facebook.com/110583939065407","","0.9199122190475464","open","10","meta | Overture | Overture-signals","CDLA-Permissive-2.0","2026-04-27T00:00:00.000Z | 2026-06-11T11:57:15Z | 2026-05-12T00:29:08Z | 2026-05-18T13:23:54Z | 2026-05-25T13:08:59Z | 2026-06-01T13:20:32Z | 2026-06-08T13:20:12Z"
"PA","Pennsylvania","1ff8fd22-00fa-4020-aee0-53d96a2f0b97","Smile Culture Dental - Huntingdon Valley","-75.07367095","40.17000678","dentist","general_dentistry | cosmetic_dentist","2150 E County Line Rd","Upper Moreland Twp","19006","PA","US","+12677621487","huntingdon@smileculture.com","https://smileculture.com/huntingdon-valley/","https://www.facebook.com/421578562010961","Smile Culture Dental","0.9492276906967163","","10","meta | Overture","CDLA-Permissive-2.0","2026-04-27T00:00:00.000Z | 2026-06-11T11:57:15Z"
"PA","Pennsylvania","1fff0db1-c42c-4fb6-9e0c-4fbb8dca399d","Dr. Smita C. Patel, DDS","-75.48139837","40.59948364","dentist","general_dentistry","1144 Hamilton St","Allentown","18101-1042","PA","US","+16104352550","","","https://www.facebook.com/105749103169797","","0.9199122190475464","open","7","meta | Overture | Overture-signals","CDLA-Permissive-2.0","2026-04-27T00:00:00.000Z | 2026-06-11T11:57:15Z | 2026-05-12T00:29:08Z | 2026-05-18T13:23:54Z | 2026-05-25T13:08:59Z | 2026-06-01T13:20:32Z | 2026-06-08T13:20:12Z"
"PA","Pennsylvania","203099f3-5997-4b74-a4fd-614e17e5c0be","Gerberick Dental Laboratory","-76.72290081","39.96193842","dentist","","113 S Queen St","York","17403-2009","PA","US","+17178542945","gerberickdentallab@outlook.com","","https://www.facebook.com/160163424184905","","0.9199122190475464","open","8","meta | Overture | Overture-signals","CDLA-Permissive-2.0","2026-04-27T00:00:00.000Z | 2026-06-11T11:57:15Z | 2026-05-12T00:29:08Z | 2026-05-18T13:23:54Z | 2026-05-25T13:08:59Z | 2026-06-01T13:20:32Z | 2026-06-08T13:20:12Z"
"PA","Pennsylvania","2030d61a-5f05-4a1c-bd28-fd5aab2c4bab","Robert Kester DDS Family Dentistry","-75.880971","41.27724","dentist","orthodontist | health_and_medical","920 Wyoming Ave","Kingston","18704-3953","PA","US","+15702832422","kester676@gmail.com","http://kesterdental.com/","https://www.facebook.com/234381623361324","","0.9199122190475464","open","8","meta | Overture | Overture-signals","CDLA-Permissive-2.0","2026-04-27T00:00:00.000Z | 2026-06-11T11:57:15Z | 2026-05-12T00:29:08Z | 2026-05-18T13:23:54Z | 2026-05-25T13:08:59Z | 2026-06-01T13:20:32Z | 2026-06-08T13:20:12Z"
"PA","Pennsylvania","203590b0-7054-4d80-8950-3265d4d2b0ab","American Dental Solutions | Audubon, PA","-75.4045028686523","40.1296272277832","dentist","health_and_medical","2642 Egypt Rd","Audubon","19403","PA","US","4842342977","","https://americandentalsolutions.net/office-info/audubon/","","","0.9902192950248718","open","6","Microsoft | Overture | Overture-signals","CDLA-Permissive-2.0","2023-04-13T19:52:31.330Z | 2026-06-11T11:57:15Z | 2026-05-12T00:29:08Z | 2026-05-18T13:23:54Z | 2026-05-25T13:08:59Z | 2026-06-01T13:20:32Z | 2026-06-08T13:20:12Z"
"PA","Pennsylvania","203f5f6e-630b-49b7-962d-f7940dc3a1a9","Always Dental Care","-75.45139691","40.13507344","dentist","general_dentistry | cosmetic_dentist","1570 Egypt Rd","Phoenixville","19460-1179","PA","US","+14843927687","alwaysdentalcare@yahoo.com","https://www.alwaysdentalcare.com/","https://www.facebook.com/1491951344407180","Always Dental Care","0.9199122190475464","open","9","meta | Overture | Overture-signals","CDLA-Permissive-2.0","2026-04-27T00:00:00.000Z | 2026-06-11T11:57:15Z | 2026-05-12T00:29:08Z | 2026-05-18T13:23:54Z | 2026-05-25T13:08:59Z | 2026-06-01T13:20:32Z | 2026-06-08T13:20:12Z"
"PA","Pennsylvania","205f6521-8a30-48a7-bb17-6cdc2b562998","University Square Dental Associates","-75.1993940591548","39.9570213893424","dentist","","3901 Market Street Suites WW-B1/2","Philadelphia","19104","PA","US","(215) 662-1030","","https://www.universitysquaredental.com","","","0.77","","5","Foursquare | Overture","Apache-2.0 | CDLA-Permissive-2.0","2026-03-26T00:00:00.000 | 2026-06-11T11:57:15Z"
"PA","Pennsylvania","207965a9-7545-4708-9faf-871d29bc46e6","Carpenter Dental","-75.8771531","41.28090147","dentist","general_dentistry | cosmetic_dentist","1086 Wyoming Ave","Forty Fort","18704-4014","PA","US","+15703310909","carpenterdental@hotmail.com","http://www.carpenterdental.com","https://www.facebook.com/221079305863","Carpenter Dental","0.9996214939951896","","9","meta | Overture","CDLA-Permissive-2.0","2026-04-27T00:00:00.000Z | 2026-06-11T11:57:15Z"
"PA","Pennsylvania","20ce92ce-763d-4d59-b5f1-0c847c764160","Cipriani Dental Associates","-74.9216943","40.22875935","dentist","general_dentistry","638 Newtown Yardley Rd","Newtown","18940-1737","PA","US","+12159680620","info@ciprianidental.com","http://www.ciprianidental.net/","https://www.facebook.com/155339847850793","","0.5890151858329773","","9","meta | Overture","CDLA-Permissive-2.0","2026-04-27T00:00:00.000Z | 2026-06-11T11:57:15Z"
"PA","Pennsylvania","20d16cab-42e1-446a-aecf-1a44df536492","Agate Dental","-77.0315238","40.2596764","dentist","health_and_medical","1700 Bent Creek Blvd Ste 130","Mechanicsburg","17050","PA","US","7172561263","","https://www.agatedental.com/","","","0.9902192950248718","open","6","Microsoft | Overture | Overture-signals","CDLA-Permissive-2.0","2024-11-19T11:10:21.583Z | 2026-06-11T11:57:15Z | 2026-05-12T00:29:08Z | 2026-05-18T13:23:54Z | 2026-05-25T13:08:59Z | 2026-06-01T13:20:32Z | 2026-06-08T13:20:12Z"
"PA","Pennsylvania","20fb770b-2d26-4ae1-a504-b27982b56442","Benko & Benko Associates","-76.57576596","40.16324721","dentist","general_dentistry | medical_service_organizations","1083 Dairy Ln","Mt Joy Twp","17022-9547","PA","US","+17173611025","michaelbandbassociates@mail.com","http://www.benkodental.com","https://www.facebook.com/153666074687866","Benko & Benko Dental Associates","0.9199122190475464","open","8","meta | Overture | Overture-signals","CDLA-Permissive-2.0","2026-04-27T00:00:00.000Z | 2026-06-11T11:57:15Z | 2026-05-12T00:29:08Z | 2026-05-18T13:23:54Z | 2026-05-25T13:08:59Z | 2026-06-01T13:20:32Z | 2026-06-08T13:20:12Z"
"PA","Pennsylvania","210e80c4-df7a-4bd4-910c-f68ec381b57f","Griffith Gress Oral Surgery Pc","-78.7308292279961","40.485641157268","dentist","","611 W High St","Ebensburg","15931","PA","US","(814) 472-9644","","http://www.griffithgress.com","","","0.77","","5","Foursquare | Overture","Apache-2.0 | CDLA-Permissive-2.0","2025-08-22T00:00:00.000 | 2026-06-11T11:57:15Z"
"PA","Pennsylvania","2112a849-3105-4201-840e-bb034439701f","Century Dental Associates","-75.6610008","41.44216852","dentist","","437 W Market St","Scranton","18508-1536","PA","US","+15703422922","patients@centurydentalassociates.com","https://centurydentalsmiles.com/locations/west-market-st/","https://www.facebook.com/208559152351649","Century Dental Associates","0.9902192950248718","open","7","meta | Overture | Overture-signals","CDLA-Permissive-2.0","2026-04-27T00:00:00.000Z | 2026-06-11T11:57:15Z | 2026-05-12T00:29:08Z | 2026-05-18T13:23:54Z | 2026-05-25T13:08:59Z | 2026-06-01T13:20:32Z | 2026-06-08T13:20:12Z"
"PA","Pennsylvania","2117a528-98d7-40e2-8852-58635ce85659","Aspire Dental Studio","-75.64261249","40.60693983","dentist","general_dentistry | health_and_medical","2405 PA-100","Orefield","18069-3124","PA","US","+16103952904","adstudio2405@gmail.com","https://aspiredentalstudios.com/","https://www.facebook.com/342867578916174","","0.9199122190475464","open","8","meta | Overture | Overture-signals","CDLA-Permissive-2.0","2026-04-27T00:00:00.000Z | 2026-06-11T11:57:15Z | 2026-05-12T00:29:08Z | 2026-05-18T13:23:54Z | 2026-05-25T13:08:59Z | 2026-06-01T13:20:32Z | 2026-06-08T13:20:12Z"
"PA","Pennsylvania","211b9b66-31bc-4188-8f45-88431c9211e0","Kenneth C Woods","-80.335055","41.121589","dentist","","212 W Vine St","New Wilmington","16142","PA","US","(724) 946-3534","","","https://www.facebook.com/214194862102489","","0.77","","1","Foursquare | Overture","Apache-2.0 | CDLA-Permissive-2.0","2026-03-19T00:00:00.000 | 2026-06-11T11:57:15Z"
"PA","Pennsylvania","2125bac4-5219-4356-9d93-2e3331710c19","Weiss Connie","-77.20548724","40.18810701","dentist","specialty_school | health_and_medical","850 Walnut Bottom Rd","Carlisle","17013-3615","PA","US","+17172435434","","","https://www.facebook.com/1068929439813313","","0.9199122190475464","open","6","meta | Overture | Overture-signals","CDLA-Permissive-2.0","2026-04-27T00:00:00.000Z | 2026-06-11T11:57:15Z | 2026-05-12T00:29:08Z | 2026-05-18T13:23:54Z | 2026-05-25T13:08:59Z | 2026-06-01T13:20:32Z | 2026-06-08T13:20:12Z"
"PA","Pennsylvania","212951f3-d698-4bb2-b5db-3eb1bb61713c","Alten Steven B DDS","-75.15617332","39.91687364","dentist","general_dentistry | doctor","2529 S 5th St","Philadelphia","19148-4618","PA","US","+12152710672","","http://www.stevenaltendds.com","https://www.facebook.com/450350811684512","","0.9902192950248718","open","7","meta | Overture | Overture-signals","CDLA-Permissive-2.0","2026-04-27T00:00:00.000Z | 2026-06-11T11:57:15Z | 2026-05-12T00:29:08Z | 2026-05-18T13:23:54Z | 2026-05-25T13:08:59Z | 2026-06-01T13:20:32Z | 2026-06-08T13:20:12Z"
"PA","Pennsylvania","215ad011-c9ec-4588-ae01-e5627c84e105","Dr Robert C Evans","-80.1968281385849","40.2448295245336","dentist","","100 Houston Sq Ste 1A","Canonsburg","15317","PA","US","(724) 746-5330","","http://www.evansgentledental.com","https://www.facebook.com/1551949881796181","","0.9199122190475464","open","4","Foursquare | Overture | Overture-signals","Apache-2.0 | CDLA-Permissive-2.0","2021-04-08T00:00:00.000 | 2026-06-11T11:57:15Z | 2026-05-12T00:29:08Z | 2026-05-18T13:23:54Z | 2026-05-25T13:08:59Z | 2026-06-01T13:20:32Z | 2026-06-08T13:20:12Z"
"PA","Pennsylvania","216535c2-b3ac-4229-852a-1d683e1c1e9c","Vermillion Dental Office","-75.87233884","40.8246508","dentist","general_dentistry | doctor","39 W Ludlow St","Summit Hill","18250-1141","PA","US","+15706452044","","http://www.VermillionDental.com/","https://www.facebook.com/778128095566714","","0.9199122190475464","open","7","meta | Overture | Overture-signals","CDLA-Permissive-2.0","2026-04-27T00:00:00.000Z | 2026-06-11T11:57:15Z | 2026-05-12T00:29:08Z | 2026-05-18T13:23:54Z | 2026-05-25T13:08:59Z | 2026-06-01T13:20:32Z | 2026-06-08T13:20:12Z"
"PA","Pennsylvania","21809106-74d4-4497-87e5-f719a623f675","Ogontz Dental Center","-75.15897886","40.07353548","dentist","cosmetic_dentist | general_dentistry","1614 E Upsal St","Philadelphia","19150-1426","PA","US","+12152769090","ogontzdental@aol.com","http://www.ogontzdental.com/","https://www.facebook.com/512780598786755","","0.9199122190475464","open","9","meta | Overture | Overture-signals","CDLA-Permissive-2.0","2026-04-27T00:00:00.000Z | 2026-06-11T11:57:15Z | 2026-05-12T00:29:08Z | 2026-05-18T13:23:54Z | 2026-05-25T13:08:59Z | 2026-06-01T13:20:32Z | 2026-06-08T13:20:12Z"
"PA","Pennsylvania","21978cf6-4e63-4a25-9966-e29a99dfb981","James Howard Oberfeitinger","-80.2721764605263","40.8648293270247","dentist","","620 Jefferson Ave","Ellwood City","16117","PA","US","(724) 758-3505","","https://oberfeitinger-james-h-dmd.hub.biz","https://www.facebook.com/154885041213488","","0.9199122190475464","open","4","Foursquare | Overture | Overture-signals","Apache-2.0 | CDLA-Permissive-2.0","2025-08-22T00:00:00.000 | 2026-06-11T11:57:15Z | 2026-05-12T00:29:08Z | 2026-05-18T13:23:54Z | 2026-05-25T13:08:59Z | 2026-06-01T13:20:32Z | 2026-06-08T13:20:12Z"
"PA","Pennsylvania","21c005c8-2016-407d-8e18-fbfbac9ede02","Northeast Dental Center","-75.02427659","40.11022036","dentist","general_dentistry | health_and_medical","10847 Bustleton Ave","Philadelphia","19116-3301","PA","US","+12675178116","oa244@nyu.edu","https://www.northeastdentalcenter.com/","https://www.facebook.com/168043693213001","","0.9199122190475464","open","9","meta | Overture | Overture-signals","CDLA-Permissive-2.0","2026-04-27T00:00:00.000Z | 2026-06-11T11:57:15Z | 2026-05-12T00:29:08Z | 2026-05-18T13:23:54Z | 2026-05-25T13:08:59Z | 2026-06-01T13:20:32Z | 2026-06-08T13:20:12Z"
"PA","Pennsylvania","21c29ce9-693d-4c66-a6f4-0ee4abd3f56a","James V. Weimer, D.D.S.","-79.89904639","39.8487977","dentist","general_dentistry | doctor","115 N Water St","Masontown","15461-1856","PA","US","+17245839075","","","https://www.facebook.com/168247186520532","","0.9200502634048462","","8","meta | Overture","CDLA-Permissive-2.0","2026-04-27T00:00:00.000Z | 2026-06-11T11:57:15Z"
"PA","Pennsylvania","21df47b2-a758-4cf0-a494-97d9e48e230c","Aesthetic Dental Center Of Finleyville","-80.002528","40.2663587","dentist","health_and_medical","6108 Brownsville Road Ext","Finleyville","15332","PA","US","7243484777","","","","","0.9199122190475464","open","8","Microsoft | Overture | Overture-signals","CDLA-Permissive-2.0","2025-10-01T04:20:09.077Z | 2026-06-11T11:57:15Z | 2026-05-12T00:29:08Z | 2026-05-18T13:23:54Z | 2026-05-25T13:08:59Z | 2026-06-01T13:20:32Z | 2026-06-08T13:20:12Z"
"PA","Pennsylvania","21fcf3e6-5a87-4be0-a2d6-ab8b7895cff7","Ecker Family Dental","-76.97063849","41.26275839","dentist","orthodontist","1685 Four Mile Dr","Williamsport","17701-1911","PA","US","+15703238559","eckerfamilydental@hushmail.com","https://eckerfamilydental.com/","https://www.facebook.com/103959576051060","","0.9199122190475464","open","8","meta | Overture | Overture-signals","CDLA-Permissive-2.0","2026-04-27T00:00:00.000Z | 2026-06-11T11:57:15Z | 2026-05-12T00:29:08Z | 2026-05-18T13:23:54Z | 2026-05-25T13:08:59Z | 2026-06-01T13:20:32Z | 2026-06-08T13:20:12Z"
"PA","Pennsylvania","220e529d-034e-40bd-afa6-54753b8c991b","Family Dentistry of Ephrata","-76.21462179","40.20373396","dentist","general_dentistry | medical_service_organizations","1065 Sharp Ave","Clay Twp","17522-1135","PA","US","+17177380124","info@familydentistryephrata.com","http://www.familydentistryephrata.com","https://www.facebook.com/1034761750004454","","0.9199122190475464","open","7","meta | Overture | Overture-signals","CDLA-Permissive-2.0","2026-04-27T00:00:00.000Z | 2026-06-11T11:57:15Z | 2026-05-12T00:29:08Z | 2026-05-18T13:23:54Z | 2026-05-25T13:08:59Z | 2026-06-01T13:20:32Z | 2026-06-08T13:20:12Z"
"PA","Pennsylvania","222238b6-5da1-43c6-b88f-bd3870d0767e","Gregg W. Wilson, DMD","-79.1618758","40.6022069","dentist","","841 Hospital Rd","Indiana","15701","PA","US","(724) 349-6483","greggwmail@yahoo.com","https://www.aaoms.org","https://www.facebook.com/251117858609017","","0.9199122190475464","open","4","Foursquare | Overture | Overture-signals","Apache-2.0 | CDLA-Permissive-2.0","2025-05-30T00:00:00.000 | 2026-06-11T11:57:15Z | 2026-05-12T00:29:08Z | 2026-05-18T13:23:54Z | 2026-05-25T13:08:59Z | 2026-06-01T13:20:32Z | 2026-06-08T13:20:12Z"
"PA","Pennsylvania","2234bb76-fe3e-4064-a63f-3f586253dfab","Dr. William J. Fetchko","-79.34417315","40.69455132","dentist","health_and_medical | casino","11249 US-422","Elderton","15736-0600","PA","US","+17243543512","","https://fetchko-william-j-dmd.hub.biz","https://www.facebook.com/162337280458217","","0.9199122190475464","open","6","meta | Overture | Overture-signals","CDLA-Permissive-2.0","2026-04-27T00:00:00.000Z | 2026-06-11T11:57:15Z | 2026-05-12T00:29:08Z | 2026-05-18T13:23:54Z | 2026-05-25T13:08:59Z | 2026-06-01T13:20:32Z | 2026-06-08T13:20:12Z"
"PA","Pennsylvania","22406cb8-58b9-4ce5-afd6-8bf181bc834a","Lewistown Dental","-77.57874389","40.63138439","dentist","general_dentistry","","Yeagertown","17099","PA","US","","","","https://www.facebook.com/2208715489238498","","0.8090285062789917","","10","meta | Overture","CDLA-Permissive-2.0","2026-04-27T00:00:00.000Z | 2026-06-11T11:57:15Z"
"PA","Pennsylvania","22406e60-e9a0-456a-992b-8c2f08c67ea1","Bright Choice Dental","-75.4183491","40.6277132","dentist","health_and_medical","2162 W Union Blvd","Bethlehem","18018","PA","US","6106912121","","https://brightchoicedentistry.com/bethlehem/","","","0.9902192950248718","open","7","Microsoft | Overture | Overture-signals","CDLA-Permissive-2.0","2024-05-28T09:43:05.560Z | 2026-06-11T11:57:15Z | 2026-05-12T00:29:08Z | 2026-05-18T13:23:54Z | 2026-05-25T13:08:59Z | 2026-06-01T13:20:32Z | 2026-06-08T13:20:12Z"
"PA","Pennsylvania","2269ce60-2de9-4907-8f32-548df1a25f85","Nazareth Family Dental","-75.32311387","40.71440952","dentist","general_dentistry | family_practice","584 Nazareth Bethlehem Pike","Nazareth","18064-8400","PA","US","+16107594323","","http://www.lowernazarethdental.com","https://www.facebook.com/1374318089523719","","0.9951894283294678","","1","meta | Overture","CDLA-Permissive-2.0","2026-04-27T00:00:00.000Z | 2026-06-11T11:57:15Z"
"PA","Pennsylvania","227df8f6-73e9-4930-b30b-15ea9403678f","Sarah M Lynch, DMD, PC","-76.912948","40.253657","dentist","cosmetic_dentist | medical_service_organizations","11 Erford Rd","Lemoyne","17043-1110","PA","US","+17177631703","sarahmlynchdmd@gmail.com","http://www.dentistcamphill.com/","https://www.facebook.com/168298599711342","Dr. Sarah Lynch, Family And Cosmetic Dentistry","0.9902192950248718","open","8","meta | Overture | Overture-signals","CDLA-Permissive-2.0","2026-04-27T00:00:00.000Z | 2026-06-11T11:57:15Z | 2026-05-12T00:29:08Z | 2026-05-18T13:23:54Z | 2026-05-25T13:08:59Z | 2026-06-01T13:20:32Z | 2026-06-08T13:20:12Z"
"PA","Pennsylvania","22846c5d-c9e7-4838-b7af-38b3ff54e6fa","All About Smiles","-80.455767","40.63919","dentist","orthodontist | medical_service_organizations","527 Midland Ave","Midland","15059-1312","PA","US","+17246435923","scheduling.team@padentalsystems.com","http://allaboutsmilesinc.com/","https://www.facebook.com/863404910479063","All About Smiles","0.9199122190475464","open","8","meta | Overture | Overture-signals","CDLA-Permissive-2.0","2026-04-27T00:00:00.000Z | 2026-06-11T11:57:15Z | 2026-05-12T00:29:08Z | 2026-05-18T13:23:54Z | 2026-05-25T13:08:59Z | 2026-06-01T13:20:32Z | 2026-06-08T13:20:12Z"
"PA","Pennsylvania","22a70be2-3d3a-4951-aafc-effe9fe78e58","Boger Paul L DMD","-79.14618782","41.84877217","dentist","general_dentistry","406 Market St","Warren","16365-1736","PA","US","+18147261240","","https://dentistwarrenpa.com","https://www.facebook.com/158381800860470","Market Street Dental - The Dental Implant Center of Warren","0.9199122190475464","open","8","meta | Overture | Overture-signals","CDLA-Permissive-2.0","2026-04-27T00:00:00.000Z | 2026-06-11T11:57:15Z | 2026-05-12T00:29:08Z | 2026-05-18T13:23:54Z | 2026-05-25T13:08:59Z | 2026-06-01T13:20:32Z | 2026-06-08T13:20:12Z"
"PA","Pennsylvania","22bfcbe7-33bd-4d31-b345-70a934eebbd9","Dental Associates of Lancaster","-76.35479253","40.06551369","dentist","hospital | endodontist","2100 Harrisburg Pike","East Hempfield Twp","17601-2644","PA","US","+17175440127","buckdental@live.com","http://www.dentistsinlancaster.com/","https://www.facebook.com/170313189769989","","0.9199122190475464","open","8","meta | Overture | Overture-signals","CDLA-Permissive-2.0","2026-04-27T00:00:00.000Z | 2026-06-11T11:57:15Z | 2026-05-12T00:29:08Z | 2026-05-18T13:23:54Z | 2026-05-25T13:08:59Z | 2026-06-01T13:20:32Z | 2026-06-08T13:20:12Z"
"PA","Pennsylvania","22ccab40-4174-4f42-ba17-0b5457fd0931","Charles Timothy Lipp","-80.3242131590965","40.7746104886046","dentist","","3315 4th Ave Ste 1","Beaver Falls","15010","PA","US","(724) 843-7088","","http://www.lippdentistry.com","","","0.9199122190475464","open","4","Foursquare | Overture | Overture-signals","Apache-2.0 | CDLA-Permissive-2.0","2025-08-22T00:00:00.000 | 2026-06-11T11:57:15Z | 2026-05-12T00:29:08Z | 2026-05-18T13:23:54Z | 2026-05-25T13:08:59Z | 2026-06-01T13:20:32Z | 2026-06-08T13:20:12Z"
"PA","Pennsylvania","22d4e34c-d546-4226-a0fc-4a40fb8e4db0","Dr John P. Konicki","-75.74855238","41.32169963","dentist","general_dentistry | doctor","278 Main St","Dupont","18641-1960","PA","US","+15706558973","","http://www.healthgrades.com/dentist/dr-john-konicki-2hw57","https://www.facebook.com/525107161178779","","0.9902192950248718","open","7","meta | Overture | Overture-signals","CDLA-Permissive-2.0","2026-04-27T00:00:00.000Z | 2026-06-11T11:57:15Z | 2026-05-12T00:29:08Z | 2026-05-18T13:23:54Z | 2026-05-25T13:08:59Z | 2026-06-01T13:20:32Z | 2026-06-08T13:20:12Z"
"PA","Pennsylvania","22f400a3-443e-4cf3-8669-e7895dfe68d7","Smarthmore Smiles","-75.3495660734738","39.9009657919603","dentist","","107 Rutgers Ave","Swarthmore","19081","PA","US","(610) 543-7444","","http://www.swarthmoresmiles.com","","","0.77","","5","Foursquare | Overture","Apache-2.0 | CDLA-Permissive-2.0","2026-02-03T00:00:00.000 | 2026-06-11T11:57:15Z"
"PA","Pennsylvania","22fa2e3e-d2f5-4307-88de-958377171625","Lehigh Valley Dental Solutions","-75.50729928","40.70734592","dentist","general_dentistry | cosmetic_dentist","3258 Cherryville Rd","Northampton","18067-1017","PA","US","+16102621556","lvdentalsolutions@yahoo.com","http://lehighvalleydentalsolutions.com/","https://www.facebook.com/784680504916902","","0.9199122190475464","open","8","meta | Overture | Overture-signals","CDLA-Permissive-2.0","2026-04-27T00:00:00.000Z | 2026-06-11T11:57:15Z | 2026-05-12T00:29:08Z | 2026-05-18T13:23:54Z | 2026-05-25T13:08:59Z | 2026-06-01T13:20:32Z | 2026-06-08T13:20:12Z"
"PA","Pennsylvania","2331f96e-196e-4803-be94-98ee51358913","Pearl Family Dentistry","-75.75292004","39.99466349","dentist","general_dentistry","3494 E Lincoln Hwy","Caln Twp","19372-1006","PA","US","+16103841467","info@pearl-dentistry.com","https://www.pearl-dentistry.com/","https://www.facebook.com/2691660604182018","","0.9902192950248718","open","8","meta | Overture | Overture-signals","CDLA-Permissive-2.0","2026-04-27T00:00:00.000Z | 2026-06-11T11:57:15Z | 2026-05-12T00:29:08Z | 2026-05-18T13:23:54Z | 2026-05-25T13:08:59Z | 2026-06-01T13:20:32Z | 2026-06-08T13:20:12Z"
"PA","Pennsylvania","2340f942-3fb7-40a4-885f-88dfb0aaeb9a","Estelle R Stein DDS","-75.39327508","40.72664095","dentist","general_dentistry | doctor","116 S Walnut St","Bath","18014-1053","PA","US","+16108377811","ersdental@aol.com","http://ersdental.com/","https://www.facebook.com/436924593026234","","0.9199122190475464","open","7","meta | Overture | Overture-signals","CDLA-Permissive-2.0","2026-04-27T00:00:00.000Z | 2026-06-11T11:57:15Z | 2026-05-12T00:29:08Z | 2026-05-18T13:23:54Z | 2026-05-25T13:08:59Z | 2026-06-01T13:20:32Z | 2026-06-08T13:20:12Z"
"PA","Pennsylvania","237344c5-9a03-4ae8-9efc-2a8b22e3b849","Spark Camp Hill","-76.89152","40.23034","dentist","cosmetic_dentist | health_and_medical","1106 Carlisle Rd","Camp Hill","17011-6202","PA","US","+16108652777","","https://www.sparkorthodontics.com/","https://www.facebook.com/272777366612619","Spark Orthodontics","0.9861853718757629","","8","meta | Overture","CDLA-Permissive-2.0","2026-04-27T00:00:00.000Z | 2026-06-11T11:57:15Z"
"PA","Pennsylvania","23754dd6-aeb7-4863-ba1a-721a9b52e1ef","Motto Clear Aligners","-80.3111042","40.67572349","dentist","health_and_medical","190 Golfview Dr","Monaca","15061","PA","US","7247753235","","https://www.aspendental.com/dentist/pa/monaca/190-golfview-drive/motto-clear-aligners/","","","0.9199122190475464","open","6","Microsoft | Overture | Overture-signals","CDLA-Permissive-2.0","2025-10-03T21:16:53.160Z | 2026-06-11T11:57:15Z | 2026-05-12T00:29:08Z | 2026-05-18T13:23:54Z | 2026-05-25T13:08:59Z | 2026-06-01T13:20:32Z | 2026-06-08T13:20:12Z"
"PA","Pennsylvania","2376ca07-0a2f-4d8a-8bc0-4a44d0769d58","John Reber Matthews","-78.9245030964662","40.3277501806265","dentist","","102 Main St","Johnstown","15901","PA","US","(814) 536-3679","","http://drjohnmatthews.com","","","0.9199122190475464","open","4","Foursquare | Overture | Overture-signals","Apache-2.0 | CDLA-Permissive-2.0","2025-08-19T00:00:00.000 | 2026-06-11T11:57:15Z | 2026-05-12T00:29:08Z | 2026-05-18T13:23:54Z | 2026-05-25T13:08:59Z | 2026-06-01T13:20:32Z | 2026-06-08T13:20:12Z"
"PA","Pennsylvania","2395131e-75de-4ef9-bffa-a0a280cf703c","Trevose Dental","-75.005872","40.153018","dentist","health_and_medical | hospital","137 W Street Rd","Feasterville-Trevose","19053-4168","PA","US","+12153571306","office@trevosedental.com","http://www.feastervilledental.com/","https://www.facebook.com/231046080239687","","0.8913047909736633","","7","meta | Overture","CDLA-Permissive-2.0","2026-04-27T00:00:00.000Z | 2026-06-11T11:57:15Z"
"PA","Pennsylvania","23a389e2-8a52-4bc9-8b50-003624c298c3","Sophia C. Kladias, DMD","-75.51583658","40.56684977","dentist","general_dentistry | health_and_medical","1245 S Cedar Crest Blvd","Allentown","18103-6258","PA","US","+16102892416","info210@doctorsophia.com","http://www.doctorsophia.com/","https://www.facebook.com/209652952437430","","0.9199122190475464","open","8","meta | Overture | Overture-signals","CDLA-Permissive-2.0","2026-04-27T00:00:00.000Z | 2026-06-11T11:57:15Z | 2026-05-12T00:29:08Z | 2026-05-18T13:23:54Z | 2026-05-25T13:08:59Z | 2026-06-01T13:20:32Z | 2026-06-08T13:20:12Z"
"PA","Pennsylvania","23b99189-f086-469d-8c3a-c3bb39a21598","North Hills Dental Complex","-80.02934311","40.50979339","dentist","general_dentistry | cosmetic_dentist","5310 Perry Hwy","Pittsburgh","15229-2105","PA","US","+14129316571","northhillsdentalcomplex@aol.com","http://www.northhillsdentalcomplex.com/","https://www.facebook.com/161470720549013","","0.9199122190475464","open","7","meta | Overture | Overture-signals","CDLA-Permissive-2.0","2026-04-27T00:00:00.000Z | 2026-06-11T11:57:15Z | 2026-05-12T00:29:08Z | 2026-05-18T13:23:54Z | 2026-05-25T13:08:59Z | 2026-06-01T13:20:32Z | 2026-06-08T13:20:12Z"
"PA","Pennsylvania","23bde996-a026-476a-bcdb-7cdae4c0b2a1","Manganello Family Dentistry","-80.3865531","41.41492614","dentist","general_dentistry","126 College Ave","Greenville","16125-2166","PA","US","+17245883012","","http://www.ManganelloFamilyDentistry.com/","https://www.facebook.com/133959739982470","","0.9199122190475464","open","9","meta | Overture | Overture-signals","CDLA-Permissive-2.0","2026-04-27T00:00:00.000Z | 2026-06-11T11:57:15Z | 2026-05-12T00:29:08Z | 2026-05-18T13:23:54Z | 2026-05-25T13:08:59Z | 2026-06-01T13:20:32Z | 2026-06-08T13:20:12Z"
"PA","Pennsylvania","23d5a7b5-e7b4-4f60-acbb-f7766975c840","Neshannock Dental","-80.359449","41.060736","dentist","health_and_medical","3409 Wilmington Rd","New Castle","16105","PA","US","7246585883","","https://neshannockdental.com/","","","0.9199122190475464","open","6","Microsoft | Overture | Overture-signals","CDLA-Permissive-2.0","2025-09-12T14:16:05.730Z | 2026-06-11T11:57:15Z | 2026-05-12T00:29:08Z | 2026-05-18T13:23:54Z | 2026-05-25T13:08:59Z | 2026-06-01T13:20:32Z | 2026-06-08T13:20:12Z"
"PA","Pennsylvania","23e8523f-d741-40bd-8ca7-74efc6b81bea","The Dentists at Shadyside Place","-79.93750791","40.45345363","dentist","general_dentistry | medical_service_organizations","580 S Aiken Ave","Pittsburgh","15232-1531","PA","US","+14126220221","michael.mann@shadysidedentists.com","http://www.shadysidedentists.com/","https://www.facebook.com/313831585457055","","0.9902192950248718","open","8","meta | Overture | Overture-signals","CDLA-Permissive-2.0","2026-04-27T00:00:00.000Z | 2026-06-11T11:57:15Z | 2026-05-12T00:29:08Z | 2026-05-18T13:23:54Z | 2026-05-25T13:08:59Z | 2026-06-01T13:20:32Z | 2026-06-08T13:20:12Z"
"PA","Pennsylvania","23e9614a-5cfd-41af-88ff-7f2be3ace40c","Dr. Pamela Brennan Clarke - Family and Cosmetic Dental Care","-80.13617","40.45451","dentist","cosmetic_dentist | general_dentistry","27 Beaver Grade Rd","McKees Rocks","15136-1101","PA","US","+14127886684","pabc1@aol.com","http://www.robinsondentist.com/","https://www.facebook.com/102515136455499","","0.9201597571372986","","2","meta | Overture","CDLA-Permissive-2.0","2026-04-27T00:00:00.000Z | 2026-06-11T11:57:15Z"
"PA","Pennsylvania","23f9150b-3590-4185-8cf4-9d44fc8abe99","Harborcreek Dental","-79.99386357","42.15115959","dentist","general_dentistry | health_and_medical","4820 Buffalo Rd","Erie","16510-2302","PA","US","+18148990444","drblainebell@aol.com","https://harborcreekdental.com/","https://www.facebook.com/157703627435325","","0.9722161889076233","open","9","meta | Overture | Overture-signals","CDLA-Permissive-2.0","2026-04-27T00:00:00.000Z | 2026-06-11T11:57:15Z | 2026-05-12T00:29:08Z"
"PA","Pennsylvania","23f92ae5-d647-4cdf-8b4f-0557b3a7856a","Morgantown Endodontics","-79.75457706","39.90076554","dentist","orthodontist | cosmetic_dentist","625 Cherry Tree Ln","Uniontown","15401-8419","PA","US","+17244380600","","http://www.mmsendo.com","https://www.facebook.com/1949941881911614","","0.9119771122932434","","9","meta | Overture","CDLA-Permissive-2.0","2026-04-27T00:00:00.000Z | 2026-06-11T11:57:15Z"
"PA","Pennsylvania","23fe121c-9088-430f-b69b-c66857f8b2d2","Selinsgrove Dental & Dentures","-76.83194713","40.83745635","dentist","general_dentistry | health_and_medical","2192 N Susquehanna Trl","Monroe Twp","17870-8879","PA","US","+15707438000","info@selinsgrovedentists.com","https://selinsgrovedentists.com/","https://www.facebook.com/477644752669298","","0.9199122190475464","open","9","meta | Overture | Overture-signals","CDLA-Permissive-2.0","2026-04-27T00:00:00.000Z | 2026-06-11T11:57:15Z | 2026-05-12T00:29:08Z | 2026-05-18T13:23:54Z | 2026-05-25T13:08:59Z | 2026-06-01T13:20:32Z | 2026-06-08T13:20:12Z"
"PA","Pennsylvania","24357eff-789f-4b4b-b059-39a361efc32b","Family Dental Care Center","-75.380055866467","40.1333640748881","dentist","","2030 W Main St","West Norriton","19403","PA","US","(610) 631-3400","info@afamilydentalcarecenter.com","http://www.afamilydentalcarecenter.com","","","0.77","","6","Foursquare | Overture","Apache-2.0 | CDLA-Permissive-2.0","2026-04-07T00:00:00.000 | 2026-06-11T11:57:15Z"
"PA","Pennsylvania","244a0913-d245-441d-b7b4-d7ef7fe603f3","Oberfeitinger Jas H DMD","-80.272255","40.864775","dentist","health_and_medical | family_practice","620 Jefferson Ave","Ellwood City","16117-1229","PA","US","+17247583505","","https://oberfeitinger-james-h-dmd.hub.biz/","https://www.facebook.com/154885041213488","","0.854430079460144","","8","meta | Overture","CDLA-Permissive-2.0","2026-04-27T00:00:00.000Z | 2026-06-11T11:57:15Z"
"PA","Pennsylvania","244d7262-4e1d-4ddc-b8ab-23d9050ac48c","David John Nagurney","-75.5191455525867","41.3398179933656","dentist","","331 N Main St # 215","Moscow","18444","PA","US","(570) 842-0500","","http://nagurneydaviddds1.placeweb.site","https://www.facebook.com/133641470019448","","0.77","","5","Foursquare | Overture","Apache-2.0 | CDLA-Permissive-2.0","2025-08-22T00:00:00.000 | 2026-06-11T11:57:15Z"
"PA","Pennsylvania","24690028-17cf-47f0-9284-674edc433b6a","David E Sparks DDS","-79.0126699474908","40.6685106619298","dentist","","116 6th St","Clymer","15728","PA","US","(724) 254-9669","desdds@davidsparksdds.com","http://davidsparksdds.com","https://www.facebook.com/531512610271953","","0.77","","5","Foursquare | Overture","Apache-2.0 | CDLA-Permissive-2.0","2025-08-22T00:00:00.000 | 2026-06-11T11:57:15Z"
"PA","Pennsylvania","24916ac5-0469-46fe-83fe-1f036710dae7","Finton & Finton Associates","-80.14735865","41.65234105","dentist","health_and_medical | hospital","390 Park Ave","Meadville","16335-1243","PA","US","+18147242280","","http://www.drfinton.com/index.php","https://www.facebook.com/1218455684862038","","0.9711865186691284","","10","meta | Overture","CDLA-Permissive-2.0","2026-04-27T00:00:00.000Z | 2026-06-11T11:57:15Z"
"PA","Pennsylvania","249b7dc6-e552-4014-bbe2-c217f9c17ad0","Klein Dental Associates","-77.0359253701322","40.1135312386873","dentist","","200 N Baltimore St","Dillsburg","17019","PA","US","(717) 432-9762","","http://kleindental4u.com","","","0.9199122190475464","open","4","Foursquare | Overture | Overture-signals","Apache-2.0 | CDLA-Permissive-2.0","2025-08-22T00:00:00.000 | 2026-06-11T11:57:15Z | 2026-05-12T00:29:08Z | 2026-05-18T13:23:54Z | 2026-05-25T13:08:59Z | 2026-06-01T13:20:32Z | 2026-06-08T13:20:12Z"
"PA","Pennsylvania","249e63b6-fecf-4481-b472-bf066e0d65d2","Lauren R Donnelly","-76.520823","41.980251","dentist","doctor | health_and_medical","1 Guthrie Sq","Sayre","18840","PA","US","5708885858","","https://www.guthrie.org/provider/lauren-donnelly-dmd","","","0.9199122190475464","open","6","Microsoft | Overture | Overture-signals","CDLA-Permissive-2.0","2024-12-18T01:43:36.470Z | 2026-06-11T11:57:15Z | 2026-05-12T00:29:08Z | 2026-05-18T13:23:54Z | 2026-05-25T13:08:59Z | 2026-06-01T13:20:32Z | 2026-06-08T13:20:12Z"
"PA","Pennsylvania","24a13bf3-ccee-40df-a35e-48e182b449b2","Deme","-75.17702133","39.95577091","dentist","","2200 Arch St","Philadelphia","19103-1315","PA","US","+12155613363","deme4u@live.com","http://www.demecosmetic.com/","https://www.facebook.com/1429712017290739","deme","0.9199122190475464","open","7","meta | Overture | Overture-signals","CDLA-Permissive-2.0","2026-04-27T00:00:00.000Z | 2026-06-11T11:57:15Z | 2026-05-12T00:29:08Z | 2026-05-18T13:23:54Z | 2026-05-25T13:08:59Z | 2026-06-01T13:20:32Z | 2026-06-08T13:20:12Z"
"PA","Pennsylvania","24c1941d-328c-4f82-9658-4e1d10bbfe8a","Frankford Avenue Dental Group","-75.03470045","40.03909412","dentist","general_dentistry","7538 Frankford Ave","Philadelphia","19136-3533","PA","US","+12153334744","frankforddg@gmail.com","http://frankforddentalgroup.com/","https://www.facebook.com/1000597203431698","","0.9902192950248718","open","7","meta | Overture | Overture-signals","CDLA-Permissive-2.0","2026-04-27T00:00:00.000Z | 2026-06-11T11:57:15Z | 2026-05-12T00:29:08Z | 2026-05-18T13:23:54Z | 2026-05-25T13:08:59Z | 2026-06-01T13:20:32Z | 2026-06-08T13:20:12Z"
"PA","Pennsylvania","24d738a2-4ae1-4363-9efb-2132fb997f51","Advanced Dental Care","-74.85105975","40.16869579","dentist","general_dentistry | cosmetic_dentist","532 S Oxford Valley Rd","Fairless Hills","19030-2615","PA","US","+12159463655","info@fhdc.com","http://www.99braces.com","https://www.facebook.com/135121829840548","Advanced Dental Care","0.6169371604919434","","10","meta | Overture","CDLA-Permissive-2.0","2026-04-27T00:00:00.000Z | 2026-06-11T11:57:15Z"
