"state_code","state","id","name","longitude","latitude","primary_category","alternate_categories","address","locality","postcode","region","country","phones","emails","websites","socials","brand","confidence","operating_status","version","source_datasets","source_licenses","source_update_times"
"RI","Rhode Island","02f1d3a9-f63f-4c61-8678-d37621e57433","Warwick Family Dental Group","-71.464039","41.713883","dentist","endodontist | doctor","819 Greenwich Ave","Warwick","02886-1815","RI","US","+14017398337","info@warwickdentalgroup.com","https://alphadentalcenter.com/warwick-family-dental-group/","https://www.facebook.com/119411244864237","Doctor Neena Alpha Dental centre","0.9199122190475464","open","8","meta | Overture | Overture-signals","CDLA-Permissive-2.0","2026-04-27T00:00:00.000Z | 2026-06-11T11:57:15Z | 2026-05-12T00:29:08Z | 2026-05-18T13:23:54Z | 2026-05-25T13:08:59Z | 2026-06-01T13:20:32Z | 2026-06-08T13:20:12Z"
"RI","Rhode Island","03a9e8db-f86c-4afd-b432-eb6c453b5ee0","Gooding Dental Health","-71.40788808","41.73739904","dentist","general_dentistry","1422 Warwick Ave","Warwick","02888-5026","RI","US","+14014638170","mgooding1422@gmail.com","http://goodingdentalhealth.com","https://www.facebook.com/1714676965467240","","0.9894272685050964","","9","meta | Overture","CDLA-Permissive-2.0","2026-04-27T00:00:00.000Z | 2026-06-11T11:57:15Z"
"RI","Rhode Island","05ce6d16-4eac-4dc6-bb6a-f9f689c645f5","Lawson W Gunn, DDS","-71.439934","41.455082","dentist","doctor","483 Boston Neck Rd","Narragansett","02882-3104","RI","US","+14017895511","gunndds@gmail.com","http://www.lawsonwgunndds.com/","https://www.facebook.com/649544651731471","","0.5955065488815308","","9","meta | Overture","CDLA-Permissive-2.0","2026-04-27T00:00:00.000Z | 2026-06-11T11:57:15Z"
"RI","Rhode Island","05ea1c71-e3d1-4269-b4d5-d53d616d077e","Marigold Dental Studio","-71.391652","41.85815656","dentist","general_dentistry | health_and_medical","727 East Ave","Pawtucket","02860-6184","RI","US","+14012663613","","http://www.Marigolddentalstudio.com/","https://www.facebook.com/100581169419436","","0.9902192950248718","open","10","meta | Overture | Overture-signals","CDLA-Permissive-2.0","2026-04-27T00:00:00.000Z | 2026-06-11T11:57:15Z | 2026-05-12T00:29:08Z | 2026-05-18T13:23:54Z | 2026-05-25T13:08:59Z | 2026-06-01T13:20:32Z | 2026-06-08T13:20:12Z"
"RI","Rhode Island","0611002f-55b0-4f24-b679-419d1bab14dd","Zumstein Family Dentistry","-71.3935836028445","41.8261423259225","dentist","","159 Governor St","Providence","02906","RI","US","(401) 274-1140","","http://www.drzumstein.com","https://www.facebook.com/302793653264487","","0.9199122190475464","open","4","Foursquare | Overture | Overture-signals","Apache-2.0 | CDLA-Permissive-2.0","2025-08-05T00:00:00.000 | 2026-06-11T11:57:15Z | 2026-05-12T00:29:08Z | 2026-05-18T13:23:54Z | 2026-05-25T13:08:59Z | 2026-06-01T13:20:32Z | 2026-06-08T13:20:12Z"
"RI","Rhode Island","07ccd1cd-7a70-46e3-8c5b-c1bb95eedb15","Dr. Jeffrey E. Dodge","-71.51440442","41.98348819","dentist","general_dentistry | health_and_medical","1438 Park Ave","Woonsocket","02895-6557","RI","US","+14017694992","drjedodge@earthlink.net","http://www.drjedodge.com/","https://www.facebook.com/311574832628410","","0.9199122190475464","open","9","meta | Overture | Overture-signals","CDLA-Permissive-2.0","2026-04-27T00:00:00.000Z | 2026-06-11T11:57:15Z | 2026-05-12T00:29:08Z | 2026-05-18T13:23:54Z | 2026-05-25T13:08:59Z | 2026-06-01T13:20:32Z | 2026-06-08T13:20:12Z"
"RI","Rhode Island","086ae7c6-06f6-4e13-bc7a-239b04da1efd","Johnston Oral & Maxillofacial Surg Inc.","-71.49871","41.821501","dentist","health_and_medical | physical_therapy","1414 Atwood Ave","Johnston","02919-4839","RI","US","+14012737802","","","https://www.facebook.com/160591364301404","","0.9199122190475464","open","7","meta | Overture | Overture-signals","CDLA-Permissive-2.0","2026-04-27T00:00:00.000Z | 2026-06-11T11:57:15Z | 2026-05-12T00:29:08Z | 2026-05-18T13:23:54Z | 2026-05-25T13:08:59Z | 2026-06-01T13:20:32Z | 2026-06-08T13:20:12Z"
"RI","Rhode Island","08892e80-0a27-492c-9cf9-1d70dcc47e16","Brite Smiles of Rhode Island","-71.49600024","42.00245685","dentist","endodontist | periodontist","20 Cumberland Hill Rd","Woonsocket","02895-4854","RI","US","+14017667980","contactusl@britesmilesofri.com","http://www.britesmilesofri.com/","https://www.facebook.com/197391503629644","","0.9199122190475464","open","7","meta | Overture | Overture-signals","CDLA-Permissive-2.0","2026-04-27T00:00:00.000Z | 2026-06-11T11:57:15Z | 2026-05-12T00:29:08Z | 2026-05-18T13:23:54Z | 2026-05-25T13:08:59Z | 2026-06-01T13:20:32Z | 2026-06-08T13:20:12Z"
"RI","Rhode Island","092c84ce-9b51-4271-9979-6df13abff274","Konicov David","-71.393662","41.827214","dentist","doctor | periodontist","189 Governor St","Providence","02906-3124","RI","US","+14014211457","","http://eastsideprovidencedentist.com/","https://www.facebook.com/100875203291061","","0.8211951851844788","","8","meta | Overture","CDLA-Permissive-2.0","2026-04-27T00:00:00.000Z | 2026-06-11T11:57:15Z"
"RI","Rhode Island","09563957-0f63-4b54-acc3-c36f9c8e7537","University Orthodontics - Bryan F. Beagan, D.M.D.","-71.4550742381978","41.7546799686101","dentist","","95 Sockanosset Cross Rd Ste 301","Cranston","02920","RI","US","(401) 942-0300","","http://www.ri-braces.com","","","0.77","","5","Foursquare | Overture","Apache-2.0 | CDLA-Permissive-2.0","2025-08-22T00:00:00.000 | 2026-06-11T11:57:15Z"
"RI","Rhode Island","0ad4218c-7d04-4a82-844c-7286875cd8c4","Caress Dental Inc","-71.40546156","41.84540054","dentist","health_and_medical | laboratory_testing","909 N Main St","Providence","02904-5752","RI","US","+14012721238","","","https://www.facebook.com/205907542758528","","0.9199122190475464","open","8","meta | Overture | Overture-signals","CDLA-Permissive-2.0","2026-04-27T00:00:00.000Z | 2026-06-11T11:57:15Z | 2026-05-12T00:29:08Z | 2026-05-18T13:23:54Z | 2026-05-25T13:08:59Z | 2026-06-01T13:20:32Z | 2026-06-08T13:20:12Z"
"RI","Rhode Island","0b3d69aa-6a22-4679-9db0-4448187f0ccc","University Oral Surgery","-71.3811022","41.8731446","dentist","doctor | oral_surgeon","123 School St","Pawtucket","02860-4270","RI","US","+14017247230","uoms@aol.com","http://www.riuoms.com/contact-us","https://www.facebook.com/110496276099643","","0.9199122190475464","open","8","meta | Overture | Overture-signals","CDLA-Permissive-2.0","2026-04-27T00:00:00.000Z | 2026-06-11T11:57:15Z | 2026-05-12T00:29:08Z | 2026-05-18T13:23:54Z | 2026-05-25T13:08:59Z | 2026-06-01T13:20:32Z | 2026-06-08T13:20:12Z"
"RI","Rhode Island","0b5fd227-de0c-4ad8-bfa4-6afe0a969d4e","Artistry Dental","-71.43352041","41.7785773","dentist","general_dentistry | cosmetic_dentist","795 Park Ave","Cranston","02910-2036","RI","US","+14017812212","","http://artistrydental.com","https://www.facebook.com/107991341054583","","0.9902192950248718","open","9","meta | Overture | Overture-signals","CDLA-Permissive-2.0","2026-04-27T00:00:00.000Z | 2026-06-11T11:57:15Z | 2026-05-12T00:29:08Z | 2026-05-18T13:23:54Z | 2026-05-25T13:08:59Z | 2026-06-01T13:20:32Z | 2026-06-08T13:20:12Z"
"RI","Rhode Island","0ca265eb-587b-4c02-90ee-f3d504aac6be","Anna Pavlotsky D.M.D","-71.40507594","41.74796553","dentist","general_dentistry | cosmetic_dentist","1025 Warwick Ave","Warwick","02888-3600","RI","US","+14017850202","","http://annapavlotskydmd.wixsite.com/anna","https://www.facebook.com/148492045291637","","0.9715237021446228","","8","meta | Overture","CDLA-Permissive-2.0","2026-04-27T00:00:00.000Z | 2026-06-11T11:57:15Z"
"RI","Rhode Island","0ddd8d0d-c9b2-4f07-abf1-aabdd0a888e7","Quonset Dental","-71.45702","41.6124","dentist","teeth_whitening | oral_surgeon","6810 Post Rd","North Kingstown","02852-2137","RI","US","","","http://www.401dentist.com/","https://www.facebook.com/604395729647969","Anthony J. Gazzola, Jr., DMD","0.9633741974830627","","7","meta | Overture","CDLA-Permissive-2.0","2026-04-27T00:00:00.000Z | 2026-06-11T11:57:15Z"
"RI","Rhode Island","0e7c0872-e4ed-42e9-8abb-e92e3e055e85","Georgeu Arthur DDS","-71.35567066","41.85718772","dentist","general_dentistry | periodontist","65 Newport Ave","East Providence","02916-2037","RI","US","+14014343220","","http://www.sneperio.com/","https://www.facebook.com/135204226531228","","0.9199122190475464","open","8","meta | Overture | Overture-signals","CDLA-Permissive-2.0","2026-04-27T00:00:00.000Z | 2026-06-11T11:57:15Z | 2026-05-12T00:29:08Z | 2026-05-18T13:23:54Z | 2026-05-25T13:08:59Z | 2026-06-01T13:20:32Z | 2026-06-08T13:20:12Z"
"RI","Rhode Island","0f957632-1590-42d7-b4e7-345f0e9ad8a6","Comfort Dental","-71.39721563","41.88704206","dentist","general_dentistry | cosmetic_dentist","725 Dexter St","Central Falls","02863-2631","RI","US","+14013056688","","https://www.comfortdentalri.com/","https://www.facebook.com/103433168503134","Comfort Dental","0.9902192950248718","open","8","meta | Overture | Overture-signals","CDLA-Permissive-2.0","2026-04-27T00:00:00.000Z | 2026-06-11T11:57:15Z | 2026-05-12T00:29:08Z | 2026-05-18T13:23:54Z | 2026-05-25T13:08:59Z | 2026-06-01T13:20:32Z | 2026-06-08T13:20:12Z"
"RI","Rhode Island","1011811e-6e52-4713-b3cf-90c048bc19a9","Periodontics Incorporated","-71.4582355459315","41.976938981821","dentist","","3353 Mendon Rd","Cumberland","02864","RI","US","(401) 658-2121","","https://www.periodonticsri.com/contact","","","0.9199122190475464","open","4","Foursquare | Overture | Overture-signals","Apache-2.0 | CDLA-Permissive-2.0","2025-08-22T00:00:00.000 | 2026-06-11T11:57:15Z | 2026-05-12T00:29:08Z | 2026-05-18T13:23:54Z | 2026-05-25T13:08:59Z | 2026-06-01T13:20:32Z | 2026-06-08T13:20:12Z"
"RI","Rhode Island","10555902-6429-44ba-8de0-5b8dcbe228e4","Smithfield Dental Associates","-71.53296818","41.86504492","dentist","cosmetic_dentist | health_and_medical","41 Sanderson Rd","Smithfield","02917-2602","RI","US","+14013493290","smithfielddentalassociates@gmail.com","http://www.smithfielddentalassociates.com/","https://www.facebook.com/855441621207003","","0.934416651725769","","9","meta | Overture","CDLA-Permissive-2.0","2026-04-27T00:00:00.000Z | 2026-06-11T11:57:15Z"
"RI","Rhode Island","10f98ec0-d90d-455f-b302-91874109f7de","Advanced Dental Care","-71.39007785","41.8342097","dentist","cosmetic_dentist | general_dentistry","433 Lloyd Ave","Providence","02906-4546","RI","US","+14012736780","info@advanceddentalcare.com","http://www.advanceddentalcare.com/","https://www.facebook.com/434141846640482","Advanced Dental Care","0.9902192950248718","open","7","meta | Overture | Overture-signals","CDLA-Permissive-2.0","2026-04-27T00:00:00.000Z | 2026-06-11T11:57:15Z | 2026-05-12T00:29:08Z | 2026-05-18T13:23:54Z | 2026-05-25T13:08:59Z | 2026-06-01T13:20:32Z | 2026-06-08T13:20:12Z"
"RI","Rhode Island","13d13c53-abc9-44ae-b44f-6fa702c02fb9","Dr. Scott B. Klimaj","-71.55364788","41.87043572","dentist","cosmetic_dentist | general_dentistry","7 Smith Ave","Greenville","02828-1700","RI","US","+14019493200","sbkdmd@gmail.com","http://www.drscottri.com/","https://www.facebook.com/224563297614823","","0.7792468070983887","","1","meta | Overture","CDLA-Permissive-2.0","2026-04-27T00:00:00.000Z | 2026-06-11T11:57:15Z"
"RI","Rhode Island","13f98e75-c50c-47a0-b6fc-3bbee2c6a506","Devine III James E DDS","-71.51504968","41.98160802","dentist","general_dentistry","63 Eddie Dowling Hwy","North Smithfield","02896-7322","RI","US","+14017655511","","","https://www.facebook.com/156639797708989","","0.9199122190475464","open","9","meta | Overture | Overture-signals","CDLA-Permissive-2.0","2026-04-27T00:00:00.000Z | 2026-06-11T11:57:15Z | 2026-05-12T00:29:08Z | 2026-05-18T13:23:54Z | 2026-05-25T13:08:59Z | 2026-06-01T13:20:32Z | 2026-06-08T13:20:12Z"
"RI","Rhode Island","144d5144-61a9-4af0-bee2-4bcfa1f929d5","Kenneth Rudman","-71.456634","41.70271318","dentist","general_dentistry | doctor","35 Veterans Memorial Dr","Warwick","02886-4617","RI","US","+14017375449","","http://invisalignofrhodeisland.com/","https://www.facebook.com/140055119906240","Wave Dental","0.9902192950248718","open","9","meta | Overture | Overture-signals","CDLA-Permissive-2.0","2026-04-27T00:00:00.000Z | 2026-06-11T11:57:15Z | 2026-05-12T00:29:08Z | 2026-05-18T13:23:54Z | 2026-05-25T13:08:59Z | 2026-06-01T13:20:32Z | 2026-06-08T13:20:12Z"
"RI","Rhode Island","1533e045-6df7-4956-b415-c143afc02ac6","Atwill Conroy Dental","-71.5170521292708","41.91275749997","dentist","","Rt. 7","Smithfield","02917","RI","US","(401) 231-7390","","http://www.atwill-conroydental.com","","","0.77","","5","Foursquare | Overture","Apache-2.0 | CDLA-Permissive-2.0","2026-03-17T00:00:00.000 | 2026-06-11T11:57:15Z"
"RI","Rhode Island","192e3081-3f49-4bc3-be9f-6dced6a3bc91","City Dental","-71.4570237193813","41.8061900645612","dentist","","314 F Pocasset Ave.","Providence","02909","RI","US","(401) 942-5051","","http://citydentalri.com","https://www.facebook.com/155928157780535","","0.9199122190475464","open","4","Foursquare | Overture | Overture-signals","Apache-2.0 | CDLA-Permissive-2.0","2025-08-22T00:00:00.000 | 2026-06-11T11:57:15Z | 2026-05-12T00:29:08Z | 2026-05-18T13:23:54Z | 2026-05-25T13:08:59Z | 2026-06-01T13:20:32Z | 2026-06-08T13:20:12Z"
"RI","Rhode Island","193c22f9-99b8-466c-b394-a281da4e162a","Drs. Kenneth & Robin Rawlinson","-71.364136583635","41.7966955329861","dentist","","2861 Pawtucket Ave","Riverside","02915","RI","US","(401) 369-8601","","https://rismilemakers.com","https://www.facebook.com/115719021790662","","0.77","","6","Foursquare | Overture","Apache-2.0 | CDLA-Permissive-2.0","2025-10-17T00:00:00.000 | 2026-06-11T11:57:15Z"
"RI","Rhode Island","19edcc0d-862a-40f7-865e-386bb8478dcc","West Shore Dental Associates","-71.44003711","41.70066348","dentist","general_dentistry | medical_service_organizations","3274 W Shore Rd","Warwick","02886-7560","RI","US","+14017391399","dr_conte@westshoredentistry.com","http://www.westshoredentistry.com/","https://www.facebook.com/164692526823","","0.9199122190475464","open","7","meta | Overture | Overture-signals","CDLA-Permissive-2.0","2026-04-27T00:00:00.000Z | 2026-06-11T11:57:15Z | 2026-05-12T00:29:08Z | 2026-05-18T13:23:54Z | 2026-05-25T13:08:59Z | 2026-06-01T13:20:32Z | 2026-06-08T13:20:12Z"
"RI","Rhode Island","19f48fd3-415f-4a35-9488-b3b87211863b","Robert Ducoff, DMD","-71.3933280306809","41.8281614721712","dentist","","362 Ives St","Providence","02906","RI","US","(401) 861-4358","","http://www.drsrubinsteinandducoff.com","","","0.77","","3","Foursquare | Overture","Apache-2.0 | CDLA-Permissive-2.0","2025-10-03T00:00:00.000 | 2026-06-11T11:57:15Z"
"RI","Rhode Island","1a50e8bc-aa0e-4fa4-8087-f5ede3188e8d","Tollgate Orthodontics","-71.3707430190903","41.4952047851824","dentist","","20 Clinton Ave","Jamestown","02835","RI","US","(401) 739-3900","","https://www.tollgateorthodontics.com/our-office/map-directions/jamestown-location","https://www.twitter.com/tollgateortho | https://www.facebook.com/390415440992845 | https://www.instagram.com/tollgateortho","","0.9199122190475464","open","8","Foursquare | Overture | Overture-signals","Apache-2.0 | CDLA-Permissive-2.0","2024-11-01T00:00:00.000 | 2026-06-11T11:57:15Z | 2026-05-12T00:29:08Z | 2026-05-18T13:23:54Z | 2026-05-25T13:08:59Z | 2026-06-01T13:20:32Z | 2026-06-08T13:20:12Z"
"RI","Rhode Island","1a5456ba-186d-4ffe-af18-4d982fb0d0ab","Dr Paul Appelbaum","-71.3280469020002","41.7751786270696","dentist","","1445 Wampanoag Trl","Riverside","02915","RI","US","(401) 433-2400","applebaumdental@gmail.com","http://www.applebaumdental.com","https://www.facebook.com/177204242314727","","0.9199122190475464","open","4","Foursquare | Overture | Overture-signals","Apache-2.0 | CDLA-Permissive-2.0","2023-02-15T00:00:00.000 | 2026-06-11T11:57:15Z | 2026-05-12T00:29:08Z | 2026-05-18T13:23:54Z | 2026-05-25T13:08:59Z | 2026-06-01T13:20:32Z | 2026-06-08T13:20:12Z"
"RI","Rhode Island","1aadb20c-56be-4c07-8684-2798c1483de3","Ocean State Oral Surgery Center, L.L.C.","-71.4634343875218","41.8609314864109","dentist","","468 Smithfield Rd","North Providence","02904","RI","US","(401) 353-1515","","http://oceanstateoralsurgerycenter.com","https://www.facebook.com/156157758068833","","0.9199122190475464","open","4","Foursquare | Overture | Overture-signals","Apache-2.0 | CDLA-Permissive-2.0","2021-02-02T00:00:00.000 | 2026-06-11T11:57:15Z | 2026-05-12T00:29:08Z | 2026-05-18T13:23:54Z | 2026-05-25T13:08:59Z | 2026-06-01T13:20:32Z | 2026-06-08T13:20:12Z"
"RI","Rhode Island","1daf8c30-b95b-4cae-afa5-a0c158de2f2e","Advanced Aesthetic Dentistry","-71.8289411","41.36047499","dentist","cosmetic_dentist | general_dentistry","85 Beach St","Westerly","02891-2763","RI","US","+14015967707","contactus@westerlyfamilydentist.com","http://www.westerlyfamilydentist.com/","https://www.facebook.com/105988752801610","Advanced Aesthetic Dentistry","0.9199122190475464","open","11","meta | Overture | Overture-signals","CDLA-Permissive-2.0","2026-04-27T00:00:00.000Z | 2026-06-11T11:57:15Z | 2026-05-12T00:29:08Z | 2026-05-18T13:23:54Z | 2026-05-25T13:08:59Z | 2026-06-01T13:20:32Z | 2026-06-08T13:20:12Z"
"RI","Rhode Island","1e3268d9-97ab-4631-a912-d62eab46422a","Dr. Elisa S. Liberto","-71.43554251","41.75005675","dentist","cosmetic_dentist | health_and_medical","67 Jefferson Blvd","Warwick","02888-1028","RI","US","+14012364228","team@libertodmd.com","http://www.rihealthysmiles.com","https://www.facebook.com/117569081594688","","0.9199122190475464","open","8","meta | Overture | Overture-signals","CDLA-Permissive-2.0","2026-04-27T00:00:00.000Z | 2026-06-11T11:57:15Z | 2026-05-12T00:29:08Z | 2026-05-18T13:23:54Z | 2026-05-25T13:08:59Z | 2026-06-01T13:20:32Z | 2026-06-08T13:20:12Z"
"RI","Rhode Island","1f09148f-6888-4850-92ae-1bfa804ac70e","Rhode Island Endodontics","-71.4162388587463","41.7004742078526","dentist","","400 Bald Hill Rd Ste 528","Warwick","02886","RI","US","(401) 337-9150","","https://www.rhodeislandendo.com","https://www.facebook.com/100756032712197 | https://www.instagram.com/rhodeislandendodontics","","0.77","","5","Foursquare | Overture","Apache-2.0 | CDLA-Permissive-2.0","2023-07-17T00:00:00.000 | 2026-06-11T11:57:15Z"
"RI","Rhode Island","1fea6953-46d4-40cb-9ec6-4bec211f75af","DMR Family & Cosmetic Dentistry","-71.827552","41.36090575","dentist","general_dentistry | cosmetic_dentist","31 Crestview Dr","Westerly","02891-2901","RI","US","+14015967734","contactus@westerlydentist.com","http://www.westerlydentist.com/","https://www.facebook.com/293429594122144","DMR Family & Cosmetic Dentistry","0.9199122190475464","open","8","meta | Overture | Overture-signals","CDLA-Permissive-2.0","2026-04-27T00:00:00.000Z | 2026-06-11T11:57:15Z | 2026-05-12T00:29:08Z | 2026-05-18T13:23:54Z | 2026-05-25T13:08:59Z | 2026-06-01T13:20:32Z | 2026-06-08T13:20:12Z"
"RI","Rhode Island","1feec61f-e56b-4c99-b402-34a626c51e37","Werba Jacob Ltd DDS","-71.42035911","41.80630635","dentist","general_dentistry | health_and_medical","655 Broad St","Providence","02907-1444","RI","US","+14017519050","","","https://www.facebook.com/168828563133568","","0.9199122190475464","open","7","meta | Overture | Overture-signals","CDLA-Permissive-2.0","2026-04-27T00:00:00.000Z | 2026-06-11T11:57:15Z | 2026-05-12T00:29:08Z | 2026-05-18T13:23:54Z | 2026-05-25T13:08:59Z | 2026-06-01T13:20:32Z | 2026-06-08T13:20:12Z"
"RI","Rhode Island","2026ac23-07e2-4b31-942e-5c64a06b9a3e","Forster Orthodontics","-71.1908068260933","41.6408235372138","dentist","","1061 Fish Rd","Tiverton","02878","RI","US","(401) 619-1888","","http://www.forsterorthodontics.com","https://www.facebook.com/100735070008391","","0.77","","5","Foursquare | Overture","Apache-2.0 | CDLA-Permissive-2.0","2025-08-19T00:00:00.000 | 2026-06-11T11:57:15Z"
"RI","Rhode Island","2027e0e3-f367-4162-a3bf-3a923464d4c5","Drs Light and Conforti","-71.39200303","41.82789119","dentist","general_dentistry | doctor","189 Waterman St","Providence","02906-4077","RI","US","+14013510072","office@pvddentalgroup.com","http://www.LightandConfortiDMDs.com/","https://www.facebook.com/313099088874108","Drs Light and Conforti","0.9902192950248718","open","8","meta | Overture | Overture-signals","CDLA-Permissive-2.0","2026-04-27T00:00:00.000Z | 2026-06-11T11:57:15Z | 2026-05-12T00:29:08Z | 2026-05-18T13:23:54Z | 2026-05-25T13:08:59Z | 2026-06-01T13:20:32Z | 2026-06-08T13:20:12Z"
"RI","Rhode Island","2123b002-9dbb-48ec-9876-fb21344c4209","dr. varone dds","-71.4428778940607","41.7315198988274","dentist","","615 Jefferson Blvd, Warwick, RI 02886","Warwick","02886","RI","US","(401) 732-5566","drvarone@gmail.com","http://ww.drvarone.com","https://www.facebook.com/116280275064005","","0.77","","5","Foursquare | Overture","Apache-2.0 | CDLA-Permissive-2.0","2025-10-16T00:00:00.000 | 2026-06-11T11:57:15Z"
"RI","Rhode Island","215e74bc-47e8-4ef5-a3ac-a1b21389ea72","City Dental","-71.45709828","41.80625053","dentist","health_and_medical | cosmetic_dentist","314 Pocasset Ave","Providence","02909-4828","RI","US","+14019425051","","http://citydentalri.com/","https://www.facebook.com/155928157780535","","0.9432965517044067","","1","meta | Overture","CDLA-Permissive-2.0","2026-04-27T00:00:00.000Z | 2026-06-11T11:57:15Z"
"RI","Rhode Island","2297df9f-4746-4eac-9f51-09c39a60bf3d","Dr. Russell Chin, DDS","-71.3544100008023","41.8891984154764","dentist","","1288 Newport Ave","Pawtucket","02861","RI","US","(401) 728-1450","","http://www.extremesmile.net","https://www.facebook.com/100873609957419","","0.9199122190475464","open","4","Foursquare | Overture | Overture-signals","Apache-2.0 | CDLA-Permissive-2.0","2025-08-22T00:00:00.000 | 2026-06-11T11:57:15Z | 2026-05-12T00:29:08Z | 2026-05-18T13:23:54Z | 2026-05-25T13:08:59Z | 2026-06-01T13:20:32Z | 2026-06-08T13:20:12Z"
"RI","Rhode Island","24b53b4f-bfc1-48d2-b526-2f00a429ccde","Children's Dentistry of Westerly and Wakefield","-71.491879","41.430879","dentist","pediatric_dentist | health_and_medical","24 Salt Pond Rd","Wakefield","02879-4304","RI","US","+14017924664","","http://www.westerlysmile.com","https://www.facebook.com/412460462274193","","0.9513967633247375","","9","meta | Overture","CDLA-Permissive-2.0","2026-04-27T00:00:00.000Z | 2026-06-11T11:57:15Z"
"RI","Rhode Island","250e6aa7-15e7-4dd4-bb2b-5ab9366077a2","East Bay Dental","-71.2801892953973","41.7139222384662","dentist","","1053 main st","Warren","02885","RI","US","(401) 245-8444","info@eastbayfoodpantry.org","http://www.eastbaydentalri.com","","","0.77","","5","Foursquare | Overture","Apache-2.0 | CDLA-Permissive-2.0","2026-04-07T00:00:00.000 | 2026-06-11T11:57:15Z"
"RI","Rhode Island","261f9f22-e549-4ceb-b76b-3dff3fc25908","Cranston Advanced Dental","-71.44394059","41.77903616","dentist","general_dentistry | health_and_medical","770 Reservoir Ave","Cranston","02910-4449","RI","US","+14019420270","","http://www.raffimerjikdmd.com","https://www.facebook.com/113825808648075","","0.9902192950248718","open","7","meta | Overture | Overture-signals","CDLA-Permissive-2.0","2026-04-27T00:00:00.000Z | 2026-06-11T11:57:15Z | 2026-05-12T00:29:08Z | 2026-05-18T13:23:54Z | 2026-05-25T13:08:59Z | 2026-06-01T13:20:32Z | 2026-06-08T13:20:12Z"
"RI","Rhode Island","27721522-885e-4441-850a-d0f6f9cc865c","Ronald J Morton DMD","-71.45780874","41.71507105","dentist","health_and_medical | family_practice","1035 Main Ave","Warwick","02886-1939","RI","US","+14017373330","","","https://www.facebook.com/117182824966551","","0.9902192950248718","open","7","meta | Overture | Overture-signals","CDLA-Permissive-2.0","2026-04-27T00:00:00.000Z | 2026-06-11T11:57:15Z | 2026-05-12T00:29:08Z | 2026-05-18T13:23:54Z | 2026-05-25T13:08:59Z | 2026-06-01T13:20:32Z | 2026-06-08T13:20:12Z"
"RI","Rhode Island","27e00502-1a39-4eeb-bca4-5889835d67f8","Dr. Lindsay Brislin, DMD","-71.3620909814267","41.886169327333","dentist","","536 Central Ave","Pawtucket","02861","RI","US","(401) 726-1772","cjbrislin@yahoo.com","http://www.lindsaybrislindentistry.com","https://www.facebook.com/470079169674882","","0.77","","5","Foursquare | Overture","Apache-2.0 | CDLA-Permissive-2.0","2026-04-02T00:00:00.000 | 2026-06-11T11:57:15Z"
"RI","Rhode Island","2aace6b1-f0ce-4c50-b0f8-20e3d9f31944","Newport Family and Cosmetic Dentistry","-71.3104312","41.49363434","dentist","cosmetic_dentist | orthodontist","136 Broadway","Newport","02840-2748","RI","US","+14018463801","office@smile-newport.com","http://www.smile-newport.com","https://www.facebook.com/151234272799","","0.9902192950248718","open","8","meta | Overture | Overture-signals","CDLA-Permissive-2.0","2026-04-27T00:00:00.000Z | 2026-06-11T11:57:15Z | 2026-05-12T00:29:08Z | 2026-05-18T13:23:54Z | 2026-05-25T13:08:59Z | 2026-06-01T13:20:32Z | 2026-06-08T13:20:12Z"
"RI","Rhode Island","2be71319-810e-4cba-b9ea-b20f7e8c3b24","George W Pirie DMD, LTD","-71.465453","41.699333","dentist","periodontist | doctor","77 Toll Gate Rd","Warwick","02886-4443","RI","US","+14017373663","kverrier@pirie-perio.com","http://www.pirieperiodontics.com","https://www.facebook.com/212719039081318","","0.6539220809936523","","9","meta | Overture","CDLA-Permissive-2.0","2026-04-27T00:00:00.000Z | 2026-06-11T11:57:15Z"
"RI","Rhode Island","2e78f444-82da-4f65-91b5-d6eeb03cb093","Thomas F Vutech Dental","-71.45554615","41.59580901","dentist","general_dentistry | health_and_medical","7430 Post Rd","North Kingstown","02852-3217","RI","US","+14012943533","nkdental@verizon.net","https://northkingstowndental.com","https://www.facebook.com/158624020837770","","0.9199122190475464","open","8","meta | Overture | Overture-signals","CDLA-Permissive-2.0","2026-04-27T00:00:00.000Z | 2026-06-11T11:57:15Z | 2026-05-12T00:29:08Z | 2026-05-18T13:23:54Z | 2026-05-25T13:08:59Z | 2026-06-01T13:20:32Z | 2026-06-08T13:20:12Z"
"RI","Rhode Island","2faab591-bd47-4b28-b102-cc97deaf2381","Dr. Matthew R. Asaro","-71.30267913","41.73618332","dentist","general_dentistry | health_and_medical","141 County Rd","Barrington","02806-4515","RI","US","+14012454619","asarodental@gmail.com","http://www.rismilemaker.com/","https://www.facebook.com/292971224093707","","0.9949504840373993","","8","meta | Overture","CDLA-Permissive-2.0","2026-04-27T00:00:00.000Z | 2026-06-11T11:57:15Z"
"RI","Rhode Island","30424d8b-9e7f-4e22-9876-0d5fc6705edd","Riverside Family Dental","-71.32796727","41.77546657","dentist","","1445 Wampanoag Trl","Riverside","02915-1000","RI","US","+14014332400","info@alphadentalcenter.com","https://alphadentalcenter.com/east-providence-family-dental/","https://www.facebook.com/107484731400701","Doctor Neena Alpha Dental centre","0.9902192950248718","open","7","meta | Overture | Overture-signals","CDLA-Permissive-2.0","2026-04-27T00:00:00.000Z | 2026-06-11T11:57:15Z | 2026-05-12T00:29:08Z | 2026-05-18T13:23:54Z | 2026-05-25T13:08:59Z | 2026-06-01T13:20:32Z | 2026-06-08T13:20:12Z"
"RI","Rhode Island","351a9768-7930-4e15-8328-17640720c3ec","Mollohan Wayne DMD","-71.50124129","41.68955808","dentist","general_dentistry | doctor","251 Quaker Ln","West Warwick","02893-2121","RI","US","+14018223390","","http://www.topsmiledoc.com","https://www.facebook.com/408961502633936","","0.8706663250923157","","1","meta | Overture","CDLA-Permissive-2.0","2026-04-27T00:00:00.000Z | 2026-06-11T11:57:15Z"
"RI","Rhode Island","36431b7d-6dc1-42ed-88ea-8a0635c0dc0b","Capitol Hill Dental","-71.42101532","41.8333156","dentist","general_dentistry | health_and_medical","276 Smith St","Providence","02908-4955","RI","US","+14013311116","capitolhill@capitolhilldentalri.com","https://www.capitolhilldentalri.com","https://www.facebook.com/130723403620622","","0.9902192950248718","open","7","meta | Overture | Overture-signals","CDLA-Permissive-2.0","2026-04-27T00:00:00.000Z | 2026-06-11T11:57:15Z | 2026-05-12T00:29:08Z | 2026-05-18T13:23:54Z | 2026-05-25T13:08:59Z | 2026-06-01T13:20:32Z | 2026-06-08T13:20:12Z"
"RI","Rhode Island","366efeed-2140-4f1c-b721-e1f27c209500","National Practice Transitional Network","-71.4676552465055","41.6976344594404","dentist","","200 Centerville Rd Ste 8","Warwick","02886","RI","US","(401) 732-5511","info@nptdental.com","http://www.nptdental.com","","","0.9199122190475464","open","4","Foursquare | Overture | Overture-signals","Apache-2.0 | CDLA-Permissive-2.0","2025-09-26T00:00:00.000 | 2026-06-11T11:57:15Z | 2026-05-12T00:29:08Z | 2026-05-18T13:23:54Z | 2026-05-25T13:08:59Z | 2026-06-01T13:20:32Z | 2026-06-08T13:20:12Z"
"RI","Rhode Island","3bebcecf-1f28-4858-807d-8c932f39da0a","Albert R Arcand","-71.5231250155688","41.7104383621023","dentist","","1079 Main St Ste B","West Warwick","02893","RI","US","(401) 826-2833","dral@dr-al.com","http://www.dr-al.com","https://www.facebook.com/112238488838985","","0.9199122190475464","open","4","Foursquare | Overture | Overture-signals","Apache-2.0 | CDLA-Permissive-2.0","2025-08-22T00:00:00.000 | 2026-06-11T11:57:15Z | 2026-05-12T00:29:08Z | 2026-05-18T13:23:54Z | 2026-05-25T13:08:59Z | 2026-06-01T13:20:32Z | 2026-06-08T13:20:12Z"
"RI","Rhode Island","3cdfae93-fb7c-4e80-a4fb-d554b5170ab4","Dr. Ernest M. Violet","-71.31279322","41.48963985","dentist","general_dentistry | health_and_medical","65 Touro St","Newport","02840-2949","RI","US","+14018474040","","","https://www.facebook.com/162156857137296","","0.9199122190475464","open","7","meta | Overture | Overture-signals","CDLA-Permissive-2.0","2026-04-27T00:00:00.000Z | 2026-06-11T11:57:15Z | 2026-05-12T00:29:08Z | 2026-05-18T13:23:54Z | 2026-05-25T13:08:59Z | 2026-06-01T13:20:32Z | 2026-06-08T13:20:12Z"
"RI","Rhode Island","3e18308e-77bc-4265-9755-03b8f369d601","Motto Clear Aligners","-71.4965589","41.81473099","dentist","health_and_medical","1384 Atwood Ave","Johnston","02919","RI","US","4019340400","","https://www.aspendental.com/dentist/ri/johnston/1384-atwood-ave/motto-clear-aligners/","","","0.9199122190475464","open","6","Microsoft | Overture | Overture-signals","CDLA-Permissive-2.0","2025-10-05T06:15:35.480Z | 2026-06-11T11:57:15Z | 2026-05-12T00:29:08Z | 2026-05-18T13:23:54Z | 2026-05-25T13:08:59Z | 2026-06-01T13:20:32Z | 2026-06-08T13:20:12Z"
"RI","Rhode Island","3e70a5cc-dc0d-44f7-95ef-84fd7980cd14","Frank D'Amato","-71.45112007","41.86507556","dentist","general_dentistry | medical_service_organizations","1637 Mineral Spring Ave","North Providence","02904-4042","RI","US","+14013537300","","http://www.drfrankdamato.com","https://www.facebook.com/166329610400182","","0.9199122190475464","open","7","meta | Overture | Overture-signals","CDLA-Permissive-2.0","2026-04-27T00:00:00.000Z | 2026-06-11T11:57:15Z | 2026-05-12T00:29:08Z | 2026-05-18T13:23:54Z | 2026-05-25T13:08:59Z | 2026-06-01T13:20:32Z | 2026-06-08T13:20:12Z"
"RI","Rhode Island","421d736f-838d-46f0-bb4b-2961c21933e9","Dr. Sunjay Patil","-71.28231512","41.50797827","dentist","general_dentistry | doctor","747 Aquidneck Ave","Middletown","02842-7223","RI","US","+14018469660","drpatilaafd@gmail.com","http://drpatildental.com/","https://www.facebook.com/724238351030969","Dr. Sunjay Patil","0.9199122190475464","open","8","meta | Overture | Overture-signals","CDLA-Permissive-2.0","2026-04-27T00:00:00.000Z | 2026-06-11T11:57:15Z | 2026-05-12T00:29:08Z | 2026-05-18T13:23:54Z | 2026-05-25T13:08:59Z | 2026-06-01T13:20:32Z | 2026-06-08T13:20:12Z"
"RI","Rhode Island","43517319-74ab-49b8-8c6f-01b29bc81960","Urgent Dental Llc","-71.41423173","41.81133151","dentist","","82 Pearl St","Providence","02905-2434","RI","US","+14014145819","","","https://www.facebook.com/103688491811805","","0.5892171263694763","","7","meta | Overture","CDLA-Permissive-2.0","2026-04-27T00:00:00.000Z | 2026-06-11T11:57:15Z"
"RI","Rhode Island","43edc1fd-794e-47ec-9b29-39304ec724f8","Anthony Gazzola","-71.45979539","41.62564335","dentist","health_and_medical | hospital","6320 Post Rd","North Kingstown","02852-1882","RI","US","+14018841525","","http://www.401dentist.com","https://www.facebook.com/387031161415973","Anthony J. Gazzola, Jr., DMD","0.9199122190475464","open","9","meta | Overture | Overture-signals","CDLA-Permissive-2.0","2026-04-27T00:00:00.000Z | 2026-06-11T11:57:15Z | 2026-05-12T00:29:08Z | 2026-05-18T13:23:54Z | 2026-05-25T13:08:59Z | 2026-06-01T13:20:32Z | 2026-06-08T13:20:12Z"
"RI","Rhode Island","46850d35-c381-4f77-bb4a-03e62a8042d2","Blackstone Family Dentistry","-71.38802766","41.89398132","dentist","general_dentistry | medical_service_organizations","1044 Broad St","Central Falls","02863-1507","RI","US","+14017224086","emmanuelfriasdds@hotmail.com","http://www.blackstonedental.com","https://www.facebook.com/122857261104934","Blackstone Dental, PC","0.9902192950248718","open","8","meta | Overture | Overture-signals","CDLA-Permissive-2.0","2026-04-27T00:00:00.000Z | 2026-06-11T11:57:15Z | 2026-05-12T00:29:08Z | 2026-05-18T13:23:54Z | 2026-05-25T13:08:59Z | 2026-06-01T13:20:32Z | 2026-06-08T13:20:12Z"
"RI","Rhode Island","47618ac6-148a-47c2-b519-03c88d1ad60c","Coventry Family Dental","-71.57056405","41.68058455","dentist","general_dentistry","903 Tiogue Ave","Coventry","02816-6300","RI","US","+14018215864","info@smilingri.com","http://www.drgelfand.com","https://www.facebook.com/600202030108868","Coventry Family Dental","0.9199122190475464","open","9","meta | Overture | Overture-signals","CDLA-Permissive-2.0","2026-04-27T00:00:00.000Z | 2026-06-11T11:57:15Z | 2026-05-12T00:29:08Z | 2026-05-18T13:23:54Z | 2026-05-25T13:08:59Z | 2026-06-01T13:20:32Z | 2026-06-08T13:20:12Z"
"RI","Rhode Island","47cc3b7f-66d3-4540-a947-2c2655761d00","Motto Clear Aligners","-71.509446","41.9792049","dentist","health_and_medical","18 Dowling Village Blvd","North Smithfield","02896","RI","US","4017621919","","https://www.aspendental.com/dentist/ri/north-smithfield/18-dowling-village-blvd/motto-clear-aligners/","","","0.9199122190475464","open","6","Microsoft | Overture | Overture-signals","CDLA-Permissive-2.0","2025-10-03T20:41:17.700Z | 2026-06-11T11:57:15Z | 2026-05-12T00:29:08Z | 2026-05-18T13:23:54Z | 2026-05-25T13:08:59Z | 2026-06-01T13:20:32Z | 2026-06-08T13:20:12Z"
"RI","Rhode Island","4a484369-f9a3-4467-81bd-026218ec004a","Stephenson Lawrence P Dr","-71.46188416","41.86142077","dentist","general_dentistry | doctor","1826 Mineral Spring Ave","North Providence","02904-8938","RI","US","+14013536250","lps1826@verizon.net","https://lawrencepstephenson.com","https://www.facebook.com/457172804420448","","0.9052864909172058","","8","meta | Overture","CDLA-Permissive-2.0","2026-04-27T00:00:00.000Z | 2026-06-11T11:57:15Z"
"RI","Rhode Island","4c196632-fb36-4e95-a66c-b00bdb22be30","Primeau Dental Clinic","-71.47002248","41.70074115","dentist","general_dentistry | medical_service_organizations","200 Toll Gate Rd","Warwick","02886-4440","RI","US","+14017379363","","http://www.primeaudental.org","https://www.facebook.com/123184074761771","","0.9902192950248718","open","7","meta | Overture | Overture-signals","CDLA-Permissive-2.0","2026-04-27T00:00:00.000Z | 2026-06-11T11:57:15Z | 2026-05-12T00:29:08Z | 2026-05-18T13:23:54Z | 2026-05-25T13:08:59Z | 2026-06-01T13:20:32Z | 2026-06-08T13:20:12Z"
"RI","Rhode Island","4c80d04e-aea9-4dbb-985c-2d11fa62c2a2","Portsmouth Dental Associates","-71.24722434","41.6043576","dentist","cosmetic_dentist | general_dentistry","2765 E Main Rd","Portsmouth","02871-2605","RI","US","+14016839724","portsmouthdentalassociates@gmail.com","https://patient.modento.io/portsmouthdentalassociates/consult","https://www.facebook.com/1558515874449641","","0.9199122190475464","open","7","meta | Overture | Overture-signals","CDLA-Permissive-2.0","2026-04-27T00:00:00.000Z | 2026-06-11T11:57:15Z | 2026-05-12T00:29:08Z | 2026-05-18T13:23:54Z | 2026-05-25T13:08:59Z | 2026-06-01T13:20:32Z | 2026-06-08T13:20:12Z"
"RI","Rhode Island","4d0b04ba-341f-47d3-9fa0-079548e49a43","Woonsocket Dental Associates","-71.47123977","42.01685447","dentist","general_dentistry | health_and_medical","2000 Diamond Hill Rd","Woonsocket","02895-1518","RI","US","+14017668600","mforman209@gmail.com","http://www.woonsocketdental.com/","https://www.facebook.com/118342754972782","","0.9722161889076233","","9","meta | Overture","CDLA-Permissive-2.0","2026-04-27T00:00:00.000Z | 2026-06-11T11:57:15Z"
"RI","Rhode Island","4e1ad480-e39b-4d13-9afa-afb574d0e124","RI Dental","-71.49894838","41.65969062","dentist","general_dentistry","1351 S County Trl","East Greenwich","02818-5079","RI","US","+14015419161","","http://www.drjavid.com","https://www.facebook.com/159505867457188","R&R Dental Care - San Luis Obispo","0.9199122190475464","open","8","meta | Overture | Overture-signals","CDLA-Permissive-2.0","2026-04-27T00:00:00.000Z | 2026-06-11T11:57:15Z | 2026-05-12T00:29:08Z | 2026-05-18T13:23:54Z | 2026-05-25T13:08:59Z | 2026-06-01T13:20:32Z | 2026-06-08T13:20:12Z"
"RI","Rhode Island","4e765a0a-f324-4bfd-903d-63ee8ca0ff0e","Zumstein Family Dentistry","-71.48545971","41.44076394","dentist","general_dentistry","80 Pershing Ave","South Kingstown","02879-3713","RI","US","+14017892510","zumsteinfamilydentistry@outlook.com","http://www.drzumstein.com/","https://www.facebook.com/169491649781323","","0.9199122190475464","open","10","meta | Overture | Overture-signals","CDLA-Permissive-2.0","2026-04-27T00:00:00.000Z | 2026-06-11T11:57:15Z | 2026-05-12T00:29:08Z | 2026-05-18T13:23:54Z | 2026-05-25T13:08:59Z | 2026-06-01T13:20:32Z | 2026-06-08T13:20:12Z"
"RI","Rhode Island","527a0ca8-5e38-46cf-b9c0-e1b1d9ccd9e4","East Bay Dental Newport","-71.312197159881","41.4911276650768","dentist","","19 Broadway","Newport","02840","RI","US","(401) 845-0564","","http://www.ebcap.org","","","0.77","","3","Foursquare | Overture","Apache-2.0 | CDLA-Permissive-2.0","2025-10-15T00:00:00.000 | 2026-06-11T11:57:15Z"
"RI","Rhode Island","549fd129-0e77-44ab-ba7e-a98cc5e2c57f","Wellone Scituate","-71.57348108","41.83685987","dentist","general_dentistry","35 Village Plaza Way","Scituate","02857-1849","RI","US","+14016476262","","www.welloneri.org","https://www.facebook.com/181987469173913","","0.9902192950248718","open","7","meta | Overture | Overture-signals","CDLA-Permissive-2.0","2026-04-27T00:00:00.000Z | 2026-06-11T11:57:15Z | 2026-05-12T00:29:08Z | 2026-05-18T13:23:54Z | 2026-05-25T13:08:59Z | 2026-06-01T13:20:32Z | 2026-06-08T13:20:12Z"
"RI","Rhode Island","551a207a-fef4-43c5-a46a-57d27cc87b41","Aspen Dental","-71.454543","41.605694","dentist","","112 Gate Rd","North Kingstown","02852","RI","US","","","https://www.aspendental.com/dentist/ri/north-kingstown/112-gate-rd/","","Aspen Dental","0.9199122190475464","open","6","AllThePlaces | Overture | Overture-signals","CC0-1.0 | CDLA-Permissive-2.0","2026-06-02T15:18:54.000Z | 2026-06-11T11:57:15Z | 2026-05-12T00:29:08Z | 2026-05-18T13:23:54Z | 2026-05-25T13:08:59Z | 2026-06-01T13:20:32Z | 2026-06-08T13:20:12Z"
"RI","Rhode Island","55b505e4-1b1a-43fa-b849-ffa0f221ef48","Wickford Dental Associates","-71.4629766284785","41.5656852148398","dentist","","320 Phillips St Ste 104","North Kingstown","02852","RI","US","(401) 295-8806","wickforddental8806@gmail.com","http://wickforddental.com","https://www.facebook.com/1657204591231843","","0.9199122190475464","open","4","Foursquare | Overture | Overture-signals","Apache-2.0 | CDLA-Permissive-2.0","2025-08-22T00:00:00.000 | 2026-06-11T11:57:15Z | 2026-05-12T00:29:08Z | 2026-05-18T13:23:54Z | 2026-05-25T13:08:59Z | 2026-06-01T13:20:32Z | 2026-06-08T13:20:12Z"
"RI","Rhode Island","55f12792-fae6-4ce3-8084-d8bdda2f365c","Denture Repair Lab","-71.424341","41.865659","dentist","health_and_medical","1006 Charles St Ste 4","PROVIDENCE","02904","RI","US","8883496695","","","","","0.9199122190475464","open","7","Microsoft | Overture | Overture-signals","CDLA-Permissive-2.0","2025-07-24T15:30:30.583Z | 2026-06-11T11:57:15Z | 2026-05-12T00:29:08Z | 2026-05-18T13:23:54Z | 2026-05-25T13:08:59Z | 2026-06-01T13:20:32Z | 2026-06-08T13:20:12Z"
"RI","Rhode Island","564e8810-b4ac-44e8-a5c8-d4f418ad7a72","Atwill-Conroy Dental Associates","-71.51679866","41.91253111","dentist","endodontist | cosmetic_dentist","1 Thurber Blvd","Smithfield","02917-1826","RI","US","+14012317390","","http://www.atwill-conroydental.com/","https://www.facebook.com/330566477527613","Atwill-Conroy Dental Associates","0.9199122190475464","open","8","meta | Overture | Overture-signals","CDLA-Permissive-2.0","2026-04-27T00:00:00.000Z | 2026-06-11T11:57:15Z | 2026-05-12T00:29:08Z | 2026-05-18T13:23:54Z | 2026-05-25T13:08:59Z | 2026-06-01T13:20:32Z | 2026-06-08T13:20:12Z"
"RI","Rhode Island","56ea74d2-1dcb-4cc8-8d26-10ded50e36f1","Hayek Gabriel Dr Inc","-71.45706678","41.71477075","dentist","doctor | naturopathic_holistic","1009 Main Ave","Warwick","02886-1972","RI","US","+14017371929","","http://ghayekdmd.com/","https://www.facebook.com/750395018437361","Gabriel M Hayek DMD Inc","0.9199122190475464","open","8","meta | Overture | Overture-signals","CDLA-Permissive-2.0","2026-04-27T00:00:00.000Z | 2026-06-11T11:57:15Z | 2026-05-12T00:29:08Z | 2026-05-18T13:23:54Z | 2026-05-25T13:08:59Z | 2026-06-01T13:20:32Z | 2026-06-08T13:20:12Z"
"RI","Rhode Island","57675d5b-ea7b-46bd-8ea2-e18281c09cd4","Ocean State Dental Group","-71.42451059","41.76792284","dentist","medical_service_organizations | health_and_medical","1522 Elmwood Ave","Cranston","02910-3819","RI","US","+14014676363","oceanstaterental@gmail.com","https://www.groupon.com/biz/cranston-ri/ocean-state-dental-group","https://www.facebook.com/120819761263251","","0.9902192950248718","open","7","meta | Overture | Overture-signals","CDLA-Permissive-2.0","2026-04-27T00:00:00.000Z | 2026-06-11T11:57:15Z | 2026-05-12T00:29:08Z | 2026-05-18T13:23:54Z | 2026-05-25T13:08:59Z | 2026-06-01T13:20:32Z | 2026-06-08T13:20:12Z"
"RI","Rhode Island","578c1141-0958-44e4-a917-4dee3816da7a","Access Dental Care","-71.43354485","41.86834755","dentist","general_dentistry | cosmetic_dentist","1234 Mineral Spring Ave","North Providence","02904-4105","RI","US","+14012080604","office@accessdentalri.com","http://www.accessdentalri.com/","https://www.facebook.com/112743688792294","","0.9199122190475464","open","9","meta | Overture | Overture-signals","CDLA-Permissive-2.0","2026-04-27T00:00:00.000Z | 2026-06-11T11:57:15Z | 2026-05-12T00:29:08Z | 2026-05-18T13:23:54Z | 2026-05-25T13:08:59Z | 2026-06-01T13:20:32Z | 2026-06-08T13:20:12Z"
"RI","Rhode Island","58890d51-44d2-48d6-876c-bd38712262fe","Dr. Kevin Hagerty, DMD","-71.4603021011724","41.6508968085532","dentist","","61 Cedar avenue","East Greenwich","02818","RI","US","(401) 884-4874","info@egdentist.com","https://www.egdentist.com","","","0.77","","5","Foursquare | Overture","Apache-2.0 | CDLA-Permissive-2.0","2024-04-26T00:00:00.000 | 2026-06-11T11:57:15Z"
"RI","Rhode Island","59ddfa82-4520-4416-b2f4-1f36a1df3ea2","Riverside Smiles","-71.35275145","41.79609852","dentist","general_dentistry","250 Wampanoag Trl","Riverside","02915-2215","RI","US","+14014344413","riversidesmiles@outlook.com","http://riversidesmilesri.com/","https://www.facebook.com/1813930628833595","","0.9199122190475464","open","8","meta | Overture | Overture-signals","CDLA-Permissive-2.0","2026-04-27T00:00:00.000Z | 2026-06-11T11:57:15Z | 2026-05-12T00:29:08Z | 2026-05-18T13:23:54Z | 2026-05-25T13:08:59Z | 2026-06-01T13:20:32Z | 2026-06-08T13:20:12Z"
"RI","Rhode Island","5a750e87-60ae-4781-bc70-9f50a017ab6a","Eastside Periodontics","-71.3945599244093","41.829138521885","dentist","","324 Angell St","Providence","02906","RI","US","(401) 272-7119","drpeiser@gmail.com","http://www.drpeiserperio.com","","","0.9199122190475464","open","4","Foursquare | Overture | Overture-signals","Apache-2.0 | CDLA-Permissive-2.0","2025-06-26T00:00:00.000 | 2026-06-11T11:57:15Z | 2026-05-12T00:29:08Z | 2026-05-18T13:23:54Z | 2026-05-25T13:08:59Z | 2026-06-01T13:20:32Z | 2026-06-08T13:20:12Z"
"RI","Rhode Island","5bad7ebb-3458-4cf9-8739-473efc671cd8","Dr. Lena D. Karkalas, DDS","-71.3956577429828","41.8273887981305","dentist","","151 Waterman St","Providence","02906","RI","US","(401) 861-2140","","https://www.confidentsmiles.net","","","0.77","","5","Foursquare | Overture","Apache-2.0 | CDLA-Permissive-2.0","2025-12-01T00:00:00.000 | 2026-06-11T11:57:15Z"
"RI","Rhode Island","5c19c362-10ae-40f7-bae0-9d09dc4d19d9","Steven F. Pinto","-71.2680950549912","41.5920419866413","dentist","","31 King Charles Dr","Portsmouth","02871","RI","US","(401) 293-5933","","http://www.advcare-endo.com","","","0.9199122190475464","open","4","Foursquare | Overture | Overture-signals","Apache-2.0 | CDLA-Permissive-2.0","2025-08-22T00:00:00.000 | 2026-06-11T11:57:15Z | 2026-05-12T00:29:08Z | 2026-05-18T13:23:54Z | 2026-05-25T13:08:59Z | 2026-06-01T13:20:32Z | 2026-06-08T13:20:12Z"
"RI","Rhode Island","5c911475-7e28-41a3-a576-ec21a533a3f7","Diamond Hill Dental","-71.40118727","41.9547416","dentist","general_dentistry | medical_service_organizations","2343 Diamond Hill Rd","Cumberland","02864-4747","RI","US","+14013332700","office@diamondhilldental.com","https://www.diamondhilldental.com/","https://www.facebook.com/1800846159989186","Diamond Hill Dental","0.9902192950248718","open","10","meta | Overture | Overture-signals","CDLA-Permissive-2.0","2026-04-27T00:00:00.000Z | 2026-06-11T11:57:15Z | 2026-05-12T00:29:08Z | 2026-05-18T13:23:54Z | 2026-05-25T13:08:59Z | 2026-06-01T13:20:32Z | 2026-06-08T13:20:12Z"
"RI","Rhode Island","5dd81528-14fe-4cb1-81eb-7e27bbe6288d","Mark P. Small, DMD","-71.47631687","41.73908551","dentist","cosmetic_dentist | general_dentistry","1090 New London Ave","Cranston","02920-3035","RI","US","+14017382500","info@marksmalldmd.com","http://www.marksmalldmd.com/","https://www.facebook.com/289600661110131","","0.9199122190475464","open","9","meta | Overture | Overture-signals","CDLA-Permissive-2.0","2026-04-27T00:00:00.000Z | 2026-06-11T11:57:15Z | 2026-05-12T00:29:08Z | 2026-05-18T13:23:54Z | 2026-05-25T13:08:59Z | 2026-06-01T13:20:32Z | 2026-06-08T13:20:12Z"
"RI","Rhode Island","5e120eea-eeeb-4e04-8e3a-c9ba3c5a2ece","Ray English's Office","-71.4378813491208","41.7412949674874","dentist","","222 Jefferson Blvd Ste 301","Warwick","02888","RI","US","(401) 732-1188","","http://www.healthgrades.com/physician/dr-ray-english-26s5k","https://www.facebook.com/113036452213642","","0.9199122190475464","open","4","Foursquare | Overture | Overture-signals","Apache-2.0 | CDLA-Permissive-2.0","2025-01-02T00:00:00.000 | 2026-06-11T11:57:15Z | 2026-05-12T00:29:08Z | 2026-05-18T13:23:54Z | 2026-05-25T13:08:59Z | 2026-06-01T13:20:32Z | 2026-06-08T13:20:12Z"
"RI","Rhode Island","5e48c46e-d581-426e-b337-edf7a823de18","East Greenwich Dental Associates","-71.45023183","41.66657228","dentist","general_dentistry | health_and_medical","4575 Post Rd","East Greenwich","02818-4150","RI","US","+14018846262","","http://www.egda.biz","https://www.facebook.com/116234328405208","","0.9199122190475464","open","7","meta | Overture | Overture-signals","CDLA-Permissive-2.0","2026-04-27T00:00:00.000Z | 2026-06-11T11:57:15Z | 2026-05-12T00:29:08Z | 2026-05-18T13:23:54Z | 2026-05-25T13:08:59Z | 2026-06-01T13:20:32Z | 2026-06-08T13:20:12Z"
"RI","Rhode Island","5ecc6734-01f3-4b94-9107-74ab58e834ea","Paolucci Family Dentists","-71.44179","41.841383","dentist","endodontist | periodontist","931 Smith St","Providence","02908-2704","RI","US","+14015215528","apaolucci931@yahoo.com","http://paoluccifamilydentists.com/","https://www.facebook.com/191530194535007","","0.9199122190475464","open","8","meta | Overture | Overture-signals","CDLA-Permissive-2.0","2026-04-27T00:00:00.000Z | 2026-06-11T11:57:15Z | 2026-05-12T00:29:08Z | 2026-05-18T13:23:54Z | 2026-05-25T13:08:59Z | 2026-06-01T13:20:32Z | 2026-06-08T13:20:12Z"
"RI","Rhode Island","5fd3fe88-f247-4019-a94f-d04f9275b611","Dental Associates of Rhode Island","-71.49857236","41.82152612","dentist","general_dentistry | cosmetic_dentist","1414 Atwood Ave","Johnston","02919-4839","RI","US","+14013317665","","http://www.myrismile.com/","https://www.facebook.com/146144358735272","Dental Associates of Rhode Island","0.9991084516048432","","9","meta | Overture","CDLA-Permissive-2.0","2026-04-27T00:00:00.000Z | 2026-06-11T11:57:15Z"
"RI","Rhode Island","60610cb0-bce5-4d79-b21b-be2b032bc90e","Dr. Anna Pavlotsky Dentist's Office.","-71.4052155102076","41.7479704752761","dentist","","1025 Warwick Ave","Warwick","02888","RI","US","(401) 785-0202","","http://annapavlotskydmd.wixsite.com/anna","https://www.facebook.com/148492045291637","","0.77","","5","Foursquare | Overture","Apache-2.0 | CDLA-Permissive-2.0","2025-08-22T00:00:00.000 | 2026-06-11T11:57:15Z"
"RI","Rhode Island","60b4637b-0ff8-4048-acf9-db7118fee615","Herbie Dental","-71.48021475","42.01563754","dentist","general_dentistry","1413 Diamond Hill Rd","Woonsocket","02895-1510","RI","US","+14017690500","herbiedentalinc@gmail.com","http://Herbiedental.com/","https://www.facebook.com/225409294186702","","0.9199122190475464","open","7","meta | Overture | Overture-signals","CDLA-Permissive-2.0","2026-04-27T00:00:00.000Z | 2026-06-11T11:57:15Z | 2026-05-12T00:29:08Z | 2026-05-18T13:23:54Z | 2026-05-25T13:08:59Z | 2026-06-01T13:20:32Z | 2026-06-08T13:20:12Z"
"RI","Rhode Island","60fa3e80-80f0-42bb-8a28-f94cb588b8a0","Dental 1","-71.2623120420986","41.6934428219184","dentist","","576 Metacom Ave","Bristol","02809","RI","US","(401) 253-9500","dental1ri@fullchannel.net","http://www.dental1ri.com","https://www.facebook.com/105695969522089","","0.9199122190475464","open","4","Foursquare | Overture | Overture-signals","Apache-2.0 | CDLA-Permissive-2.0","2025-08-22T00:00:00.000 | 2026-06-11T11:57:15Z | 2026-05-12T00:29:08Z | 2026-05-18T13:23:54Z | 2026-05-25T13:08:59Z | 2026-06-01T13:20:32Z | 2026-06-08T13:20:12Z"
"RI","Rhode Island","611117dd-f1fc-4e90-aba1-9aa98489a36f","Olga Frey D.M.D","-71.428706684558","41.8197829485164","dentist","","322 Broadway","Providence","02909","RI","US","(401) 521-6207","","http://www.federalhilldentistry.com","https://www.facebook.com/108195502555029","","0.9199122190475464","open","4","Foursquare | Overture | Overture-signals","Apache-2.0 | CDLA-Permissive-2.0","2020-11-03T00:00:00.000 | 2026-06-11T11:57:15Z | 2026-05-12T00:29:08Z | 2026-05-18T13:23:54Z | 2026-05-25T13:08:59Z | 2026-06-01T13:20:32Z | 2026-06-08T13:20:12Z"
"RI","Rhode Island","613c34f0-8515-474a-af84-4333d1337fae","Cranston Dental Associates","-71.4576589","41.77357771","dentist","general_dentistry","351 Budlong Rd","Cranston","02920-6001","RI","US","+14019431412","cranston@cranstondentalassociates.com","https://smartdentalnetwork.com/location/cranston-dental-associates/","https://www.facebook.com/375061306321437","","0.9902192950248718","open","8","meta | Overture | Overture-signals","CDLA-Permissive-2.0","2026-04-27T00:00:00.000Z | 2026-06-11T11:57:15Z | 2026-05-12T00:29:08Z | 2026-05-18T13:23:54Z | 2026-05-25T13:08:59Z | 2026-06-01T13:20:32Z | 2026-06-08T13:20:12Z"
"RI","Rhode Island","6168f3c6-191a-4208-a5be-7c06da220a0a","Dental Associates of Cumberland","-71.44301284","41.95194118","dentist","general_dentistry | health_and_medical","2138 Mendon Rd","Cumberland","02864-3832","RI","US","+14017230350","drfelix@cumberlandsmile.com","http://cumberlandsmile.com/","https://www.facebook.com/286951118091863","Dental Associates of Cumberland","0.9199122190475464","open","9","meta | Overture | Overture-signals","CDLA-Permissive-2.0","2026-04-27T00:00:00.000Z | 2026-06-11T11:57:15Z | 2026-05-12T00:29:08Z | 2026-05-18T13:23:54Z | 2026-05-25T13:08:59Z | 2026-06-01T13:20:32Z | 2026-06-08T13:20:12Z"
"RI","Rhode Island","618c5355-d206-4f8e-a92f-c0841f942c31","Page & Page Dentists","-71.3894492178096","41.8310128207363","dentist","","31 Elmgrove Ave","Providence","02919","RI","US","(401) 421-9350","","https://www.dentistprovidenceri.com","","","0.77","","5","Foursquare | Overture","Apache-2.0 | CDLA-Permissive-2.0","2025-09-19T00:00:00.000 | 2026-06-11T11:57:15Z"
"RI","Rhode Island","63203537-aecb-48cf-83fe-fcf5b75135b1","Russell S CHIN D.D.S","-71.354386","41.889214","dentist","orthodontist | doctor","1288 Newport Ave","Pawtucket","02861-1851","RI","US","+14017281450","","http://extremesmile.com/","https://www.facebook.com/493869557480032","","0.9156542420387268","","8","meta | Overture","CDLA-Permissive-2.0","2026-04-27T00:00:00.000Z | 2026-06-11T11:57:15Z"
"RI","Rhode Island","634ba1e4-fa5d-43d9-8ed6-b125a708c15b","Rebecca J. Woodward DMD and Adam S. Kaufman DMD","-71.82760657","41.36160845","dentist","general_dentistry","11 Wells St","Westerly","02891-2959","RI","US","+14014667019","info@westerlydentists.com","http://www.wellsstreetdental.com/","https://www.facebook.com/54795994532","","0.9199122190475464","open","10","meta | Overture | Overture-signals","CDLA-Permissive-2.0","2026-04-27T00:00:00.000Z | 2026-06-11T11:57:15Z | 2026-05-12T00:29:08Z | 2026-05-18T13:23:54Z | 2026-05-25T13:08:59Z | 2026-06-01T13:20:32Z | 2026-06-08T13:20:12Z"
"RI","Rhode Island","647c4b2d-ba28-4d0f-b41f-82933dbb2e56","Newport Ave Smiles","-71.354661","41.870747","dentist","health_and_medical","500 Newport Ave","Pawtucket","02861-3612","RI","US","+14017265600","newportavesmiles@gmail.com","","https://www.facebook.com/180491961806729","","0.9216620922088623","","8","meta | Overture","CDLA-Permissive-2.0","2026-04-27T00:00:00.000Z | 2026-06-11T11:57:15Z"
"RI","Rhode Island","64fb3467-f99e-4727-b873-f440cc7bb0e8","Datar Rahul DDS","-71.50937697","42.00687079","dentist","health_and_medical | hospital","191 Social St","Woonsocket","02895-3206","RI","US","+14017674100","","http://www.thundermisthealth.org","https://www.facebook.com/711976045605416","Thundermist Health Center","0.9199122190475464","open","7","meta | Overture | Overture-signals","CDLA-Permissive-2.0","2026-04-27T00:00:00.000Z | 2026-06-11T11:57:15Z | 2026-05-12T00:29:08Z | 2026-05-18T13:23:54Z | 2026-05-25T13:08:59Z | 2026-06-01T13:20:32Z | 2026-06-08T13:20:12Z"
"RI","Rhode Island","65eada43-752c-484d-a8c3-de8ff8979580","East Greenwich Family Dental","-71.45535953","41.65272656","dentist","cosmetic_dentist | periodontist","880 Main St","East Greenwich","02818-3113","RI","US","+14018845242","eastgreenwich@eastgreenwichfamilydental.com","https://smartdentalnetwork.com/location/east-greenwich-family-dental","https://www.facebook.com/104379957641918","","0.9199122190475464","open","7","meta | Overture | Overture-signals","CDLA-Permissive-2.0","2026-04-27T00:00:00.000Z | 2026-06-11T11:57:15Z | 2026-05-12T00:29:08Z | 2026-05-18T13:23:54Z | 2026-05-25T13:08:59Z | 2026-06-01T13:20:32Z | 2026-06-08T13:20:12Z"
"RI","Rhode Island","66431004-246f-46bc-8690-3a7ce7b07c7f","May Gao","-71.45762793","41.64908533","dentist","doctor | health_and_medical","1050 Main St","East Greenwich","02818-3161","RI","US","+14013987778","","http://www.doctormaygao.com/","https://www.facebook.com/703387283045095","","0.9199122190475464","open","7","meta | Overture | Overture-signals","CDLA-Permissive-2.0","2026-04-27T00:00:00.000Z | 2026-06-11T11:57:15Z | 2026-05-12T00:29:08Z | 2026-05-18T13:23:54Z | 2026-05-25T13:08:59Z | 2026-06-01T13:20:32Z | 2026-06-08T13:20:12Z"
"RI","Rhode Island","66567ced-e256-46d0-ba4f-4ec398a56675","WellOne Dental","-71.702537","41.9563665","dentist","family_practice | health_and_medical","36 Bridge Way","Pascoag","02859-3131","RI","US","+14015670800","inquiries@welloneri.org","http://www.welloneri.org/","https://www.facebook.com/647153795310125","WellOne","0.9199122190475464","open","9","meta | Overture | Overture-signals","CDLA-Permissive-2.0","2026-04-27T00:00:00.000Z | 2026-06-11T11:57:15Z | 2026-05-12T00:29:08Z | 2026-05-18T13:23:54Z | 2026-05-25T13:08:59Z | 2026-06-01T13:20:32Z | 2026-06-08T13:20:12Z"
"RI","Rhode Island","6a4d8676-4d08-495e-8e95-1dd1911a86bf","Drs Barr Philip and Katharine Burton","-71.40539878","41.82261685","dentist","general_dentistry","247 S Main St","Providence","02903-2910","RI","US","+14013511295","","http://philipbarrdds.com","https://www.facebook.com/151702951862292","1st Family Dental","0.8720989227294922","","8","meta | Overture","CDLA-Permissive-2.0","2026-04-27T00:00:00.000Z | 2026-06-11T11:57:15Z"
"RI","Rhode Island","6b3b3f66-9d8d-40ca-8a31-7a5c05410671","Middletown Family Dental","-71.28277804","41.50905114","dentist","general_dentistry","770 Aquidneck Ave","Middletown","02842-7288","RI","US","+14018472094","middletown@middletownfd.com","https://smartdentalnetwork.com/middletown-family-dental","https://www.facebook.com/651976245136857","","0.9199122190475464","open","8","meta | Overture | Overture-signals","CDLA-Permissive-2.0","2026-04-27T00:00:00.000Z | 2026-06-11T11:57:15Z | 2026-05-12T00:29:08Z | 2026-05-18T13:23:54Z | 2026-05-25T13:08:59Z | 2026-06-01T13:20:32Z | 2026-06-08T13:20:12Z"
"RI","Rhode Island","6b67c396-5ad7-45c0-a900-239e4106e31c","Roy Ragge","-71.43813022","41.74143552","dentist","general_dentistry","222 Jefferson Blvd","Warwick","02888-3847","RI","US","+14017365136","office@drraggedentistry.com","http://www.drraggedentistry.com/","https://www.facebook.com/384342914973669","","0.9199122190475464","open","7","meta | Overture | Overture-signals","CDLA-Permissive-2.0","2026-04-27T00:00:00.000Z | 2026-06-11T11:57:15Z | 2026-05-12T00:29:08Z | 2026-05-18T13:23:54Z | 2026-05-25T13:08:59Z | 2026-06-01T13:20:32Z | 2026-06-08T13:20:12Z"
"RI","Rhode Island","6b69c3f9-99cb-4d29-a6a3-88b8b4483316","DentPlus Dental","-71.4117020997046","41.8244343813491","dentist","","66 Kennedy Plaza","Providence","02903","RI","US","(401) 454-3000","salujad@yahoo.com","http://www.dentplusdental.com","https://www.facebook.com/111788645524479","","0.77","","5","Foursquare | Overture","Apache-2.0 | CDLA-Permissive-2.0","2020-10-12T00:00:00.000 | 2026-06-11T11:57:15Z"
"RI","Rhode Island","6dabfd0f-f95f-41c8-9f69-1076107b8ed2","Lawrence P. Stephenson, DDS","-71.4617331470244","41.8613756088297","dentist","","1826 Mineral Spring Ave","North Providence","02904","RI","US","(401) 353-6250","lps1826@verizon.net","https://lawrencepstephenson.com","","","0.77","","5","Foursquare | Overture","Apache-2.0 | CDLA-Permissive-2.0","2025-08-22T00:00:00.000 | 2026-06-11T11:57:15Z"
"RI","Rhode Island","6fa20fbd-94e5-45ef-b923-da2875bf0302","Aquidneck Ave. Family Dental","-71.2818464063039","41.5081229815901","dentist","","747 Aquidneck Ave Ste 203","Middletown","02842","RI","US","(401) 846-9660","svpatil@cox.net","http://drpatildental.com","","","0.77","","8","Foursquare | Overture","Apache-2.0 | CDLA-Permissive-2.0","2025-08-21T00:00:00.000 | 2026-06-11T11:57:15Z"
"RI","Rhode Island","70788d05-b022-4e74-b879-a1c4140a1ff0","Rhode Island Cosmetic Dentistry","-71.4604764813013","41.6511137435699","dentist","","63 Cedar Ave Unit 9","East Greenwich","02818","RI","US","(401) 885-8808","","http://rhodeislandcosmeticdentistry.net","https://www.facebook.com/818104654867666","","0.77","","6","Foursquare | Overture","Apache-2.0 | CDLA-Permissive-2.0","2025-10-19T00:00:00.000 | 2026-06-11T11:57:15Z"
"RI","Rhode Island","73872417-48fd-42b1-aaee-a1c38636521e","Dunn Christopher J DMD","-71.405031","41.725578","dentist","doctor | health_and_medical","1862 Warwick Ave","Warwick","02889-2261","RI","US","+14017395700","","http://cjddmd.com","https://www.facebook.com/134201319964672","","0.9088751673698425","","9","meta | Overture","CDLA-Permissive-2.0","2026-04-27T00:00:00.000Z | 2026-06-11T11:57:15Z"
"RI","Rhode Island","74f732f1-62ef-4671-9530-34b5a010830b","Dental Home","-71.468904","41.700541","dentist","","176 Toll Gate Rd Ste 201","Warwick","02886","RI","US","4013563101","","http://dentalhomesmiles.com/","","","0.9199122190475464","open","5","Microsoft | Overture | Overture-signals","CDLA-Permissive-2.0","2025-09-16T13:07:55.860Z | 2026-06-11T11:57:15Z | 2026-05-12T00:29:08Z | 2026-05-18T13:23:54Z | 2026-05-25T13:08:59Z | 2026-06-01T13:20:32Z | 2026-06-08T13:20:12Z"
"RI","Rhode Island","768bde6e-a3f1-4487-9fc8-61c95a908bed","Ronald L. Ciombor","-71.362144","41.8862","dentist","","536 Central Ave","Pawtucket","02861","RI","US","(401) 726-1772","","http://www.lindsaybrislindentistry.com","","","0.9199122190475464","open","4","Foursquare | Overture | Overture-signals","Apache-2.0 | CDLA-Permissive-2.0","2024-03-26T00:00:00.000 | 2026-06-11T11:57:15Z | 2026-05-12T00:29:08Z | 2026-05-18T13:23:54Z | 2026-05-25T13:08:59Z | 2026-06-01T13:20:32Z | 2026-06-08T13:20:12Z"
"RI","Rhode Island","76b5beb4-f4ee-47d3-aa56-c394db3459d5","The Family Dentist of North Providence","-71.452446","41.86307","dentist","health_and_medical | train_station","1668 Mineral Spring Ave","North Providence","02904-4002","RI","US","+14013532002","","","https://www.facebook.com/154266461275570","","0.9199122190475464","open","8","meta | Overture | Overture-signals","CDLA-Permissive-2.0","2026-04-27T00:00:00.000Z | 2026-06-11T11:57:15Z | 2026-05-12T00:29:08Z | 2026-05-18T13:23:54Z | 2026-05-25T13:08:59Z | 2026-06-01T13:20:32Z | 2026-06-08T13:20:12Z"
"RI","Rhode Island","78abad85-da08-4fa7-b8a9-c6f4178d8a1f","Dr. Glenn L. Dominguez","-71.48191996","41.98943577","dentist","health_and_medical | doctor","2345 Mendon Rd","Woonsocket","02895-6164","RI","US","+14017669090","","","https://www.facebook.com/1000118076725070","","0.9902192950248718","open","7","meta | Overture | Overture-signals","CDLA-Permissive-2.0","2026-04-27T00:00:00.000Z | 2026-06-11T11:57:15Z | 2026-05-12T00:29:08Z | 2026-05-18T13:23:54Z | 2026-05-25T13:08:59Z | 2026-06-01T13:20:32Z | 2026-06-08T13:20:12Z"
"RI","Rhode Island","7aed7d60-fb6c-4728-9ff7-68fef0649e14","William Chan and Associates","-71.4425146986922","41.9582107086167","dentist","","2359 Mendon Rd","Cumberland","02864","RI","US","(401) 334-3070","info@chandentalri.com","https://www.chandentalri.com","https://www.facebook.com/147658185278667","","0.9199122190475464","open","4","Foursquare | Overture | Overture-signals","Apache-2.0 | CDLA-Permissive-2.0","2021-12-31T00:00:00.000 | 2026-06-11T11:57:15Z | 2026-05-12T00:29:08Z | 2026-05-18T13:23:54Z | 2026-05-25T13:08:59Z | 2026-06-01T13:20:32Z | 2026-06-08T13:20:12Z"
"RI","Rhode Island","7da3b64e-09c9-4e6a-b685-146a90ab877a","Bigg Smiles Dental","-71.45734258","41.56797514","dentist","general_dentistry","145 Phillips St","North Kingstown","02852-5142","RI","US","+14012944315","biggsmilesri@gmail.com","http://www.biggsmilesri.com/","https://www.facebook.com/101467644800356","","0.9199122190475464","open","7","meta | Overture | Overture-signals","CDLA-Permissive-2.0","2026-04-27T00:00:00.000Z | 2026-06-11T11:57:15Z | 2026-05-12T00:29:08Z | 2026-05-18T13:23:54Z | 2026-05-25T13:08:59Z | 2026-06-01T13:20:32Z | 2026-06-08T13:20:12Z"
"RI","Rhode Island","80d1ef80-c488-44b5-b044-e4b532be0a46","The Family Dentist","-71.37543675","41.88654341","dentist","general_dentistry","480 Broadway","Pawtucket","02860-1340","RI","US","+14017286654","verybestofall@aol.com","http://www.familydentistpawtucket.com/","https://www.facebook.com/277497692372270","","0.9199122190475464","open","9","meta | Overture | Overture-signals","CDLA-Permissive-2.0","2026-04-27T00:00:00.000Z | 2026-06-11T11:57:15Z | 2026-05-12T00:29:08Z | 2026-05-18T13:23:54Z | 2026-05-25T13:08:59Z | 2026-06-01T13:20:32Z | 2026-06-08T13:20:12Z"
"RI","Rhode Island","81d6f853-91be-4d1b-9368-3faa45ff7569","Dr. Albert R. Arcand","-71.52330315","41.7103793","dentist","general_dentistry | doctor","1079 Main St","West Warwick","02893-3744","RI","US","+14018262833","contact@arcand-dmd.com","","https://www.facebook.com/112238488838985","","0.9199122190475464","open","8","meta | Overture | Overture-signals","CDLA-Permissive-2.0","2026-04-27T00:00:00.000Z | 2026-06-11T11:57:15Z | 2026-05-12T00:29:08Z | 2026-05-18T13:23:54Z | 2026-05-25T13:08:59Z | 2026-06-01T13:20:32Z | 2026-06-08T13:20:12Z"
"RI","Rhode Island","821da001-2cb4-4289-88d9-2274bc2d287e","Samuel Sinclair Dental Center","-71.4092864990234","41.8118858337402","dentist","","593 Eddy St","Providence","02903","RI","US","(401) 444-5284","","https://www.lifespan.org","https://www.facebook.com/180852588601445","","0.77","","5","Foursquare | Overture","Apache-2.0 | CDLA-Permissive-2.0","2025-10-03T00:00:00.000 | 2026-06-11T11:57:15Z"
"RI","Rhode Island","8283df3c-0aff-4eb4-ab72-a824d0d90187","Eric George DMD and Associates","-71.56132213","41.68533529","dentist","general_dentistry","121 Sandy Bottom Rd","Coventry","02816-5865","RI","US","+14012401153","sfillmore@ericgeorgedmd.com","http://ericgeorgedmd.com/","https://www.facebook.com/1554001764833389","Eric George, DMD & Associates","0.9902192950248718","open","8","meta | Overture | Overture-signals","CDLA-Permissive-2.0","2026-04-27T00:00:00.000Z | 2026-06-11T11:57:15Z | 2026-05-12T00:29:08Z | 2026-05-18T13:23:54Z | 2026-05-25T13:08:59Z | 2026-06-01T13:20:32Z | 2026-06-08T13:20:12Z"
"RI","Rhode Island","83bb9cbc-70e3-4450-874f-17f7b4ef6cac","Westerly Dental Group","-71.81936612","41.37067154","dentist","general_dentistry | health_and_medical","130 Granite St","Westerly","02891-2461","RI","US","+14015962848","info@westerlydentalgroup.com","http://www.capalbodentalgroup.com/westerly-office","https://www.facebook.com/110069102827","Westerly Dental Group","0.9998279505074025","open","10","meta | Overture | Overture-signals","CDLA-Permissive-2.0","2026-04-27T00:00:00.000Z | 2026-06-11T11:57:15Z | 2026-06-08T13:20:12Z"
"RI","Rhode Island","83c2470a-ba7d-4c81-b97b-ee27cae7d8c3","Dr. Martin T. Elson","-71.457922","41.767275","dentist","","1265 Reservoir Ave","Cranston","02920","RI","US","(401) 464-6406","omselson@verizon.net","http://www.martinelson.com","","","0.77","","5","Foursquare | Overture","Apache-2.0 | CDLA-Permissive-2.0","2025-10-03T00:00:00.000 | 2026-06-11T11:57:15Z"
"RI","Rhode Island","83daca9c-932a-4bdc-8417-bbbd3b27ba48","Michael Gooding DMD","-71.408135","41.737537","dentist","health_and_medical","1422 Warwick Ave","Warwick","02888","RI","US","4014638170","","http://www.westbaydentalcare.com/","","","0.9902192950248718","open","6","Microsoft | Overture | Overture-signals","CDLA-Permissive-2.0","2014-08-18T15:16:02.703Z | 2026-06-11T11:57:15Z | 2026-05-12T00:29:08Z | 2026-05-18T13:23:54Z | 2026-05-25T13:08:59Z | 2026-06-01T13:20:32Z | 2026-06-08T13:20:12Z"
"RI","Rhode Island","840e4d90-8222-4e99-b9bc-fe9220ea1e27","Family Dental Center","-71.53865255","41.86994434","dentist","health_and_medical | teeth_whitening","492 Putnam Pike","Smithfield","02828-3007","RI","US","+14019492590","alsawaf@msn.com","http://smilewider.com/","https://www.facebook.com/115681675128486","Smile Wider & Family Dental Center of Greenville. Dr.Hasan Alsawaf","0.9199122190475464","open","10","meta | Overture | Overture-signals","CDLA-Permissive-2.0","2026-04-27T00:00:00.000Z | 2026-06-11T11:57:15Z | 2026-05-12T00:29:08Z | 2026-05-18T13:23:54Z | 2026-05-25T13:08:59Z | 2026-06-01T13:20:32Z | 2026-06-08T13:20:12Z"
"RI","Rhode Island","84f88b9f-3bbd-482e-aab8-550bdbe2bc39","Drs. Wade and Saccoccio","-71.40648816","41.73259463","dentist","doctor | medical_service_organizations","1600 Warwick Ave","Warwick","02889-1526","RI","US","+14017325570","","http://www.greatsmileri.com/","https://www.facebook.com/612026988820421","Drs Wade and Saccoccio","0.9199122190475464","open","9","meta | Overture | Overture-signals","CDLA-Permissive-2.0","2026-04-27T00:00:00.000Z | 2026-06-11T11:57:15Z | 2026-05-12T00:29:08Z | 2026-05-18T13:23:54Z | 2026-05-25T13:08:59Z | 2026-06-01T13:20:32Z | 2026-06-08T13:20:12Z"
"RI","Rhode Island","8680bd99-8bdc-4e56-8bfa-c0cd1fc53b15","Arcadia Dental Inc","-71.71388926","41.50935442","dentist","doctor | medical_service_organizations","1035 Main St","Hope Valley","02832-1608","RI","US","+14015391090","doctormelanie@cox.net","http://www.arcadiadentalri.com/","https://www.facebook.com/880672878665644","","0.9199122190475464","open","8","meta | Overture | Overture-signals","CDLA-Permissive-2.0","2026-04-27T00:00:00.000Z | 2026-06-11T11:57:15Z | 2026-05-12T00:29:08Z | 2026-05-18T13:23:54Z | 2026-05-25T13:08:59Z | 2026-06-01T13:20:32Z | 2026-06-08T13:20:12Z"
"RI","Rhode Island","86a4b4c1-1eb4-444e-82e9-07336c3b6b3c","Almonte Fallago Group Ltd","-71.54228945","41.88714349","dentist","professional_services","132 Pleasant View Ave","Smithfield","02917-2132","RI","US","+18662119602","info@almontefallagogroup.com","http://www.almontefallagogroup.com/","https://www.facebook.com/102897248355223","Almonte Fallago Group","0.9199122190475464","open","9","meta | Overture | Overture-signals","CDLA-Permissive-2.0","2026-04-27T00:00:00.000Z | 2026-06-11T11:57:15Z | 2026-05-12T00:29:08Z | 2026-05-18T13:23:54Z | 2026-05-25T13:08:59Z | 2026-06-01T13:20:32Z | 2026-06-08T13:20:12Z"
"RI","Rhode Island","86c8a4b9-ffd9-4d8f-9775-555f3698c960","Crestview Dental Associates","-71.81984022","41.36382877","dentist","general_dentistry | doctor","41 East Ave","Westerly","02891-3113","RI","US","+14015960319","crestviewdental@yahoo.com","http://crestviewdentalassociates.com/","https://www.facebook.com/112937718736367","Crestview Dental Associates","0.9199122190475464","open","8","meta | Overture | Overture-signals","CDLA-Permissive-2.0","2026-04-27T00:00:00.000Z | 2026-06-11T11:57:15Z | 2026-05-12T00:29:08Z | 2026-05-18T13:23:54Z | 2026-05-25T13:08:59Z | 2026-06-01T13:20:32Z | 2026-06-08T13:20:12Z"
"RI","Rhode Island","87225bd3-3f7b-4f69-8a35-128b19b8d804","Maple Avenue Family Dentistry","-71.31838684","41.73874879","dentist","general_dentistry | cosmetic_dentist","310 Maple Ave","Barrington","02806-3430","RI","US","+14012472200","info@mapleavenuefamilydentistry.com","http://www.mapleavenuefamilydentistry.com/contact-us.aspx","https://www.facebook.com/425514227531608","Maple Avenue Family Dentistry","0.9902192950248718","open","9","meta | Overture | Overture-signals","CDLA-Permissive-2.0","2026-04-27T00:00:00.000Z | 2026-06-11T11:57:15Z | 2026-05-12T00:29:08Z | 2026-05-18T13:23:54Z | 2026-05-25T13:08:59Z | 2026-06-01T13:20:32Z | 2026-06-08T13:20:12Z"
"RI","Rhode Island","87601fad-f12c-43b0-a62c-3eb492b7a8ff","Labore and Columpar","-71.3053938","41.5013013","dentist","health_and_medical","440 Broadway","Newport","02840","RI","US","4018466265","","http://www.none.com/","","","0.9199122190475464","open","6","Microsoft | Overture | Overture-signals","CDLA-Permissive-2.0","2024-06-12T12:13:47.670Z | 2026-06-11T11:57:15Z | 2026-05-12T00:29:08Z | 2026-05-18T13:23:54Z | 2026-05-25T13:08:59Z | 2026-06-01T13:20:32Z | 2026-06-08T13:20:12Z"
"RI","Rhode Island","88f22964-36bd-4cf4-9ef6-deb7bffc218a","Thundermist Dental","-71.49701229","41.44153379","dentist","general_dentistry | doctor","1 River St","South Kingstown","02879-3214","RI","US","+14017835646","","https://www.thundermisthealth.org/default.aspx","https://www.facebook.com/1504625776335369","","0.8505471348762512","","8","meta | Overture","CDLA-Permissive-2.0","2026-04-27T00:00:00.000Z | 2026-06-11T11:57:15Z"
"RI","Rhode Island","8cfd32f0-9a11-43c9-8ec8-1bd01fc908ed","City Dental","-71.5039801283163","42.0087057290676","dentist","","515 Social St","Woonsocket","02895","RI","US","(401) 597-5920","","http://www.citydentalri.com","https://www.facebook.com/169149683126461","","0.9199122190475464","open","4","Foursquare | Overture | Overture-signals","Apache-2.0 | CDLA-Permissive-2.0","2025-08-19T00:00:00.000 | 2026-06-11T11:57:15Z | 2026-05-12T00:29:08Z | 2026-05-18T13:23:54Z | 2026-05-25T13:08:59Z | 2026-06-01T13:20:32Z | 2026-06-08T13:20:12Z"
"RI","Rhode Island","8d57937b-8ff1-46bc-96f7-4b10d86bdec0","Family Smile Dental Care LLC","-71.35449862","41.87139314","dentist","orthodontist | pediatric_dentist","526 Newport Ave","Pawtucket","02861-3612","RI","US","+14017242570","","https://www.myfamilysmiledentalcare.com/","https://www.facebook.com/102190969236641","","0.9902192950248718","open","8","meta | Overture | Overture-signals","CDLA-Permissive-2.0","2026-04-27T00:00:00.000Z | 2026-06-11T11:57:15Z | 2026-05-12T00:29:08Z | 2026-05-18T13:23:54Z | 2026-05-25T13:08:59Z | 2026-06-01T13:20:32Z | 2026-06-08T13:20:12Z"
"RI","Rhode Island","8e1aba18-ab10-485d-8292-1ecfd3362ec7","Milestone Dental Care, Inc.","-71.297731","41.517907","dentist","medical_service_organizations | pediatric_dentist","94 E Main Rd","Middletown","02842-4912","RI","US","+14018463214","milestonedental@hotmail.com","http://milestonedentalcare.net/","https://www.facebook.com/181046845352463","Milestone Dental Care","0.9199122190475464","open","8","meta | Overture | Overture-signals","CDLA-Permissive-2.0","2026-04-27T00:00:00.000Z | 2026-06-11T11:57:15Z | 2026-05-12T00:29:08Z | 2026-05-18T13:23:54Z | 2026-05-25T13:08:59Z | 2026-06-01T13:20:32Z | 2026-06-08T13:20:12Z"
"RI","Rhode Island","8f1dd568-6015-455c-a811-842c211461b7","Di Comes Christina D DDS","-71.50566593","41.82553768","dentist","general_dentistry | health_and_medical","1557 Hartford Ave","Johnston","02919-3225","RI","US","+14012730440","","","https://www.facebook.com/113292142027695","","0.9199122190475464","open","7","meta | Overture | Overture-signals","CDLA-Permissive-2.0","2026-04-27T00:00:00.000Z | 2026-06-11T11:57:15Z | 2026-05-12T00:29:08Z | 2026-05-18T13:23:54Z | 2026-05-25T13:08:59Z | 2026-06-01T13:20:32Z | 2026-06-08T13:20:12Z"
"RI","Rhode Island","8f87cf9e-e9e3-4e89-9f25-d9366ab0ce7f","Advanced Dentistry of Rhode Island","-71.3527788","41.79606512","dentist","general_dentistry | cosmetic_dentist","250 Wampanoag Trl","Riverside","02915-2215","RI","US","+14014344413","adentri250@gmail.com","https://advanceddentistryri.com/","https://www.facebook.com/159406098019729","","0.9902192950248718","open","9","meta | Overture | Overture-signals","CDLA-Permissive-2.0","2026-04-27T00:00:00.000Z | 2026-06-11T11:57:15Z | 2026-05-12T00:29:08Z | 2026-05-18T13:23:54Z | 2026-05-25T13:08:59Z | 2026-06-01T13:20:32Z | 2026-06-08T13:20:12Z"
"RI","Rhode Island","8ffd6b26-949e-4cc9-a097-0bbd824694ed","Roque Paul G DDS","-71.35443905","41.8740632","dentist","general_dentistry | health_and_medical","642 Newport Ave","Pawtucket","02861-3238","RI","US","+14017223757","","http://www.paulroquedds.com/","https://www.facebook.com/116096795078858","","0.9785099387168884","","8","meta | Overture","CDLA-Permissive-2.0","2026-04-27T00:00:00.000Z | 2026-06-11T11:57:15Z"
"RI","Rhode Island","9070e671-6007-4df9-8a37-1034fc3e14f1","Harris D. Harnick, DDS","-71.504797","42.007733","dentist","","25 John a Cummings Way Ste 3","Woonsocket","02895","RI","US","(401) 769-1471","hdharnick@verizon.net","http://www.harnickdental.com","https://www.facebook.com/120372117980081","","0.9199122190475464","open","4","Foursquare | Overture | Overture-signals","Apache-2.0 | CDLA-Permissive-2.0","2025-08-22T00:00:00.000 | 2026-06-11T11:57:15Z | 2026-05-12T00:29:08Z | 2026-05-18T13:23:54Z | 2026-05-25T13:08:59Z | 2026-06-01T13:20:32Z | 2026-06-08T13:20:12Z"
"RI","Rhode Island","914a82ed-ad78-4bd5-936f-8cdef64d3f27","Kenneth J. Rudman DMD","-71.451092","41.708657","dentist","doctor | pediatric_dentist","2789 Post Rd","Warwick","02886-3001","RI","US","+14017375449","rudman278@gmail.com","http://www.invisalignofrhodeisland.com/","https://www.facebook.com/636485916469819","Wave Dental","0.9199122190475464","open","9","meta | Overture | Overture-signals","CDLA-Permissive-2.0","2026-04-27T00:00:00.000Z | 2026-06-11T11:57:15Z | 2026-05-12T00:29:08Z | 2026-05-18T13:23:54Z | 2026-05-25T13:08:59Z | 2026-06-01T13:20:32Z | 2026-06-08T13:20:12Z"
"RI","Rhode Island","9188cd7c-2b74-4d2f-b552-97adbf10b929","Kehew Kenneth a DDS","-71.29211873","41.51726002","dentist","general_dentistry | health_and_medical","74 Valley Rd","Middletown","02842-5237","RI","US","+14018474570","","kehew.com","https://www.facebook.com/158147817552076","","0.9902192950248718","open","7","meta | Overture | Overture-signals","CDLA-Permissive-2.0","2026-04-27T00:00:00.000Z | 2026-06-11T11:57:15Z | 2026-05-12T00:29:08Z | 2026-05-18T13:23:54Z | 2026-05-25T13:08:59Z | 2026-06-01T13:20:32Z | 2026-06-08T13:20:12Z"
"RI","Rhode Island","91ba587f-a847-4601-be7f-9ab42cef67d9","East Side Endodontics","-71.397875","41.827757","dentist","oral_surgeon | medical_service_organizations","130 Waterman St","Providence","02906-2054","RI","US","+14015213746","","https://www.eastsideendori.com/contentpage.aspx","https://www.facebook.com/165648756809665","","0.9199122190475464","open","7","meta | Overture | Overture-signals","CDLA-Permissive-2.0","2026-04-27T00:00:00.000Z | 2026-06-11T11:57:15Z | 2026-05-12T00:29:08Z | 2026-05-18T13:23:54Z | 2026-05-25T13:08:59Z | 2026-06-01T13:20:32Z | 2026-06-08T13:20:12Z"
"RI","Rhode Island","943702fb-e4e7-4409-aa61-9f3fb6c54a09","Professional Dental Associates","-71.4043199","41.75724232","dentist","general_dentistry | cosmetic_dentist","708 Warwick Ave","Warwick","02888-2670","RI","US","+14017852111","joanne@bichajian.necoxmail.com","http://www.professionaldentalassociatesri.com","https://www.facebook.com/116042488425102","Professional Dental Associates","0.9199122190475464","open","9","meta | Overture | Overture-signals","CDLA-Permissive-2.0","2026-04-27T00:00:00.000Z | 2026-06-11T11:57:15Z | 2026-05-12T00:29:08Z | 2026-05-18T13:23:54Z | 2026-05-25T13:08:59Z | 2026-06-01T13:20:32Z | 2026-06-08T13:20:12Z"
"RI","Rhode Island","949a78df-0d1f-4091-bf45-b07e054fadf8","East Bay Dental Associates","-71.28023328","41.71402627","dentist","general_dentistry | doctor","1052 S Main St","Warren","02885-4375","RI","US","+14012458444","info@eastbayfoodpantry.org","http://www.eastbaydentalri.com/","https://www.facebook.com/536911916487437","","0.9199122190475464","open","7","meta | Overture | Overture-signals","CDLA-Permissive-2.0","2026-04-27T00:00:00.000Z | 2026-06-11T11:57:15Z | 2026-05-12T00:29:08Z | 2026-05-18T13:23:54Z | 2026-05-25T13:08:59Z | 2026-06-01T13:20:32Z | 2026-06-08T13:20:12Z"
"RI","Rhode Island","956b6f9c-1408-457b-bd43-be23fd207e4c","Dr. George Pirie Ltd","-71.4654075130677","41.6993876625509","dentist","","77 Toll Gate Rd","Warwick","02886","RI","US","(401) 737-3663","kverrier@pirie-perio.com","https://www.pirieperiodontics.com","https://www.facebook.com/391183134593460","","0.9199122190475464","open","4","Foursquare | Overture | Overture-signals","Apache-2.0 | CDLA-Permissive-2.0","2025-08-22T00:00:00.000 | 2026-06-11T11:57:15Z | 2026-05-12T00:29:08Z | 2026-05-18T13:23:54Z | 2026-05-25T13:08:59Z | 2026-06-01T13:20:32Z | 2026-06-08T13:20:12Z"
"RI","Rhode Island","95a524de-a69e-4320-aaed-937e29beeacd","Smilemakers","-71.364060200288","41.79668213269","dentist","cosmetic_dentist | teeth_whitening","2861 Pawtucket Ave","Riverside","02915-4939","RI","US","+14013698601","smilebuilders@cox.net","https://rismilemakers.com/","https://www.facebook.com/354322327996284","","0.9738338589668274","","10","meta | Overture","CDLA-Permissive-2.0","2026-04-27T00:00:00.000Z | 2026-06-11T11:57:15Z"
"RI","Rhode Island","95b3bacf-4972-4ed3-b54c-fe4556e791f6","335 Prairie Dental Clinic Health Center","-71.4155721939937","41.8047100856425","dentist","medical_service_organizations","335 Prairie Ave","Providence","02905-1924","RI","US","","","www.providencechc.org/Locations/Dental-Clinic","https://www.facebook.com/364745330353243","","0.9199122190475464","open","10","meta | Overture | Overture-signals","CDLA-Permissive-2.0","2026-04-27T00:00:00.000Z | 2026-06-11T11:57:15Z | 2026-05-12T00:29:08Z | 2026-05-18T13:23:54Z | 2026-05-25T13:08:59Z | 2026-06-01T13:20:32Z | 2026-06-08T13:20:12Z"
"RI","Rhode Island","9794d288-1d7a-44f1-8427-cad12f410203","Lindsay Brislin Dentistry","-71.36210803","41.88616947","dentist","cosmetic_dentist | general_dentistry","536 Central Ave","Pawtucket","02861-1947","RI","US","+14017261772","lcbrislindentistry@yahoo.com","http://www.lindsaybrislindentistry.com","https://www.facebook.com/470079169674882","Lindsay Brislin Dentistry","0.987616240978241","","9","meta | Overture","CDLA-Permissive-2.0","2026-04-27T00:00:00.000Z | 2026-06-11T11:57:15Z"
"RI","Rhode Island","99275eed-923e-4a06-b180-eca64c06650f","Dr Mulvey","-71.396257","41.827827","dentist","health_and_medical | doctor","148 Waterman St","Providence","02906-2116","RI","US","+14012723443","","http://www.drmulvey.com","https://www.facebook.com/122186084522674","Providence Pediatric Dentistry","0.9199122190475464","open","8","meta | Overture | Overture-signals","CDLA-Permissive-2.0","2026-04-27T00:00:00.000Z | 2026-06-11T11:57:15Z | 2026-05-12T00:29:08Z | 2026-05-18T13:23:54Z | 2026-05-25T13:08:59Z | 2026-06-01T13:20:32Z | 2026-06-08T13:20:12Z"
"RI","Rhode Island","9de6178f-e47a-42d4-8349-88ab94d90bcd","Calabro Philip J DDS","-71.35448518","41.87071899","dentist","health_and_medical","500 Newport Ave","Pawtucket","02861-3612","RI","US","+14017265600","","http://www.newportavesmiles.com","https://www.facebook.com/273452199356548","","0.5970703363418579","","9","meta | Overture","CDLA-Permissive-2.0","2026-04-27T00:00:00.000Z | 2026-06-11T11:57:15Z"
"RI","Rhode Island","9e941c71-b453-42ae-b7f5-c3176642fb8c","Cranston Dental Group","-71.47625409","41.73918964","dentist","general_dentistry","1090 New London Ave","Cranston","02920-3035","RI","US","+14019436311","","https://www.cranstondentalgroup.com/","https://www.facebook.com/430956740334989","","0.9199122190475464","open","9","meta | Overture | Overture-signals","CDLA-Permissive-2.0","2026-04-27T00:00:00.000Z | 2026-06-11T11:57:15Z | 2026-05-12T00:29:08Z | 2026-05-18T13:23:54Z | 2026-05-25T13:08:59Z | 2026-06-01T13:20:32Z | 2026-06-08T13:20:12Z"
"RI","Rhode Island","9eff3efe-545a-4aa5-bd48-ef46cba6cf5d","Portsmouth Family Dental","-71.26905916","41.59035678","dentist","general_dentistry","209 Clock Tower Sq","Portsmouth","02871-1397","RI","US","+14016831692","info@portsmouthfamilydental.com","http://www.portsmouthfamilydental.com/","https://www.facebook.com/2226134500944070","Portsmouth Family Dental James Cavanaugh DMD","0.9199122190475464","open","8","meta | Overture | Overture-signals","CDLA-Permissive-2.0","2026-04-27T00:00:00.000Z | 2026-06-11T11:57:15Z | 2026-05-12T00:29:08Z | 2026-05-18T13:23:54Z | 2026-05-25T13:08:59Z | 2026-06-01T13:20:32Z | 2026-06-08T13:20:12Z"
"RI","Rhode Island","a0e3190f-e453-49ac-9f12-1fd8640ec2d0","Pedro Luis Teixeira","-71.35455227","41.86335845","dentist","doctor | health_and_medical","176 Newport Ave","Pawtucket","02861-4110","RI","US","+14017271850","platsr@gmail.com","","https://www.facebook.com/872878536162418","","0.9199122190475464","open","8","meta | Overture | Overture-signals","CDLA-Permissive-2.0","2026-04-27T00:00:00.000Z | 2026-06-11T11:57:15Z | 2026-05-12T00:29:08Z | 2026-05-18T13:23:54Z | 2026-05-25T13:08:59Z | 2026-06-01T13:20:32Z | 2026-06-08T13:20:12Z"
"RI","Rhode Island","a0e6a752-a501-40aa-9533-65a04bbac6ea","Shoreline Periodontics & Dental Implants","-71.8205848418423","41.3636503694171","dentist","","62 Wells St","Westerly","02891","RI","US","(401) 622-4661","","https://www.shorelineperio.com","https://www.twitter.com/perioshoreline | https://www.facebook.com/139445219436427","","0.77","","5","Foursquare | Overture","Apache-2.0 | CDLA-Permissive-2.0","2026-04-11T00:00:00.000 | 2026-06-11T11:57:15Z"
"RI","Rhode Island","a20a3d28-ef98-409c-bbd3-d98afdfb69c6","Coastal Dental","-71.37061341","41.49517674","dentist","general_dentistry | doctor","20 Clinton Ave","Jamestown","02835-1204","RI","US","+14014232110","jamestown@coastaldentalgrp.com","http://coastaldentalnewengland.com/","https://www.facebook.com/396441937196704","","0.9199122190475464","open","7","meta | Overture | Overture-signals","CDLA-Permissive-2.0","2026-04-27T00:00:00.000Z | 2026-06-11T11:57:15Z | 2026-05-12T00:29:08Z | 2026-05-18T13:23:54Z | 2026-05-25T13:08:59Z | 2026-06-01T13:20:32Z | 2026-06-08T13:20:12Z"
"RI","Rhode Island","a249fb1f-5e15-4eba-b612-120812160dd7","Santare Anthony M DDS","-71.40221822","41.95302551","dentist","general_dentistry","2300 Diamond Hill Rd","Cumberland","02864-4746","RI","US","+14013344436","","","https://www.facebook.com/549959565023894","","0.9199122190475464","open","7","meta | Overture | Overture-signals","CDLA-Permissive-2.0","2026-04-27T00:00:00.000Z | 2026-06-11T11:57:15Z | 2026-05-12T00:29:08Z | 2026-05-18T13:23:54Z | 2026-05-25T13:08:59Z | 2026-06-01T13:20:32Z | 2026-06-08T13:20:12Z"
"RI","Rhode Island","a331c51a-dba8-48c3-a542-3073a9d752b5","Dr. Dave Ward's Office","-71.5250748718928","41.9937911880185","dentist","","460 S Main St","Woonsocket","02895","RI","US","(401) 762-2422","smilesri@cox.net","http://www.drdaveward.com/","https://www.twitter.com/dr_dave_ward | https://www.facebook.com/204481796280181","","0.77","","5","Foursquare | Overture","Apache-2.0 | CDLA-Permissive-2.0","2025-08-22T00:00:00.000 | 2026-06-11T11:57:15Z"
"RI","Rhode Island","a362dc47-1575-4d2d-a60e-876ec187a869","Bayside Dental","-71.2761261252246","41.6935662233737","dentist","","15 Gooding Ave","Bristol","02809","RI","US","(401) 253-3781","","http://www.baysidedentalinc.com","https://www.facebook.com/120692454608963","","0.9199122190475464","open","4","Foursquare | Overture | Overture-signals","Apache-2.0 | CDLA-Permissive-2.0","2025-08-19T00:00:00.000 | 2026-06-11T11:57:15Z | 2026-05-12T00:29:08Z | 2026-05-18T13:23:54Z | 2026-05-25T13:08:59Z | 2026-06-01T13:20:32Z | 2026-06-08T13:20:12Z"
"RI","Rhode Island","a4fdf21e-5109-4b52-8bce-f33b3381fcd2","Edward Katz","-71.5034697","41.83239551","dentist","periodontist | health_and_medical","1740 Atwood Ave","Johnston","02919-3214","RI","US","+14012339800","office@riperiodontics.com","http://www.riperiodontics.com","https://www.facebook.com/108158832559301","Rhode Island Periodontics","0.8852177262306213","","8","meta | Overture","CDLA-Permissive-2.0","2026-04-27T00:00:00.000Z | 2026-06-11T11:57:15Z"
"RI","Rhode Island","a573507d-e479-4289-9f57-6a0c4e6c697c","East Greenwich Endodontics","-71.450876","41.6728","dentist","endodontist","63 Cedar St","East Greenwich","02818-4205","RI","US","","","https://www.eastgreenwichendo.com/","https://www.facebook.com/103518122058545","","0.8023021221160889","","7","meta | Overture","CDLA-Permissive-2.0","2026-04-27T00:00:00.000Z | 2026-06-11T11:57:15Z"
"RI","Rhode Island","a61b5f40-b762-45e7-9506-5f9a9df75ff8","Kenneth Arthur Kehew","-71.2919846892239","41.5174908647345","dentist","","74 Valley Rd","Middletown","02842","RI","US","(401) 847-4570","","http://www.kehew.com","https://www.facebook.com/158147817552076","","0.9199122190475464","open","4","Foursquare | Overture | Overture-signals","Apache-2.0 | CDLA-Permissive-2.0","2025-08-22T00:00:00.000 | 2026-06-11T11:57:15Z | 2026-05-12T00:29:08Z | 2026-05-18T13:23:54Z | 2026-05-25T13:08:59Z | 2026-06-01T13:20:32Z | 2026-06-08T13:20:12Z"
"RI","Rhode Island","a68c3e63-a7ed-45db-8748-fe8a8657cccd","Kurtis Joseph J DMD","-71.2907607","41.51069635","dentist","general_dentistry | doctor","333 Valley Rd","Middletown","02842-7230","RI","US","+14018460900","","http://www.drkurtis.com/","https://www.facebook.com/105818803293871","","0.6369633078575134","","1","meta | Overture","CDLA-Permissive-2.0","2026-04-27T00:00:00.000Z | 2026-06-11T11:57:15Z"
"RI","Rhode Island","a8c93481-9c94-4616-96ee-879d71003d4b","Douglas Pike Smiles","-71.49984211","41.89746879","dentist","orthodontist | cosmetic_dentist","550 Douglas Pike","Smithfield","02917-2347","RI","US","+14012333350","douglaspikesmiles@gmail.com","http://www.douglaspikesmiles.com/","https://www.facebook.com/222335294303502","","0.9199122190475464","open","8","meta | Overture | Overture-signals","CDLA-Permissive-2.0","2026-04-27T00:00:00.000Z | 2026-06-11T11:57:15Z | 2026-05-12T00:29:08Z | 2026-05-18T13:23:54Z | 2026-05-25T13:08:59Z | 2026-06-01T13:20:32Z | 2026-06-08T13:20:12Z"
"RI","Rhode Island","a964b28f-64b9-4181-9957-30a916751371","Thundermist Dental","-71.5092415806111","42.0067675795292","dentist","","Clinton Street","Woonsocket","02895","RI","US","40176741002","","http://www.thundermisthealth.org","","","0.77","","5","Foursquare | Overture","Apache-2.0 | CDLA-Permissive-2.0","2024-10-10T00:00:00.000 | 2026-06-11T11:57:15Z"
"RI","Rhode Island","a997329c-2d95-49ed-ad3e-b2e6b36ee34a","Resnevic Family Dental","-71.6514542","41.90540175","dentist","general_dentistry | doctor","895 Putnam Pike","Chepachet","02814-1471","RI","US","+14015670500","resnevicdental@gmail.com","http://www.getniceteeth.com","https://www.facebook.com/221420334674919","","0.9199122190475464","open","9","meta | Overture | Overture-signals","CDLA-Permissive-2.0","2026-04-27T00:00:00.000Z | 2026-06-11T11:57:15Z | 2026-05-12T00:29:08Z | 2026-05-18T13:23:54Z | 2026-05-25T13:08:59Z | 2026-06-01T13:20:32Z | 2026-06-08T13:20:12Z"
"RI","Rhode Island","abe9046f-3948-4963-80a3-05ba5b8fa514","Dr Robert Gilardetti DMD","-71.4887321091541","41.4429738695159","dentist","","691 Kingstown Rd","Town of South Kingstown","02879","RI","US","(401) 789-9758","","http://www.oceanstateoms.com/contact-us/contact-information-office-map","","","0.77","","5","Foursquare | Overture","Apache-2.0 | CDLA-Permissive-2.0","2025-08-22T00:00:00.000 | 2026-06-11T11:57:15Z"
"RI","Rhode Island","ad9ff21e-9586-41b3-89d4-8c345c210648","Burton Family Dental","-71.44522454","41.86508289","dentist","general_dentistry | doctor","1492 Mineral Spring Ave","North Providence","02904-3130","RI","US","+14013534880","info@burtonfamilydental.com","http://www.burtonfamilydental.com/","https://www.facebook.com/1246723568776498","1st Family Dental","0.9199122190475464","open","7","meta | Overture | Overture-signals","CDLA-Permissive-2.0","2026-04-27T00:00:00.000Z | 2026-06-11T11:57:15Z | 2026-05-12T00:29:08Z | 2026-05-18T13:23:54Z | 2026-05-25T13:08:59Z | 2026-06-01T13:20:32Z | 2026-06-08T13:20:12Z"
"RI","Rhode Island","aebd86e0-f602-499e-8565-bd54ef95c4e0","Coastline Dental","-71.49177565","41.432114","dentist","general_dentistry | health_and_medical","24 Salt Pond Rd","South Kingstown","02879-4304","RI","US","+14017888820","info@coastlinedental.com","http://www.coastlinedental.com/","https://www.facebook.com/162144097322201","","0.9199122190475464","open","9","meta | Overture | Overture-signals","CDLA-Permissive-2.0","2026-04-27T00:00:00.000Z | 2026-06-11T11:57:15Z | 2026-05-12T00:29:08Z | 2026-05-18T13:23:54Z | 2026-05-25T13:08:59Z | 2026-06-01T13:20:32Z | 2026-06-08T13:20:12Z"
"RI","Rhode Island","b026be18-81b5-4aed-b7f7-cbf31903176c","Mansolillo Dental","-71.49630327","41.82361236","dentist","general_dentistry | doctor","1347 Hartford Ave","Johnston","02919-7193","RI","US","+14018611080","","http://www.mansolillodental.com/","https://www.facebook.com/334431098096","","0.9901586174964905","","8","meta | Overture","CDLA-Permissive-2.0","2026-04-27T00:00:00.000Z | 2026-06-11T11:57:15Z"
"RI","Rhode Island","b09118f8-a63d-42b0-a2c8-3f30cb1473c0","Dr Barkin Dentist","-71.5309984710007","41.6798976212891","dentist","","64 Tiogue Ave","West Warwick","02893","RI","US","(401) 821-6665","","https://www.thegentledentistri.com/contact","","","0.9199122190475464","open","4","Foursquare | Overture | Overture-signals","Apache-2.0 | CDLA-Permissive-2.0","2026-01-22T00:00:00.000 | 2026-06-11T11:57:15Z | 2026-05-12T00:29:08Z | 2026-05-18T13:23:54Z | 2026-05-25T13:08:59Z | 2026-06-01T13:20:32Z | 2026-06-08T13:20:12Z"
"RI","Rhode Island","b21ec46b-e162-4549-998d-ac38ee6af9d2","Sack Steven a DDS","-71.39578973","41.82746897","dentist","general_dentistry | medical_service_organizations","151 Waterman St","Providence","02906-2118","RI","US","+14012745024","","http://www.stevensackdmd.com","https://www.facebook.com/115989988431028","","0.9199122190475464","open","8","meta | Overture | Overture-signals","CDLA-Permissive-2.0","2026-04-27T00:00:00.000Z | 2026-06-11T11:57:15Z | 2026-05-12T00:29:08Z | 2026-05-18T13:23:54Z | 2026-05-25T13:08:59Z | 2026-06-01T13:20:32Z | 2026-06-08T13:20:12Z"
"RI","Rhode Island","b294b415-8aa8-4401-8568-ab38111fa256","Barner Family Dental Care","-71.49977541","41.89759776","dentist","general_dentistry","550 Douglas Pike","Smithfield","02917-2347","RI","US","+14012333350","","http://www.barnerdentistry.com","https://www.facebook.com/164450783580570","","0.9199122190475464","open","9","meta | Overture | Overture-signals","CDLA-Permissive-2.0","2026-04-27T00:00:00.000Z | 2026-06-11T11:57:15Z | 2026-05-12T00:29:08Z | 2026-05-18T13:23:54Z | 2026-05-25T13:08:59Z | 2026-06-01T13:20:32Z | 2026-06-08T13:20:12Z"
"RI","Rhode Island","b3d0a9ac-4fdc-4fbc-a9c5-43c3b848d63d","Spartan Dental","-71.45494272","41.75470998","dentist","general_dentistry | doctor","105 Sockanosset Cross Rd","Cranston","02920-5560","RI","US","+14013837569","drkoutros@spartandental.com","http://www.spartandental.com/","https://www.facebook.com/175941596139783","Spartan Dental","0.9505850672721863","","7","meta | Overture","CDLA-Permissive-2.0","2026-04-27T00:00:00.000Z | 2026-06-11T11:57:15Z"
"RI","Rhode Island","b3fa5847-b5c1-480c-92fb-c18dea9fac01","Thundermist Health Center-West","-71.524176111961","41.7049857180607","dentist","","1219 Main St","West Warwick","02893","RI","US","(401) 615-2800","hr@thundermisthealth.org","http://www.thundermisthealth.org","","","0.77","","5","Foursquare | Overture","Apache-2.0 | CDLA-Permissive-2.0","2025-10-19T00:00:00.000 | 2026-06-11T11:57:15Z"
"RI","Rhode Island","b50859b5-e064-49b3-b3ab-18e3eade22f6","Anchor Dental","-71.31623553","41.49009343","dentist","general_dentistry | medical_service_organizations","37 Long Wharf Mall","Newport","02840","RI","US","+14018464404","anchordentalri@yahoo.com","http://www.anchordentalri.com/","https://www.facebook.com/731137473697195","","0.9199122190475464","open","9","meta | Overture | Overture-signals","CDLA-Permissive-2.0","2026-04-27T00:00:00.000Z | 2026-06-11T11:57:15Z | 2026-05-12T00:29:08Z | 2026-05-18T13:23:54Z | 2026-05-25T13:08:59Z | 2026-06-01T13:20:32Z | 2026-06-08T13:20:12Z"
"RI","Rhode Island","b5fb2943-8afa-4e9b-bee1-53b4f11a606a","Charles Street Dental","-71.42250545","41.86086133","dentist","orthodontist | health_and_medical","870 Charles St","North Providence","02904-5643","RI","US","+14014759898","","https://charlesstreetdentalri.com","https://www.facebook.com/134023927469546","","0.9902192950248718","open","8","meta | Overture | Overture-signals","CDLA-Permissive-2.0","2026-04-27T00:00:00.000Z | 2026-06-11T11:57:15Z | 2026-05-12T00:29:08Z | 2026-05-18T13:23:54Z | 2026-05-25T13:08:59Z | 2026-06-01T13:20:32Z | 2026-06-08T13:20:12Z"
"RI","Rhode Island","b82042cb-1b37-4be0-bd62-7354688db7d5","Neal W Rogol, DMD","-71.49182916","41.43138996","dentist","health_and_medical | doctor","24 Salt Pond Rd","South Kingstown","02879-4304","RI","US","+14012140880","","http://nealwrogoldmd.com/","https://www.facebook.com/1668677549862733","","0.9199122190475464","open","8","meta | Overture | Overture-signals","CDLA-Permissive-2.0","2026-04-27T00:00:00.000Z | 2026-06-11T11:57:15Z | 2026-05-12T00:29:08Z | 2026-05-18T13:23:54Z | 2026-05-25T13:08:59Z | 2026-06-01T13:20:32Z | 2026-06-08T13:20:12Z"
"RI","Rhode Island","ba1f9108-dce6-42d6-b23b-029772b01cee","Danish & O'Laughlin DDS","-71.4781874582152","41.7223704220554","dentist","","400 Bald Hill Rd","Warwick","02886","RI","US","(401) 738-3606","office@warwicktoothdocs.com","http://www.warwicktoothdocs.com","https://www.facebook.com/736954126432061","","0.9199122190475464","open","4","Foursquare | Overture | Overture-signals","Apache-2.0 | CDLA-Permissive-2.0","2025-05-30T00:00:00.000 | 2026-06-11T11:57:15Z | 2026-05-12T00:29:08Z | 2026-05-18T13:23:54Z | 2026-05-25T13:08:59Z | 2026-06-01T13:20:32Z | 2026-06-08T13:20:12Z"
"RI","Rhode Island","bd494740-a09e-4610-a374-d1adafb17463","Coventry Dental","-71.57410665","41.67993458","dentist","general_dentistry","972 Tiogue Ave","Coventry","02816-6304","RI","US","+14018214600","","","https://www.facebook.com/448693025310008","","0.9199122190475464","open","7","meta | Overture | Overture-signals","CDLA-Permissive-2.0","2026-04-27T00:00:00.000Z | 2026-06-11T11:57:15Z | 2026-05-12T00:29:08Z | 2026-05-18T13:23:54Z | 2026-05-25T13:08:59Z | 2026-06-01T13:20:32Z | 2026-06-08T13:20:12Z"
"RI","Rhode Island","bd917173-dd8f-47e3-8371-bcde23eac5a1","Dental Associates of North Smithfield","-71.58197752","42.00687573","dentist","general_dentistry | medical_service_organizations","747 Victory Hwy","North Smithfield","02896-7713","RI","US","+14017662800","office@dentalassociatesns.com","http://www.dentalassociatesns.com/","https://www.facebook.com/251606408583174","","0.9948037832975387","","6","meta | Overture","CDLA-Permissive-2.0","2026-04-27T00:00:00.000Z | 2026-06-11T11:57:15Z"
"RI","Rhode Island","c014ef26-1ea1-4a37-9c45-cdd97c371c90","Thundermist Dental of West Warwick","-71.524176111961","41.7049857180607","dentist","","1219 Main St","West Warwick","02893","RI","US","(401) 615-2804","","https://www.thundermisthealth.org/locations/west-warwick/dental","","","0.77","","2","Foursquare | Overture","Apache-2.0 | CDLA-Permissive-2.0","2026-02-17T00:00:00.000 | 2026-06-11T11:57:15Z"
"RI","Rhode Island","c0a66a6e-6e5e-4c89-a8c3-e817a501decd","Wellone","-71.75100263","41.81327758","dentist","hospital | health_and_medical","142 Danielson Pike","Foster","02825","RI","US","+14016473702","","http://www.welloneri.org","https://www.facebook.com/151103674943868","WellOne","0.9902192950248718","open","6","meta | Overture | Overture-signals","CDLA-Permissive-2.0","2026-04-27T00:00:00.000Z | 2026-06-11T11:57:15Z | 2026-05-12T00:29:08Z | 2026-05-18T13:23:54Z | 2026-05-25T13:08:59Z | 2026-06-01T13:20:32Z | 2026-06-08T13:20:12Z"
"RI","Rhode Island","c33c0169-bcf9-4624-b321-f2ab195ce7e3","Dutchman Dental","-71.20548894","41.63774451","dentist","general_dentistry","1359 Main Rd","Tiverton","02878-4426","RI","US","+14016249177","dutchmandental@yahoo.com","http://www.dutchmandental.com/","https://www.facebook.com/154617278022170","Dutchman Dental","0.9199122190475464","open","10","meta | Overture | Overture-signals","CDLA-Permissive-2.0","2026-04-27T00:00:00.000Z | 2026-06-11T11:57:15Z | 2026-05-12T00:29:08Z | 2026-05-18T13:23:54Z | 2026-05-25T13:08:59Z | 2026-06-01T13:20:32Z | 2026-06-08T13:20:12Z"
"RI","Rhode Island","c61f3900-8d85-4157-a43c-aedb3b14ff4f","Dr. Angeles V. Felix","-71.44303946","41.95203993","dentist","health_and_medical | pediatric_dentist","2138 Mendon Rd","Cumberland","02864-3832","RI","US","+14017230350","","http://cumberlandsmile.com/","https://www.facebook.com/106530152720937","Dental Associates of Cumberland","0.5484029650688171","","2","meta | Overture","CDLA-Permissive-2.0","2026-04-27T00:00:00.000Z | 2026-06-11T11:57:15Z"
"RI","Rhode Island","c621efd9-21f9-4c9d-a43c-a80532516555","Lada Walter Jr Dent","-71.457775","41.773632","dentist","health_and_medical | gym","351 Budlong Rd","Cranston","02920-6001","RI","US","+14019424350","","http://www.drwalterlada.com/","https://www.facebook.com/120402134637583","","0.7519880533218384","","8","meta | Overture","CDLA-Permissive-2.0","2026-04-27T00:00:00.000Z | 2026-06-11T11:57:15Z"
"RI","Rhode Island","c6315837-b755-4a47-9177-0f2dea556f48","Dr. Steven Fazzini DMD","-71.459952","41.757228","dentist","cosmetic_dentist | health_and_medical","2000 Chapel View Blvd","Cranston","02920-3040","RI","US","+14019431412","","","https://www.facebook.com/343161482392588","","0.8154470324516296","","7","meta | Overture","CDLA-Permissive-2.0","2026-04-27T00:00:00.000Z | 2026-06-11T11:57:15Z"
"RI","Rhode Island","c64a97b0-d39d-4bd4-a0db-eff028c5ff56","Rhode Island Orthodontic Group","-71.819653","41.370603","dentist","health_and_medical | hospital","130 Granite St","Westerly","02891-2461","RI","US","+14015966016","","http://www.riortho.com","https://www.facebook.com/930117163742596","RI Orthodontic Group","0.9199122190475464","open","10","meta | Overture | Overture-signals","CDLA-Permissive-2.0","2026-04-27T00:00:00.000Z | 2026-06-11T11:57:15Z | 2026-05-12T00:29:08Z | 2026-05-18T13:23:54Z | 2026-05-25T13:08:59Z | 2026-06-01T13:20:32Z | 2026-06-08T13:20:12Z"
"RI","Rhode Island","c685be18-e205-4de1-b295-d5b645879bd2","Dental Solutions","-71.3529449086318","41.8783421795358","dentist","","556 Armistice Blvd","Pawtucket","02861","RI","US","(401) 475-9909","","http://www.dentalsolutionsdmd.com","","","0.9199122190475464","open","4","Foursquare | Overture | Overture-signals","Apache-2.0 | CDLA-Permissive-2.0","2025-08-19T00:00:00.000 | 2026-06-11T11:57:15Z | 2026-05-12T00:29:08Z | 2026-05-18T13:23:54Z | 2026-05-25T13:08:59Z | 2026-06-01T13:20:32Z | 2026-06-08T13:20:12Z"
"RI","Rhode Island","c6c217a0-53ff-4d1e-9c14-a4de106ffdb6","Dr Kirsten Romani","-71.6678337279224","41.909847522869","dentist","","1109 Putnam Pike","Chepachet","02814","RI","US","(401) 568-1188","","http://www.romaniorthodontics.com","","","0.9199122190475464","open","4","Foursquare | Overture | Overture-signals","Apache-2.0 | CDLA-Permissive-2.0","2025-10-18T00:00:00.000 | 2026-06-11T11:57:15Z | 2026-05-12T00:29:08Z | 2026-05-18T13:23:54Z | 2026-05-25T13:08:59Z | 2026-06-01T13:20:32Z | 2026-06-08T13:20:12Z"
"RI","Rhode Island","c7e5ba70-6a0c-4539-8085-536992700575","Francis A Connor","-71.4567453752861","41.6512396413317","dentist","","990 Main St Ste 1","East Greenwich","02818","RI","US","(401) 885-1450","","http://www.riuoms.com","","","0.9199122190475464","open","4","Foursquare | Overture | Overture-signals","Apache-2.0 | CDLA-Permissive-2.0","2025-08-22T00:00:00.000 | 2026-06-11T11:57:15Z | 2026-05-12T00:29:08Z | 2026-05-18T13:23:54Z | 2026-05-25T13:08:59Z | 2026-06-01T13:20:32Z | 2026-06-08T13:20:12Z"
"RI","Rhode Island","c8f4300d-73a5-467f-9048-7a57a8d8004b","Stone Bridge Dental Group","-71.21235523","41.62754918","dentist","general_dentistry | health_and_medical","1750 Main Rd","Tiverton","02878-4538","RI","US","+14016242375","stonebridgedentalri@gmail.com","http://www.stonebridgedentalgroupri.com/","https://www.facebook.com/1268704846491280","","0.9199122190475464","open","7","meta | Overture | Overture-signals","CDLA-Permissive-2.0","2026-04-27T00:00:00.000Z | 2026-06-11T11:57:15Z | 2026-05-12T00:29:08Z | 2026-05-18T13:23:54Z | 2026-05-25T13:08:59Z | 2026-06-01T13:20:32Z | 2026-06-08T13:20:12Z"
"RI","Rhode Island","c99628d4-3d14-4f99-9177-19b9737532fc","Stephen James Falco","-71.2842126641507","41.7294347064306","dentist","","38 State St","Warren","02885","RI","US","(401) 245-6131","denbydh@yahoo.com","http://www.falcovanedental.com","https://www.twitter.com/falcovanedental","","0.9199122190475464","open","4","Foursquare | Overture | Overture-signals","Apache-2.0 | CDLA-Permissive-2.0","2025-08-22T00:00:00.000 | 2026-06-11T11:57:15Z | 2026-05-12T00:29:08Z | 2026-05-18T13:23:54Z | 2026-05-25T13:08:59Z | 2026-06-01T13:20:32Z | 2026-06-08T13:20:12Z"
"RI","Rhode Island","cbec7501-b4bd-4a83-a5ee-a8dda751e987","South County Smiles","-71.49109714","41.4310849","dentist","general_dentistry | cosmetic_dentist","24 Salt Pond Rd","South Kingstown","02879-4304","RI","US","+14017831530","info@smilesri.com","https://smilesri.com/","https://www.facebook.com/264497420421203","","0.9902192950248718","open","8","meta | Overture | Overture-signals","CDLA-Permissive-2.0","2026-04-27T00:00:00.000Z | 2026-06-11T11:57:15Z | 2026-05-12T00:29:08Z | 2026-05-18T13:23:54Z | 2026-05-25T13:08:59Z | 2026-06-01T13:20:32Z | 2026-06-08T13:20:12Z"
"RI","Rhode Island","cc6e3d5b-c335-4ebd-98fa-bb6cf7c1b5d8","Picard Dental Associates","-71.50698585","42.00244655","dentist","general_dentistry | cosmetic_dentist","52 Hamlet Ave","Woonsocket","02895-4423","RI","US","+14017690047","jpicard.dds@gmail.com","https://www.godental365.com/location/dentist-woonsocket?utm_source=local_directory&utm_medium=referral&utm_campaign=directory-listing","https://www.facebook.com/775602612468101","Grove Kids Pediatric Dentistry & Orthodontics","0.999725352525711","open","9","meta | Overture | Overture-signals","CDLA-Permissive-2.0","2026-04-27T00:00:00.000Z | 2026-06-11T11:57:15Z | 2026-05-12T00:29:08Z"
"RI","Rhode Island","ccb16d0b-84a1-4791-a131-9ab9ff042bea","Picture Perfect Dental Studio","-71.42593283","41.77551631","dentist","general_dentistry | cosmetic_dentist","11 Auburn St","Cranston","02910-2907","RI","US","+15085580552","","http://pictureperfectds.com/","https://www.facebook.com/1599979680237864","","0.8522212505340576","","8","meta | Overture","CDLA-Permissive-2.0","2026-04-27T00:00:00.000Z | 2026-06-11T11:57:15Z"
"RI","Rhode Island","cf28a02f-ce3d-46a1-a2fe-8e6081a0ca62","Cunanan Manuel M DDS","-71.44415471","41.70031662","dentist","general_dentistry | doctor","3411 W Shore Rd","Warwick","02886","RI","US","+14017377715","","","https://www.facebook.com/117357784949894","","0.9199122190475464","open","7","meta | Overture | Overture-signals","CDLA-Permissive-2.0","2026-04-27T00:00:00.000Z | 2026-06-11T11:57:15Z | 2026-05-12T00:29:08Z | 2026-05-18T13:23:54Z | 2026-05-25T13:08:59Z | 2026-06-01T13:20:32Z | 2026-06-08T13:20:12Z"
"RI","Rhode Island","cf37efec-b0fb-4961-a378-349f92f9e7b9","Tower Hill Dental","-71.47658671","41.44593112","dentist","general_dentistry | medical_center","4959 Tower Hill Rd","South Kingstown","02879-2283","RI","US","+14017831975","towerhilld@gmail.com","https://www.towerhilldentaloffice.com/","https://www.facebook.com/110773966966130","","0.9199122190475464","open","8","meta | Overture | Overture-signals","CDLA-Permissive-2.0","2026-04-27T00:00:00.000Z | 2026-06-11T11:57:15Z | 2026-05-12T00:29:08Z | 2026-05-18T13:23:54Z | 2026-05-25T13:08:59Z | 2026-06-01T13:20:32Z | 2026-06-08T13:20:12Z"
"RI","Rhode Island","d1bcb949-32a3-4397-bc89-e370aa2c799b","Andrew Gazerro III DMD","-71.52239646","41.69879938","dentist","general_dentistry","1425 Main St","West Warwick","02893-3895","RI","US","+14018216766","ag3dmd@aol.com","http://REDISCOVEREDSMILES.COM/","https://www.facebook.com/149156866294","","0.9199122190475464","open","8","meta | Overture | Overture-signals","CDLA-Permissive-2.0","2026-04-27T00:00:00.000Z | 2026-06-11T11:57:15Z | 2026-05-12T00:29:08Z | 2026-05-18T13:23:54Z | 2026-05-25T13:08:59Z | 2026-06-01T13:20:32Z | 2026-06-08T13:20:12Z"
"RI","Rhode Island","d1f89fb3-66f3-4548-8df6-e7743c1aa399","Quonset Dental","-71.459895","41.625711","dentist","health_and_medical","6320 Post Rd","North Kingstown","02852","RI","US","4013368478","","https://www.401dentist.com/","","","0.9199122190475464","open","6","Microsoft | Overture | Overture-signals","CDLA-Permissive-2.0","2022-12-02T19:26:40.330Z | 2026-06-11T11:57:15Z | 2026-05-12T00:29:08Z | 2026-05-18T13:23:54Z | 2026-05-25T13:08:59Z | 2026-06-01T13:20:32Z | 2026-06-08T13:20:12Z"
"RI","Rhode Island","d33aba1a-9316-4b64-aea0-ceb877f4a998","Naval Dental Clinic","-71.32089607","41.51845781","dentist","chiropractor","1173 Whipple St","Newport","02841-1632","RI","US","+14018412542","","https://www.cnic.navy.mil/regions/cnrma/installations/ns_newport/om/naval-health-clinic-new-england.html","https://www.facebook.com/210181665667432","","0.9239468574523926","","8","meta | Overture","CDLA-Permissive-2.0","2026-04-27T00:00:00.000Z | 2026-06-11T11:57:15Z"
"RI","Rhode Island","d34e571e-70da-479a-a8a7-afdc2b3f9ee0","Dr Jean Resnevic Dental Care","-71.552186","41.871472","dentist","doctor | family_practice","595 Putnam Pike","Greenville","02828-2145","RI","US","+14019495326","","http://www.drjeanresnevic.com/","https://www.facebook.com/832313240182142","","0.9199122190475464","open","9","meta | Overture | Overture-signals","CDLA-Permissive-2.0","2026-04-27T00:00:00.000Z | 2026-06-11T11:57:15Z | 2026-05-12T00:29:08Z | 2026-05-18T13:23:54Z | 2026-05-25T13:08:59Z | 2026-06-01T13:20:32Z | 2026-06-08T13:20:12Z"
"RI","Rhode Island","d3956335-0450-4e26-b03b-850d4926f750","dr michael allen, dmd","-71.2775109153923","41.6717836005987","dentist","","36 Bradford St, Bristol, RI 02809, United States","Bristol","02809","RI","US","(401) 253-9636","","http://ww16.place-web.com/?sub1=20210427-1654-3821-8dcc-948cdda26135","","","0.9199122190475464","open","4","Foursquare | Overture | Overture-signals","Apache-2.0 | CDLA-Permissive-2.0","2025-08-22T00:00:00.000 | 2026-06-11T11:57:15Z | 2026-05-12T00:29:08Z | 2026-05-18T13:23:54Z | 2026-05-25T13:08:59Z | 2026-06-01T13:20:32Z | 2026-06-08T13:20:12Z"
"RI","Rhode Island","d3ec7643-afec-418f-be17-f4fb49d1d11b","Denture Repair Lab","-71.35418508","41.87167151","dentist","","541 Newport Ave","Pawtucket","02861-3624","RI","US","+14017255777","support@denturerepairlab.com","https://denturerepairlab.com/","https://www.facebook.com/197225507026247","","0.9199122190475464","open","7","meta | Overture | Overture-signals","CDLA-Permissive-2.0","2026-04-27T00:00:00.000Z | 2026-06-11T11:57:15Z | 2026-05-12T00:29:08Z | 2026-05-18T13:23:54Z | 2026-05-25T13:08:59Z | 2026-06-01T13:20:32Z | 2026-06-08T13:20:12Z"
"RI","Rhode Island","d478e071-c000-4eb0-9f2c-e32ee551fe52","Spartan Dental","-71.4552506053302","41.7547881831736","dentist","","105 Sockanosset Cross Rd","Cranston","02920","RI","US","(401) 383-7569","info@alphadentalcenter.com","https://alphadentalcenter.com/spartan-dental","https://www.facebook.com/168068486588214","","0.77","","5","Foursquare | Overture","Apache-2.0 | CDLA-Permissive-2.0","2025-09-03T00:00:00.000 | 2026-06-11T11:57:15Z"
"RI","Rhode Island","d5f26f0b-d817-4e4f-a259-3ae8af5f2a4d","Dr. Burton Ogata and Associates","-71.3542625","41.89041985","dentist","general_dentistry | cosmetic_dentist","1346 Newport Ave","Pawtucket","02861-1853","RI","US","+14017238043","eagaty@outlook.com","https://www.pawtucketfamilydentistry.com","https://www.facebook.com/153634204672226","","0.9902192950248718","open","8","meta | Overture | Overture-signals","CDLA-Permissive-2.0","2026-04-27T00:00:00.000Z | 2026-06-11T11:57:15Z | 2026-05-12T00:29:08Z | 2026-05-18T13:23:54Z | 2026-05-25T13:08:59Z | 2026-06-01T13:20:32Z | 2026-06-08T13:20:12Z"
"RI","Rhode Island","d897431b-e6c4-460b-96d9-1cdfb2ac343f","Capalbo Dental Group","-71.4833721","41.4417871","dentist","general_dentistry | health_and_medical","133 Old Tower Hill Rd","Wakefield","02879-3700","RI","US","+14017896118","wakefield@capalbodentalgroup.com","https://smartdentalnetwork.com/location/capalbo-dental-group-of-wakefield/","https://www.facebook.com/1683811151839954","","0.9199122190475464","open","8","meta | Overture | Overture-signals","CDLA-Permissive-2.0","2026-04-27T00:00:00.000Z | 2026-06-11T11:57:15Z | 2026-05-12T00:29:08Z | 2026-05-18T13:23:54Z | 2026-05-25T13:08:59Z | 2026-06-01T13:20:32Z | 2026-06-08T13:20:12Z"
"RI","Rhode Island","d8cc4e3a-c032-4151-926d-c5bd001c8d0a","Frenchtown Dental Associates","-71.49228783","41.6262685","dentist","general_dentistry | cosmetic_dentist","2580 S County Trl","East Greenwich","02818-1721","RI","US","+14018847300","eg@frenchtowndentalri.com","https://www.rictadvanceddentistry.com/","https://www.facebook.com/104287501034484","","0.9199122190475464","open","8","meta | Overture | Overture-signals","CDLA-Permissive-2.0","2026-04-27T00:00:00.000Z | 2026-06-11T11:57:15Z | 2026-05-12T00:29:08Z | 2026-05-18T13:23:54Z | 2026-05-25T13:08:59Z | 2026-06-01T13:20:32Z | 2026-06-08T13:20:12Z"
"RI","Rhode Island","d8efc18d-6e8e-4510-ac59-7fa2fc2cff87","Tollgate Dental Associates","-71.488646","41.709192","dentist","endodontist | health_and_medical","800 Toll Gate Rd","Warwick","02886-2721","RI","US","+14018262266","paul@tga.necoxmail.com","http://www.tollgatedentalri.com","https://www.facebook.com/111552215547242","","0.9902192950248718","open","10","meta | Overture | Overture-signals","CDLA-Permissive-2.0","2026-04-27T00:00:00.000Z | 2026-06-11T11:57:15Z | 2026-05-12T00:29:08Z | 2026-05-18T13:23:54Z | 2026-05-25T13:08:59Z | 2026-06-01T13:20:32Z | 2026-06-08T13:20:12Z"
"RI","Rhode Island","d921c218-eb3f-4337-84b9-610d9dfabe26","East Bay Community Action Program","-71.312197159881","41.4911276650768","dentist","","19 Broadway","Newport","02840","RI","US","(401) 847-7821","","http://www.ebcap.org","","","0.77","","5","Foursquare | Overture","Apache-2.0 | CDLA-Permissive-2.0","2025-08-22T00:00:00.000 | 2026-06-11T11:57:15Z"
"RI","Rhode Island","da002f01-fdbe-41fb-97bf-fc105aa9ee09","Dr. Ronald Sniderman","-71.45153678","41.75121867","dentist","general_dentistry | health_and_medical","1220 Pontiac Ave","Cranston","02920-4455","RI","US","+14014644540","","http://www.ronsnidermandmd.com","https://www.facebook.com/113882168643299","","0.8604022860527039","","2","meta | Overture","CDLA-Permissive-2.0","2026-04-27T00:00:00.000Z | 2026-06-11T11:57:15Z"
"RI","Rhode Island","dbd5994d-9418-45f7-a15d-e15fb4cb4ec0","Eager Family Dentistry","-71.33631401","41.79122212","dentist","general_dentistry","600 Wampanoag Trl","Riverside","02915-1511","RI","US","+14014342626","office@eagerfamilydentistry.com","https://eager-family-dentistry.hub.biz/","https://www.facebook.com/125250470975134","","0.9199122190475464","open","9","meta | Overture | Overture-signals","CDLA-Permissive-2.0","2026-04-27T00:00:00.000Z | 2026-06-11T11:57:15Z | 2026-05-12T00:29:08Z | 2026-05-18T13:23:54Z | 2026-05-25T13:08:59Z | 2026-06-01T13:20:32Z | 2026-06-08T13:20:12Z"
"RI","Rhode Island","dd07a275-0bfa-468d-9eab-0f2c849cb129","Pediatric Dental Care of RI","-71.4999328273356","41.6935052944013","dentist","","1775 Bald Hill Rd","Warwick","02886","RI","US","(401) 825-6062","jhencler@pedodentalcareofri.com","http://pedodentalcareofri.com","","","0.77","","5","Foursquare | Overture","Apache-2.0 | CDLA-Permissive-2.0","2025-08-22T00:00:00.000 | 2026-06-11T11:57:15Z"
"RI","Rhode Island","dd0d7b89-767f-4bd6-9c9c-0533cbaa8700","Branch Village Dental Associates","-71.54615732","41.9978106","dentist","general_dentistry","501 Great Rd","North Smithfield","02896-6833","RI","US","+14017665428","ri@branchvillagedental.com","https://www.branchvillagedental.com/","https://www.facebook.com/100241134891493","","0.9925100803375244","","10","meta | Overture","CDLA-Permissive-2.0","2026-04-27T00:00:00.000Z | 2026-06-11T11:57:15Z"
"RI","Rhode Island","df82ac3d-e7e5-4cb0-b37d-b3354ab707c2","Prosthetic Dental Associates","-71.479214470344","41.7468309523279","dentist","","915 Oaklawn Ave","Cranston","02920","RI","US","(401) 942-5252","","http://www.prostheticdentalassociates.com","","","0.9199122190475464","open","4","Foursquare | Overture | Overture-signals","Apache-2.0 | CDLA-Permissive-2.0","2025-06-25T00:00:00.000 | 2026-06-11T11:57:15Z | 2026-05-12T00:29:08Z | 2026-05-18T13:23:54Z | 2026-05-25T13:08:59Z | 2026-06-01T13:20:32Z | 2026-06-08T13:20:12Z"
"RI","Rhode Island","e03b748c-2386-4263-b0b9-2f86a1100873","Rhode Island Dental Implants","-71.52240601","41.69883808","dentist","general_dentistry | doctor","1425 Main St","West Warwick","02893-3895","RI","US","+14018216766","","http://rhodeislanddentalimplants.com/","https://www.facebook.com/308052759543764","","0.9199122190475464","open","8","meta | Overture | Overture-signals","CDLA-Permissive-2.0","2026-04-27T00:00:00.000Z | 2026-06-11T11:57:15Z | 2026-05-12T00:29:08Z | 2026-05-18T13:23:54Z | 2026-05-25T13:08:59Z | 2026-06-01T13:20:32Z | 2026-06-08T13:20:12Z"
"RI","Rhode Island","e117d8d1-cbe1-4671-b368-288f98a72e0c","Forster Orthodontics","-71.3072874058962","41.4862011154125","dentist","","15 Old Beach Rd","Newport","02840","RI","US","(401) 619-1888","","https://forsterorthodontics.com","","","0.77","","6","Foursquare | Overture","Apache-2.0 | CDLA-Permissive-2.0","2025-12-09T00:00:00.000 | 2026-06-11T11:57:15Z"
"RI","Rhode Island","e18e0aaa-c69a-4edc-bfb2-ac9fc600a4e5","Karen M Mega and Associates","-71.43845737","41.78332801","dentist","health_and_medical","567 Reservoir Ave","Cranston","02910-1652","RI","US","+14017812772","megadmdoffice@verizon.net","http://superpages.iarbiz.com/mb_ty65pvgm","https://www.facebook.com/815428698531456","","0.9600241184234619","","6","meta | Overture","CDLA-Permissive-2.0","2026-04-27T00:00:00.000Z | 2026-06-11T11:57:15Z"
"RI","Rhode Island","e27f815b-6976-4342-a594-6c10ec12f91a","Thundermist Dental","-71.50458351","42.00776776","dentist","general_dentistry | doctor","25 John A Cummings Way","Woonsocket","02895-3224","RI","US","+14017674161","","http://www.thundermisthealth.org/","https://www.facebook.com/113746237126","Thundermist Health Center","0.8605267405509949","open","2","meta | Overture | Overture-signals","CDLA-Permissive-2.0","2026-04-27T00:00:00.000Z | 2026-06-11T11:57:15Z | 2026-06-08T13:20:12Z"
"RI","Rhode Island","e2e02091-094d-4f60-bbbb-55fbdae5118e","Lena D. Karkalas","-71.39576499","41.82749598","dentist","general_dentistry | cosmetic_dentist","151 Waterman St","Providence","02906-2118","RI","US","+14018612140","info@confidentsmiles.net","http://www.confidentsmiles.net/","https://www.facebook.com/128273207190648","Jeffrey R. Sholer, DDS, Inc.","0.9760278463363647","","8","meta | Overture","CDLA-Permissive-2.0","2026-04-27T00:00:00.000Z | 2026-06-11T11:57:15Z"
"RI","Rhode Island","e2f2e217-12ca-4efc-a57c-13045af10708","Aesthetic Dental Center of RI","-71.478899086789","41.8585696466009","dentist","","2148 Mineral Spring Ave","North Providence","02911","RI","US","(401) 232-7777","aestheticdentalcenterofri5@gmail.com","http://www.smileri.com","https://www.facebook.com/417487858323673","","0.9199122190475464","open","4","Foursquare | Overture | Overture-signals","Apache-2.0 | CDLA-Permissive-2.0","2025-08-22T00:00:00.000 | 2026-06-11T11:57:15Z | 2026-05-12T00:29:08Z | 2026-05-18T13:23:54Z | 2026-05-25T13:08:59Z | 2026-06-01T13:20:32Z | 2026-06-08T13:20:12Z"
"RI","Rhode Island","e350723e-f96e-40a1-9e3f-c607a1ad8a4c","Tiverton Dental Associates","-71.19022635","41.64076315","dentist","general_dentistry | medical_service_organizations","1061 Fish Rd","Tiverton","02878","RI","US","+14016242901","","http://tivertondentalassociates.weebly.com","https://www.facebook.com/863138243768979","","0.9199122190475464","open","6","meta | Overture | Overture-signals","CDLA-Permissive-2.0","2026-04-27T00:00:00.000Z | 2026-06-11T11:57:15Z | 2026-05-12T00:29:08Z | 2026-05-18T13:23:54Z | 2026-05-25T13:08:59Z | 2026-06-01T13:20:32Z | 2026-06-08T13:20:12Z"
"RI","Rhode Island","e4b387c8-6a7a-41cc-b25b-14cae153b83c","Capalbo Dental Group of Wakefield","-71.4899089351717","41.4410132775918","dentist","","133 Old Tower Hill Road","Wakefield","02879","RI","US","(401) 789-6118","","https://www.capalbodentalgroup.com","https://www.facebook.com/1683811151839954","","0.77","","5","Foursquare | Overture","Apache-2.0 | CDLA-Permissive-2.0","2025-02-19T00:00:00.000 | 2026-06-11T11:57:15Z"
"RI","Rhode Island","e4f81ad6-dc31-4f92-909a-0694b2e2512c","Aspen Dental - North Kingstown, RI","-71.45449409","41.60564629","dentist","health_and_medical","112 Gate Rd","North Kingstown","02852","RI","US","4015229055","","https://www.aspendental.com/dentist/ri/north-kingstown/112-gate-rd","","","0.85","","3","Microsoft | Overture","CDLA-Permissive-2.0","2025-10-05T08:16:33.717Z | 2026-06-11T11:57:15Z"
"RI","Rhode Island","e579040b-b4bb-4372-8a12-2867bc980047","Park Avenue Dental Associates","-71.4479346","41.78317801","dentist","general_dentistry | health_and_medical","1127 Park Ave","Cranston","02910-3145","RI","US","+14019443640","frontdesk@parkavedentalri.com","http://www.parkavedentalassociates.com/","https://www.facebook.com/249137381524","","0.9199122190475464","open","7","meta | Overture | Overture-signals","CDLA-Permissive-2.0","2026-04-27T00:00:00.000Z | 2026-06-11T11:57:15Z | 2026-05-12T00:29:08Z | 2026-05-18T13:23:54Z | 2026-05-25T13:08:59Z | 2026-06-01T13:20:32Z | 2026-06-08T13:20:12Z"
"RI","Rhode Island","e583019f-27bf-4ae0-a34e-6e62dba50278","Elite Dentistry of Rhode Island","-71.498543","41.65987","dentist","cosmetic_dentist","1351 S County Trl","East Greenwich","02818-5079","RI","US","+14018856460","cfcdentist@gmail.com","https://www.cranstoncosmeticdentistry.com/","https://www.facebook.com/105170322305699","Cranston Cosmetic Dentistry","0.9915346503257751","","9","meta | Overture","CDLA-Permissive-2.0","2026-04-27T00:00:00.000Z | 2026-06-11T11:57:15Z"
"RI","Rhode Island","e62259b5-d82c-4a75-a376-2806a1f6e069","Ingegneri Ben DDS","-71.45643701","41.97510759","dentist","doctor | health_and_medical","3231 Mendon Rd","Cumberland","02864-2429","RI","US","+14016581888","","https://dr-ben-ingegneri.hub.biz","https://www.facebook.com/155419614497547","","0.9199122190475464","open","6","meta | Overture | Overture-signals","CDLA-Permissive-2.0","2026-04-27T00:00:00.000Z | 2026-06-11T11:57:15Z | 2026-05-12T00:29:08Z | 2026-05-18T13:23:54Z | 2026-05-25T13:08:59Z | 2026-06-01T13:20:32Z | 2026-06-08T13:20:12Z"
"RI","Rhode Island","e6e9dd37-1228-46e0-8b7b-2f41a9eb9ac4","Herlihy Thomas F DDS","-71.205406","41.63771339","dentist","general_dentistry","1359 Main Rd","Tiverton","02878-4426","RI","US","+14016249177","dutchmandental@yahoo.com","http://www.dutchmandental.com/","https://www.facebook.com/126427917411995","Dutchman Dental","0.9013879299163818","","2","meta | Overture","CDLA-Permissive-2.0","2026-04-27T00:00:00.000Z | 2026-06-11T11:57:15Z"
"RI","Rhode Island","e7fe8de4-6a06-4276-a584-7c1d31cda3a8","Dr Dania Loy Jones","-71.532117","41.486366","dentist","doctor | health_and_medical","1 Complex Rd","Kingston","02881","RI","US","+18768022857","drdanialoyjones@gmail.com","https://www.instagram.com/drdanialoyjones/","https://www.facebook.com/581275108915178","","0.613839328289032","","7","meta | Overture","CDLA-Permissive-2.0","2026-04-27T00:00:00.000Z | 2026-06-11T11:57:15Z"
"RI","Rhode Island","ea0852ba-af0f-42d2-9bbc-fbb47c38ffdd","McGuirk Patrick J","-71.54569132","41.8702927","dentist","general_dentistry | doctor","532 Putnam Pike","Smithfield","02828-3015","RI","US","+14019493640","greenville1505@gmail.com","http://www.musicisthedifferencepjmcguirkdds.com/","https://www.facebook.com/237332166670517","","0.9199122190475464","open","8","meta | Overture | Overture-signals","CDLA-Permissive-2.0","2026-04-27T00:00:00.000Z | 2026-06-11T11:57:15Z | 2026-05-12T00:29:08Z | 2026-05-18T13:23:54Z | 2026-05-25T13:08:59Z | 2026-06-01T13:20:32Z | 2026-06-08T13:20:12Z"
"RI","Rhode Island","eac6313d-37a6-4e9f-b492-fd309774bc16","Affordable Dentures & Implants - Providence, RI","-71.527722","41.871573","dentist","periodontist | prosthodontist","438 Putnam Pike","Greenville","02828-3008","RI","US","+14012180026","fda28115@affordabledentures.com","https://www.affordabledentures.com/locations/ri/providence-greenville?utm_source=Facebook&utm_medium=Organic_Listing&utm_campaign=28115","https://www.facebook.com/163079690217854","Affordable Dentures & Implants","0.9949824810028076","","7","meta | Overture","CDLA-Permissive-2.0","2026-04-27T00:00:00.000Z | 2026-06-11T11:57:15Z"
"RI","Rhode Island","eb7541ef-7c22-44db-af32-ce86ffecd075","Brad R Kaplan","-71.3935434660257","41.8258697612185","dentist","","149 Governor St","Providence","02906","RI","US","(401) 861-5100","drkaplan@oralsurgeonri.com","http://www.oralsurgeonri.com","https://www.facebook.com/146719128822120","","0.9199122190475464","open","4","Foursquare | Overture | Overture-signals","Apache-2.0 | CDLA-Permissive-2.0","2025-08-22T00:00:00.000 | 2026-06-11T11:57:15Z | 2026-05-12T00:29:08Z | 2026-05-18T13:23:54Z | 2026-05-25T13:08:59Z | 2026-06-01T13:20:32Z | 2026-06-08T13:20:12Z"
"RI","Rhode Island","ee485df6-d2a5-426f-ae1e-733799a1d1e3","Phenix Dental","-71.4706874","41.78091068","dentist","general_dentistry | professional_services","136 Phenix Ave","Cranston","02920-4259","RI","US","+14019424760","amitmehradmdllc@gmail.com","https://www.instagram.com/phenixdentalri/","https://www.facebook.com/634195413427204","","0.9199122190475464","open","8","meta | Overture | Overture-signals","CDLA-Permissive-2.0","2026-04-27T00:00:00.000Z | 2026-06-11T11:57:15Z | 2026-05-12T00:29:08Z | 2026-05-18T13:23:54Z | 2026-05-25T13:08:59Z | 2026-06-01T13:20:32Z | 2026-06-08T13:20:12Z"
"RI","Rhode Island","ee68084d-4bff-49a4-a2e0-bb5b982775d4","Cardenas Rafael M DDS","-71.36206829","41.81813928","dentist","general_dentistry | medical_service_organizations","420 Waterman Ave","East Providence","02914-2520","RI","US","+14014344858","","","https://www.facebook.com/115677668453594","","0.9199122190475464","open","7","meta | Overture | Overture-signals","CDLA-Permissive-2.0","2026-04-27T00:00:00.000Z | 2026-06-11T11:57:15Z | 2026-05-12T00:29:08Z | 2026-05-18T13:23:54Z | 2026-05-25T13:08:59Z | 2026-06-01T13:20:32Z | 2026-06-08T13:20:12Z"
"RI","Rhode Island","f0f9b8f3-5948-45da-af1e-7d68a42943d2","Hazelton Family Dental","-71.4511282","41.77364854","dentist","general_dentistry | medical_service_organizations","1029 Reservoir Ave","Cranston","02910-5134","RI","US","+14019431234","","","https://www.facebook.com/118214668195352","","0.9902192950248718","open","7","meta | Overture | Overture-signals","CDLA-Permissive-2.0","2026-04-27T00:00:00.000Z | 2026-06-11T11:57:15Z | 2026-05-12T00:29:08Z | 2026-05-18T13:23:54Z | 2026-05-25T13:08:59Z | 2026-06-01T13:20:32Z | 2026-06-08T13:20:12Z"
"RI","Rhode Island","f19a3788-f520-4b20-809b-0650542e721a","East Bay Dental Center","-71.31245713","41.49106558","dentist","structure_and_geography","19 Broadway","Newport","02840-2937","RI","US","+14018450564","","","https://www.facebook.com/1130329570356900","","0.8286811709403992","","7","meta | Overture","CDLA-Permissive-2.0","2026-04-27T00:00:00.000Z | 2026-06-11T11:57:15Z"
"RI","Rhode Island","f2616c9d-26b4-4ebc-87ac-f981aabcc3c6","Drs Rubinstein and Ducoff - Providence","-71.39303018","41.82800258","dentist","medical_service_organizations | health_and_medical","362 Ives St","Providence","02906-3929","RI","US","+14018614358","362ives@gmail.com","http://www.drsrubinsteinandducoff.com/","https://www.facebook.com/130424433661204","","0.9996814163327217","","7","meta | Overture","CDLA-Permissive-2.0","2026-04-27T00:00:00.000Z | 2026-06-11T11:57:15Z"
"RI","Rhode Island","f3dbfc50-1e89-44da-bca1-76e5c01a7fc7","Drs. Ward and Vaudry Family Dentist","-71.45162896","41.93522841","dentist","general_dentistry","132 Old River Rd","Lincoln","02865-1158","RI","US","+14013331554","","http://www.wardandvaudry.com","https://www.facebook.com/162595853813122","","0.9199122190475464","open","8","meta | Overture | Overture-signals","CDLA-Permissive-2.0","2026-04-27T00:00:00.000Z | 2026-06-11T11:57:15Z | 2026-05-12T00:29:08Z | 2026-05-18T13:23:54Z | 2026-05-25T13:08:59Z | 2026-06-01T13:20:32Z | 2026-06-08T13:20:12Z"
"RI","Rhode Island","f43bdc3b-933e-46c9-944b-ac64b4dfff89","Beachcrest Dental","-71.8283758247001","41.3604414221649","dentist","","88 Beach St","Westerly","02891","RI","US","(401) 596-0075","info@beachcrestdental.com","http://beachcrestdental.com","https://www.facebook.com/162973890393217","","0.9199122190475464","open","4","Foursquare | Overture | Overture-signals","Apache-2.0 | CDLA-Permissive-2.0","2025-08-22T00:00:00.000 | 2026-06-11T11:57:15Z | 2026-05-12T00:29:08Z | 2026-05-18T13:23:54Z | 2026-05-25T13:08:59Z | 2026-06-01T13:20:32Z | 2026-06-08T13:20:12Z"
"RI","Rhode Island","f555ff11-7c87-4d7c-b329-895064f8d69a","Politelli Family Dental","-71.40835226","41.73926561","dentist","general_dentistry | health_and_medical","1353 Warwick Ave","Warwick","02888-5031","RI","US","+14014635480","dpolitellidds@gmail.com","http://www.politellidental.com/","https://www.facebook.com/290771980995513","","0.9199122190475464","open","7","meta | Overture | Overture-signals","CDLA-Permissive-2.0","2026-04-27T00:00:00.000Z | 2026-06-11T11:57:15Z | 2026-05-12T00:29:08Z | 2026-05-18T13:23:54Z | 2026-05-25T13:08:59Z | 2026-06-01T13:20:32Z | 2026-06-08T13:20:12Z"
"RI","Rhode Island","f656e17c-f4ea-42cf-856e-c62790e9b893","Dr. Jonathan Vane","-71.28415461","41.72950252","dentist","family_practice","38 State St","Warren","02885-3128","RI","US","+14012456131","info@falcovanedental.com","http://falcovanedental.com/","https://www.facebook.com/358740957495199","Falco Vane Dental","0.9199122190475464","open","7","meta | Overture | Overture-signals","CDLA-Permissive-2.0","2026-04-27T00:00:00.000Z | 2026-06-11T11:57:15Z | 2026-05-12T00:29:08Z | 2026-05-18T13:23:54Z | 2026-05-25T13:08:59Z | 2026-06-01T13:20:32Z | 2026-06-08T13:20:12Z"
"RI","Rhode Island","f746b629-3e3d-4b53-9683-63e742519ab6","Cloutier James J Podiatrst","-71.48939","42.015383","dentist","doctor | family_practice","919 Diamond Hill Rd","Woonsocket","02895-1457","RI","US","+14017664444","","http://www.healthgrades.com/provider/james-cloutier-3bgxp","https://www.facebook.com/169507743062705","","0.9199122190475464","open","7","meta | Overture | Overture-signals","CDLA-Permissive-2.0","2026-04-27T00:00:00.000Z | 2026-06-11T11:57:15Z | 2026-05-12T00:29:08Z | 2026-05-18T13:23:54Z | 2026-05-25T13:08:59Z | 2026-06-01T13:20:32Z | 2026-06-08T13:20:12Z"
"RI","Rhode Island","f85dcd3d-10de-4c57-9c9b-765b132d3cab","Dental Associates of Rhode Island","-71.502547","41.827861","dentist","public_service_and_government | active_life","1524 Atwood Ave","Johnston","02919-3228","RI","US","+14013317665","","http://www.myrismile.com/","https://www.facebook.com/108730979189714","Dental Associates of Rhode Island","0.9542515778541565","","9","meta | Overture","CDLA-Permissive-2.0","2026-04-27T00:00:00.000Z | 2026-06-11T11:57:15Z"
"RI","Rhode Island","f8b83b61-af68-4598-a8b1-f09de2626663","Morisseau Dental","-71.5459100396744","41.9978961392201","dentist","","501 Great Rd Ste 101","North Smithfield","02896","RI","US","(401) 766-5428","","https://www.northsmithfielddentist.com","https://www.facebook.com/291826698166715","","0.77","","5","Foursquare | Overture","Apache-2.0 | CDLA-Permissive-2.0","2020-09-29T00:00:00.000 | 2026-06-11T11:57:15Z"
"RI","Rhode Island","f9bb223e-9dff-4ce4-ac67-fa1bebc2d967","Benefit Dental Care","-71.4097575","41.83473404","dentist","doctor | orthodontist","5 Benefit St","Providence","02904-2762","RI","US","+14015213822","providence@alphadentalcenter.com","https://www.alphadentalcenter.com/benefit-dental-care/","https://www.facebook.com/870645096391954","Doctor Neena Alpha Dental centre","0.9896396398544312","","8","meta | Overture","CDLA-Permissive-2.0","2026-04-27T00:00:00.000Z | 2026-06-11T11:57:15Z"
"RI","Rhode Island","f9fbd69b-ebcf-4b03-97d3-32e0b897ac7d","Motto Clear Aligners","-71.4881883","41.71235999","dentist","health_and_medical","1000 Bald Hill Rd","Warwick","02886","RI","US","4018221866","","https://www.aspendental.com/dentist/ri/warwick/1000-bald-hill-road/motto-clear-aligners/","","","0.9199122190475464","open","4","Microsoft | Overture | Overture-signals","CDLA-Permissive-2.0","2025-10-05T07:00:39.590Z | 2026-06-11T11:57:15Z | 2026-05-12T00:29:08Z | 2026-05-18T13:23:54Z | 2026-05-25T13:08:59Z | 2026-06-01T13:20:32Z | 2026-06-08T13:20:12Z"
"RI","Rhode Island","fa21e0cf-2516-424f-96a3-c8752a4fb7ac","Gremza David DDS","-71.53156673","41.86657206","dentist","general_dentistry","29 Sanderson Rd","Smithfield","02917-2608","RI","US","+14019491099","","http://www.gremzasmile.com/","https://www.facebook.com/134295506621692","","0.9199122190475464","open","7","meta | Overture | Overture-signals","CDLA-Permissive-2.0","2026-04-27T00:00:00.000Z | 2026-06-11T11:57:15Z | 2026-05-12T00:29:08Z | 2026-05-18T13:23:54Z | 2026-05-25T13:08:59Z | 2026-06-01T13:20:32Z | 2026-06-08T13:20:12Z"
"RI","Rhode Island","fc7ce0ec-b140-4e12-a4f1-760a6a1e0bc0","Gabriel M. Hayek, D.M.D.","-71.4569563865694","41.7148410719833","dentist","","1009 Main Ave","Warwick","02886","RI","US","(401) 737-1929","","http://ghayekdmd.com","","","0.9902192950248718","open","4","Foursquare | Overture | Overture-signals","Apache-2.0 | CDLA-Permissive-2.0","2025-08-22T00:00:00.000 | 2026-06-11T11:57:15Z | 2026-05-12T00:29:08Z | 2026-05-18T13:23:54Z | 2026-05-25T13:08:59Z | 2026-06-01T13:20:32Z | 2026-06-08T13:20:12Z"
"RI","Rhode Island","fca4d879-68b5-4c7e-b4bb-e98295c926c7","Capalbo Dental Group of Wickford","-71.45103865","41.56606611","dentist","general_dentistry","29 Updike Ave","North Kingstown","02852-5728","RI","US","+14012951992","wickford@capalbodentalgroup.com","https://smartdentalnetwork.com/location/capalbo-dental-group-of-wickford/","https://www.facebook.com/1181976735151166","","0.9987674341201782","","9","meta | Overture","CDLA-Permissive-2.0","2026-04-27T00:00:00.000Z | 2026-06-11T11:57:15Z"
