"state_code","state","id","name","longitude","latitude","primary_category","alternate_categories","address","locality","postcode","region","country","phones","emails","websites","socials","brand","confidence","operating_status","version","source_datasets","source_licenses","source_update_times"
"SD","South Dakota","00413128-1391-4f13-8d55-6768a69e9434","Massa Dental Offices PC","-103.4745411","43.43267509","dentist","pediatric_dentist | teeth_whitening","602 Jennings Ave","Hot Springs","57747-1691","SD","US","+16057453975","","https://www.massdental.org","https://www.facebook.com/154479844591142","Massachusetts Dental Society","0.9199122190475464","open","7","meta | Overture | Overture-signals","CDLA-Permissive-2.0","2026-04-27T00:00:00.000Z | 2026-06-11T11:57:15Z | 2026-05-12T00:29:08Z | 2026-05-18T13:23:54Z | 2026-05-25T13:08:59Z | 2026-06-01T13:20:32Z | 2026-06-08T13:20:12Z"
"SD","South Dakota","00e0824e-0535-4959-ab9e-1c6310792528","Sioux Falls Smiles","-96.732172","43.52001","dentist","","2701 S Minnesota Ave Suite #3","Sioux Falls","57105","SD","US","+16052504651","","https://www.familydentistrysf.com/","","","0.9902192950248718","open","8","DAC | Overture | Overture-signals","CDLA-Permissive-2.0","2026-06-10T16:03:35.911Z | 2026-06-11T11:57:15Z | 2026-05-12T00:29:08Z | 2026-05-18T13:23:54Z | 2026-05-25T13:08:59Z | 2026-06-01T13:20:32Z | 2026-06-08T13:20:12Z"
"SD","South Dakota","02b19271-ace2-404c-867b-27702a30d099","Lh Friedman Jennifer Dds","-103.256199","44.070901","dentist","doctor | health_and_medical","1600 Mountain View Rd Ste 104","RAPID CITY","57702","SD","US","6053430711","","","","","0.9199122190475464","open","6","Microsoft | Overture | Overture-signals","CDLA-Permissive-2.0","2025-07-25T01:25:45.243Z | 2026-06-11T11:57:15Z | 2026-05-12T00:29:08Z | 2026-05-18T13:23:54Z | 2026-05-25T13:08:59Z | 2026-06-01T13:20:32Z | 2026-06-08T13:20:12Z"
"SD","South Dakota","0350a796-013a-4b16-9954-836989d5eba9","Custer Dental Studio","-103.60153571","43.76805853","dentist","","141 N 5th St","Custer","57730-1528","SD","US","+16056732212","smiles@custerdentalstudio.com","http://www.custerdentalstudio.com/","https://www.facebook.com/105248414938046","","0.9199122190475464","open","7","meta | Overture | Overture-signals","CDLA-Permissive-2.0","2026-04-27T00:00:00.000Z | 2026-06-11T11:57:15Z | 2026-05-12T00:29:08Z | 2026-05-18T13:23:54Z | 2026-05-25T13:08:59Z | 2026-06-01T13:20:32Z | 2026-06-08T13:20:12Z"
"SD","South Dakota","03dbddc4-5c3b-41ac-b861-63dc2a893e9d","Dental Comfort Center","-96.67080019","43.51447764","dentist","general_dentistry | health_and_medical","4501 E 41st St","Sioux Falls","57110-7200","SD","US","+16053391369","info@dentalcomfortctr.com","http://www.dentalcomfortctr.com/","https://www.facebook.com/282210624006","Dental Comfort Center","0.9199122190475464","open","8","meta | Overture | Overture-signals","CDLA-Permissive-2.0","2026-04-27T00:00:00.000Z | 2026-06-11T11:57:15Z | 2026-05-12T00:29:08Z | 2026-05-18T13:23:54Z | 2026-05-25T13:08:59Z | 2026-06-01T13:20:32Z | 2026-06-08T13:20:12Z"
"SD","South Dakota","0411d8f5-052c-4cb1-8489-a5d91177d10b","Johnson Family Dentistry","-96.641633","45.210101","dentist","","1016 S Dakota St","Milbank","57252","SD","US","(605) 432-9531","johnsondental@itcmilbank.com","http://milbankdentist.com","https://www.facebook.com/334087640085924","","0.77","","5","Foursquare | Overture","Apache-2.0 | CDLA-Permissive-2.0","2025-08-19T00:00:00.000 | 2026-06-11T11:57:15Z"
"SD","South Dakota","04d0e1f1-47dc-4394-8479-881c107c3560","Dr. Richard A. Rauschenbach","-96.7411231","43.53366315","dentist","general_dentistry","1300 S Grange Ave","Sioux Falls","57105-0418","SD","US","+16053382163","raushdds@sio.midco.net","http://www.rauschenbachfamilydentistry.com","https://www.facebook.com/142480592464473","","0.9199122190475464","open","8","meta | Overture | Overture-signals","CDLA-Permissive-2.0","2026-04-27T00:00:00.000Z | 2026-06-11T11:57:15Z | 2026-05-12T00:29:08Z | 2026-05-18T13:23:54Z | 2026-05-25T13:08:59Z | 2026-06-01T13:20:32Z | 2026-06-08T13:20:12Z"
"SD","South Dakota","05fc946d-1668-4691-b317-cdd9f2887f4e","Infinity Sedation Dentistry","-97.0777485144593","44.8894968546635","dentist","","2310 9th Ave SE","Watertown","57201","SD","US","(605) 878-0456","welcome@infinitysedation.com","https://www.infinitysedation.com","https://www.facebook.com/105835244638471","","0.77","","5","Foursquare | Overture","Apache-2.0 | CDLA-Permissive-2.0","2021-01-14T00:00:00.000 | 2026-06-11T11:57:15Z"
"SD","South Dakota","064b57e9-940d-4fca-af27-0547fc69e878","Dental Health Partners","-98.02330581","43.73148977","dentist","general_dentistry | health_and_medical","240 E 23rd Ave","Mitchell","57301-6440","SD","US","+16059961316","dhpinfo@dhpsmiles.com","https://www.dhpsmiles.com/","https://www.facebook.com/1420445644837920","Dental Health Partners","0.999638611137867","","10","meta | Overture","CDLA-Permissive-2.0","2026-04-27T00:00:00.000Z | 2026-06-11T11:57:15Z"
"SD","South Dakota","071c474d-76cb-492a-b279-0fb4f63afd7f","McClellan-Swanson Dental Office","-100.43408573","45.53797228","dentist","health_and_medical | pediatric_dentist","509 N Main St","Mobridge","57601-2130","SD","US","+16058457222","prophy@westriv.com","https://www.medicarelist.com/dental-clinic/mcclellan-swanson-dental-clinc-inc-mobridge-sd","https://www.facebook.com/149829561726985","","0.9199122190475464","open","7","meta | Overture | Overture-signals","CDLA-Permissive-2.0","2026-04-27T00:00:00.000Z | 2026-06-11T11:57:15Z | 2026-05-12T00:29:08Z | 2026-05-18T13:23:54Z | 2026-05-25T13:08:59Z | 2026-06-01T13:20:32Z | 2026-06-08T13:20:12Z"
"SD","South Dakota","07939594-a9da-44a2-ba7d-cfd9d2cff053","Neighborhood Dental","-96.733599","43.51466708","dentist","general_dentistry | cosmetic_dentist","613 W 41st St","Sioux Falls","57105-6403","SD","US","+16052915981","nbd41@neighborhooddentalcare.com","https://neighborhooddentalcare.com/locations/sioux-falls/dentist-sioux-falls-41st/?utm_source=facebook&utm_medium=organic&utm_campaign=yext","https://www.facebook.com/183442679212002","Neighborhood Dental","0.9199122190475464","open","7","meta | Overture | Overture-signals","CDLA-Permissive-2.0","2026-04-27T00:00:00.000Z | 2026-06-11T11:57:15Z | 2026-05-12T00:29:08Z | 2026-05-18T13:23:54Z | 2026-05-25T13:08:59Z | 2026-06-01T13:20:32Z | 2026-06-08T13:20:12Z"
"SD","South Dakota","087f61bd-d7a0-4220-957b-cff3a66f6b75","Joseph F. Rigg, DDS","-98.4679981","45.459585","dentist","health_and_medical | hospital","1315 6th Ave SE","Aberdeen","57401-4900","SD","US","+16052252050","drjoe@nvc.net","https://www.josephriggdds.com/","https://www.facebook.com/284284781727440","","0.9199122190475464","open","6","meta | Overture | Overture-signals","CDLA-Permissive-2.0","2026-04-27T00:00:00.000Z | 2026-06-11T11:57:15Z | 2026-05-12T00:29:08Z | 2026-05-18T13:23:54Z | 2026-05-25T13:08:59Z | 2026-06-01T13:20:32Z | 2026-06-08T13:20:12Z"
"SD","South Dakota","0a3f5b90-fa00-4bc4-9d6a-22545c901d1a","Sioux Falls Dental Implant Center","-96.70733618","43.49653472","dentist","","5200 S Cliff Ave","Sioux Falls","57108-5400","SD","US","+16057992929","info@siouxfallsdentalimplantcenter.com","https://siouxfallsdentalimplantcenter.com/","https://www.facebook.com/110086631568462","","0.985808253288269","","8","meta | Overture","CDLA-Permissive-2.0","2026-04-27T00:00:00.000Z | 2026-06-11T11:57:15Z"
"SD","South Dakota","0be7be61-71a1-44d4-ba81-fde0ea148448","Whillock Dental Arts","-103.27184582","44.02709529","dentist","general_dentistry","5816 Sheridan Lake Rd","Rapid City","57702-8883","SD","US","+16057163939","","","https://www.facebook.com/1424173064478692","","0.9199122190475464","open","6","meta | Overture | Overture-signals","CDLA-Permissive-2.0","2026-04-27T00:00:00.000Z | 2026-06-11T11:57:15Z | 2026-05-12T00:29:08Z | 2026-05-18T13:23:54Z | 2026-05-25T13:08:59Z | 2026-06-01T13:20:32Z | 2026-06-08T13:20:12Z"
"SD","South Dakota","0c09b594-d6f6-4aac-9b89-af17e69c1bd5","Falls Dental Centre","-96.7069686383615","43.498405106107","dentist","","5100 S Cliff Ave","Sioux Falls","57108","SD","US","(605) 371-9111","","http://www.fallsdentalsf.com","https://www.facebook.com/170405232974127","","0.77","","6","Foursquare | Overture","Apache-2.0 | CDLA-Permissive-2.0","2026-04-13T00:00:00.000 | 2026-06-11T11:57:15Z"
"SD","South Dakota","0deb9b81-c0c2-4d5f-8d16-d0b628a79cab","Knutzen Family Dentistry","-96.7662681238242","44.306662954251","dentist","","2311 Yorkshire Dr","Brookings","57006","SD","US","(605) 692-9463","","http://www.knutzendental.com","","","0.9199122190475464","open","4","Foursquare | Overture | Overture-signals","Apache-2.0 | CDLA-Permissive-2.0","2025-08-22T00:00:00.000 | 2026-06-11T11:57:15Z | 2026-05-12T00:29:08Z | 2026-05-18T13:23:54Z | 2026-05-25T13:08:59Z | 2026-06-01T13:20:32Z | 2026-06-08T13:20:12Z"
"SD","South Dakota","0feaedde-92c4-42ed-82e3-fb8b79c24ba3","Daniel J. Goede, D.D.S.","-96.6944225","43.5290272","dentist","doctor | health_and_medical","1800 S Southeastern Ave","Sioux Falls","57103","SD","US","6053358030","","","","","0.9199122190475464","open","6","Microsoft | Overture | Overture-signals","CDLA-Permissive-2.0","2025-04-08T07:06:29.650Z | 2026-06-11T11:57:15Z | 2026-05-12T00:29:08Z | 2026-05-18T13:23:54Z | 2026-05-25T13:08:59Z | 2026-06-01T13:20:32Z | 2026-06-08T13:20:12Z"
"SD","South Dakota","10270e3d-5823-4a7b-b9a6-e4a89d9db5d3","Armour Dental","-98.3463562","43.31678337","dentist","general_dentistry","600 Main St","Armour","57313-2119","SD","US","+16055705444","frontdesk@armourdentalclinic.com","https://www.armourdentalclinic.com/","https://www.facebook.com/191162597413480","","0.9199122190475464","open","8","meta | Overture | Overture-signals","CDLA-Permissive-2.0","2026-04-27T00:00:00.000Z | 2026-06-11T11:57:15Z | 2026-05-12T00:29:08Z | 2026-05-18T13:23:54Z | 2026-05-25T13:08:59Z | 2026-06-01T13:20:32Z | 2026-06-08T13:20:12Z"
"SD","South Dakota","1128e34b-88c0-41e8-8736-c849f4e971e3","Dillon Craig DDS","-96.730984","43.524698","dentist","health_and_medical | hospital","2200 S Minnesota Ave","Sioux Falls","57105-3743","SD","US","+16053367850","","","https://www.facebook.com/163591580325742","","0.9296696186065674","","8","meta | Overture","CDLA-Permissive-2.0","2026-04-27T00:00:00.000Z | 2026-06-11T11:57:15Z"
"SD","South Dakota","14e03a10-5a47-4776-a077-e7eaee9fa023","Evans Orthodontics","-103.860218228811","44.4878281609602","dentist","","222 W Grant St","Spearfish","57783","SD","US","(605) 642-8899","","http://www.evansortho.com","https://www.facebook.com/164304270263157","","0.9199122190475464","open","4","Foursquare | Overture | Overture-signals","Apache-2.0 | CDLA-Permissive-2.0","2025-07-15T00:00:00.000 | 2026-06-11T11:57:15Z | 2026-05-12T00:29:08Z | 2026-05-18T13:23:54Z | 2026-05-25T13:08:59Z | 2026-06-01T13:20:32Z | 2026-06-08T13:20:12Z"
"SD","South Dakota","15d86f28-6323-4c09-a2c6-53210a88f21f","Heartland Smiles","-96.9297766685486","42.7865039162121","dentist","health_and_medical","117 E Cherry St","Vermillion","57069","SD","US","6056240070","","","","","0.9199122190475464","open","6","Microsoft | Overture | Overture-signals","CDLA-Permissive-2.0","2010-01-19T06:36:48.280Z | 2026-06-11T11:57:15Z | 2026-05-12T00:29:08Z | 2026-05-18T13:23:54Z | 2026-05-25T13:08:59Z | 2026-06-01T13:20:32Z | 2026-06-08T13:20:12Z"
"SD","South Dakota","17b15e26-72d6-43b8-9b96-a2d4b2e8dcea","Yankton Dental Clinic","-97.39636885","42.88140176","dentist","general_dentistry | doctor","1100 Broadway Ave","Yankton","57078-2927","SD","US","+16056682273","bsmgr@yanktondentalclinic.com","http://www.yanktondentist.com/","https://www.facebook.com/485697548459378","Yankton Dental Clinic","0.9199122190475464","open","8","meta | Overture | Overture-signals","CDLA-Permissive-2.0","2026-04-27T00:00:00.000Z | 2026-06-11T11:57:15Z | 2026-05-12T00:29:08Z | 2026-05-18T13:23:54Z | 2026-05-25T13:08:59Z | 2026-06-01T13:20:32Z | 2026-06-08T13:20:12Z"
"SD","South Dakota","18293438-12eb-4915-86f4-6e23f748cdd5","Embrace Dentistry","-103.147464953627","44.0779528727469","dentist","","4215 Berniece St","Rapid City","57703","SD","US","(605) 343-6691","blackhills@embracedentistry.com","http://www.embracedentistry.com","https://www.facebook.com/100714915311742","","0.9199122190475464","open","4","Foursquare | Overture | Overture-signals","Apache-2.0 | CDLA-Permissive-2.0","2021-02-15T00:00:00.000 | 2026-06-11T11:57:15Z | 2026-05-12T00:29:08Z | 2026-05-18T13:23:54Z | 2026-05-25T13:08:59Z | 2026-06-01T13:20:32Z | 2026-06-08T13:20:12Z"
"SD","South Dakota","19951b6f-d766-4f4a-812d-3cab5f74eee4","Family Dental Care","-103.239494","44.083664","dentist","family_practice | health_and_medical","1301 W Omaha St","Rapid City","57701-2421","SD","US","+16053422445","office@familydentalrc.com","http://familydentalcarerapidcity.com/","https://www.facebook.com/193481564462254","","0.9199122190475464","open","6","meta | Overture | Overture-signals","CDLA-Permissive-2.0","2026-04-27T00:00:00.000Z | 2026-06-11T11:57:15Z | 2026-05-12T00:29:08Z | 2026-05-18T13:23:54Z | 2026-05-25T13:08:59Z | 2026-06-01T13:20:32Z | 2026-06-08T13:20:12Z"
"SD","South Dakota","19f728d4-b8b2-4364-ab58-38315742aca3","Family Dental Care LLP","-98.484180394023","45.4594814178161","dentist","","221 6th Ave SE Ste 5","Aberdeen","57401","SD","US","(605) 226-1867","fdc@midconetwork.com","http://www.aberdeenfamilydentalcare.com","https://www.facebook.com/166019016757266","","0.9199122190475464","open","5","Foursquare | Overture | Overture-signals","Apache-2.0 | CDLA-Permissive-2.0","2025-09-05T00:00:00.000 | 2026-06-11T11:57:15Z | 2026-05-12T00:29:08Z | 2026-05-18T13:23:54Z | 2026-05-25T13:08:59Z | 2026-06-01T13:20:32Z | 2026-06-08T13:20:12Z"
"SD","South Dakota","1bb3a7c7-8224-4096-b8b3-f03d8170158d","Sturgis Smiles Family Dental","-103.51387553","44.41354905","dentist","general_dentistry","1245 Sherman St","Sturgis","57785-1504","SD","US","+16053472509","care@sturgissmiles.com","http://www.sturgissmiles.com/","https://www.facebook.com/1510867605880510","","0.9199122190475464","open","7","meta | Overture | Overture-signals","CDLA-Permissive-2.0","2026-04-27T00:00:00.000Z | 2026-06-11T11:57:15Z | 2026-05-12T00:29:08Z | 2026-05-18T13:23:54Z | 2026-05-25T13:08:59Z | 2026-06-01T13:20:32Z | 2026-06-08T13:20:12Z"
"SD","South Dakota","1c86748f-1ea3-44dd-9ebe-643ab8c43eed","Palmquist Dental","-97.106346","44.908582","dentist","health_and_medical | endodontist","600 4th St NE","Watertown","57201-1800","SD","US","+16058868096","office@palmquistdental.com","http://www.palmquistdental.com/","https://www.facebook.com/798447306985811","Palmquist Dental DDS","0.9199122190475464","open","8","meta | Overture | Overture-signals","CDLA-Permissive-2.0","2026-04-27T00:00:00.000Z | 2026-06-11T11:57:15Z | 2026-05-12T00:29:08Z | 2026-05-18T13:23:54Z | 2026-05-25T13:08:59Z | 2026-06-01T13:20:32Z | 2026-06-08T13:20:12Z"
"SD","South Dakota","1ca0f2ee-8a34-4de7-9e7a-c3a8ace31d62","van Hofwegen Dental","-96.7069167746461","43.4975451460488","dentist","","5120 S Cliff Ave","Sioux Falls","57108","SD","US","(605) 334-2607","info@vanhofwegendental.com","http://www.vanhofwegendental.com","https://www.facebook.com/233122500225124","","0.77","","5","Foursquare | Overture","Apache-2.0 | CDLA-Permissive-2.0","2022-11-09T00:00:00.000 | 2026-06-11T11:57:15Z"
"SD","South Dakota","1e0b76b2-e4e6-40fe-be99-5acb503c1d43","Day One Dentistry","-103.14740573","44.07789079","dentist","cosmetic_dentist | medical_service_organizations","4215 Berniece St","Rapid City","57703-6410","SD","US","+16055939023","info@dayonedentistry.com","http://www.dayonedentistry.com/","https://www.facebook.com/256072481430985","","0.9199122190475464","open","7","meta | Overture | Overture-signals","CDLA-Permissive-2.0","2026-04-27T00:00:00.000Z | 2026-06-11T11:57:15Z | 2026-05-12T00:29:08Z | 2026-05-18T13:23:54Z | 2026-05-25T13:08:59Z | 2026-06-01T13:20:32Z | 2026-06-08T13:20:12Z"
"SD","South Dakota","1ea35721-edb1-4e84-bd0f-3196bb45f986","Crist Ross L DDS","-96.70745305","43.50085222","dentist","orthodontist | health_and_medical","4804 S Cliff Ave","Sioux Falls","57103-4974","SD","US","+16052718828","","http://www.cw-ortho.com","https://www.facebook.com/167812829900599","Crist & Wenande Orthodonstics","0.9199122190475464","open","7","meta | Overture | Overture-signals","CDLA-Permissive-2.0","2026-04-27T00:00:00.000Z | 2026-06-11T11:57:15Z | 2026-05-12T00:29:08Z | 2026-05-18T13:23:54Z | 2026-05-25T13:08:59Z | 2026-06-01T13:20:32Z | 2026-06-08T13:20:12Z"
"SD","South Dakota","2023cc46-24ce-473c-b2f7-0e9e2000aaa0","Falls Dental","-96.7073504","43.4983446","dentist","general_dentistry | medical_service_organizations","5100 S Cliff Ave","Sioux Falls","57108-5475","SD","US","+16053719111","info@fallsdentalsf.com","http://fallsdentalsf.com/","https://www.facebook.com/569756133067803","","0.9722161889076233","","9","meta | Overture","CDLA-Permissive-2.0","2026-04-27T00:00:00.000Z | 2026-06-11T11:57:15Z"
"SD","South Dakota","21f79832-3f12-4f88-9495-b9d8b27319d7","Neighborhood dental","-97.4083330353547","42.8772488524398","dentist","","812 Belfast St","Yankton","57078","SD","US","(605) 665-3653","","http://www.neighborhooddentalcare.com","","","0.9199122190475464","open","4","Foursquare | Overture | Overture-signals","Apache-2.0 | CDLA-Permissive-2.0","2025-08-22T00:00:00.000 | 2026-06-11T11:57:15Z | 2026-05-12T00:29:08Z | 2026-05-18T13:23:54Z | 2026-05-25T13:08:59Z | 2026-06-01T13:20:32Z | 2026-06-08T13:20:12Z"
"SD","South Dakota","242a4eaa-339a-4fd2-b124-0c1fb1d031e8","Aspen Dental","-98.4447256","45.4586373","dentist","","3307 7th Avenue SE STE 108","Aberdeen","57401","SD","US","","","https://www.aspendental.com/dentist/sd/aberdeen/3307-7th-avenue-se-ste-108/","","Aspen Dental","0.8","","3","AllThePlaces | Overture","CC0-1.0 | CDLA-Permissive-2.0","2026-06-02T15:18:54.000Z | 2026-06-11T11:57:15Z"
"SD","South Dakota","258bfd52-132e-4457-b553-c720b289de5c","Boulevard Dental","-103.23226001","44.07832044","dentist","general_dentistry | cosmetic_dentist","801 Mount Rushmore Rd","Rapid City","57701-3614","SD","US","+16053411895","frontdesk@mtbrushmore.com","https://www.blvddent.com","https://www.facebook.com/173588342677938","","0.9199122190475464","open","7","meta | Overture | Overture-signals","CDLA-Permissive-2.0","2026-04-27T00:00:00.000Z | 2026-06-11T11:57:15Z | 2026-05-12T00:29:08Z | 2026-05-18T13:23:54Z | 2026-05-25T13:08:59Z | 2026-06-01T13:20:32Z | 2026-06-08T13:20:12Z"
"SD","South Dakota","27ec951d-7443-46c2-a1db-7b9d4599a00e","Prairie Skies Family Dentistry","-96.79736035","44.3070891","dentist","general_dentistry | health_and_medical","420 Front St","Brookings","57006-2033","SD","US","+16056929555","frontdesk@prairieskiesdentistry.com","https://prairieskiesdentistry.com/?%2Futm_source=Facebook&utm_medium=Website","https://www.facebook.com/245450215491742","","0.9199122190475464","open","7","meta | Overture | Overture-signals","CDLA-Permissive-2.0","2026-04-27T00:00:00.000Z | 2026-06-11T11:57:15Z | 2026-05-12T00:29:08Z | 2026-05-18T13:23:54Z | 2026-05-25T13:08:59Z | 2026-06-01T13:20:32Z | 2026-06-08T13:20:12Z"
"SD","South Dakota","28f465d6-bf36-4b5f-b91c-e03843ad21f2","Embrace Dentistry","-96.76716474","44.30583188","dentist","general_dentistry | health_and_medical","2220 Yorkshire Dr","Brookings","57006-2442","SD","US","+16056976262","brookings@embracedentistry.com","https://www.embracedentistry.com/","https://www.facebook.com/368956099889676","Embrace Dentistry","0.9199122190475464","open","9","meta | Overture | Overture-signals","CDLA-Permissive-2.0","2026-04-27T00:00:00.000Z | 2026-06-11T11:57:15Z | 2026-05-12T00:29:08Z | 2026-05-18T13:23:54Z | 2026-05-25T13:08:59Z | 2026-06-01T13:20:32Z | 2026-06-08T13:20:12Z"
"SD","South Dakota","29182ca8-f6f2-4a14-9009-edc9f93430f0","Family Dentistry","-96.74112986","43.5336514","dentist","general_dentistry","1300 S Grange Ave","Sioux Falls","57105-0418","SD","US","+16053382163","","https://www.familydentistrysf.com","https://www.facebook.com/749652048242227","","0.9199122190475464","open","4","meta | Overture | Overture-signals","CDLA-Permissive-2.0","2026-04-27T00:00:00.000Z | 2026-06-11T11:57:15Z | 2026-05-12T00:29:08Z | 2026-05-18T13:23:54Z | 2026-05-25T13:08:59Z | 2026-06-01T13:20:32Z | 2026-06-08T13:20:12Z"
"SD","South Dakota","298ddaac-e559-4fd6-8839-66b510fbdca3","VanLaecken Orthodontics","-96.788929","44.299227","dentist","health_and_medical | hospital","604 Medary Ave S","Brookings","57006-3306","SD","US","+16056927063","info@vanlortho.com","https://vanlaeckenortho.com/","https://www.facebook.com/107833042894131","Vanlaecken Orthodontics - Brookings Office","0.9199122190475464","open","8","meta | Overture | Overture-signals","CDLA-Permissive-2.0","2026-04-27T00:00:00.000Z | 2026-06-11T11:57:15Z | 2026-05-12T00:29:08Z | 2026-05-18T13:23:54Z | 2026-05-25T13:08:59Z | 2026-06-01T13:20:32Z | 2026-06-08T13:20:12Z"
"SD","South Dakota","29e0df7c-d35a-4558-868b-7c077e23421c","Dental Center","-98.5060544527553","45.4757744417981","dentist","","1021 Circle Dr","Aberdeen","57401","SD","US","(605) 725-0800","dentalcenter@nvc.net","https://www.thebestdentalcenter.com","","","0.77","","5","Foursquare | Overture","Apache-2.0 | CDLA-Permissive-2.0","2025-06-15T00:00:00.000 | 2026-06-11T11:57:15Z"
"SD","South Dakota","2d775ed5-8780-4cf7-b687-c4e9c7888f31","Winner Dental Clinic","-99.83958623","43.36969889","dentist","orthodontist","911 Golden Prairie Dr","Winner","57580-2176","SD","US","+16058421793","winnerdentalclinic@gmail.com","http://winnerdentalclinic.com/","https://www.facebook.com/1400363733579496","","0.9199122190475464","open","8","meta | Overture | Overture-signals","CDLA-Permissive-2.0","2026-04-27T00:00:00.000Z | 2026-06-11T11:57:15Z | 2026-05-12T00:29:08Z | 2026-05-18T13:23:54Z | 2026-05-25T13:08:59Z | 2026-06-01T13:20:32Z | 2026-06-08T13:20:12Z"
"SD","South Dakota","2d7f7543-6d19-4292-baea-bf50b6e101d2","Yankton Family Dentistry","-97.39313079","42.90910463","dentist","general_dentistry | doctor","106 W 31st St","Yankton","57078-4849","SD","US","+16056656223","drbriggs@yanktonfamilydentistry.com","http://www.yanktonfamilydentistry.com/","https://www.facebook.com/257330744127338","","0.9199122190475464","open","9","meta | Overture | Overture-signals","CDLA-Permissive-2.0","2026-04-27T00:00:00.000Z | 2026-06-11T11:57:15Z | 2026-05-12T00:29:08Z | 2026-05-18T13:23:54Z | 2026-05-25T13:08:59Z | 2026-06-01T13:20:32Z | 2026-06-08T13:20:12Z"
"SD","South Dakota","2dea26ad-db00-4a57-989d-814f2f227b49","Dakota Dental","-96.72266535","43.47582985","dentist","general_dentistry","7600 S Brookside Cir","Sioux Falls","57108-6054","SD","US","+16053326377","manager@dakotadentalsd.com","http://www.dakotadentalsd.com/","https://www.facebook.com/145464675518748","Dakota Dental","0.985268771648407","open","3","meta | Overture | Overture-signals","CDLA-Permissive-2.0","2026-04-27T00:00:00.000Z | 2026-06-11T11:57:15Z | 2026-05-12T00:29:08Z"
"SD","South Dakota","306a6383-f4c7-4f76-a010-f3c54b72b8af","Prairie Dental Center","-96.71012001","43.48295749","dentist","general_dentistry | medical_service_organizations","7000 S Santa Rosa Ct","Sioux Falls","57108-8539","SD","US","+16053358640","prairiedtl@gmail.com","http://www.prairiedentalcenter.net/","https://www.facebook.com/108007162628267","","0.9199122190475464","open","9","meta | Overture | Overture-signals","CDLA-Permissive-2.0","2026-04-27T00:00:00.000Z | 2026-06-11T11:57:15Z | 2026-05-12T00:29:08Z | 2026-05-18T13:23:54Z | 2026-05-25T13:08:59Z | 2026-06-01T13:20:32Z | 2026-06-08T13:20:12Z"
"SD","South Dakota","30c94110-7f2a-4880-9a5a-eadc70831f40","Winner Family Dentistry","-99.846726194105","43.3707602650784","dentist","","825 E 8th St Ste 203","Winner","57580","SD","US","(605) 842-2101","","http://winnersd.org","","","0.77","","5","Foursquare | Overture","Apache-2.0 | CDLA-Permissive-2.0","2025-08-22T00:00:00.000 | 2026-06-11T11:57:15Z"
"SD","South Dakota","31d09cbe-cd0e-40e7-8d84-1ccef2ba6d7c","Motto Clear Aligners","-103.1914192","44.1014409","dentist","health_and_medical","1147 Eglin St","Rapid City","57701","SD","US","6058773798","","https://www.aspendental.com/dentist/sd/rapid-city/1147-eglin-street/motto-clear-aligners/","","","0.9199122190475464","open","6","Microsoft | Overture | Overture-signals","CDLA-Permissive-2.0","2025-10-03T20:49:35.263Z | 2026-06-11T11:57:15Z | 2026-05-12T00:29:08Z | 2026-05-18T13:23:54Z | 2026-05-25T13:08:59Z | 2026-06-01T13:20:32Z | 2026-06-08T13:20:12Z"
"SD","South Dakota","326e342d-6ce6-4ee8-95b1-a0c81ff89f11","Siouxland Dental Health","-96.9296656","42.7866849","dentist","health_and_medical","117 E Cherry St","Vermillion","57069","SD","US","6056240070","","","","","0.9199122190475464","open","6","Microsoft | Overture | Overture-signals","CDLA-Permissive-2.0","2015-05-15T08:45:24.920Z | 2026-06-11T11:57:15Z | 2026-05-12T00:29:08Z | 2026-05-18T13:23:54Z | 2026-05-25T13:08:59Z | 2026-06-01T13:20:32Z | 2026-06-08T13:20:12Z"
"SD","South Dakota","32836c1c-0483-4f02-8bee-15a7f5e60eef","Schaack Family Dentistry","-103.24940575","44.0259226","dentist","general_dentistry | cosmetic_dentist","6005 Mount Rushmore Rd","Rapid City","57701-8962","SD","US","+16057165444","frontdesk@pinepeaksdental.com","http://www.schaackfamilydentistry.com/","https://www.facebook.com/144950678879159","","0.9199122190475464","open","9","meta | Overture | Overture-signals","CDLA-Permissive-2.0","2026-04-27T00:00:00.000Z | 2026-06-11T11:57:15Z | 2026-05-12T00:29:08Z | 2026-05-18T13:23:54Z | 2026-05-25T13:08:59Z | 2026-06-01T13:20:32Z | 2026-06-08T13:20:12Z"
"SD","South Dakota","33d9878a-689d-44ce-b588-b1ab8d11d274","Northeast Orthodontic Associates","-96.6390888983255","45.2186391954414","dentist","","104 W 4th Ave","Milbank","57252","SD","US","(605) 432-5011","","http://www.neortho.us","","","0.9199122190475464","open","4","Foursquare | Overture | Overture-signals","Apache-2.0 | CDLA-Permissive-2.0","2025-08-19T00:00:00.000 | 2026-06-11T11:57:15Z | 2026-05-12T00:29:08Z | 2026-05-18T13:23:54Z | 2026-05-25T13:08:59Z | 2026-06-01T13:20:32Z | 2026-06-08T13:20:12Z"
"SD","South Dakota","35373988-28b7-443c-bba3-da302e2ae83c","Bryan Johnson","-96.6355692698047","45.2197047674623","dentist","","309 S Main St","Milbank","57252","SD","US","(605) 432-9531","","http://milbankdentist.com","","","0.9199122190475464","open","4","Foursquare | Overture | Overture-signals","Apache-2.0 | CDLA-Permissive-2.0","2025-08-22T00:00:00.000 | 2026-06-11T11:57:15Z | 2026-05-12T00:29:08Z | 2026-05-18T13:23:54Z | 2026-05-25T13:08:59Z | 2026-06-01T13:20:32Z | 2026-06-08T13:20:12Z"
"SD","South Dakota","3ebf3a1d-4165-4988-b253-be5e1f00de06","Carrels & Bain Family Dental Care","-98.47902706","45.45679516","dentist","general_dentistry | medical_service_organizations","805 State St S","Aberdeen","57401-6222","SD","US","+16052251192","info@carrelsandbaindental.com","http://carrelsandbaindental.com/","https://www.facebook.com/158171774217695","","0.9199122190475464","open","9","meta | Overture | Overture-signals","CDLA-Permissive-2.0","2026-04-27T00:00:00.000Z | 2026-06-11T11:57:15Z | 2026-05-12T00:29:08Z | 2026-05-18T13:23:54Z | 2026-05-25T13:08:59Z | 2026-06-01T13:20:32Z | 2026-06-08T13:20:12Z"
"SD","South Dakota","3f0a25b7-4f09-4afa-b812-dad861485ed0","Willow Creek Dental","-96.6904019","43.52952389","dentist","general_dentistry | doctor","2804 E 26th St","Sioux Falls","57103-4007","SD","US","+16053315656","willowcreek@cddentistry.com","https://willowcreekdentalsd.com/","https://www.facebook.com/111272703616048","","0.9851565361022949","open","11","meta | Overture | Overture-signals","CDLA-Permissive-2.0","2026-04-27T00:00:00.000Z | 2026-06-11T11:57:15Z | 2026-06-08T13:20:12Z"
"SD","South Dakota","3fc6eb82-f37e-404c-93c8-0bb2a4b179b1","Fuchs Orthodontics","-98.2290540767144","44.3421607900558","dentist","","2080 Arizona Ave SW","Huron","57350","SD","US","(605) 352-1670","","http://www.fuchsorthodontics.com","https://www.facebook.com/162259910468733","","0.9199122190475464","open","5","Foursquare | Overture | Overture-signals","Apache-2.0 | CDLA-Permissive-2.0","2025-08-19T00:00:00.000 | 2026-06-11T11:57:15Z | 2026-05-12T00:29:08Z | 2026-05-18T13:23:54Z | 2026-05-25T13:08:59Z | 2026-06-01T13:20:32Z | 2026-06-08T13:20:12Z"
"SD","South Dakota","3ffba611-f471-4427-a48a-51355eaef1c7","VanHofwegen Dental","-96.7070132186752","43.4974641293977","dentist","","5048-5144 S Cliff Ave","Sioux Falls","57108","SD","US","(605) 334-2607","","http://www.dentistsiouxfallssd.com","","","0.77","","3","Foursquare | Overture","Apache-2.0 | CDLA-Permissive-2.0","2026-01-27T00:00:00.000 | 2026-06-11T11:57:15Z"
"SD","South Dakota","40069cb2-d2a1-4537-baef-7b38d624a95b","Harrisburg Family Dental","-96.70803121","43.43465329","dentist","general_dentistry | cosmetic_dentist","225 N Cliff Ave","Harrisburg","57032-2523","SD","US","+16052131230","harrisburgfamilydental@outlook.com","http://www.harrisburgsddentist.com/","https://www.facebook.com/112350890486403","","0.9199122190475464","open","7","meta | Overture | Overture-signals","CDLA-Permissive-2.0","2026-04-27T00:00:00.000Z | 2026-06-11T11:57:15Z | 2026-05-12T00:29:08Z | 2026-05-18T13:23:54Z | 2026-05-25T13:08:59Z | 2026-06-01T13:20:32Z | 2026-06-08T13:20:12Z"
"SD","South Dakota","40e8440a-fd2e-4bf9-94b0-583fe00ac99e","Today's family dentistry brandon sd","-96.615575233967","43.594259884168","dentist","","1511 W Holly Blvd","Brandon","57005","SD","US","(605) 582-5000","todaysfamilydentistrysd@alliancecom.net","http://www.todaysfamilydentistrysd.com","https://www.facebook.com/167120213425900","","0.9199122190475464","open","4","Foursquare | Overture | Overture-signals","Apache-2.0 | CDLA-Permissive-2.0","2023-06-16T00:00:00.000 | 2026-06-11T11:57:15Z | 2026-05-12T00:29:08Z | 2026-05-18T13:23:54Z | 2026-05-25T13:08:59Z | 2026-06-01T13:20:32Z | 2026-06-08T13:20:12Z"
"SD","South Dakota","42bb1c54-405c-4965-952a-517ac0b7272f","Smiles For Siouxland","-96.7899743773813","43.5143430610464","dentist","","3405 S Cathy Ave","Sioux Falls","57106","SD","US","(800) 516-7631","browerj@gmail.com","http://www.smilesforsiouxland.com","https://www.twitter.com/smilesiouxland | https://www.facebook.com/101227266620624","","0.9199122190475464","open","4","Foursquare | Overture | Overture-signals","Apache-2.0 | CDLA-Permissive-2.0","2021-05-27T00:00:00.000 | 2026-06-11T11:57:15Z | 2026-05-12T00:29:08Z | 2026-05-18T13:23:54Z | 2026-05-25T13:08:59Z | 2026-06-01T13:20:32Z | 2026-06-08T13:20:12Z"
"SD","South Dakota","43775ee9-191b-4901-af2d-131e6aed2905","Mc Cook County Dental Center","-97.38284875","43.71749205","dentist","general_dentistry | medical_service_organizations","440 E Ruton Ave","Salem","57058-8740","SD","US","+16054252725","","http://www.mccookcountydental.com","https://www.facebook.com/152990371408651","","0.9199122190475464","open","8","meta | Overture | Overture-signals","CDLA-Permissive-2.0","2026-04-27T00:00:00.000Z | 2026-06-11T11:57:15Z | 2026-05-12T00:29:08Z | 2026-05-18T13:23:54Z | 2026-05-25T13:08:59Z | 2026-06-01T13:20:32Z | 2026-06-08T13:20:12Z"
"SD","South Dakota","4717b54e-cc0f-4bac-93be-c015ed060fe7","West Dakota Surgical Clinic","-103.27002803","44.02943417","dentist","surgical_center","5565 Bendt Dr","Rapid City","57702-6701","SD","US","+16057184519","office@carpenterdental.net","http://www.carpenterdental.net/","https://www.facebook.com/109634918315034","Carpenter Dental","0.9902192950248718","open","9","meta | Overture | Overture-signals","CDLA-Permissive-2.0","2026-04-27T00:00:00.000Z | 2026-06-11T11:57:15Z | 2026-05-12T00:29:08Z | 2026-05-18T13:23:54Z | 2026-05-25T13:08:59Z | 2026-06-01T13:20:32Z | 2026-06-08T13:20:12Z"
"SD","South Dakota","481c2b81-8f4f-4a12-8b05-8e0bee71d1ce","Larsen Ehlers","-96.7575056","43.5124635","dentist","health_and_medical","3520 S Sheldon Ln","Sioux Falls","57105","SD","US","6053383577","","https://parkcenterdentalcare.com/family-dentistry/","","","0.9199122190475464","open","6","Microsoft | Overture | Overture-signals","CDLA-Permissive-2.0","2025-10-05T18:11:59.070Z | 2026-06-11T11:57:15Z | 2026-05-12T00:29:08Z | 2026-05-18T13:23:54Z | 2026-05-25T13:08:59Z | 2026-06-01T13:20:32Z | 2026-06-08T13:20:12Z"
"SD","South Dakota","49b8142b-ed2b-4378-8aa3-fd6803c9e533","Infinity Sedation Dentistry","-103.147464953627","44.0779528727469","dentist","","4215 Berniece St #102","Rapid City","57703","SD","US","(605) 608-8080","blackhills@infinitysedation.com","https://www.infinitysedation.com","https://www.facebook.com/101762531905569","","0.9199122190475464","open","4","Foursquare | Overture | Overture-signals","Apache-2.0 | CDLA-Permissive-2.0","2021-01-26T00:00:00.000 | 2026-06-11T11:57:15Z | 2026-05-12T00:29:08Z | 2026-05-18T13:23:54Z | 2026-05-25T13:08:59Z | 2026-06-01T13:20:32Z | 2026-06-08T13:20:12Z"
"SD","South Dakota","4a265415-a71d-4e9a-bf43-a142648a481a","EastSide Smiles of Sioux Falls","-96.6643033859497","43.5009520807156","dentist","","4930 E. 57th St","Sioux Falls","57108","SD","US","(605) 202-5333","","http://eastsidesmiles.com","","","0.77","","3","Foursquare | Overture","Apache-2.0 | CDLA-Permissive-2.0","2026-01-08T00:00:00.000 | 2026-06-11T11:57:15Z"
"SD","South Dakota","4a719e69-1708-47e2-983b-a56a209102a7","Anderson Rumpca Dental","-100.32029517","44.37671134","dentist","general_dentistry | medical_service_organizations","1521 N Harrison Ave","Pierre","57501-2372","SD","US","+16052246111","office@pierredentists.com","http://www.pierredentists.com/","https://www.facebook.com/203912289650727","","0.9199122190475464","open","10","meta | Overture | Overture-signals","CDLA-Permissive-2.0","2026-04-27T00:00:00.000Z | 2026-06-11T11:57:15Z | 2026-05-12T00:29:08Z | 2026-05-18T13:23:54Z | 2026-05-25T13:08:59Z | 2026-06-01T13:20:32Z | 2026-06-08T13:20:12Z"
"SD","South Dakota","4c16b47c-a667-4c9d-a2a4-bff783a07ac4","Dennis M. Mills","-103.730090155442","44.3697722922841","dentist","","88 Charles St","Deadwood","57732","SD","US","(605) 578-3810","","http://www.deadwooddental.com","","","0.9199122190475464","open","4","Foursquare | Overture | Overture-signals","Apache-2.0 | CDLA-Permissive-2.0","2025-08-22T00:00:00.000 | 2026-06-11T11:57:15Z | 2026-05-12T00:29:08Z | 2026-05-18T13:23:54Z | 2026-05-25T13:08:59Z | 2026-06-01T13:20:32Z | 2026-06-08T13:20:12Z"
"SD","South Dakota","4f8c0579-6a1f-4759-8d49-c7dfa6e1cfe4","Timothy M. Drake","-98.02617033","43.72059518","dentist","general_dentistry | medical_service_organizations","103 W 12th Ave","Mitchell","57301-1311","SD","US","+16059969235","","http://www.drakedds.com/","https://www.facebook.com/886022564789413","","0.9199122190475464","open","9","meta | Overture | Overture-signals","CDLA-Permissive-2.0","2026-04-27T00:00:00.000Z | 2026-06-11T11:57:15Z | 2026-05-12T00:29:08Z | 2026-05-18T13:23:54Z | 2026-05-25T13:08:59Z | 2026-06-01T13:20:32Z | 2026-06-08T13:20:12Z"
"SD","South Dakota","5011fb6c-ede3-4644-813f-ef6085eb1da6","Falls Community Dental","-96.7288012366767","43.5530844433562","dentist","","521 N Main Ave","Sioux Falls","57104","SD","US","(605) 367-8022","","https://www.siouxfalls.org/contactus/health/fch","","","0.77","","5","Foursquare | Overture","Apache-2.0 | CDLA-Permissive-2.0","2025-08-22T00:00:00.000 | 2026-06-11T11:57:15Z"
"SD","South Dakota","51a98c90-9024-4957-8f07-2d0aad6646c2","Sioux San Dental Clinic","-103.27047996667","44.07582705","dentist","health_and_medical | prosthodontist","","Rapid City","","SD","US","","","","https://www.facebook.com/358447177576842","","0.906944990158081","open","10","meta | Overture | Overture-signals","CDLA-Permissive-2.0","2026-04-27T00:00:00.000Z | 2026-06-11T11:57:15Z | 2026-06-08T13:20:12Z"
"SD","South Dakota","5237e022-93d0-439e-af83-33245d210068","Davies Laura","-103.2657661943","44.0695182149191","dentist","","2800 Jackson Blvd Ste 9","Rapid City","57702","SD","US","(605) 718-0523","","http://www.dakotafamilydentalsd.com","","","0.9199122190475464","open","4","Foursquare | Overture | Overture-signals","Apache-2.0 | CDLA-Permissive-2.0","2025-05-23T00:00:00.000 | 2026-06-11T11:57:15Z | 2026-05-12T00:29:08Z | 2026-05-18T13:23:54Z | 2026-05-25T13:08:59Z | 2026-06-01T13:20:32Z | 2026-06-08T13:20:12Z"
"SD","South Dakota","524c030c-5393-4e80-8d82-2055e632c093","Canton Dental Clinic","-96.60592014","43.30122781","dentist","general_dentistry","1110 W 5th St","Canton","57013-1543","SD","US","+16053496879","","http://www.cantonsddentist.com/","https://www.facebook.com/562536670533514","","0.9199122190475464","open","8","meta | Overture | Overture-signals","CDLA-Permissive-2.0","2026-04-27T00:00:00.000Z | 2026-06-11T11:57:15Z | 2026-05-12T00:29:08Z | 2026-05-18T13:23:54Z | 2026-05-25T13:08:59Z | 2026-06-01T13:20:32Z | 2026-06-08T13:20:12Z"
"SD","South Dakota","54e32e9f-f310-4970-85fc-51ba8a673922","Neighborhood Dental","-96.684146","43.529113","dentist","oral_surgeon","3321 E 26th St","Sioux Falls","57103-4144","SD","US","+16052999372","nbd26east@neighborhooddentalcare.com","https://neighborhooddentalcare.com","https://www.facebook.com/190939958326746","","0.9219852089881897","","9","meta | Overture","CDLA-Permissive-2.0","2026-04-27T00:00:00.000Z | 2026-06-11T11:57:15Z"
"SD","South Dakota","56d068bf-c2fc-4832-a994-e43bbc0fde69","Smile Solutions","-98.486303","45.459478","dentist","medical_service_organizations | health_and_medical","105 6th Ave SE","Aberdeen","57401-4338","SD","US","+16057251500","smilesolutions@nvc.net","http://www.smilesolutionsaberdeen.com/","https://www.facebook.com/284776091695968","","0.967706024646759","","7","meta | Overture","CDLA-Permissive-2.0","2026-04-27T00:00:00.000Z | 2026-06-11T11:57:15Z"
"SD","South Dakota","56e1cecf-6d35-4c53-9fd9-962b4b956eed","Sioux Falls Sedation Dentistry","-96.73095561","43.50469147","dentist","general_dentistry | cosmetic_dentist","4320 S Minnesota Ave","Sioux Falls","57105-6747","SD","US","+16052752009","siouxfalls@infinitysedation.com","https://www.infinitysedation.com/","https://www.facebook.com/481757998623342","","0.9955294728279114","open","7","meta | Overture | Overture-signals","CDLA-Permissive-2.0","2026-04-27T00:00:00.000Z | 2026-06-11T11:57:15Z | 2026-05-12T00:29:08Z | 2026-06-08T13:20:12Z"
"SD","South Dakota","587b6eec-6539-4e99-a666-a0e6d97cab00","Renew Dental","-96.80531535","43.5145381","dentist","general_dentistry | cosmetic_dentist","6301 W 41st St","Sioux Falls","57106-1217","SD","US","+16053054141","contact@renewdental-sf.com","http://renewdental-sf.com/","https://www.facebook.com/111967856994097","","0.9199122190475464","open","10","meta | Overture | Overture-signals","CDLA-Permissive-2.0","2026-04-27T00:00:00.000Z | 2026-06-11T11:57:15Z | 2026-05-12T00:29:08Z | 2026-05-18T13:23:54Z | 2026-05-25T13:08:59Z | 2026-06-01T13:20:32Z | 2026-06-08T13:20:12Z"
"SD","South Dakota","58b913f5-d424-434f-af12-80e84d3f4269","Advanced Family Dental","-103.232681","44.068274","dentist","medical_service_organizations | hospital","1801 Mount Rushmore Rd","Rapid City","57701-4564","SD","US","+16057167800","appointments@rcafd.com","http://www.advancedfamilydentalonline.com/","https://www.facebook.com/149980011736316","","0.6194131970405579","","9","meta | Overture","CDLA-Permissive-2.0","2026-04-27T00:00:00.000Z | 2026-06-11T11:57:15Z"
"SD","South Dakota","59e62c7f-debd-4c88-95cb-32737c8999d6","Loftus Dental","-103.5054421","44.4152743","dentist","general_dentistry | medical_service_organizations","866 Lazelle St","Sturgis","57785-1611","SD","US","+16053478880","","http://www.loftusdental.com/","https://www.facebook.com/415134451832639","Loftus Dental","0.9199122190475464","open","9","meta | Overture | Overture-signals","CDLA-Permissive-2.0","2026-04-27T00:00:00.000Z | 2026-06-11T11:57:15Z | 2026-05-12T00:29:08Z | 2026-05-18T13:23:54Z | 2026-05-25T13:08:59Z | 2026-06-01T13:20:32Z | 2026-06-08T13:20:12Z"
"SD","South Dakota","5bd3774e-961c-4e4b-85bc-a8ec53bd6016","Dynamic Dental","-97.08376","44.91641","dentist","","2702 13th Avenue Cir","Watertown","57201-6854","SD","US","+16058868096","info@dynamicdentalsd.com","https://dynamicdentalsd.com/","https://www.facebook.com/107442519017777","","0.9722161889076233","open","6","meta | Overture | Overture-signals","CDLA-Permissive-2.0","2026-04-27T00:00:00.000Z | 2026-06-11T11:57:15Z | 2026-05-12T00:29:08Z"
"SD","South Dakota","5bed0f84-a852-498d-ac77-2e3163f67919","Kappenman Dental Clinic","-96.79580761","43.51498533","dentist","general_dentistry | cosmetic_dentist","5704 W 41st St","Sioux Falls","57106-1011","SD","US","+16053619288","","http://www.kappenmanfamilydental.com/","https://www.facebook.com/103626499704568","","0.9199122190475464","open","8","meta | Overture | Overture-signals","CDLA-Permissive-2.0","2026-04-27T00:00:00.000Z | 2026-06-11T11:57:15Z | 2026-05-12T00:29:08Z | 2026-05-18T13:23:54Z | 2026-05-25T13:08:59Z | 2026-06-01T13:20:32Z | 2026-06-08T13:20:12Z"
"SD","South Dakota","5c08b675-f2ed-4c80-9834-62c9fc19a99f","Premier Hospital and Sleep Dentistry","-97.4051317","42.871245","dentist","hospital","409 Summit St","Yankton","57078-3734","SD","US","+16058575476","premiersddental@cddentistry.com","http://premiersddentist.com/","https://www.facebook.com/112056400330349","","0.80865478515625","","1","meta | Overture","CDLA-Permissive-2.0","2026-04-27T00:00:00.000Z | 2026-06-11T11:57:15Z"
"SD","South Dakota","5cdf4bb9-0539-457a-9462-cb1551d989c5","Confidence Family Dentistry","-97.522645","45.339933","dentist","cosmetic_dentist | health_and_medical","101 Peabody Drive","Webster","57274","SD","US","+16053453000","office@confidencedentistry.com","http://confidencedentistry.com/","https://www.facebook.com/953475974737557","","0.9920481622219086","","5","meta | Overture","CDLA-Permissive-2.0","2026-04-27T00:00:00.000Z | 2026-06-11T11:57:15Z"
"SD","South Dakota","5d611bcb-5e10-4e3a-b69b-f8534fc909bc","Sioux Falls Sedation Dentistry","-96.7307142974878","43.504810260134","dentist","","4320 S Minnesota Ave","Sioux Falls","57105","SD","US","(605) 275-2009","welcome@siouxfallssedation.com","https://www.siouxfallssedation.com","https://www.facebook.com/481757998623342","","0.77","","5","Foursquare | Overture","Apache-2.0 | CDLA-Permissive-2.0","2020-12-08T00:00:00.000 | 2026-06-11T11:57:15Z"
"SD","South Dakota","5ea53195-3666-40fb-829b-08f8b9db6a76","Dental Care Associates","-96.67119502","43.55576994","dentist","general_dentistry | medical_service_organizations","720 N Sycamore Ave","Sioux Falls","57110-5829","SD","US","+16053386118","info@siouxfallsdentalcare.com","https://siouxfallsdentalcare.com/","https://www.facebook.com/792261100862855","","0.9199122190475464","open","7","meta | Overture | Overture-signals","CDLA-Permissive-2.0","2026-04-27T00:00:00.000Z | 2026-06-11T11:57:15Z | 2026-05-12T00:29:08Z | 2026-05-18T13:23:54Z | 2026-05-25T13:08:59Z | 2026-06-01T13:20:32Z | 2026-06-08T13:20:12Z"
"SD","South Dakota","5ee9c4f3-8ed2-45d4-b436-57965cfde9d5","Dr. Stone's Office","-103.77980852","44.3560167","dentist","doctor | health_and_medical","82 Dunmire Dr","Lead","57754-1012","SD","US","+16055842983","hello@drstonesoffice.com","http://www.drstonesoffice.com/","https://www.facebook.com/590142057683281","","0.9199122190475464","open","9","meta | Overture | Overture-signals","CDLA-Permissive-2.0","2026-04-27T00:00:00.000Z | 2026-06-11T11:57:15Z | 2026-05-12T00:29:08Z | 2026-05-18T13:23:54Z | 2026-05-25T13:08:59Z | 2026-06-01T13:20:32Z | 2026-06-08T13:20:12Z"
"SD","South Dakota","5f098864-b99f-4a86-8fa9-6848add1b4e6","Knutzen Family Dentistry","-96.76950691","44.2919815","dentist","general_dentistry | health_and_medical","2110 12th St S","Brookings","57006-5609","SD","US","+16056929463","info@knutzendental.com","http://knutzendental.com/","https://www.facebook.com/1045268322226739","Knutzen Family Dentistry","0.9199122190475464","open","9","meta | Overture | Overture-signals","CDLA-Permissive-2.0","2026-04-27T00:00:00.000Z | 2026-06-11T11:57:15Z | 2026-05-12T00:29:08Z | 2026-05-18T13:23:54Z | 2026-05-25T13:08:59Z | 2026-06-01T13:20:32Z | 2026-06-08T13:20:12Z"
"SD","South Dakota","5feaea04-2470-4729-a8fe-8e1d0d3519e0","Jackson Dental","-103.85308052","44.66706201","dentist","general_dentistry | health_and_medical","503 Jackson St","Belle Fourche","57717-1716","SD","US","+16058926347","drjackson@bellefourchedentist.com","https://www.jacksondentalclinic.com/","https://www.facebook.com/170711187372","","0.9199122190475464","open","9","meta | Overture | Overture-signals","CDLA-Permissive-2.0","2026-04-27T00:00:00.000Z | 2026-06-11T11:57:15Z | 2026-05-12T00:29:08Z | 2026-05-18T13:23:54Z | 2026-05-25T13:08:59Z | 2026-06-01T13:20:32Z | 2026-06-08T13:20:12Z"
"SD","South Dakota","606f7b71-ce0b-482e-b0d1-4f9c257d9303","Dana Dental Arts","-103.86067172","44.49679761","dentist","general_dentistry | medical_service_organizations","1306 N Main St","Spearfish","57783-1503","SD","US","+16056427727","danadentalarts@yahoo.com","https://www.danadentalarts.com/","https://www.facebook.com/147698591915306","Dana Dental Arts","0.9199122190475464","open","9","meta | Overture | Overture-signals","CDLA-Permissive-2.0","2026-04-27T00:00:00.000Z | 2026-06-11T11:57:15Z | 2026-05-12T00:29:08Z | 2026-05-18T13:23:54Z | 2026-05-25T13:08:59Z | 2026-06-01T13:20:32Z | 2026-06-08T13:20:12Z"
"SD","South Dakota","62d8534c-7ad4-455c-b2a9-d952a597d2af","Meyer Orthodontics","-97.1099497683683","44.0137104815042","dentist","","903 N Washington Ave","Madison","57042","SD","US","(605) 256-8830","","http://www.bracesbymeyer.com","","","0.9199122190475464","open","4","Foursquare | Overture | Overture-signals","Apache-2.0 | CDLA-Permissive-2.0","2025-08-19T00:00:00.000 | 2026-06-11T11:57:15Z | 2026-05-12T00:29:08Z | 2026-05-18T13:23:54Z | 2026-05-25T13:08:59Z | 2026-06-01T13:20:32Z | 2026-06-08T13:20:12Z"
"SD","South Dakota","638a88eb-7aa4-4679-ae2d-fdd9f887b615","Flandreau Dental","-96.6008649","44.0485135","dentist","health_and_medical","406 W Pipestone Ave","Flandreau","57028","SD","US","6059973732","","http://www.flandreaudental.com/","","","0.9199122190475464","open","6","Microsoft | Overture | Overture-signals","CDLA-Permissive-2.0","2024-06-20T23:44:30.007Z | 2026-06-11T11:57:15Z | 2026-05-12T00:29:08Z | 2026-05-18T13:23:54Z | 2026-05-25T13:08:59Z | 2026-06-01T13:20:32Z | 2026-06-08T13:20:12Z"
"SD","South Dakota","63b920ab-2738-4c81-9a6e-02edeced10da","Advanced Dental","-96.76960442","43.49997931","dentist","general_dentistry | health_and_medical","3517 W 57th St","Sioux Falls","57108-3156","SD","US","+16052756504","advanced@siouxfallsdental.com","http://www.siouxfallsdental.com/","https://www.facebook.com/129586143731377","","0.9199122190475464","open","8","meta | Overture | Overture-signals","CDLA-Permissive-2.0","2026-04-27T00:00:00.000Z | 2026-06-11T11:57:15Z | 2026-05-12T00:29:08Z | 2026-05-18T13:23:54Z | 2026-05-25T13:08:59Z | 2026-06-01T13:20:32Z | 2026-06-08T13:20:12Z"
"SD","South Dakota","66611d04-8451-46ae-941d-c53177cc0eae","Ray Dental Group","-103.21816788","44.04330864","dentist","general_dentistry | health_and_medical","110 Minnesota St","Rapid City","57701-6201","SD","US","+16053432842","raydentalgrp@gmail.com","http://www.raydental.com/","https://www.facebook.com/100779120052172","Ray Dental Group","0.9199122190475464","open","10","meta | Overture | Overture-signals","CDLA-Permissive-2.0","2026-04-27T00:00:00.000Z | 2026-06-11T11:57:15Z | 2026-05-12T00:29:08Z | 2026-05-18T13:23:54Z | 2026-05-25T13:08:59Z | 2026-06-01T13:20:32Z | 2026-06-08T13:20:12Z"
"SD","South Dakota","669455d1-2ce1-4801-8744-0ccdd6cfb165","Dental Wellness","-96.72943994","43.48918346","dentist","general_dentistry","6104 S Lyncrest Ave","Sioux Falls","57108-2560","SD","US","+16052746191","ddwcenter@gmail.com","https://www.1dentalwellness.com/","https://www.facebook.com/169870613036030","","0.9199122190475464","open","8","meta | Overture | Overture-signals","CDLA-Permissive-2.0","2026-04-27T00:00:00.000Z | 2026-06-11T11:57:15Z | 2026-05-12T00:29:08Z | 2026-05-18T13:23:54Z | 2026-05-25T13:08:59Z | 2026-06-01T13:20:32Z | 2026-06-08T13:20:12Z"
"SD","South Dakota","66c769b7-3d5d-4eba-85c7-52e895cdba45","Advanced Dental Professionals","-103.23506114","44.08345152","dentist","endodontist | orthodontist","333 West Blvd","Rapid City","57701-4100","SD","US","+16053435415","marketing@advanceddentalprof.com","http://advanceddentalprof.com/","https://www.facebook.com/167970676550445","","0.9992727100849151","","8","meta | Overture","CDLA-Permissive-2.0","2026-04-27T00:00:00.000Z | 2026-06-11T11:57:15Z"
"SD","South Dakota","6921814c-46d7-4f55-8d43-d70b7d25e905","Dr. Brent A. Swenson, DDS","-100.359092911854","44.3661424656102","dentist","","33 South Central Ave","Pierre","57501","SD","US","(605) 224-5966","","http://www.healthgrades.com/dentist/dr-patrick-hermanson-xfg96","","","0.77","","5","Foursquare | Overture","Apache-2.0 | CDLA-Permissive-2.0","2024-08-14T00:00:00.000 | 2026-06-11T11:57:15Z"
"SD","South Dakota","6a0eb6ab-fd23-4da6-92d0-324c7350288e","Dental Implant Group","-96.60584223","43.30116409","dentist","general_dentistry","1110 W 5th St","Canton","57013-1543","SD","US","+16057643179","dentalimplantgroup@yahoo.com","http://www.dentalimplantgroupsd.com/","https://www.facebook.com/125636854158276","","0.9918346405029297","","8","meta | Overture","CDLA-Permissive-2.0","2026-04-27T00:00:00.000Z | 2026-06-11T11:57:15Z"
"SD","South Dakota","6b056e75-dd70-44f1-877b-7d8f2971f201","Prairie Dental","-96.729197","43.498723","dentist","","","Sioux Falls","57108","SD","US","(605) 335-8640","","https://www.prairiedentalcenter.com","https://www.facebook.com/108007162628267","","0.77","","5","Foursquare | Overture","Apache-2.0 | CDLA-Permissive-2.0","2024-09-25T00:00:00.000 | 2026-06-11T11:57:15Z"
"SD","South Dakota","6b9a9ded-4852-4412-8b3d-f407a2928682","Redfield Smiles","-98.51801","44.8775","dentist","","517 Main St","Redfield","57469","SD","US","+16054606468","","","","","0.9199122190475464","open","7","DAC | Overture | Overture-signals","CDLA-Permissive-2.0","2026-06-10T16:03:35.911Z | 2026-06-11T11:57:15Z | 2026-05-12T00:29:08Z | 2026-05-18T13:23:54Z | 2026-05-25T13:08:59Z | 2026-06-01T13:20:32Z | 2026-06-08T13:20:12Z"
"SD","South Dakota","713f477f-8450-4922-b187-a41a317c83d3","Edward Kusek","-96.6649210652607","43.5284291281753","dentist","","4921 E 26th St","Sioux Falls","57110","SD","US","(605) 371-3443","contactus@siouxfallsimplantdentist.com","http://www.drkusek.com","","","0.77","","5","Foursquare | Overture","Apache-2.0 | CDLA-Permissive-2.0","2025-08-22T00:00:00.000 | 2026-06-11T11:57:15Z"
"SD","South Dakota","75f4245f-f6f7-48fc-8b03-5a35b1284d10","Sachau Dentistry","-103.85543","44.49927","dentist","periodontist | medical_service_organizations","1440 N 10th St","Spearfish","57783-1532","SD","US","+16056425767","drsachau@midco.net","http://smilespearfish.com/","https://www.facebook.com/114832775849364","","0.9401774406433105","","7","meta | Overture","CDLA-Permissive-2.0","2026-04-27T00:00:00.000Z | 2026-06-11T11:57:15Z"
"SD","South Dakota","761fbe85-6da2-459f-84b7-810e4e48572b","Orchard Meadows Family Dental & Denture Clinic","-103.211360737008","44.0801356848972","dentist","","402 Maple Ave Ste A","Rapid City","57701","SD","US","(605) 737-3150","dentureclinic@midconetwork.com","http://www.orchardmeadowsdental.com","https://www.facebook.com/156839184356055","","0.9199122190475464","open","4","Foursquare | Overture | Overture-signals","Apache-2.0 | CDLA-Permissive-2.0","2023-11-02T00:00:00.000 | 2026-06-11T11:57:15Z | 2026-05-12T00:29:08Z | 2026-05-18T13:23:54Z | 2026-05-25T13:08:59Z | 2026-06-01T13:20:32Z | 2026-06-08T13:20:12Z"
"SD","South Dakota","77bd06fa-0d86-4a49-8e31-a6c84d6e80f6","Hunstad Dentistry","-96.836475","43.445714","dentist","","145 S Main Ave","Tea","57064-2513","SD","US","+16054981560","parkerdental61@gmail.com","https://www.hunstaddentistry.com/","https://www.facebook.com/110980037874046","","0.8868377208709717","","8","meta | Overture","CDLA-Permissive-2.0","2026-04-27T00:00:00.000Z | 2026-06-11T11:57:15Z"
"SD","South Dakota","7affcd92-1fd9-4457-9c27-8c57e3b2bdf7","Hull Dental Health","-99.42683091","43.22475775","dentist","general_dentistry | health_and_medical","407 E Highway 18","Gregory","57533-2211","SD","US","+16058359671","scheduling@hulldentalhealth.co","http://www.hulldentalhealth.com/","https://www.facebook.com/280136555374932","Hull Dental Health","0.9199122190475464","open","10","meta | Overture | Overture-signals","CDLA-Permissive-2.0","2026-04-27T00:00:00.000Z | 2026-06-11T11:57:15Z | 2026-05-12T00:29:08Z | 2026-05-18T13:23:54Z | 2026-05-25T13:08:59Z | 2026-06-01T13:20:32Z | 2026-06-08T13:20:12Z"
"SD","South Dakota","7c5e9a13-df3a-476a-b557-93aeb815f2e7","Kusek Family & Implant Dentistry","-96.66473177","43.52859569","dentist","general_dentistry","4921 E 26th St","Sioux Falls","57110-6965","SD","US","+16052058832","info@drkusek.com","https://drkusek.com/","https://www.facebook.com/144476618941631","","0.9917557239532471","","9","meta | Overture","CDLA-Permissive-2.0","2026-04-27T00:00:00.000Z | 2026-06-11T11:57:15Z"
"SD","South Dakota","7c793194-800d-419a-8dfb-13ec0d4c74ba","Robert L Swenson DDS Dentistry","-98.9890958237245","44.5184538187166","dentist","","107 W 3rd St","Miller","57362","SD","US","18533264","","http://www.robertlswensondds.com","","","0.9199122190475464","open","4","Foursquare | Overture | Overture-signals","Apache-2.0 | CDLA-Permissive-2.0","2025-08-22T00:00:00.000 | 2026-06-11T11:57:15Z | 2026-05-12T00:29:08Z | 2026-05-18T13:23:54Z | 2026-05-25T13:08:59Z | 2026-06-01T13:20:32Z | 2026-06-08T13:20:12Z"
"SD","South Dakota","7d178313-24b4-418c-8acf-08399431d1c6","Swenson and Cowan Dental","-100.35896029","44.36610895","dentist","general_dentistry | health_and_medical","433 S Central Ave","Pierre","57501-4508","SD","US","+16052245966","pr.hermanson@midconetwork.com","http://Swesoncowandental.com/","https://www.facebook.com/145592768808123","","0.9875246286392212","","9","meta | Overture","CDLA-Permissive-2.0","2026-04-27T00:00:00.000Z | 2026-06-11T11:57:15Z"
"SD","South Dakota","7dc35f6e-28c5-4277-8f25-daa215f4a6c4","Scott Family Dentistry","-97.39721572","42.88147294","dentist","general_dentistry | doctor","1101 Broadway Ave","Yankton","57078-2805","SD","US","+16056652448","info@scottfamilysmiles.com","http://www.scott-family-dentistry.com","https://www.facebook.com/154421621264119","","0.9199122190475464","open","7","meta | Overture | Overture-signals","CDLA-Permissive-2.0","2026-04-27T00:00:00.000Z | 2026-06-11T11:57:15Z | 2026-05-12T00:29:08Z | 2026-05-18T13:23:54Z | 2026-05-25T13:08:59Z | 2026-06-01T13:20:32Z | 2026-06-08T13:20:12Z"
"SD","South Dakota","7de5fd61-1d3e-408c-bdd6-838e5f65504c","Prairie Smiles Family Dentistry; Abigail Faul, DDS","-98.2104086383185","44.3605045787957","dentist","","530 Iowa Ave SE Suite 103","Huron","57350","SD","US","(605) 352-3183","office@prairiesmiles.com","https://prairiesmiles.com","https://www.facebook.com/696531370396410","","0.77","","5","Foursquare | Overture","Apache-2.0 | CDLA-Permissive-2.0","2023-08-21T00:00:00.000 | 2026-06-11T11:57:15Z"
"SD","South Dakota","7df92bed-d6f0-4648-b350-b2e1307f2150","Nehl Dental","-103.85930299","44.64327846","dentist","general_dentistry | health_and_medical","19026 US Highway 85","Belle Fourche","57717-3110","SD","US","+16058923603","drmatt@nehldental.com","http://www.nehldental.com/","https://www.facebook.com/151705418204737","","0.9989066880941391","","9","meta | Overture","CDLA-Permissive-2.0","2026-04-27T00:00:00.000Z | 2026-06-11T11:57:15Z"
"SD","South Dakota","7e288977-0fb1-49c3-8e93-630ccc2800da","Manke William C DDS","-99.84683421","43.37054695","dentist","doctor | family_practice","825 E 8th St","Winner","57580-2620","SD","US","+16058422101","drg@gwtc.net","https://mankefamilydentistry.com/","https://www.facebook.com/632385853520657","","0.9809566736221313","","2","meta | Overture","CDLA-Permissive-2.0","2026-04-27T00:00:00.000Z | 2026-06-11T11:57:15Z"
"SD","South Dakota","7f3fbbf5-bdd3-4ce0-bbd8-9a8d58fff4e7","PR IHS Dental Clinic","-102.54114730946","43.0236833361111","dentist","health_and_medical","","Pine Ridge","","SD","US","","","","https://www.facebook.com/257129751057967","","0.7258608937263489","","6","meta | Overture","CDLA-Permissive-2.0","2026-04-27T00:00:00.000Z | 2026-06-11T11:57:15Z"
"SD","South Dakota","7f4279a8-a42f-45b9-b088-c928fbb54f91","Lone Oak Dental","-96.79179977","44.28235771","dentist","general_dentistry","802 W 20th St S","Brookings","57006","SD","US","+16059304343","contactloneoakdental@gmail.com","http://www.loneoakdental.com/","https://www.facebook.com/479141155605456","","0.9199122190475464","open","7","meta | Overture | Overture-signals","CDLA-Permissive-2.0","2026-04-27T00:00:00.000Z | 2026-06-11T11:57:15Z | 2026-05-12T00:29:08Z | 2026-05-18T13:23:54Z | 2026-05-25T13:08:59Z | 2026-06-01T13:20:32Z | 2026-06-08T13:20:12Z"
"SD","South Dakota","83cd7a44-a0e6-4a88-81a2-a3fac0eaf136","Richard J Koch DDS","-96.689814","43.507772","dentist","health_and_medical | family_practice","4001 S Southeastern Ave","Sioux Falls","57103-5305","SD","US","+16053713000","","https://www.completedentalsf.com","https://www.facebook.com/168391319843451","","0.9199122190475464","open","8","meta | Overture | Overture-signals","CDLA-Permissive-2.0","2026-04-27T00:00:00.000Z | 2026-06-11T11:57:15Z | 2026-05-12T00:29:08Z | 2026-05-18T13:23:54Z | 2026-05-25T13:08:59Z | 2026-06-01T13:20:32Z | 2026-06-08T13:20:12Z"
"SD","South Dakota","83dea1c4-d673-4f91-a185-baeb4d7a322a","Arnold Orthodontics","-97.1064832","44.90819309","dentist","orthodontist | doctor","600 4th St NE","Watertown","57201-1800","SD","US","+16058865021","info@vanlaeckenortho.com","http://www.vanlaeckenortho.com/","https://www.facebook.com/129723257122746","VanLaecken Orthodontics","0.9850738048553467","open","3","meta | Overture | Overture-signals","CDLA-Permissive-2.0","2026-04-27T00:00:00.000Z | 2026-06-11T11:57:15Z | 2026-06-08T13:20:12Z"
"SD","South Dakota","84797e2d-83e8-461e-b57f-a3be4a674f76","Karmazin Dental","-96.74861948","43.49242319","dentist","cosmetic_dentist | general_dentistry","5701 S Remington Pl","Sioux Falls","57108-5156","SD","US","+16053231320","info@karmazindental.com","https://www.karmazindental.com/","https://www.facebook.com/367368262876","","0.9199122190475464","open","7","meta | Overture | Overture-signals","CDLA-Permissive-2.0","2026-04-27T00:00:00.000Z | 2026-06-11T11:57:15Z | 2026-05-12T00:29:08Z | 2026-05-18T13:23:54Z | 2026-05-25T13:08:59Z | 2026-06-01T13:20:32Z | 2026-06-08T13:20:12Z"
"SD","South Dakota","84b82dcd-92c0-4260-999c-158a829c98b7","USD Dental Hygiene","-96.922999033217","42.783684033548","dentist","college_university | health_and_medical","414 E Clark St","Vermillion","57069-2307","SD","US","+16056585959","dh@usd.edu","http://www.usd.edu/health-sciences/dental-hygiene","https://www.facebook.com/981519128570111","","0.8013802170753479","","6","meta | Overture","CDLA-Permissive-2.0","2026-04-27T00:00:00.000Z | 2026-06-11T11:57:15Z"
"SD","South Dakota","84ec5d35-d24a-4f6b-8f06-2bcd7d4cf41e","Hart Dental","-98.0344291829933","43.7269220426287","dentist","","714 W 18th Ave","Mitchell","57301","SD","US","(605) 202-2972","","https://www.hart-dental.com","https://www.twitter.com/hart_dental","","0.77","","5","Foursquare | Overture","Apache-2.0 | CDLA-Permissive-2.0","2025-08-22T00:00:00.000 | 2026-06-11T11:57:15Z"
"SD","South Dakota","86b2ae9e-26d7-49ba-b48a-2afa62e4dafc","Dailey Dental","-99.32954091","43.81231251","dentist","general_dentistry | health_and_medical","215 N Main St","Chamberlain","57325-1240","SD","US","+16057346545","","http://daileydental.net","https://www.facebook.com/168574509823282","","0.9199122190475464","open","8","meta | Overture | Overture-signals","CDLA-Permissive-2.0","2026-04-27T00:00:00.000Z | 2026-06-11T11:57:15Z | 2026-05-12T00:29:08Z | 2026-05-18T13:23:54Z | 2026-05-25T13:08:59Z | 2026-06-01T13:20:32Z | 2026-06-08T13:20:12Z"
"SD","South Dakota","86dc75c1-bd32-4133-8a3b-4a2d6778590b","Crist & Wenande Orthodontics","-96.7070673708278","43.5008822152401","dentist","","4804 S Cliff Ave","Sioux Falls","57103","SD","US","(605) 271-8828","","http://www.cw-ortho.com","","","0.9199122190475464","open","4","Foursquare | Overture | Overture-signals","Apache-2.0 | CDLA-Permissive-2.0","2026-03-16T00:00:00.000 | 2026-06-11T11:57:15Z | 2026-05-12T00:29:08Z | 2026-05-18T13:23:54Z | 2026-05-25T13:08:59Z | 2026-06-01T13:20:32Z | 2026-06-08T13:20:12Z"
"SD","South Dakota","87a3161b-6987-4ded-88c1-887b74cf330b","Gettysburg Dental Clinic","-99.9553674","45.0126353","dentist","orthodontist | teeth_whitening","105 E Blaine Ave","Gettysburg","57442-1167","SD","US","+16057659674","pierrefamilydental@gmail.com","","https://www.facebook.com/1718150325135966","","0.9826474785804749","","8","meta | Overture","CDLA-Permissive-2.0","2026-04-27T00:00:00.000Z | 2026-06-11T11:57:15Z"
"SD","South Dakota","8ba6dca4-6789-4c94-9916-22fa81138f6b","Family Dental Center of Dakota Dunes","-96.501147","42.506984","dentist","medical_service_organizations | health_and_medical","383 W Steamboat Dr","Dakota Dunes","57049-5299","SD","US","+16052325898","fdcdakotadunes@gmail.com","http://www.familydentalcenterofdakotadunes.com/","https://www.facebook.com/463166750551027","","0.9575004577636719","","9","meta | Overture","CDLA-Permissive-2.0","2026-04-27T00:00:00.000Z | 2026-06-11T11:57:15Z"
"SD","South Dakota","8c4d1653-2224-41b2-9c50-3224e90b8ec9","Prairie Ridge Endodontics","-97.1162222528657","44.8908878054493","dentist","","810 S Maple","Watertown","57201","SD","US","(605) 878-0180","info@prairieridgeendo.com","http://www.prairieridgeendo.com","","","0.9199122190475464","open","4","Foursquare | Overture | Overture-signals","Apache-2.0 | CDLA-Permissive-2.0","2025-10-19T00:00:00.000 | 2026-06-11T11:57:15Z | 2026-05-12T00:29:08Z | 2026-05-18T13:23:54Z | 2026-05-25T13:08:59Z | 2026-06-01T13:20:32Z | 2026-06-08T13:20:12Z"
"SD","South Dakota","8f3eae9b-3712-48d3-8d6f-7a6780ab2e3f","Merxbauer-Maier Dental","-98.5051797915516","45.4726574339242","dentist","","1021 Circle Dr","Aberdeen","57401","SD","US","(605) 725-0800","","http://www.thebestdentalcenter.com","","","0.77","","1","Foursquare | Overture","Apache-2.0 | CDLA-Permissive-2.0","2025-05-29T00:00:00.000 | 2026-06-11T11:57:15Z"
"SD","South Dakota","8f444dca-113d-4e2d-9bf7-6389609a0956","Blauer Family Dental","-103.8555488","44.49913377","dentist","general_dentistry","1440 N 10th St","Spearfish","57783-1532","SD","US","+16057024159","","https://blauerfamilydental.com/","https://www.facebook.com/695535226980439","","0.9199122190475464","open","9","meta | Overture | Overture-signals","CDLA-Permissive-2.0","2026-04-27T00:00:00.000Z | 2026-06-11T11:57:15Z | 2026-05-12T00:29:08Z | 2026-05-18T13:23:54Z | 2026-05-25T13:08:59Z | 2026-06-01T13:20:32Z | 2026-06-08T13:20:12Z"
"SD","South Dakota","91c1b78e-4a6c-4527-a62a-11d0e0ab2023","Kharouf Orthodontics","-103.211311439262","44.0334590233863","dentist","","5150 5th St","Rapid City","57701","SD","US","(605) 343-4975","office@kharouforthodontics.com","http://www.kharouforthodontics.com","https://www.facebook.com/136573623058282","","0.9199122190475464","open","4","Foursquare | Overture | Overture-signals","Apache-2.0 | CDLA-Permissive-2.0","2025-08-22T00:00:00.000 | 2026-06-11T11:57:15Z | 2026-05-12T00:29:08Z | 2026-05-18T13:23:54Z | 2026-05-25T13:08:59Z | 2026-06-01T13:20:32Z | 2026-06-08T13:20:12Z"
"SD","South Dakota","9706c2dc-e269-4e5c-abcd-ec59f9bf693f","Neighborhood Dental","-96.78458711","43.52869822","dentist","general_dentistry | medical_service_organizations","4603 W Homefield Dr","Sioux Falls","57106-3511","SD","US","+16052999236","nbd26@neighborhooddentalcare.com","https://neighborhooddentalcare.com/locations/sioux-falls/dentist-sioux-falls-w26th/?utm_source=facebook&utm_medium=organic&utm_campaign=yext","https://www.facebook.com/2227592617483730","Neighborhood Dental","0.9199122190475464","open","7","meta | Overture | Overture-signals","CDLA-Permissive-2.0","2026-04-27T00:00:00.000Z | 2026-06-11T11:57:15Z | 2026-05-12T00:29:08Z | 2026-05-18T13:23:54Z | 2026-05-25T13:08:59Z | 2026-06-01T13:20:32Z | 2026-06-08T13:20:12Z"
"SD","South Dakota","977649cc-535a-4fb2-89fc-d37a33f10ce6","First Class Dental Care","-96.76780407","43.48476341","dentist","general_dentistry | cosmetic_dentist","6703 S Louise Ave","Sioux Falls","57108-5982","SD","US","+16052719330","info@firstclassdentalcare.com","https://book.modento.io/first-class-dental-care-sd","https://www.facebook.com/311438745653767","","0.9476643204689026","","11","meta | Overture","CDLA-Permissive-2.0","2026-04-27T00:00:00.000Z | 2026-06-11T11:57:15Z"
"SD","South Dakota","985aa7a5-e0af-47b9-8fcb-5f82297cc254","Marion Family Dentistry PC","-97.25584748","43.42646027","dentist","general_dentistry | health_and_medical","305 E State St","Marion","57043-2061","SD","US","+16056483511","","http://www.marionsd.com","https://www.facebook.com/169900599690148","City of Marion, SD","0.9199122190475464","open","9","meta | Overture | Overture-signals","CDLA-Permissive-2.0","2026-04-27T00:00:00.000Z | 2026-06-11T11:57:15Z | 2026-05-12T00:29:08Z | 2026-05-18T13:23:54Z | 2026-05-25T13:08:59Z | 2026-06-01T13:20:32Z | 2026-06-08T13:20:12Z"
"SD","South Dakota","9af9c950-f9d1-4814-b4d2-7bb96c71ca80","Orchard Meadows Family Dental & Denture Clinic","-103.15784899","44.05989234","dentist","general_dentistry | doctor","2606 Elderberry Blvd","Rapid City","57703-5981","SD","US","+16057373150","scott@omfdrc.com","http://www.orchardmeadowsdental.com/","https://www.facebook.com/140522229354139","Orchard Meadows Family Dental & Denture Clinic","0.9943233728408813","","8","meta | Overture","CDLA-Permissive-2.0","2026-04-27T00:00:00.000Z | 2026-06-11T11:57:15Z"
"SD","South Dakota","9c5980d1-6911-4d71-993d-dc0a46f82ec7","Carpenter Dental","-103.26955429","44.02898483","dentist","general_dentistry | doctor","5610 Bendt Dr","Rapid City","57702-9534","SD","US","+16053425995","office@carpenterdental.net","http://carpenterdental.net/","https://www.facebook.com/550154091700682","Carpenter Dental","0.9199122190475464","open","9","meta | Overture | Overture-signals","CDLA-Permissive-2.0","2026-04-27T00:00:00.000Z | 2026-06-11T11:57:15Z | 2026-05-12T00:29:08Z | 2026-05-18T13:23:54Z | 2026-05-25T13:08:59Z | 2026-06-01T13:20:32Z | 2026-06-08T13:20:12Z"
"SD","South Dakota","9ca10745-7195-42b3-aebf-b26c0ca77da4","Geoffrey B Johnson","-96.7672865412391","44.3011974105111","dentist","","2215 Derdall Dr","Brookings","57006","SD","US","(605) 692-1222","","http://www.brookingsdentalclinic.com","https://www.facebook.com/146086592103369","","0.9199122190475464","open","4","Foursquare | Overture | Overture-signals","Apache-2.0 | CDLA-Permissive-2.0","2025-06-26T00:00:00.000 | 2026-06-11T11:57:15Z | 2026-05-12T00:29:08Z | 2026-05-18T13:23:54Z | 2026-05-25T13:08:59Z | 2026-06-01T13:20:32Z | 2026-06-08T13:20:12Z"
"SD","South Dakota","9d95ed55-9f38-4a29-acd0-faed6748a122","Neighborhood dental","-96.7731323242188","43.0807647705078","dentist","","116 E Main St","Beresford","57004","SD","US","(605) 763-5035","","http://www.neighborhooddentalcare.com","","","0.9199122190475464","open","4","Foursquare | Overture | Overture-signals","Apache-2.0 | CDLA-Permissive-2.0","2025-08-22T00:00:00.000 | 2026-06-11T11:57:15Z | 2026-05-12T00:29:08Z | 2026-05-18T13:23:54Z | 2026-05-25T13:08:59Z | 2026-06-01T13:20:32Z | 2026-06-08T13:20:12Z"
"SD","South Dakota","9db76d9d-e4ee-4a57-a869-3da06836e041","Britton Dental Center","-97.7504151","45.7902491","dentist","cosmetic_dentist | health_and_medical","","Britton","","SD","US","+16057250800","","http://thebestdentalcenter.com/","https://www.facebook.com/272213153309161","Dental Center - Dr Merxbauer, Dr Maier, Dr. VanLaecken","0.8850785493850708","","8","meta | Overture","CDLA-Permissive-2.0","2026-04-27T00:00:00.000Z | 2026-06-11T11:57:15Z"
"SD","South Dakota","a0df3e78-4942-4034-aa04-066fc4e0b455","Dell Rapids Dental","-96.7185132229775","43.8237342850884","dentist","","108 West 4th Street","Dell Rapids","57022","SD","US","(605) 428-5471","info@dellrapidsdental.com","https://www.dellrapidsdental.com","","","0.77","","5","Foursquare | Overture","Apache-2.0 | CDLA-Permissive-2.0","2026-03-16T00:00:00.000 | 2026-06-11T11:57:15Z"
"SD","South Dakota","a18eaac0-df93-4b58-802b-2b4e2f70063a","Pierre Dental Clinic","-100.34654564","44.36292299","dentist","general_dentistry | medical_service_organizations","640 E Sioux Ave","Pierre","57501-3300","SD","US","+16052245355","info@pierredentalclinic.com","http://www.pierredentalclinic.com/","https://www.facebook.com/1640157216282170","Pierre Dental Clinic","0.9199122190475464","open","9","meta | Overture | Overture-signals","CDLA-Permissive-2.0","2026-04-27T00:00:00.000Z | 2026-06-11T11:57:15Z | 2026-05-12T00:29:08Z | 2026-05-18T13:23:54Z | 2026-05-25T13:08:59Z | 2026-06-01T13:20:32Z | 2026-06-08T13:20:12Z"
"SD","South Dakota","a34f8c57-35c1-447e-a8a2-bb0e83164b75","We Care Dental","-97.12908092","44.01121012","dentist","general_dentistry | medical_service_organizations","622 N Highland Ave","Madison","57042-1956","SD","US","+16052566668","wecaredental@gmail.com","http://www.wecaredental.com/","https://www.facebook.com/213277152160719","We Care Dental ডাঃ রাজিব, ডাঃ নাবিলা","0.9199122190475464","open","9","meta | Overture | Overture-signals","CDLA-Permissive-2.0","2026-04-27T00:00:00.000Z | 2026-06-11T11:57:15Z | 2026-05-12T00:29:08Z | 2026-05-18T13:23:54Z | 2026-05-25T13:08:59Z | 2026-06-01T13:20:32Z | 2026-06-08T13:20:12Z"
"SD","South Dakota","a4e91e4c-b472-4d57-b56f-5e0ad74aae98","Sensational Smiles","-96.72868032","43.48697295","dentist","general_dentistry | cosmetic_dentist","6301 S Minnesota Ave","Sioux Falls","57108-2528","SD","US","+16052234202","info@sensationalsmiles4u.com","http://www.SensationalSmiles4U.com/","https://www.facebook.com/191574369339","Sensational Smiles","0.9199122190475464","open","8","meta | Overture | Overture-signals","CDLA-Permissive-2.0","2026-04-27T00:00:00.000Z | 2026-06-11T11:57:15Z | 2026-05-12T00:29:08Z | 2026-05-18T13:23:54Z | 2026-05-25T13:08:59Z | 2026-06-01T13:20:32Z | 2026-06-08T13:20:12Z"
"SD","South Dakota","a4fce4f3-dbdc-47ff-9aa8-a03e0eeb539f","Neighborhood Dental","-96.65261536","43.52908562","dentist","general_dentistry | medical_service_organizations","5911 E 26th St","Sioux Falls","57110-3945","SD","US","+16052999372","nbd26east@neighborhooddentalcare.com","https://neighborhooddentalcare.com/locations/sioux-falls/dentist-sioux-falls-e26th/?utm_source=facebook&utm_medium=organic&utm_campaign=yext","https://www.facebook.com/1927187387335309","Neighborhood Dental","0.9199122190475464","open","7","meta | Overture | Overture-signals","CDLA-Permissive-2.0","2026-04-27T00:00:00.000Z | 2026-06-11T11:57:15Z | 2026-05-12T00:29:08Z | 2026-05-18T13:23:54Z | 2026-05-25T13:08:59Z | 2026-06-01T13:20:32Z | 2026-06-08T13:20:12Z"
"SD","South Dakota","a51a1fdd-e9f8-4ced-89e3-c8a82b7dbc26","Dental Clinic","-96.72852328","43.55298725","dentist","general_dentistry | health_and_medical","521 N Main Ave","Sioux Falls","57104-5947","SD","US","+16053678046","","http://www.usd.edu/health-sciences/dental-hygiene/sioux-falls-clinic","https://www.facebook.com/125607074160497","","0.9199122190475464","open","8","meta | Overture | Overture-signals","CDLA-Permissive-2.0","2026-04-27T00:00:00.000Z | 2026-06-11T11:57:15Z | 2026-05-12T00:29:08Z | 2026-05-18T13:23:54Z | 2026-05-25T13:08:59Z | 2026-06-01T13:20:32Z | 2026-06-08T13:20:12Z"
"SD","South Dakota","a5deb599-690b-4947-8a33-fc88e1800a73","Dents 2 Darkness","-100.42649977","45.53763809","dentist","general_dentistry","600 Grand Crossing Blvd E","Mobridge","57601-2360","SD","US","+16058480518","dents2darkness@outlook.com","http://dents2darkness.com/","https://www.facebook.com/106965051093154","","0.9199122190475464","open","2","meta | Overture | Overture-signals","CDLA-Permissive-2.0","2026-04-27T00:00:00.000Z | 2026-06-11T11:57:15Z | 2026-05-25T13:08:59Z | 2026-06-01T13:20:32Z | 2026-06-08T13:20:12Z"
"SD","South Dakota","a7017015-3c95-41c7-9597-50acc32e17ef","Dr. Clay L. Yeoman","-98.51839159","44.87741899","dentist","general_dentistry","517 N Main St","Redfield","57469-1360","SD","US","+16054723700","frontdesk@dakotadentalsd.com","http://www.dakotadental.com","https://www.facebook.com/922901181107820","Dakota Dental","0.9199122190475464","open","7","meta | Overture | Overture-signals","CDLA-Permissive-2.0","2026-04-27T00:00:00.000Z | 2026-06-11T11:57:15Z | 2026-05-12T00:29:08Z | 2026-05-18T13:23:54Z | 2026-05-25T13:08:59Z | 2026-06-01T13:20:32Z | 2026-06-08T13:20:12Z"
"SD","South Dakota","a731eccc-a86b-4afd-a243-09388bdd8a88","Friedman, Jennifer Lh Dds, Pc","-103.256199","44.070901","dentist","doctor | health_and_medical","1600 Mountain View Rd Ste 104","RAPID CITY","57702","SD","US","6053430711","","","","","0.9199122190475464","open","6","Microsoft | Overture | Overture-signals","CDLA-Permissive-2.0","2025-07-25T01:25:46.560Z | 2026-06-11T11:57:15Z | 2026-05-12T00:29:08Z | 2026-05-18T13:23:54Z | 2026-05-25T13:08:59Z | 2026-06-01T13:20:32Z | 2026-06-08T13:20:12Z"
"SD","South Dakota","a749aa67-1fb8-4540-8e1c-f1b9e582055a","Hartford Dental Clinic","-96.94960065","43.63116649","dentist","","304 W SD Highway 38","Hartford","57033-2252","SD","US","+16055286750","hartdentcln@goldenwest.net","http://hartforddentalclinic.com/","https://www.facebook.com/230666283640167","Hartford Dental Clinic","0.9199122190475464","open","9","meta | Overture | Overture-signals","CDLA-Permissive-2.0","2026-04-27T00:00:00.000Z | 2026-06-11T11:57:15Z | 2026-05-12T00:29:08Z | 2026-05-18T13:23:54Z | 2026-05-25T13:08:59Z | 2026-06-01T13:20:32Z | 2026-06-08T13:20:12Z"
"SD","South Dakota","a79b5b18-187d-496b-b76f-e0f799746b4c","Vanlaecken Orthodontics","-98.4530737773171","45.4577226703154","dentist","","631 S Roosevelt St","Aberdeen","57401","SD","US","(605) 226-3120","info@vanlaeckenortho.com","https://vanlaeckenortho.com","","","0.77","","6","Foursquare | Overture","Apache-2.0 | CDLA-Permissive-2.0","2026-04-13T00:00:00.000 | 2026-06-11T11:57:15Z"
"SD","South Dakota","abc0483f-bf5e-4b22-a0aa-50dc1e252c51","Crist Ross L DDS MA MS","-96.671338","43.551597","dentist","health_and_medical","520 N Sycamore Ave","Sioux Falls","57110","SD","US","6052719294","","","","","0.9199122190475464","open","6","Microsoft | Overture | Overture-signals","CDLA-Permissive-2.0","2025-07-24T22:31:16.947Z | 2026-06-11T11:57:15Z | 2026-05-12T00:29:08Z | 2026-05-18T13:23:54Z | 2026-05-25T13:08:59Z | 2026-06-01T13:20:32Z | 2026-06-08T13:20:12Z"
"SD","South Dakota","b3305990-07c9-4909-b31e-f5ec827e9834","Aspen Dental","-96.662175","43.54333","dentist","","5201 E Arrowhead Pkwy","Sioux Falls","57110","SD","US","","","https://www.aspendental.com/dentist/sd/sioux-falls/5201-e-arrowhead-pkwy/","","Aspen Dental","0.8","","2","AllThePlaces | Overture","CC0-1.0 | CDLA-Permissive-2.0","2026-06-02T15:18:54.000Z | 2026-06-11T11:57:15Z"
"SD","South Dakota","b5585f4b-ed10-47a7-a81e-8fc961f64a41","Dental Essence","-96.75089386","43.51090723","dentist","general_dentistry | health_and_medical","3610 S Western Ave","Sioux Falls","57105-6142","SD","US","+16053394050","office@mydentalessence.com","http://mydentalessence.com/","https://www.facebook.com/1289592157841429","Dental Essence","0.9199122190475464","open","9","meta | Overture | Overture-signals","CDLA-Permissive-2.0","2026-04-27T00:00:00.000Z | 2026-06-11T11:57:15Z | 2026-05-12T00:29:08Z | 2026-05-18T13:23:54Z | 2026-05-25T13:08:59Z | 2026-06-01T13:20:32Z | 2026-06-08T13:20:12Z"
"SD","South Dakota","b5867ac7-cba3-44e7-a9e0-5bbe1a1c3838","Sisseton Dental Clinic","-97.05058982","45.65685543","dentist","general_dentistry","7 Summit St","Sisseton","57262-2305","SD","US","+16056983201","sissetondentalclinic@hotmail.com","http://www.sissetondental.com/","https://www.facebook.com/149382401599075","","0.9199122190475464","open","9","meta | Overture | Overture-signals","CDLA-Permissive-2.0","2026-04-27T00:00:00.000Z | 2026-06-11T11:57:15Z | 2026-05-12T00:29:08Z | 2026-05-18T13:23:54Z | 2026-05-25T13:08:59Z | 2026-06-01T13:20:32Z | 2026-06-08T13:20:12Z"
"SD","South Dakota","b8d79640-1e12-4668-8e1c-e7e78d983989","Nichole Michelle Cauwels","-96.8013829745638","43.5152927507988","dentist","","6100 W 41st St Ste 101","Sioux Falls","57106","SD","US","(605) 361-1900","","http://www.ilovemydds.com","","","0.9199122190475464","open","4","Foursquare | Overture | Overture-signals","Apache-2.0 | CDLA-Permissive-2.0","2025-04-21T00:00:00.000 | 2026-06-11T11:57:15Z | 2026-05-12T00:29:08Z | 2026-05-18T13:23:54Z | 2026-05-25T13:08:59Z | 2026-06-01T13:20:32Z | 2026-06-08T13:20:12Z"
"SD","South Dakota","ba9fcbe5-a562-4288-9db4-cdff622a2cab","Legacy Dental Health","-96.75748034","43.51558316","dentist","general_dentistry","3305 S Lincoln Ave","Sioux Falls","57105-5224","SD","US","+16053391381","office@legacydds.com","http://www.legacydds.com/","https://www.facebook.com/141927883651","","0.9199122190475464","open","8","meta | Overture | Overture-signals","CDLA-Permissive-2.0","2026-04-27T00:00:00.000Z | 2026-06-11T11:57:15Z | 2026-05-12T00:29:08Z | 2026-05-18T13:23:54Z | 2026-05-25T13:08:59Z | 2026-06-01T13:20:32Z | 2026-06-08T13:20:12Z"
"SD","South Dakota","bc3bf0c5-d3f9-4cd9-8960-00286ea4e71f","Ben Jensen Dental","-97.40020217","42.90251785","dentist","general_dentistry | doctor","2703 Fox Run Pkwy","Yankton","57078-5381","SD","US","+16056657479","benjensendental@gmail.com","","https://www.facebook.com/1185656331516201","","0.9199122190475464","open","7","meta | Overture | Overture-signals","CDLA-Permissive-2.0","2026-04-27T00:00:00.000Z | 2026-06-11T11:57:15Z | 2026-05-12T00:29:08Z | 2026-05-18T13:23:54Z | 2026-05-25T13:08:59Z | 2026-06-01T13:20:32Z | 2026-06-08T13:20:12Z"
"SD","South Dakota","bd74755d-1051-4820-b00e-ca839e533ed4","Neighborhood Dental","-97.39658478","42.87225778","dentist","general_dentistry | medical_service_organizations","422 Broadway Ave","Yankton","57078-4305","SD","US","+16052915979","yankton@neighborhooddentalcare.com","https://neighborhooddentalcare.com/locations/yankton/?utm_source=facebook&utm_medium=organic&utm_campaign=yext","https://www.facebook.com/254937838537930","Neighborhood Dental","0.9199122190475464","open","7","meta | Overture | Overture-signals","CDLA-Permissive-2.0","2026-04-27T00:00:00.000Z | 2026-06-11T11:57:15Z | 2026-05-12T00:29:08Z | 2026-05-18T13:23:54Z | 2026-05-25T13:08:59Z | 2026-06-01T13:20:32Z | 2026-06-08T13:20:12Z"
"SD","South Dakota","bd9f340c-f17f-4b6a-8684-f65478df6f1f","Neighborhood Dental","-96.7290194135673","43.5163798167596","dentist","","229 W 39th St Ste 100","Sioux Falls","57105","SD","US","(605) 338-2251","neighborhooddental@midconetwork.com","http://neighborhooddentalcare.com","","","0.77","","5","Foursquare | Overture","Apache-2.0 | CDLA-Permissive-2.0","2025-10-08T00:00:00.000 | 2026-06-11T11:57:15Z"
"SD","South Dakota","bdc85dee-ae05-4bcd-8ea0-c70f88a4bef9","carson dentistry","-97.895786930059","42.8535661207711","dentist","","707 Chestnut St","Springfield","57062","SD","US","(605) 369-2226","","http://carsonfamilydentistry.placeweb.site","https://www.facebook.com/168852523126224","","0.9199122190475464","open","4","Foursquare | Overture | Overture-signals","Apache-2.0 | CDLA-Permissive-2.0","2025-08-22T00:00:00.000 | 2026-06-11T11:57:15Z | 2026-05-12T00:29:08Z | 2026-05-18T13:23:54Z | 2026-05-25T13:08:59Z | 2026-06-01T13:20:32Z | 2026-06-08T13:20:12Z"
"SD","South Dakota","be0ba79c-be55-4767-8b16-ab92078040b6","Affordable Dentures & Implants","-96.7772","43.5134","dentist","health_and_medical","4208 W Empire Pl","Sioux Falls","57106","SD","US","6052529622","","https://www.affordabledentures.com/locations/sd/sioux-falls?utm_source=Bing&utm_medium=Organic_Listing&utm_campaign=","","","0.9199122190475464","open","8","Microsoft | Overture | Overture-signals","CDLA-Permissive-2.0","2025-10-04T21:53:47.753Z | 2026-06-11T11:57:15Z | 2026-05-12T00:29:08Z | 2026-05-18T13:23:54Z | 2026-05-25T13:08:59Z | 2026-06-01T13:20:32Z | 2026-06-08T13:20:12Z"
"SD","South Dakota","c1521088-b638-4851-9a6a-3a2ef2ae2a47","Siouxland Oral & Maxillofacial Surgery","-98.0077483051049","43.7158204182313","dentist","","1222 E 7th Ave","Mitchell","57301","SD","US","(605) 996-0515","","https://www.siouxlandoralsurgery.com","https://www.facebook.com/121377034586597","","0.9199122190475464","open","4","Foursquare | Overture | Overture-signals","Apache-2.0 | CDLA-Permissive-2.0","2020-11-02T00:00:00.000 | 2026-06-11T11:57:15Z | 2026-05-12T00:29:08Z | 2026-05-18T13:23:54Z | 2026-05-25T13:08:59Z | 2026-06-01T13:20:32Z | 2026-06-08T13:20:12Z"
"SD","South Dakota","c220078b-a015-4be0-9f6f-35a35c909b58","Aberdeen Dental Associates","-98.4841208410927","45.4588988974512","dentist","","216 6th Ave SE","Aberdeen","57401","SD","US","(605) 225-0261","abdndental2@midconetwork.com","http://aberdeen-dental.com","https://www.facebook.com/146808778697455","","0.9199122190475464","open","4","Foursquare | Overture | Overture-signals","Apache-2.0 | CDLA-Permissive-2.0","2022-11-07T00:00:00.000 | 2026-06-11T11:57:15Z | 2026-05-12T00:29:08Z | 2026-05-18T13:23:54Z | 2026-05-25T13:08:59Z | 2026-06-01T13:20:32Z | 2026-06-08T13:20:12Z"
"SD","South Dakota","c3143a3c-b070-41be-b45e-00211ef16eb6","Carson Family Dentistry","-97.89597253","42.8543881","dentist","health_and_medical","707 Chestnut St","Springfield","57062-2135","SD","US","+16053692226","","http://carsonfamilydentistry.placeweb.site","https://www.facebook.com/168852523126224","","0.9261789917945862","","9","meta | Overture","CDLA-Permissive-2.0","2026-04-27T00:00:00.000Z | 2026-06-11T11:57:15Z"
"SD","South Dakota","c3829fe7-70e9-4a58-b9ca-01d51b30cf21","Siouxland Oral & Maxillofacial Surgery","-98.0220939309442","43.7306041749123","dentist","","2200 N Kimball St","Mitchell","57301","SD","US","(605) 996-0515","hsp@siouxlandoralsurgery.com","http://www.siouxlandoralsurgery.com","","","0.9199122190475464","open","4","Foursquare | Overture | Overture-signals","Apache-2.0 | CDLA-Permissive-2.0","2025-08-19T00:00:00.000 | 2026-06-11T11:57:15Z | 2026-05-12T00:29:08Z | 2026-05-18T13:23:54Z | 2026-05-25T13:08:59Z | 2026-06-01T13:20:32Z | 2026-06-08T13:20:12Z"
"SD","South Dakota","c4298c8c-5e9f-4468-9122-81d5891a7ad2","Gullings Stephen Dntst","-98.023855","43.712363","dentist","health_and_medical | pub","205 E 4th Ave","Mitchell","57301-2605","SD","US","+16059962411","","","https://www.facebook.com/160058590682946","","0.9116765856742859","","7","meta | Overture","CDLA-Permissive-2.0","2026-04-27T00:00:00.000Z | 2026-06-11T11:57:15Z"
"SD","South Dakota","c5962406-6154-43ed-a67a-55763e65ad01","South Western Dental","-96.7481115","43.49562562","dentist","general_dentistry | medical_service_organizations","5201 S Western Ave","Sioux Falls","57108-5040","SD","US","+16053392200","contactus@smilesbyswdental.com","http://www.smilesbyswdental.com/","https://www.facebook.com/155167401186524","South Western Dental","0.9199122190475464","open","8","meta | Overture | Overture-signals","CDLA-Permissive-2.0","2026-04-27T00:00:00.000Z | 2026-06-11T11:57:15Z | 2026-05-12T00:29:08Z | 2026-05-18T13:23:54Z | 2026-05-25T13:08:59Z | 2026-06-01T13:20:32Z | 2026-06-08T13:20:12Z"
"SD","South Dakota","c5b51218-4d27-441d-97c1-9bf4c77353ab","Illumination Dental Arts","-103.15798899","44.05990764","dentist","medical_service_organizations | health_and_medical","2606 Elderberry Blvd","Rapid City","57703-5981","SD","US","+16053431434","info@illuminationdentalarts.com","http://illuminationdentalarts.com/","https://www.facebook.com/162711520965983","","0.9199122190475464","open","9","meta | Overture | Overture-signals","CDLA-Permissive-2.0","2026-04-27T00:00:00.000Z | 2026-06-11T11:57:15Z | 2026-05-12T00:29:08Z | 2026-05-18T13:23:54Z | 2026-05-25T13:08:59Z | 2026-06-01T13:20:32Z | 2026-06-08T13:20:12Z"
"SD","South Dakota","c5c0f6fa-829a-4ff7-abe2-e50595bf9586","Wilson Park Dental","-103.2319994","44.06621164","dentist","general_dentistry","2006 Mount Rushmore Rd","Rapid City","57701-4710","SD","US","+16053439352","info@wilsonparkdental.com","https://www.wilsonparkdental.com/","https://www.facebook.com/103459378691747","Park Dental","0.9988518267869949","","9","meta | Overture","CDLA-Permissive-2.0","2026-04-27T00:00:00.000Z | 2026-06-11T11:57:15Z"
"SD","South Dakota","c68c2935-0698-432c-8c2c-3949cfac5632","Riverview Dental","-96.7573434023418","43.49924235061","dentist","","2425 West 57th Street","Sioux Falls","57108","SD","US","(605) 339-2040","llarson2@sio.midco.net","https://riverviewdentalsf.com","https://www.facebook.com/170507483303758","","0.77","","5","Foursquare | Overture","Apache-2.0 | CDLA-Permissive-2.0","2025-08-22T00:00:00.000 | 2026-06-11T11:57:15Z"
"SD","South Dakota","c8728e27-b755-4aaa-8512-d8a13eaf80ad","Parkside Dental","-96.8358912","43.45447657","dentist","general_dentistry | professional_services","910 N Main Ave","Tea","57064-2499","SD","US","+16054984746","parkside@iw.net","http://www.parksidegrin.com/","https://www.facebook.com/109067815319247","Inactive Page","0.9199122190475464","open","9","meta | Overture | Overture-signals","CDLA-Permissive-2.0","2026-04-27T00:00:00.000Z | 2026-06-11T11:57:15Z | 2026-05-12T00:29:08Z | 2026-05-18T13:23:54Z | 2026-05-25T13:08:59Z | 2026-06-01T13:20:32Z | 2026-06-08T13:20:12Z"
"SD","South Dakota","c99867fa-533e-492c-8309-ea8b2dd9bd84","Eastside Smiles","-96.664289","43.500927","dentist","","4930 East 57th Street, Sioux Falls, SD, USA","Sioux Falls","57108","SD","US","+16056389986","","https://eastsidesmiles.com","","","1","","3","DAC | Overture","CDLA-Permissive-2.0","2026-06-10T16:03:35.911Z | 2026-06-11T11:57:15Z"
"SD","South Dakota","ca18954b-af26-4165-8b75-9da640896a4b","Motto Clear Aligners","-96.6621805","43.5433352","dentist","health_and_medical","5201 E Arrowhead Pkwy","Sioux Falls","57110","SD","US","6057893046","","https://www.aspendental.com/dentist/sd/sioux-falls/5201-e-arrowhead-pkwy/motto-clear-aligners/","","","0.9199122190475464","open","6","Microsoft | Overture | Overture-signals","CDLA-Permissive-2.0","2025-10-03T21:16:47.340Z | 2026-06-11T11:57:15Z | 2026-05-12T00:29:08Z | 2026-05-18T13:23:54Z | 2026-05-25T13:08:59Z | 2026-06-01T13:20:32Z | 2026-06-08T13:20:12Z"
"SD","South Dakota","ca64e40d-0e89-42de-90b8-bbd2e575b2e9","Lennox Dental Center","-96.89187185","43.34450606","dentist","general_dentistry","1101 S Main St","Lennox","57039-2379","SD","US","+16056472214","lennox@cddentistry.com","https://lennoxdentalcenter.com/","https://www.facebook.com/100212421730063","","0.9199122190475464","open","7","meta | Overture | Overture-signals","CDLA-Permissive-2.0","2026-04-27T00:00:00.000Z | 2026-06-11T11:57:15Z | 2026-05-12T00:29:08Z | 2026-05-18T13:23:54Z | 2026-05-25T13:08:59Z | 2026-06-01T13:20:32Z | 2026-06-08T13:20:12Z"
"SD","South Dakota","ceb4166c-bac5-4aea-aa62-2f747ef3876d","Clark Family Dental Center","-97.74137775","44.87736656","dentist","general_dentistry | medical_service_organizations","415 1st Ave W","Clark","57225-1320","SD","US","+16055323636","","http://www.clarkfamilydental.com/","https://www.facebook.com/117062448355415","","0.9199122190475464","open","8","meta | Overture | Overture-signals","CDLA-Permissive-2.0","2026-04-27T00:00:00.000Z | 2026-06-11T11:57:15Z | 2026-05-12T00:29:08Z | 2026-05-18T13:23:54Z | 2026-05-25T13:08:59Z | 2026-06-01T13:20:32Z | 2026-06-08T13:20:12Z"
"SD","South Dakota","cf5db920-83a7-4511-928a-30256862996f","Complete Dental Care","-96.68961121","43.50790803","dentist","general_dentistry","4001 S Southeastern Ave","Sioux Falls","57103-5305","SD","US","+16053713000","smile@completedentalsf.com","https://www.completedentalsf.com/","https://www.facebook.com/2351710495111036","","0.9199122190475464","open","9","meta | Overture | Overture-signals","CDLA-Permissive-2.0","2026-04-27T00:00:00.000Z | 2026-06-11T11:57:15Z | 2026-05-12T00:29:08Z | 2026-05-18T13:23:54Z | 2026-05-25T13:08:59Z | 2026-06-01T13:20:32Z | 2026-06-08T13:20:12Z"
"SD","South Dakota","d0ebda13-5918-4279-8dda-d87fdd88a3fb","van Hofwegen Dental","-96.70733956","43.4974451","dentist","general_dentistry | cosmetic_dentist","5120 S Cliff Ave","Sioux Falls","57108-5475","SD","US","+16053342607","info@vanhofwegendental.com","http://vanhofwegendental.com/","https://www.facebook.com/233122500225124","","0.9958459734916687","","9","meta | Overture","CDLA-Permissive-2.0","2026-04-27T00:00:00.000Z | 2026-06-11T11:57:15Z"
"SD","South Dakota","d142700f-b791-4404-8930-93926e66d745","Dakota Dental","-98.5181128927423","44.8773273024135","dentist","","517 N Main Street","Redfield","57469","SD","US","(605) 472-3700","","http://www.dakotadental.com","https://www.facebook.com/154207844614980","","0.77","","5","Foursquare | Overture","Apache-2.0 | CDLA-Permissive-2.0","2025-08-22T00:00:00.000 | 2026-06-11T11:57:15Z"
"SD","South Dakota","d1821687-2adb-45bc-9c82-5294511d8ae1","Dr. Kevin Michael Donlin DMD","-97.128789","44.011244","dentist","health_and_medical | doctor","622 N Highland Ave","Madison","57042-1956","SD","US","+16052566668","","http://www.wecaredental.com/","https://www.facebook.com/203967446656757","We Care Dental ডাঃ রাজিব, ডাঃ নাবিলা","0.7618988156318665","","10","meta | Overture","CDLA-Permissive-2.0","2026-04-27T00:00:00.000Z | 2026-06-11T11:57:15Z"
"SD","South Dakota","d2f2e4c2-2daf-459e-966b-54cef5998f7c","Dental Designs Family Dentistry","-98.03384686","43.72906558","dentist","general_dentistry","2110 N Minnesota St","Mitchell","57301-5524","SD","US","+16059969944","dentaldesigns@dentaldesignsmitchell.com","http://www.dentaldesignsmitchell.com/","https://www.facebook.com/207274616137344","","0.9199122190475464","open","8","meta | Overture | Overture-signals","CDLA-Permissive-2.0","2026-04-27T00:00:00.000Z | 2026-06-11T11:57:15Z | 2026-05-12T00:29:08Z | 2026-05-18T13:23:54Z | 2026-05-25T13:08:59Z | 2026-06-01T13:20:32Z | 2026-06-08T13:20:12Z"
"SD","South Dakota","d33c7614-3382-4ad7-a9f0-96910b6418c9","Parkway Orthodontics","-96.7595674274443","43.5087761700603","dentist","","3813 S Kiwanis Cir","Sioux Falls","57105","SD","US","(605) 332-1235","","http://www.parkwayorthodontics.com","","","0.77","","5","Foursquare | Overture","Apache-2.0 | CDLA-Permissive-2.0","2025-09-03T00:00:00.000 | 2026-06-11T11:57:15Z"
"SD","South Dakota","d527f0e7-2b84-47f2-9a73-a3d2c7e36def","G. A. Elpert DDS","-97.12873761","44.01132029","dentist","","622 N Highland Ave","Madison","57042-1956","SD","US","+16052566668","","http://www.wecaredental.com/","https://www.facebook.com/116215548438154","We Care Dental ডাঃ রাজিব, ডাঃ নাবিলা","0.6417242288589478","","1","meta | Overture","CDLA-Permissive-2.0","2026-04-27T00:00:00.000Z | 2026-06-11T11:57:15Z"
"SD","South Dakota","d7a82248-7597-4929-8036-8db9d35126ed","Dental Care Center","-98.02653029","43.70123036","dentist","general_dentistry | medical_center","916 S Rowley St","Mitchell","57301-4441","SD","US","+16059961223","info@mitchelldcc.com","https://www.mitchelldentalcarecenter.com/","https://www.facebook.com/409074382589682","","0.9199122190475464","open","8","meta | Overture | Overture-signals","CDLA-Permissive-2.0","2026-04-27T00:00:00.000Z | 2026-06-11T11:57:15Z | 2026-05-12T00:29:08Z | 2026-05-18T13:23:54Z | 2026-05-25T13:08:59Z | 2026-06-01T13:20:32Z | 2026-06-08T13:20:12Z"
"SD","South Dakota","d95fd354-fdcb-45cd-be57-83e3a89d109d","Rapid City Smiles","-103.23254804","44.068204","dentist","general_dentistry | health_and_medical","1801 Mount Rushmore Rd","Rapid City","57701-4564","SD","US","+16057167800","office@rcsmiles.com","http://www.familysmilesdentalrc.com","https://www.facebook.com/296471541157789","","0.9199122190475464","open","10","meta | Overture | Overture-signals","CDLA-Permissive-2.0","2026-04-27T00:00:00.000Z | 2026-06-11T11:57:15Z | 2026-05-12T00:29:08Z | 2026-05-18T13:23:54Z | 2026-05-25T13:08:59Z | 2026-06-01T13:20:32Z | 2026-06-08T13:20:12Z"
"SD","South Dakota","db3e1cdb-6ecb-4eed-8e38-7a6cbb7e6053","Dailey Dental","-98.02965702","43.72341325","dentist","general_dentistry | health_and_medical","1416 N Sanborn Blvd","Mitchell","57301-1349","SD","US","+16059962228","mitchell1@daileydental.net","https://www.daileydental.net/","https://www.facebook.com/893579937182120","","0.5069117546081543","","3","meta | Overture","CDLA-Permissive-2.0","2026-04-27T00:00:00.000Z | 2026-06-11T11:57:15Z"
"SD","South Dakota","dca37911-2946-4cc1-927d-1df32ce3a12a","Embrace Dentistry","-97.10704999","44.91599905","dentist","general_dentistry","1155 4th St NE","Watertown","57201-1202","SD","US","+16058823060","welcome81@embracedentistry.com","https://www.embracedentistry.com","https://www.facebook.com/2252610921641157","Embrace Dentistry","0.9199122190475464","open","7","meta | Overture | Overture-signals","CDLA-Permissive-2.0","2026-04-27T00:00:00.000Z | 2026-06-11T11:57:15Z | 2026-05-12T00:29:08Z | 2026-05-18T13:23:54Z | 2026-05-25T13:08:59Z | 2026-06-01T13:20:32Z | 2026-06-08T13:20:12Z"
"SD","South Dakota","dcec22e7-f3a6-416e-85cd-1fd978455682","Robin Hattervig","-97.5265284160353","44.0117925213032","dentist","","112 N Main St","Howard","57349","SD","US","(605) 772-4703","","http://www.horizonhealthcare.org","","","0.9199122190475464","open","4","Foursquare | Overture | Overture-signals","Apache-2.0 | CDLA-Permissive-2.0","2025-08-22T00:00:00.000 | 2026-06-11T11:57:15Z | 2026-05-12T00:29:08Z | 2026-05-18T13:23:54Z | 2026-05-25T13:08:59Z | 2026-06-01T13:20:32Z | 2026-06-08T13:20:12Z"
"SD","South Dakota","de6760d7-43f6-4351-b3d0-29ba296c301a","Schieckkolbeck Jacquelyn DDS MS","-96.671338","43.551597","dentist","health_and_medical","520 N Sycamore Ave","Sioux Falls","57110","SD","US","6052719294","","","","","0.9199122190475464","open","4","Microsoft | Overture | Overture-signals","CDLA-Permissive-2.0","2025-07-24T22:31:23.850Z | 2026-06-11T11:57:15Z | 2026-05-12T00:29:08Z | 2026-05-18T13:23:54Z | 2026-05-25T13:08:59Z | 2026-06-01T13:20:32Z | 2026-06-08T13:20:12Z"
"SD","South Dakota","dfcf2322-def8-4677-8f43-d4e991318e17","Floss. Dentistry in Pierre","-100.3470139","44.36269377","dentist","general_dentistry","603 E Sioux Ave","Pierre","57501-3319","SD","US","+16052242161","dentistryinpierre@midconetwork.com","http://www.flossdds.com/","https://www.facebook.com/108232595867986","","0.9199122190475464","open","9","meta | Overture | Overture-signals","CDLA-Permissive-2.0","2026-04-27T00:00:00.000Z | 2026-06-11T11:57:15Z | 2026-05-12T00:29:08Z | 2026-05-18T13:23:54Z | 2026-05-25T13:08:59Z | 2026-06-01T13:20:32Z | 2026-06-08T13:20:12Z"
"SD","South Dakota","e0408022-7675-4e85-8eed-ed774634862a","Dell Rapids Dental","-96.72529144","43.83166242","dentist","general_dentistry | medical_service_organizations","1102 N Highway 77","Dell Rapids","57022-1532","SD","US","+16054285471","info@dellrapidsdental.com","http://www.dellrapidsdental.com/","https://www.facebook.com/1634195783498577","","0.9199122190475464","open","5","meta | Overture | Overture-signals","CDLA-Permissive-2.0","2026-04-27T00:00:00.000Z | 2026-06-11T11:57:15Z | 2026-05-12T00:29:08Z | 2026-05-18T13:23:54Z | 2026-05-25T13:08:59Z | 2026-06-01T13:20:32Z | 2026-06-08T13:20:12Z"
"SD","South Dakota","e0626c88-cbf1-40e1-8a88-fcdacbc8d21f","Hart Dental","-98.03493375","43.72745287","dentist","general_dentistry | health_and_medical","714 W 18th Ave","Mitchell","57301-5525","SD","US","+16059960650","info@hart-dental.com","https://linktr.ee/hartdental?utm_source=linktree_profile_share&ltsid=60fcc81e-e834-4d8b-8e09-291bb26f0eac","https://www.facebook.com/381811858588499","","0.9934940934181213","","9","meta | Overture","CDLA-Permissive-2.0","2026-04-27T00:00:00.000Z | 2026-06-11T11:57:15Z"
"SD","South Dakota","e06abee8-d3bc-4a69-a499-968095508ec3","Countryside Dental","-98.2151995261343","44.3635425022626","dentist","","53 3rd St SW","Huron","57350","SD","US","(605) 352-3070","info@countrysidedentalsd.com","http://www.countrysidedentalsd.com","https://www.facebook.com/628484860535884","","0.9199122190475464","open","5","Foursquare | Overture | Overture-signals","Apache-2.0 | CDLA-Permissive-2.0","2025-08-22T00:00:00.000 | 2026-06-11T11:57:15Z | 2026-05-12T00:29:08Z | 2026-05-18T13:23:54Z | 2026-05-25T13:08:59Z | 2026-06-01T13:20:32Z | 2026-06-08T13:20:12Z"
"SD","South Dakota","e25bbef0-2c78-4588-ba9c-aefa6df1c180","Tri-State Dental Care","-96.49451043","42.50424446","dentist","general_dentistry | health_and_medical","150 Tower Rd","Dakota Dunes","57049-5449","SD","US","+16052427123","tristatedental@gmail.com","http://www.tristatedentalcare.com/","https://www.facebook.com/65509924966","","0.9199122190475464","open","10","meta | Overture | Overture-signals","CDLA-Permissive-2.0","2026-04-27T00:00:00.000Z | 2026-06-11T11:57:15Z | 2026-05-12T00:29:08Z | 2026-05-18T13:23:54Z | 2026-05-25T13:08:59Z | 2026-06-01T13:20:32Z | 2026-06-08T13:20:12Z"
"SD","South Dakota","e3f52e50-e50c-4f06-8a58-3b235a8ed024","Brookings Dental Clinic","-96.76739679","44.30134401","dentist","general_dentistry | medical_service_organizations","2215 Derdall Dr","Brookings","57006-2851","SD","US","+16056921222","openwide@brookings.net","http://brookingsdentalclinic.com/","https://www.facebook.com/368560653549866","","0.9199122190475464","open","7","meta | Overture | Overture-signals","CDLA-Permissive-2.0","2026-04-27T00:00:00.000Z | 2026-06-11T11:57:15Z | 2026-05-12T00:29:08Z | 2026-05-18T13:23:54Z | 2026-05-25T13:08:59Z | 2026-06-01T13:20:32Z | 2026-06-08T13:20:12Z"
"SD","South Dakota","e5690439-766a-47a4-9d71-06798c11248b","Lifetime Dental","-96.731028","43.524687","dentist","orthodontist | health_and_medical","2200 S Minnesota Ave","Sioux Falls","57105-3743","SD","US","+16053344121","info@lifetimedentalsf.com","http://www.lifetimedentalsf.com/","https://www.facebook.com/619642978108283","Lifetime Dental","0.9918105602264404","","10","meta | Overture","CDLA-Permissive-2.0","2026-04-27T00:00:00.000Z | 2026-06-11T11:57:15Z"
"SD","South Dakota","e67ab603-4a5d-4f72-bd36-1259798e2795","Black Hills Dentures, Implants and Urgent Care","-103.2292281","44.08327704","dentist","general_dentistry","719 Omaha St","Rapid City","57701-2761","SD","US","+16055930999","info@bhdenturesimplants.com","https://bhdentures.com/","https://www.facebook.com/101300979620993","","0.9199122190475464","open","10","meta | Overture | Overture-signals","CDLA-Permissive-2.0","2026-04-27T00:00:00.000Z | 2026-06-11T11:57:15Z | 2026-05-12T00:29:08Z | 2026-05-18T13:23:54Z | 2026-05-25T13:08:59Z | 2026-06-01T13:20:32Z | 2026-06-08T13:20:12Z"
"SD","South Dakota","e78c8761-8141-4579-b862-36c7a0fabd36","The Dentist of Siouxland","-96.6843076","42.68609284","dentist","general_dentistry | doctor","109 E Main St","Elk Point","57025-2476","SD","US","+16053562271","elkpoint@dentistofsiouxland.com","https://dentistofsiouxland.com/","https://www.facebook.com/692366304490015","The Dentist at Elk Point","0.9199122190475464","open","8","meta | Overture | Overture-signals","CDLA-Permissive-2.0","2026-04-27T00:00:00.000Z | 2026-06-11T11:57:15Z | 2026-05-12T00:29:08Z | 2026-05-18T13:23:54Z | 2026-05-25T13:08:59Z | 2026-06-01T13:20:32Z | 2026-06-08T13:20:12Z"
"SD","South Dakota","e98244b5-569f-4621-90d7-cc343d132ed8","Vermillion Dental Health","-96.9327875","42.77817694","dentist","general_dentistry","111 Court St","Vermillion","57069-3027","SD","US","+16056248695","vermilliondh@gmail.com","http://vermilliondentalhealth.com/","https://www.facebook.com/575508509291870","","0.9199122190475464","open","8","meta | Overture | Overture-signals","CDLA-Permissive-2.0","2026-04-27T00:00:00.000Z | 2026-06-11T11:57:15Z | 2026-05-12T00:29:08Z | 2026-05-18T13:23:54Z | 2026-05-25T13:08:59Z | 2026-06-01T13:20:32Z | 2026-06-08T13:20:12Z"
"SD","South Dakota","eab043e2-86f1-4597-87f2-8dcd6f517d51","Ronald Mann","-101.67105124","44.0390617","dentist","lawyer | medical_service_organizations","104 Philip Ave","Philip","57567","SD","US","+16058592491","","","https://www.facebook.com/975394219187317","","0.754044234752655","","7","meta | Overture","CDLA-Permissive-2.0","2026-04-27T00:00:00.000Z | 2026-06-11T11:57:15Z"
"SD","South Dakota","ed2e0b28-1aee-426f-8c0b-0d2f2ef68343","Creative Smile Designs","-103.23218174","44.06623301","dentist","cosmetic_dentist | general_dentistry","2006 Mount Rushmore Rd","Rapid City","57701-4710","SD","US","+16053435925","drlynch@enetis.net","https://www.creativesmiledesignsrc.com/","https://www.facebook.com/900498876763542","","0.9199122190475464","open","7","meta | Overture | Overture-signals","CDLA-Permissive-2.0","2026-04-27T00:00:00.000Z | 2026-06-11T11:57:15Z | 2026-05-12T00:29:08Z | 2026-05-18T13:23:54Z | 2026-05-25T13:08:59Z | 2026-06-01T13:20:32Z | 2026-06-08T13:20:12Z"
"SD","South Dakota","efe50e81-c33b-4b37-b8e3-0c16d9c23d95","All about smiles","-103.260150331691","44.1018874674157","dentist","","4215 Berniece St","Rapid City","57703","SD","US","(605) 343-6691","info@reausawdental.com","http://reausawdental.com","https://www.facebook.com/121251494715981","","0.77","","5","Foursquare | Overture","Apache-2.0 | CDLA-Permissive-2.0","2024-02-28T00:00:00.000 | 2026-06-11T11:57:15Z"
"SD","South Dakota","f021670d-cdab-43c9-bdfc-55f25fc21456","Dentistry at the St Charles","-100.350516921202","44.3681683006392","dentist","","207 E Capitol Ave","Pierre","57501","SD","US","(605) 224-2161","renemansdds@gmail.com","https://dentistryatthestcharles.com","","","0.9199122190475464","open","5","Foursquare | Overture | Overture-signals","Apache-2.0 | CDLA-Permissive-2.0","2026-02-21T00:00:00.000 | 2026-06-11T11:57:15Z | 2026-05-12T00:29:08Z | 2026-05-18T13:23:54Z | 2026-05-25T13:08:59Z | 2026-06-01T13:20:32Z | 2026-06-08T13:20:12Z"
"SD","South Dakota","f355da7b-c8fe-4603-a3b0-afa474086331","Bisson Dental","-96.7983284160438","44.3029801083317","dentist","","305 Main Avenue South","Brookings","57006","SD","US","(605) 692-2820","","https://bisson-dental.com","","","0.77","","5","Foursquare | Overture","Apache-2.0 | CDLA-Permissive-2.0","2025-10-17T00:00:00.000 | 2026-06-11T11:57:15Z"
"SD","South Dakota","f4a37318-21f7-4ac9-b433-f2ef451114cf","Infinity Sedation Dentistry","-96.50113075","42.50699403","dentist","general_dentistry | cosmetic_dentist","383 W Steamboat Dr","Dakota Dunes","57049-5299","SD","US","+17127176700","dunes@infinitysedation.com","http://www.infinitysedation.com/","https://www.facebook.com/100836866178195","Infinity Sedation Dentistry","0.9199122190475464","open","7","meta | Overture | Overture-signals","CDLA-Permissive-2.0","2026-04-27T00:00:00.000Z | 2026-06-11T11:57:15Z | 2026-05-12T00:29:08Z | 2026-05-18T13:23:54Z | 2026-05-25T13:08:59Z | 2026-06-01T13:20:32Z | 2026-06-08T13:20:12Z"
"SD","South Dakota","f4dbb763-8a42-4e10-862f-738f3e1c628c","Hillsview Dental","-103.24750067","44.0287245","dentist","general_dentistry | cosmetic_dentist","1687 Tablerock Rd","Rapid City","57701-5495","SD","US","+16053075540","crissdental@rushmore.com","http://hillsviewdentistry.com/","https://www.facebook.com/420042261431121","","0.9199122190475464","open","9","meta | Overture | Overture-signals","CDLA-Permissive-2.0","2026-04-27T00:00:00.000Z | 2026-06-11T11:57:15Z | 2026-05-12T00:29:08Z | 2026-05-18T13:23:54Z | 2026-05-25T13:08:59Z | 2026-06-01T13:20:32Z | 2026-06-08T13:20:12Z"
"SD","South Dakota","f5430680-3788-48fd-a6a5-3b360a893330","Fibonacci Dental Studio","-103.26565917","44.06940885","dentist","general_dentistry | medical_service_organizations","2800 Jackson Blvd","Rapid City","57702-1504","SD","US","+16053480831","mail@fibonacci-ds.com","http://www.fibonacci-dental.com/","https://www.facebook.com/541744015906883","","0.9199122190475464","open","9","meta | Overture | Overture-signals","CDLA-Permissive-2.0","2026-04-27T00:00:00.000Z | 2026-06-11T11:57:15Z | 2026-05-12T00:29:08Z | 2026-05-18T13:23:54Z | 2026-05-25T13:08:59Z | 2026-06-01T13:20:32Z | 2026-06-08T13:20:12Z"
"SD","South Dakota","f60cdc0e-34b3-450a-9e54-a74efe1ac485","Dr. James L. Sigaty","-96.69152865","43.52997856","dentist","health_and_medical | lawyer","1717 S Cleveland Ave","Sioux Falls","57103-3245","SD","US","+16053381212","","","https://www.facebook.com/110363935693040","","0.9199122190475464","open","7","meta | Overture | Overture-signals","CDLA-Permissive-2.0","2026-04-27T00:00:00.000Z | 2026-06-11T11:57:15Z | 2026-05-12T00:29:08Z | 2026-05-18T13:23:54Z | 2026-05-25T13:08:59Z | 2026-06-01T13:20:32Z | 2026-06-08T13:20:12Z"
"SD","South Dakota","fb18a549-2303-44b4-9af2-946c123f22bb","Baumann Jon C","-97.409037731239","42.8768391510397","dentist","","809 Belfast St","Yankton","57078","SD","US","(605) 665-5695","","http://www.baumanndentistry.com","","","0.77","","5","Foursquare | Overture","Apache-2.0 | CDLA-Permissive-2.0","2025-08-22T00:00:00.000 | 2026-06-11T11:57:15Z"
"SD","South Dakota","fe8a74e4-c616-4e75-942c-b2436f9e284f","Hermanson & Swenson Dental","-100.359082446269","44.3662035943537","dentist","","433 S Central Ave","Pierre","57501","SD","US","(605) 224-5966","","http://hermansonswensondental.com","https://www.facebook.com/137302966682483","","0.77","","5","Foursquare | Overture","Apache-2.0 | CDLA-Permissive-2.0","2025-08-19T00:00:00.000 | 2026-06-11T11:57:15Z"
"SD","South Dakota","fee0a910-699a-4fe7-b96e-e2f93bc39388","Neuberger Meaghan A DDS","-96.75089961","43.51113456","dentist","physical_therapy","3610 S Western Ave","Sioux Falls","57105-6142","SD","US","+16053394050","","http://www.mydentalessence.com/","https://www.facebook.com/167323766613911","Dental Essence","0.5516347289085388","","1","meta | Overture","CDLA-Permissive-2.0","2026-04-27T00:00:00.000Z | 2026-06-11T11:57:15Z"
"SD","South Dakota","ff1fb101-2db8-4162-bf80-5c81c74e0d3a","Southeastern Dental Center","-96.69092167","43.48980008","dentist","general_dentistry | medical_service_organizations","2851 E Jackson St","Sioux Falls","57108-3511","SD","US","+16053358030","info@sedentalcenter.com","http://www.sedentalcenter.com/","https://www.facebook.com/166440446702030","","0.9991662710905075","","9","meta | Overture","CDLA-Permissive-2.0","2026-04-27T00:00:00.000Z | 2026-06-11T11:57:15Z"
"SD","South Dakota","ff2cd7de-5d87-4e32-bfbf-03234fb977f7","Inactive Page","-96.835875276993","43.4544392092811","dentist","pediatric_dentist | health_and_medical","910 N Main Ave","Tea","57064-2499","SD","US","+16054984746","","http://www.parksidegrin.com/","https://www.facebook.com/513047192042107","Inactive Page","0.8231278657913208","","8","meta | Overture","CDLA-Permissive-2.0","2026-04-27T00:00:00.000Z | 2026-06-11T11:57:15Z"
"SD","South Dakota","ff508848-c3a8-49fb-88d5-8d37ac88e48d","ProSmiles Dental Studio","-103.21647951","44.08398687","dentist","general_dentistry | health_and_medical","109 New York St","Rapid City","57701-1918","SD","US","+16057910652","info@prosmilesdentalstudio.com","http://prosmilesdentalstudio.com/","https://www.facebook.com/1464266913870953","","0.9672471880912781","","3","meta | Overture","CDLA-Permissive-2.0","2026-04-27T00:00:00.000Z | 2026-06-11T11:57:15Z"
