"state_code","state","id","name","longitude","latitude","primary_category","alternate_categories","address","locality","postcode","region","country","phones","emails","websites","socials","brand","confidence","operating_status","version","source_datasets","source_licenses","source_update_times"
"VA","Virginia","00470be1-a65f-4a6a-85e4-68b8169157d9","Natural Art Prosthetics","-78.43122886","39.09635063","dentist","","521 Bushy Ridge Dr","Star Tannery","22654-1805","VA","US","+15404654848","naturalartprosthetics@gmail.com","http://www.naturalartprosthetics.com/","https://www.facebook.com/159515164079394","","0.9199122190475464","open","8","meta | Overture | Overture-signals","CDLA-Permissive-2.0","2026-04-27T00:00:00.000Z | 2026-06-11T11:57:15Z | 2026-05-12T00:29:08Z | 2026-05-18T13:23:54Z | 2026-05-25T13:08:59Z | 2026-06-01T13:20:32Z | 2026-06-08T13:20:12Z"
"VA","Virginia","0089306f-f241-48ab-b6be-fbe3f4ab52dc","Virginia Dental Association","-77.56762462","37.63772703","dentist","community_services_non_profits | non_governmental_association","3460 Mayland Ct","Henrico","23233-1401","VA","US","+18045232189","info@vadental.org","http://www.vadental.org/","https://www.facebook.com/240821045976090","Vadental","0.9199122190475464","open","9","meta | Overture | Overture-signals","CDLA-Permissive-2.0","2026-04-27T00:00:00.000Z | 2026-06-11T11:57:15Z | 2026-05-12T00:29:08Z | 2026-05-18T13:23:54Z | 2026-05-25T13:08:59Z | 2026-06-01T13:20:32Z | 2026-06-08T13:20:12Z"
"VA","Virginia","00c860be-2de2-4eaa-8b57-12c7f6545b96","J Patrick Baker DDS","-76.303215400986","36.900639321511","dentist","","1170 Lexan Ave","Norfolk","23508","VA","US","(757) 440-1360","","https://bonsecours.com/hampton-roads/find-a-provider/providers/practices/John-P-Baker-DDS-PLC","","","0.77","","6","Foursquare | Overture","Apache-2.0 | CDLA-Permissive-2.0","2025-10-23T00:00:00.000 | 2026-06-11T11:57:15Z"
"VA","Virginia","012f396a-49dd-44b6-a834-77190a5fc4e1","Dr. David Metzdorf Jr","-77.36690385","38.87086953","dentist","general_dentistry | doctor","4001 Fair Ridge Dr","Fairfax","22033-2917","VA","US","+17033525222","","http://www.fairfaxgentledental.com/","https://www.facebook.com/1476032179201993","","0.7719713449478149","","10","meta | Overture","CDLA-Permissive-2.0","2026-04-27T00:00:00.000Z | 2026-06-11T11:57:15Z"
"VA","Virginia","0133b57b-a06c-4b57-a620-5b6bce2336b3","Dr. Bonnie Pearson","-77.35704062","37.16720641","dentist","health_and_medical | hospital","10545 S Crater Rd","Petersburg","23805-7333","VA","US","+18047326638","","http://www.bonniepearsondds.com/","https://www.facebook.com/200082853437223","","0.841805100440979","","7","meta | Overture","CDLA-Permissive-2.0","2026-04-27T00:00:00.000Z | 2026-06-11T11:57:15Z"
"VA","Virginia","015124e7-8eff-4c75-bc2a-0a7b8bce4377","Advanced Dental Care","-77.085272","38.828533","dentist","hospital | home_cleaning","1707 Osage St","Alexandria","22302-2607","VA","US","+17035781700","","http://www.grovedentalclinic.com/","https://www.facebook.com/609422359216521","Grove Dental Clinic","0.7227491140365601","","7","meta | Overture","CDLA-Permissive-2.0","2026-04-27T00:00:00.000Z | 2026-06-11T11:57:15Z"
"VA","Virginia","01534f33-8b43-4f0f-94f2-19842de48ed9","Peony Dental","-77.47974174","38.76448012","dentist","general_dentistry","9378 Forestwood Ln","Manassas","20110-4741","VA","US","+17036591111","info@peonydental.com","https://www.peonydental.com/","https://www.facebook.com/100337138144305","","0.9199122190475464","open","9","meta | Overture | Overture-signals","CDLA-Permissive-2.0","2026-04-27T00:00:00.000Z | 2026-06-11T11:57:15Z | 2026-05-12T00:29:08Z | 2026-05-18T13:23:54Z | 2026-05-25T13:08:59Z | 2026-06-01T13:20:32Z | 2026-06-08T13:20:12Z"
"VA","Virginia","0159cf2f-91db-460b-9ad5-f6dc7cfcf19a","Franklin Dental","-77.40597685","38.90822116","dentist","general_dentistry | health_and_medical","13320 Franklin Farm Rd","Herndon","20171-4092","VA","US","+17038707675","franklindental01@yahoo.com","http://www.franklin-dental.com/","https://www.facebook.com/658176680891520","Franklin Dental","0.9990242213010788","","9","meta | Overture","CDLA-Permissive-2.0","2026-04-27T00:00:00.000Z | 2026-06-11T11:57:15Z"
"VA","Virginia","01b69a08-0340-409c-8cec-435c5d1a6cc8","East Beach Dental","-76.1875560755259","36.9253611875343","dentist","","4520 Pretty Lake Ave","Norfolk","23518","VA","US","(757) 362-0600","","http://www.eastbeachdental.com","","","0.9199122190475464","open","6","Foursquare | Overture | Overture-signals","Apache-2.0 | CDLA-Permissive-2.0","2025-08-22T00:00:00.000 | 2026-06-11T11:57:15Z | 2026-05-12T00:29:08Z | 2026-05-18T13:23:54Z | 2026-05-25T13:08:59Z | 2026-06-01T13:20:32Z | 2026-06-08T13:20:12Z"
"VA","Virginia","01c61008-b4cf-4ca4-a7d6-2b01ef14ac0d","Oyster Point Smiles","-76.47873646","37.08366106","dentist","cosmetic_dentist | health_and_medical","606 Thimble Shoals Blvd","Newport News","23606-4521","VA","US","+17578732577","info@oysterpointsmiles.com","http://www.oysterpointsmiles.com/","https://www.facebook.com/504096009600753","","0.9902192950248718","open","8","meta | Overture | Overture-signals","CDLA-Permissive-2.0","2026-04-27T00:00:00.000Z | 2026-06-11T11:57:15Z | 2026-05-12T00:29:08Z | 2026-05-18T13:23:54Z | 2026-05-25T13:08:59Z | 2026-06-01T13:20:32Z | 2026-06-08T13:20:12Z"
"VA","Virginia","01ce855e-2c62-4271-9376-6e0f6f123fb6","Dr. Feisal Osman Dentist Office","-77.631997004091","37.6377387247962","dentist","","3033 Lauderdale Dr","Richmond","23233","VA","US","(804) 364-1696","","https://www.healthgrades.com/dentist/dr-feisal-osman-2vfhc","https://www.facebook.com/122128294511595","","0.77","","3","Foursquare | Overture","Apache-2.0 | CDLA-Permissive-2.0","2025-11-24T00:00:00.000 | 2026-06-11T11:57:15Z"
"VA","Virginia","01de63b0-c280-4e50-9779-93577ad388a4","Dr. Zacko & Associates","-77.3473553950608","38.9619575046625","dentist","","1785-1799 Clubhouse Rd","Reston","20190","VA","US","(703) 471-6600","","https://www.georgebzackodentistry.com","","","0.77","","5","Foursquare | Overture","Apache-2.0 | CDLA-Permissive-2.0","2025-05-25T00:00:00.000 | 2026-06-11T11:57:15Z"
"VA","Virginia","01eb1cbe-14e0-46b4-b386-195204d41039","Kidz Dentistry","-77.433187","38.830617","dentist","pediatric_dentist | oral_surgeon","6101 Redwood Square Ctr","Centreville","20121","VA","US","+17032220111","kidzdentistry20121@gmail.com","http://kidz-dentistry.com/","https://www.facebook.com/850380118421962","","0.9199122190475464","open","9","meta | Overture | Overture-signals","CDLA-Permissive-2.0","2026-04-27T00:00:00.000Z | 2026-06-11T11:57:15Z | 2026-05-12T00:29:08Z | 2026-05-18T13:23:54Z | 2026-05-25T13:08:59Z | 2026-06-01T13:20:32Z | 2026-06-08T13:20:12Z"
"VA","Virginia","01fc2106-688e-42fe-9877-14cfc125ee47","Columbia Pike Family Dentistry","-77.08363915","38.86351102","dentist","general_dentistry","2407 Columbia Pike","Arlington","22204-4469","VA","US","+15713124111","info@columbiapikefd.com","http://www.columbiapikedentistry.com/","https://www.facebook.com/119700005283506","","0.9902192950248718","open","8","meta | Overture | Overture-signals","CDLA-Permissive-2.0","2026-04-27T00:00:00.000Z | 2026-06-11T11:57:15Z | 2026-05-12T00:29:08Z | 2026-05-18T13:23:54Z | 2026-05-25T13:08:59Z | 2026-06-01T13:20:32Z | 2026-06-08T13:20:12Z"
"VA","Virginia","0210def8-c312-4c3d-9d4d-6427ab8209c4","Portsmouth Family Dental","-76.32406553","36.80016796","dentist","general_dentistry","4409 George Washington Hwy","Portsmouth","23702-2401","VA","US","+17574852222","","","https://www.facebook.com/188029124563941","","0.9902192950248718","open","6","meta | Overture | Overture-signals","CDLA-Permissive-2.0","2026-04-27T00:00:00.000Z | 2026-06-11T11:57:15Z | 2026-05-12T00:29:08Z | 2026-05-18T13:23:54Z | 2026-05-25T13:08:59Z | 2026-06-01T13:20:32Z | 2026-06-08T13:20:12Z"
"VA","Virginia","028ed48f-9c38-40bc-93d2-0d2a8cd1da92","Coliseum Oral Surgery Center","-76.39537627","37.04776813","dentist","pediatric_dentist | cosmetic_dentist","2111 Hartford Rd","Hampton","23666-2576","VA","US","+17573277843","","https://www.hrpediatricdentistry.com","https://www.facebook.com/1477662045885889","","0.9199122190475464","open","6","meta | Overture | Overture-signals","CDLA-Permissive-2.0","2026-04-27T00:00:00.000Z | 2026-06-11T11:57:15Z | 2026-05-12T00:29:08Z | 2026-05-18T13:23:54Z | 2026-05-25T13:08:59Z | 2026-06-01T13:20:32Z | 2026-06-08T13:20:12Z"
"VA","Virginia","0294508b-a2e3-4e09-8c8c-6dc3eec1c2c6","Your Family Dentist","-77.12597078","38.85227863","dentist","general_dentistry","5666 Columbia Pike","Falls Church","22041-2700","VA","US","+17034179622","contactus@yourfamilydentistva.com","https://www.yourfamilydentistva.com/","https://www.facebook.com/111254694620068","","0.9199122190475464","open","8","meta | Overture | Overture-signals","CDLA-Permissive-2.0","2026-04-27T00:00:00.000Z | 2026-06-11T11:57:15Z | 2026-05-12T00:29:08Z | 2026-05-18T13:23:54Z | 2026-05-25T13:08:59Z | 2026-06-01T13:20:32Z | 2026-06-08T13:20:12Z"
"VA","Virginia","02b3ed42-e247-4a31-b2ff-369113a502aa","Advance Dental","-77.185785","38.801183","dentist","cosmetic_dentist | medical_service_organizations","7011 Backlick Ct","Springfield","22151-3903","VA","US","+17033336077","","","https://www.facebook.com/169446489777577","","0.9313005805015564","","1","meta | Overture","CDLA-Permissive-2.0","2026-04-27T00:00:00.000Z | 2026-06-11T11:57:15Z"
"VA","Virginia","02e67d5c-5310-4467-a73b-7e656d5ddade","Lovettsville Dental Arts","-77.636676","39.27372473","dentist","general_dentistry | medical_service_organizations","2 N Light St","Lovettsville","20180-8613","VA","US","+15408224224","","http://www.lovettsvilledentalarts.com","https://www.facebook.com/162457270448250","","0.9882060289382935","","8","meta | Overture","CDLA-Permissive-2.0","2026-04-27T00:00:00.000Z | 2026-06-11T11:57:15Z"
"VA","Virginia","02e7f8c4-46a7-4f35-849e-1e6a5f765bdf","Two Brothers Dental Studio","-77.51745914","37.53761358","dentist","","6740 Forest Hill Ave","Richmond","23225-1844","VA","US","+18044758518","","http://www.brisadentalrva.com/","https://www.facebook.com/110407911306555","","0.9199122190475464","open","9","meta | Overture | Overture-signals","CDLA-Permissive-2.0","2026-04-27T00:00:00.000Z | 2026-06-11T11:57:15Z | 2026-05-12T00:29:08Z | 2026-05-18T13:23:54Z | 2026-05-25T13:08:59Z | 2026-06-01T13:20:32Z | 2026-06-08T13:20:12Z"
"VA","Virginia","02f29512-feb0-4926-8aa9-1342e2ca7082","Bright Life Dentistry","-76.04268865","36.8804848","dentist","general_dentistry | medical_service_organizations","1432 N Great Neck Rd","Virginia Beach","23454-1342","VA","US","+17574867100","dra@brightlifedentistry.com","http://www.brightlifedentistry.com/","https://www.facebook.com/112295322228217","","0.9199122190475464","open","9","meta | Overture | Overture-signals","CDLA-Permissive-2.0","2026-04-27T00:00:00.000Z | 2026-06-11T11:57:15Z | 2026-05-12T00:29:08Z | 2026-05-18T13:23:54Z | 2026-05-25T13:08:59Z | 2026-06-01T13:20:32Z | 2026-06-08T13:20:12Z"
"VA","Virginia","03005e7b-5de9-444f-8b0a-bfab6c7620f0","Dulles Life Smiles","-77.48128525","38.99639354","dentist","general_dentistry | cosmetic_dentist","22420 Flagstaff Plz","Ashburn","20148-2400","VA","US","+17037832425","info@dulleslifesmiles.com","http://www.dulleslifesmiles.com/","https://www.facebook.com/101370397923753","","0.9902192950248718","open","9","meta | Overture | Overture-signals","CDLA-Permissive-2.0","2026-04-27T00:00:00.000Z | 2026-06-11T11:57:15Z | 2026-05-12T00:29:08Z | 2026-05-18T13:23:54Z | 2026-05-25T13:08:59Z | 2026-06-01T13:20:32Z | 2026-06-08T13:20:12Z"
"VA","Virginia","030786d2-e7d7-4d74-ad6d-456c6c1429b2","Tidewater Dental","-76.2914497702937","36.8676329839403","dentist","","","Norfolk","23517","VA","US","(757) 622-4245","","http://tidewaterdentalcenter.com","","","0.77","","5","Foursquare | Overture","Apache-2.0 | CDLA-Permissive-2.0","2025-08-22T00:00:00.000 | 2026-06-11T11:57:15Z"
"VA","Virginia","0315b1d7-0f1f-4e89-afae-07582a938b57","H. Andrew Fratkin","-77.556088","37.62065238","dentist","doctor | medical_service_organizations","2301 N Parham Rd","Henrico","23229-3171","VA","US","+18043464066","","http://Fratkindds.com/","https://www.facebook.com/109752042420576","","0.9784185290336609","","8","meta | Overture","CDLA-Permissive-2.0","2026-04-27T00:00:00.000Z | 2026-06-11T11:57:15Z"
"VA","Virginia","031cbd57-9dc5-40e8-9ca0-893aa715f347","Tiesworth Family Dentistry","-77.60733","37.52003","dentist","pediatric_dentist | cosmetic_dentist","11435 Robious Rd","Richmond","23235-4309","VA","US","+18043304324","robious53@outlook.com","http://www.dentistmidlothianrichmond.com/","https://www.facebook.com/340754109613252","Tiesworth Family Dentistry","0.9407550096511841","","2","meta | Overture","CDLA-Permissive-2.0","2026-04-27T00:00:00.000Z | 2026-06-11T11:57:15Z"
"VA","Virginia","032bc153-58b2-412b-ab31-2337e1ddad6e","The Leesburg Dentists","-77.5685821037859","39.1054825090193","dentist","","706 S King St Ste 5","Leesburg","20175","VA","US","(703) 771-8500","info@theleesburgdentists.com","http://www.theleesburgdentists.com","https://www.facebook.com/243307065693132","","0.9902192950248718","open","5","Foursquare | Overture | Overture-signals","Apache-2.0 | CDLA-Permissive-2.0","2026-01-14T00:00:00.000 | 2026-06-11T11:57:15Z | 2026-05-12T00:29:08Z | 2026-05-18T13:23:54Z | 2026-05-25T13:08:59Z | 2026-06-01T13:20:32Z | 2026-06-08T13:20:12Z"
"VA","Virginia","0341ec09-1d59-47f6-8f30-21e0c1e057b6","Erik C. Roper, DDS","-77.6571217","37.409331","dentist","health_and_medical","6510 Harbour View Ct Ste 200","Midlothian","23112","VA","US","8047396500","","https://vadentist.com/our-doctors/dr-erik-c-roper-dds/","","","0.9199122190475464","open","6","Microsoft | Overture | Overture-signals","CDLA-Permissive-2.0","2020-02-17T13:45:30.590Z | 2026-06-11T11:57:15Z | 2026-05-12T00:29:08Z | 2026-05-18T13:23:54Z | 2026-05-25T13:08:59Z | 2026-06-01T13:20:32Z | 2026-06-08T13:20:12Z"
"VA","Virginia","03495390-787d-418e-a81e-9b052ae4d8e7","iSmile Dental Care","-77.2703648","38.8422276","dentist","health_and_medical","9428 Main St","Fairfax","22031","VA","US","7033235296","","https://www.ismileva.com/find-a-location/fairfax/","","","0.9655","","8","Microsoft | Overture","CDLA-Permissive-2.0","2023-12-14T10:27:55.260Z | 2026-06-11T11:57:15Z"
"VA","Virginia","03890fe0-601a-4e0c-a673-49972db7b181","Motto Clear Aligners","-76.13799639","36.8430895","dentist","health_and_medical","4625 Virginia Beach Blvd 101A","Virginia Beach","23462","VA","US","7578072137","","https://www.aspendental.com/dentist/va/virginia-beach/4625-virginia-beach-blvd-101a/motto-clear-aligners/","","","0.85","","7","Microsoft | Overture","CDLA-Permissive-2.0","2025-10-03T21:17:09.477Z | 2026-06-11T11:57:15Z"
"VA","Virginia","039300eb-8430-4992-84aa-f29011132c91","Smile Dental Clinic","-77.11948935","38.84134698","dentist","general_dentistry","3817 S George Mason Dr","Falls Church","22041-3763","VA","US","+17035759700","ddsfallschurch@google.com","https://www.DDSFallsChurch.com/","https://www.facebook.com/152090658320057","","0.9902192950248718","open","8","meta | Overture | Overture-signals","CDLA-Permissive-2.0","2026-04-27T00:00:00.000Z | 2026-06-11T11:57:15Z | 2026-05-12T00:29:08Z | 2026-05-18T13:23:54Z | 2026-05-25T13:08:59Z | 2026-06-01T13:20:32Z | 2026-06-08T13:20:12Z"
"VA","Virginia","03f74e69-184d-4765-b426-7bdbaf6ab802","Partners In Dental Health","-76.1276081","36.83047383","dentist","general_dentistry | medical_service_organizations","317 Edwin Dr","Virginia Beach","23462-4525","VA","US","+17574992100","questions@partnersindentalhealth.com","http://www.partnersindentalhealth.com/","https://www.facebook.com/57712464218","Partners In Dental Health","0.9902192950248718","open","8","meta | Overture | Overture-signals","CDLA-Permissive-2.0","2026-04-27T00:00:00.000Z | 2026-06-11T11:57:15Z | 2026-05-12T00:29:08Z | 2026-05-18T13:23:54Z | 2026-05-25T13:08:59Z | 2026-06-01T13:20:32Z | 2026-06-08T13:20:12Z"
"VA","Virginia","04400d67-f7dd-4252-8728-9ea6fe6e0acb","Neumann & Bohrer Family Dentistry","-78.18009384","39.18908413","dentist","general_dentistry","1002 Amherst St","Winchester","22601-3323","VA","US","+15406677600","office@neumannfamilydentistry.com","http://www.neumannfamilydentistry.com/","https://www.facebook.com/110488312347125","","0.9199122190475464","open","9","meta | Overture | Overture-signals","CDLA-Permissive-2.0","2026-04-27T00:00:00.000Z | 2026-06-11T11:57:15Z | 2026-05-12T00:29:08Z | 2026-05-18T13:23:54Z | 2026-05-25T13:08:59Z | 2026-06-01T13:20:32Z | 2026-06-08T13:20:12Z"
"VA","Virginia","04c34a29-fab0-4ec2-bd39-dc3c71f0df70","Taheri Dental Group","-77.51273289","38.77978001","dentist","general_dentistry | health_and_medical","10630 Crestwood Dr","Manassas","20109-4405","VA","US","+17038225563","","https://taheridentalgroup.com/dentist-office/manassas-va-20109?utm_source=Google&utm_medium=KnowledgePanel&utm_campaign=Website","https://www.facebook.com/285938345262326","","0.9199122190475464","open","9","meta | Overture | Overture-signals","CDLA-Permissive-2.0","2026-04-27T00:00:00.000Z | 2026-06-11T11:57:15Z | 2026-05-12T00:29:08Z | 2026-05-18T13:23:54Z | 2026-05-25T13:08:59Z | 2026-06-01T13:20:32Z | 2026-06-08T13:20:12Z"
"VA","Virginia","04c57741-8602-4583-9bc2-f50b1f7a145d","Kool Smiles Dentist","-77.395179","37.579163","dentist","health_and_medical","3824 Mechanicsville Tpke","Richmond","23223","VA","US","8047678747","","http://www.mykoolsmiles.com/VA/dentist/richmond-mechanicsville?utm_source=bing&utm_medium=local&utm_campaign=localmaps&utm_content=13","","","0.9199122190475464","open","7","Microsoft | Overture | Overture-signals","CDLA-Permissive-2.0","2018-12-18T16:58:47.700Z | 2026-06-11T11:57:15Z | 2026-05-12T00:29:08Z | 2026-05-18T13:23:54Z | 2026-05-25T13:08:59Z | 2026-06-01T13:20:32Z | 2026-06-08T13:20:12Z"
"VA","Virginia","04d3f848-0aad-456a-98e7-25ef550c684f","United Smiles Family Dentistry & Orthodontics","-77.36368869","37.18131671","dentist","orthodontist | general_dentistry","34 Medical Park Blvd","Petersburg","23805-9283","VA","US","+18045543834","unitedsmiles23805@gmail.com","http://www.unitedsmiles.com/","https://www.facebook.com/104607609088935","United Smiles Family Dentistry","0.9902192950248718","open","8","meta | Overture | Overture-signals","CDLA-Permissive-2.0","2026-04-27T00:00:00.000Z | 2026-06-11T11:57:15Z | 2026-05-12T00:29:08Z | 2026-05-18T13:23:54Z | 2026-05-25T13:08:59Z | 2026-06-01T13:20:32Z | 2026-06-08T13:20:12Z"
"VA","Virginia","04f14b32-61d4-4ed3-ad9b-c0a4f090943c","Virginia Dental & Anesthesia Associates","-77.51333261","38.30433789","dentist","general_dentistry","1420 Central Park Blvd","Fredericksburg","22401-4932","VA","US","+15407860696","vdaadds@gmail.com","http://www.vdaa.info/","https://www.facebook.com/740923385944843","","0.9902192950248718","open","7","meta | Overture | Overture-signals","CDLA-Permissive-2.0","2026-04-27T00:00:00.000Z | 2026-06-11T11:57:15Z | 2026-05-12T00:29:08Z | 2026-05-18T13:23:54Z | 2026-05-25T13:08:59Z | 2026-06-01T13:20:32Z | 2026-06-08T13:20:12Z"
"VA","Virginia","04f3eec2-eaeb-4abc-84b0-f3b54fcc9312","Riverview Family Dentistry","-76.49808867","37.0856581","dentist","general_dentistry | cosmetic_dentist","12650 Warwick Blvd","Newport News","23606-2590","VA","US","+17579309100","info@rfdnn.com","http://www.RFDNN.com/","https://www.facebook.com/112545614968348","Bear Creek Family Dentistry","0.9902192950248718","open","8","meta | Overture | Overture-signals","CDLA-Permissive-2.0","2026-04-27T00:00:00.000Z | 2026-06-11T11:57:15Z | 2026-05-12T00:29:08Z | 2026-05-18T13:23:54Z | 2026-05-25T13:08:59Z | 2026-06-01T13:20:32Z | 2026-06-08T13:20:12Z"
"VA","Virginia","04f72f36-6289-4afd-80df-dab2723c595a","Modern Dental Center","-77.40401475","39.03509728","dentist","general_dentistry | medical_center","46165 Westlake Dr","Sterling","20165-5872","VA","US","+17034309300","johnkimdds@hotmail.com","http://dentiststerlingva.com/","https://www.facebook.com/403432989819501","","0.9199122190475464","open","7","meta | Overture | Overture-signals","CDLA-Permissive-2.0","2026-04-27T00:00:00.000Z | 2026-06-11T11:57:15Z | 2026-05-12T00:29:08Z | 2026-05-18T13:23:54Z | 2026-05-25T13:08:59Z | 2026-06-01T13:20:32Z | 2026-06-08T13:20:12Z"
"VA","Virginia","04f8b17e-7396-4a27-a0a6-30e2b543afd5","Paul R Stanovick, DDS","-77.23683736","37.54558034","dentist","general_dentistry","4005 Fox Hunter Ln","Mechanicsville","23111-6857","VA","US","+18047811919","smilebystano@gmail.com","https://www.paulstanovickdds.com/","https://www.facebook.com/560800897687662","","0.9199122190475464","open","9","meta | Overture | Overture-signals","CDLA-Permissive-2.0","2026-04-27T00:00:00.000Z | 2026-06-11T11:57:15Z | 2026-05-12T00:29:08Z | 2026-05-18T13:23:54Z | 2026-05-25T13:08:59Z | 2026-06-01T13:20:32Z | 2026-06-08T13:20:12Z"
"VA","Virginia","051573e7-7784-4ef9-8a6f-a081a377c164","Dr. Dandridge B. Allen","-77.9797654","39.14808328","dentist","general_dentistry | health_and_medical","100 Chalmers Ct","Berryville","22611-1347","VA","US","+15409552220","","http://www.drdandridgeallendds.com/","https://www.facebook.com/542450155832572","","0.9803014397621155","","8","meta | Overture","CDLA-Permissive-2.0","2026-04-27T00:00:00.000Z | 2026-06-11T11:57:15Z"
"VA","Virginia","052a114f-1d99-4fc2-8db9-641f40d18262","The Dental Spa","-77.31752496","38.68507173","dentist","cosmetic_dentist | general_dentistry","12351 Dillingham Sq","Woodbridge","22192-5251","VA","US","+17035808288","","http://www.thedentalspaofvirginia.com","https://www.facebook.com/129784047039289","","0.9902192950248718","open","10","meta | Overture | Overture-signals","CDLA-Permissive-2.0","2026-04-27T00:00:00.000Z | 2026-06-11T11:57:15Z | 2026-05-12T00:29:08Z | 2026-05-18T13:23:54Z | 2026-05-25T13:08:59Z | 2026-06-01T13:20:32Z | 2026-06-08T13:20:12Z"
"VA","Virginia","053f7424-87b5-4f35-abda-4288dce68dd8","The Foleck Center For Cosmetic Implant & General Dentistry","-76.3955084","37.04657244","dentist","cosmetic_dentist | general_dentistry","2400 Cunningham Dr","Hampton","23666-6500","VA","US","+17578388411","jon@thefoleckcenter.com","https://thefoleckcenter.com","https://www.facebook.com/164938160199001","The Foleck Center","0.9926989674568176","open","2","meta | Overture | Overture-signals","CDLA-Permissive-2.0","2026-04-27T00:00:00.000Z | 2026-06-11T11:57:15Z | 2026-06-08T13:20:12Z"
"VA","Virginia","0562c0d8-35ab-464b-a946-e420da959b09","Klar Voorhees Orthodontics - Kempsville","-76.1690067862524","36.8136013796002","dentist","","5241 Providence Rd","Virginia Beach","23464","VA","US","(757) 495-3110","","http://www.kvobraces.com/kempsville-location","https://www.facebook.com/187911291251771","","0.77","","5","Foursquare | Overture","Apache-2.0 | CDLA-Permissive-2.0","2022-02-11T00:00:00.000 | 2026-06-11T11:57:15Z"
"VA","Virginia","0563970f-553d-46bd-b6bc-6f7e706690d6","William L Davenport DDS","-76.4065234409306","37.0582976807187","dentist","health_and_medical | hospital","901 Enterprise Pkwy","Hampton","23666-6249","VA","US","+17578258355","","http://www.hamptonroadsoms.com/","https://www.facebook.com/503672026448491","Dr. Tankersly","0.8393009901046753","","10","meta | Overture","CDLA-Permissive-2.0","2026-04-27T00:00:00.000Z | 2026-06-11T11:57:15Z"
"VA","Virginia","056d396d-19e2-48b6-88f5-99e05459ec51","Jason D Brandt","-77.30420644","38.65697782","dentist","general_dentistry | cosmetic_dentist","13663 Office Pl","Woodbridge","22192-4216","VA","US","+17038782100","jbrandtdds@gmail.com","http://www.mydentistwoodbridge.com/","https://www.facebook.com/465862960111525","","0.9199122190475464","open","8","meta | Overture | Overture-signals","CDLA-Permissive-2.0","2026-04-27T00:00:00.000Z | 2026-06-11T11:57:15Z | 2026-05-12T00:29:08Z | 2026-05-18T13:23:54Z | 2026-05-25T13:08:59Z | 2026-06-01T13:20:32Z | 2026-06-08T13:20:12Z"
"VA","Virginia","0574bec2-a7f1-4d0b-a671-5e8b5e938f85","Bedford Community Dental Center","-79.52970689","37.3380648","dentist","general_dentistry","600 Bedford Ave","Bedford","24523-1966","VA","US","+15404257914","","http://www.jhcvirginia.org/","https://www.facebook.com/966462946735072","Johnson Health Center","0.9199122190475464","open","9","meta | Overture | Overture-signals","CDLA-Permissive-2.0","2026-04-27T00:00:00.000Z | 2026-06-11T11:57:15Z | 2026-05-12T00:29:08Z | 2026-05-18T13:23:54Z | 2026-05-25T13:08:59Z | 2026-06-01T13:20:32Z | 2026-06-08T13:20:12Z"
"VA","Virginia","0597574f-52fb-4064-ade7-f4ab20d3fffc","Fina Family Dental","-76.35171266","37.87307904","dentist","general_dentistry | medical_service_organizations","746 Jessie Dupont Memorial Hwy","Burgess","22432-2015","VA","US","+18044533101","finafamilydental@gmail.com","http://www.finafamilydental.com/","https://www.facebook.com/108801874086837","Fina Family Dental","0.9199122190475464","open","8","meta | Overture | Overture-signals","CDLA-Permissive-2.0","2026-04-27T00:00:00.000Z | 2026-06-11T11:57:15Z | 2026-05-12T00:29:08Z | 2026-05-18T13:23:54Z | 2026-05-25T13:08:59Z | 2026-06-01T13:20:32Z | 2026-06-08T13:20:12Z"
"VA","Virginia","05a2d1cf-d8f3-4c25-9758-705b59d7a6f0","Daleville Family Dentistry","-79.91338926","37.40372256","dentist","general_dentistry","24 Tinker Mill Rd","Daleville","24083-3716","VA","US","+15409921020","dalevilledentist@gmail.com","http://www.dalevilledentistry.com/","https://www.facebook.com/476546326011407","","0.9199122190475464","open","9","meta | Overture | Overture-signals","CDLA-Permissive-2.0","2026-04-27T00:00:00.000Z | 2026-06-11T11:57:15Z | 2026-05-12T00:29:08Z | 2026-05-18T13:23:54Z | 2026-05-25T13:08:59Z | 2026-06-01T13:20:32Z | 2026-06-08T13:20:12Z"
"VA","Virginia","05b279a5-997e-4ed6-bdc3-3aad211f47ec","Dr. Bob Quilez","-77.6148715462368","37.5189652091563","dentist","","1907 Huguenot Rd","North Chesterfield","23235","VA","US","(804) 379-6806","","http://www.drsoleyandquilezdds.com","","","0.77","","5","Foursquare | Overture","Apache-2.0 | CDLA-Permissive-2.0","2025-10-17T00:00:00.000 | 2026-06-11T11:57:15Z"
"VA","Virginia","05fa85b9-22ab-4153-b50f-762bbb630497","Atkins, Maestrello, Miller Pediatric Dentistry","-77.5791821300523","37.6314888385657","dentist","","2560 Gaskins Rd","Richmond","23238","VA","US","(804) 741-2226","","https://rpdo.com","https://www.facebook.com/128020400561863","","0.9199122190475464","open","4","Foursquare | Overture | Overture-signals","Apache-2.0 | CDLA-Permissive-2.0","2025-08-22T00:00:00.000 | 2026-06-11T11:57:15Z | 2026-05-12T00:29:08Z | 2026-05-18T13:23:54Z | 2026-05-25T13:08:59Z | 2026-06-01T13:20:32Z | 2026-06-08T13:20:12Z"
"VA","Virginia","06081e3e-f285-4be0-9454-da70b71d1802","Spates Shelly","-77.30213366","37.30248175","dentist","general_dentistry | cosmetic_dentist","2001 W Broadway","Hopewell","23860-2201","VA","US","+18045418333","info@caringdentistryva.com","http://smileswithjoyva.com/","https://www.facebook.com/2899162420124673","","0.9791048169136047","open","2","meta | Overture | Overture-signals","CDLA-Permissive-2.0","2026-04-27T00:00:00.000Z | 2026-06-11T11:57:15Z | 2026-05-12T00:29:08Z"
"VA","Virginia","061792e4-8521-43cf-9799-7141e9d28aec","Fredericksburg Pediatric & Cosmetic Dentistry","-77.53659346","38.28826408","dentist","pediatric_dentist | orthodontist","4300 Plank Rd","Fredericksburg","22407-0101","VA","US","+15407855300","virginiatoothcenter@gmail.com","http://vatoothcenter.com/","https://www.facebook.com/307209862755528","","0.9199122190475464","open","7","meta | Overture | Overture-signals","CDLA-Permissive-2.0","2026-04-27T00:00:00.000Z | 2026-06-11T11:57:15Z | 2026-05-12T00:29:08Z | 2026-05-18T13:23:54Z | 2026-05-25T13:08:59Z | 2026-06-01T13:20:32Z | 2026-06-08T13:20:12Z"
"VA","Virginia","062ae711-f06a-41d8-b7d9-b6992e9212a7","Smiley Family Dentistry","-77.49537051","37.3559379","dentist","general_dentistry | cosmetic_dentist","11601 Iron Bridge Rd","Chester","23831-1466","VA","US","+18047489211","","","https://www.facebook.com/908882852509848","","0.9855663776397705","","2","meta | Overture","CDLA-Permissive-2.0","2026-04-27T00:00:00.000Z | 2026-06-11T11:57:15Z"
"VA","Virginia","065bc047-da9e-4cd9-b5e7-78065ae78a80","Seven Pines Dental Group","-77.4003767967224","37.6491734126503","dentist","","9097 Atlee Station Rd, Suite #120","Mechanicsville","23116","VA","US","(804) 730-1424","","https://www.sevenpinesdental.com/mechanicsville-location","","","0.9199122190475464","open","4","Foursquare | Overture | Overture-signals","Apache-2.0 | CDLA-Permissive-2.0","2025-09-30T00:00:00.000 | 2026-06-11T11:57:15Z | 2026-05-12T00:29:08Z | 2026-05-18T13:23:54Z | 2026-05-25T13:08:59Z | 2026-06-01T13:20:32Z | 2026-06-08T13:20:12Z"
"VA","Virginia","0677f35b-cd1b-4d13-8182-763696ada335","River Run Dental","-77.636836","37.657895","dentist","medical_service_organizations | teeth_whitening","3400 Haydenpark Ln","Henrico","23233-7867","VA","US","+18043907018","","https://riverrundentalspa.com/dentist-short-pump-va/","https://www.facebook.com/107629460648014","River Run Dental","0.9902192950248718","open","9","meta | Overture | Overture-signals","CDLA-Permissive-2.0","2026-04-27T00:00:00.000Z | 2026-06-11T11:57:15Z | 2026-05-12T00:29:08Z | 2026-05-18T13:23:54Z | 2026-05-25T13:08:59Z | 2026-06-01T13:20:32Z | 2026-06-08T13:20:12Z"
"VA","Virginia","0689186a-57d9-4efb-849d-568162c8097d","Enamel Dental Studio","-77.534019","38.759934","dentist","","9038 Hornbaker Rd","Manassas","20109-3963","VA","US","+17035050042","enameldentalstudio@gmail.com","","https://www.facebook.com/1254462361382859","","0.8007254004478455","","9","meta | Overture","CDLA-Permissive-2.0","2026-04-27T00:00:00.000Z | 2026-06-11T11:57:15Z"
"VA","Virginia","06c25f22-5fbc-4435-ac55-6d02ef205705","Butler Shannon M DDS","-78.00477611","38.463664","dentist","general_dentistry | health_and_medical","1051 Oak Lawn Dr","Culpeper","22701-3327","VA","US","+15408250230","","","https://www.facebook.com/160890307266060","","0.9199122190475464","open","7","meta | Overture | Overture-signals","CDLA-Permissive-2.0","2026-04-27T00:00:00.000Z | 2026-06-11T11:57:15Z | 2026-05-12T00:29:08Z | 2026-05-18T13:23:54Z | 2026-05-25T13:08:59Z | 2026-06-01T13:20:32Z | 2026-06-08T13:20:12Z"
"VA","Virginia","06c47c71-1abf-4182-8477-d3b4a4e500ae","McLean Family and Cosmetic Dentistry","-77.210788","38.92203153","dentist","cosmetic_dentist | general_dentistry","1749 Old Meadow Rd","McLean","22102-4310","VA","US","+17038210082","sparkdentistry@gmail.com","http://www.mcleanfamilyandcosmeticdentistry.com/","https://www.facebook.com/594698534276388","","0.9199122190475464","open","9","meta | Overture | Overture-signals","CDLA-Permissive-2.0","2026-04-27T00:00:00.000Z | 2026-06-11T11:57:15Z | 2026-05-12T00:29:08Z | 2026-05-18T13:23:54Z | 2026-05-25T13:08:59Z | 2026-06-01T13:20:32Z | 2026-06-08T13:20:12Z"
"VA","Virginia","070730b6-63b5-4167-8db2-129636e95005","Stephen E. Spainhour D.D.S.","-77.5669117556106","37.6075592011884","dentist","","8917 Fargo Rd","Richmond","23229","VA","US","(804) 747-7001","","http://thehartford.com","","","0.9199122190475464","open","4","Foursquare | Overture | Overture-signals","Apache-2.0 | CDLA-Permissive-2.0","2025-08-22T00:00:00.000 | 2026-06-11T11:57:15Z | 2026-05-12T00:29:08Z | 2026-05-18T13:23:54Z | 2026-05-25T13:08:59Z | 2026-06-01T13:20:32Z | 2026-06-08T13:20:12Z"
"VA","Virginia","070f85e6-f305-4d4c-8cf7-8962455e1e26","Commonwealth Dentistry","-77.3779964447021","37.6289067243387","dentist","","8120 Pleasant Grove Rd Ste 200","Mechanicsville","23116","VA","US","(804) 915-1440","","https://commonwealth-dentistry.com/mechanicsville","","","0.9902192950248718","open","8","Foursquare | Overture | Overture-signals","Apache-2.0 | CDLA-Permissive-2.0","2024-02-20T00:00:00.000 | 2026-06-11T11:57:15Z | 2026-05-12T00:29:08Z | 2026-05-18T13:23:54Z | 2026-05-25T13:08:59Z | 2026-06-01T13:20:32Z | 2026-06-08T13:20:12Z"
"VA","Virginia","071fa503-5eba-4eb1-ab02-03d256357e0a","Sonu Kakar DDS","-77.487055","38.765163","dentist","orthodontist | pediatric_dentist","9001 Digges Rd","Manassas","20110-4414","VA","US","+17033681169","pediatricden@yahoo.com","http://www.kakardentalgroup.com","https://www.facebook.com/251690044942345","","0.9199122190475464","open","8","meta | Overture | Overture-signals","CDLA-Permissive-2.0","2026-04-27T00:00:00.000Z | 2026-06-11T11:57:15Z | 2026-05-12T00:29:08Z | 2026-05-18T13:23:54Z | 2026-05-25T13:08:59Z | 2026-06-01T13:20:32Z | 2026-06-08T13:20:12Z"
"VA","Virginia","074ab500-7188-43ae-88ef-87e46a85c761","Hall Family Dentistry","-78.1726099235437","39.168475874164","dentist","","1800 Plaza Dr","Winchester","22601","VA","US","(540) 667-1010","info@plazadrivedentistry.com","https://halldentalva.com","https://www.facebook.com/268736559820712","","0.77","","8","Foursquare | Overture","Apache-2.0 | CDLA-Permissive-2.0","2025-06-06T00:00:00.000 | 2026-06-11T11:57:15Z"
"VA","Virginia","07686f78-d239-4fec-beb8-5a5f9b94239c","Dr. Paul Neumann","-77.55366543","37.58385676","dentist","general_dentistry | doctor","513 Forest Ave","Henrico","23229-6826","VA","US","+18043584089","paul3107@yahoo.com","http://www.withyoursmile.com/","https://www.facebook.com/101676233628793","","0.9199122190475464","open","9","meta | Overture | Overture-signals","CDLA-Permissive-2.0","2026-04-27T00:00:00.000Z | 2026-06-11T11:57:15Z | 2026-05-12T00:29:08Z | 2026-05-18T13:23:54Z | 2026-05-25T13:08:59Z | 2026-06-01T13:20:32Z | 2026-06-08T13:20:12Z"
"VA","Virginia","0775d4fe-267b-472a-a79b-cd22389bf56c","Clarendon Family Dentistry","-77.09500283","38.88889159","dentist","general_dentistry","1301 N Highland St","Arlington","22201-5017","VA","US","+17035228894","info@clarendonfamilydentistry.com","http://www.clarendonfamilydentistry.com/","https://www.facebook.com/112661220649407","Clarendon Family Dentistry","0.9902192950248718","open","8","meta | Overture | Overture-signals","CDLA-Permissive-2.0","2026-04-27T00:00:00.000Z | 2026-06-11T11:57:15Z | 2026-05-12T00:29:08Z | 2026-05-18T13:23:54Z | 2026-05-25T13:08:59Z | 2026-06-01T13:20:32Z | 2026-06-08T13:20:12Z"
"VA","Virginia","0777f7f6-2929-4c58-a3aa-c3327520f760","Moss Family Dentistry","-77.466465","38.311154","dentist","","1808 Princess Anne St","Fredericksburg","22401","VA","US","+15407327374","","https://drlfmoss.com","","","1","","3","DAC | Overture","CDLA-Permissive-2.0","2026-06-10T16:03:35.911Z | 2026-06-11T11:57:15Z"
"VA","Virginia","07a0d56b-4217-4aef-b4f5-ad9bce843cd7","Hollyfield Neil D DDS","-81.96477357","36.71413701","dentist","general_dentistry | health_and_medical","403 E Main St","Abingdon","24210-3499","VA","US","+12766282123","hap1marion@embarqmail.com","http://www.swvirginiaoms.com","https://www.facebook.com/155445287828150","Hollyfield & Perkins DDS","0.9199122190475464","open","8","meta | Overture | Overture-signals","CDLA-Permissive-2.0","2026-04-27T00:00:00.000Z | 2026-06-11T11:57:15Z | 2026-05-12T00:29:08Z | 2026-05-18T13:23:54Z | 2026-05-25T13:08:59Z | 2026-06-01T13:20:32Z | 2026-06-08T13:20:12Z"
"VA","Virginia","07d4a795-2cc3-4663-bb4f-13b28d6830fe","Christine L Mai DDS PC","-77.31691286","38.65161597","dentist","general_dentistry | cosmetic_dentist","13885 Hedgewood Dr","Woodbridge","22193-7928","VA","US","+17037829267","maioffice97@gmail.com","http://www.drchristinemai.com/","https://www.facebook.com/1695978747307834","","0.9199122190475464","open","9","meta | Overture | Overture-signals","CDLA-Permissive-2.0","2026-04-27T00:00:00.000Z | 2026-06-11T11:57:15Z | 2026-05-12T00:29:08Z | 2026-05-18T13:23:54Z | 2026-05-25T13:08:59Z | 2026-06-01T13:20:32Z | 2026-06-08T13:20:12Z"
"VA","Virginia","07f15e8d-fdfd-46c2-b994-80d3045804bf","Courthouse Art of Dentistry","-77.08595428","38.8895404","dentist","general_dentistry","2250 Clarendon Blvd","Arlington","22201-3332","VA","US","+17037780854","courthousedentistry@gmail.com","http://www.courthousedentistry.com/?y_source=1_MTg1ODEyMTktNTU5LWxvY2F0aW9uLndlYnNpdGU%3D","https://www.facebook.com/637061216325562","","0.9902192950248718","open","8","meta | Overture | Overture-signals","CDLA-Permissive-2.0","2026-04-27T00:00:00.000Z | 2026-06-11T11:57:15Z | 2026-05-12T00:29:08Z | 2026-05-18T13:23:54Z | 2026-05-25T13:08:59Z | 2026-06-01T13:20:32Z | 2026-06-08T13:20:12Z"
"VA","Virginia","08254d03-4e89-435c-9151-fbfbec1242bc","Sandra K. Drake, DDS","-78.50864559","38.87984133","dentist","bar | general_dentistry","145 W Spring St","Woodstock","22664-1240","VA","US","+15404592512","drakedds@shentel.net","http://drakesandrakdds.placeweb.site","https://www.facebook.com/582016798330002","","0.9199122190475464","open","6","meta | Overture | Overture-signals","CDLA-Permissive-2.0","2026-04-27T00:00:00.000Z | 2026-06-11T11:57:15Z | 2026-05-12T00:29:08Z | 2026-05-18T13:23:54Z | 2026-05-25T13:08:59Z | 2026-06-01T13:20:32Z | 2026-06-08T13:20:12Z"
"VA","Virginia","0833c192-218d-4abe-8de6-4628e97c718d","Browning & Cunningham Family Dentistry","-78.9028593814308","38.0708407467592","dentist","","365 S Linden Ave","Waynesboro","22980","VA","US","(540) 943-4215","bcfamilydentistry@gmail.com","https://www.bcfamilydentistry.com","","","0.9199122190475464","open","4","Foursquare | Overture | Overture-signals","Apache-2.0 | CDLA-Permissive-2.0","2025-08-22T00:00:00.000 | 2026-06-11T11:57:15Z | 2026-05-12T00:29:08Z | 2026-05-18T13:23:54Z | 2026-05-25T13:08:59Z | 2026-06-01T13:20:32Z | 2026-06-08T13:20:12Z"
"VA","Virginia","0886cf26-98c6-48a1-a377-8814a2d9ddab","Adams, Peter, J, DDS","-76.3058239521266","36.7242393783982","dentist","","502 Bud Dr Ste 102","Chesapeake","23322","VA","US","(757) 547-0222","adamsdds@aol.com","http://www.peteradamsfamilydentistry.com","","","0.9199122190475464","open","4","Foursquare | Overture | Overture-signals","Apache-2.0 | CDLA-Permissive-2.0","2025-08-22T00:00:00.000 | 2026-06-11T11:57:15Z | 2026-05-12T00:29:08Z | 2026-05-18T13:23:54Z | 2026-05-25T13:08:59Z | 2026-06-01T13:20:32Z | 2026-06-08T13:20:12Z"
"VA","Virginia","08b70946-2281-452a-928b-eaf4056ce01f","Catherine Lynn DDS","-76.52295004","37.14175123","dentist","general_dentistry | cosmetic_dentist","12829 Jefferson Ave","Newport News","23608-3057","VA","US","+17578751132","","http://www.catherinelynndentist.com","https://www.facebook.com/133333453385462","","0.9199122190475464","open","8","meta | Overture | Overture-signals","CDLA-Permissive-2.0","2026-04-27T00:00:00.000Z | 2026-06-11T11:57:15Z | 2026-05-12T00:29:08Z | 2026-05-18T13:23:54Z | 2026-05-25T13:08:59Z | 2026-06-01T13:20:32Z | 2026-06-08T13:20:12Z"
"VA","Virginia","08f76960-f05c-4578-bde9-a6b8cc87dc48","Neibauer Dental Care","-77.120917","38.724192","dentist","","8626 Richmond Hwy","Alexandria","22309","VA","US","(703) 554-3500","","http://neibauerdentalfortbelvoir.com","https://www.facebook.com/205646666121398","","0.77","","5","Foursquare | Overture","Apache-2.0 | CDLA-Permissive-2.0","2025-08-22T00:00:00.000 | 2026-06-11T11:57:15Z"
"VA","Virginia","0945177e-bd5d-4cba-a66b-3547bd749dc6","Aspen Dental","-76.585671","36.757195","dentist","health_and_medical","1930 N Main St","Suffolk","23434","VA","US","7579328677","","https://www.aspendental.com/pricing-offers/offers","","","0.85","","7","Microsoft | Overture","CDLA-Permissive-2.0","2025-10-04T12:49:12.810Z | 2026-06-11T11:57:15Z"
"VA","Virginia","0948d70c-d3f9-448b-a356-dc084b20abf1","Aspen Dental","-79.422505","36.595422","dentist","","380 Mall Drive, STE 120","Danville","24540","VA","US","","","https://www.aspendental.com/dentist/va/danville/380-mall-drive-ste-120/","","Aspen Dental","0.954","","5","AllThePlaces | Overture","CC0-1.0 | CDLA-Permissive-2.0","2026-06-02T15:18:54.000Z | 2026-06-11T11:57:15Z"
"VA","Virginia","094de942-7ecd-42bf-9db4-1b63781d2231","Rubinstein Joshua B DDS","-77.5049442842906","37.5876582372247","dentist","","5700 Old Richmond Ave Ste A4","Richmond","23226","VA","US","(804) 741-7440","","http://www.midtownrichmonddentist.com","","","0.9199122190475464","open","4","Foursquare | Overture | Overture-signals","Apache-2.0 | CDLA-Permissive-2.0","2025-04-10T00:00:00.000 | 2026-06-11T11:57:15Z | 2026-05-12T00:29:08Z | 2026-05-18T13:23:54Z | 2026-05-25T13:08:59Z | 2026-06-01T13:20:32Z | 2026-06-08T13:20:12Z"
"VA","Virginia","094fafe4-30d2-465b-9fbf-91fd894f0ebd","Rugby Dental Arts","-78.488469","38.037474","dentist","","901 Preston Ave","Charlottesville","22903","VA","US","+14345778090","","http://rugbydentalarts.com","","","0.9199122190475464","open","8","DAC | Overture | Overture-signals","CDLA-Permissive-2.0","2026-06-10T16:03:35.911Z | 2026-06-11T11:57:15Z | 2026-05-12T00:29:08Z | 2026-05-18T13:23:54Z | 2026-05-25T13:08:59Z | 2026-06-01T13:20:32Z | 2026-06-08T13:20:12Z"
"VA","Virginia","09753ba9-49e8-4af1-b833-852b4e30619c","Quynh-Anh D Grimm","-77.2071277","38.83280562","dentist","doctor | health_and_medical","7540 Little River Tpke","Annandale","22003-2839","VA","US","+17036422828","office@adgfamilydentistry.com","http://www.adgfamilydentistry.com/","https://www.facebook.com/106835906333438","","0.9199122190475464","open","7","meta | Overture | Overture-signals","CDLA-Permissive-2.0","2026-04-27T00:00:00.000Z | 2026-06-11T11:57:15Z | 2026-05-12T00:29:08Z | 2026-05-18T13:23:54Z | 2026-05-25T13:08:59Z | 2026-06-01T13:20:32Z | 2026-06-08T13:20:12Z"
"VA","Virginia","097cdaf4-5c11-4d1e-ac0e-597e03f91a30","Lake Ridge Smiles","-77.2762761","38.6800093","dentist","health_and_medical","12506 Lake Ridge Dr Ste b","Woodbridge","22192","VA","US","5715929067","","https://lakeridgesmiles.com/","","","0.9199122190475464","open","8","Microsoft | Overture | Overture-signals","CDLA-Permissive-2.0","2025-08-27T16:56:29.717Z | 2026-06-11T11:57:15Z | 2026-05-12T00:29:08Z | 2026-05-18T13:23:54Z | 2026-05-25T13:08:59Z | 2026-06-01T13:20:32Z | 2026-06-08T13:20:12Z"
"VA","Virginia","09a82775-eb6b-402c-8952-68fefd0511c0","Chantilly Dental Center","-77.43084283","38.89740244","dentist","medical_center | medical_service_organizations","3901 Centerview Dr","Chantilly","20151-3228","VA","US","+17034670214","chantillydentalcenter@gmail.com","http://www.chantillydentalcenter.com/","https://www.facebook.com/192731400737673","Chantilly Dental Center","0.9199122190475464","open","11","meta | Overture | Overture-signals","CDLA-Permissive-2.0","2026-04-27T00:00:00.000Z | 2026-06-11T11:57:15Z | 2026-05-12T00:29:08Z | 2026-05-18T13:23:54Z | 2026-05-25T13:08:59Z | 2026-06-01T13:20:32Z | 2026-06-08T13:20:12Z"
"VA","Virginia","09a838f8-17d7-439e-8b64-8325ac86e108","Stallings Dental Care","-77.48671961","38.76970347","dentist","general_dentistry","8428 Dorsey Cir","Manassas","20110-8302","VA","US","+17033355886","eddiestallings68@yahoo.com","https://www.stallingsdentalcare.com","https://www.facebook.com/172332880119244","","0.9869516789913177","","9","meta | Overture","CDLA-Permissive-2.0","2026-04-27T00:00:00.000Z | 2026-06-11T11:57:15Z"
"VA","Virginia","0a1259be-2272-4158-b7ac-667f6fc944ba","Dr. Thomas W Littrell","-80.92855384","36.65723756","dentist","it_service_and_computer_repair | health_and_medical","209 Painter St","Galax","24333-4468","VA","US","+12762366197","","","https://www.facebook.com/167117699968191","","0.9199122190475464","open","7","meta | Overture | Overture-signals","CDLA-Permissive-2.0","2026-04-27T00:00:00.000Z | 2026-06-11T11:57:15Z | 2026-05-12T00:29:08Z | 2026-05-18T13:23:54Z | 2026-05-25T13:08:59Z | 2026-06-01T13:20:32Z | 2026-06-08T13:20:12Z"
"VA","Virginia","0a1b968e-04c9-48dc-a1af-7b9b32dc32ac","Daniel E Thompson","-80.4094439603212","37.2248580547501","dentist","","614 S Main St","Blacksburg","24060","VA","US","(540) 953-2980","","http://www.smileblacksburg.com","","","0.9199122190475464","open","4","Foursquare | Overture | Overture-signals","Apache-2.0 | CDLA-Permissive-2.0","2025-08-22T00:00:00.000 | 2026-06-11T11:57:15Z | 2026-05-12T00:29:08Z | 2026-05-18T13:23:54Z | 2026-05-25T13:08:59Z | 2026-06-01T13:20:32Z | 2026-06-08T13:20:12Z"
"VA","Virginia","0a2a1f36-e0a1-4261-b3b8-e0be33e104fd","NOVA Dental Anesthesia","-77.25784889","38.80994352","dentist","general_dentistry","9006 Crownwood Ct","Burke","22015-1630","VA","US","+17036728500","info@novadentalanesthesia.com","https://novadentalanesthesia.com/","https://www.facebook.com/582914062139607","","0.9997178447544575","","8","meta | Overture","CDLA-Permissive-2.0","2026-04-27T00:00:00.000Z | 2026-06-11T11:57:15Z"
"VA","Virginia","0a30ac3c-e822-4520-a828-7cfe5ffdb1b1","Sunrise Valley Dental","-77.39440647","38.9494197","dentist","cosmetic_dentist | general_dentistry","12950 Highland Crossing Dr","Herndon","20171-5888","VA","US","+17037879670","reception@sunrisevalleydds.com","http://www.sunrisevalleydds.com/","https://www.facebook.com/149435465121816","","0.9199122190475464","open","7","meta | Overture | Overture-signals","CDLA-Permissive-2.0","2026-04-27T00:00:00.000Z | 2026-06-11T11:57:15Z | 2026-05-12T00:29:08Z | 2026-05-18T13:23:54Z | 2026-05-25T13:08:59Z | 2026-06-01T13:20:32Z | 2026-06-08T13:20:12Z"
"VA","Virginia","0a3d6b77-6238-4d67-bd67-f3375c47456d","Shiny Dental","-77.15071732","38.81875114","dentist","general_dentistry | cosmetic_dentist","6377 Little River Tpke","Alexandria","22312","VA","US","+17033335105","","http://www.shinydentalva.com/","https://www.facebook.com/592047544173377","","0.9881799221038818","","9","meta | Overture","CDLA-Permissive-2.0","2026-04-27T00:00:00.000Z | 2026-06-11T11:57:15Z"
"VA","Virginia","0a4fce3b-0e11-4f85-88b7-c0a758e2cc83","Konikoff Periodontics, LTD.","-76.4536945278629","36.8601247491973","dentist","","1510 Breezeport Way Ste 500","Suffolk","23435","VA","US","(757) 484-1818","","https://www.center4perio.com","https://www.facebook.com/1638747673065885","","0.9199122190475464","open","4","Foursquare | Overture | Overture-signals","Apache-2.0 | CDLA-Permissive-2.0","2025-08-22T00:00:00.000 | 2026-06-11T11:57:15Z | 2026-05-12T00:29:08Z | 2026-05-18T13:23:54Z | 2026-05-25T13:08:59Z | 2026-06-01T13:20:32Z | 2026-06-08T13:20:12Z"
"VA","Virginia","0a50b348-d003-42b0-ac6e-9cfed85a73b0","Dr. Sarah K Wilson, DDS","-80.0016394","37.2277285","dentist","health_and_medical","4231 Colonial Ave","Roanoke","24018","VA","US","5409894698","","https://www.wilsondentalassociates.com/","","","0.9199122190475464","open","6","Microsoft | Overture | Overture-signals","CDLA-Permissive-2.0","2025-08-09T09:31:25.603Z | 2026-06-11T11:57:15Z | 2026-05-12T00:29:08Z | 2026-05-18T13:23:54Z | 2026-05-25T13:08:59Z | 2026-06-01T13:20:32Z | 2026-06-08T13:20:12Z"
"VA","Virginia","0a5aa2ec-4f5a-44bd-b6d7-9e70297d7011","Cville Dentist","-78.48529816","38.07421967","dentist","general_dentistry","2375 Commonwealth Dr","Charlottesville","22901-1638","VA","US","+14349735873","info@cvilledentist.com","http://cvilledentist.com/","https://www.facebook.com/105472298948321","","0.9982236543297768","","10","meta | Overture","CDLA-Permissive-2.0","2026-04-27T00:00:00.000Z | 2026-06-11T11:57:15Z"
"VA","Virginia","0a7be241-45cb-47a7-a19d-c0961aab83ec","McVay Thomas J DDS","-77.13754178","38.81270305","dentist","general_dentistry | doctor","6000 Stevenson Ave","Alexandria","22304-3526","VA","US","+17036509049","kar2shop@yahoo.com","http://www.dentistryalexandria.com/","https://www.facebook.com/187597484739847","Alexandria Dentistry","0.9199122190475464","open","8","meta | Overture | Overture-signals","CDLA-Permissive-2.0","2026-04-27T00:00:00.000Z | 2026-06-11T11:57:15Z | 2026-05-12T00:29:08Z | 2026-05-18T13:23:54Z | 2026-05-25T13:08:59Z | 2026-06-01T13:20:32Z | 2026-06-08T13:20:12Z"
"VA","Virginia","0aa894f4-95d8-4339-872f-ba4258a20253","Ashland Family Dentistry","-77.48353336","37.75980002","dentist","general_dentistry | health_and_medical","130 Thompson St","Ashland","23005-1526","VA","US","+18047982776","ljkdds1@aol.com","http://www.ashlandfamilydentistry.net/","https://www.facebook.com/167202243476509","Ashland Family Dentistry","0.9199122190475464","open","9","meta | Overture | Overture-signals","CDLA-Permissive-2.0","2026-04-27T00:00:00.000Z | 2026-06-11T11:57:15Z | 2026-05-12T00:29:08Z | 2026-05-18T13:23:54Z | 2026-05-25T13:08:59Z | 2026-06-01T13:20:32Z | 2026-06-08T13:20:12Z"
"VA","Virginia","0ac1cb83-dca0-4c58-a754-6a2e175ca95b","Dentist - Dr. Steinbach","-77.1341106056719","38.8525105378094","dentist","","5881 Leesburg Pike","Falls Church","22041","VA","US","(703) 820-6150","","http://www.drsteinbach.com","","","0.77","","3","Foursquare | Overture","Apache-2.0 | CDLA-Permissive-2.0","2026-04-09T00:00:00.000 | 2026-06-11T11:57:15Z"
"VA","Virginia","0ae4a9ea-e848-4240-bdc4-47146ee025eb","Dr. Farhan Qureshi, DDS","-77.04891","38.802707","dentist","health_and_medical | physical_therapy","303 S Columbus St","Alexandria","22314-3603","VA","US","+17035497492","info@dentistsinalexandria.com","https://www.dentistsinalexandria.com","https://www.facebook.com/264909254077451","","0.9001704454421997","","8","meta | Overture","CDLA-Permissive-2.0","2026-04-27T00:00:00.000Z | 2026-06-11T11:57:15Z"
"VA","Virginia","0aee4d82-0cd0-47ea-a126-0fa3603d5b54","Robert Dwayne Kilgore","-82.5804534761671","36.976796848549","dentist","","106 Water St","Wise","24293","VA","US","(276) 328-5291","","http://wisedental.net","","","0.9199122190475464","open","4","Foursquare | Overture | Overture-signals","Apache-2.0 | CDLA-Permissive-2.0","2025-08-19T00:00:00.000 | 2026-06-11T11:57:15Z | 2026-05-12T00:29:08Z | 2026-05-18T13:23:54Z | 2026-05-25T13:08:59Z | 2026-06-01T13:20:32Z | 2026-06-08T13:20:12Z"
"VA","Virginia","0af66d3b-1ff9-40e8-a385-1141ec9c78d4","Hunt Smile Design","-76.39219757","37.11832496","dentist","general_dentistry","358 Wythe Creek Rd","Poquoson","23662-1926","VA","US","+17578686651","","http://www.huntsmiledesign.com/","https://www.facebook.com/155383561168744","","0.9199122190475464","open","10","meta | Overture | Overture-signals","CDLA-Permissive-2.0","2026-04-27T00:00:00.000Z | 2026-06-11T11:57:15Z | 2026-05-12T00:29:08Z | 2026-05-18T13:23:54Z | 2026-05-25T13:08:59Z | 2026-06-01T13:20:32Z | 2026-06-08T13:20:12Z"
"VA","Virginia","0af8d05a-9715-46c9-abdf-09610c845873","Dr Amarjit Singh","-76.40816","36.86353","dentist","doctor | family_practice","4401 Ashland Dr","Chesapeake","23321-5201","VA","US","+17574848770","","","https://www.facebook.com/1498914767067461","","0.8382223844528198","","7","meta | Overture","CDLA-Permissive-2.0","2026-04-27T00:00:00.000Z | 2026-06-11T11:57:15Z"
"VA","Virginia","0b180c1b-9d9a-49eb-9bf2-51b6a52ab793","Dr. Eugene Petrasy DDS","-77.3301203283744","37.2599371563956","dentist","medical_service_organizations | specialty_school","5303 Plaza Dr","Hopewell","23860-7331","VA","US","+18044585047","","http://samenglishdds.com","https://www.facebook.com/168296433208267","Dr. Sam E English II D.D.S.","0.823291540145874","","1","meta | Overture","CDLA-Permissive-2.0","2026-04-27T00:00:00.000Z | 2026-06-11T11:57:15Z"
"VA","Virginia","0b26bce4-fa9b-4943-b983-ddd0585e5c5d","Karande Dental Care","-77.40904545","38.41923898","dentist","general_dentistry | health_and_medical","2063 Richmond Hwy","Stafford","22554-7291","VA","US","+15406573443","appointments@karandedentalcare.com","https://www.karandedental.com/","https://www.facebook.com/108883117263383","","0.9199122190475464","open","9","meta | Overture | Overture-signals","CDLA-Permissive-2.0","2026-04-27T00:00:00.000Z | 2026-06-11T11:57:15Z | 2026-05-12T00:29:08Z | 2026-05-18T13:23:54Z | 2026-05-25T13:08:59Z | 2026-06-01T13:20:32Z | 2026-06-08T13:20:12Z"
"VA","Virginia","0b328045-b077-4053-9ac2-016cf6f38b39","Dr. Murray Spain","-76.28751709","36.86144725","dentist","general_dentistry | medical_service_organizations","1216 Granby St","Norfolk","23510-2607","VA","US","+17576251817","","","https://www.facebook.com/124808047669981","","0.9199122190475464","open","7","meta | Overture | Overture-signals","CDLA-Permissive-2.0","2026-04-27T00:00:00.000Z | 2026-06-11T11:57:15Z | 2026-05-12T00:29:08Z | 2026-05-18T13:23:54Z | 2026-05-25T13:08:59Z | 2026-06-01T13:20:32Z | 2026-06-08T13:20:12Z"
"VA","Virginia","0b38627c-a99d-4855-ba91-66b9ec249513","Dr. Charles Jewett","-77.5647808785291","37.53532136766","dentist","","9021 Forest Hill Ave","North Chesterfield","23235","VA","US","(804) 272-2955","charles13530@verizon.net","http://www.jewettdentistry.com","https://www.facebook.com/117683741584258","","0.77","","5","Foursquare | Overture","Apache-2.0 | CDLA-Permissive-2.0","2025-05-31T00:00:00.000 | 2026-06-11T11:57:15Z"
"VA","Virginia","0b78eebf-1ad3-4183-a183-5d4e8ab7debc","East Market Dental","-77.3767099361901","38.8582630006139","dentist","","4473 Market Commons Dr","Fairfax","22033","VA","US","(703) 865-4488","drdsareen@gmail.com","http://www.eastmarketdental.com","","","0.77","","6","Foursquare | Overture","Apache-2.0 | CDLA-Permissive-2.0","2025-12-19T00:00:00.000 | 2026-06-11T11:57:15Z"
"VA","Virginia","0b8f407c-b1c2-4fa7-b319-1b79eff3f12b","Advanced Sedation Dentistry - Battlefield","-76.2418692","36.72410807","dentist","general_dentistry | cosmetic_dentist","200 Battlefield Blvd N","Chesapeake","23320-0500","VA","US","+17577697155","info@advancedsedationdds.com","http://www.advancedsedationdds.com/","https://www.facebook.com/110763400411750","Advanced Sedation Dentistry","0.9199122190475464","open","11","meta | Overture | Overture-signals","CDLA-Permissive-2.0","2026-04-27T00:00:00.000Z | 2026-06-11T11:57:15Z | 2026-05-12T00:29:08Z | 2026-05-18T13:23:54Z | 2026-05-25T13:08:59Z | 2026-06-01T13:20:32Z | 2026-06-08T13:20:12Z"
"VA","Virginia","0c091c8e-157d-47f3-8484-9ebecb4a6b89","Healthy Smiles Dental Mobile Van","-76.30465635","36.82525454","dentist","medical_center | medical_service_organizations","664 Lincoln St","Portsmouth","23704-4818","VA","US","+17573994588","","","https://www.facebook.com/128470577226752","","0.9421210289001465","","7","meta | Overture","CDLA-Permissive-2.0","2026-04-27T00:00:00.000Z | 2026-06-11T11:57:15Z"
"VA","Virginia","0c2199aa-b2f7-40cc-8d78-1345d721bca8","City Point Dental","-77.28772573","37.30195706","dentist","general_dentistry","104 N Main St","Hopewell","23860-2719","VA","US","+18047923386","info@citypointdental.com","https://flexbook.me/citypoint/facebook","https://www.facebook.com/111766910734541","","0.9902192950248718","open","8","meta | Overture | Overture-signals","CDLA-Permissive-2.0","2026-04-27T00:00:00.000Z | 2026-06-11T11:57:15Z | 2026-05-12T00:29:08Z | 2026-05-18T13:23:54Z | 2026-05-25T13:08:59Z | 2026-06-01T13:20:32Z | 2026-06-08T13:20:12Z"
"VA","Virginia","0c383895-536e-477c-8b1d-7dfa09f87a0b","Nickolas Arvan DDS","-77.5389924971995","38.2628876044498","dentist","","11111 Leavells Rd","Fredericksburg","22407","VA","US","(540) 898-1747","","http://www.nickolasarvandds.com","https://www.twitter.com/NickolasArvan","","0.77","","5","Foursquare | Overture","Apache-2.0 | CDLA-Permissive-2.0","2025-09-04T00:00:00.000 | 2026-06-11T11:57:15Z"
"VA","Virginia","0c5d7493-a202-4d58-b12b-1985c8cf20dc","Dental Care on Smile Way","-77.16624592","38.26191112","dentist","general_dentistry | doctor","11060 Smile Way","King George","22485-3470","VA","US","+15405848009","dconsmileway@mydentalmail.com","https://dentalcareonsmileway.com/","https://www.facebook.com/138441869528165","","0.9989815205335617","open","6","meta | Overture | Overture-signals","CDLA-Permissive-2.0","2026-04-27T00:00:00.000Z | 2026-06-11T11:57:15Z | 2026-05-12T00:29:08Z"
"VA","Virginia","0c68533c-7c3e-4263-bc63-d5d324829644","Young Family Dentistry","-76.1198221343816","36.7930038348093","dentist","","621 Lynnhaven Parkway #255","Virginia Beach","23452","VA","US","(757) 554-0962","","http://www.youngfamilydentistry.net","","","0.77","","5","Foursquare | Overture","Apache-2.0 | CDLA-Permissive-2.0","2025-03-12T00:00:00.000 | 2026-06-11T11:57:15Z"
"VA","Virginia","0c6a90c3-bfaf-485e-9932-d106a7a4785a","Dr. David B. Pemberton DDS","-77.44869055","37.5196226","dentist","general_dentistry | doctor","101 Cowardin Ave","Richmond","23224-2078","VA","US","+18042336811","pembertondds@comcast.net","http://davidbpembertondds.com/","https://www.facebook.com/257336787615971","","0.9199122190475464","open","7","meta | Overture | Overture-signals","CDLA-Permissive-2.0","2026-04-27T00:00:00.000Z | 2026-06-11T11:57:15Z | 2026-05-12T00:29:08Z | 2026-05-18T13:23:54Z | 2026-05-25T13:08:59Z | 2026-06-01T13:20:32Z | 2026-06-08T13:20:12Z"
"VA","Virginia","0c7c8a1e-06b7-47d8-aa22-b9b056b43070","Sunday Dental Care","-77.62167651","38.79434779","dentist","general_dentistry","7544 Gardner Park Dr","Gainesville","20155-3414","VA","US","+17037432287","sundaydentalinfo@gmail.com","https://linktr.ee/chantillygreendental","https://www.facebook.com/1773939469400442","","0.9199122190475464","open","8","meta | Overture | Overture-signals","CDLA-Permissive-2.0","2026-04-27T00:00:00.000Z | 2026-06-11T11:57:15Z | 2026-05-12T00:29:08Z | 2026-05-18T13:23:54Z | 2026-05-25T13:08:59Z | 2026-06-01T13:20:32Z | 2026-06-08T13:20:12Z"
"VA","Virginia","0c8474ba-03ed-4349-870e-f0e68709afd0","Center for Sleep & TMJ","-76.4598","36.86287","dentist","","1301 Bridgeport Way","Suffolk","23435-1960","VA","US","+17579297100","info@sleepva.com","http://www.sleepva.com/","https://www.facebook.com/102323055715643","","0.9801739454269409","","2","meta | Overture","CDLA-Permissive-2.0","2026-04-27T00:00:00.000Z | 2026-06-11T11:57:15Z"
"VA","Virginia","0ca1c409-dcac-49aa-8690-55d416b62ae4","Bloom Dental of Chesterfield","-77.52319844","37.46942483","dentist","general_dentistry","2701 Turner Rd","Richmond","23224-2541","VA","US","+18042766386","office@bloomdentalva.com","https://www.bloomdentalrva.com/","https://www.facebook.com/112312318121525","","0.9199122190475464","open","6","meta | Overture | Overture-signals","CDLA-Permissive-2.0","2026-04-27T00:00:00.000Z | 2026-06-11T11:57:15Z | 2026-05-12T00:29:08Z | 2026-05-18T13:23:54Z | 2026-05-25T13:08:59Z | 2026-06-01T13:20:32Z | 2026-06-08T13:20:12Z"
"VA","Virginia","0cb0fbb1-7b77-4b93-904d-019ca9d9aae9","Klar Voorhees Orthodontics - P.A. Courthouse","-76.0345672310175","36.7535675432949","dentist","","2401 Seaboard Rd, Ste 107","Virginia Beach","23456","VA","US","(757) 427-9200","","http://www.kvobraces.com/p-a-courthouse-location","https://www.facebook.com/278145472872839","","0.9199122190475464","open","5","Foursquare | Overture | Overture-signals","Apache-2.0 | CDLA-Permissive-2.0","2024-06-07T00:00:00.000 | 2026-06-11T11:57:15Z | 2026-05-12T00:29:08Z | 2026-05-18T13:23:54Z | 2026-05-25T13:08:59Z | 2026-06-01T13:20:32Z | 2026-06-08T13:20:12Z"
"VA","Virginia","0cb6daa2-7dee-4ebe-aa0a-dcc0f526cce3","Gentle Dental of Fort Belvoir","-77.16066053","38.70918115","dentist","general_dentistry","9142 Richmond Hwy","Fort Belvoir","22060-1315","VA","US","+17036882454","smile@gentledentalfortbelvoir.com","https://www.gentledentalfortbelvoir.com/","https://www.facebook.com/177143998818495","Gentle Dental","0.9199122190475464","open","9","meta | Overture | Overture-signals","CDLA-Permissive-2.0","2026-04-27T00:00:00.000Z | 2026-06-11T11:57:15Z | 2026-05-12T00:29:08Z | 2026-05-18T13:23:54Z | 2026-05-25T13:08:59Z | 2026-06-01T13:20:32Z | 2026-06-08T13:20:12Z"
"VA","Virginia","0cb79a78-5f2d-4e0d-9195-e46e9f4a8469","William Grupp Dentistry","-78.47012426","38.07692225","dentist","general_dentistry | doctor","944 Glenwood Station Ln","Charlottesville","22901-1480","VA","US","+14349737011","","http://www.gruppdentistry.com","https://www.facebook.com/210219059361942","","0.8183333873748779","","8","meta | Overture","CDLA-Permissive-2.0","2026-04-27T00:00:00.000Z | 2026-06-11T11:57:15Z"
"VA","Virginia","0cbb6f81-0913-4d8b-b804-4073e98172ed","Demsko Harold F DDS PC","-76.73411","36.806072","dentist","","70 E Windsor Blvd Ste D","Windsor","23487","VA","US","(757) 242-6781","","http://windsordentalcare.net","","","0.77","","5","Foursquare | Overture","Apache-2.0 | CDLA-Permissive-2.0","2025-08-22T00:00:00.000 | 2026-06-11T11:57:15Z"
"VA","Virginia","0cbf43fe-eb0d-4321-8549-974cd5e9aff2","Dr. Kenneth Cavallari DDS","-76.0260253340876","36.8602427401938","dentist","endodontist | periodontist","984 First Colonial Rd","Virginia Beach","23454-3196","VA","US","+17574120235","","http://www.drcavallari.com/","https://www.facebook.com/154139614622603","Laser Periodontics and Implant Dentistry of Tidewater","0.8957960605621338","open","9","meta | Overture | Overture-signals","CDLA-Permissive-2.0","2026-04-27T00:00:00.000Z | 2026-06-11T11:57:15Z | 2026-05-12T00:29:08Z | 2026-06-08T13:20:12Z"
"VA","Virginia","0ce239af-f4d1-46a0-a036-a9ece6794942","S K Mohanty, DDS, PC","-77.561816","37.650504","dentist","doctor | gym","4440 Springfield Rd","Glen Allen","23060-3410","VA","US","+18045271008","henricodental@gmail.com","https://henricodental.com/","https://www.facebook.com/1190210161008349","","0.98131263256073","open","11","meta | Overture | Overture-signals","CDLA-Permissive-2.0","2026-04-27T00:00:00.000Z | 2026-06-11T11:57:15Z | 2026-06-08T13:20:12Z"
"VA","Virginia","0d061cbc-f86f-4e04-adf3-c63cd2a282da","Morrison Dental Group","-76.73495606","37.2573332","dentist","general_dentistry","1131 Professional Dr","Williamsburg","23185-3329","VA","US","+17572396284","","https://morrisondentalgroup.com/williamsburg/","https://www.facebook.com/2361590910834224","Morrison Dental Group","0.9199122190475464","open","9","meta | Overture | Overture-signals","CDLA-Permissive-2.0","2026-04-27T00:00:00.000Z | 2026-06-11T11:57:15Z | 2026-05-12T00:29:08Z | 2026-05-18T13:23:54Z | 2026-05-25T13:08:59Z | 2026-06-01T13:20:32Z | 2026-06-08T13:20:12Z"
"VA","Virginia","0d3e50c9-68ad-4b03-a836-77d7244ce88a","General Booth Endodontics","-76.011652","36.770072","dentist","","2020 General Booth Blvd Ste 100","Virginia Beach","23454","VA","US","(757) 427-0144","","http://generalboothendodontics.com","","","0.9199122190475464","open","5","Foursquare | Overture | Overture-signals","Apache-2.0 | CDLA-Permissive-2.0","2025-10-09T00:00:00.000 | 2026-06-11T11:57:15Z | 2026-05-12T00:29:08Z | 2026-05-18T13:23:54Z | 2026-05-25T13:08:59Z | 2026-06-01T13:20:32Z | 2026-06-08T13:20:12Z"
"VA","Virginia","0d695cdd-f298-4077-9aa7-8508513cbe98","Motto Clear Aligners","-76.58512809","36.7564215","dentist","health_and_medical","1930 N Main St","Suffolk","23434","VA","US","7579224114","","https://www.aspendental.com/dentist/va/suffolk/1930-n-main-street/motto-clear-aligners/","","","0.9199122190475464","open","9","Microsoft | Overture | Overture-signals","CDLA-Permissive-2.0","2025-10-03T21:13:08.023Z | 2026-06-11T11:57:15Z | 2026-05-12T00:29:08Z | 2026-05-18T13:23:54Z | 2026-05-25T13:08:59Z | 2026-06-01T13:20:32Z | 2026-06-08T13:20:12Z"
"VA","Virginia","0d71c6e3-1dda-49f0-a02a-52b160ac59ba","molar magic dental lab","-76.06061674","36.81130065","dentist","laboratory_testing","2696 Reliance Dr","Virginia Beach","23452-7832","VA","US","+17574681605","tritecdentallab@gmail.com","","https://www.facebook.com/1571217406462685","","0.9199122190475464","open","7","meta | Overture | Overture-signals","CDLA-Permissive-2.0","2026-04-27T00:00:00.000Z | 2026-06-11T11:57:15Z | 2026-05-12T00:29:08Z | 2026-05-18T13:23:54Z | 2026-05-25T13:08:59Z | 2026-06-01T13:20:32Z | 2026-06-08T13:20:12Z"
"VA","Virginia","0d8b358c-1f48-488a-a13a-79a16fe321a7","Salem Dental Care","-80.07983194","37.28992081","dentist","health_and_medical | orthodontist","1395 W Main St","Salem","24153-4707","VA","US","+15407302353","salemdc@mydentalmail.com","https://salemdentalcareva.com/","https://www.facebook.com/108057495023455","Dental Health Society online","0.9902192950248718","open","7","meta | Overture | Overture-signals","CDLA-Permissive-2.0","2026-04-27T00:00:00.000Z | 2026-06-11T11:57:15Z | 2026-05-12T00:29:08Z | 2026-05-18T13:23:54Z | 2026-05-25T13:08:59Z | 2026-06-01T13:20:32Z | 2026-06-08T13:20:12Z"
"VA","Virginia","0d9654d6-0629-43e9-a546-f8f749d4c0c2","Parkside Family Dentistry","-78.964766","38.385186","dentist","orthodontist | cosmetic_dentist","100 Parkside Dr","Bridgewater","22812-1755","VA","US","+15408283518","100parksidefamily@gmail.com","http://parksidesmiles.com/","https://www.facebook.com/436086863080709","","0.9199122190475464","open","6","meta | Overture | Overture-signals","CDLA-Permissive-2.0","2026-04-27T00:00:00.000Z | 2026-06-11T11:57:15Z | 2026-05-12T00:29:08Z | 2026-05-18T13:23:54Z | 2026-05-25T13:08:59Z | 2026-06-01T13:20:32Z | 2026-06-08T13:20:12Z"
"VA","Virginia","0da341a1-5814-4e05-976f-19e4cd9d14fe","Commonwealth Endodontics","-77.6429904764294","37.6620107681655","dentist","","12320 W Broad St Ste 209","Richmond","23233","VA","US","(804) 501-0501","office@cwendo.com","http://www.cwendo.com","https://www.facebook.com/115619738498363","","0.9199122190475464","open","4","Foursquare | Overture | Overture-signals","Apache-2.0 | CDLA-Permissive-2.0","2020-09-01T00:00:00.000 | 2026-06-11T11:57:15Z | 2026-05-12T00:29:08Z | 2026-05-18T13:23:54Z | 2026-05-25T13:08:59Z | 2026-06-01T13:20:32Z | 2026-06-08T13:20:12Z"
"VA","Virginia","0daafd8f-7bb6-4ea9-8388-92a5dbd71379","Cecilia Ykeda","-77.2330440954474","38.7824077499185","dentist","","8342 Traford Ln","Springfield","22152","VA","US","(703) 644-5955","","http://www.ykedadds.com","","","0.9199122190475464","open","4","Foursquare | Overture | Overture-signals","Apache-2.0 | CDLA-Permissive-2.0","2023-12-02T00:00:00.000 | 2026-06-11T11:57:15Z | 2026-05-12T00:29:08Z | 2026-05-18T13:23:54Z | 2026-05-25T13:08:59Z | 2026-06-01T13:20:32Z | 2026-06-08T13:20:12Z"
"VA","Virginia","0dc71669-0981-420d-96b3-79fd3dd9e015","Dental Associates of Northern Virginia","-77.11993123","38.845795","dentist","general_dentistry | health_and_medical","5275 Leesburg Pike","Falls Church","22041-3806","VA","US","+17035949037","bgriffith@nedentalmanagement.com","https://dentalassociatesnova.com/dentist-office/falls-church-va-22041?utm_source=Google&utm_medium=KnowledgePanel&utm_campaign=Website","https://www.facebook.com/159449650739969","Dental Associates of Northern Virginia","0.9902192950248718","open","8","meta | Overture | Overture-signals","CDLA-Permissive-2.0","2026-04-27T00:00:00.000Z | 2026-06-11T11:57:15Z | 2026-05-12T00:29:08Z | 2026-05-18T13:23:54Z | 2026-05-25T13:08:59Z | 2026-06-01T13:20:32Z | 2026-06-08T13:20:12Z"
"VA","Virginia","0df08884-68fd-41ac-9b36-a475c58d0298","Virginia Endodontic Group","-77.1345452812077","38.7699489106621","dentist","","6831 Sir Viceroy Dr","Alexandria","22315","VA","US","(703) 922-9040","vaendogroup2@gmail.com","http://www.vaendogroup.com","https://www.facebook.com/174212695966999","","0.9199122190475464","open","4","Foursquare | Overture | Overture-signals","Apache-2.0 | CDLA-Permissive-2.0","2026-02-11T00:00:00.000 | 2026-06-11T11:57:15Z | 2026-05-12T00:29:08Z | 2026-05-18T13:23:54Z | 2026-05-25T13:08:59Z | 2026-06-01T13:20:32Z | 2026-06-08T13:20:12Z"
"VA","Virginia","0dfadfa9-4d21-4f48-aaf2-c0bfb86d93ef","LWSS Family Dentistry","-76.00689701","36.75711807","dentist","general_dentistry | medical_service_organizations","2185 Upton Dr","Virginia Beach","23454-1188","VA","US","+17578404205","","https://lwssredmill.com/","https://www.facebook.com/2102228160061826","Dental Health Society online","0.9902192950248718","open","8","meta | Overture | Overture-signals","CDLA-Permissive-2.0","2026-04-27T00:00:00.000Z | 2026-06-11T11:57:15Z | 2026-05-12T00:29:08Z | 2026-05-18T13:23:54Z | 2026-05-25T13:08:59Z | 2026-06-01T13:20:32Z | 2026-06-08T13:20:12Z"
"VA","Virginia","0e0efc8e-4956-4cfa-8031-624479969c56","David C Hall DDS & Associates","-78.8437249794291","38.4232224976454","dentist","","2575 Evelyn Byrd Ave","Harrisonburg","22801","VA","US","(540) 432-2315","","http://www.davidchalldds.com","https://www.facebook.com/307737816047255","","0.9199122190475464","open","4","Foursquare | Overture | Overture-signals","Apache-2.0 | CDLA-Permissive-2.0","2026-03-31T00:00:00.000 | 2026-06-11T11:57:15Z | 2026-05-12T00:29:08Z | 2026-05-18T13:23:54Z | 2026-05-25T13:08:59Z | 2026-06-01T13:20:32Z | 2026-06-08T13:20:12Z"
"VA","Virginia","0e175758-5177-450c-8d21-74ad0313cbb1","Ferguson Family Dentistry","-82.06852528","36.90395978","dentist","general_dentistry | cosmetic_dentist","138 Highland Dr","Lebanon","24266-4636","VA","US","+12768895141","info@fergusonfamilydentistry.com","http://fergusonfamilydentistry.com/","https://www.facebook.com/200842373318631","","0.9199122190475464","open","8","meta | Overture | Overture-signals","CDLA-Permissive-2.0","2026-04-27T00:00:00.000Z | 2026-06-11T11:57:15Z | 2026-05-12T00:29:08Z | 2026-05-18T13:23:54Z | 2026-05-25T13:08:59Z | 2026-06-01T13:20:32Z | 2026-06-08T13:20:12Z"
"VA","Virginia","0e198c4f-6bca-4992-a46d-a49010a8b494","Kingstowne Family & Cosmetic Dentistry","-77.14069336","38.77055679","dentist","cosmetic_dentist | general_dentistry","5960 Kingstowne Towne Ctr","Alexandria","22315-5896","VA","US","+17037199210","kfcd5960@yahoo.com","https://kingstownedentistry.com/","https://www.facebook.com/155438147824682","","0.98275226354599","","8","meta | Overture","CDLA-Permissive-2.0","2026-04-27T00:00:00.000Z | 2026-06-11T11:57:15Z"
"VA","Virginia","0e301b85-074c-421c-957a-a73712318a9f","Naeem Family Dentistry","-77.36416875","38.68033009","dentist","general_dentistry","12701 Galveston Ct","Manassas","20112-8674","VA","US","+17036700202","dumfriesdental@yahoo.com","http://naeemdentistry.com/","https://www.facebook.com/725170920890216","Naeem Family Dentistry","0.9199122190475464","open","9","meta | Overture | Overture-signals","CDLA-Permissive-2.0","2026-04-27T00:00:00.000Z | 2026-06-11T11:57:15Z | 2026-05-12T00:29:08Z | 2026-05-18T13:23:54Z | 2026-05-25T13:08:59Z | 2026-06-01T13:20:32Z | 2026-06-08T13:20:12Z"
"VA","Virginia","0e57d937-c4f9-4bcc-a367-eda33b7973aa","Makarita Smiles - Tysons Aesthetic Dentistry","-77.22674","38.9164","dentist","cosmetic_dentist | health_and_medical","8150 Leesburg Pike","Vienna","22182-2714","VA","US","+17035322020","info@ilovethatsmile.com","http://www.makaritasmiles.com/#contacts","https://www.facebook.com/106812066084877","","0.9762647747993469","","2","meta | Overture","CDLA-Permissive-2.0","2026-04-27T00:00:00.000Z | 2026-06-11T11:57:15Z"
"VA","Virginia","0e630e38-5839-40a0-bce9-dbfcf94f5e36","Atlee Station Family Dentistry","-77.58921612","37.67678387","dentist","general_dentistry | medical_service_organizations","5201 Hickory Park Dr","Glen Allen","23059-2623","VA","US","+18047474200","","http://www.drsayyar.com/","https://www.facebook.com/156619044376719","Sayyar Family Dentistry","0.9199122190475464","open","8","meta | Overture | Overture-signals","CDLA-Permissive-2.0","2026-04-27T00:00:00.000Z | 2026-06-11T11:57:15Z | 2026-05-12T00:29:08Z | 2026-05-18T13:23:54Z | 2026-05-25T13:08:59Z | 2026-06-01T13:20:32Z | 2026-06-08T13:20:12Z"
"VA","Virginia","0e7637da-8ade-4e63-ad20-531183c233e4","Drs. Wood, Lombardozzi, & Dunlevy Pediatric Dentistry & Orthodontics","-77.6149755","37.5228478","dentist","health_and_medical","11601 Robious Rd Ste 130","Midlothian","23113","VA","US","8047048895","","https://www.kidsdentists.com/","","","0.9655","","7","Microsoft | Overture","CDLA-Permissive-2.0","2019-09-17T15:18:33.253Z | 2026-06-11T11:57:15Z"
"VA","Virginia","0ee4171e-38b9-49c1-88c1-ffe753d413b3","Colonial Heights Dental","-77.411533","37.274947","dentist","cosmetic_dentist | teeth_whitening","3401 Boulevard","Colonial Heights","23834-1417","VA","US","+18045260807","info@colonialheightsdental.com","http://www.colonialheightsdental.com/","https://www.facebook.com/378446998876236","Colonial Heights Dental","0.6293198466300964","","7","meta | Overture","CDLA-Permissive-2.0","2026-04-27T00:00:00.000Z | 2026-06-11T11:57:15Z"
"VA","Virginia","0f0487bb-177e-4536-a769-e83c4873341a","Smile Care Dental Woodbridge","-77.3434477571463","38.6582975361983","dentist","","3401 Commission Ct STE 202, Woodbridge, VA 22192, United States","woodbridge","22192","VA","US","(703) 494-7799","sunnybehal_dmd@yahoo.com","https://www.drrobjava.com","https://www.instagram.com/smilecaredentalofwoodbridge","","0.77","","1","Foursquare | Overture","Apache-2.0 | CDLA-Permissive-2.0","2026-03-23T00:00:00.000 | 2026-06-11T11:57:15Z"
"VA","Virginia","0f253983-4b4a-4cd4-be99-8f292c2a3d6f","Pal Family Dentistry","-77.35255555","38.96200726","dentist","general_dentistry | cosmetic_dentist","11711 Bowman Green Dr","Reston","20190-3501","VA","US","+17034378337","reston@palfamilydentistry.com","http://www.palfamilydentistry.com/","https://www.facebook.com/134793529920645","","0.9902192950248718","open","9","meta | Overture | Overture-signals","CDLA-Permissive-2.0","2026-04-27T00:00:00.000Z | 2026-06-11T11:57:15Z | 2026-05-12T00:29:08Z | 2026-05-18T13:23:54Z | 2026-05-25T13:08:59Z | 2026-06-01T13:20:32Z | 2026-06-08T13:20:12Z"
"VA","Virginia","0f5abf2c-e9ff-4623-9b93-1608f31882b1","Stephen K. Payne, DDS","-77.638291","37.500978","dentist","health_and_medical | hospital","300 Browns Hill Ct","Midlothian","23114-9511","VA","US","+18043790875","","http://stephenkpayneddsmidlothian.com","https://www.facebook.com/941171405949393","","0.539993941783905","","8","meta | Overture","CDLA-Permissive-2.0","2026-04-27T00:00:00.000Z | 2026-06-11T11:57:15Z"
"VA","Virginia","0f7fb6cc-62b6-4f34-97fc-79f69a361cd1","Dr. Jarvandi Family Dentistry","-77.57943426","37.60715045","dentist","general_dentistry | health_and_medical","9305 Quioccasin Rd","Henrico","23229-5429","VA","US","+18047501080","","http://www.dentistinrichmondvirginia.com","https://www.facebook.com/154389197930364","","0.9199122190475464","open","7","meta | Overture | Overture-signals","CDLA-Permissive-2.0","2026-04-27T00:00:00.000Z | 2026-06-11T11:57:15Z | 2026-05-12T00:29:08Z | 2026-05-18T13:23:54Z | 2026-05-25T13:08:59Z | 2026-06-01T13:20:32Z | 2026-06-08T13:20:12Z"
"VA","Virginia","0f896768-e2f5-4c59-a868-ea238f35405a","Manassas Modern Dentistry","-77.512606","38.77962","dentist","","10620 Crestwood Drive","Manassas","20109","VA","US","+17033612911","","https://www.manassas-moderndentistry.com/","","","1","","9","DAC | Overture","CDLA-Permissive-2.0","2026-06-10T16:03:35.911Z | 2026-06-11T11:57:15Z"
"VA","Virginia","0fccbbf2-6920-4e3c-bdcc-743a5324c84e","Henry Family Dentistry","-77.28679912","37.30207382","dentist","general_dentistry | health_and_medical","114 E City Point Rd","Hopewell","23860-3910","VA","US","+18044586020","henryfamilydentistry@gmail.com","http://www.cosmeticdentistryhopewellva.com/","https://www.facebook.com/403185369870392","Henry Family Dentistry","0.9199122190475464","open","10","meta | Overture | Overture-signals","CDLA-Permissive-2.0","2026-04-27T00:00:00.000Z | 2026-06-11T11:57:15Z | 2026-05-12T00:29:08Z | 2026-05-18T13:23:54Z | 2026-05-25T13:08:59Z | 2026-06-01T13:20:32Z | 2026-06-08T13:20:12Z"
"VA","Virginia","0fd327c5-ae43-486c-8c24-d7fbfe6e6063","Damita Edwards, DDS Family & Cosmetic Dentistry","-77.434758","38.828467","dentist","orthodontist | health_and_medical","6211 Centreville Rd","Centreville","20121-2635","VA","US","+17039618808","centrevillesmiles@gmail.com","http://centrevillesmiles.com/","https://www.facebook.com/1673239899588316","","0.9199122190475464","open","8","meta | Overture | Overture-signals","CDLA-Permissive-2.0","2026-04-27T00:00:00.000Z | 2026-06-11T11:57:15Z | 2026-05-12T00:29:08Z | 2026-05-18T13:23:54Z | 2026-05-25T13:08:59Z | 2026-06-01T13:20:32Z | 2026-06-08T13:20:12Z"
"VA","Virginia","1002e672-6be4-400a-a09f-5211443fe8d7","Virginia Biological Dentistry","-77.5857973","37.6563813","dentist","general_dentistry | cosmetic_dentist","4932 Dominion Blvd","Glen Allen","23060-6714","VA","US","+18043816238","info@virgniabiologicaldentistry.com","http://www.VirginiaBiologicalDentistry.com/","https://www.facebook.com/111150758925442","","0.9199122190475464","open","8","meta | Overture | Overture-signals","CDLA-Permissive-2.0","2026-04-27T00:00:00.000Z | 2026-06-11T11:57:15Z | 2026-05-12T00:29:08Z | 2026-05-18T13:23:54Z | 2026-05-25T13:08:59Z | 2026-06-01T13:20:32Z | 2026-06-08T13:20:12Z"
"VA","Virginia","101e0acd-3637-457a-b908-85919ae1aab5","Piedmont Virginia Dental Health Foundation","-79.87358811","36.69235428","dentist","community_services_non_profits","23 W Fayette St","Martinsville","24112-2703","VA","US","+12766327727","","http://www.piedmontdental.org/","https://www.facebook.com/169758186370521","Piedmont Family Dentistry","0.9199122190475464","open","8","meta | Overture | Overture-signals","CDLA-Permissive-2.0","2026-04-27T00:00:00.000Z | 2026-06-11T11:57:15Z | 2026-05-12T00:29:08Z | 2026-05-18T13:23:54Z | 2026-05-25T13:08:59Z | 2026-06-01T13:20:32Z | 2026-06-08T13:20:12Z"
"VA","Virginia","1055e281-d5b6-4a5b-af37-5e419e0d7b4f","J Peyton Moore DDS","-79.8673098221596","36.6864482705225","dentist","endodontist | periodontist","101 Cleveland Ave","Martinsville","24112-3700","VA","US","+12766323963","jmooredds1@gmail.com","http://www.mooresmilesva.com/","https://www.facebook.com/1479553742258815","","0.9901860952377319","","8","meta | Overture","CDLA-Permissive-2.0","2026-04-27T00:00:00.000Z | 2026-06-11T11:57:15Z"
"VA","Virginia","1056798a-907f-45c1-beec-3797fd7f69fa","Jack T. Kayton III, DDS","-78.5169731852188","38.0462773785462","dentist","","315 Old Ivy Way, # 101","Charlottesville","22903","VA","US","(434) 977-3939","drkaytonteam@gmail.com","https://www.dentistrycharlottesvilleva.com","https://www.facebook.com/112505282127479","","0.77","","7","Foursquare | Overture","Apache-2.0 | CDLA-Permissive-2.0","2026-04-03T00:00:00.000 | 2026-06-11T11:57:15Z"
"VA","Virginia","10577d1d-201f-4bd0-9e81-975b51c23e7e","Covel, Stack and Henon","-77.25914072","38.90775333","dentist","general_dentistry | medical_service_organizations","120 Beulah Rd NE","Vienna","22180-4745","VA","US","+15715825024","covelstackhenon@mydentalmail.com","http://www.viennadentalcenterva.com/","https://www.facebook.com/227937637073088","","0.9368100166320801","","8","meta | Overture","CDLA-Permissive-2.0","2026-04-27T00:00:00.000Z | 2026-06-11T11:57:15Z"
"VA","Virginia","10686891-b199-4452-9412-1059cb258f2a","Ruffner Family Dentistry","-78.49194309","38.66448201","dentist","general_dentistry | medical_service_organizations","114 Allison Dr","Luray","22835-5259","VA","US","+15407431510","info@ruffnerfamilydentistry.com","http://ruffnerfamilydentistry.com","https://www.facebook.com/212874048751909","","0.9199122190475464","open","7","meta | Overture | Overture-signals","CDLA-Permissive-2.0","2026-04-27T00:00:00.000Z | 2026-06-11T11:57:15Z | 2026-05-12T00:29:08Z | 2026-05-18T13:23:54Z | 2026-05-25T13:08:59Z | 2026-06-01T13:20:32Z | 2026-06-08T13:20:12Z"
"VA","Virginia","10b44063-c8d5-4e24-9725-eba8d2c7f0fc","Dr. Denise T. Nguyen Orthodontic Specialist","-77.23101","38.914644","dentist","orthodontist | health_and_medical","8298 Old Courthouse Rd","Vienna","22182-3860","VA","US","+17038476544","orthodonticsvienna@gmail.com","http://www.orthodonticsvienna.com","https://www.facebook.com/102809159790253","","0.7373166680335999","","7","meta | Overture","CDLA-Permissive-2.0","2026-04-27T00:00:00.000Z | 2026-06-11T11:57:15Z"
"VA","Virginia","10bc54c7-0b54-41c8-b862-d7f0637fd3ba","Karina A. Miller, DDS","-79.9789945","37.2309956","dentist","health_and_medical","4348 Electric Road, Main Entrance, 2nd Floor","Roanoke","24018","VA","US","5407690600","","https://www.carilionclinic.org/providers/karina-miller-dds?utm_source=local-listing&utm_medium=organic&utm_campaign=website-link","","","0.9199122190475464","open","6","Microsoft | Overture | Overture-signals","CDLA-Permissive-2.0","2025-09-06T16:43:51.820Z | 2026-06-11T11:57:15Z | 2026-05-12T00:29:08Z | 2026-05-18T13:23:54Z | 2026-05-25T13:08:59Z | 2026-06-01T13:20:32Z | 2026-06-08T13:20:12Z"
"VA","Virginia","11258c4c-c9d6-49a1-89ac-301f9a501dbd","Dolley Madison Dentistry","-77.17900871","38.93947935","dentist","general_dentistry | doctor","1313 Dolley Madison Blvd","McLean","22101-3926","VA","US","+17037214921","doctor@dolleymadisondentistry.com","https://www.dolleymadisondentistry.com/","https://www.facebook.com/605877686195871","","0.9908676147460938","","10","meta | Overture","CDLA-Permissive-2.0","2026-04-27T00:00:00.000Z | 2026-06-11T11:57:15Z"
"VA","Virginia","1134f5c6-4fb4-4dfe-9d8f-3127a5ee8ed6","Zuber Dental Arts","-80.05187459","37.28939576","dentist","medical_service_organizations | health_and_medical","500 Virginia Ave","Salem","24153-5300","VA","US","+15403874522","zuberdentalarts@cox.net","http://www.fla-homes4sale.com","https://www.facebook.com/116098968450646","","0.9199122190475464","open","7","meta | Overture | Overture-signals","CDLA-Permissive-2.0","2026-04-27T00:00:00.000Z | 2026-06-11T11:57:15Z | 2026-05-12T00:29:08Z | 2026-05-18T13:23:54Z | 2026-05-25T13:08:59Z | 2026-06-01T13:20:32Z | 2026-06-08T13:20:12Z"
"VA","Virginia","11461301-aa27-4b14-bdef-ba9debd6f551","Jennifer Alston-Sako, DDS","-79.54563884","37.33723782","dentist","general_dentistry | doctor","819 Ole Turnpike Dr","Bedford","24523-2409","VA","US","+15402986653","","http://www.affordabledentures.com","https://www.facebook.com/110438539020700","","0.9199122190475464","open","8","meta | Overture | Overture-signals","CDLA-Permissive-2.0","2026-04-27T00:00:00.000Z | 2026-06-11T11:57:15Z | 2026-05-12T00:29:08Z | 2026-05-18T13:23:54Z | 2026-05-25T13:08:59Z | 2026-06-01T13:20:32Z | 2026-06-08T13:20:12Z"
"VA","Virginia","114c7385-67c2-4b04-832a-baaed3b910e3","Broad Smile Dentistry","-77.62150516","37.65139126","dentist","general_dentistry","4017 Lauderdale Dr","Henrico","23233-1082","VA","US","+18049131710","broadsmiledentistry@gmail.com","http://www.broadsmiledentistry.com/","https://www.facebook.com/122955505767274","","0.9902192950248718","open","7","meta | Overture | Overture-signals","CDLA-Permissive-2.0","2026-04-27T00:00:00.000Z | 2026-06-11T11:57:15Z | 2026-05-12T00:29:08Z | 2026-05-18T13:23:54Z | 2026-05-25T13:08:59Z | 2026-06-01T13:20:32Z | 2026-06-08T13:20:12Z"
"VA","Virginia","1165f0b7-a0aa-4dec-b0dd-1a68a4a58db0","Pediatric Dentistry","-81.9864520037965","36.7069242238022","dentist","","465 W Main St","Abingdon","24210","VA","US","(276) 628-3421","lwise@bvunet.net","http://www.superstarsmiles.com","https://www.facebook.com/410745322302858","","0.9199122190475464","open","4","Foursquare | Overture | Overture-signals","Apache-2.0 | CDLA-Permissive-2.0","2025-08-22T00:00:00.000 | 2026-06-11T11:57:15Z | 2026-05-12T00:29:08Z | 2026-05-18T13:23:54Z | 2026-05-25T13:08:59Z | 2026-06-01T13:20:32Z | 2026-06-08T13:20:12Z"
"VA","Virginia","1168e9eb-f760-4d6c-a554-ca13b1f2ec91","Mount Vernon Professional Center","-77.07706688","38.73730001","dentist","general_dentistry | cosmetic_dentist","8101 Hinson Farm Rd","Alexandria","22306-3400","VA","US","+17033606455","fd.mvd@wavedp.com","https://www.mountvernonsmiles.com/","https://www.facebook.com/1711029492549870","","0.9936840534210205","open","3","meta | Overture | Overture-signals","CDLA-Permissive-2.0","2026-04-27T00:00:00.000Z | 2026-06-11T11:57:15Z | 2026-06-08T13:20:12Z"
"VA","Virginia","118bb4d4-7533-45f9-acc1-ba7b65eaefc2","Paul W. Miller","-79.39851341","36.82605686","dentist","","6 S Main St","Chatham","24531-5436","VA","US","+14344320610","","","https://www.facebook.com/1424141301157886","","0.9199122190475464","open","7","meta | Overture | Overture-signals","CDLA-Permissive-2.0","2026-04-27T00:00:00.000Z | 2026-06-11T11:57:15Z | 2026-05-12T00:29:08Z | 2026-05-18T13:23:54Z | 2026-05-25T13:08:59Z | 2026-06-01T13:20:32Z | 2026-06-08T13:20:12Z"
"VA","Virginia","11974669-33c6-4591-8b69-7da010da0c8c","Valley Smile Care","-78.82928838","38.40701278","dentist","general_dentistry | doctor","4036 Quarles Ct","Harrisonburg","22801-8716","VA","US","+15404537424","team@valleysmilecare.com","https://www.valleysmilecare.com/","https://www.facebook.com/225782237487909","Valley Smile Care","0.9199122190475464","open","8","meta | Overture | Overture-signals","CDLA-Permissive-2.0","2026-04-27T00:00:00.000Z | 2026-06-11T11:57:15Z | 2026-05-12T00:29:08Z | 2026-05-18T13:23:54Z | 2026-05-25T13:08:59Z | 2026-06-01T13:20:32Z | 2026-06-08T13:20:12Z"
"VA","Virginia","11a6107c-d349-4649-9302-71cadf4ffedb","Green Meadows Family Dentistry","-76.1380646","36.8116941","dentist","general_dentistry | doctor","4676 Princess Anne Rd","Virginia Beach","23462-6465","VA","US","+17578283855","admin@greenmeadowsdds.com","http://www.greenmeadowsdds.com/","https://www.facebook.com/1674842492767983","Bear Creek Family Dentistry","0.9948989748954773","","9","meta | Overture","CDLA-Permissive-2.0","2026-04-27T00:00:00.000Z | 2026-06-11T11:57:15Z"
"VA","Virginia","11b4ebf0-c0b2-4fb0-b2a2-a207502f3677","Jhossette Dental Laboratory","-76.262233","36.944571","dentist","health_and_medical | cosmetic_dentist","153 W Lorengo Ave","Norfolk","23503-4342","VA","US","+15402567599","jhossettelab@icloud.com","","https://www.facebook.com/115694368486276","","0.8948337435722351","","5","meta | Overture","CDLA-Permissive-2.0","2026-04-27T00:00:00.000Z | 2026-06-11T11:57:15Z"
"VA","Virginia","11b9db70-c147-40a5-ba20-f07a045f50f2","Mohit Chaudhary","-77.36838106","38.66069796","dentist","doctor | health_and_medical","5812 Mapledale Plz","Woodbridge","22193-4535","VA","US","+17035809900","","","https://www.facebook.com/148712031839270","","0.6376322507858276","","1","meta | Overture","CDLA-Permissive-2.0","2026-04-27T00:00:00.000Z | 2026-06-11T11:57:15Z"
"VA","Virginia","12181ce9-2649-4f7a-8835-12ac4dced2f8","Rocktown Family Dental Care","-78.84800602","38.42746243","dentist","general_dentistry | medical_service_organizations","1971 Evelyn Byrd Ave","Harrisonburg","22801-3477","VA","US","+15407050102","info@rocktowndental.com","http://www.RocktownDental.com/","https://www.facebook.com/586137051412973","","0.9199122190475464","open","7","meta | Overture | Overture-signals","CDLA-Permissive-2.0","2026-04-27T00:00:00.000Z | 2026-06-11T11:57:15Z | 2026-05-12T00:29:08Z | 2026-05-18T13:23:54Z | 2026-05-25T13:08:59Z | 2026-06-01T13:20:32Z | 2026-06-08T13:20:12Z"
"VA","Virginia","1267bf14-a9d7-4476-b894-624afc1e040f","Hampton Orthodontics","-76.39664","37.04848","dentist","doctor","2118 Executive Dr","Hampton","23666-2402","VA","US","+17573948622","","http://hamptonvaorthodontics.com/start-quiz","https://www.facebook.com/178481579336237","","0.9199122190475464","open","7","meta | Overture | Overture-signals","CDLA-Permissive-2.0","2026-04-27T00:00:00.000Z | 2026-06-11T11:57:15Z | 2026-05-12T00:29:08Z | 2026-05-18T13:23:54Z | 2026-05-25T13:08:59Z | 2026-06-01T13:20:32Z | 2026-06-08T13:20:12Z"
"VA","Virginia","12ce3065-3385-47a8-a96b-861eb7ca2fa4","Brz*Merrifield Orthodo","-77.2220470955475","38.8760959536547","dentist","","2843 Hartland Rd Ste 100","Falls Church","22043","VA","US","(703) 573-0200","","http://www.merrifieldorthodontics.com","","","0.9199122190475464","open","4","Foursquare | Overture | Overture-signals","Apache-2.0 | CDLA-Permissive-2.0","2023-11-30T00:00:00.000 | 2026-06-11T11:57:15Z | 2026-05-12T00:29:08Z | 2026-05-18T13:23:54Z | 2026-05-25T13:08:59Z | 2026-06-01T13:20:32Z | 2026-06-08T13:20:12Z"
"VA","Virginia","12e140c6-24a5-4266-817d-7e4220eb23b5","Dr. Paulette Howard","-77.32351807","37.54160937","dentist","general_dentistry | health_and_medical","607 E Nine Mile Rd","Henrico","23075-1843","VA","US","+18043269310","highlandspringsdental@gmail.com","http://www.smilesofhighlandsprings.com","https://www.facebook.com/111766832192578","","0.6382958889007568","","8","meta | Overture","CDLA-Permissive-2.0","2026-04-27T00:00:00.000Z | 2026-06-11T11:57:15Z"
"VA","Virginia","12f9127f-0c07-4dda-9931-216206122ae4","Fashing Gisela DDS","-76.66360353","37.24623241","dentist","general_dentistry | health_and_medical","325 McLaws Cir","Williamsburg","23185-6341","VA","US","+17572298991","","http://www.giselafashingdds.com","https://www.facebook.com/156737484366987","","0.9687484502792358","","2","meta | Overture","CDLA-Permissive-2.0","2026-04-27T00:00:00.000Z | 2026-06-11T11:57:15Z"
"VA","Virginia","132d584a-b814-483f-a6bc-83ac44d503e7","Graceful Smiles Dentistry","-77.18235021","38.78363563","dentist","general_dentistry | health_and_medical","6120 Brandon Ave","Springfield","22150-2504","VA","US","+17034513303","contact@gracefulsmiles.net","http://gracefulsmiles.dentist/","https://www.facebook.com/111257459547873","","0.9902192950248718","open","9","meta | Overture | Overture-signals","CDLA-Permissive-2.0","2026-04-27T00:00:00.000Z | 2026-06-11T11:57:15Z | 2026-05-12T00:29:08Z | 2026-05-18T13:23:54Z | 2026-05-25T13:08:59Z | 2026-06-01T13:20:32Z | 2026-06-08T13:20:12Z"
"VA","Virginia","133b4b32-8e69-4423-bec1-c901629d63e2","David L Wheeler DDS","-79.99619575","37.79082577","dentist","general_dentistry | health_and_medical","201 N Maple Ave","Covington","24426-1523","VA","US","+15409651160","lemarquardt@aol.com","http://www.davidwheelerdds.com","https://www.facebook.com/142989409080957","","0.9199122190475464","open","7","meta | Overture | Overture-signals","CDLA-Permissive-2.0","2026-04-27T00:00:00.000Z | 2026-06-11T11:57:15Z | 2026-05-12T00:29:08Z | 2026-05-18T13:23:54Z | 2026-05-25T13:08:59Z | 2026-06-01T13:20:32Z | 2026-06-08T13:20:12Z"
"VA","Virginia","13649c57-7561-4475-85a0-4dae3fa81281","Dr. Claire Kaugars DDS","-77.505002","37.587528","dentist","health_and_medical | pet_services","5700 Old Richmond Ave","Richmond","23226-1828","VA","US","+18042854867","","","https://www.facebook.com/108114862564021","","0.7502346634864807","","8","meta | Overture","CDLA-Permissive-2.0","2026-04-27T00:00:00.000Z | 2026-06-11T11:57:15Z"
"VA","Virginia","139abd8a-09c6-4564-b815-47e020939238","Poplar Tree Dental Care","-77.39675","38.8801","dentist","general_dentistry | health_and_medical","13045 Route 50","Fairfax","22033-2001","VA","US","+15712954171","poplartreedc@mydentalmail.com","https://poplartreedentalcare.com/","https://www.facebook.com/103806928804081","Dental Health Society online","0.9902192950248718","open","9","meta | Overture | Overture-signals","CDLA-Permissive-2.0","2026-04-27T00:00:00.000Z | 2026-06-11T11:57:15Z | 2026-05-12T00:29:08Z | 2026-05-18T13:23:54Z | 2026-05-25T13:08:59Z | 2026-06-01T13:20:32Z | 2026-06-08T13:20:12Z"
"VA","Virginia","13a1d287-0f19-4ff0-a446-bdd196c98b9d","Dameron Karen Cole DDS","-77.561454","37.649973","dentist","cosmetic_dentist | medical_service_organizations","4424 Springfield Rd","Glen Allen","23060-3412","VA","US","+18042705353","","http://www.dameronfamilydental.com/","https://www.facebook.com/132217693496481","","0.9199122190475464","open","7","meta | Overture | Overture-signals","CDLA-Permissive-2.0","2026-04-27T00:00:00.000Z | 2026-06-11T11:57:15Z | 2026-05-12T00:29:08Z | 2026-05-18T13:23:54Z | 2026-05-25T13:08:59Z | 2026-06-01T13:20:32Z | 2026-06-08T13:20:12Z"
"VA","Virginia","13b3ae93-3075-4122-a378-e41d039145ad","Smith Jacqueline B DDS","-76.17736","36.800401","dentist","health_and_medical | family_practice","1385 Fordham Dr","Virginia Beach","23464-5345","VA","US","+17574240095","jacquelinesmith2@verizon.net","http://www.drjacquelinebsmithdds.com","https://www.facebook.com/118474824908890","","0.8628029823303223","","8","meta | Overture","CDLA-Permissive-2.0","2026-04-27T00:00:00.000Z | 2026-06-11T11:57:15Z"
"VA","Virginia","13cefb25-f859-4a9a-888e-02ff91fe6838","Mazin Alayssami, DMD & Associates","-77.2248594690794","38.8992916898205","dentist","","2230 Gallows Rd Ste 320","Dunn Loring","22027","VA","US","(703) 573-8664","","http://www.brightnow.com","https://www.twitter.com/brightnowdental | https://www.facebook.com/138918612854547","","0.9199122190475464","open","4","Foursquare | Overture | Overture-signals","Apache-2.0 | CDLA-Permissive-2.0","2023-08-10T00:00:00.000 | 2026-06-11T11:57:15Z | 2026-05-12T00:29:08Z | 2026-05-18T13:23:54Z | 2026-05-25T13:08:59Z | 2026-06-01T13:20:32Z | 2026-06-08T13:20:12Z"
"VA","Virginia","13e0b667-da12-44a1-b129-dafde5c912eb","Ted Sherwin PC","-77.74265825","38.34149762","dentist","general_dentistry | cosmetic_dentist","4444 Germanna Hwy","Locust Grove","22508-0017","VA","US","+15404261152","info@tedsherwindds.com","http://www.tedsherwindds.com/","https://www.facebook.com/369229766452253","Dr. Ted Sherwin D.D.S., P.C.","0.9199122190475464","open","8","meta | Overture | Overture-signals","CDLA-Permissive-2.0","2026-04-27T00:00:00.000Z | 2026-06-11T11:57:15Z | 2026-05-12T00:29:08Z | 2026-05-18T13:23:54Z | 2026-05-25T13:08:59Z | 2026-06-01T13:20:32Z | 2026-06-08T13:20:12Z"
"VA","Virginia","13fa032f-d9df-4e8d-a457-a042af69dc5f","Virginia Square Dental","-77.10095282","38.88298238","dentist","general_dentistry | cosmetic_dentist","3425 Wilson Blvd","Arlington","22201-2235","VA","US","+17033589000","contact@squaredental.com","http://www.squaredental.com/","https://www.facebook.com/1734666476778206","Square Dental","0.9902192950248718","open","8","meta | Overture | Overture-signals","CDLA-Permissive-2.0","2026-04-27T00:00:00.000Z | 2026-06-11T11:57:15Z | 2026-05-12T00:29:08Z | 2026-05-18T13:23:54Z | 2026-05-25T13:08:59Z | 2026-06-01T13:20:32Z | 2026-06-08T13:20:12Z"
"VA","Virginia","1406d1f2-d315-4bc1-915f-06ed0aacc10a","Commonwealth Dentistry","-77.655365","37.459594","dentist","medical_center | family_practice","2373 Colony Crossing Pl","Midlothian","23112-4280","VA","US","+18047393131","patientcare@commonwealth-dentistry.com","http://www.commonwealth-dentistry.com/","https://www.facebook.com/537546836703243","Commonwealth Dentistry","0.9199122190475464","open","11","meta | Overture | Overture-signals","CDLA-Permissive-2.0","2026-04-27T00:00:00.000Z | 2026-06-11T11:57:15Z | 2026-05-12T00:29:08Z | 2026-05-18T13:23:54Z | 2026-05-25T13:08:59Z | 2026-06-01T13:20:32Z | 2026-06-08T13:20:12Z"
"VA","Virginia","140e7d62-05b2-4c21-88b2-470cf2018697","Shenandoah Smiles","-78.84877551","38.42740992","dentist","cosmetic_dentist | general_dentistry","243 Neff Ave","Harrisonburg","22801-3482","VA","US","+15404762442","jb@shenandoahsmiles.com","http://www.shenandoahsmiles.com/","https://www.facebook.com/173245922735512","","0.9199122190475464","open","10","meta | Overture | Overture-signals","CDLA-Permissive-2.0","2026-04-27T00:00:00.000Z | 2026-06-11T11:57:15Z | 2026-05-12T00:29:08Z | 2026-05-18T13:23:54Z | 2026-05-25T13:08:59Z | 2026-06-01T13:20:32Z | 2026-06-08T13:20:12Z"
"VA","Virginia","14346165-f1aa-4684-bffd-41b55c0678ef","Dr. Robert S. Berman","-77.28907718","38.84421478","dentist","health_and_medical | eyewear_and_optician","9942 Main St","Fairfax","22031-3901","VA","US","+17032736622","","","https://www.facebook.com/131374963596558","","0.9199122190475464","open","7","meta | Overture | Overture-signals","CDLA-Permissive-2.0","2026-04-27T00:00:00.000Z | 2026-06-11T11:57:15Z | 2026-05-12T00:29:08Z | 2026-05-18T13:23:54Z | 2026-05-25T13:08:59Z | 2026-06-01T13:20:32Z | 2026-06-08T13:20:12Z"
"VA","Virginia","144656f8-8cac-4219-8161-380376ba369a","John S.K. Hsu D.D.S. and Virginia J. Chin D.D.S., P.C.","-77.3182497841657","38.8496569348664","dentist","","10801 Main Street, Suites 500-600","Fairfax","22030","VA","US","(703) 239-6391","healthysmilesva@juno.com","http://www.healthysmilesva.com","","","0.77","","7","Foursquare | Overture","Apache-2.0 | CDLA-Permissive-2.0","2025-03-28T00:00:00.000 | 2026-06-11T11:57:15Z"
"VA","Virginia","145c0874-f85e-4129-81de-2647f536c4b7","Dr. Frank D. Romano","-77.52784847","38.29306143","dentist","health_and_medical | family_practice","1133 Heatherstone Dr","Fredericksburg","22407-4828","VA","US","+15407858525","","http://drfrankdromano1.placeweb.site","https://www.facebook.com/132536776851860","","0.9199122190475464","open","6","meta | Overture | Overture-signals","CDLA-Permissive-2.0","2026-04-27T00:00:00.000Z | 2026-06-11T11:57:15Z | 2026-05-12T00:29:08Z | 2026-05-18T13:23:54Z | 2026-05-25T13:08:59Z | 2026-06-01T13:20:32Z | 2026-06-08T13:20:12Z"
"VA","Virginia","149dc33c-a275-4a3c-8fbd-118a9c862652","Dr. Rita W. Frazier, DDS","-76.27139118","36.91518574","dentist","cosmetic_dentist | general_dentistry","136 E Little Creek Rd","Norfolk","23505-2503","VA","US","+17575876399","ritafrazierdds@gmail.com","http://www.drritafrazier.com/","https://www.facebook.com/174022989333213","Frazier Rita","0.9902192950248718","open","8","meta | Overture | Overture-signals","CDLA-Permissive-2.0","2026-04-27T00:00:00.000Z | 2026-06-11T11:57:15Z | 2026-05-12T00:29:08Z | 2026-05-18T13:23:54Z | 2026-05-25T13:08:59Z | 2026-06-01T13:20:32Z | 2026-06-08T13:20:12Z"
"VA","Virginia","14a2c64d-2803-4dd7-9919-ce5c10f64aae","Dr. Eric Mestas","-77.12285674","38.78579992","dentist","general_dentistry","5115 Franconia Rd","Alexandria","22310-1903","VA","US","+17039712788","rosehilldentistry@cox.net","http://www.rosehilldentalcare.com/","https://www.facebook.com/1745958212359002","","0.9199122190475464","open","7","meta | Overture | Overture-signals","CDLA-Permissive-2.0","2026-04-27T00:00:00.000Z | 2026-06-11T11:57:15Z | 2026-05-12T00:29:08Z | 2026-05-18T13:23:54Z | 2026-05-25T13:08:59Z | 2026-06-01T13:20:32Z | 2026-06-08T13:20:12Z"
"VA","Virginia","14aa1324-7532-4de5-879d-322767b563ff","Jonathan Youngkwon Chang","-77.22391638","38.89763456","dentist","lawyer | health_and_medical","2301 Gallows Rd","Dunn Loring","22027-1147","VA","US","+17035606500","email@jerrychanglawoffice.com","http://jonathanchangdds.com","https://www.facebook.com/116782018381250","","0.9389961957931519","","7","meta | Overture","CDLA-Permissive-2.0","2026-04-27T00:00:00.000Z | 2026-06-11T11:57:15Z"
"VA","Virginia","14b3df39-f125-47fd-a436-597f96e8b969","Stensland Dental Studio","-76.73814445","37.2718967","dentist","general_dentistry | cosmetic_dentist","195 Strawberry Plains Rd","Williamsburg","23188-3406","VA","US","+17576454055","info@mywilliamsburgdentist.com","http://www.mywilliamsburgdentist.com/","https://www.facebook.com/157687530953689","","0.9199122190475464","open","9","meta | Overture | Overture-signals","CDLA-Permissive-2.0","2026-04-27T00:00:00.000Z | 2026-06-11T11:57:15Z | 2026-05-12T00:29:08Z | 2026-05-18T13:23:54Z | 2026-05-25T13:08:59Z | 2026-06-01T13:20:32Z | 2026-06-08T13:20:12Z"
"VA","Virginia","14b6d8d8-6180-4840-a8c9-4acf853b93fe","Dr. Ashouripour Dental Arts","-77.12284","38.81327","dentist","medical_service_organizations | family_practice","5249 Duke St","Alexandria","22304-2907","VA","US","+17033706800","implantfellow@yahoo.com","https://www.oneloudoundentalclinic.com/","https://www.facebook.com/1499168470362896","","0.8620407581329346","","8","meta | Overture","CDLA-Permissive-2.0","2026-04-27T00:00:00.000Z | 2026-06-11T11:57:15Z"
"VA","Virginia","14b8e7f1-ff4f-4dcd-83d0-13672ab744cd","Fairfax Oral & Maxillofacial Surgery","-77.3106275372844","38.8737001788368","dentist","","10530 Rosehaven St #111","Fairfax","22030","VA","US","(703) 385-5777","","http://www.fairfaxoralsurgery.com","https://www.twitter.com/fairfaxoms | https://www.facebook.com/1096369933740659","","0.9199122190475464","open","4","Foursquare | Overture | Overture-signals","Apache-2.0 | CDLA-Permissive-2.0","2023-07-21T00:00:00.000 | 2026-06-11T11:57:15Z | 2026-05-12T00:29:08Z | 2026-05-18T13:23:54Z | 2026-05-25T13:08:59Z | 2026-06-01T13:20:32Z | 2026-06-08T13:20:12Z"
"VA","Virginia","14d01327-9455-4155-a95a-65517268abb0","Richard Quigg Oral Surgery","-76.026113","36.860337","dentist","oral_surgeon | hospital","984 First Colonial Rd","Virginia Beach","23454-3196","VA","US","+17574966690","dquigg1@verizon.net","http://www.quiggoralsurgery.com/","https://www.facebook.com/849080688438847","Richard Quigg Oral Surgery","0.9738081097602844","","8","meta | Overture","CDLA-Permissive-2.0","2026-04-27T00:00:00.000Z | 2026-06-11T11:57:15Z"
"VA","Virginia","14d2f0f9-ebab-49bc-97bd-91ceac1b9570","Dr. Ashley Rosinski DDS","-77.512552","38.779633","dentist","health_and_medical","10620 Crestwood Dr","Manassas","20109-4403","VA","US","+17033612911","","","https://www.facebook.com/126250840761507","","0.7891095876693726","","8","meta | Overture","CDLA-Permissive-2.0","2026-04-27T00:00:00.000Z | 2026-06-11T11:57:15Z"
"VA","Virginia","14f200a9-ef33-4cb4-9f87-e70f7becef83","United Smiles Family Dentistry & Orthodontics","-77.41507066","37.35247107","dentist","general_dentistry | medical_service_organizations","12712 Jefferson Davis Hwy","Chester","23831-5369","VA","US","+18042147339","","http://www.chestervadentist.com/","https://www.facebook.com/172326210274644","","0.9902192950248718","open","8","meta | Overture | Overture-signals","CDLA-Permissive-2.0","2026-04-27T00:00:00.000Z | 2026-06-11T11:57:15Z | 2026-05-12T00:29:08Z | 2026-05-18T13:23:54Z | 2026-05-25T13:08:59Z | 2026-06-01T13:20:32Z | 2026-06-08T13:20:12Z"
"VA","Virginia","15142f62-0e27-4f23-a43a-fc289288b514","Anita L Bell DDS","-79.0272909","38.0369119","dentist","general_dentistry | medical_service_organizations","2835 Stuarts Draft Hwy","Stuarts Draft","24477-2752","VA","US","+15403371324","","http://www.anitabelldds.com","https://www.facebook.com/354037661358509","Dr Anita Bell Dds ""the Dentist"" :-(","0.9199122190475464","open","8","meta | Overture | Overture-signals","CDLA-Permissive-2.0","2026-04-27T00:00:00.000Z | 2026-06-11T11:57:15Z | 2026-05-12T00:29:08Z | 2026-05-18T13:23:54Z | 2026-05-25T13:08:59Z | 2026-06-01T13:20:32Z | 2026-06-08T13:20:12Z"
"VA","Virginia","1533fd06-7909-45b0-9c3c-77da408f49f9","Annandale VA Dentist Dr Lim Implant","-77.185926","38.829545","dentist","health_and_medical | family_practice","7004 Little River Tpke","Annandale","22003-3201","VA","US","+17037503097","","","https://www.facebook.com/171546016236284","","0.812743067741394","","7","meta | Overture","CDLA-Permissive-2.0","2026-04-27T00:00:00.000Z | 2026-06-11T11:57:15Z"
"VA","Virginia","154ed776-3fa2-4cce-ac37-eff4dc340a1a","Allen D. Bernstein, DMD, LLC & T. James Dix, DDS","-77.5461275887381","37.6266979917384","dentist","","2821 N Parham Rd Ste 102","Richmond","23294","VA","US","(804) 270-4397","","http://www.allendbernstein.com","https://www.twitter.com/abernsteindmd","","0.77","","5","Foursquare | Overture","Apache-2.0 | CDLA-Permissive-2.0","2025-08-22T00:00:00.000 | 2026-06-11T11:57:15Z"
"VA","Virginia","1589108a-3b9e-4f26-a86b-06571541db8c","Amherst Dental Practice","-78.1961502","39.19065987","dentist","endodontist | orthodontist","1871 Amherst St","Winchester","22601-2801","VA","US","+15406678165","smiles@amherstdentalpractice.com","http://www.amherstdentalpractice.com","https://www.facebook.com/765311140265188","","0.9902192950248718","open","7","meta | Overture | Overture-signals","CDLA-Permissive-2.0","2026-04-27T00:00:00.000Z | 2026-06-11T11:57:15Z | 2026-05-12T00:29:08Z | 2026-05-18T13:23:54Z | 2026-05-25T13:08:59Z | 2026-06-01T13:20:32Z | 2026-06-08T13:20:12Z"
"VA","Virginia","15975df8-36d0-4371-8892-e595892778a5","Christian O. Meyers, DDS","-76.3541385438293","37.0440977639673","dentist","","70 W Mercury Blvd Ste 102","Hampton","23669","VA","US","(757) 722-2929","","http://dentalcareofhampton.com","","","0.9199122190475464","open","5","Foursquare | Overture | Overture-signals","Apache-2.0 | CDLA-Permissive-2.0","2026-04-06T00:00:00.000 | 2026-06-11T11:57:15Z | 2026-05-12T00:29:08Z | 2026-05-18T13:23:54Z | 2026-05-25T13:08:59Z | 2026-06-01T13:20:32Z | 2026-06-08T13:20:12Z"
"VA","Virginia","15dfa3c7-9607-4195-8303-986256c1ec6c","Amburgey Dental","-81.90826874","36.72039023","dentist","general_dentistry | health_and_medical","26114 Lee Hwy","Abingdon","24211-7502","VA","US","+12762585568","dentist@amburgeydental.com","https://www.amburgeydental.com/","https://www.facebook.com/326379667427798","Amburgey Dental","0.9929642677307129","","8","meta | Overture","CDLA-Permissive-2.0","2026-04-27T00:00:00.000Z | 2026-06-11T11:57:15Z"
"VA","Virginia","15e3bae6-4765-4c29-8c77-6b4252fe42b2","Dr. Kallas Dental Center","-77.2320377445428","38.9147977798918","dentist","","8310-A Old Courthouse Road","Tysons Corner","22182","VA","US","(703) 356-0250","frontdesk.dkdc@gmail.com","http://www.dkdentalcenter.com","","","0.77","","5","Foursquare | Overture","Apache-2.0 | CDLA-Permissive-2.0","2024-10-16T00:00:00.000 | 2026-06-11T11:57:15Z"
"VA","Virginia","1608ef84-ca88-42bd-a5fa-a7328704036a","Pike Smiles","-77.153171","38.86777918","dentist","orthodontist | endodontist","6231 Leesburg Pike","Falls Church","22044-1842","VA","US","+17035338200","info@pikesmiles.com","http://www.Pikesmiles.com/","https://www.facebook.com/109234247367232","","0.9199122190475464","open","7","meta | Overture | Overture-signals","CDLA-Permissive-2.0","2026-04-27T00:00:00.000Z | 2026-06-11T11:57:15Z | 2026-05-12T00:29:08Z | 2026-05-18T13:23:54Z | 2026-05-25T13:08:59Z | 2026-06-01T13:20:32Z | 2026-06-08T13:20:12Z"
"VA","Virginia","161da8b8-5ad6-4277-8de1-032924a8a1ca","Cville Dentist","-78.4851988","38.0739294","dentist","health_and_medical","2375 Commonwealth Dr, Unit Ste A","Charlottesville","22901","VA","US","4349735873","","http://cvilledentist.com/","","","0.85","","7","Microsoft | Overture","CDLA-Permissive-2.0","2022-09-13T06:42:16.673Z | 2026-06-11T11:57:15Z"
"VA","Virginia","162c1861-9580-47ea-8883-d44cf0f7bebd","Dentibus Dental Laboratory","-78.8893675804138","38.068179773232","dentist","health_and_medical","108 S Wayne Ave","Waynesboro","22980","VA","US","5409417812","","","","","0.9199122190475464","open","6","Microsoft | Overture | Overture-signals","CDLA-Permissive-2.0","2010-05-05T23:31:49.750Z | 2026-06-11T11:57:15Z | 2026-05-12T00:29:08Z | 2026-05-18T13:23:54Z | 2026-05-25T13:08:59Z | 2026-06-01T13:20:32Z | 2026-06-08T13:20:12Z"
"VA","Virginia","167ef474-a53f-4425-a37c-0ef0cf6fe1c8","Virginia Center for Orthodontics","-77.0772071250884","38.8940846621629","dentist","","1600 Wilson Blvd","Arlington","22209","VA","US","(703) 774-3070","drmarkova@vcosmiles.com","http://www.vcosmiles.com","","","0.77","","5","Foursquare | Overture","Apache-2.0 | CDLA-Permissive-2.0","2025-08-22T00:00:00.000 | 2026-06-11T11:57:15Z"
"VA","Virginia","1690ae73-dad6-4ac5-9260-d4d216a26628","Nathan S. Houchins, DDS","-81.0841067","36.95057778","dentist","general_dentistry","190 Tazewell St","Wytheville","24382-2348","VA","US","+12762230006","","","https://www.facebook.com/911728635547958","","0.9199122190475464","open","8","meta | Overture | Overture-signals","CDLA-Permissive-2.0","2026-04-27T00:00:00.000Z | 2026-06-11T11:57:15Z | 2026-05-12T00:29:08Z | 2026-05-18T13:23:54Z | 2026-05-25T13:08:59Z | 2026-06-01T13:20:32Z | 2026-06-08T13:20:12Z"
"VA","Virginia","16d81fae-7511-4521-948c-57365e151c60","Pfabulous Gentle Dentistry","-77.6906741","37.40318334","dentist","general_dentistry","14912 Hull Street Rd","Chesterfield","23832-2535","VA","US","+18046399622","pgd14912@gmail.com","http://chesterfieldvadentist.com/","https://www.facebook.com/118010121549145","Pfabulous Gentle Dentistry","0.9199122190475464","open","9","meta | Overture | Overture-signals","CDLA-Permissive-2.0","2026-04-27T00:00:00.000Z | 2026-06-11T11:57:15Z | 2026-05-12T00:29:08Z | 2026-05-18T13:23:54Z | 2026-05-25T13:08:59Z | 2026-06-01T13:20:32Z | 2026-06-08T13:20:12Z"
"VA","Virginia","170fac1a-e174-434a-b0e9-63fab4786d1e","Dr. George Solier, DDS","-77.0776592","38.7372487","dentist","health_and_medical","8101 Hinson Farm Rd Ste 114","Alexandria","22306","VA","US","7033605881","","https://www.cosmeticdentistalexandria.com/","","","0.9199122190475464","open","7","Microsoft | Overture | Overture-signals","CDLA-Permissive-2.0","2023-03-24T21:29:29.867Z | 2026-06-11T11:57:15Z | 2026-05-12T00:29:08Z | 2026-05-18T13:23:54Z | 2026-05-25T13:08:59Z | 2026-06-01T13:20:32Z | 2026-06-08T13:20:12Z"
"VA","Virginia","1728ca86-b46a-427f-b505-9deef23c3b0e","Wong & Yung Family Dentistry","-76.0849752468406","36.8004836868242","dentist","","1186 Lynnhaven Pkwy Unit 23452","Virginia Beach","23452","VA","US","(757) 468-4867","","http://www.wongandyungdds.com","","","0.77","","5","Foursquare | Overture","Apache-2.0 | CDLA-Permissive-2.0","2025-10-22T00:00:00.000 | 2026-06-11T11:57:15Z"
"VA","Virginia","1757281f-bb40-48a8-a217-4ac16665afc2","Embrace Family Smiles of Dale City","-77.3267947","38.6497783","dentist","health_and_medical","14397 Hereford Rd","Woodbridge","22193","VA","US","7036709169","","https://embracefamilysmiles.com/","","","0.9199122190475464","open","6","Microsoft | Overture | Overture-signals","CDLA-Permissive-2.0","2025-09-07T09:27:08.090Z | 2026-06-11T11:57:15Z | 2026-05-12T00:29:08Z | 2026-05-18T13:23:54Z | 2026-05-25T13:08:59Z | 2026-06-01T13:20:32Z | 2026-06-08T13:20:12Z"
"VA","Virginia","17a6a155-656d-4a45-8210-1efbcb6832d7","Dr Kirk Hazelgrove DDS","-77.578475299674","37.6455508144494","dentist","","10317 W Broad St","Henrico","23233","VA","US","(804) 747-4001","","http://www.gentletoothdoc.com","","","0.77","","5","Foursquare | Overture","Apache-2.0 | CDLA-Permissive-2.0","2024-06-24T00:00:00.000 | 2026-06-11T11:57:15Z"
"VA","Virginia","17d68c34-dad1-4f3c-93c9-d349000bb904","Rowe James S DDS","-77.6678827","37.81512112","dentist","general_dentistry | medical_service_organizations","16698 Mountain Rd","Montpelier","23192-2600","VA","US","+18048836347","","http://montpelierdentistry.com/","https://www.facebook.com/768227183220245","","0.9199122190475464","open","8","meta | Overture | Overture-signals","CDLA-Permissive-2.0","2026-04-27T00:00:00.000Z | 2026-06-11T11:57:15Z | 2026-05-12T00:29:08Z | 2026-05-18T13:23:54Z | 2026-05-25T13:08:59Z | 2026-06-01T13:20:32Z | 2026-06-08T13:20:12Z"
"VA","Virginia","17ef8af0-449e-423a-8586-9080cb9e304c","Vacendak Dentistry","-76.21379434","36.74092459","dentist","general_dentistry | medical_service_organizations","701 Quince Pl","Chesapeake","23320-0769","VA","US","+17576093510","contactus@vacendakdentistry.com","http://www.vacendakdentistry.com/","https://www.facebook.com/139476886231806","","0.9199122190475464","open","8","meta | Overture | Overture-signals","CDLA-Permissive-2.0","2026-04-27T00:00:00.000Z | 2026-06-11T11:57:15Z | 2026-05-12T00:29:08Z | 2026-05-18T13:23:54Z | 2026-05-25T13:08:59Z | 2026-06-01T13:20:32Z | 2026-06-08T13:20:12Z"
"VA","Virginia","1812e217-e506-458b-9398-ca90d103070a","Timothy A. Leigh DDS","-76.5244665466313","37.4136943186277","dentist","orthodontist | periodontist","6661 Main St","Gloucester","23061-5194","VA","US","+18046932575","dr.tleigh@yahoo.com","http://www.drtaleigh.com/","https://www.facebook.com/1708157256103537","","0.9859490394592285","","8","meta | Overture","CDLA-Permissive-2.0","2026-04-27T00:00:00.000Z | 2026-06-11T11:57:15Z"
"VA","Virginia","18153ed0-e317-4d11-85e5-61cc9abe730c","Dental Associates of Northern Virginia in Burke","-77.2986211444715","38.7881602570301","dentist","","6035 Burke Centre Pkwy, Ste 200","Burke","22015","VA","US","(703) 935-2879","","https://dentalassociatesnova.com/locations/burke/","https://www.twitter.com/alexmcmillandds | https://www.facebook.com/234061477862","","0.77","","5","Foursquare | Overture","Apache-2.0 | CDLA-Permissive-2.0","2023-02-27T00:00:00.000 | 2026-06-11T11:57:15Z"
"VA","Virginia","1815b024-6981-4dce-a1fd-9010736986e5","Henritze Dental Group","-79.85003971","36.67878027","dentist","general_dentistry | cosmetic_dentist","1103 Brookdale St","Martinsville","24112-4528","VA","US","+12766322634","","","https://www.facebook.com/104550202047518","Henritze Dental Group","0.9199122190475464","open","7","meta | Overture | Overture-signals","CDLA-Permissive-2.0","2026-04-27T00:00:00.000Z | 2026-06-11T11:57:15Z | 2026-05-12T00:29:08Z | 2026-05-18T13:23:54Z | 2026-05-25T13:08:59Z | 2026-06-01T13:20:32Z | 2026-06-08T13:20:12Z"
"VA","Virginia","18297800-35c1-4780-a442-560cb4299f11","Peter J. Lanzaro, DDS","-77.25317","38.729013","dentist","health_and_medical | cosmetic_dentist","8918 Village Shops Dr","Fairfax Station","22039-2610","VA","US","+17036900102","pjlanzarodds@gmail.com","http://www.dentistfairfaxstation.com/","https://www.facebook.com/1378220029105500","","0.8640412092208862","","7","meta | Overture","CDLA-Permissive-2.0","2026-04-27T00:00:00.000Z | 2026-06-11T11:57:15Z"
"VA","Virginia","183a42a1-5edb-42a8-bdb3-4f3e31d7f516","Dental Excellence Integrative Center","-77.06030214","38.83407644","dentist","general_dentistry","3116 Mt Vernon Ave","Alexandria","22305-2639","VA","US","+17035845416","care@dentalexcellenceva.com","https://dentalexcellenceva.com/","https://www.facebook.com/1034468359968238","","0.9902192950248718","open","8","meta | Overture | Overture-signals","CDLA-Permissive-2.0","2026-04-27T00:00:00.000Z | 2026-06-11T11:57:15Z | 2026-05-12T00:29:08Z | 2026-05-18T13:23:54Z | 2026-05-25T13:08:59Z | 2026-06-01T13:20:32Z | 2026-06-08T13:20:12Z"
"VA","Virginia","18508364-428c-4353-abde-779b635f85fb","Luiza Kreuzer","-77.63837355","37.50087298","dentist","general_dentistry","300 Browns Hill Ct","Midlothian","23114-9511","VA","US","+18043790875","","","https://www.facebook.com/282795002425030","","0.9363381862640381","","8","meta | Overture","CDLA-Permissive-2.0","2026-04-27T00:00:00.000Z | 2026-06-11T11:57:15Z"
"VA","Virginia","187b22db-5d21-42a9-90df-51639a2ebb76","Keith O'Brien Family Dentistry","-78.98793022","38.08992106","dentist","general_dentistry","9 Pinnacle Dr","Fishersville","22939-2366","VA","US","+15408851500","kobrienfamilydentistry@comcast.net","http://fishersvillefamilydentistry.com/","https://www.facebook.com/1428981820675279","","0.9912275224924088","","9","meta | Overture","CDLA-Permissive-2.0","2026-04-27T00:00:00.000Z | 2026-06-11T11:57:15Z"
"VA","Virginia","1883b936-9c08-478b-a0cd-1dc9800eb374","Gorgeous Smile","-77.10849293","38.88139669","dentist","general_dentistry | cosmetic_dentist","4001 9th St N","Arlington","22203-1900","VA","US","+15712661505","info@smiles4arlington.com","https://www.smiles4arlington.com/","https://www.facebook.com/1982133508549542","","0.9902192950248718","open","8","meta | Overture | Overture-signals","CDLA-Permissive-2.0","2026-04-27T00:00:00.000Z | 2026-06-11T11:57:15Z | 2026-05-12T00:29:08Z | 2026-05-18T13:23:54Z | 2026-05-25T13:08:59Z | 2026-06-01T13:20:32Z | 2026-06-08T13:20:12Z"
"VA","Virginia","1894520a-40ef-4e9f-a593-844ecbdeed44","Northern Virginia Dental Lab","-77.33205416","38.54501905","dentist","","18759 Fuller Heights Rd","Triangle","22172-2096","VA","US","+17034973500","office@nvdl.com","https://nvdl.com/","https://www.facebook.com/102241884882346","","0.9685718417167664","","8","meta | Overture","CDLA-Permissive-2.0","2026-04-27T00:00:00.000Z | 2026-06-11T11:57:15Z"
"VA","Virginia","18bda30f-a4c0-4dea-881d-97fa74d4c168","George Mason Dental","-77.1018056","38.85987896","dentist","general_dentistry | doctor","947 S George Mason Dr","Arlington","22204-1556","VA","US","+17035210900","","http://www.georgemasondental.com","https://www.facebook.com/183725738306833","George Mason Dental","0.9941994053125381","","9","meta | Overture","CDLA-Permissive-2.0","2026-04-27T00:00:00.000Z | 2026-06-11T11:57:15Z"
"VA","Virginia","18d159e0-0814-4a27-8255-a5254fe024a3","Dr. Elizabeth T. Nance","-77.42957034","37.54222788","dentist","general_dentistry | health_and_medical","521 N 11th St","Richmond","23298-5016","VA","US","+18048283368","","","https://www.facebook.com/136828659699558","","0.8907257318496704","","3","meta | Overture","CDLA-Permissive-2.0","2026-04-27T00:00:00.000Z | 2026-06-11T11:57:15Z"
"VA","Virginia","18d4f51f-b546-4385-b820-bbac07dead50","Glazier, Thomas F: Thomas F Glazier","-77.505906","37.56817","dentist","health_and_medical | hospital","4909 Grove Ave","Richmond","23226-1649","VA","US","+18043556593","","http://richmondperioonline.com/","https://www.facebook.com/2179679008714877","Richardson & Overstreet Periodontics","0.8050252795219421","open","9","meta | Overture | Overture-signals","CDLA-Permissive-2.0","2026-04-27T00:00:00.000Z | 2026-06-11T11:57:15Z | 2026-05-12T00:29:08Z"
"VA","Virginia","194b2af0-5b9f-46b5-9b7c-92ccff1bea7b","Phillip D Prater DDS PLLC","-78.00303576","37.06954229","dentist","general_dentistry","929 S Main St","Blackstone","23824-2610","VA","US","+14342923695","","","https://www.facebook.com/105757208306403","","0.9199122190475464","open","8","meta | Overture | Overture-signals","CDLA-Permissive-2.0","2026-04-27T00:00:00.000Z | 2026-06-11T11:57:15Z | 2026-05-12T00:29:08Z | 2026-05-18T13:23:54Z | 2026-05-25T13:08:59Z | 2026-06-01T13:20:32Z | 2026-06-08T13:20:12Z"
"VA","Virginia","196ed258-17ad-4531-9309-4a03ec390d29","W Baxter Perkinson & Associates","-77.6680410525039","37.4918798487526","dentist","orthodontist","14001 Charter Park Dr","Midlothian","23114-4452","VA","US","+18043791011","","http://VADentist.com/","https://www.facebook.com/440509912721733","Dr. Brandon Wong DMD","0.7409769892692566","","1","meta | Overture","CDLA-Permissive-2.0","2026-04-27T00:00:00.000Z | 2026-06-11T11:57:15Z"
"VA","Virginia","19764540-4070-46dd-a80a-3be4662c6731","Smiles For Centreville","-77.439091","38.837527","dentist","","14245-P Centreville Square","Centreville","20121","VA","US","+17038283375","","http://www.smilesforcentreville.com/","","","1","","9","DAC | Overture","CDLA-Permissive-2.0","2026-06-10T16:03:35.911Z | 2026-06-11T11:57:15Z"
"VA","Virginia","1987c7ee-9574-4bba-9c8a-e9aba69d0bfb","Merrifield Dentist","-77.23134","38.8646","dentist","","8303 Arlington Blvd","Fairfax","22031-2903","VA","US","+17035607200","info@merrifielddentist.com","http://www.merrifielddentist.com/","https://www.facebook.com/324827524058371","","0.7347521781921387","","7","meta | Overture","CDLA-Permissive-2.0","2026-04-27T00:00:00.000Z | 2026-06-11T11:57:15Z"
"VA","Virginia","19f67afb-c2cc-4413-84c4-e0eb66868df9","Timothy K Johnston,DDS - Norge Dental Center","-76.7719169668113","37.3698551016521","dentist","","7450 Richmond Rd","Williamsburg","23188","VA","US","(757) 231-7080","","https://www.williamsburgdds.com","","","0.77","","5","Foursquare | Overture","Apache-2.0 | CDLA-Permissive-2.0","2025-12-09T00:00:00.000 | 2026-06-11T11:57:15Z"
"VA","Virginia","19f783d4-d31c-46bd-935c-2bb425a12d2b","Bluewater Dental","-76.100404431","36.795954667","dentist","orthodontist","1515 Lynnhaven Pkwy","Virginia Beach","23453-2054","VA","US","+17574271600","","","https://www.facebook.com/418673128235267","","0.9609861969947815","","9","meta | Overture","CDLA-Permissive-2.0","2026-04-27T00:00:00.000Z | 2026-06-11T11:57:15Z"
"VA","Virginia","1a021c1b-1905-4d9b-9f31-0926075dca5c","Morrison & Morrison","-76.16515808","36.81266332","dentist","hospital | oral_surgeon","904 Kempsville Rd","Virginia Beach","23464-5571","VA","US","+17574678000","","http://myoralsurgeon.com","https://www.facebook.com/719767728094012","","0.9199122190475464","open","9","meta | Overture | Overture-signals","CDLA-Permissive-2.0","2026-04-27T00:00:00.000Z | 2026-06-11T11:57:15Z | 2026-05-12T00:29:08Z | 2026-05-18T13:23:54Z | 2026-05-25T13:08:59Z | 2026-06-01T13:20:32Z | 2026-06-08T13:20:12Z"
"VA","Virginia","1a0ae1f8-3e04-47ab-affe-c8899bc79768","Banaji Family & Aesthetic Dentistry","-77.22206521","38.87603204","dentist","cosmetic_dentist | general_dentistry","2843 Hartland Rd","Falls Church","22043-3535","VA","US","+15713412020","","https://banajifamilydentistry.com/?utm_source=facebook&utm_medium=page","https://www.facebook.com/203524046188919","","0.9199122190475464","open","8","meta | Overture | Overture-signals","CDLA-Permissive-2.0","2026-04-27T00:00:00.000Z | 2026-06-11T11:57:15Z | 2026-05-12T00:29:08Z | 2026-05-18T13:23:54Z | 2026-05-25T13:08:59Z | 2026-06-01T13:20:32Z | 2026-06-08T13:20:12Z"
"VA","Virginia","1a19a7f4-7974-4dd0-9100-e3eb218b1220","Perkinson W Baxter Jr and Associates","-77.525231159283","37.657880001227","dentist","orthodontist | lawyer","10212 Staples Mill Rd","Glen Allen","23060-3064","VA","US","+18046724900","cjefferson@wbperkinson.com","http://www.wbperkinson.com/virginia-dentists/dr-mark-diefenderfer.html","https://www.facebook.com/167150266635689","","0.7687376141548157","","8","meta | Overture","CDLA-Permissive-2.0","2026-04-27T00:00:00.000Z | 2026-06-11T11:57:15Z"
"VA","Virginia","1a46535b-cc85-4084-aa5e-c88f38e57b6b","Aura Dentistry","-77.1816113303948","38.9374315148213","dentist","","6870 Elm St Ste 300","McLean","22101","VA","US","(703) 429-0770","patientcare@auradentistry.com","https://www.auradentistry.com","https://www.facebook.com/161683903850116","","0.9199122190475464","open","4","Foursquare | Overture | Overture-signals","Apache-2.0 | CDLA-Permissive-2.0","2024-12-31T00:00:00.000 | 2026-06-11T11:57:15Z | 2026-05-12T00:29:08Z | 2026-05-18T13:23:54Z | 2026-05-25T13:08:59Z | 2026-06-01T13:20:32Z | 2026-06-08T13:20:12Z"
"VA","Virginia","1a50703d-75ea-4a2e-8bdf-9ff0bc51824c","Dentists of Haymarket","-77.64243362","38.81411125","dentist","general_dentistry","6735 Lea Berry Way","Haymarket","20169-2991","VA","US","+17037435474","info@dentistsofhaymarket.com","http://www.DentistsofHaymarket.com/","https://www.facebook.com/110530141432407","","0.9199122190475464","open","6","meta | Overture | Overture-signals","CDLA-Permissive-2.0","2026-04-27T00:00:00.000Z | 2026-06-11T11:57:15Z | 2026-05-12T00:29:08Z | 2026-05-18T13:23:54Z | 2026-05-25T13:08:59Z | 2026-06-01T13:20:32Z | 2026-06-08T13:20:12Z"
"VA","Virginia","1a696314-57e5-4b62-a728-4ad18d096b92","Chantilly Dental Arts Center","-77.41908939","38.88894998","dentist","general_dentistry | cosmetic_dentist","13655 Route 50","Chantilly","20151-3568","VA","US","+15715565690","","https://chantillydentalarts.com/","https://www.facebook.com/137898336252194","","0.9902192950248718","open","9","meta | Overture | Overture-signals","CDLA-Permissive-2.0","2026-04-27T00:00:00.000Z | 2026-06-11T11:57:15Z | 2026-05-12T00:29:08Z | 2026-05-18T13:23:54Z | 2026-05-25T13:08:59Z | 2026-06-01T13:20:32Z | 2026-06-08T13:20:12Z"
"VA","Virginia","1a6bbde3-7dd2-46ae-b99c-aff2a56a8b80","Tignor Dental Clinic","-76.58649179","37.15920446","dentist","","669 Monroe Ave","Newport News","23604","VA","US","+17573148016","","","https://www.facebook.com/204583072891966","","0.9199122190475464","open","8","meta | Overture | Overture-signals","CDLA-Permissive-2.0","2026-04-27T00:00:00.000Z | 2026-06-11T11:57:15Z | 2026-05-12T00:29:08Z | 2026-05-18T13:23:54Z | 2026-05-25T13:08:59Z | 2026-06-01T13:20:32Z | 2026-06-08T13:20:12Z"
"VA","Virginia","1a99f568-8e8b-4dad-8cd5-930f981e1c93","Michael Edenfield DDS","-76.40465391","36.86181236","dentist","general_dentistry | medical_service_organizations","4057 Taylor Rd","Chesapeake","23321-5527","VA","US","+17574881285","","https://edenfielddentistry.com/","https://www.facebook.com/246908585425745","","0.9199122190475464","open","9","meta | Overture | Overture-signals","CDLA-Permissive-2.0","2026-04-27T00:00:00.000Z | 2026-06-11T11:57:15Z | 2026-05-12T00:29:08Z | 2026-05-18T13:23:54Z | 2026-05-25T13:08:59Z | 2026-06-01T13:20:32Z | 2026-06-08T13:20:12Z"
"VA","Virginia","1a9d2493-9662-4ed5-87d9-813b2af68491","Top Dental","-77.51152047","38.77877755","dentist","general_dentistry","10529 Crestwood Dr","Manassas","20109-4418","VA","US","+17033939393","","http://www.topdentalpractice.com","https://www.facebook.com/100663839409744","Top Dental","0.9902192950248718","open","8","meta | Overture | Overture-signals","CDLA-Permissive-2.0","2026-04-27T00:00:00.000Z | 2026-06-11T11:57:15Z | 2026-05-12T00:29:08Z | 2026-05-18T13:23:54Z | 2026-05-25T13:08:59Z | 2026-06-01T13:20:32Z | 2026-06-08T13:20:12Z"
"VA","Virginia","1a9f9890-cb52-481e-9aab-f722d21687ad","Commonwealth Orthodontics & Pediatric Dentistry","-77.6727340145847","37.2525164978197","dentist","","456 Charles H Dimmock Pkwy Ste 9","Colonial Heights","23834","VA","US","(804) 520-7292","","https://commonwealth-dentistry.com","","","0.77","","5","Foursquare | Overture","Apache-2.0 | CDLA-Permissive-2.0","2024-02-21T00:00:00.000 | 2026-06-11T11:57:15Z"
"VA","Virginia","1abc81f3-0294-4b1e-acf4-43d12c836255","Dental Health Associates","-79.01942724","38.19237111","dentist","general_dentistry | health_and_medical","75 Lee Hwy","Verona","24482-2505","VA","US","+15408220344","","http://www.mydentalhealthassociates.com/","https://www.facebook.com/1452843174754388","Dental Health Associates","0.9199122190475464","open","9","meta | Overture | Overture-signals","CDLA-Permissive-2.0","2026-04-27T00:00:00.000Z | 2026-06-11T11:57:15Z | 2026-05-12T00:29:08Z | 2026-05-18T13:23:54Z | 2026-05-25T13:08:59Z | 2026-06-01T13:20:32Z | 2026-06-08T13:20:12Z"
"VA","Virginia","1add9977-b399-4fce-b1b9-9faa5a0e097b","Heriford And Heriford Dentistry","-76.5947340657229","36.7613813513896","dentist","","2003 Meade Pkwy","Suffolk","23434","VA","US","(757) 539-1492","billheriford@yahoo.com","http://www.herifordsmiles.com","","","0.9199122190475464","open","4","Foursquare | Overture | Overture-signals","Apache-2.0 | CDLA-Permissive-2.0","2025-08-22T00:00:00.000 | 2026-06-11T11:57:15Z | 2026-05-12T00:29:08Z | 2026-05-18T13:23:54Z | 2026-05-25T13:08:59Z | 2026-06-01T13:20:32Z | 2026-06-08T13:20:12Z"
"VA","Virginia","1aedd2c0-d650-4960-a909-a95336e88c57","Kingstowne Orthodontics","-77.1407759213337","38.7536254559359","dentist","","Telegraph","Kingstowne","22315","VA","US","(703) 971-2220","","http://www.kingstowneorthodontics.com","","","0.77","","5","Foursquare | Overture","Apache-2.0 | CDLA-Permissive-2.0","2025-01-29T00:00:00.000 | 2026-06-11T11:57:15Z"
"VA","Virginia","1af08d08-0c7a-4a04-aac7-012078e0961f","KPN Dentistry","-77.596001","37.613634","dentist","health_and_medical | cosmetic_dentist","1801 Raintree Dr","Henrico","23238-4228","VA","US","+18047408360","info@kpndentistry.com","http://kpndentistry.com/","https://www.facebook.com/301795543361991","","0.9896378517150879","","8","meta | Overture","CDLA-Permissive-2.0","2026-04-27T00:00:00.000Z | 2026-06-11T11:57:15Z"
"VA","Virginia","1b07da84-4f5b-43bc-ac6b-00482d4776a1","Grande Dental Care","-77.36520823","38.96714895","dentist","general_dentistry | cosmetic_dentist","108 Elden St","Herndon","20170-4828","VA","US","+17034789574","info@grandedentalcare.com","http://www.grandedentalcare.com","https://www.facebook.com/431693983578776","Grande Dental Care","0.9199122190475464","open","9","meta | Overture | Overture-signals","CDLA-Permissive-2.0","2026-04-27T00:00:00.000Z | 2026-06-11T11:57:15Z | 2026-05-12T00:29:08Z | 2026-05-18T13:23:54Z | 2026-05-25T13:08:59Z | 2026-06-01T13:20:32Z | 2026-06-08T13:20:12Z"
"VA","Virginia","1b3665a3-4ad0-4f69-95ff-f68d9e8c7fcf","Brite Smile dental","-77.305337","38.652234","dentist","hospital | health_and_medical","3102 Golansky Blvd","Woodbridge","22192-4244","VA","US","+15712854073","","","https://www.facebook.com/381327232240395","","0.7904254794120789","","8","meta | Overture","CDLA-Permissive-2.0","2026-04-27T00:00:00.000Z | 2026-06-11T11:57:15Z"
"VA","Virginia","1b6729f4-e4d2-40e4-8b61-e03bb1f2552a","John C Schoeb Dr","-78.487545","38.073247","dentist","health_and_medical","2320 Commonwealth Dr","Charlottesville","22901","VA","US","4349781510","","","","","0.9199122190475464","open","6","Microsoft | Overture | Overture-signals","CDLA-Permissive-2.0","2025-07-25T02:34:06.523Z | 2026-06-11T11:57:15Z | 2026-05-12T00:29:08Z | 2026-05-18T13:23:54Z | 2026-05-25T13:08:59Z | 2026-06-01T13:20:32Z | 2026-06-08T13:20:12Z"
"VA","Virginia","1b69e4fc-1b74-458a-9679-6b8633f3a594","Ideal Dental Care","-77.5456055","37.49710895","dentist","general_dentistry | cosmetic_dentist","8111 Midlothian Tpke","Richmond","23235-5115","VA","US","+18049189667","theidealdentalcare@hotmail.com","http://theidealdentalcare.com/","https://www.facebook.com/579215652283275","","0.9902192950248718","open","7","meta | Overture | Overture-signals","CDLA-Permissive-2.0","2026-04-27T00:00:00.000Z | 2026-06-11T11:57:15Z | 2026-05-12T00:29:08Z | 2026-05-18T13:23:54Z | 2026-05-25T13:08:59Z | 2026-06-01T13:20:32Z | 2026-06-08T13:20:12Z"
"VA","Virginia","1ba58c33-b9bf-498d-97c1-5c5487378891","Old Dominion Orthodontic","-76.3821794017382","36.8307889508657","dentist","","343 Park Manor Rd","Portsmouth","23701","VA","US","(757) 399-1229","","http://angelnailssalon.com","","","0.9199122190475464","open","4","Foursquare | Overture | Overture-signals","Apache-2.0 | CDLA-Permissive-2.0","2025-08-19T00:00:00.000 | 2026-06-11T11:57:15Z | 2026-05-12T00:29:08Z | 2026-05-18T13:23:54Z | 2026-05-25T13:08:59Z | 2026-06-01T13:20:32Z | 2026-06-08T13:20:12Z"
"VA","Virginia","1ba89738-8834-41c2-80a4-e8f6d6b530b5","Caring Dental Center","-77.1556481","38.87106066","dentist","general_dentistry | health_and_medical","6316 Castle Pl","Falls Church","22044-1906","VA","US","+17032377777","info@yourcaringdental.com","http://www.caringdentalva.com/","https://www.facebook.com/322012934673487","","0.9902192950248718","open","8","meta | Overture | Overture-signals","CDLA-Permissive-2.0","2026-04-27T00:00:00.000Z | 2026-06-11T11:57:15Z | 2026-05-12T00:29:08Z | 2026-05-18T13:23:54Z | 2026-05-25T13:08:59Z | 2026-06-01T13:20:32Z | 2026-06-08T13:20:12Z"
"VA","Virginia","1bd0ead9-f870-4899-a663-82992a6aa21f","Tooth Town of Vienna","-77.2705156836551","38.8982075089969","dentist","","301 Maple Ave W","Vienna","22180","VA","US","(703) 319-8370","","http://www.toothtownofvienna.com","https://www.facebook.com/400241240052000","","0.77","","6","Foursquare | Overture","Apache-2.0 | CDLA-Permissive-2.0","2025-10-09T00:00:00.000 | 2026-06-11T11:57:15Z"
"VA","Virginia","1bd42a12-1bd1-45df-bc65-20dfef66718c","Timothy K Sumner","-77.6214686782314","38.7943576186118","dentist","","7548 Gardner Park Dr","Gainesville","20155","VA","US","(571) 248-4415","","http://www.gainesvillecosmeticdentistry.com","","","0.9199122190475464","open","4","Foursquare | Overture | Overture-signals","Apache-2.0 | CDLA-Permissive-2.0","2026-02-18T00:00:00.000 | 2026-06-11T11:57:15Z | 2026-05-12T00:29:08Z | 2026-05-18T13:23:54Z | 2026-05-25T13:08:59Z | 2026-06-01T13:20:32Z | 2026-06-08T13:20:12Z"
"VA","Virginia","1beb7b1a-49c0-47d3-ab9e-4d567f84bc46","Crossroads Family Dentistry","-79.29822028","37.36692143","dentist","general_dentistry","14761 Forest Rd","Forest","24551-5031","VA","US","+14348411704","info@crossroadsfamilydentistryva.com","https://www.crossroadsfamilydentistryva.com/","https://www.facebook.com/704096426635547","","0.9199122190475464","open","7","meta | Overture | Overture-signals","CDLA-Permissive-2.0","2026-04-27T00:00:00.000Z | 2026-06-11T11:57:15Z | 2026-05-12T00:29:08Z | 2026-05-18T13:23:54Z | 2026-05-25T13:08:59Z | 2026-06-01T13:20:32Z | 2026-06-08T13:20:12Z"
"VA","Virginia","1bec6350-58e7-4a27-a8de-2fd36c4603eb","Westwood Dental","-77.249393","38.929208","dentist","health_and_medical | cosmetic_dentist","8618 Westwood Center Dr","Vienna","22182-2222","VA","US","+17038481999","office@westwood-dental.com","http://Westwood-dental.com/","https://www.facebook.com/468107696374914","Westwood Dental","0.9953981810808181","","9","meta | Overture","CDLA-Permissive-2.0","2026-04-27T00:00:00.000Z | 2026-06-11T11:57:15Z"
"VA","Virginia","1bfeee81-849d-483b-b3e8-353df3bff6e5","Polifko & Dvorak","-77.275084","38.6354703","dentist","health_and_medical","2010 Opitz Blvd Ste D","Woodbridge","22191","VA","US","7035952887","","https://polifko-dvorakdds.com/","","","0.85","","7","Microsoft | Overture","CDLA-Permissive-2.0","2018-11-05T16:56:40.190Z | 2026-06-11T11:57:15Z"
"VA","Virginia","1c13151e-df97-49b9-9e59-8df6433b2b36","Davillier Orthodontics","-76.442205","36.87043","dentist","","5836 Harbour View Blvd #340","Suffolk","23435","VA","US","(757) 597-1000","","https://davillierorthodontics.com","https://www.twitter.com/davillierortho | https://www.facebook.com/108094917628945","","0.77","","5","Foursquare | Overture","Apache-2.0 | CDLA-Permissive-2.0","2025-05-30T00:00:00.000 | 2026-06-11T11:57:15Z"
"VA","Virginia","1c1aae82-95d3-4dc6-9072-e0e24cc9c9d9","Dr. Quynhmai Truong","-78.12564537","37.1786755","dentist","general_dentistry | medical_service_organizations","101 Mason St","Crewe","23930-1745","VA","US","+14346459602","","","https://www.facebook.com/268435736831724","","0.9199122190475464","open","7","meta | Overture | Overture-signals","CDLA-Permissive-2.0","2026-04-27T00:00:00.000Z | 2026-06-11T11:57:15Z | 2026-05-12T00:29:08Z | 2026-05-18T13:23:54Z | 2026-05-25T13:08:59Z | 2026-06-01T13:20:32Z | 2026-06-08T13:20:12Z"
"VA","Virginia","1c2d4ba4-1738-41e1-baca-acc46a0a1349","Northern Virginia Center For Oral Facial & Implant Surgery","-77.3559683422635","38.8584444552214","dentist","","4211 Fairfax Corner Ave E Ste 235","Fairfax","22030","VA","US","(703) 449-8888","staff@thenvc.com","http://thenvc.com","https://www.facebook.com/315225048633452","","0.77","","5","Foursquare | Overture","Apache-2.0 | CDLA-Permissive-2.0","2025-03-20T00:00:00.000 | 2026-06-11T11:57:15Z"
"VA","Virginia","1c57c61e-0788-4f53-bcb7-62380ef15469","Simple Dental","-77.44455935","38.87013694","dentist","general_dentistry","5005 Westone Plz","Chantilly","20151-4207","VA","US","+17035528700","info@simpledentalva.com","https://www.simpledentalva.com/","https://www.facebook.com/103959205501268","","0.9902192950248718","open","8","meta | Overture | Overture-signals","CDLA-Permissive-2.0","2026-04-27T00:00:00.000Z | 2026-06-11T11:57:15Z | 2026-05-12T00:29:08Z | 2026-05-18T13:23:54Z | 2026-05-25T13:08:59Z | 2026-06-01T13:20:32Z | 2026-06-08T13:20:12Z"
"VA","Virginia","1c68dea3-40a3-4f91-b367-3a68728f56f9","Luposello & Marzban Orthodontics","-77.1819334280814","38.9360919373327","dentist","","6858 Old Dominion Dr Ste 100","McLean","22101","VA","US","(703) 495-2888","","https://www.lmsmiles.com","https://www.twitter.com/lm_orthodontics | https://www.facebook.com/215122775174166","","0.9199122190475464","open","4","Foursquare | Overture | Overture-signals","Apache-2.0 | CDLA-Permissive-2.0","2024-08-09T00:00:00.000 | 2026-06-11T11:57:15Z | 2026-05-12T00:29:08Z | 2026-05-18T13:23:54Z | 2026-05-25T13:08:59Z | 2026-06-01T13:20:32Z | 2026-06-08T13:20:12Z"
"VA","Virginia","1c7fe051-7c44-46b6-b31b-2486aa6322ed","VSP Dental","-79.43391618","36.58392882","dentist","general_dentistry | health_and_medical","500 Park Ave","Danville","24541-4622","VA","US","+14347974200","info@vspdental.com","http://www.vspdental.com/","https://www.facebook.com/111490565559329","VSPDental","0.9199122190475464","open","9","meta | Overture | Overture-signals","CDLA-Permissive-2.0","2026-04-27T00:00:00.000Z | 2026-06-11T11:57:15Z | 2026-05-12T00:29:08Z | 2026-05-18T13:23:54Z | 2026-05-25T13:08:59Z | 2026-06-01T13:20:32Z | 2026-06-08T13:20:12Z"
"VA","Virginia","1c92b990-5d82-42d6-afab-cd35b78fbce8","Drummond Dental Care","-77.23084298","38.88075333","dentist","general_dentistry | health_and_medical","2665 Prosperity Ave","Fairfax","22031-4917","VA","US","+15712005952","office@drummonddentalcare.com","https://drummonddentalcare.com/","https://www.facebook.com/364368127832385","Drummond Dental Care - Fairfax","0.9902192950248718","open","9","meta | Overture | Overture-signals","CDLA-Permissive-2.0","2026-04-27T00:00:00.000Z | 2026-06-11T11:57:15Z | 2026-05-12T00:29:08Z | 2026-05-18T13:23:54Z | 2026-05-25T13:08:59Z | 2026-06-01T13:20:32Z | 2026-06-08T13:20:12Z"
"VA","Virginia","1cab45f3-b36d-47e6-861c-34a95935d49d","Amherst Family Dental Care","-79.0508278755647","37.5872622939945","dentist","","135 S Main St","Amherst","24521","VA","US","(434) 946-7507","","http://www.johncdeanddspc.com","https://www.facebook.com/536802279781390","","0.9199122190475464","open","4","Foursquare | Overture | Overture-signals","Apache-2.0 | CDLA-Permissive-2.0","2025-08-19T00:00:00.000 | 2026-06-11T11:57:15Z | 2026-05-12T00:29:08Z | 2026-05-18T13:23:54Z | 2026-05-25T13:08:59Z | 2026-06-01T13:20:32Z | 2026-06-08T13:20:12Z"
"VA","Virginia","1cca48a3-e6f0-4254-836d-1ddc76163f8b","Mina Modaresi DDS PC - Regal Dental Care","-77.5296580817095","38.9318649961374","dentist","","24805 Pinebrook Rd Ste 112","Chantilly","20152","VA","US","(703) 433-1122","info@regaldentalcare.com","http://www.myareadentist.com","","","0.77","","3","Foursquare | Overture","Apache-2.0 | CDLA-Permissive-2.0","2025-10-23T00:00:00.000 | 2026-06-11T11:57:15Z"
"VA","Virginia","1cd07166-6a7a-4ff5-a09b-ccbded2e7c8f","Rainey Vacora L DDS Plc","-77.476765","38.479929","dentist","","1229 Garrisonville Rd","Stafford","22556-3655","VA","US","+15403188708","","http://www.raineydds.com/","https://www.facebook.com/93376649025","","0.5695474743843079","","8","meta | Overture","CDLA-Permissive-2.0","2026-04-27T00:00:00.000Z | 2026-06-11T11:57:15Z"
"VA","Virginia","1cda8b12-e4c6-461d-ae42-0426a10619a6","Reston Sunrise Dentistry","-77.37275055","38.94956988","dentist","cosmetic_dentist | general_dentistry","12359 Sunrise Valley Dr","Reston","20191-3437","VA","US","+17038604148","restonsunrise@gmail.com","http://www.restonsunrisedentistry.com/","https://www.facebook.com/690190977675681","Sunrise Cafe","0.9993498508632183","","9","meta | Overture","CDLA-Permissive-2.0","2026-04-27T00:00:00.000Z | 2026-06-11T11:57:15Z"
"VA","Virginia","1ced304d-4728-472c-9b17-8102291e3181","Vivid Smiles Springfield","-77.18576708","38.80118131","dentist","general_dentistry","7011 Backlick Ct","Springfield","22151-3903","VA","US","+17033336077","vividsmilesspringfield@gmail.com","https://vividsmilesva.com/","https://www.facebook.com/103128358776449","","0.9199122190475464","open","9","meta | Overture | Overture-signals","CDLA-Permissive-2.0","2026-04-27T00:00:00.000Z | 2026-06-11T11:57:15Z | 2026-05-12T00:29:08Z | 2026-05-18T13:23:54Z | 2026-05-25T13:08:59Z | 2026-06-01T13:20:32Z | 2026-06-08T13:20:12Z"
"VA","Virginia","1d24e7fd-dd3c-4500-862d-0183de968346","Commonwealth Dentistry","-78.34181123","37.90307541","dentist","general_dentistry","68 Heritage Dr","Palmyra","22963-2662","VA","US","+14345895327","palmyra@commonwealth-dentistry.com","https://commonwealth-dentistry.com/palmyra/","https://www.facebook.com/322580281953380","Commonwealth Dentistry","0.9199122190475464","open","9","meta | Overture | Overture-signals","CDLA-Permissive-2.0","2026-04-27T00:00:00.000Z | 2026-06-11T11:57:15Z | 2026-05-12T00:29:08Z | 2026-05-18T13:23:54Z | 2026-05-25T13:08:59Z | 2026-06-01T13:20:32Z | 2026-06-08T13:20:12Z"
"VA","Virginia","1d2fce8c-00cc-40ea-bf8b-50378ab184f8","Henritze Dental Group","-79.12340938","37.45225353","dentist","general_dentistry","692 Dillard Rd","Madison Heights","24572-5322","VA","US","+14348461981","","","https://www.facebook.com/104425508727288","Henritze Dental Group","0.9199122190475464","open","7","meta | Overture | Overture-signals","CDLA-Permissive-2.0","2026-04-27T00:00:00.000Z | 2026-06-11T11:57:15Z | 2026-05-12T00:29:08Z | 2026-05-18T13:23:54Z | 2026-05-25T13:08:59Z | 2026-06-01T13:20:32Z | 2026-06-08T13:20:12Z"
"VA","Virginia","1d331db5-e6b2-4638-be42-208d8a1e0d61","Jones Family Dentistry","-77.30133649","38.84864569","dentist","general_dentistry","3879 Plaza Dr","Fairfax","22030-2512","VA","US","+17036919041","info@fairfaxdentalcare.com","http://www.fairfaxdentalcare.com/","https://www.facebook.com/361230137624576","","0.9199122190475464","open","8","meta | Overture | Overture-signals","CDLA-Permissive-2.0","2026-04-27T00:00:00.000Z | 2026-06-11T11:57:15Z | 2026-05-12T00:29:08Z | 2026-05-18T13:23:54Z | 2026-05-25T13:08:59Z | 2026-06-01T13:20:32Z | 2026-06-08T13:20:12Z"
"VA","Virginia","1d372525-73e6-4d68-9a7d-4e15e4ef3294","Star Esthetic Dental Studio","-77.2570212","38.80931451","dentist","cosmetic_dentist | general_dentistry","5211 Lyngate Ct","Burke","22015-1634","VA","US","+17034264500","","https://www.stardentalva.com/","https://www.facebook.com/583100845160566","","0.9199122190475464","open","10","meta | Overture | Overture-signals","CDLA-Permissive-2.0","2026-04-27T00:00:00.000Z | 2026-06-11T11:57:15Z | 2026-05-12T00:29:08Z | 2026-05-18T13:23:54Z | 2026-05-25T13:08:59Z | 2026-06-01T13:20:32Z | 2026-06-08T13:20:12Z"
"VA","Virginia","1d3ac89a-9783-4f82-aed6-c2a7aa37f5f0","Holley Cosmetic, Implant, & Family Dentistry","-76.4565884103291","37.0285787461896","dentist","","9916 Warwick Blvd","Newport News","23601","VA","US","(757) 602-0793","newportnews@holleydental.com","http://holleydental.com","","","0.77","","5","Foursquare | Overture","Apache-2.0 | CDLA-Permissive-2.0","2025-08-22T00:00:00.000 | 2026-06-11T11:57:15Z"
"VA","Virginia","1d530f43-d515-4c97-94d4-a79e775d6f9d","Fidel Dental Group","-77.1175206067495","38.8536881749561","dentist","","5500 Columbia Pike Ste B","Arlington","22204","VA","US","(703) 575-9899","","http://www.fideldentalgroup.com","https://www.facebook.com/1610628725911154","","0.9902192950248718","open","4","Foursquare | Overture | Overture-signals","Apache-2.0 | CDLA-Permissive-2.0","2025-03-20T00:00:00.000 | 2026-06-11T11:57:15Z | 2026-05-12T00:29:08Z | 2026-05-18T13:23:54Z | 2026-05-25T13:08:59Z | 2026-06-01T13:20:32Z | 2026-06-08T13:20:12Z"
"VA","Virginia","1d581c42-317f-4106-8e1a-611034e3631f","My Fairfax Dental","-77.33408011","38.86033891","dentist","general_dentistry | health_and_medical","3930 Pender Dr","Fairfax","22030-0985","VA","US","+15719693368","info@myfairfaxdental.com","http://www.myfairfaxdental.com/","https://www.facebook.com/357666520997837","","0.9997533868849278","open","10","meta | Overture | Overture-signals","CDLA-Permissive-2.0","2026-04-27T00:00:00.000Z | 2026-06-11T11:57:15Z | 2026-06-08T13:20:12Z"
"VA","Virginia","1d75d415-8d63-4f6d-9834-06f83c56bc85","Drs Partovi and Kianpour","-77.394067098953","39.025387488226","dentist","","46396 Benedict Drive Suite #230","Sterling","20164","VA","US","(703) 421-8988","","http://pkdentistry.com","","","0.77","","6","Foursquare | Overture","Apache-2.0 | CDLA-Permissive-2.0","2025-10-01T00:00:00.000 | 2026-06-11T11:57:15Z"
"VA","Virginia","1d799734-590f-408a-b66f-2fc9fab1762c","Natalie K. Powell","-79.97737","37.231598","dentist","health_and_medical","4348 Electric Road. Entrance 3, 2nd Floor","Roanoke","24018","VA","US","5407690680","","https://www.carilionclinic.org/providers/natalie-k-powell-dmd?utm_source=local-listing&utm_medium=organic&utm_campaign=website-link","","","0.9199122190475464","open","6","Microsoft | Overture | Overture-signals","CDLA-Permissive-2.0","2025-10-06T07:50:34.770Z | 2026-06-11T11:57:15Z | 2026-05-12T00:29:08Z | 2026-05-18T13:23:54Z | 2026-05-25T13:08:59Z | 2026-06-01T13:20:32Z | 2026-06-08T13:20:12Z"
"VA","Virginia","1dadac28-86b8-4ea3-a438-64dd51b3fc14","Dr. Debora Armellini","-77.23645608","38.86711706","dentist","doctor","3025 Hamaker Ct","Fairfax","22031-2221","VA","US","+17033939393","","","https://www.facebook.com/108056668656248","Dr. Debbie","0.9199122190475464","open","8","meta | Overture | Overture-signals","CDLA-Permissive-2.0","2026-04-27T00:00:00.000Z | 2026-06-11T11:57:15Z | 2026-05-12T00:29:08Z | 2026-05-18T13:23:54Z | 2026-05-25T13:08:59Z | 2026-06-01T13:20:32Z | 2026-06-08T13:20:12Z"
"VA","Virginia","1de8a908-90e6-4bf0-b200-7a0a4cbf095b","Rutherford Family Dental","-78.13517149","39.22212177","dentist","general_dentistry | medical_service_organizations","221 Market St","Winchester","22603-4769","VA","US","+15407738600","info@rutherfordfamdental.com","http://www.rutherfordfamdental.com/","https://www.facebook.com/100166041509087","","0.9199122190475464","open","7","meta | Overture | Overture-signals","CDLA-Permissive-2.0","2026-04-27T00:00:00.000Z | 2026-06-11T11:57:15Z | 2026-05-12T00:29:08Z | 2026-05-18T13:23:54Z | 2026-05-25T13:08:59Z | 2026-06-01T13:20:32Z | 2026-06-08T13:20:12Z"
"VA","Virginia","1deca663-b54c-477c-865e-b75978a16b38","Guy G. Levy, DDS - Levy Dental Group","-76.4655600170707","37.1187396536855","dentist","","3120 Kiln Creek Pkwy Ste L","Yorktown","23693","VA","US","(757) 877-9281","robin@levyhoffman.com","http://www.levyhoffman.com","","","0.77","","5","Foursquare | Overture","Apache-2.0 | CDLA-Permissive-2.0","2025-05-30T00:00:00.000 | 2026-06-11T11:57:15Z"
"VA","Virginia","1e0257e2-e08e-485e-9681-0efc03822f26","Reston Dental Care","-77.32441777","38.94256137","dentist","general_dentistry | health_and_medical","1801 Robert Fulton Dr","Reston","20191-4347","VA","US","+17036890110","frontdesk@restondental.com","https://www.restondental.com/","https://www.facebook.com/265860553511713","","0.99885213971138","","8","meta | Overture","CDLA-Permissive-2.0","2026-04-27T00:00:00.000Z | 2026-06-11T11:57:15Z"
"VA","Virginia","1e050fb5-e4ef-412b-89de-00fca454c724","Great Falls Dentistry","-77.29010447","38.99616745","dentist","general_dentistry","774 Walker Rd","Great Falls","22066-2648","VA","US","+17032151991","info@greatfallsfamilydentistry.com","https://www.greatfallsfamilydentistry.com","https://www.facebook.com/310346059176272","","0.9199122190475464","open","8","meta | Overture | Overture-signals","CDLA-Permissive-2.0","2026-04-27T00:00:00.000Z | 2026-06-11T11:57:15Z | 2026-05-12T00:29:08Z | 2026-05-18T13:23:54Z | 2026-05-25T13:08:59Z | 2026-06-01T13:20:32Z | 2026-06-08T13:20:12Z"
"VA","Virginia","1e0bcec3-55f4-44bf-bbb3-934fbfc3fc73","Smile Please","-77.55045547","39.1091365","dentist","general_dentistry","546 E Market St","Leesburg","20176-4112","VA","US","+15718313941","info@smilepleaseva.com","http://smilepleaseva.com/","https://www.facebook.com/421531634984761","","0.9902192950248718","open","7","meta | Overture | Overture-signals","CDLA-Permissive-2.0","2026-04-27T00:00:00.000Z | 2026-06-11T11:57:15Z | 2026-05-12T00:29:08Z | 2026-05-18T13:23:54Z | 2026-05-25T13:08:59Z | 2026-06-01T13:20:32Z | 2026-06-08T13:20:12Z"
"VA","Virginia","1e1d368e-2c05-4938-9a5a-37f45f3faae6","Ronald Hauptman and Bahar Rowhani","-77.17322815","38.88508636","dentist","general_dentistry | medical_service_organizations","311 Park Ave","Falls Church","22046-3300","VA","US","+17032410666","frontdesk@fccompdent.com","https://www.fallschurchcomprehensivedentistry.com/","https://www.facebook.com/92031524110","","0.9199122190475464","open","8","meta | Overture | Overture-signals","CDLA-Permissive-2.0","2026-04-27T00:00:00.000Z | 2026-06-11T11:57:15Z | 2026-05-12T00:29:08Z | 2026-05-18T13:23:54Z | 2026-05-25T13:08:59Z | 2026-06-01T13:20:32Z | 2026-06-08T13:20:12Z"
"VA","Virginia","1e5280ce-7a58-4c29-aabe-344ac20989a3","Henritze Dental Group","-79.91282811","36.72100363","dentist","general_dentistry | cosmetic_dentist","2200 Daniels Creek Rd","Collinsville","24078-1370","VA","US","+12766475310","","","https://www.facebook.com/300879600673205","Henritze Dental Group","0.9199122190475464","open","7","meta | Overture | Overture-signals","CDLA-Permissive-2.0","2026-04-27T00:00:00.000Z | 2026-06-11T11:57:15Z | 2026-05-12T00:29:08Z | 2026-05-18T13:23:54Z | 2026-05-25T13:08:59Z | 2026-06-01T13:20:32Z | 2026-06-08T13:20:12Z"
"VA","Virginia","1e56ec23-df39-4250-91f4-f1164eea5962","Dr. Thomas Elias","-77.64612852","37.41374541","dentist","medical_service_organizations | health_and_medical","6043 Harbour Park Dr","Midlothian","23112-2160","VA","US","+18042762205","","http://www.eliasdentistry.com/","https://www.facebook.com/115253375215337","","0.9199122190475464","open","8","meta | Overture | Overture-signals","CDLA-Permissive-2.0","2026-04-27T00:00:00.000Z | 2026-06-11T11:57:15Z | 2026-05-12T00:29:08Z | 2026-05-18T13:23:54Z | 2026-05-25T13:08:59Z | 2026-06-01T13:20:32Z | 2026-06-08T13:20:12Z"
"VA","Virginia","1e6804c1-e501-473c-b59f-2ef46ec53784","Sandra K. Wilson-Wilson Dental","-81.0817217885492","36.9495485184241","dentist","","195 E Spring St","Wytheville","24382","VA","US","(276) 228-8571","drwilson@wilsondentalva.com","http://www.wilsondentalpc.com","","","0.77","","5","Foursquare | Overture","Apache-2.0 | CDLA-Permissive-2.0","2025-05-23T00:00:00.000 | 2026-06-11T11:57:15Z"
"VA","Virginia","1ebc4eef-c243-4073-b88b-bad7dd8b346c","Dr. Goodove Oral Surgery & Dental Implants","-76.030413","36.867202","dentist","","1127 First Colonial Rd","Virginia Beach","23454","VA","US","(757) 412-2002","drg@myoralsurgeon.com","http://www.myoralsurgeon.com","","","0.77","","5","Foursquare | Overture","Apache-2.0 | CDLA-Permissive-2.0","2026-04-03T00:00:00.000 | 2026-06-11T11:57:15Z"
"VA","Virginia","1ebf3e85-76d6-43c4-81a2-d424cfe68589","DIVA Dentistry","-77.4818137156732","39.0767632765424","dentist","","19490 Sandridge Way","Leesburg","20176-3465","VA","US","+17034545656","info@divadentistry.com","http://www.divadentistry.com/","https://www.facebook.com/1504940476231363","","0.9229103326797485","","8","meta | Overture","CDLA-Permissive-2.0","2026-04-27T00:00:00.000Z | 2026-06-11T11:57:15Z"
"VA","Virginia","1ecc3b59-e419-4c68-9ea3-545e822a7e03","Innova Prosthodontics & Dental Implant Center","-77.1200856","38.839734","dentist","health_and_medical","5252 Dawes Ave","Alexandria","22311","VA","US","7039338500","","https://innovaprosthodontics.com/","","","0.85","","8","Microsoft | Overture","CDLA-Permissive-2.0","2024-01-05T16:09:50.700Z | 2026-06-11T11:57:15Z"
"VA","Virginia","1ef18d84-e900-41c7-8de9-9cfdb8cf822c","Progressive Dental of Fredericksburg","-77.51517291","38.29928645","dentist","orthodontist | teeth_whitening","1239 Central Park Blvd","Fredericksburg","22401-4912","VA","US","+15407853733","stephanie@progressivedentalva.com","http://www.scottshirkdds.com/","https://www.facebook.com/137637429657892","","0.9199122190475464","open","7","meta | Overture | Overture-signals","CDLA-Permissive-2.0","2026-04-27T00:00:00.000Z | 2026-06-11T11:57:15Z | 2026-05-12T00:29:08Z | 2026-05-18T13:23:54Z | 2026-05-25T13:08:59Z | 2026-06-01T13:20:32Z | 2026-06-08T13:20:12Z"
"VA","Virginia","1efe2cb5-2e26-480c-b8fe-712e1b0ef80c","Ashima Ahuja D.D.S - Smile Daily Dentistry","-77.4747571","38.9086064","dentist","health_and_medical","4229 Lafayette Center Dr Ste 1125","Chantilly","20151","VA","US","7037344440","","http://smiledailydentistry.com/","","","0.9902192950248718","open","6","Microsoft | Overture | Overture-signals","CDLA-Permissive-2.0","2021-11-26T19:20:09.083Z | 2026-06-11T11:57:15Z | 2026-05-12T00:29:08Z | 2026-05-18T13:23:54Z | 2026-05-25T13:08:59Z | 2026-06-01T13:20:32Z | 2026-06-08T13:20:12Z"
"VA","Virginia","1f01ee62-732f-4fcd-ab3b-808e616d295d","Vivek A. Doppalapudi, DDS MS DMSC","-77.3664082263405","38.966743015056","dentist","","102 Elden St Ste 19","Herndon","20170","VA","US","(703) 464-0900","","http://www.mygumhealth.com","https://www.twitter.com/hellodrd","","0.77","","5","Foursquare | Overture","Apache-2.0 | CDLA-Permissive-2.0","2023-01-17T00:00:00.000 | 2026-06-11T11:57:15Z"
"VA","Virginia","1f37e481-663a-4337-ba0d-26e819eacf9b","Burton Dentistry","-77.06326401","38.72260566","dentist","general_dentistry | health_and_medical","1900 Elkin St","Alexandria","22308-2406","VA","US","+17037994300","burtondentistry@outlook.com","http://www.burtondentistry.com/","https://www.facebook.com/166800133374541","","0.9199122190475464","open","8","meta | Overture | Overture-signals","CDLA-Permissive-2.0","2026-04-27T00:00:00.000Z | 2026-06-11T11:57:15Z | 2026-05-12T00:29:08Z | 2026-05-18T13:23:54Z | 2026-05-25T13:08:59Z | 2026-06-01T13:20:32Z | 2026-06-08T13:20:12Z"
"VA","Virginia","1f3ae699-6e65-4388-93ba-eec034c76fba","BARTON AND BUTTERFOSS","-76.3956183241043","37.0477030434364","dentist","","2111 Hartford Rd","Hampton","23666","VA","US","(757) 838-3400","bandbortho@drbutterfoss.com","http://www.bbporthodontics.com","https://www.twitter.com/b_bortho | https://www.facebook.com/161255163894767","","0.77","","5","Foursquare | Overture","Apache-2.0 | CDLA-Permissive-2.0","2025-07-24T00:00:00.000 | 2026-06-11T11:57:15Z"
"VA","Virginia","1f4adc3f-0f92-46f0-aaed-bacb9b0aae9d","Robert C. Hull","-79.42399779","37.79395657","dentist","pediatric_dentist | health_and_medical","650 N Lee Hwy","Lexington","24450-3759","VA","US","+15404633826","drhull@hulldentistry.com","http://www.hulldentistry.com/","https://www.facebook.com/184909998244181","","0.9199122190475464","open","7","meta | Overture | Overture-signals","CDLA-Permissive-2.0","2026-04-27T00:00:00.000Z | 2026-06-11T11:57:15Z | 2026-05-12T00:29:08Z | 2026-05-18T13:23:54Z | 2026-05-25T13:08:59Z | 2026-06-01T13:20:32Z | 2026-06-08T13:20:12Z"
"VA","Virginia","1f608cef-f94a-4b9f-b197-287f8606866b","Konikoff Dental","-76.2442891244223","36.7431413137481","dentist","","684 Battlefield Blvd N, Ste A","Chesapeake","23320","VA","US","(757) 548-0957","battlefield@dkonikoff.com","http://konikoffdental.com","https://www.facebook.com/1393473770959579","","0.77","","5","Foursquare | Overture","Apache-2.0 | CDLA-Permissive-2.0","2024-06-05T00:00:00.000 | 2026-06-11T11:57:15Z"
"VA","Virginia","1f9265aa-5dbe-4bce-82d9-ea659a3b33d9","Brite Smile Dental","-77.49043172","38.76988031","dentist","general_dentistry | cosmetic_dentist","8577 Sudley Rd","Manassas","20110-3810","VA","US","+17033685885","britesmiledentalgroup@gmail.com","http://britesmiledentalgroup.com","https://www.facebook.com/523649117812198","","0.9199122190475464","open","9","meta | Overture | Overture-signals","CDLA-Permissive-2.0","2026-04-27T00:00:00.000Z | 2026-06-11T11:57:15Z | 2026-05-12T00:29:08Z | 2026-05-18T13:23:54Z | 2026-05-25T13:08:59Z | 2026-06-01T13:20:32Z | 2026-06-08T13:20:12Z"
"VA","Virginia","1fc2bd10-a0ba-4f36-8bd3-30ea591b6854","Opulent Dental","-80.41368179","37.14810367","dentist","general_dentistry | cosmetic_dentist","115 Akers Farm Rd","Christiansburg","24073-4865","VA","US","+15403824441","opulentdentalcare@gmail.com","https://dentistchristiansburg.com/","https://www.facebook.com/189477737908124","","0.9990707576274872","open","8","meta | Overture | Overture-signals","CDLA-Permissive-2.0","2026-04-27T00:00:00.000Z | 2026-06-11T11:57:15Z | 2026-05-12T00:29:08Z"
"VA","Virginia","2065a61f-c908-4e4d-900e-fa731f3071db","Spencer Dental & Braces","-76.20634929","36.86070713","dentist","general_dentistry | orthodontist","5900 E Virginia Beach Blvd","Norfolk","23502-2473","VA","US","+17572449734","contactspencer@spencerdentalgroup.com","https://www.spencerdentalgroup.com/","https://www.facebook.com/831341063869524","Spencer Dental & Braces","0.9902192950248718","open","8","meta | Overture | Overture-signals","CDLA-Permissive-2.0","2026-04-27T00:00:00.000Z | 2026-06-11T11:57:15Z | 2026-05-12T00:29:08Z | 2026-05-18T13:23:54Z | 2026-05-25T13:08:59Z | 2026-06-01T13:20:32Z | 2026-06-08T13:20:12Z"
"VA","Virginia","20b30e3d-838d-446a-8ee0-65a4369902df","Libbie Medical Center","-77.50503009","37.58753565","dentist","hospital","5700 Old Richmond Ave","Richmond","23226-1828","VA","US","","","","https://www.facebook.com/155351641224057","","0.9199122190475464","open","8","meta | Overture | Overture-signals","CDLA-Permissive-2.0","2026-04-27T00:00:00.000Z | 2026-06-11T11:57:15Z | 2026-05-12T00:29:08Z | 2026-05-18T13:23:54Z | 2026-05-25T13:08:59Z | 2026-06-01T13:20:32Z | 2026-06-08T13:20:12Z"
"VA","Virginia","20b85f44-74f1-45ca-95a4-b9a0fffec930","Dental Associates","-80.0518837","37.28935907","dentist","","403 Roanoke Blvd","Salem","24153-5007","VA","US","+15403890225","ntstphns@aol.com","http://www.ada.org","https://www.facebook.com/236536409733153","Dental Associates of CT","0.9368388539552689","","11","meta | Overture","CDLA-Permissive-2.0","2026-04-27T00:00:00.000Z | 2026-06-11T11:57:15Z"
"VA","Virginia","20d42d30-8289-4750-b6a0-299f02e49995","Azul Family Dentistry","-78.822218","38.014531","dentist","doctor","9605 Critzers Shop Rd","Afton","22920-2416","VA","US","+15404566571","office@azulfamilydentistry.com","https://www.azulfamilydentistry.com/","https://www.facebook.com/107047315440993","","0.9764584302902222","","1","meta | Overture","CDLA-Permissive-2.0","2026-04-27T00:00:00.000Z | 2026-06-11T11:57:15Z"
"VA","Virginia","20ee2248-2785-45f9-b6bb-91ab5cd4e360","Brighter Smile Family Dentistry & Orthodontics","-77.39439842","39.02525347","dentist","general_dentistry | orthodontist","46400 Benedict Dr","Sterling","20164-6604","VA","US","+17039944044","betterdentist@gmail.com","http://www.sterlingvadentist.com/","https://www.facebook.com/204327959582858","","0.9199122190475464","open","7","meta | Overture | Overture-signals","CDLA-Permissive-2.0","2026-04-27T00:00:00.000Z | 2026-06-11T11:57:15Z | 2026-05-12T00:29:08Z | 2026-05-18T13:23:54Z | 2026-05-25T13:08:59Z | 2026-06-01T13:20:32Z | 2026-06-08T13:20:12Z"
"VA","Virginia","20f75b0d-3837-4adc-96c6-197ad9968e55","William B. Perkinson III, DDS","-77.8283337","37.5231128","dentist","health_and_medical","2625 Anderson Hwy","Powhatan","23139","VA","US","8045983000","","https://vadentist.com/our-doctors/william-b-perkinson-iii-dds/","","","0.9199122190475464","open","6","Microsoft | Overture | Overture-signals","CDLA-Permissive-2.0","2020-02-17T13:45:30.590Z | 2026-06-11T11:57:15Z | 2026-05-12T00:29:08Z | 2026-05-18T13:23:54Z | 2026-05-25T13:08:59Z | 2026-06-01T13:20:32Z | 2026-06-08T13:20:12Z"
"VA","Virginia","211fa228-ba1a-4810-87b9-363891d6550e","Link, Jacobs and Link","-76.4737667","37.04405427","dentist","general_dentistry","11007 Warwick Blvd","Newport News","23601-3290","VA","US","+17575967000","ljldds@linkjacobslink.com","http://www.linkjacobslink.com/","https://www.facebook.com/391269544248951","Link, Jacobs & Link, DDS, PC","0.9199122190475464","open","8","meta | Overture | Overture-signals","CDLA-Permissive-2.0","2026-04-27T00:00:00.000Z | 2026-06-11T11:57:15Z | 2026-05-12T00:29:08Z | 2026-05-18T13:23:54Z | 2026-05-25T13:08:59Z | 2026-06-01T13:20:32Z | 2026-06-08T13:20:12Z"
"VA","Virginia","2122f273-29d1-4e79-8da9-b70c6a4c4a3d","Kessler Fred N DDS","-77.5083751735809","37.5904658106595","dentist","","2006 Bremo Rd, Richmond, VA 23226","Richmond","23226","VA","US","(804) 282-9517","","","https://www.facebook.com/111620635541517","","0.77","","3","Foursquare | Overture","Apache-2.0 | CDLA-Permissive-2.0","2025-10-16T00:00:00.000 | 2026-06-11T11:57:15Z"
"VA","Virginia","2179ca3d-0804-4269-9f28-b8b7addfbcb6","Halifax Regional Dental Clinic","-78.8925968545404","36.7161133567882","dentist","","101 Aubreys Loop","South Boston","24592","VA","US","(434) 517-8361","","https://www.sentara.com/.../sentara-halifax-regional-hospital.aspx","","","0.77","","5","Foursquare | Overture","Apache-2.0 | CDLA-Permissive-2.0","2025-08-19T00:00:00.000 | 2026-06-11T11:57:15Z"
"VA","Virginia","219d256e-e2c7-45f3-b59d-bb707ea88880","Zina Alathari","-77.39725023","39.03034852","dentist","general_dentistry | cosmetic_dentist","21155 Whitfield Pl","Sterling","20165-7277","VA","US","+17034445553","sterlingfamilydental@gmail.com","http://www.yelp.com/biz/zina-alathari-dmd-sterling","https://www.facebook.com/480669855317508","","0.9199122190475464","open","7","meta | Overture | Overture-signals","CDLA-Permissive-2.0","2026-04-27T00:00:00.000Z | 2026-06-11T11:57:15Z | 2026-05-12T00:29:08Z | 2026-05-18T13:23:54Z | 2026-05-25T13:08:59Z | 2026-06-01T13:20:32Z | 2026-06-08T13:20:12Z"
"VA","Virginia","21a47bfe-5737-4aa7-8814-311066c252b5","Dr. Kathleen Mullaney","-77.04152013","38.81166944","dentist","general_dentistry | doctor","700 N Fairfax St","Alexandria","22314-2040","VA","US","+17038359251","info@kathleenmullaneydds.com","https://kathleenmullaneydds.com/","https://www.facebook.com/162950187059070","","0.9724961519241333","","9","meta | Overture","CDLA-Permissive-2.0","2026-04-27T00:00:00.000Z | 2026-06-11T11:57:15Z"
"VA","Virginia","21c2bdfb-30bc-48aa-bb57-b9fdcea83062","Dr. Wesley Creamer","-77.33942225","38.67341713","dentist","cosmetic_dentist | health_and_medical","4315 Ridgewood Center Dr","Woodbridge","22192-5308","VA","US","+17036704994","info@drcreamer.com","http://www.drcreamer.com/","https://www.facebook.com/467021000137969","Wesley S. Creamer, D.M.D., PLC","0.9234709739685059","","2","meta | Overture","CDLA-Permissive-2.0","2026-04-27T00:00:00.000Z | 2026-06-11T11:57:15Z"
"VA","Virginia","21d40a19-dd1b-4cea-9063-0b30d9769843","Mark B. Artzer, D.D.S.","-76.4619581522558","37.0781249772889","dentist","","748 McGuire Pl Ste A","Newport News","23601","VA","US","(757) 595-8405","","http://markartzerdds.com","https://www.facebook.com/399231776768007","","0.77","","5","Foursquare | Overture","Apache-2.0 | CDLA-Permissive-2.0","2025-08-22T00:00:00.000 | 2026-06-11T11:57:15Z"
"VA","Virginia","21fd78a7-ae9e-4f13-8795-bdb158f64a5f","All Smiles Leesburg","-77.56371244","39.11364341","dentist","general_dentistry","21 Loudoun St SE","Leesburg","20175-3012","VA","US","+17037825171","happy@allsmilesleesburg.com","https://allsmilesleesburg.com/","https://www.facebook.com/100391701872975","","0.9902192950248718","open","8","meta | Overture | Overture-signals","CDLA-Permissive-2.0","2026-04-27T00:00:00.000Z | 2026-06-11T11:57:15Z | 2026-05-12T00:29:08Z | 2026-05-18T13:23:54Z | 2026-05-25T13:08:59Z | 2026-06-01T13:20:32Z | 2026-06-08T13:20:12Z"
"VA","Virginia","2242c9d4-6a31-4b26-995b-aa1b9f715592","Swift Creek Dental Center","-77.64655762","37.41393186","dentist","general_dentistry | doctor","6025 Harbour Park Dr","Midlothian","23112-2160","VA","US","+18047397391","","http://www.swiftcreekdental.com/","https://www.facebook.com/498008467020034","Swift Creek Dental Center","0.9985092896223068","","9","meta | Overture","CDLA-Permissive-2.0","2026-04-27T00:00:00.000Z | 2026-06-11T11:57:15Z"
"VA","Virginia","224a7dd8-c980-4af7-9737-f5cfc38bf10b","tend","-77.1110137983424","38.8805051194655","dentist","","4201 Wilson Blvd","Arlington","22203","VA","US","(212) 686-3686","","http://www.hellotend.com","","","0.77","","5","Foursquare | Overture","Apache-2.0 | CDLA-Permissive-2.0","2026-04-10T00:00:00.000 | 2026-06-11T11:57:15Z"
"VA","Virginia","224e72d1-0a66-4e66-afd7-33dcff0410cb","Shawsville Family Dentistry","-80.25770881","37.16816681","dentist","general_dentistry","6910 Roanoke Rd","Shawsville","24162","VA","US","+15402682254","","","https://www.facebook.com/1270038809813626","","0.9199122190475464","open","7","meta | Overture | Overture-signals","CDLA-Permissive-2.0","2026-04-27T00:00:00.000Z | 2026-06-11T11:57:15Z | 2026-05-12T00:29:08Z | 2026-05-18T13:23:54Z | 2026-05-25T13:08:59Z | 2026-06-01T13:20:32Z | 2026-06-08T13:20:12Z"
"VA","Virginia","224f1c8c-9915-4c18-b8ca-43deff125160","Boris J Steinbach","-77.1341579647174","38.8525607298994","dentist","","5881 Leesburg Pike Ste 505","Falls Church","22041","VA","US","(703) 820-6150","","http://www.drsteinbach.com","","","0.77","","3","Foursquare | Overture","Apache-2.0 | CDLA-Permissive-2.0","2025-10-09T00:00:00.000 | 2026-06-11T11:57:15Z"
"VA","Virginia","227009d2-90b3-4311-8e48-72adca9ca333","Michael E Krone & Associates","-78.38996896","37.30119861","dentist","general_dentistry | family_practice","115 N Virginia St","Farmville","23901","VA","US","+14343911211","info@drkrone.com","https://DrKrone.com/","https://www.facebook.com/329350530571857","Michael E Krone, DDS Farmville","0.9800249934196472","","9","meta | Overture","CDLA-Permissive-2.0","2026-04-27T00:00:00.000Z | 2026-06-11T11:57:15Z"
"VA","Virginia","22919ed1-fdf0-4957-8e8c-96c3fa063ae8","Dr. Alan Golden","-77.32638048","38.64986998","dentist","pediatric_dentist | health_and_medical","14397 Hereford Rd","Woodbridge","22193-2107","VA","US","+17036401000","","http://www.alangoldendds.com/","https://www.facebook.com/166810836668660","Alan H. Golden D.D.S. & Associates P.C.","0.8343278169631958","","8","meta | Overture","CDLA-Permissive-2.0","2026-04-27T00:00:00.000Z | 2026-06-11T11:57:15Z"
"VA","Virginia","2297cb24-6307-40c7-be76-ed76451f2187","VSP Dental","-79.4059175069825","36.6134989863325","dentist","","767 Piney Forest Rd","Danville","24540","VA","US","(434) 797-4200","info@vspdental.com","https://www.vspdental.com","https://www.twitter.com/vspdental | https://www.facebook.com/111490565559329","","0.9199122190475464","open","4","Foursquare | Overture | Overture-signals","Apache-2.0 | CDLA-Permissive-2.0","2025-08-22T00:00:00.000 | 2026-06-11T11:57:15Z | 2026-05-12T00:29:08Z | 2026-05-18T13:23:54Z | 2026-05-25T13:08:59Z | 2026-06-01T13:20:32Z | 2026-06-08T13:20:12Z"
"VA","Virginia","22a2f24a-b3d4-4636-a1a3-850672728879","Tysons Elite Dental","-77.23030277","38.91600809","dentist","general_dentistry | cosmetic_dentist","8230 Boone Blvd","Vienna","22182-2621","VA","US","+17037900800","info@tysonselitedental.com","https://www.tysonselitedental.com/","https://www.facebook.com/456749931356262","","0.9997524347901344","open","7","meta | Overture | Overture-signals","CDLA-Permissive-2.0","2026-04-27T00:00:00.000Z | 2026-06-11T11:57:15Z | 2026-05-12T00:29:08Z | 2026-06-08T13:20:12Z"
"VA","Virginia","22ab8462-6739-4a66-8a43-f72b9f774a73","Family Dental Care","-78.01377871","38.46020113","dentist","general_dentistry","1400 Sunset Ln","Culpeper","22701-3300","VA","US","+15408259132","fdcpc@yahoo.com","https://family-dental-care-pc.business.site/","https://www.facebook.com/202270203119824","","0.9961445850133895","","9","meta | Overture","CDLA-Permissive-2.0","2026-04-27T00:00:00.000Z | 2026-06-11T11:57:15Z"
"VA","Virginia","22c7e05d-9b14-4717-9542-a48e115fdf14","Artful Smiles Family Dentistry","-76.1784456794807","36.8344041195576","dentist","","5511 Princess Anne Rd Ste 201","Virginia Beach","23462","VA","US","(757) 227-3401","info@artfulsmilesdentistry.com","http://artfulsmilesdentistry.com","https://www.facebook.com/167142286658159","","0.9199122190475464","open","8","Foursquare | Overture | Overture-signals","Apache-2.0 | CDLA-Permissive-2.0","2024-09-13T00:00:00.000 | 2026-06-11T11:57:15Z | 2026-05-12T00:29:08Z | 2026-05-18T13:23:54Z | 2026-05-25T13:08:59Z | 2026-06-01T13:20:32Z | 2026-06-08T13:20:12Z"
"VA","Virginia","22cd0b3f-af4b-49cb-8692-3c442c2e4881","Advance Dental Care Center","-77.0512071609649","38.8544123665279","dentist","","2550 South Clark Street, Suite 100 A","Arlington","22202","VA","US","(703) 415-0505","","https://www.arlingtondentalcare.com","https://www.facebook.com/284701784965057","","0.77","","5","Foursquare | Overture","Apache-2.0 | CDLA-Permissive-2.0","2025-12-23T00:00:00.000 | 2026-06-11T11:57:15Z"
"VA","Virginia","22e8b016-3ae6-4c34-9c7d-59b3ed3e054c","George Kevorkian DDS","-79.8878614497","37.2789182063","dentist","oral_surgeon | medical_service_organizations","895 Washington Ave","Vinton","24179","VA","US","+15403447252","gkevorkian@georgekevorkiandds.com","http://georgekevorkiandds.com","https://www.facebook.com/141590089229513","","0.9199122190475464","open","7","meta | Overture | Overture-signals","CDLA-Permissive-2.0","2026-04-27T00:00:00.000Z | 2026-06-11T11:57:15Z | 2026-05-12T00:29:08Z | 2026-05-18T13:23:54Z | 2026-05-25T13:08:59Z | 2026-06-01T13:20:32Z | 2026-06-08T13:20:12Z"
"VA","Virginia","231e8099-8cee-4573-8ffd-f35e9dfbe103","Aylor Family Dental (Dr. Scott A. Aylor)","-78.01204611","38.45605955","dentist","general_dentistry | health_and_medical","530 Sunset Ln","Culpeper","22701-3981","VA","US","+15408259288","","","https://www.facebook.com/309411989099889","","0.9199122190475464","open","7","meta | Overture | Overture-signals","CDLA-Permissive-2.0","2026-04-27T00:00:00.000Z | 2026-06-11T11:57:15Z | 2026-05-12T00:29:08Z | 2026-05-18T13:23:54Z | 2026-05-25T13:08:59Z | 2026-06-01T13:20:32Z | 2026-06-08T13:20:12Z"
"VA","Virginia","2325d956-7b22-46a1-a78a-7ad654155dc9","Dental Serenity","-77.30902727","38.57927047","dentist","general_dentistry | health_and_medical","17181 Wayside Dr","Dumfries","22026-2766","VA","US","+15713807885","admin@dentalserenity.com","http://www.dentalserenity.com/","https://www.facebook.com/219310258763","Dental Serenity of Manhattan","0.9998264452517033","","9","meta | Overture","CDLA-Permissive-2.0","2026-04-27T00:00:00.000Z | 2026-06-11T11:57:15Z"
"VA","Virginia","2325dc77-3b15-4f37-a663-125eb610ce04","Splendid Smiles Dental Studio","-77.81109112","38.71726068","dentist","cosmetic_dentist | general_dentistry","571 Frost Ave","Warrenton","20186-3023","VA","US","+15406804880","smile@thesplendidsmiles.com","https://www.thesplendidsmiles.com/","https://www.facebook.com/426365083887442","","0.9199122190475464","open","8","meta | Overture | Overture-signals","CDLA-Permissive-2.0","2026-04-27T00:00:00.000Z | 2026-06-11T11:57:15Z | 2026-05-12T00:29:08Z | 2026-05-18T13:23:54Z | 2026-05-25T13:08:59Z | 2026-06-01T13:20:32Z | 2026-06-08T13:20:12Z"
"VA","Virginia","2360f19a-d047-49e9-92f7-62538557b868","LifeTime Smiles","-77.64057775848","38.8447650225396","dentist","","5391 Merchants View Sq","Haymarket","20169","VA","US","(571) 248-7389","info@mylifetimesmiles.com","https://www.mylifetimesmiles.com","https://www.twitter.com/lifetimesmiles_ | https://www.facebook.com/140169827863","","0.77","","5","Foursquare | Overture","Apache-2.0 | CDLA-Permissive-2.0","2025-05-23T00:00:00.000 | 2026-06-11T11:57:15Z"
"VA","Virginia","23bc0afb-7a26-4d43-a94f-cc220227323e","Dr Solomon & Associates Family Dentistry","-76.2437682961565","36.7483844940592","dentist","","805 Battlefield Blvd N","Chesapeake","23320","VA","US","(757) 547-2171","","http://www.chesapeakedentist.net","","","0.9902192950248718","open","4","Foursquare | Overture | Overture-signals","Apache-2.0 | CDLA-Permissive-2.0","2025-08-05T00:00:00.000 | 2026-06-11T11:57:15Z | 2026-05-12T00:29:08Z | 2026-05-18T13:23:54Z | 2026-05-25T13:08:59Z | 2026-06-01T13:20:32Z | 2026-06-08T13:20:12Z"
"VA","Virginia","240bffa2-bfd3-462a-a669-722a27e638fb","Mazin Alayssami, DMD & Associates","-77.1228081664288","38.8132777018967","dentist","","5249 Duke St Ste 210","Alexandria","22304","VA","US","(703) 823-2413","","http://www.brightnow.com","https://www.twitter.com/brightnowdental | https://www.facebook.com/138918612854547","","0.9199122190475464","open","4","Foursquare | Overture | Overture-signals","Apache-2.0 | CDLA-Permissive-2.0","2023-08-10T00:00:00.000 | 2026-06-11T11:57:15Z | 2026-05-12T00:29:08Z | 2026-05-18T13:23:54Z | 2026-05-25T13:08:59Z | 2026-06-01T13:20:32Z | 2026-06-08T13:20:12Z"
"VA","Virginia","241db32b-7bdc-4b07-9402-63903dde1fb8","Crooked Road Family Dentistry","-79.88676656","36.99899866","dentist","general_dentistry | doctor","40 Tanyard Rd","Rocky Mount","24151-1501","VA","US","+15404835544","jkcornick@crookedroaddental.com","http://www.crookedroaddental.com/","https://www.facebook.com/250434602020564","","0.9199122190475464","open","9","meta | Overture | Overture-signals","CDLA-Permissive-2.0","2026-04-27T00:00:00.000Z | 2026-06-11T11:57:15Z | 2026-05-12T00:29:08Z | 2026-05-18T13:23:54Z | 2026-05-25T13:08:59Z | 2026-06-01T13:20:32Z | 2026-06-08T13:20:12Z"
"VA","Virginia","242f9e27-95b6-45d9-a6d3-b321357efa8f","Jeffrey Booth DDS","-76.39693539","37.0513145","dentist","general_dentistry | doctor","2212 Executive Dr","Hampton","23666-2430","VA","US","+17578270001","dragonsridge1@msn.com","https://jeffreyboothdds.com/","https://www.facebook.com/616803235157235","","0.9902192950248718","open","7","meta | Overture | Overture-signals","CDLA-Permissive-2.0","2026-04-27T00:00:00.000Z | 2026-06-11T11:57:15Z | 2026-05-12T00:29:08Z | 2026-05-18T13:23:54Z | 2026-05-25T13:08:59Z | 2026-06-01T13:20:32Z | 2026-06-08T13:20:12Z"
"VA","Virginia","244d67ec-2af2-44be-87c6-0a8318da4bf4","Midgette Family Dentistry","-76.4268666265495","36.8452709268656","dentist","","3326 Taylor Rd","Chesapeake","23321","VA","US","(757) 483-4700","reptracker@midgettefamilydentistry.net","https://www.midgettefamilydentistry.com","","","0.77","","5","Foursquare | Overture","Apache-2.0 | CDLA-Permissive-2.0","2026-03-02T00:00:00.000 | 2026-06-11T11:57:15Z"
"VA","Virginia","244eaec4-7d9e-4ab4-a39a-3a726d49b63d","Dr. Steven Johnson, DOS","-77.1273342704416","38.8883939225423","dentist","","1635 N George Mason Dr, Arlington, VA 22205","Arlington","22205","VA","US","(703) 522-3363","","http://johnson4smiles.com","","","0.9199122190475464","open","4","Foursquare | Overture | Overture-signals","Apache-2.0 | CDLA-Permissive-2.0","2025-05-05T00:00:00.000 | 2026-06-11T11:57:15Z | 2026-05-12T00:29:08Z | 2026-05-18T13:23:54Z | 2026-05-25T13:08:59Z | 2026-06-01T13:20:32Z | 2026-06-08T13:20:12Z"
"VA","Virginia","2476a4f5-bb0a-413c-87a8-277ad871fad4","Best Smiles South Richmond","-77.57888822","37.44256039","dentist","health_and_medical","9945 Hull St Rd N","Richmond","23236","VA","US","8043350599","","https://bestsmilesdentist.com/south-side-va/","","","0.85","","7","Microsoft | Overture","CDLA-Permissive-2.0","2024-02-29T02:27:16.980Z | 2026-06-11T11:57:15Z"
"VA","Virginia","247efcab-0b91-4219-9981-f7531c2c3c49","Beecroft Orthodontics","-77.2240009097649","38.27916139232","dentist","","9449 Grover Dr","King George","22485","VA","US","(540) 775-2022","office@beecroftortho.com","http://www.beecroftortho.com","","","0.9199122190475464","open","4","Foursquare | Overture | Overture-signals","Apache-2.0 | CDLA-Permissive-2.0","2025-08-19T00:00:00.000 | 2026-06-11T11:57:15Z | 2026-05-12T00:29:08Z | 2026-05-18T13:23:54Z | 2026-05-25T13:08:59Z | 2026-06-01T13:20:32Z | 2026-06-08T13:20:12Z"
"VA","Virginia","24a88cab-3a30-4f90-9efa-5206e05629d6","Dr. Ismail Jolaoso","-78.10521589","36.7082508","dentist","general_dentistry","1165 E Atlantic St","South Hill","23970-9547","VA","US","+14344472492","","","https://www.facebook.com/1870097866406952","","0.9199122190475464","open","7","meta | Overture | Overture-signals","CDLA-Permissive-2.0","2026-04-27T00:00:00.000Z | 2026-06-11T11:57:15Z | 2026-05-12T00:29:08Z | 2026-05-18T13:23:54Z | 2026-05-25T13:08:59Z | 2026-06-01T13:20:32Z | 2026-06-08T13:20:12Z"
"VA","Virginia","24baf215-4f9e-4ad3-a0f0-9f9382d99c52","Aspen Dental","-76.527216","37.394264","dentist","health_and_medical","7115 George Washington Memorial Hwy","Gloucester","23061","VA","US","8047921640","","https://www.aspendental.com/pricing-offers/offers","","","0.9902192950248718","open","6","Microsoft | Overture | Overture-signals","CDLA-Permissive-2.0","2025-10-04T12:54:32.287Z | 2026-06-11T11:57:15Z | 2026-05-12T00:29:08Z | 2026-05-18T13:23:54Z | 2026-05-25T13:08:59Z | 2026-06-01T13:20:32Z | 2026-06-08T13:20:12Z"
"VA","Virginia","24bd4f96-5832-4659-ab02-8c4c5254cea3","Westover Family Dentistry","-78.1797396987158","39.1895275986568","dentist","","1002 Amherst Street Building B","Winchester","22601","VA","US","(540) 404-1736","pattyfstern@gmail.com","https://westoverfamilydentistry.com","https://www.facebook.com/127574007309779","","0.77","","5","Foursquare | Overture","Apache-2.0 | CDLA-Permissive-2.0","2025-03-10T00:00:00.000 | 2026-06-11T11:57:15Z"
"VA","Virginia","24cbf226-fcaf-4158-8c12-f5e80fb13beb","Leesburg Family Smiles","-77.52200384","39.08714731","dentist","cosmetic_dentist | health_and_medical","1614 Village Market Blvd, Suite 100","Leesburg","20175","VA","US","+17037778777","info@leesburgfamilysmiles.com","http://www.leesburgfamilysmiles.com/","https://www.facebook.com/113079815387504","","0.9902192950248718","open","9","meta | Overture | Overture-signals","CDLA-Permissive-2.0","2026-04-27T00:00:00.000Z | 2026-06-11T11:57:15Z | 2026-05-12T00:29:08Z | 2026-05-18T13:23:54Z | 2026-05-25T13:08:59Z | 2026-06-01T13:20:32Z | 2026-06-08T13:20:12Z"
"VA","Virginia","24d1a897-af87-40ff-9106-cd295cef3380","Riverside Dental Family and Cosmetic Dentistry","-77.48177222","39.0767341","dentist","general_dentistry | cosmetic_dentist","19490 Sandridge Way","Leesburg","20176-3465","VA","US","+17034201957","info@riversidefamilydental.com","http://www.riversidefamilydental.com/","https://www.facebook.com/977806105662086","Riverside Family Dental","0.9996150534749031","","8","meta | Overture","CDLA-Permissive-2.0","2026-04-27T00:00:00.000Z | 2026-06-11T11:57:15Z"
"VA","Virginia","24f3d74f-486a-4c46-aedd-7c31480a39c3","Progressive Dental Care","-77.23125374","38.864904","dentist","","8301 Arlington Blvd","Fairfax","22031-2900","VA","US","+15712824226","info@pdcfairfax.com","https://www.pdcfairfax.com/","https://www.facebook.com/557283584136001","","0.9052194774150848","","8","meta | Overture","CDLA-Permissive-2.0","2026-04-27T00:00:00.000Z | 2026-06-11T11:57:15Z"
"VA","Virginia","25039733-a52f-4afa-9714-ca343ea2ee5d","Carino Family Dentistry","-77.64580102","38.78590338","dentist","cosmetic_dentist | health_and_medical","7915 Lake Manassas Dr","Gainesville","20155-3258","VA","US","+17037546622","dds@smilesbycarino.com","http://www.smilesbycarino.com","https://www.facebook.com/168360083176072","Carino Family Dentistry","0.9199122190475464","open","9","meta | Overture | Overture-signals","CDLA-Permissive-2.0","2026-04-27T00:00:00.000Z | 2026-06-11T11:57:15Z | 2026-05-12T00:29:08Z | 2026-05-18T13:23:54Z | 2026-05-25T13:08:59Z | 2026-06-01T13:20:32Z | 2026-06-08T13:20:12Z"
"VA","Virginia","25097c7c-8070-4b36-8fc4-08bce56fd446","Richard L Sherwood","-79.4011147392548","36.5813266826266","dentist","","990 Main St Ste 304","Danville","24541","VA","US","(434) 792-4046","","http://www.aaoms.org","https://www.facebook.com/163097617053288","","0.9199122190475464","open","4","Foursquare | Overture | Overture-signals","Apache-2.0 | CDLA-Permissive-2.0","2025-08-22T00:00:00.000 | 2026-06-11T11:57:15Z | 2026-05-12T00:29:08Z | 2026-05-18T13:23:54Z | 2026-05-25T13:08:59Z | 2026-06-01T13:20:32Z | 2026-06-08T13:20:12Z"
"VA","Virginia","2543bb23-64e1-49d1-a7fb-98cfca10bf5c","Adkins Charles DDS","-78.3990134","37.304291","dentist","general_dentistry","707 W 3rd St","Farmville","23901-1103","VA","US","+14343911299","","","https://www.facebook.com/122214881168603","","0.9199122190475464","open","2","meta | Overture | Overture-signals","CDLA-Permissive-2.0","2026-04-27T00:00:00.000Z | 2026-06-11T11:57:15Z | 2026-05-25T13:08:59Z | 2026-06-01T13:20:32Z | 2026-06-08T13:20:12Z"
"VA","Virginia","2563d4ef-5b2c-4e79-9aa5-ef609b59dec6","Dr. Townsend Brown Jr. DDS","-76.1732099226059","36.7997302108706","dentist","","1300 Kempsville Rd #5","Virginia Beach","23464","VA","US","(757) 467-7797","info@beachkidsteeth.com","http://vbkidsdds.com","","","0.9199122190475464","open","4","Foursquare | Overture | Overture-signals","Apache-2.0 | CDLA-Permissive-2.0","2025-08-22T00:00:00.000 | 2026-06-11T11:57:15Z | 2026-05-12T00:29:08Z | 2026-05-18T13:23:54Z | 2026-05-25T13:08:59Z | 2026-06-01T13:20:32Z | 2026-06-08T13:20:12Z"
"VA","Virginia","25832d5e-2e27-46af-8dc7-050f14069ab7","Dickson Dental","-77.0660186266936","38.7892176988842","dentist","","5952 Richmond Hwy","Alexandria","22303","VA","US","(571) 481-4410","","http://www.dicksondentalstudio.com","","","0.9199122190475464","open","4","Foursquare | Overture | Overture-signals","Apache-2.0 | CDLA-Permissive-2.0","2025-08-22T00:00:00.000 | 2026-06-11T11:57:15Z | 2026-05-12T00:29:08Z | 2026-05-18T13:23:54Z | 2026-05-25T13:08:59Z | 2026-06-01T13:20:32Z | 2026-06-08T13:20:12Z"
"VA","Virginia","258b13db-2835-4aeb-83e2-ecd3bb032ed7","Ladysmith Dental Center","-77.51371433","38.01636366","dentist","cosmetic_dentist | general_dentistry","18121 US Route 1","Ruther Glen","22546-2921","VA","US","+18045891491","ladysmithdentalcenter@gmail.com","https://ladysmithdentalcenter.com/wordpress/","https://www.facebook.com/346354188860876","","0.9930393099784851","","3","meta | Overture","CDLA-Permissive-2.0","2026-04-27T00:00:00.000Z | 2026-06-11T11:57:15Z"
"VA","Virginia","25929f38-9849-4f36-ac8b-1e94f6c37f2e","Dr. Avent & Dr. Huie Pediatric Dentists","-76.514103","37.143072","dentist","","12725 McManus Blvd","Newport News","23602","VA","US","(757) 874-0660","","https://www.oceansofsmiles.org","","","0.9199122190475464","open","4","Foursquare | Overture | Overture-signals","Apache-2.0 | CDLA-Permissive-2.0","2025-08-22T00:00:00.000 | 2026-06-11T11:57:15Z | 2026-05-12T00:29:08Z | 2026-05-18T13:23:54Z | 2026-05-25T13:08:59Z | 2026-06-01T13:20:32Z | 2026-06-08T13:20:12Z"
"VA","Virginia","25c0856c-8225-4587-8e9d-1fbdf93fa4b4","William V. Dougherty III","-77.17207465","38.88480713","dentist","general_dentistry | cosmetic_dentist","200 Little Falls St","Falls Church","22046-3393","VA","US","+17035323300","info@doughertydds.com","https://fallschurchdentist.com/","https://www.facebook.com/134376472887","","0.991283044219017","","9","meta | Overture","CDLA-Permissive-2.0","2026-04-27T00:00:00.000Z | 2026-06-11T11:57:15Z"
"VA","Virginia","25ccfd8a-d0a4-4b3d-bfed-2fe97236536b","Broadlands Complete Dental","-77.50822493","39.00863875","dentist","general_dentistry | health_and_medical","43170 Southern Walk Plz","Ashburn","20148-4464","VA","US","+15716518386","","https://broadlandscompletedental.com/","https://www.facebook.com/174757872716042","Dental Health Society online","0.9902192950248718","open","8","meta | Overture | Overture-signals","CDLA-Permissive-2.0","2026-04-27T00:00:00.000Z | 2026-06-11T11:57:15Z | 2026-05-12T00:29:08Z | 2026-05-18T13:23:54Z | 2026-05-25T13:08:59Z | 2026-06-01T13:20:32Z | 2026-06-08T13:20:12Z"
"VA","Virginia","260972b2-599e-4657-9aba-8e43d72caf76","Daniel J Mulligan DDS","-77.56967603","37.49685055","dentist","medical_service_organizations | health_and_medical","9217 Midlothian Tpke","Richmond","23235-4946","VA","US","+18043201153","info@danmulligandds.com","http://dmulligandds.com/","https://www.facebook.com/1731485950449352","Daniel J Mulligan DDS","0.9199122190475464","open","8","meta | Overture | Overture-signals","CDLA-Permissive-2.0","2026-04-27T00:00:00.000Z | 2026-06-11T11:57:15Z | 2026-05-12T00:29:08Z | 2026-05-18T13:23:54Z | 2026-05-25T13:08:59Z | 2026-06-01T13:20:32Z | 2026-06-08T13:20:12Z"
"VA","Virginia","26138b9f-0a96-409b-8873-469c1f2abd84","Springfield Smiles Family Dental","-77.19056598","38.78092693","dentist","general_dentistry | cosmetic_dentist","7227 Commerce St","Springfield","22150-3411","VA","US","+17039927778","springfieldsmilesdentist@gmail.com","http://springfieldsmilesdentist.com/","https://www.facebook.com/392722937745954","","0.9199122190475464","open","7","meta | Overture | Overture-signals","CDLA-Permissive-2.0","2026-04-27T00:00:00.000Z | 2026-06-11T11:57:15Z | 2026-05-12T00:29:08Z | 2026-05-18T13:23:54Z | 2026-05-25T13:08:59Z | 2026-06-01T13:20:32Z | 2026-06-08T13:20:12Z"
"VA","Virginia","262c0ad2-9995-45d2-8207-98c53c2200ec","Beecroft Orthodontics","-77.5276246460649","38.245796661204","dentist","","10472 Georgetown Drive","Fredericksburg","22553","VA","US","(540) 898-2200","office@beecroftortho.com","http://www.beecroftortho.com","https://www.twitter.com/beecroftortho | https://www.facebook.com/426534504026530","","0.77","","5","Foursquare | Overture","Apache-2.0 | CDLA-Permissive-2.0","2025-08-22T00:00:00.000 | 2026-06-11T11:57:15Z"
"VA","Virginia","26370ac1-9bcf-4deb-af1a-d055102824db","Royal Dental","-77.53387762","38.73937808","dentist","general_dentistry","9940 Sowder Village Sq","Manassas","20109-5464","VA","US","+17033612345","info@royaldentalva.com","https://royaldentalva.com/","https://www.facebook.com/510380112505920","","0.9998339859247207","","9","meta | Overture","CDLA-Permissive-2.0","2026-04-27T00:00:00.000Z | 2026-06-11T11:57:15Z"
"VA","Virginia","2688fc75-d884-421d-a10f-447cf25d9508","Nabeel M Rahman DDS Chesapeake Dentist","-76.2432","36.74017","dentist","cosmetic_dentist | health_and_medical","109 Gainsborough Sq","Chesapeake","23320-1715","VA","US","+17575472323","","http://www.chesapeakedentist.com/index.htm","https://www.facebook.com/635677983152058","Nabeel M Rahman DDS Chesapeake Dentist","0.659984827041626","","9","meta | Overture","CDLA-Permissive-2.0","2026-04-27T00:00:00.000Z | 2026-06-11T11:57:15Z"
"VA","Virginia","269fc72a-409e-44b4-918a-20916b43b641","Jones David C DDS PC - Orthodontist","-79.867046111244","36.6876571123413","dentist","","25 Cleveland Ave","Martinsville","24112","VA","US","(276) 638-8888","djortho8@gmail.com","http://www.davidjonesorthodontics.com","https://www.facebook.com/161229547240307","","0.9199122190475464","open","4","Foursquare | Overture | Overture-signals","Apache-2.0 | CDLA-Permissive-2.0","2025-08-22T00:00:00.000 | 2026-06-11T11:57:15Z | 2026-05-12T00:29:08Z | 2026-05-18T13:23:54Z | 2026-05-25T13:08:59Z | 2026-06-01T13:20:32Z | 2026-06-08T13:20:12Z"
"VA","Virginia","26ef4e06-adbf-45fc-902c-fd7a30e6ca85","Heavenly Smiles Dentistry","-77.4105944","37.24968214","dentist","general_dentistry | cosmetic_dentist","1021 Boulevard","Colonial Heights","23834-3258","VA","US","+18048921330","hsdentistry2017@gmail.com","http://www.heavenlysmilesdentistry.com/","https://www.facebook.com/1659267174321689","","0.9199122190475464","open","8","meta | Overture | Overture-signals","CDLA-Permissive-2.0","2026-04-27T00:00:00.000Z | 2026-06-11T11:57:15Z | 2026-05-12T00:29:08Z | 2026-05-18T13:23:54Z | 2026-05-25T13:08:59Z | 2026-06-01T13:20:32Z | 2026-06-08T13:20:12Z"
"VA","Virginia","27113865-0319-478e-8368-bf7b81214b90","Dr. Loretta P. Graham, DDS","-76.55257574","37.14966554","dentist","general_dentistry | doctor","15410 Warwick Blvd","Newport News","23608-1576","VA","US","+17578869169","","","https://www.facebook.com/282900375247635","","0.9199122190475464","open","7","meta | Overture | Overture-signals","CDLA-Permissive-2.0","2026-04-27T00:00:00.000Z | 2026-06-11T11:57:15Z | 2026-05-12T00:29:08Z | 2026-05-18T13:23:54Z | 2026-05-25T13:08:59Z | 2026-06-01T13:20:32Z | 2026-06-08T13:20:12Z"
"VA","Virginia","2727c381-d614-48cb-84b3-8933dd8f61d7","Mywarrentondentist","-77.79729","38.71382","dentist","","24 John Marshall St","Warrenton","20186-3214","VA","US","+15403475000","myworrentondentist@gmail.com","http://britesmiledentalgroup.com/","https://www.facebook.com/2431536706863558","","0.5972343683242798","","7","meta | Overture","CDLA-Permissive-2.0","2026-04-27T00:00:00.000Z | 2026-06-11T11:57:15Z"
"VA","Virginia","27561d26-bca6-4e30-ad0d-de3b3ddb6d89","Dental Care At Oyster Point","-76.47721815","37.08166959","dentist","general_dentistry | health_and_medical","635 Pilot House Dr","Newport News","23606-1980","VA","US","+17579193438","dcoysterpoint@heartlanddentalcare.com","https://dentalcareoysterpoint.com/","https://www.facebook.com/180456602024457","Dental Health Society online","0.9902192950248718","open","7","meta | Overture | Overture-signals","CDLA-Permissive-2.0","2026-04-27T00:00:00.000Z | 2026-06-11T11:57:15Z | 2026-05-12T00:29:08Z | 2026-05-18T13:23:54Z | 2026-05-25T13:08:59Z | 2026-06-01T13:20:32Z | 2026-06-08T13:20:12Z"
"VA","Virginia","2769e0a7-ef63-4be9-ba40-100bdc9fcf6e","Stephen C. St. Louis","-77.36406383","38.86724537","dentist","general_dentistry","4001 Legato Rd","Fairfax","22033-4098","VA","US","+17033857177","drstlouis@gmail.com","http://www.drstlouis.com/","https://www.facebook.com/307324949307184","Dr. Stephen C. St. Louis Implant, Cosmetic, and Orthodontic Denistry","0.9810923486948013","","9","meta | Overture","CDLA-Permissive-2.0","2026-04-27T00:00:00.000Z | 2026-06-11T11:57:15Z"
"VA","Virginia","27b8eb2b-9803-4f53-9805-89bfab509e87","NOVA Dental Arts- Stafford","-77.369175","38.516478","dentist","health_and_medical | doctor","400 Corporate Dr","Stafford","22554-4898","VA","US","+17032915738","novastafford2016@gmail.com","http://novadentalarts.com/","https://www.facebook.com/1684460435177764","","0.8498830199241638","","8","meta | Overture","CDLA-Permissive-2.0","2026-04-27T00:00:00.000Z | 2026-06-11T11:57:15Z"
"VA","Virginia","27f1239a-feda-40b2-8fa2-d42c4f3b9b4b","John D. Kling II DDS","-77.04148","38.81182","dentist","endodontist | cosmetic_dentist","700 N Fairfax St","Alexandria","22314-2040","VA","US","+17032998444","officeva@mstreetdental.com","http://drjohnkling.com/","https://www.facebook.com/110713162324352","","0.9284539222717285","","9","meta | Overture","CDLA-Permissive-2.0","2026-04-27T00:00:00.000Z | 2026-06-11T11:57:15Z"
"VA","Virginia","27f1d538-47d8-45a4-aa8c-67b728da458c","John J. Andre, DDS, PC & Associates","-78.2165588644025","37.9690688738404","dentist","","208B Elm Ave","Louisa","23093","VA","US","(540) 223-4246","","https://www.andredental.com","","","0.77","","5","Foursquare | Overture","Apache-2.0 | CDLA-Permissive-2.0","2026-01-05T00:00:00.000 | 2026-06-11T11:57:15Z"
"VA","Virginia","28316462-7797-4b5d-bdd7-66913e8c94c2","VA Smiles","-77.506257","38.354352","dentist","orthodontist | periodontist","20 Plantation Dr","Fredericksburg","22406-6493","VA","US","+15403682273","","https://www.vasmiles.com/north-fredericksburg-office","https://www.facebook.com/122245208555435","VA Smiles","0.9724332690238953","","9","meta | Overture","CDLA-Permissive-2.0","2026-04-27T00:00:00.000Z | 2026-06-11T11:57:15Z"
"VA","Virginia","285eaf74-369d-4b31-911e-8fd4a6db4ee4","Family First Dental and Implant Center - Dr. Ronald Buro","-77.5360627359633","39.1106763411376","dentist","","230 Fort Evans Rd NE","Leesburg","20176","VA","US","(703) 297-4353","","http://www.leesburgsmiles.com","https://www.twitter.com/dentistleesburg | https://www.facebook.com/327096150776","","0.9199122190475464","open","4","Foursquare | Overture | Overture-signals","Apache-2.0 | CDLA-Permissive-2.0","2024-05-07T00:00:00.000 | 2026-06-11T11:57:15Z | 2026-05-12T00:29:08Z | 2026-05-18T13:23:54Z | 2026-05-25T13:08:59Z | 2026-06-01T13:20:32Z | 2026-06-08T13:20:12Z"
"VA","Virginia","286cd1f5-d79a-4866-bc4e-e100f2d6e250","Jeffrey A. Neal, DDS/Who Does Your Teeth?","-77.606521863912","37.6231644742014","dentist","","2215 Pump Rd","Richmond","23233","VA","US","(804) 447-1435","","http://whodoesyourteeth.com","https://www.twitter.com/DrJeffreyNeal | https://www.facebook.com/236858606376601","","0.77","","5","Foursquare | Overture","Apache-2.0 | CDLA-Permissive-2.0","2022-01-10T00:00:00.000 | 2026-06-11T11:57:15Z"
"VA","Virginia","28957c60-fd40-4b03-a436-46a86297a817","Ur Smile Dental","-77.36640087","38.96675016","dentist","general_dentistry | cosmetic_dentist","102 Elden St","Herndon","20170-4827","VA","US","+15718776453","ursmiledental@outlook.com","http://www.ursmiledental.com/","https://www.facebook.com/104175655278675","","0.9199122190475464","open","8","meta | Overture | Overture-signals","CDLA-Permissive-2.0","2026-04-27T00:00:00.000Z | 2026-06-11T11:57:15Z | 2026-05-12T00:29:08Z | 2026-05-18T13:23:54Z | 2026-05-25T13:08:59Z | 2026-06-01T13:20:32Z | 2026-06-08T13:20:12Z"
"VA","Virginia","2896a7a5-d39f-4984-89d1-03eb9f8c0901","Metropolitan Dental Centre","-77.31225693","38.82484997","dentist","general_dentistry | medical_center","10509 Braddock Rd","Fairfax","22032-2239","VA","US","+17035035031","admin@metropolitandentalcentre.com","https://www.metropolitandentalcentre.com/","https://www.facebook.com/272922837570","","0.9902192950248718","open","8","meta | Overture | Overture-signals","CDLA-Permissive-2.0","2026-04-27T00:00:00.000Z | 2026-06-11T11:57:15Z | 2026-05-12T00:29:08Z | 2026-05-18T13:23:54Z | 2026-05-25T13:08:59Z | 2026-06-01T13:20:32Z | 2026-06-08T13:20:12Z"
"VA","Virginia","28e19585-5a3e-4b6a-8b94-226000253905","Smiles on Haymarket","-77.64018004","38.81387128","dentist","general_dentistry | cosmetic_dentist","4426 Costello Way","Haymarket","20169-2996","VA","US","+17037538129","smhaymarket@gmail.com","http://www.smilesonhaymarket.net/","https://www.facebook.com/485714211567301","Smiles on Haymarket","0.9996021251380444","","8","meta | Overture","CDLA-Permissive-2.0","2026-04-27T00:00:00.000Z | 2026-06-11T11:57:15Z"
"VA","Virginia","28f4a5cf-14eb-4748-8d7a-3031d2016c44","Hendricks Family Dentistry","-76.08850446","36.85754605","dentist","general_dentistry","737 Little Neck Rd","Virginia Beach","23452-5813","VA","US","+17574864469","info@hendricksfamilydentistryvb.com","http://www.hendricksfamilydentistryvb.com/","https://www.facebook.com/1474180836165897","","0.9902192950248718","open","8","meta | Overture | Overture-signals","CDLA-Permissive-2.0","2026-04-27T00:00:00.000Z | 2026-06-11T11:57:15Z | 2026-05-12T00:29:08Z | 2026-05-18T13:23:54Z | 2026-05-25T13:08:59Z | 2026-06-01T13:20:32Z | 2026-06-08T13:20:12Z"
"VA","Virginia","28fb45a0-dfb5-40ae-84a2-15b23ca97251","Esthetic Dentistry of Fairfax","-77.3078285157681","38.8441228975386","dentist","","4103 Chain Bridge Rd","Fairfax","22030","VA","US","(703) 218-8142","","https://fairfaxcitysmiles.com","","","0.77","","5","Foursquare | Overture","Apache-2.0 | CDLA-Permissive-2.0","2025-06-06T00:00:00.000 | 2026-06-11T11:57:15Z"
"VA","Virginia","29028b96-183e-45bb-ba78-f4339dbb5b44","Sterling Dental Clinic","-77.40888705","38.99805655","dentist","general_dentistry | medical_service_organizations","22350 S Sterling Blvd","Sterling","20164-4243","VA","US","+17034331151","","http://www.cmdweb.com","https://www.facebook.com/161700903851623","Mt. Sterling Dental Center","0.9199122190475464","open","9","meta | Overture | Overture-signals","CDLA-Permissive-2.0","2026-04-27T00:00:00.000Z | 2026-06-11T11:57:15Z | 2026-05-12T00:29:08Z | 2026-05-18T13:23:54Z | 2026-05-25T13:08:59Z | 2026-06-01T13:20:32Z | 2026-06-08T13:20:12Z"
"VA","Virginia","29201502-5f07-44f9-b58b-d87801ea1430","Peluso Anthony R DDS","-76.222017","36.746826","dentist","health_and_medical | orthodontist","711 Greenbrier Pkwy","Chesapeake","23320-3689","VA","US","+17575477002","","https://www.easternvirginiaorthodontics.com","https://www.facebook.com/333927833292671","","0.7342492341995239","","1","meta | Overture","CDLA-Permissive-2.0","2026-04-27T00:00:00.000Z | 2026-06-11T11:57:15Z"
"VA","Virginia","292b55b0-35be-49ca-a015-f63428b142aa","Hitech Dental Inc","-77.45210838","38.74550287","dentist","general_dentistry | health_and_medical","9806 Liberia Ave","Manassas","20110-5836","VA","US","+17033663300","","https://www.hitechdentalonline.com","https://www.facebook.com/199715946734879","Hihtech Dental","0.9199122190475464","open","8","meta | Overture | Overture-signals","CDLA-Permissive-2.0","2026-04-27T00:00:00.000Z | 2026-06-11T11:57:15Z | 2026-05-12T00:29:08Z | 2026-05-18T13:23:54Z | 2026-05-25T13:08:59Z | 2026-06-01T13:20:32Z | 2026-06-08T13:20:12Z"
"VA","Virginia","29337473-4015-4ad0-8573-4e612d631873","Motto Clear Aligners","-77.65005529","37.4115543","dentist","health_and_medical","13516 Hull Street Rd","Midlothian","23112","VA","US","8042934000","","https://www.aspendental.com/dentist/va/midlothian/13516-hull-street-rd/motto-clear-aligners/","","","0.9199122190475464","open","7","Microsoft | Overture | Overture-signals","CDLA-Permissive-2.0","2025-10-05T06:02:04.803Z | 2026-06-11T11:57:15Z | 2026-05-12T00:29:08Z | 2026-05-18T13:23:54Z | 2026-05-25T13:08:59Z | 2026-06-01T13:20:32Z | 2026-06-08T13:20:12Z"
"VA","Virginia","297038d5-4d92-43e9-9229-2ddb2886e90c","Berman & Lee Orthodontics","-77.1733250095922","38.8849895140084","dentist","","311 Park Ave","Falls Church","22046","VA","US","(571) 341-5318","scottberman@msn.com","http://fallschurchorthodontists.com","","","0.77","","3","Foursquare | Overture","Apache-2.0 | CDLA-Permissive-2.0","2026-01-14T00:00:00.000 | 2026-06-11T11:57:15Z"
"VA","Virginia","29811762-ce3e-4ec0-9823-3f3ae957414f","Metompkin Elementary Dental","-75.64544524","37.77994294","dentist","general_dentistry","24501 Parksley Rd","Parksley","23421-2519","VA","US","+17576651159","","","https://www.facebook.com/145030858876309","","0.7309982180595398","","5","meta | Overture","CDLA-Permissive-2.0","2026-04-27T00:00:00.000Z | 2026-06-11T11:57:15Z"
"VA","Virginia","2999af76-325a-4134-974f-c3eba297effc","Herndon Dental Center","-77.381869","38.968769","dentist","orthodontist | periodontist","625 Elden St","Herndon","20170-4714","VA","US","+17039554222","farah_dental@yahoo.com","http://www.herndondentalcenter.com/","https://www.facebook.com/151441711546234","Herndon Dental Center","0.9873722672462464","open","9","meta | Overture | Overture-signals","CDLA-Permissive-2.0","2026-04-27T00:00:00.000Z | 2026-06-11T11:57:15Z | 2026-06-08T13:20:12Z"
"VA","Virginia","29a1775d-1f8f-4472-a0d8-0e7e0db4d142","LifeTime Smiles","-77.64116554","38.81576666","dentist","cosmetic_dentist | general_dentistry","15234 Washington St","Haymarket","20169-2952","VA","US","+15712487389","mylifetimesmiles@gmail.com","https://www.mylifetimesmiles.com/","https://www.facebook.com/142082383064577","","0.9902192950248718","open","4","meta | Overture | Overture-signals","CDLA-Permissive-2.0","2026-04-27T00:00:00.000Z | 2026-06-11T11:57:15Z | 2026-05-12T00:29:08Z | 2026-05-18T13:23:54Z | 2026-05-25T13:08:59Z | 2026-06-01T13:20:32Z | 2026-06-08T13:20:12Z"
"VA","Virginia","2a10d3e7-e229-4a26-926c-81b2a7892e3c","Irby Dentistry","-79.96701727","37.23868482","dentist","general_dentistry","3501 Franklin Rd SW","Roanoke","24014-2201","VA","US","+15403426800","smiles@myroanokedentist.com","https://www.myroanokedentist.com","https://www.facebook.com/159041494127831","","0.9902192950248718","open","9","meta | Overture | Overture-signals","CDLA-Permissive-2.0","2026-04-27T00:00:00.000Z | 2026-06-11T11:57:15Z | 2026-05-12T00:29:08Z | 2026-05-18T13:23:54Z | 2026-05-25T13:08:59Z | 2026-06-01T13:20:32Z | 2026-06-08T13:20:12Z"
"VA","Virginia","2a28613f-f66e-476c-a45b-c7eb28d472a1","Family Dentistry of Short Pump","-77.59519143","37.68820312","dentist","general_dentistry | medical_service_organizations","11549 Nuckols Rd","Glen Allen","23059-5664","VA","US","+18045895240","","https://familydentistryofshortpump.com/","https://www.facebook.com/1449397458677315","Dental Health Society online","0.9199122190475464","open","8","meta | Overture | Overture-signals","CDLA-Permissive-2.0","2026-04-27T00:00:00.000Z | 2026-06-11T11:57:15Z | 2026-05-12T00:29:08Z | 2026-05-18T13:23:54Z | 2026-05-25T13:08:59Z | 2026-06-01T13:20:32Z | 2026-06-08T13:20:12Z"
"VA","Virginia","2a37943b-1228-484c-abf5-178a1aa1e68f","Abingdon Smiles","-81.97171871","36.71568002","dentist","general_dentistry | health_and_medical","321 N Court St","Abingdon","24210-2921","VA","US","+12764512450","info@abingdonsmiles.com","https://abingdonsmiles.com/","https://www.facebook.com/1375879532635291","Abingdon Smiles","0.9199122190475464","open","9","meta | Overture | Overture-signals","CDLA-Permissive-2.0","2026-04-27T00:00:00.000Z | 2026-06-11T11:57:15Z | 2026-05-12T00:29:08Z | 2026-05-18T13:23:54Z | 2026-05-25T13:08:59Z | 2026-06-01T13:20:32Z | 2026-06-08T13:20:12Z"
"VA","Virginia","2a4185da-3259-44ff-aac6-383c96fe5090","Arlington Dental Team","-77.07716924","38.89402012","dentist","health_and_medical | hospital","1600 Wilson Blvd","Arlington","22209-2500","VA","US","+17035240288","frontdesk@arlingtondentalteam.com","http://www.arlingtondentalteam.com","https://www.facebook.com/160463690658447","","0.9902192950248718","open","8","meta | Overture | Overture-signals","CDLA-Permissive-2.0","2026-04-27T00:00:00.000Z | 2026-06-11T11:57:15Z | 2026-05-12T00:29:08Z | 2026-05-18T13:23:54Z | 2026-05-25T13:08:59Z | 2026-06-01T13:20:32Z | 2026-06-08T13:20:12Z"
"VA","Virginia","2a75cf74-6c58-4952-97de-39324986fd15","Crowe & Co. Orthodontics","-81.242599","37.245353","dentist","orthodontist | medical_service_organizations","2201 College Ave","Bluefield","24605-2004","VA","US","+12763222212","info@drdeanevans.com","https://www.croweandcompanyortho.com/","https://www.facebook.com/146808016171538","","0.9850008487701416","open","9","meta | Overture | Overture-signals","CDLA-Permissive-2.0","2026-04-27T00:00:00.000Z | 2026-06-11T11:57:15Z | 2026-06-08T13:20:12Z"
"VA","Virginia","2a7da255-f136-41fc-bb3e-b6e0a0feb71c","Harmony Dental Group","-76.12759773","36.81736036","dentist","general_dentistry | cosmetic_dentist","401 Green Meadows Dr","Virginia Beach","23462-5740","VA","US","+17574958775","harmonydental401@yahoo.com","http://www.harmonydentalvirginiabeach.com","https://www.facebook.com/109859312430205","Harmony Dental Group","0.9199122190475464","open","8","meta | Overture | Overture-signals","CDLA-Permissive-2.0","2026-04-27T00:00:00.000Z | 2026-06-11T11:57:15Z | 2026-05-12T00:29:08Z | 2026-05-18T13:23:54Z | 2026-05-25T13:08:59Z | 2026-06-01T13:20:32Z | 2026-06-08T13:20:12Z"
"VA","Virginia","2a95cc4f-562c-4e85-bb69-3f044eab38c8","Dr. Janine Randazzo","-77.6143170501277","37.5223678082472","dentist","","2300 Robious Station Cir","Midlothian","23113","VA","US","(804) 897-2900","","http://www.jrdentistry.com","","","0.9199122190475464","open","4","Foursquare | Overture | Overture-signals","Apache-2.0 | CDLA-Permissive-2.0","2024-05-23T00:00:00.000 | 2026-06-11T11:57:15Z | 2026-05-12T00:29:08Z | 2026-05-18T13:23:54Z | 2026-05-25T13:08:59Z | 2026-06-01T13:20:32Z | 2026-06-08T13:20:12Z"
"VA","Virginia","2aae3d37-d0c1-433e-96a2-811860925b71","Loudoun Family Dental","-77.5044863","38.99092353","dentist","general_dentistry","22621 Amendola Ter","Ashburn","20148-7528","VA","US","+17035969221","info@loudounfamilydental.com","http://www.loudounfamilydental.com/","https://www.facebook.com/165897370605538","","0.9199122190475464","open","8","meta | Overture | Overture-signals","CDLA-Permissive-2.0","2026-04-27T00:00:00.000Z | 2026-06-11T11:57:15Z | 2026-05-12T00:29:08Z | 2026-05-18T13:23:54Z | 2026-05-25T13:08:59Z | 2026-06-01T13:20:32Z | 2026-06-08T13:20:12Z"
"VA","Virginia","2acfa743-aa46-4e5f-ba9b-5626ecd62de8","Caring Family Dentistry of Hopewell: Allison H Tran DDS","-77.301823","37.3024343","dentist","health_and_medical","2001 W Broadway","Hopewell","23860","VA","US","8045418333","","https://caringdentistryva.com/","","","0.9199122190475464","open","9","Microsoft | Overture | Overture-signals","CDLA-Permissive-2.0","2024-02-13T01:27:17.790Z | 2026-06-11T11:57:15Z | 2026-05-12T00:29:08Z | 2026-05-18T13:23:54Z | 2026-05-25T13:08:59Z | 2026-06-01T13:20:32Z | 2026-06-08T13:20:12Z"
"VA","Virginia","2adcf27d-756f-40e2-86c0-2b5009411469","Elden Street Dental Care","-77.36659588","38.9666985","dentist","general_dentistry | medical_service_organizations","102 Elden St","Herndon","20170-4827","VA","US","+17034789574","appointments@eldendental.com","http://www.eldendental.com/","https://www.facebook.com/192999327425079","Elden Street Dental Care - Dr. Queen","0.9199122190475464","open","8","meta | Overture | Overture-signals","CDLA-Permissive-2.0","2026-04-27T00:00:00.000Z | 2026-06-11T11:57:15Z | 2026-05-12T00:29:08Z | 2026-05-18T13:23:54Z | 2026-05-25T13:08:59Z | 2026-06-01T13:20:32Z | 2026-06-08T13:20:12Z"
"VA","Virginia","2af387e4-6d52-46ba-86bc-eed329501bc4","My Ashburn Dentist","-77.5045407","39.03754422","dentist","general_dentistry | cosmetic_dentist","20925 Professional Plz","Ashburn","20147-3403","VA","US","+17037268700","myashburndentistpllc@gmail.com","http://www.myashburndentist.com/","https://www.facebook.com/162687637107469","My Ashburn Dentist","0.9902192950248718","open","9","meta | Overture | Overture-signals","CDLA-Permissive-2.0","2026-04-27T00:00:00.000Z | 2026-06-11T11:57:15Z | 2026-05-12T00:29:08Z | 2026-05-18T13:23:54Z | 2026-05-25T13:08:59Z | 2026-06-01T13:20:32Z | 2026-06-08T13:20:12Z"
"VA","Virginia","2afaa223-bf1d-4139-bbaa-f3f94dd2ddda","Dr. Matthew D. Slattery","-76.46047355","37.09773202","dentist","general_dentistry | health_and_medical","802 Old Oyster Point Rd","Newport News","23602-7215","VA","US","+17575952510","","http://slatterydental.com/about_us","https://www.facebook.com/151646274876647","","0.9199122190475464","open","8","meta | Overture | Overture-signals","CDLA-Permissive-2.0","2026-04-27T00:00:00.000Z | 2026-06-11T11:57:15Z | 2026-05-12T00:29:08Z | 2026-05-18T13:23:54Z | 2026-05-25T13:08:59Z | 2026-06-01T13:20:32Z | 2026-06-08T13:20:12Z"
"VA","Virginia","2b189c7b-9a84-4449-96c2-d23757be4dda","Farhan Qureshi, DDS","-77.0861624415667","38.8804636983079","dentist","health_and_medical","2300 N Pershing Dr Ste 373","Arlington","22201","VA","US","5719705082","","http://www.skylinedentist.com/dentist-arlington-va.html","","","0.9199122190475464","open","6","Microsoft | Overture | Overture-signals","CDLA-Permissive-2.0","2017-01-10T21:58:52.787Z | 2026-06-11T11:57:15Z | 2026-05-12T00:29:08Z | 2026-05-18T13:23:54Z | 2026-05-25T13:08:59Z | 2026-06-01T13:20:32Z | 2026-06-08T13:20:12Z"
"VA","Virginia","2b406d82-815a-4f00-8c20-a1f8eb4c3d4b","Kenneth R. Giberson, DDS","-77.3208251861517","38.8508839643631","dentist","","10875 Main Street","Fairfax","22030","VA","US","(703) 273-2040","","https://www.drkengiberson.com","https://www.facebook.com/166604310405265","","0.77","","3","Foursquare | Overture","Apache-2.0 | CDLA-Permissive-2.0","2025-10-16T00:00:00.000 | 2026-06-11T11:57:15Z"
"VA","Virginia","2b41b213-a633-4007-aab9-217dc41cd54e","Miller David L DDS","-76.3739548","37.04445791","dentist","general_dentistry","1 Charlton Dr","Hampton","23666-3503","VA","US","+17578380008","","","https://www.facebook.com/191114644241460","","0.9199122190475464","open","7","meta | Overture | Overture-signals","CDLA-Permissive-2.0","2026-04-27T00:00:00.000Z | 2026-06-11T11:57:15Z | 2026-05-12T00:29:08Z | 2026-05-18T13:23:54Z | 2026-05-25T13:08:59Z | 2026-06-01T13:20:32Z | 2026-06-08T13:20:12Z"
"VA","Virginia","2b55a30c-eebc-4b5a-8156-4f63716bb632","Aspen Dental","-79.957073","37.300866","dentist","","4753 Valley View Blvd. NW","Roanoke","24012","VA","US","","","https://www.aspendental.com/dentist/va/roanoke/4753-valley-view-blvd-nw/","","Aspen Dental","0.954","","5","AllThePlaces | Overture","CC0-1.0 | CDLA-Permissive-2.0","2026-06-02T15:18:54.000Z | 2026-06-11T11:57:15Z"
"VA","Virginia","2b722ff4-7f86-4c77-af8b-302f86531fe7","Springfield Lorton Dental Group","-77.18345232","38.80317155","dentist","cosmetic_dentist | periodontist","5419 Backlick Rd","Springfield","22151-3915","VA","US","+15712537565","info@springfieldlorton.com","http://www.springfieldlortondental.com/","https://www.facebook.com/154339461267976","Springfield Lorton Dental Group","0.9199122190475464","open","9","meta | Overture | Overture-signals","CDLA-Permissive-2.0","2026-04-27T00:00:00.000Z | 2026-06-11T11:57:15Z | 2026-05-12T00:29:08Z | 2026-05-18T13:23:54Z | 2026-05-25T13:08:59Z | 2026-06-01T13:20:32Z | 2026-06-08T13:20:12Z"
"VA","Virginia","2b8a6777-db07-48d2-b8c5-3b78848991e8","Metro Dental Health","-77.32966445","38.85559339","dentist","general_dentistry | health_and_medical","11150 Fairfax Blvd","Fairfax","22030-5029","VA","US","+17039344474","info@metrodentalhealth.com","http://metrodentalhealth.com/","https://www.facebook.com/1050614444999175","","0.9199122190475464","open","9","meta | Overture | Overture-signals","CDLA-Permissive-2.0","2026-04-27T00:00:00.000Z | 2026-06-11T11:57:15Z | 2026-05-12T00:29:08Z | 2026-05-18T13:23:54Z | 2026-05-25T13:08:59Z | 2026-06-01T13:20:32Z | 2026-06-08T13:20:12Z"
"VA","Virginia","2b8fecd9-f3b0-43ec-965a-505aa8126cf2","Mark A Beltrami DDS","-77.5181006","37.5375823","dentist","health_and_medical","6750 Forest Hill Ave","Richmond","23225","VA","US","8042727040","","","","","0.9199122190475464","open","6","Microsoft | Overture | Overture-signals","CDLA-Permissive-2.0","2024-02-14T03:33:01.757Z | 2026-06-11T11:57:15Z | 2026-05-12T00:29:08Z | 2026-05-18T13:23:54Z | 2026-05-25T13:08:59Z | 2026-06-01T13:20:32Z | 2026-06-08T13:20:12Z"
"VA","Virginia","2b96ddf6-d9fb-4b89-b828-4193fcb9b926","Dr. Zamani","-77.05193308","38.85121321","dentist","general_dentistry | doctor","2550 S Clark St","Arlington","22202-3962","VA","US","+17034150505","crystalsmiles@arlingtondentalcare.com","http://www.arlingtondentalcare.com/","https://www.facebook.com/284701784965057","Amir Zamani DDS. Advance Dental Care Center","0.9009333848953247","","1","meta | Overture","CDLA-Permissive-2.0","2026-04-27T00:00:00.000Z | 2026-06-11T11:57:15Z"
"VA","Virginia","2b99ea46-4ca1-4c62-b268-d248a1013830","Harold F Demsko PC","-76.733922","36.80593448","dentist","medical_service_organizations | pediatric_dentist","70 E Windsor Blvd","Windsor","23487-9443","VA","US","+17572426781","demskodds@yahoo.com","http://windsordentalcare.net/","https://www.facebook.com/301291496576927","Dr. Harold F Demsko DDS PC","0.9860662817955017","","8","meta | Overture","CDLA-Permissive-2.0","2026-04-27T00:00:00.000Z | 2026-06-11T11:57:15Z"
"VA","Virginia","2bb8a865-cdce-45ec-9b9a-436394e82372","Overstreet Ben T DDS","-77.616699","37.509117","dentist","periodontist | medical_service_organizations","1230 Alverser Dr","Midlothian","23113-2653","VA","US","+18047947094","","https://www.richmondperioonline.com","https://www.facebook.com/338122176245850","Richardson & Overstreet Periodontics","0.7838276624679565","","8","meta | Overture","CDLA-Permissive-2.0","2026-04-27T00:00:00.000Z | 2026-06-11T11:57:15Z"
"VA","Virginia","2bd39397-87dd-4e05-b1a7-b7f707eebe45","Pungo Dentistry","-76.01929359","36.72057297","dentist","general_dentistry | health_and_medical","1767 Princess Anne Rd","Virginia Beach","23456-3835","VA","US","+17574266151","info@pungodentistry.com","http://www.pungodentistry.com","https://www.facebook.com/117633631585858","","0.9902105331420898","open","10","meta | Overture | Overture-signals","CDLA-Permissive-2.0","2026-04-27T00:00:00.000Z | 2026-06-11T11:57:15Z | 2026-06-08T13:20:12Z"
"VA","Virginia","2bfefab2-dec0-4220-8dbe-f585e5b42dc2","Smile Makers Dental Center","-77.17393612","38.88525352","dentist","general_dentistry | cosmetic_dentist","313 Park Ave","Falls Church","22046-3303","VA","US","+15716481713","pa@smilemakerscenter.com","https://smilemakerscenter.com/","https://www.facebook.com/108197265372244","Smile Makers Dental Center","0.9199122190475464","open","9","meta | Overture | Overture-signals","CDLA-Permissive-2.0","2026-04-27T00:00:00.000Z | 2026-06-11T11:57:15Z | 2026-05-12T00:29:08Z | 2026-05-18T13:23:54Z | 2026-05-25T13:08:59Z | 2026-06-01T13:20:32Z | 2026-06-08T13:20:12Z"
"VA","Virginia","2c1213b4-e996-4ff9-a0b2-8c9adac4dd2c","Armour William DDS","-80.257634129225","37.1682506080751","dentist","","6910 Roanoke Rd","Shawsville","24162","VA","US","(540) 268-2254","","https://armour-william-dds-va-2.hub.biz","","","0.77","","5","Foursquare | Overture","Apache-2.0 | CDLA-Permissive-2.0","2025-08-19T00:00:00.000 | 2026-06-11T11:57:15Z"
"VA","Virginia","2c1626d5-3203-4d18-9c8c-5e52ce3698c1","Pro Dent Solutions","-78.19805735","39.11367706","dentist","general_dentistry","211 Sulky Dr","Winchester","22602-5393","VA","US","+15409370291","traviscarroll@comcast.net","http://www.prodentsolutions.com/","https://www.facebook.com/782783748522178","","0.9199122190475464","open","2","meta | Overture | Overture-signals","CDLA-Permissive-2.0","2026-04-27T00:00:00.000Z | 2026-06-11T11:57:15Z | 2026-05-25T13:08:59Z | 2026-06-01T13:20:32Z | 2026-06-08T13:20:12Z"
"VA","Virginia","2c176a38-700d-4acd-a823-62240fe4c270","Dr. Ralph Swiger","-77.5634869599877","39.1124089519721","dentist","","211 Gibson St NW","Leesburg","20176","VA","US","(703) 777-6100","","http://www.ralphswigerdds.com","https://www.facebook.com/389827367864504","","0.77","","5","Foursquare | Overture","Apache-2.0 | CDLA-Permissive-2.0","2025-08-22T00:00:00.000 | 2026-06-11T11:57:15Z"
"VA","Virginia","2c1f8d83-d6b6-4719-9c01-43b01ab5d6bc","Lakeside Dental","-79.7141213627172","37.1208092673718","dentist","","13245 Booker T Washington Hwy Ste D Bldg 2","Hardy","24101","VA","US","(540) 912-0177","","http://www.smlakesidedental.com","https://www.twitter.com/smlakesidedent | https://www.facebook.com/293978161039338","","0.9199122190475464","open","9","Foursquare | Overture | Overture-signals","Apache-2.0 | CDLA-Permissive-2.0","2025-08-22T00:00:00.000 | 2026-06-11T11:57:15Z | 2026-05-12T00:29:08Z | 2026-05-18T13:23:54Z | 2026-05-25T13:08:59Z | 2026-06-01T13:20:32Z | 2026-06-08T13:20:12Z"
"VA","Virginia","2c22dbea-5d91-41b5-85ce-665ad3c5bdab","purewhitedental","-77.1102801214215","38.828269989796","dentist","","4660 Kenmore Ave","Alexandria","22304","VA","US","(876) 294-0347","","http://purewhitedental.com","","","0.9199122190475464","open","4","Foursquare | Overture | Overture-signals","Apache-2.0 | CDLA-Permissive-2.0","2024-10-15T00:00:00.000 | 2026-06-11T11:57:15Z | 2026-05-12T00:29:08Z | 2026-05-18T13:23:54Z | 2026-05-25T13:08:59Z | 2026-06-01T13:20:32Z | 2026-06-08T13:20:12Z"
"VA","Virginia","2c2ca630-6d0f-4cd4-83ed-c7741bcc4c72","VA Smiles - Stafford","-77.42484108","38.47492376","dentist","general_dentistry | health_and_medical","385 Garrisonville Rd","Stafford","22554-1545","VA","US","+15406577645","fredericksburg@luvthatsmile.com","https://www.vasmiles.com/stafford-office","https://www.facebook.com/130773527611937","VA Smiles","0.9924005270004272","","3","meta | Overture","CDLA-Permissive-2.0","2026-04-27T00:00:00.000Z | 2026-06-11T11:57:15Z"
"VA","Virginia","2c3870e6-c676-4c12-b501-9b76ff2be8f7","Root Modern Dentistry","-77.47180154","37.76071009","dentist","health_and_medical","250 N Washington Hwy","Ashland","23005-1624","VA","US","+18047194112","info@rootmoderndentistry.com","http://www.rootmoderndentistry.com/","https://www.facebook.com/113392021777966","","0.9199122190475464","open","8","meta | Overture | Overture-signals","CDLA-Permissive-2.0","2026-04-27T00:00:00.000Z | 2026-06-11T11:57:15Z | 2026-05-12T00:29:08Z | 2026-05-18T13:23:54Z | 2026-05-25T13:08:59Z | 2026-06-01T13:20:32Z | 2026-06-08T13:20:12Z"
"VA","Virginia","2c4d4cd3-89b6-4d6f-afe3-a7a70a4ba0aa","Dental First","-77.37683473","37.19956439","dentist","general_dentistry","9 Holly Hill Dr","Petersburg","23805-2559","VA","US","+18047320056","","http://www.dentalfirstplc.com/","https://www.facebook.com/669406209764656","Dental First PLC","0.9880329370498657","","1","meta | Overture","CDLA-Permissive-2.0","2026-04-27T00:00:00.000Z | 2026-06-11T11:57:15Z"
"VA","Virginia","2c5f83cd-296c-489a-8f2c-fcab34456ee6","Winchester Dental Studio","-78.18842811","39.16347674","dentist","pediatric_dentist | orthodontist","650 Cedar Creek Grade","Winchester","22601-6452","VA","US","+15403237063","frontofficewds@gmail.com","http://winchesterdentalstudio.com/","https://www.facebook.com/926175310783483","","0.9199122190475464","open","8","meta | Overture | Overture-signals","CDLA-Permissive-2.0","2026-04-27T00:00:00.000Z | 2026-06-11T11:57:15Z | 2026-05-12T00:29:08Z | 2026-05-18T13:23:54Z | 2026-05-25T13:08:59Z | 2026-06-01T13:20:32Z | 2026-06-08T13:20:12Z"
"VA","Virginia","2c629c3f-fad5-4857-b92a-e34572c3a204","Love Family Dentistry","-80.020806","37.234057","dentist","pediatric_dentist | orthodontist","2766 Electric Rd","Roanoke","24018-3583","VA","US","+15409042300","admin@lovefamilydentistry.net","http://Lovefamilydentistry.net/","https://www.facebook.com/475563939194771","Love Family Dentistry","0.9938620328903198","open","10","meta | Overture | Overture-signals","CDLA-Permissive-2.0","2026-04-27T00:00:00.000Z | 2026-06-11T11:57:15Z | 2026-06-08T13:20:12Z"
"VA","Virginia","2cde8d67-f68d-404e-8de9-558700b9a291","Beale Frank J DDS","-76.2396683738168","36.7109921408491","dentist","","350 Johnstown Rd Ste A","Chesapeake","23322","VA","US","(757) 547-9725","","http://www.coastalvaomfs.com","","","0.9199122190475464","open","4","Foursquare | Overture | Overture-signals","Apache-2.0 | CDLA-Permissive-2.0","2025-06-26T00:00:00.000 | 2026-06-11T11:57:15Z | 2026-05-12T00:29:08Z | 2026-05-18T13:23:54Z | 2026-05-25T13:08:59Z | 2026-06-01T13:20:32Z | 2026-06-08T13:20:12Z"
"VA","Virginia","2cf34448-b8d1-4041-be4c-da6ee6339852","Total Care Dentistry","-76.22055952","36.74431822","dentist","general_dentistry | cosmetic_dentist","560 Kempsville Rd","Chesapeake","23320-3603","VA","US","+17573094450","info.greenbrier@crcid.com","https://crcid.com/greenbrier/","https://www.facebook.com/100504318372863","Crcid","0.9264540672302246","","1","meta | Overture","CDLA-Permissive-2.0","2026-04-27T00:00:00.000Z | 2026-06-11T11:57:15Z"
"VA","Virginia","2d3486d3-6d95-4c83-bc6e-88080a38793d","Andrew Jelinek, DDS","-77.79153939","38.7239034","dentist","general_dentistry","60 Rock Pointe Ln","Warrenton","20186-2630","VA","US","+15403490033","yjdentist@gmail.com","http://comprehensivefamilydentists.com/","https://www.facebook.com/318201051532594","","0.9199122190475464","open","10","meta | Overture | Overture-signals","CDLA-Permissive-2.0","2026-04-27T00:00:00.000Z | 2026-06-11T11:57:15Z | 2026-05-12T00:29:08Z | 2026-05-18T13:23:54Z | 2026-05-25T13:08:59Z | 2026-06-01T13:20:32Z | 2026-06-08T13:20:12Z"
"VA","Virginia","2d38b051-9395-4969-b646-8784b02c2a4a","Christina P. Mills, D.D.S.","-78.01608873","38.46054177","dentist","general_dentistry | medical_service_organizations","1701 Sunset Ln","Culpeper","22701-3306","VA","US","+15408251366","","http://www.drchristinamills.com","https://www.facebook.com/104858912915112","","0.9201318025588989","","2","meta | Overture","CDLA-Permissive-2.0","2026-04-27T00:00:00.000Z | 2026-06-11T11:57:15Z"
"VA","Virginia","2d671864-1dd9-4425-843c-39a1a72b905f","Grafton Smile Care","-76.45617831","37.14179635","dentist","general_dentistry","4030 George Washington Mem Hwy","Yorktown","23692-2619","VA","US","+17578984646","frontdesk@graftonsmilecare.com","http://graftonsmilecare.com/","https://www.facebook.com/108199945390534","Grafton Smile Care","0.9991354382932186","","9","meta | Overture","CDLA-Permissive-2.0","2026-04-27T00:00:00.000Z | 2026-06-11T11:57:15Z"
"VA","Virginia","2d72b998-76fd-45e7-afaf-1619d874c35f","Dollar James F DDS","-76.51603498","37.13992147","dentist","general_dentistry | cosmetic_dentist","12725 Patrick Henry Dr","Newport News","23602-9516","VA","US","+17578746712","","http://www.jamesdollarddsva.com/","https://www.facebook.com/196349390740324","","0.9199122190475464","open","8","meta | Overture | Overture-signals","CDLA-Permissive-2.0","2026-04-27T00:00:00.000Z | 2026-06-11T11:57:15Z | 2026-05-12T00:29:08Z | 2026-05-18T13:23:54Z | 2026-05-25T13:08:59Z | 2026-06-01T13:20:32Z | 2026-06-08T13:20:12Z"
"VA","Virginia","2d83e14b-1a44-4d5c-ae8c-99a353e39487","Commonwealth Dentistry","-77.3846438839915","37.2522317137517","dentist","","456 Charles H Dimmock Pkwy","Colonial Heights","23834","VA","US","(804) 520-4088","patientcare@commonwealth-dentistry.com","https://commonwealth-dentistry.com/colonial-heights","https://www.facebook.com/126507258008743","","0.77","","5","Foursquare | Overture","Apache-2.0 | CDLA-Permissive-2.0","2026-01-27T00:00:00.000 | 2026-06-11T11:57:15Z"
"VA","Virginia","2d869786-0602-4913-b175-f1a874464d03","Pyle Keith DDS","-78.91671459","36.71336724","dentist","general_dentistry","420 Hamilton Blvd","South Boston","24592-5200","VA","US","+14345726577","","http://www.smilelynchburg.com","https://www.facebook.com/150317525026591","Children's Dentistry & Orthodontics of Lynchburg","0.9199122190475464","open","7","meta | Overture | Overture-signals","CDLA-Permissive-2.0","2026-04-27T00:00:00.000Z | 2026-06-11T11:57:15Z | 2026-05-12T00:29:08Z | 2026-05-18T13:23:54Z | 2026-05-25T13:08:59Z | 2026-06-01T13:20:32Z | 2026-06-08T13:20:12Z"
"VA","Virginia","2d8c75f3-89be-4234-a235-949ce8dd7c01","Tyler Burningham DMD- Hethwood Dental","-80.4549786","37.2170851","dentist","doctor | health_and_medical","907 Hethwood Blvd","Blacksburg","24060","VA","US","5405524805","","https://www.hethwooddentalofblacksburg.com/","","","0.9655","","9","Microsoft | Overture","CDLA-Permissive-2.0","2025-01-15T13:30:27.350Z | 2026-06-11T11:57:15Z"
"VA","Virginia","2d932529-27f1-4455-b96b-b7ede5ae6033","Jamie Park, DDS","-77.3144153025332","38.8492406331197","dentist","","10680 Main St Ste 150","Fairfax","22030","VA","US","(703) 385-4569","","http://www.jamieparkdds.com","","","0.77","","6","Foursquare | Overture","Apache-2.0 | CDLA-Permissive-2.0","2024-08-16T00:00:00.000 | 2026-06-11T11:57:15Z"
"VA","Virginia","2d977903-75ca-4c18-b903-898c553d870b","Woodbridge Family and Cosmetic Dentistry","-77.34209685","38.64910772","dentist","cosmetic_dentist | general_dentistry","4421 Dale Blvd","Woodbridge","22193-2550","VA","US","+17036802070","contact@wbfamilyandimplantdentistry.com","http://www.wbfamilyandimplantdentistry.com/","https://www.facebook.com/594192823786400","","0.9199122190475464","open","10","meta | Overture | Overture-signals","CDLA-Permissive-2.0","2026-04-27T00:00:00.000Z | 2026-06-11T11:57:15Z | 2026-05-12T00:29:08Z | 2026-05-18T13:23:54Z | 2026-05-25T13:08:59Z | 2026-06-01T13:20:32Z | 2026-06-08T13:20:12Z"
"VA","Virginia","2dab85db-0acc-4c20-8e81-60e0b94de9bc","Preston B. Loving","-76.46778009","37.08264736","dentist","general_dentistry | medical_service_organizations","732 Thimble Shoals Blvd","Newport News","23606-4218","VA","US","+17578732299","lovingdds@aol.com","https://dentistnewportnewsva.com/","https://www.facebook.com/113817582026232","","0.9199122190475464","open","9","meta | Overture | Overture-signals","CDLA-Permissive-2.0","2026-04-27T00:00:00.000Z | 2026-06-11T11:57:15Z | 2026-05-12T00:29:08Z | 2026-05-18T13:23:54Z | 2026-05-25T13:08:59Z | 2026-06-01T13:20:32Z | 2026-06-08T13:20:12Z"
"VA","Virginia","2db007c9-1cdb-4419-bf31-18b1a9217c9b","Willis and Associates Family Dentistry","-79.16792419","38.22988857","dentist","general_dentistry","21 Scenic Hwy","Churchville","24421-2439","VA","US","+15403376004","drwillisdds@gmail.com","http://www.willisdentistry.com/","https://www.facebook.com/1585372308404193","Willis & Associates Family Dentistry - Churchville, VA","0.9842485785484314","","3","meta | Overture","CDLA-Permissive-2.0","2026-04-27T00:00:00.000Z | 2026-06-11T11:57:15Z"
"VA","Virginia","2db9df70-6374-48c0-a1a8-a5b6ca3f5a6f","The Foleck Center","-76.2926671","36.8504703","dentist","health_and_medical","201 College Pl","Norfolk","23510","VA","US","7576230283","","https://thefoleckcenter.com/","","","0.9902192950248718","open","7","Microsoft | Overture | Overture-signals","CDLA-Permissive-2.0","2025-06-11T01:25:42.883Z | 2026-06-11T11:57:15Z | 2026-05-12T00:29:08Z | 2026-05-18T13:23:54Z | 2026-05-25T13:08:59Z | 2026-06-01T13:20:32Z | 2026-06-08T13:20:12Z"
"VA","Virginia","2dc06002-e09e-47cf-b985-4e220bc4ec3e","Michael Silveus DDS","-77.226743","38.916429","dentist","health_and_medical | naturopathic_holistic","8150 Leesburg Pike","Vienna","22182-2714","VA","US","+17035322020","dentalsolutionsva@gmail.com","http://www.drmichaelsilveus.com/","https://www.facebook.com/605961716095905","","0.5563613772392273","","8","meta | Overture","CDLA-Permissive-2.0","2026-04-27T00:00:00.000Z | 2026-06-11T11:57:15Z"
"VA","Virginia","2dc2ab8e-a14a-4986-aaa7-ae9fbfeda6ae","Higginbotham Henry K DDS","-80.78167867","37.04878564","dentist","general_dentistry | doctor","73 3rd St NW","Pulaski","24301-5083","VA","US","+15409808898","pulaskidentist@aol.com","","https://www.facebook.com/146449045400492","","0.9199122190475464","open","7","meta | Overture | Overture-signals","CDLA-Permissive-2.0","2026-04-27T00:00:00.000Z | 2026-06-11T11:57:15Z | 2026-05-12T00:29:08Z | 2026-05-18T13:23:54Z | 2026-05-25T13:08:59Z | 2026-06-01T13:20:32Z | 2026-06-08T13:20:12Z"
"VA","Virginia","2de94a4e-7bb5-4937-99c1-44a863d1b050","Loza Dental Great Falls","-77.28822997","38.99823331","dentist","general_dentistry | prosthodontist","737 Walker Rd","Great Falls","22066-2833","VA","US","+17037593011","info@lozadentalgreatfalls.com","http://www.lozadentalgreatfalls.com/","https://www.facebook.com/107073959397127","","0.9199122190475464","open","8","meta | Overture | Overture-signals","CDLA-Permissive-2.0","2026-04-27T00:00:00.000Z | 2026-06-11T11:57:15Z | 2026-05-12T00:29:08Z | 2026-05-18T13:23:54Z | 2026-05-25T13:08:59Z | 2026-06-01T13:20:32Z | 2026-06-08T13:20:12Z"
"VA","Virginia","2e004641-d765-4bea-8873-87d4254207ce","Central Virginia Family Dentistry","-79.0522681795842","37.5852873688901","dentist","","192 S Main St","Amherst","24521","VA","US","(434) 946-2480","","https://www.centralvafamilydentistry.com/amherst-va","","","0.77","","2","Foursquare | Overture","Apache-2.0 | CDLA-Permissive-2.0","2026-03-04T00:00:00.000 | 2026-06-11T11:57:15Z"
"VA","Virginia","2e446dd0-79fb-4bc3-9355-3a029b0ed5a0","iLumi Sciences","-77.47018437","38.9039798","dentist","endodontist | biotechnology_company","4150 Lafayette Center Dr","Chantilly","20151-1258","VA","US","+18778545864","info@ilumisi.com","http://www.iLumiSi.com/","https://www.facebook.com/276155582509204","","0.9199122190475464","open","8","meta | Overture | Overture-signals","CDLA-Permissive-2.0","2026-04-27T00:00:00.000Z | 2026-06-11T11:57:15Z | 2026-05-12T00:29:08Z | 2026-05-18T13:23:54Z | 2026-05-25T13:08:59Z | 2026-06-01T13:20:32Z | 2026-06-08T13:20:12Z"
"VA","Virginia","2e6296c2-e4cc-40bc-904d-b1cee84db9f7","David R Beam","-77.4950145427676","37.355843929805","dentist","","11601 Iron Bridge Rd Ste 204","Chester","23831","VA","US","(804) 717-5100","mhall@dbsmiles.com","http://www.beamdentistry.com","https://www.facebook.com/774789689292143","","0.9199122190475464","open","4","Foursquare | Overture | Overture-signals","Apache-2.0 | CDLA-Permissive-2.0","2025-08-22T00:00:00.000 | 2026-06-11T11:57:15Z | 2026-05-12T00:29:08Z | 2026-05-18T13:23:54Z | 2026-05-25T13:08:59Z | 2026-06-01T13:20:32Z | 2026-06-08T13:20:12Z"
"VA","Virginia","2e6a91c5-c7b5-46e2-8b8e-ce71978be951","Dentistry for Children of Northern Virginia","-77.314819","38.824664","dentist","pediatric_dentist | health_and_medical","10611 Braddock Rd","Fairfax","22032-2201","VA","US","+17035434728","","http://www.Dentistry4ChildrenVA.com/","https://www.facebook.com/935578986457172","","0.9892298579216003","","7","meta | Overture","CDLA-Permissive-2.0","2026-04-27T00:00:00.000Z | 2026-06-11T11:57:15Z"
"VA","Virginia","2e7488aa-a7a6-4011-94ae-a98f6d9cd690","Dr. Joe Siragusa, DDS","-76.3947762674875","37.0487213954822","dentist","","2114 Hartford Rd #B","Hampton","23666","VA","US","(757) 933-1649","","http://vadental.com","","","0.77","","5","Foursquare | Overture","Apache-2.0 | CDLA-Permissive-2.0","2025-08-22T00:00:00.000 | 2026-06-11T11:57:15Z"
"VA","Virginia","2e86a0e6-a552-4114-aae7-de379fb63bdc","Faith W. Trent DDS","-77.65232196","37.45071666","dentist","general_dentistry | health_and_medical","13700 Genito Rd","Midlothian","23112-4007","VA","US","+18047441877","","https://trent-faith-w.hub.biz/","https://www.facebook.com/121522591195558","","0.9199122190475464","open","6","meta | Overture | Overture-signals","CDLA-Permissive-2.0","2026-04-27T00:00:00.000Z | 2026-06-11T11:57:15Z | 2026-05-12T00:29:08Z | 2026-05-18T13:23:54Z | 2026-05-25T13:08:59Z | 2026-06-01T13:20:32Z | 2026-06-08T13:20:12Z"
"VA","Virginia","2eb527b5-fe74-4431-91a5-f2bf86fd881c","Henritze Dental Group","-80.00203538","37.2364465","dentist","endodontist | cosmetic_dentist","3611 Brambleton Ave","Roanoke","24018-3611","VA","US","+15409896600","doctor@drhenritze.com","https://henritzedental.com/locations/roanoke/","https://www.facebook.com/224712298229213","Henritze Dental Group","0.9199122190475464","open","8","meta | Overture | Overture-signals","CDLA-Permissive-2.0","2026-04-27T00:00:00.000Z | 2026-06-11T11:57:15Z | 2026-05-12T00:29:08Z | 2026-05-18T13:23:54Z | 2026-05-25T13:08:59Z | 2026-06-01T13:20:32Z | 2026-06-08T13:20:12Z"
"VA","Virginia","2ecf6fb6-0dee-4cd2-8c4a-654d578de955","Affordable Dental Care LLC","-77.46516657","39.06161145","dentist","general_dentistry","44365 Premier Plz","Ashburn","20147-5057","VA","US","+17037264444","pknikkhah2@gmail.com","http://www.ashburnsmilecenter.com/","https://www.facebook.com/117285691798324","","0.9199122190475464","open","5","meta | Overture | Overture-signals","CDLA-Permissive-2.0","2026-04-27T00:00:00.000Z | 2026-06-11T11:57:15Z | 2026-05-12T00:29:08Z | 2026-05-18T13:23:54Z | 2026-05-25T13:08:59Z | 2026-06-01T13:20:32Z | 2026-06-08T13:20:12Z"
"VA","Virginia","2edd081a-bcde-45d2-9f3b-3533a1bc0f26","Gold Dental Dentistry & Orthodontics","-77.6146639","37.6543787","dentist","orthodontist","112 W Broad St","Richmond","23220-4215","VA","US","+18048029999","richmondfamilydent@gmail.com","http://www.richmondfamilydent.com/","https://www.facebook.com/101249902974310","GoldDental","0.9378546476364136","","1","meta | Overture","CDLA-Permissive-2.0","2026-04-27T00:00:00.000Z | 2026-06-11T11:57:15Z"
"VA","Virginia","2ef0c936-9802-458a-886b-d33c04a777c6","Crystal Smile","-77.0518409728426","38.8499428143118","dentist","","2611 S Clark Street, Suite 200","Arlington","22202","VA","US","(571) 295-4200","","https://www.smileperfectors.com","","","0.77","","5","Foursquare | Overture","Apache-2.0 | CDLA-Permissive-2.0","2025-06-03T00:00:00.000 | 2026-06-11T11:57:15Z"
"VA","Virginia","2f088a4d-7900-4bdb-9593-7ba2a78b9a26","Thornton, Koontz, & Spalding","-76.9471657274618","36.6691331286864","dentist","","1301 Armory Dr, Franklin, VA 23851","Franklin","23851","VA","US","(757) 562-2165","","http://www.all-aboutsmiles.com","","","0.77","","5","Foursquare | Overture","Apache-2.0 | CDLA-Permissive-2.0","2025-08-22T00:00:00.000 | 2026-06-11T11:57:15Z"
"VA","Virginia","2f0d66f8-ba90-46c7-b7e7-723323545ef5","Little Neck Family Dentistry","-76.0918183290274","36.8427658630737","dentist","","397 Little Neck Rd","Virginia Beach","23452","VA","US","(757) 498-5142","shantalagouwda@gmail.com","http://www.vabeachimplantdentist.com","https://www.twitter.com/shantala_gowda","","0.9199122190475464","open","4","Foursquare | Overture | Overture-signals","Apache-2.0 | CDLA-Permissive-2.0","2025-08-22T00:00:00.000 | 2026-06-11T11:57:15Z | 2026-05-12T00:29:08Z | 2026-05-18T13:23:54Z | 2026-05-25T13:08:59Z | 2026-06-01T13:20:32Z | 2026-06-08T13:20:12Z"
"VA","Virginia","2f2c4908-7d7f-44ac-840c-c0fb0b79dba5","Heresi Dental Care","-77.4733738","38.31390133","dentist","general_dentistry | cosmetic_dentist","2501 Fall Hill Ave","Fredericksburg","22401-3345","VA","US","+15403292435","info@heresidentalcare.com","https://plus.google.com/103415120131458143546/","https://www.facebook.com/572463926171102","","0.9199122190475464","open","9","meta | Overture | Overture-signals","CDLA-Permissive-2.0","2026-04-27T00:00:00.000Z | 2026-06-11T11:57:15Z | 2026-05-12T00:29:08Z | 2026-05-18T13:23:54Z | 2026-05-25T13:08:59Z | 2026-06-01T13:20:32Z | 2026-06-08T13:20:12Z"
"VA","Virginia","2f3f0140-f06a-4a60-a17f-a871aa8f63d4","Nokesville Family Dentistry","-77.579592148","38.698690565","dentist","orthodontist | health_and_medical","12905 Fitzwater Dr","Nokesville","20181-2230","VA","US","+17035942151","info@nokesvilledentistry.com","http://www.nokesvilledentistry.com/","https://www.facebook.com/1637786533179745","Nokesville Family Dentistry","0.9985871642827988","","8","meta | Overture","CDLA-Permissive-2.0","2026-04-27T00:00:00.000Z | 2026-06-11T11:57:15Z"
"VA","Virginia","2f42b111-5c7e-4feb-a181-2289d9841e85","DOCS Dental","-76.57711392","37.15624452","dentist","general_dentistry | medical_service_organizations","1527 Lee Blvd","Fort Eustis","23604","VA","US","+17578475656","info@docsdental.health","https://docsdental.com/location/fort-eustis","https://www.facebook.com/104285980925040","DOCS Dental Fort Bragg","0.9722161889076233","","9","meta | Overture","CDLA-Permissive-2.0","2026-04-27T00:00:00.000Z | 2026-06-11T11:57:15Z"
"VA","Virginia","2f6af6eb-b74c-442d-8015-6fab2b5ecb81","Allan L Bergano DDS","-76.13059803","36.84715897","dentist","orthodontist | cosmetic_dentist","4460 Corporation Ln","Virginia Beach","23462-3132","VA","US","+17574972988","smile@alberganodds.com","http://www.alberganodds.com/","https://www.facebook.com/218537834956879","","0.9868862628936768","","5","meta | Overture","CDLA-Permissive-2.0","2026-04-27T00:00:00.000Z | 2026-06-11T11:57:15Z"
"VA","Virginia","2f79c84e-13b4-42be-9ceb-9e78777a2fd6","Kessler and Kessler Dentistry","-76.0524725654288","36.8370312321454","dentist","","2404 Potters Rd","Virginia Beach","23454","VA","US","(757) 340-8805","","http://www.kesslerdental.com","","","0.77","","2","Foursquare | Overture","Apache-2.0 | CDLA-Permissive-2.0","2026-01-12T00:00:00.000 | 2026-06-11T11:57:15Z"
"VA","Virginia","2fc5385a-6638-4e03-8a0c-7c9b61dcd0c9","Stafford Dental Associates","-77.50628","38.354415","dentist","orthodontist | periodontist","20 Plantation Dr","Fredericksburg","22406-6493","VA","US","+15403682273","stafforddental@luvthatsmile.com","http://www.luvthatsmile.com/","https://www.facebook.com/107800537388503","Stafford Dental Associates","0.9199122190475464","open","8","meta | Overture | Overture-signals","CDLA-Permissive-2.0","2026-04-27T00:00:00.000Z | 2026-06-11T11:57:15Z | 2026-05-12T00:29:08Z | 2026-05-18T13:23:54Z | 2026-05-25T13:08:59Z | 2026-06-01T13:20:32Z | 2026-06-08T13:20:12Z"
"VA","Virginia","2fcffee4-082f-4686-a8c5-b5fb2366509e","Wilson Dental","-81.081851","36.949589","dentist","orthodontist | doctor","195 E Spring St","Wytheville","24382-2659","VA","US","+12762288571","drwilson@wilsondentalva.com","http://www.wilsondentalpc.com","https://www.facebook.com/1115203121842355","","0.9995989069342613","","10","meta | Overture","CDLA-Permissive-2.0","2026-04-27T00:00:00.000Z | 2026-06-11T11:57:15Z"
"VA","Virginia","2fe67d2e-d5ae-418e-a76e-537143b70ded","Dr. Ann N. Hebda: Complete Hea","-77.487001","39.046572","dentist","","20600 Gordon Park Sq","Ashburn","20147","VA","US","+17037239788","","","","","1","","3","DAC | Overture","CDLA-Permissive-2.0","2026-06-10T16:03:35.911Z | 2026-06-11T11:57:15Z"
"VA","Virginia","302255ec-a02d-4fdc-aa5b-3a5680ce81fa","Community First Dental","-77.3861831410882","39.0353914759253","dentist","","46045 Palisade Parkway","Sterling","20165","VA","US","+15714464064","info@communityfirstdental.com","https://communityfirstdental.com/","https://www.facebook.com/114797484947747","","0.7754309177398682","","7","meta | Overture","CDLA-Permissive-2.0","2026-04-27T00:00:00.000Z | 2026-06-11T11:57:15Z"
"VA","Virginia","30309498-b182-4692-b838-fc1c1ff215ba","Virginia Family Dentistry Atlee","-77.43862728","37.6906335","dentist","general_dentistry | medical_service_organizations","10500 Atlee Station Rd","Ashland","23005-7990","VA","US","+18045503324","","http://vadentist.com","https://www.facebook.com/375099232663915","Dr. Brandon Wong DMD","0.9199122190475464","open","10","meta | Overture | Overture-signals","CDLA-Permissive-2.0","2026-04-27T00:00:00.000Z | 2026-06-11T11:57:15Z | 2026-05-12T00:29:08Z | 2026-05-18T13:23:54Z | 2026-05-25T13:08:59Z | 2026-06-01T13:20:32Z | 2026-06-08T13:20:12Z"
"VA","Virginia","30469d2c-90c1-4a74-a1fb-00cfb34a6dac","Allen and Tatem DDS","-77.49359985","38.24782047","dentist","general_dentistry","10705 Spotsylvania Ave","Fredericksburg","22408-2675","VA","US","+15408915521","","http://www.allenandtatem.com","https://www.facebook.com/164667250226992","","0.9199122190475464","open","7","meta | Overture | Overture-signals","CDLA-Permissive-2.0","2026-04-27T00:00:00.000Z | 2026-06-11T11:57:15Z | 2026-05-12T00:29:08Z | 2026-05-18T13:23:54Z | 2026-05-25T13:08:59Z | 2026-06-01T13:20:32Z | 2026-06-08T13:20:12Z"
"VA","Virginia","30487da6-8b6f-47bc-8512-b31103705d23","Elevated Dental Care of Fredericksburg","-77.5435622","38.2894219","dentist","health_and_medical","4805 Plank Rd","Fredericksburg","22407","VA","US","5407862311","","https://www.elevateddentalfredericksburg.com/","","","0.9199122190475464","open","6","Microsoft | Overture | Overture-signals","CDLA-Permissive-2.0","2025-10-01T18:15:23.250Z | 2026-06-11T11:57:15Z | 2026-05-12T00:29:08Z | 2026-05-18T13:23:54Z | 2026-05-25T13:08:59Z | 2026-06-01T13:20:32Z | 2026-06-08T13:20:12Z"
"VA","Virginia","3052b25b-c873-4077-af23-42d6978cdc04","Gerald Q Freeman Jr DDS","-76.493543","37.074532","dentist","doctor | health_and_medical","12484 Warwick Blvd","Newport News","23606-3043","VA","US","+17575993182","freemanjrdds@yahoo.com","http://www.gqfreemandds.com/","https://www.facebook.com/645685845466074","","0.983162522315979","","3","meta | Overture","CDLA-Permissive-2.0","2026-04-27T00:00:00.000Z | 2026-06-11T11:57:15Z"
"VA","Virginia","309c86c4-5cd7-473b-afdc-a45102463f15","Hutchens Family Dentistry","-78.2081042","39.08094105","dentist","general_dentistry | health_and_medical","255 Fairfax Pike","Stephens City","22655-2965","VA","US","+15406929264","office@hutchensfamilydentistry.com","https://hutchensfamilydentistry.com/","https://www.facebook.com/481650375552530","","0.9199122190475464","open","8","meta | Overture | Overture-signals","CDLA-Permissive-2.0","2026-04-27T00:00:00.000Z | 2026-06-11T11:57:15Z | 2026-05-12T00:29:08Z | 2026-05-18T13:23:54Z | 2026-05-25T13:08:59Z | 2026-06-01T13:20:32Z | 2026-06-08T13:20:12Z"
"VA","Virginia","30a78978-a332-404e-9dac-5c45ce1f9c7c","Dr. Hani Thariani Orthodontics","-77.1264734196202","38.9018438526578","dentist","","2501 N Glebe Rd #300","Arlington","22207","VA","US","(703) 527-5654","office@tbraces.com","https://www.tbraces.com","https://www.twitter.com/t_braces | https://www.facebook.com/170872128648","","0.9902192950248718","open","4","Foursquare | Overture | Overture-signals","Apache-2.0 | CDLA-Permissive-2.0","2026-03-26T00:00:00.000 | 2026-06-11T11:57:15Z | 2026-05-12T00:29:08Z | 2026-05-18T13:23:54Z | 2026-05-25T13:08:59Z | 2026-06-01T13:20:32Z | 2026-06-08T13:20:12Z"
"VA","Virginia","30c2d1ce-fdd6-4334-862e-6b16de995041","Mark Copas DDS Family Dentistry","-82.301032","36.873933","dentist","health_and_medical | teeth_whitening","19308 US Highway 58","Castlewood","24224","VA","US","","","","https://www.facebook.com/117404475099126","","0.9462028741836548","","7","meta | Overture","CDLA-Permissive-2.0","2026-04-27T00:00:00.000Z | 2026-06-11T11:57:15Z"
"VA","Virginia","30d0b888-9d42-4aa1-a60b-44313aca4a3b","Crozet Blue Ridge Dental","-78.709380626678","38.068821709896","dentist","health_and_medical | doctor","5974 Jarmans Gap Rd","Crozet","22932-3340","VA","US","+14348232385","blueridgedental@embarqmail.com","https://www.cbrdental.com/","https://www.facebook.com/185776115401970","Charlottesville Blue Ridge Dental","0.9703889489173889","","8","meta | Overture","CDLA-Permissive-2.0","2026-04-27T00:00:00.000Z | 2026-06-11T11:57:15Z"
"VA","Virginia","30f52e96-8b97-455b-b3af-3e7440e5d2cf","Lundahl David K DDS","-76.28963792","36.84613289","dentist","general_dentistry | health_and_medical","300 E Main St","Norfolk","23510-1720","VA","US","+17576284331","","","https://www.facebook.com/844819742233203","","0.9199122190475464","open","8","meta | Overture | Overture-signals","CDLA-Permissive-2.0","2026-04-27T00:00:00.000Z | 2026-06-11T11:57:15Z | 2026-05-12T00:29:08Z | 2026-05-18T13:23:54Z | 2026-05-25T13:08:59Z | 2026-06-01T13:20:32Z | 2026-06-08T13:20:12Z"
"VA","Virginia","30f5dff3-faa0-4547-9024-afd4066097ac","Arlington Smiles","-77.126521","38.901894","dentist","endodontist | health_and_medical","2501 N Glebe Rd","Arlington","22207-3558","VA","US","+17035269700","drleung@arlingtonsmiles.com","http://www.arlingtonsmiles.com/","https://www.facebook.com/122237874466558","Arlington Smiles","0.7647494673728943","","8","meta | Overture","CDLA-Permissive-2.0","2026-04-27T00:00:00.000Z | 2026-06-11T11:57:15Z"
"VA","Virginia","3108acc7-6789-4ef7-9247-ed8d1d230a90","Ryan D. Taylor, DMD","-77.26491182","38.75261575","dentist","general_dentistry | doctor","7485 Huntsman Blvd","Springfield","22153-1648","VA","US","+17036865738","office@ryantaylordmd.com","http://www.ryantaylordmd.com/","https://www.facebook.com/1805588703055050","","0.9902192950248718","open","9","meta | Overture | Overture-signals","CDLA-Permissive-2.0","2026-04-27T00:00:00.000Z | 2026-06-11T11:57:15Z | 2026-05-12T00:29:08Z | 2026-05-18T13:23:54Z | 2026-05-25T13:08:59Z | 2026-06-01T13:20:32Z | 2026-06-08T13:20:12Z"
"VA","Virginia","3109a6b2-2ed8-4703-86c2-fca1778b3416","Sterling Virginia Smiles","-77.4076851683533","39.0319660682872","dentist","","21475 Ridgetop Cir Ste 200","Sterling","20166","VA","US","(703) 444-3710","info@sterlingvirginiasmiles.com","http://sterlingvirginiasmiles.com","https://www.facebook.com/217212635103091","","0.9199122190475464","open","4","Foursquare | Overture | Overture-signals","Apache-2.0 | CDLA-Permissive-2.0","2025-12-31T00:00:00.000 | 2026-06-11T11:57:15Z | 2026-05-12T00:29:08Z | 2026-05-18T13:23:54Z | 2026-05-25T13:08:59Z | 2026-06-01T13:20:32Z | 2026-06-08T13:20:12Z"
"VA","Virginia","3148b5d5-e69b-4224-b221-7579254d79f9","Agnes B Fuentes DDS","-77.07637305","38.84859877","dentist","general_dentistry | cosmetic_dentist","2445 Army Navy Dr","Arlington","22206-2988","VA","US","+17035217802","a.fuentesdds@comcast.net","http://www.dragnesfuentes.com/","https://www.facebook.com/653758538002119","","0.9257736206054688","","3","meta | Overture","CDLA-Permissive-2.0","2026-04-27T00:00:00.000Z | 2026-06-11T11:57:15Z"
"VA","Virginia","31779ff5-cef7-4e47-8b93-6b591d8eabdc","Dental-Doctors of Lynchburg","-79.21687401","37.40788577","dentist","oral_surgeon","3615 Old Forest Rd","Lynchburg","24501-2952","VA","US","+14343857718","office@parkerdentalva.com","","https://www.facebook.com/2050222728365960","","0.9199122190475464","open","9","meta | Overture | Overture-signals","CDLA-Permissive-2.0","2026-04-27T00:00:00.000Z | 2026-06-11T11:57:15Z | 2026-05-12T00:29:08Z | 2026-05-18T13:23:54Z | 2026-05-25T13:08:59Z | 2026-06-01T13:20:32Z | 2026-06-08T13:20:12Z"
"VA","Virginia","317c72a3-2977-4552-8072-b64a6c3e197c","One Dental Labs LLC","-78.85600823","38.4420643","dentist","","111 S Carlton St","Harrisonburg","22801-4326","VA","US","+15406155552","james@onedentallabs.com","http://www.onedentallabs.com/","https://www.facebook.com/333540510781265","","0.9722161889076233","","8","meta | Overture","CDLA-Permissive-2.0","2026-04-27T00:00:00.000Z | 2026-06-11T11:57:15Z"
"VA","Virginia","31ab2e94-5771-4e05-beea-5cc1f1422903","Angel Heart & Soul Dentistry","-77.14654925","38.87008343","dentist","general_dentistry | health_and_medical","2942 Patrick Henry Dr","Falls Church","22044-2904","VA","US","+17035338808","angelheartdentistry@yahoo.com","http://angelheartandsouldentistry.com/","https://www.facebook.com/109777741489961","","0.9665782451629639","","8","meta | Overture","CDLA-Permissive-2.0","2026-04-27T00:00:00.000Z | 2026-06-11T11:57:15Z"
"VA","Virginia","31b80525-d4ee-4484-8fc2-3292f596a7b7","Affordable Dentures and Implants","-79.54556227","37.33715723","dentist","general_dentistry","819 Ole Turnpike Dr","Bedford","24523-2409","VA","US","+15406479773","fda02010@affordabledentures.com","https://www.affordabledentures.com/locations/va/bedford?utm_source=Facebook&utm_medium=Organic_Listing&utm_campaign=2010","https://www.facebook.com/796227183573480","Affordable Dentures & Implants","0.9199122190475464","open","8","meta | Overture | Overture-signals","CDLA-Permissive-2.0","2026-04-27T00:00:00.000Z | 2026-06-11T11:57:15Z | 2026-05-12T00:29:08Z | 2026-05-18T13:23:54Z | 2026-05-25T13:08:59Z | 2026-06-01T13:20:32Z | 2026-06-08T13:20:12Z"
"VA","Virginia","31cf8084-3cdf-4ce9-a46c-bf87c45edfb1","Mark Edward Blanchette","-79.1754261530144","37.4174331814529","dentist","","1925 Thomson Dr","Lynchburg","24501","VA","US","(434) 846-4014","info@blanchetteortho.com","http://www.blanchetteortho.com","","","0.77","","6","Foursquare | Overture","Apache-2.0 | CDLA-Permissive-2.0","2025-08-22T00:00:00.000 | 2026-06-11T11:57:15Z"
"VA","Virginia","31cfadab-1721-415e-ba4b-8cf43aeb77e6","Andrew W Henritze, DDS","-80.00292213036","37.2367207198748","dentist","","3611 Brambleton Ave","Roanoke","24018","VA","US","(540) 989-6600","doctor@drhenritze.com","http://www.drhenritze.com","https://www.twitter.com/drahenritze | https://www.facebook.com/152618434780637","","0.9199122190475464","open","4","Foursquare | Overture | Overture-signals","Apache-2.0 | CDLA-Permissive-2.0","2025-10-19T00:00:00.000 | 2026-06-11T11:57:15Z | 2026-05-12T00:29:08Z | 2026-05-18T13:23:54Z | 2026-05-25T13:08:59Z | 2026-06-01T13:20:32Z | 2026-06-08T13:20:12Z"
"VA","Virginia","31e321fe-7eb7-4d42-abbe-2aa36651e133","Advanced Dental Care of Stafford","-77.40824618","38.41903154","dentist","general_dentistry","2052 Richmond Hwy","Stafford","22554-7286","VA","US","+15406195678","staffordcareforyou@gmail.com","https://advanceddentalcareofstafford.com/","https://www.facebook.com/115669436506375","","0.9902192950248718","open","9","meta | Overture | Overture-signals","CDLA-Permissive-2.0","2026-04-27T00:00:00.000Z | 2026-06-11T11:57:15Z | 2026-05-12T00:29:08Z | 2026-05-18T13:23:54Z | 2026-05-25T13:08:59Z | 2026-06-01T13:20:32Z | 2026-06-08T13:20:12Z"
"VA","Virginia","31e5bcb7-8ce8-4c8c-918c-f300631f9061","FC Dental","-77.36715303","38.87082118","dentist","general_dentistry | cosmetic_dentist","3975 Fair Ridge Dr","Fairfax","22033-2911","VA","US","+17033855455","drsongfcdental@gmail.com","http://www.fcdental.com/","https://www.facebook.com/187360677965771","Fern Cottage Dental Practice","0.9199122190475464","open","9","meta | Overture | Overture-signals","CDLA-Permissive-2.0","2026-04-27T00:00:00.000Z | 2026-06-11T11:57:15Z | 2026-05-12T00:29:08Z | 2026-05-18T13:23:54Z | 2026-05-25T13:08:59Z | 2026-06-01T13:20:32Z | 2026-06-08T13:20:12Z"
"VA","Virginia","31ebefea-6cf3-4afb-87ff-b38176d226e1","River Club Dental Care","-77.42698003","38.25571201","dentist","endodontist | health_and_medical","10861 Tidewater Trl","Fredericksburg","22408-2048","VA","US","+15403717684","skim@riverclubdentalcare.com","http://www.riverclubdentalcare.com/","https://www.facebook.com/293800107477256","","0.9987979233264923","","8","meta | Overture","CDLA-Permissive-2.0","2026-04-27T00:00:00.000Z | 2026-06-11T11:57:15Z"
"VA","Virginia","31f221dc-37e9-4f18-a271-0b9fe6381472","Bawa Dentistry","-77.49078944","38.77008478","dentist","general_dentistry | cosmetic_dentist","8567 Sudley Rd","Manassas","20110-3865","VA","US","+17033694545","info@bawadentistry.com","https://www.bawadentistry.com/","https://www.facebook.com/137023199662861","Bawa Dentistry","0.9902192950248718","open","8","meta | Overture | Overture-signals","CDLA-Permissive-2.0","2026-04-27T00:00:00.000Z | 2026-06-11T11:57:15Z | 2026-05-12T00:29:08Z | 2026-05-18T13:23:54Z | 2026-05-25T13:08:59Z | 2026-06-01T13:20:32Z | 2026-06-08T13:20:12Z"
"VA","Virginia","3212762a-a3e0-4868-a315-9f9d5537d278","Nottingham Family Dentistry","-76.29025","36.85381","dentist","","142 W York St","Norfolk","23510-2000","VA","US","+17576239545","nottinghamfamilydentistry@gmail.com","http://www.nottinghamfamilydentistry.com","https://www.facebook.com/333624634244461","","0.9361128211021423","","8","meta | Overture","CDLA-Permissive-2.0","2026-04-27T00:00:00.000Z | 2026-06-11T11:57:15Z"
"VA","Virginia","3213fbd5-307c-453d-ba94-eb75bc6214f3","RDA Railroad Dental Associates","-77.441444","38.763699","dentist","train_station | transportation","9110 Railroad Dr","Manassas Park","20111-7008","VA","US","+17033650230","tbatistas@railroaddentalassociates.com","http://railroaddentalassociates.com/","https://www.facebook.com/176895389106844","Railroad Dental Associates","0.6012594103813171","","9","meta | Overture","CDLA-Permissive-2.0","2026-04-27T00:00:00.000Z | 2026-06-11T11:57:15Z"
"VA","Virginia","321af9b3-454e-4461-b566-982fbc76afe9","Seneca Smiles","-77.34343528","39.00160792","dentist","general_dentistry","1025 Seneca Rd","Great Falls","22066-1365","VA","US","+15713067676","senecasmilesva@gmail.com","http://www.senecasmilesva.com/","https://www.facebook.com/302984669809462","","0.9199122190475464","open","8","meta | Overture | Overture-signals","CDLA-Permissive-2.0","2026-04-27T00:00:00.000Z | 2026-06-11T11:57:15Z | 2026-05-12T00:29:08Z | 2026-05-18T13:23:54Z | 2026-05-25T13:08:59Z | 2026-06-01T13:20:32Z | 2026-06-08T13:20:12Z"
"VA","Virginia","3232d12a-f911-4390-a6b7-3139fa29f08b","Virginia Sleep and TMJ Therapy","-77.56507202","37.55107057","dentist","","8730 Stony Point Pkwy","Richmond","23235-0009","VA","US","+18047293474","contactus@vasleeptmj.com","http://vasleeptmj.com","https://www.facebook.com/379311102437226","","0.9199122190475464","open","8","meta | Overture | Overture-signals","CDLA-Permissive-2.0","2026-04-27T00:00:00.000Z | 2026-06-11T11:57:15Z | 2026-05-12T00:29:08Z | 2026-05-18T13:23:54Z | 2026-05-25T13:08:59Z | 2026-06-01T13:20:32Z | 2026-06-08T13:20:12Z"
"VA","Virginia","323dc54c-c440-405d-b885-299f3ebe1c0e","Dr William C Berbes","-78.90208103","38.06854993","dentist","health_and_medical | pharmacy","1305 13th St","Waynesboro","22980-3631","VA","US","+15409498550","","","https://www.facebook.com/108893850475822","","0.5801959037780762","","2","meta | Overture","CDLA-Permissive-2.0","2026-04-27T00:00:00.000Z | 2026-06-11T11:57:15Z"
"VA","Virginia","3268c321-6f3f-4464-a46d-fb02f694472c","Spring Dental Care","-77.18514036","38.78240003","dentist","general_dentistry | health_and_medical","6828 Commerce St","Springfield","22150-2603","VA","US","+17034512222","springdentalva@gmail.com","http://www.springdentalcareVA.com/","https://www.facebook.com/2139701862941587","","0.9199122190475464","open","9","meta | Overture | Overture-signals","CDLA-Permissive-2.0","2026-04-27T00:00:00.000Z | 2026-06-11T11:57:15Z | 2026-05-12T00:29:08Z | 2026-05-18T13:23:54Z | 2026-05-25T13:08:59Z | 2026-06-01T13:20:32Z | 2026-06-08T13:20:12Z"
"VA","Virginia","3268d6cf-bf40-44a6-8eea-914bbe0bacbf","Twigg Charles Bayliss Dr Optmtrst Ofc","-77.982484","39.151319","dentist","optometrist | doctor","33 W Main St","Berryville","22611-1340","VA","US","+15409555051","","","https://www.facebook.com/141719679207259","","0.8289517760276794","","4","meta | Overture","CDLA-Permissive-2.0","2026-04-27T00:00:00.000Z | 2026-06-11T11:57:15Z"
"VA","Virginia","32912606-553d-4888-bce6-25aff4cfa51b","Thien Le","-77.18592645","38.81384014","dentist","vietnamese_restaurant | family_practice","5105 Backlick Rd","Annandale","22003-6052","VA","US","+17039426612","","http://www.springdaledentistry.com/","https://www.facebook.com/769583286479194","","0.9199122190475464","open","7","meta | Overture | Overture-signals","CDLA-Permissive-2.0","2026-04-27T00:00:00.000Z | 2026-06-11T11:57:15Z | 2026-05-12T00:29:08Z | 2026-05-18T13:23:54Z | 2026-05-25T13:08:59Z | 2026-06-01T13:20:32Z | 2026-06-08T13:20:12Z"
"VA","Virginia","32b21057-7922-41bd-8011-a4d7dab198b7","Capital Dental Design","-77.52297783","37.60440534","dentist","cosmetic_dentist | general_dentistry","6946 Forest Ave","Richmond","23230","VA","US","+18043208894","office@capitaldentaldesign.com","https://capitaldentaldesign.com/","https://www.facebook.com/300167793727240","","0.9199122190475464","open","8","meta | Overture | Overture-signals","CDLA-Permissive-2.0","2026-04-27T00:00:00.000Z | 2026-06-11T11:57:15Z | 2026-05-12T00:29:08Z | 2026-05-18T13:23:54Z | 2026-05-25T13:08:59Z | 2026-06-01T13:20:32Z | 2026-06-08T13:20:12Z"
"VA","Virginia","331d2728-f3e6-47f0-98cb-a68d1035621b","Family Dental of Virginia","-76.38951687","37.04530572","dentist","general_dentistry","2040 Coliseum Dr","Hampton","23666-3200","VA","US","+17572620020","","http://www.dentaldreams.com","https://www.facebook.com/149220395216410","","0.9902192950248718","open","8","meta | Overture | Overture-signals","CDLA-Permissive-2.0","2026-04-27T00:00:00.000Z | 2026-06-11T11:57:15Z | 2026-05-12T00:29:08Z | 2026-05-18T13:23:54Z | 2026-05-25T13:08:59Z | 2026-06-01T13:20:32Z | 2026-06-08T13:20:12Z"
"VA","Virginia","335a5261-d95b-42f3-96c3-9b4258588c1e","Drs. Woodside & Sentz DDS","-77.78274519","38.71425732","dentist","general_dentistry","361 Walker Dr","Warrenton","20186-4364","VA","US","+15402160860","info@woodside-sentz.com","https://www.woodside-sentz.com/","https://www.facebook.com/2167895803528024","Drs. Woodside & Sentz DDS","0.9902192950248718","open","9","meta | Overture | Overture-signals","CDLA-Permissive-2.0","2026-04-27T00:00:00.000Z | 2026-06-11T11:57:15Z | 2026-05-12T00:29:08Z | 2026-05-18T13:23:54Z | 2026-05-25T13:08:59Z | 2026-06-01T13:20:32Z | 2026-06-08T13:20:12Z"
"VA","Virginia","33646a7d-7a64-482e-bcd6-d4be3b61f534","Dr Marie Hooshmand, DDS - Cascades Dental Care","-77.3967","39.03035","dentist","oral_surgeon | health_and_medical","21165 Whitfield Pl","Sterling","20165-7276","VA","US","+17034441656","dental20165@gmail.com","https://drmhooshmand.wixsite.com/home","https://www.facebook.com/176354825773591","","0.8193456530570984","","8","meta | Overture","CDLA-Permissive-2.0","2026-04-27T00:00:00.000Z | 2026-06-11T11:57:15Z"
"VA","Virginia","336507ca-ddd1-41d4-a4cd-cd9d946ce36e","RK Dental Care","-77.36125061","38.86604579","dentist","orthodontist | cosmetic_dentist","12011 Lee Jackson Memorial Hwy","Fairfax","22033-3314","VA","US","+17032685622","info@myfairoaksdentist.com","http://www.rkdentalcare.com/","https://www.facebook.com/677729458919449","","0.9902192950248718","open","8","meta | Overture | Overture-signals","CDLA-Permissive-2.0","2026-04-27T00:00:00.000Z | 2026-06-11T11:57:15Z | 2026-05-12T00:29:08Z | 2026-05-18T13:23:54Z | 2026-05-25T13:08:59Z | 2026-06-01T13:20:32Z | 2026-06-08T13:20:12Z"
"VA","Virginia","3370b7e9-97d6-4547-a38a-94de9b6bb1a2","Smiles in Springfield","-77.18279321","38.80337683","dentist","general_dentistry","5413 Backlick Rd","Springfield","22151-3915","VA","US","+15715407833","info@smilesinspringfield.dental","https://dentistinspringfieldva.com/","https://www.facebook.com/1153666511329038","Smiles in Springfield","0.9199122190475464","open","9","meta | Overture | Overture-signals","CDLA-Permissive-2.0","2026-04-27T00:00:00.000Z | 2026-06-11T11:57:15Z | 2026-05-12T00:29:08Z | 2026-05-18T13:23:54Z | 2026-05-25T13:08:59Z | 2026-06-01T13:20:32Z | 2026-06-08T13:20:12Z"
"VA","Virginia","3372bd6a-fda5-4d45-bf68-9054be64ad98","Thompson T Andrew DDS","-77.26981542","38.8997021","dentist","health_and_medical | medical_service_organizations","243 Church St NW","Vienna","22180-4432","VA","US","+17032550552","","http://www.drthompsondds.com/","https://www.facebook.com/175658902612326","Andrew Thompson, DDS, PC","0.9696459770202637","","2","meta | Overture","CDLA-Permissive-2.0","2026-04-27T00:00:00.000Z | 2026-06-11T11:57:15Z"
"VA","Virginia","33c4f6ec-41b1-4df3-ac2a-5d80abb8ba00","Dental Devotion","-77.11575447","38.88315914","dentist","cosmetic_dentist | general_dentistry","1005 N Glebe Rd","Arlington","22201-4751","VA","US","+17035281222","info@dentaldevotion.com","http://www.dentaldevotion.com/","https://www.facebook.com/1462191030739172","","0.9902192950248718","open","8","meta | Overture | Overture-signals","CDLA-Permissive-2.0","2026-04-27T00:00:00.000Z | 2026-06-11T11:57:15Z | 2026-05-12T00:29:08Z | 2026-05-18T13:23:54Z | 2026-05-25T13:08:59Z | 2026-06-01T13:20:32Z | 2026-06-08T13:20:12Z"
"VA","Virginia","33c9d7de-726c-4e6a-a38d-3a5ed8f2aa94","Williamson M Madison PC DDS","-77.585106","38.203549","dentist","","9137 Courthouse Rd Ste 100","Spotsylvania","22553","VA","US","(540) 582-6247","","https://www.brilliancedentalva.com","","","0.9199122190475464","open","4","Foursquare | Overture | Overture-signals","Apache-2.0 | CDLA-Permissive-2.0","2025-08-19T00:00:00.000 | 2026-06-11T11:57:15Z | 2026-05-12T00:29:08Z | 2026-05-18T13:23:54Z | 2026-05-25T13:08:59Z | 2026-06-01T13:20:32Z | 2026-06-08T13:20:12Z"
"VA","Virginia","33ec096d-a92d-4b4f-8d62-339779a0389d","Dental Care at Crystal Park","-77.04896617","38.85370708","dentist","general_dentistry | health_and_medical","2231 Crystal Dr","Arlington","22202-3711","VA","US","+15716095652","dccrystalpark@heartlanddentalcare.com","https://dentalcareatcrystalpark.com/","https://www.facebook.com/255680084456680","Park Dental","0.9997544788122177","","9","meta | Overture","CDLA-Permissive-2.0","2026-04-27T00:00:00.000Z | 2026-06-11T11:57:15Z"
"VA","Virginia","33fe5cc8-0dff-4829-87f0-358e36b946e0","Virginia Family Dentistry","-77.5251302588815","37.6580024121977","dentist","","10212 Staples Mill Rd","Glen Allen","23060","VA","US","(804) 672-4900","formsstaplesmill@wbperkinson.com","https://www.vadentist.com/office-locations/west-end-staples-mill","","","0.77","","3","Foursquare | Overture","Apache-2.0 | CDLA-Permissive-2.0","2025-12-15T00:00:00.000 | 2026-06-11T11:57:15Z"
"VA","Virginia","33ff830e-c1f3-4888-967a-87fea3d1763c","Dr. Tammie K. Miller, DDS","-78.18210237","39.15831151","dentist","cosmetic_dentist | general_dentistry","2325 Valor Dr","Winchester","22601-6111","VA","US","+15404508888","info@windentalspa.com","http://www.winchesterdentalspa.com/","https://www.facebook.com/111389895574330","","0.9199122190475464","open","9","meta | Overture | Overture-signals","CDLA-Permissive-2.0","2026-04-27T00:00:00.000Z | 2026-06-11T11:57:15Z | 2026-05-12T00:29:08Z | 2026-05-18T13:23:54Z | 2026-05-25T13:08:59Z | 2026-06-01T13:20:32Z | 2026-06-08T13:20:12Z"
"VA","Virginia","34154113-5fd4-4764-82c1-7e365b0805c5","Family Dentistry","-76.29072451","36.86968727","dentist","general_dentistry","2200 Colonial Ave","Norfolk","23517-1915","VA","US","+17576260633","ghentfamily@verizon.net","http://www.familydentistrynorfolk.com/","https://www.facebook.com/464419450264758","","0.9199122190475464","open","8","meta | Overture | Overture-signals","CDLA-Permissive-2.0","2026-04-27T00:00:00.000Z | 2026-06-11T11:57:15Z | 2026-05-12T00:29:08Z | 2026-05-18T13:23:54Z | 2026-05-25T13:08:59Z | 2026-06-01T13:20:32Z | 2026-06-08T13:20:12Z"
"VA","Virginia","34195483-f0dc-4319-9de5-d9bcc2642fe2","Dentistry of Alexandria","-77.08662738","38.80868665","dentist","general_dentistry | cosmetic_dentist","3223 Duke St","Alexandria","22314-4555","VA","US","+15712576994","info@dentistryofalexandria.com","http://www.dentistryofalexandria.com/","https://www.facebook.com/193131977809046","","0.9989045049250126","","8","meta | Overture","CDLA-Permissive-2.0","2026-04-27T00:00:00.000Z | 2026-06-11T11:57:15Z"
"VA","Virginia","3425d739-ad68-46e8-9abc-f8a98cdb2791","Desirable Smiles","-77.36687","38.87085","dentist","cosmetic_dentist | teeth_whitening","4001 Fair Ridge Dr","Fairfax","22033-2917","VA","US","+17035917000","arianidental@gmail.com","http://www.desirable-smiles.com/","https://www.facebook.com/113200946701578","","0.9783228635787964","","7","meta | Overture","CDLA-Permissive-2.0","2026-04-27T00:00:00.000Z | 2026-06-11T11:57:15Z"
"VA","Virginia","3442a634-50a6-4c8b-808a-f3c33483b4ae","Leonard I. Nunnally, DDS, PC Family Dentistry","-77.5940255696688","37.6877432050022","dentist","","11531 Nuckols Rd Ste B","Glen Allen","23059","VA","US","(804) 747-0908","","http://ksainteriors.com","","","0.9199122190475464","open","5","Foursquare | Overture | Overture-signals","Apache-2.0 | CDLA-Permissive-2.0","2025-08-22T00:00:00.000 | 2026-06-11T11:57:15Z | 2026-05-12T00:29:08Z | 2026-05-18T13:23:54Z | 2026-05-25T13:08:59Z | 2026-06-01T13:20:32Z | 2026-06-08T13:20:12Z"
"VA","Virginia","3447680f-0952-4f3a-8d19-0d7636f3e64e","Dr. Cristina E. Nastea","-77.22644369","38.78175222","dentist","general_dentistry | cosmetic_dentist","8134 Old Keene Mill Rd","Springfield","22152-1800","VA","US","+17035699494","office@nasteadds.com","http://prodds.com/","https://www.facebook.com/696150120402982","PRODDS","0.9199122190475464","open","9","meta | Overture | Overture-signals","CDLA-Permissive-2.0","2026-04-27T00:00:00.000Z | 2026-06-11T11:57:15Z | 2026-05-12T00:29:08Z | 2026-05-18T13:23:54Z | 2026-05-25T13:08:59Z | 2026-06-01T13:20:32Z | 2026-06-08T13:20:12Z"
"VA","Virginia","344d823c-7dbb-4828-a1aa-f327ea656be5","Caring Dental of Alexandria","-77.12137591","38.81112006","dentist","general_dentistry","50 S Pickett St","Alexandria","22304-7200","VA","US","+15717755555","info@caringdentalva.com","https://caringdentalva.com/","https://www.facebook.com/394117964500628","","0.9902192950248718","open","9","meta | Overture | Overture-signals","CDLA-Permissive-2.0","2026-04-27T00:00:00.000Z | 2026-06-11T11:57:15Z | 2026-05-12T00:29:08Z | 2026-05-18T13:23:54Z | 2026-05-25T13:08:59Z | 2026-06-01T13:20:32Z | 2026-06-08T13:20:12Z"
"VA","Virginia","3456fae3-4335-428d-9c1c-23d9403f378f","Carabella Dental of Alexandria","-77.12801357","38.80745128","dentist","general_dentistry","420 S Pickett St","Alexandria","22304-4706","VA","US","+17037403060","carabelladental@gmail.com","http://Carabelladental.com/","https://www.facebook.com/113092480554328","","0.9902192950248718","open","9","meta | Overture | Overture-signals","CDLA-Permissive-2.0","2026-04-27T00:00:00.000Z | 2026-06-11T11:57:15Z | 2026-05-12T00:29:08Z | 2026-05-18T13:23:54Z | 2026-05-25T13:08:59Z | 2026-06-01T13:20:32Z | 2026-06-08T13:20:12Z"
