"state_code","state","id","name","longitude","latitude","primary_category","alternate_categories","address","locality","postcode","region","country","phones","emails","websites","socials","brand","confidence","operating_status","version","source_datasets","source_licenses","source_update_times"
"WV","West Virginia","0102d83e-0e7c-4f2e-9ad9-9248becbea37","Michael L. Smith, DDS","-81.23598091","37.73891111","dentist","doctor | health_and_medical","1271 Robert C Byrd Dr","Crab Orchard","25827-1704","WV","US","+13042534473","","http://drmichaelsmithdds.com/","https://www.facebook.com/111203313969365","","0.9199122190475464","open","9","meta | Overture | Overture-signals","CDLA-Permissive-2.0","2026-04-27T00:00:00.000Z | 2026-06-11T11:57:15Z | 2026-05-12T00:29:08Z | 2026-05-18T13:23:54Z | 2026-05-25T13:08:59Z | 2026-06-01T13:20:32Z | 2026-06-08T13:20:12Z"
"WV","West Virginia","01b1a4dc-bfce-40fe-a950-4119dd1c06e4","Excellence by Choice Dental - Chris J. Giuliani, DDS","-79.9613252767535","39.6343297240423","dentist","","4 W Park Ave","Morgantown","26501","WV","US","(304) 906-4356","","http://drgiuliani.com","","","0.9199122190475464","open","4","Foursquare | Overture | Overture-signals","Apache-2.0 | CDLA-Permissive-2.0","2025-08-22T00:00:00.000 | 2026-06-11T11:57:15Z | 2026-05-12T00:29:08Z | 2026-05-18T13:23:54Z | 2026-05-25T13:08:59Z | 2026-06-01T13:20:32Z | 2026-06-08T13:20:12Z"
"WV","West Virginia","03c14b69-2d1b-44ba-927b-012391a27abd","TMJ & Sleep Solutions of West Virginia","-81.55051233","39.24211938","dentist","health_and_medical","1414 Blizzard Dr","Parkersburg","26101-6423","WV","US","+13044245355","dr.moore@tmjsleepwva.com","http://tmjsleepwva.com/","https://www.facebook.com/776346042223958","","0.9199122190475464","open","8","meta | Overture | Overture-signals","CDLA-Permissive-2.0","2026-04-27T00:00:00.000Z | 2026-06-11T11:57:15Z | 2026-05-12T00:29:08Z | 2026-05-18T13:23:54Z | 2026-05-25T13:08:59Z | 2026-06-01T13:20:32Z | 2026-06-08T13:20:12Z"
"WV","West Virginia","055e5524-601e-4c30-966f-1c6d62f5227e","South Branch Dental","-79.32938209","38.64438982","dentist","","161 S Branch St","Franklin","26807-6614","WV","US","+13043582522","","","https://www.facebook.com/207957422720404","","0.9199122190475464","open","6","meta | Overture | Overture-signals","CDLA-Permissive-2.0","2026-04-27T00:00:00.000Z | 2026-06-11T11:57:15Z | 2026-05-12T00:29:08Z | 2026-05-18T13:23:54Z | 2026-05-25T13:08:59Z | 2026-06-01T13:20:32Z | 2026-06-08T13:20:12Z"
"WV","West Virginia","0562f13c-8754-41ef-b4b4-c337ccbbef9a","Drs Bush and Mason Family Dentistry","-82.1119120433893","38.9192459100737","dentist","","5527 Ohio River Rd","Point Pleasant","25550","WV","US","(304) 675-6012","bush.masonfamilydentistry@gmail.com","http://www.bushmasonfd.com","https://www.facebook.com/480292408758755","","0.9199122190475464","open","4","Foursquare | Overture | Overture-signals","Apache-2.0 | CDLA-Permissive-2.0","2025-08-22T00:00:00.000 | 2026-06-11T11:57:15Z | 2026-05-12T00:29:08Z | 2026-05-18T13:23:54Z | 2026-05-25T13:08:59Z | 2026-06-01T13:20:32Z | 2026-06-08T13:20:12Z"
"WV","West Virginia","056d382e-8ff9-4c64-82e7-c0feb40c776c","Huntington Family Dental","-82.30087634","38.41632879","dentist","general_dentistry","6353 E Pea Ridge Rd","Huntington","25705-2525","WV","US","+13047364794","info@huntingtonfamilydental.net","https://sites.google.com/huntingtonfamilydental.net/huntington-family-dental/home","https://www.facebook.com/111464195115131","Huntington Family Dental","0.8673699498176575","open","9","meta | Overture | Overture-signals","CDLA-Permissive-2.0","2026-04-27T00:00:00.000Z | 2026-06-11T11:57:15Z | 2026-05-12T00:29:08Z"
"WV","West Virginia","05db4ccb-614f-4bff-b41a-3dddc56e4c76","Morgan Hypes DDS","-81.15631236","37.97594044","dentist","doctor | health_and_medical","400 Virginia St","Oak Hill","25901-2009","WV","US","+13044655361","halefamilydentistry@drjohnhale.com","http://drjohnhale.com/","https://www.facebook.com/1481647978786786","Hale and Hypes Family Dentistry","0.9199122190475464","open","7","meta | Overture | Overture-signals","CDLA-Permissive-2.0","2026-04-27T00:00:00.000Z | 2026-06-11T11:57:15Z | 2026-05-12T00:29:08Z | 2026-05-18T13:23:54Z | 2026-05-25T13:08:59Z | 2026-06-01T13:20:32Z | 2026-06-08T13:20:12Z"
"WV","West Virginia","07703de8-0761-4e08-a754-30ffb65e6328","WVU Dental","-79.95747088","39.65344094","dentist","general_dentistry | health_and_medical","64 Medical Center Dr","Morgantown","26506","WV","US","+13042936208","sodnews@hsc.wvu.edu","http://wvudentalcare.org/","https://www.facebook.com/558267534292099","","0.9722161889076233","","10","meta | Overture","CDLA-Permissive-2.0","2026-04-27T00:00:00.000Z | 2026-06-11T11:57:15Z"
"WV","West Virginia","08710ccf-aa43-44dd-8662-4895d4f12f28","William A Reynolds III, DDS","-81.77681398","38.43245917","dentist","general_dentistry | medical_service_organizations","5304 Koontz Dr","Charleston","25313-1016","WV","US","+13047761821","reynoldsiiidds@gmail.com","","https://www.facebook.com/109045972022082","","0.9199122190475464","open","7","meta | Overture | Overture-signals","CDLA-Permissive-2.0","2026-04-27T00:00:00.000Z | 2026-06-11T11:57:15Z | 2026-05-12T00:29:08Z | 2026-05-18T13:23:54Z | 2026-05-25T13:08:59Z | 2026-06-01T13:20:32Z | 2026-06-08T13:20:12Z"
"WV","West Virginia","08e15cd9-3965-44d5-81ba-819e7d2da871","Kilcollin Dental","-80.4384994506836","37.8047348423234","dentist","health_and_medical","1393 Jefferson St N","Lewisburg","24901","WV","US","3046453883","","http://www.kilcollindental.com/","","","0.85","","7","Microsoft | Overture","CDLA-Permissive-2.0","2016-06-29T12:09:04.557Z | 2026-06-11T11:57:15Z"
"WV","West Virginia","0b6f0591-53bb-4ab3-b68a-1691c6a699b9","Dr Noorbakhsh","-81.5386877560227","39.2825957325824","dentist","","2801 Dudley Ave","Parkersburg","26101","WV","US","(304) 428-2800","","http://www.omsawv.com","","","0.9199122190475464","open","4","Foursquare | Overture | Overture-signals","Apache-2.0 | CDLA-Permissive-2.0","2025-10-18T00:00:00.000 | 2026-06-11T11:57:15Z | 2026-05-12T00:29:08Z | 2026-05-18T13:23:54Z | 2026-05-25T13:08:59Z | 2026-06-01T13:20:32Z | 2026-06-08T13:20:12Z"
"WV","West Virginia","0b72bc66-ab3f-4b9b-9327-d3766ecfba76","Dr. Justin Whetzel","-78.9924569","39.42706456","dentist","health_and_medical | family_practice","1035 Florida Ave","Keyser","26726-2804","WV","US","+13047886647","","","https://www.facebook.com/1075643585842700","","0.9199122190475464","open","7","meta | Overture | Overture-signals","CDLA-Permissive-2.0","2026-04-27T00:00:00.000Z | 2026-06-11T11:57:15Z | 2026-05-12T00:29:08Z | 2026-05-18T13:23:54Z | 2026-05-25T13:08:59Z | 2026-06-01T13:20:32Z | 2026-06-08T13:20:12Z"
"WV","West Virginia","0ba1123e-c7ab-4a54-a469-938a78676571","Meegan Hunt Dentistry","-81.70612601","38.82586117","dentist","general_dentistry | health_and_medical","621 N Church St","Ripley","25271-8444","WV","US","+13043724011","","","https://www.facebook.com/167303773298793","","0.9199122190475464","open","9","meta | Overture | Overture-signals","CDLA-Permissive-2.0","2026-04-27T00:00:00.000Z | 2026-06-11T11:57:15Z | 2026-05-12T00:29:08Z | 2026-05-18T13:23:54Z | 2026-05-25T13:08:59Z | 2026-06-01T13:20:32Z | 2026-06-08T13:20:12Z"
"WV","West Virginia","0c9c0f43-fc73-41b2-82d6-9591d3563a20","John P. Burgess, DDS","-81.63183432","38.35161841","dentist","general_dentistry | medical_service_organizations","405 Capitol St","Charleston","25301-1727","WV","US","+13043464820","","http://burgessdentalwv.com","https://www.facebook.com/180760638622401","","0.9722161889076233","","9","meta | Overture","CDLA-Permissive-2.0","2026-04-27T00:00:00.000Z | 2026-06-11T11:57:15Z"
"WV","West Virginia","0cf6a42e-948b-44a5-8d24-2184faa140c0","Sunny Smiles Family Dentistry","-78.23387683","39.61548788","dentist","general_dentistry | medical_service_organizations","345 Concord Ave","Berkeley Springs","25411-1235","WV","US","+13042582291","sunnysmilesstaff@gmail.com","https://www.sunnysmilesfamilydental.com/","https://www.facebook.com/211055962279704","","0.9199122190475464","open","8","meta | Overture | Overture-signals","CDLA-Permissive-2.0","2026-04-27T00:00:00.000Z | 2026-06-11T11:57:15Z | 2026-05-12T00:29:08Z | 2026-05-18T13:23:54Z | 2026-05-25T13:08:59Z | 2026-06-01T13:20:32Z | 2026-06-08T13:20:12Z"
"WV","West Virginia","0ed89d21-90f3-4763-a9d6-54c3244a2a39","Affordable Dentures and Implants","-80.27965008","39.28137232","dentist","general_dentistry","102 Tolley Dr","Bridgeport","26330-1668","WV","US","+16813813132","fda05024@affordabledentures.com","https://www.affordabledentures.com/locations/wv/bridgeport?utm_source=Facebook&utm_medium=Organic_Listing&utm_campaign=5024","https://www.facebook.com/793391727189217","Affordable Dentures & Implants","0.9199122190475464","open","8","meta | Overture | Overture-signals","CDLA-Permissive-2.0","2026-04-27T00:00:00.000Z | 2026-06-11T11:57:15Z | 2026-05-12T00:29:08Z | 2026-05-18T13:23:54Z | 2026-05-25T13:08:59Z | 2026-06-01T13:20:32Z | 2026-06-08T13:20:12Z"
"WV","West Virginia","0fe7f1ae-ebf3-42ed-886b-3f031874d571","ISmile Ortho","-80.269642","39.282066","dentist","","930 W Main St","Bridgeport","26330","WV","US","(844) 476-4531","","http://www.ismileorthowv.com","","","0.9199122190475464","open","4","Foursquare | Overture | Overture-signals","Apache-2.0 | CDLA-Permissive-2.0","2025-08-19T00:00:00.000 | 2026-06-11T11:57:15Z | 2026-05-12T00:29:08Z | 2026-05-18T13:23:54Z | 2026-05-25T13:08:59Z | 2026-06-01T13:20:32Z | 2026-06-08T13:20:12Z"
"WV","West Virginia","0fe9d91b-74f5-49b3-84c1-509eec96d685","Warnick & Semder Dentistry","-81.897844","38.531441","dentist","medical_service_organizations | health_and_medical","12470 Winfield Rd","Winfield","25213-7129","WV","US","+13045864444","warnickandsemder@gmail.com","https://www.warnickandsemder.com","https://www.facebook.com/101343326881111","Warnick & Semder Dentistry","0.7919607162475586","","7","meta | Overture","CDLA-Permissive-2.0","2026-04-27T00:00:00.000Z | 2026-06-11T11:57:15Z"
"WV","West Virginia","1148b421-b9d5-4eca-b70a-9e1827325e94","William Mark Neal","-80.2318495858665","38.9931603017732","dentist","","Professional Arts Plz Ste A","Buckhannon","26201","WV","US","(304) 472-1776","","http://www.mountaineerorthodontics.com","","","0.77","","5","Foursquare | Overture","Apache-2.0 | CDLA-Permissive-2.0","2025-08-22T00:00:00.000 | 2026-06-11T11:57:15Z"
"WV","West Virginia","1169d48d-d78c-4fef-9f64-110bfc8f18b2","Motto Clear Aligners","-82.29182329","38.4155174","dentist","health_and_medical","29 Tanyard Station Dr","Barboursville","25504","WV","US","3049482006","","https://www.aspendental.com/dentist/wv/barboursville/29-tanyard-station-dr/motto-clear-aligners/","","","0.85","","8","Microsoft | Overture","CDLA-Permissive-2.0","2025-10-03T21:16:24.510Z | 2026-06-11T11:57:15Z"
"WV","West Virginia","11e95161-2efd-4818-86ac-b868b01af872","Conde & Malone Family Dentistry","-80.23190822","38.9714523","dentist","general_dentistry","546 Route 20 South Rd","Buckhannon","26201-3904","WV","US","+13044722774","mantylou@msn.com","https://www.johnscondemalone.com","https://www.facebook.com/324318194087942","","0.9121739268302917","","10","meta | Overture","CDLA-Permissive-2.0","2026-04-27T00:00:00.000Z | 2026-06-11T11:57:15Z"
"WV","West Virginia","11f8cdbc-c766-4fdc-897b-012e3a4f025a","Teays Dental Care","-81.94362036","38.44836574","dentist","general_dentistry","3964 Teays Valley Rd","Hurricane","25526-9796","WV","US","+13047571000","teaysdentalcare@suddenlinkmail.com","http://www.teaysdentalcare.com/","https://www.facebook.com/182252375311625","Teays Dental Care","0.9199122190475464","open","9","meta | Overture | Overture-signals","CDLA-Permissive-2.0","2026-04-27T00:00:00.000Z | 2026-06-11T11:57:15Z | 2026-05-12T00:29:08Z | 2026-05-18T13:23:54Z | 2026-05-25T13:08:59Z | 2026-06-01T13:20:32Z | 2026-06-08T13:20:12Z"
"WV","West Virginia","123246f2-baef-402e-ae85-f55c28f52029","Dr. Johnathon G. Winkler DDS","-81.18516928","37.80228168","dentist","endodontist | doctor","3873 Robert C Byrd Dr","Beckley","25801-2964","WV","US","+13042557668","john@winklerendodontics.com","http://www.winklerendodontics.com","https://www.facebook.com/166900583325009","","0.9199122190475464","open","8","meta | Overture | Overture-signals","CDLA-Permissive-2.0","2026-04-27T00:00:00.000Z | 2026-06-11T11:57:15Z | 2026-05-12T00:29:08Z | 2026-05-18T13:23:54Z | 2026-05-25T13:08:59Z | 2026-06-01T13:20:32Z | 2026-06-08T13:20:12Z"
"WV","West Virginia","1386e080-314e-48f2-ad03-6acb5ce4aa4f","May Hillman H DDS","-80.57199928","40.61141274","dentist","general_dentistry | health_and_medical","128 1st St","Chester","26034-1002","WV","US","+13043872432","","","https://www.facebook.com/104809119585512","","0.9199122190475464","open","7","meta | Overture | Overture-signals","CDLA-Permissive-2.0","2026-04-27T00:00:00.000Z | 2026-06-11T11:57:15Z | 2026-05-12T00:29:08Z | 2026-05-18T13:23:54Z | 2026-05-25T13:08:59Z | 2026-06-01T13:20:32Z | 2026-06-08T13:20:12Z"
"WV","West Virginia","139c1235-6e11-40da-b969-fa456f84e785","Dr. J. Lee Horton Jr DDS","-77.98809982","39.46535662","dentist","doctor | medical_service_organizations","96 Old Mill Rd","Martinsburg","25401-9284","WV","US","+13042630707","","http://www.hortonfamilydentistry.com/","https://www.facebook.com/104193196314970","","0.9199122190475464","open","8","meta | Overture | Overture-signals","CDLA-Permissive-2.0","2026-04-27T00:00:00.000Z | 2026-06-11T11:57:15Z | 2026-05-12T00:29:08Z | 2026-05-18T13:23:54Z | 2026-05-25T13:08:59Z | 2026-06-01T13:20:32Z | 2026-06-08T13:20:12Z"
"WV","West Virginia","140fbb68-33c7-4157-a8c2-0bdc89b60efb","Vance Alan K DDS","-82.2771882","37.6726465","dentist","general_dentistry | health_and_medical","117 E 3rd Ave","Williamson","25661-3619","WV","US","+13042350133","vancedental@frontier.com","http://vancedentalwv.com","https://www.facebook.com/158535170847753","","0.9199122190475464","open","10","meta | Overture | Overture-signals","CDLA-Permissive-2.0","2026-04-27T00:00:00.000Z | 2026-06-11T11:57:15Z | 2026-05-12T00:29:08Z | 2026-05-18T13:23:54Z | 2026-05-25T13:08:59Z | 2026-06-01T13:20:32Z | 2026-06-08T13:20:12Z"
"WV","West Virginia","142273d1-8f02-495e-b228-27207e31e4bf","Anthony J Williams DDS","-81.17145699","37.7970893","dentist","cosmetic_dentist | general_dentistry","200 Stanaford Rd","Beckley","25801-3140","WV","US","+13042524141","info@anthonywilliamsdds.com","http://www.anthonywilliamsdds.com/","https://www.facebook.com/436956176422360","Anthony J Williams DDS","0.9942445158958435","","8","meta | Overture","CDLA-Permissive-2.0","2026-04-27T00:00:00.000Z | 2026-06-11T11:57:15Z"
"WV","West Virginia","1450b4a1-decc-4fe4-9d85-848e47020594","Kenneth L. Banks, DDS","-78.0533574869223","39.3614211556935","dentist","","4325 Gerrardstown Rd","Inwood","25428","WV","US","(304) 229-2181","klbanksdds@aol.com","https://www.shenandoahvalleysmiles.com","https://www.facebook.com/118143560781","","0.9199122190475464","open","4","Foursquare | Overture | Overture-signals","Apache-2.0 | CDLA-Permissive-2.0","2025-08-22T00:00:00.000 | 2026-06-11T11:57:15Z | 2026-05-12T00:29:08Z | 2026-05-18T13:23:54Z | 2026-05-25T13:08:59Z | 2026-06-01T13:20:32Z | 2026-06-08T13:20:12Z"
"WV","West Virginia","1506d0ab-f7b4-4df8-9367-67f9e97c33b5","Dental Services Group","-81.68792","38.36583","dentist","medical_service_organizations | laboratory_testing","525 1st Ave","South Charleston","25303-1306","WV","US","+13047444671","","http://www.dentalservices.net/","https://www.facebook.com/1954776181446832","Dental Services Group","0.5547094345092773","","7","meta | Overture","CDLA-Permissive-2.0","2026-04-27T00:00:00.000Z | 2026-06-11T11:57:15Z"
"WV","West Virginia","15d517e1-d97d-47a7-a5a2-121484deed7a","Bloom Family Dentistry","-81.6649004720232","38.3656330993336","dentist","","1516 Kanawha Blvd W","Charleston","25387","WV","US","(304) 345-7272","bloomdentistry@aol.com","https://www.bloomfamilydentistry.com","https://www.facebook.com/104081886322900","","0.9199122190475464","open","5","Foursquare | Overture | Overture-signals","Apache-2.0 | CDLA-Permissive-2.0","2022-05-04T00:00:00.000 | 2026-06-11T11:57:15Z | 2026-05-12T00:29:08Z | 2026-05-18T13:23:54Z | 2026-05-25T13:08:59Z | 2026-06-01T13:20:32Z | 2026-06-08T13:20:12Z"
"WV","West Virginia","16c98cb8-10ab-4de9-a352-3e00a264e7d4","Hugh Endodontic","-82.40576162","38.42608835","dentist","endodontist | health_and_medical","2674 5th Ave","Huntington","25702-0070","WV","US","+13045252627","","http://hughendodontics.com","https://www.facebook.com/666644923355264","","0.9199122190475464","open","8","meta | Overture | Overture-signals","CDLA-Permissive-2.0","2026-04-27T00:00:00.000Z | 2026-06-11T11:57:15Z | 2026-05-12T00:29:08Z | 2026-05-18T13:23:54Z | 2026-05-25T13:08:59Z | 2026-06-01T13:20:32Z | 2026-06-08T13:20:12Z"
"WV","West Virginia","17293475-cffb-41f9-9390-56247d87d89c","Edward L Moore D.D.S.","-81.36709911","38.80286121","dentist","health_and_medical | lawyer","533 Ripley Rd","Spencer","25276-8729","WV","US","+13049273550","edwaardlmooredds@hotmail.com","http://www.edwardlmooredds.com/","https://www.facebook.com/759318360835754","","0.9199122190475464","open","8","meta | Overture | Overture-signals","CDLA-Permissive-2.0","2026-04-27T00:00:00.000Z | 2026-06-11T11:57:15Z | 2026-05-12T00:29:08Z | 2026-05-18T13:23:54Z | 2026-05-25T13:08:59Z | 2026-06-01T13:20:32Z | 2026-06-08T13:20:12Z"
"WV","West Virginia","173ed5b0-9bd9-4fd0-9251-299e07a26a7a","Morris Harold a DDS","-81.92744146","38.45068927","dentist","general_dentistry | doctor","135 Carls Ln","Scott Depot","25560-1000","WV","US","+13047576111","","http://www.alanmorrisdentistry.com","https://www.facebook.com/1656312691253082","","0.9199122190475464","open","8","meta | Overture | Overture-signals","CDLA-Permissive-2.0","2026-04-27T00:00:00.000Z | 2026-06-11T11:57:15Z | 2026-05-12T00:29:08Z | 2026-05-18T13:23:54Z | 2026-05-25T13:08:59Z | 2026-06-01T13:20:32Z | 2026-06-08T13:20:12Z"
"WV","West Virginia","17a91950-b0a0-41fc-8ee8-be9066957f05","Queen Dental Care Center","-77.95673489","39.46724224","dentist","general_dentistry | cosmetic_dentist","902 N Queen St","Martinsburg","25404-3545","WV","US","+13042636568","","http://www.queendentalcarecenter.com","https://www.facebook.com/219734321422279","Queen Dental Care Center","0.9199122190475464","open","8","meta | Overture | Overture-signals","CDLA-Permissive-2.0","2026-04-27T00:00:00.000Z | 2026-06-11T11:57:15Z | 2026-05-12T00:29:08Z | 2026-05-18T13:23:54Z | 2026-05-25T13:08:59Z | 2026-06-01T13:20:32Z | 2026-06-08T13:20:12Z"
"WV","West Virginia","18476cc2-de1f-42b7-b4fa-331ad77528e2","Martin Dental Associates","-81.10454452","37.3675054","dentist","general_dentistry","1613 Honaker Ave","Princeton","24740-2640","WV","US","+13044254964","","https://www.ptonline.net/news/local_news/martin-dental-associates-carries-on-legacy-keeps-smiles-healthy/article_d2039920-4849-5484-8cab-85bfc2709d88.html","https://www.facebook.com/289600281247096","","0.9199122190475464","open","8","meta | Overture | Overture-signals","CDLA-Permissive-2.0","2026-04-27T00:00:00.000Z | 2026-06-11T11:57:15Z | 2026-05-12T00:29:08Z | 2026-05-18T13:23:54Z | 2026-05-25T13:08:59Z | 2026-06-01T13:20:32Z | 2026-06-08T13:20:12Z"
"WV","West Virginia","18d32757-2066-4da8-8afb-d4b8eb0dc110","Dr. Marc W. Wild","-82.43975824","38.42016673","dentist","health_and_medical | cosmetic_dentist","1104 5th Ave","Huntington","25701-0004","WV","US","+13045238671","","https://local.yahoo.com/info-12963247-wild-marc-w-dds-wild-marc-w...","https://www.facebook.com/157367954328021","","0.9199122190475464","open","7","meta | Overture | Overture-signals","CDLA-Permissive-2.0","2026-04-27T00:00:00.000Z | 2026-06-11T11:57:15Z | 2026-05-12T00:29:08Z | 2026-05-18T13:23:54Z | 2026-05-25T13:08:59Z | 2026-06-01T13:20:32Z | 2026-06-08T13:20:12Z"
"WV","West Virginia","18fbd1fb-de76-4bf4-9756-01e5f94ef1a8","MMS Dental Implants and Periodontics","-79.9382252158778","39.6547459174726","dentist","","2000 Hampton Ctr Ste A","Morgantown","26505","WV","US","(304) 906-4900","","http://www.mmsperio.com","","","0.9199122190475464","open","4","Foursquare | Overture | Overture-signals","Apache-2.0 | CDLA-Permissive-2.0","2024-03-31T00:00:00.000 | 2026-06-11T11:57:15Z | 2026-05-12T00:29:08Z | 2026-05-18T13:23:54Z | 2026-05-25T13:08:59Z | 2026-06-01T13:20:32Z | 2026-06-08T13:20:12Z"
"WV","West Virginia","194f873d-cd5c-44e9-9945-5ac96c48498e","Devito Dental Solutions","-79.9785029","39.63279985","dentist","general_dentistry | cosmetic_dentist","729 Fairmont Rd","Morgantown","26501-4587","WV","US","+13042921764","receptionist@drcarolyndevito.com","http://www.drcarolyndevito.com/","https://www.facebook.com/128579157195163","Devito Dental Solutions","0.988690972328186","open","2","meta | Overture | Overture-signals","CDLA-Permissive-2.0","2026-04-27T00:00:00.000Z | 2026-06-11T11:57:15Z | 2026-05-25T13:08:59Z | 2026-06-01T13:20:32Z | 2026-06-08T13:20:12Z"
"WV","West Virginia","19839a3c-6c68-4809-b515-0be967d767f1","Huntington Dental Group","-82.43633143","38.42401553","dentist","general_dentistry","1306 Commerce Ave","Huntington","25701-1609","WV","US","+13046977190","","http://www.hdgwv.com/","https://www.facebook.com/313453090821","","0.9199122190475464","open","7","meta | Overture | Overture-signals","CDLA-Permissive-2.0","2026-04-27T00:00:00.000Z | 2026-06-11T11:57:15Z | 2026-05-12T00:29:08Z | 2026-05-18T13:23:54Z | 2026-05-25T13:08:59Z | 2026-06-01T13:20:32Z | 2026-06-08T13:20:12Z"
"WV","West Virginia","1b2a114d-8de2-4d1a-a96f-40d2080a5fa0","Lori L Gochenour","-77.9669141095067","39.4721285396619","dentist","","113 Tavern Rd","Martinsburg","25401","WV","US","(304) 263-9191","","https://www.martinsburgendodontics.com","https://www.facebook.com/148848788491253","","0.77","","5","Foursquare | Overture","Apache-2.0 | CDLA-Permissive-2.0","2025-08-22T00:00:00.000 | 2026-06-11T11:57:15Z"
"WV","West Virginia","1b2bc972-b26f-4553-9353-863bc0deb2fd","Dr Russell Tritapoe DDS","-78.7710370545207","39.5043334767725","dentist","","58 Presidents St","Fort Ashby","26719","WV","US","(304) 298-3501","","http://www.tritapoefamilydentistry.com","","","0.77","","5","Foursquare | Overture","Apache-2.0 | CDLA-Permissive-2.0","2025-08-19T00:00:00.000 | 2026-06-11T11:57:15Z"
"WV","West Virginia","1c231311-5502-4402-ae2b-2c94cb81be95","Eric Ford DDS and Miranda Kimble DDS","-82.42396585","38.39434282","dentist","general_dentistry | cosmetic_dentist","422 Kinetic Park","Huntington","25701-5268","WV","US","+13045233296","forderic@frontier.com","https://ericforddds.com","https://www.facebook.com/106548194464867","","0.97217857837677","","9","meta | Overture","CDLA-Permissive-2.0","2026-04-27T00:00:00.000Z | 2026-06-11T11:57:15Z"
"WV","West Virginia","1ca62211-60b4-4ec8-a1be-aa9569205bde","Affordable Dentures","-82.4178460998299","38.424288608411","dentist","","5187 US Route 60 Ste 7 Bldg 3","Huntington","25705","WV","US","(304) 409-2046","","https://www.affordabledentures.com/locations/WV/barboursville","https://www.facebook.com/1703331966604744","","0.77","","5","Foursquare | Overture","Apache-2.0 | CDLA-Permissive-2.0","2025-08-22T00:00:00.000 | 2026-06-11T11:57:15Z"
"WV","West Virginia","1cd8cabf-4ae6-498a-9ab0-8522f3650adb","Dr Don Chapman DDS","-80.7228977407906","40.0612794142123","dentist","","2100 Market St Ste 208","Wheeling","26003","WV","US","(304) 232-6956","keepsmilingdds@gmail.com","http://keepsmilingdds.com","https://www.facebook.com/165397326931716","","0.9199122190475464","open","4","Foursquare | Overture | Overture-signals","Apache-2.0 | CDLA-Permissive-2.0","2025-08-22T00:00:00.000 | 2026-06-11T11:57:15Z | 2026-05-12T00:29:08Z | 2026-05-18T13:23:54Z | 2026-05-25T13:08:59Z | 2026-06-01T13:20:32Z | 2026-06-08T13:20:12Z"
"WV","West Virginia","1d1379b8-76d3-41b0-9630-590b2ee0ffb4","Jennifer Music DDS","-80.15177041","39.47219544","dentist","general_dentistry","307 10th St","Fairmont","26554-3610","WV","US","+13043665275","musicg1545@comcast.net","http://www.myfairmontdentist.com/","https://www.facebook.com/311659868932557","","0.9972957423329354","","9","meta | Overture","CDLA-Permissive-2.0","2026-04-27T00:00:00.000Z | 2026-06-11T11:57:15Z"
"WV","West Virginia","1d1b915e-a9f0-4ac2-a489-859023318f08","Roberson Family Dental","-82.39894894","38.42906981","dentist","medical_service_organizations | health_and_medical","324 29th St","Huntington","25702-1428","WV","US","+13045232790","robersonfamilydental@gmail.com","http://robersondentalwv.com/","https://www.facebook.com/140243966022948","","0.9199122190475464","open","9","meta | Overture | Overture-signals","CDLA-Permissive-2.0","2026-04-27T00:00:00.000Z | 2026-06-11T11:57:15Z | 2026-05-12T00:29:08Z | 2026-05-18T13:23:54Z | 2026-05-25T13:08:59Z | 2026-06-01T13:20:32Z | 2026-06-08T13:20:12Z"
"WV","West Virginia","1db58cd5-bfc7-4927-86c8-861d63b2ed72","The Smile Center, Dr. Larry Schoonover","-79.8419822752476","38.9203843474388","dentist","health_and_medical","200 S Randolph Ave","Elkins","26241","WV","US","8884277645","","http://www.has-smiles.com/","","","0.9199122190475464","open","9","Microsoft | Overture | Overture-signals","CDLA-Permissive-2.0","2015-11-14T00:18:58.047Z | 2026-06-11T11:57:15Z | 2026-05-12T00:29:08Z | 2026-05-18T13:23:54Z | 2026-05-25T13:08:59Z | 2026-06-01T13:20:32Z | 2026-06-08T13:20:12Z"
"WV","West Virginia","1e88dc41-4f2e-44a5-9701-f12e868d4487","Alsaleh Dental Center","-78.00065066","39.46482636","dentist","general_dentistry | medical_center","28 Street of Dreams","Martinsburg","25403-1135","WV","US","+13042678702","dralsaleh@alsalehdental.com","http://alsalehdental.com/contact-us/","https://www.facebook.com/504545456265960","","0.9722161889076233","","8","meta | Overture","CDLA-Permissive-2.0","2026-04-27T00:00:00.000Z | 2026-06-11T11:57:15Z"
"WV","West Virginia","1f16b282-ba0a-4a92-b16c-b52a42a8855f","Smile Center","-81.61938652","38.36413855","dentist","general_dentistry | health_and_medical","400 Allen Dr","Charleston","25302-0143","WV","US","+13043424717","","http://www.simpsonandguest.com/","https://www.facebook.com/518583414826947","The Smile Center","0.9199122190475464","open","8","meta | Overture | Overture-signals","CDLA-Permissive-2.0","2026-04-27T00:00:00.000Z | 2026-06-11T11:57:15Z | 2026-05-12T00:29:08Z | 2026-05-18T13:23:54Z | 2026-05-25T13:08:59Z | 2026-06-01T13:20:32Z | 2026-06-08T13:20:12Z"
"WV","West Virginia","202f52a5-acba-4a72-8ceb-a2aa4e074f36","Mountain state oral and Maxilliofacial Surgeons","-81.5863714497522","38.3240056389167","dentist","oral_surgeon | mountain","4207 Maccorkle Ave SE","Charleston","25304-2501","WV","US","","","","https://www.facebook.com/497947087608285","","0.862658679485321","","1","meta | Overture","CDLA-Permissive-2.0","2026-04-27T00:00:00.000Z | 2026-06-11T11:57:15Z"
"WV","West Virginia","216bee6b-d677-49b5-83cf-a4127eaefb7e","MC Blankenship DDS PLLC","-80.14488485","39.48225774","dentist","general_dentistry","315 1st St","Fairmont","26554-0173","WV","US","+13043667771","blank@shipdds.com","","https://www.facebook.com/104485659260525","","0.9199122190475464","open","8","meta | Overture | Overture-signals","CDLA-Permissive-2.0","2026-04-27T00:00:00.000Z | 2026-06-11T11:57:15Z | 2026-05-12T00:29:08Z | 2026-05-18T13:23:54Z | 2026-05-25T13:08:59Z | 2026-06-01T13:20:32Z | 2026-06-08T13:20:12Z"
"WV","West Virginia","2178675d-1437-4871-925f-04c30a7d7e5a","William Lilly","-80.2461423","39.28742147","dentist","doctor | family_practice","339 E Main St","Bridgeport","26330-1845","WV","US","+13048425588","","","https://www.facebook.com/145373735610846","","0.7046329379081726","","2","meta | Overture","CDLA-Permissive-2.0","2026-04-27T00:00:00.000Z | 2026-06-11T11:57:15Z"
"WV","West Virginia","22f2987f-1ea0-4c42-85c6-b99ee9ebfe94","Brannon Dental Associates","-81.36758069","38.81170032","dentist","teeth_whitening | health_and_medical","350 Hospital Dr","Spencer","25276-1049","WV","US","+13049272775","contact@bdadental.com","http://bdadental.com/","https://www.facebook.com/183887834970808","","0.9199122190475464","open","9","meta | Overture | Overture-signals","CDLA-Permissive-2.0","2026-04-27T00:00:00.000Z | 2026-06-11T11:57:15Z | 2026-05-12T00:29:08Z | 2026-05-18T13:23:54Z | 2026-05-25T13:08:59Z | 2026-06-01T13:20:32Z | 2026-06-08T13:20:12Z"
"WV","West Virginia","234ef2ba-1dec-4bc7-aec1-7bc8d870999c","Stephen P Graziani Dds","-82.019841","38.434328","dentist","health_and_medical","2939 Virginia Ave","Hurricane","25526","WV","US","5858573367","","","","","0.9199122190475464","open","6","Microsoft | Overture | Overture-signals","CDLA-Permissive-2.0","2025-07-25T01:06:31.293Z | 2026-06-11T11:57:15Z | 2026-05-12T00:29:08Z | 2026-05-18T13:23:54Z | 2026-05-25T13:08:59Z | 2026-06-01T13:20:32Z | 2026-06-08T13:20:12Z"
"WV","West Virginia","239d4530-0855-46e3-b3bb-d91ba4963350","Charles Town Dental Center","-77.86438086","39.28265157","dentist","general_dentistry | health_and_medical","201 Augustine Ave","Charles Town","25414-4431","WV","US","+13047250508","dental-care@jslp-dds.com","http://www.charlestownwv.dentist/","https://www.facebook.com/208207855867559","","0.9199122190475464","open","9","meta | Overture | Overture-signals","CDLA-Permissive-2.0","2026-04-27T00:00:00.000Z | 2026-06-11T11:57:15Z | 2026-05-12T00:29:08Z | 2026-05-18T13:23:54Z | 2026-05-25T13:08:59Z | 2026-06-01T13:20:32Z | 2026-06-08T13:20:12Z"
"WV","West Virginia","26402781-8486-44ae-8e7c-c76b99cac3fc","Eckels Orthodontics - Ripley","-81.7226708090983","38.8209658422832","dentist","","716 Main St W","Ripley","25271","WV","US","(304) 372-3936","","https://www.eckelsortho.com","","","0.9199122190475464","open","4","Foursquare | Overture | Overture-signals","Apache-2.0 | CDLA-Permissive-2.0","2025-08-22T00:00:00.000 | 2026-06-11T11:57:15Z | 2026-05-12T00:29:08Z | 2026-05-18T13:23:54Z | 2026-05-25T13:08:59Z | 2026-06-01T13:20:32Z | 2026-06-08T13:20:12Z"
"WV","West Virginia","26dd4301-53fd-4727-ad41-2a319e0d192b","Samuel O'Dell Inc","-81.96891979","38.44591022","dentist","health_and_medical | medical_service_organizations","3712 Teays Valley Rd","Hurricane","25526-9645","WV","US","+13047579389","samodelldds@gmail.com","http://www.samodelldds.com/","https://www.facebook.com/437738522949456","","0.9199122190475464","open","7","meta | Overture | Overture-signals","CDLA-Permissive-2.0","2026-04-27T00:00:00.000Z | 2026-06-11T11:57:15Z | 2026-05-12T00:29:08Z | 2026-05-18T13:23:54Z | 2026-05-25T13:08:59Z | 2026-06-01T13:20:32Z | 2026-06-08T13:20:12Z"
"WV","West Virginia","28c0a7b6-3b4a-4c95-9bb3-ad2728423f6a","R. Scott Murphy","-82.4026422656194","38.4319130082085","dentist","","2828 1st Ave Ste 104","Huntington","25702","WV","US","(304) 522-3200","","http://californiaheavenlyhomes.kwrealty.com","","","0.9199122190475464","open","4","Foursquare | Overture | Overture-signals","Apache-2.0 | CDLA-Permissive-2.0","2025-08-22T00:00:00.000 | 2026-06-11T11:57:15Z | 2026-05-12T00:29:08Z | 2026-05-18T13:23:54Z | 2026-05-25T13:08:59Z | 2026-06-01T13:20:32Z | 2026-06-08T13:20:12Z"
"WV","West Virginia","29d9e16c-7e42-47b5-98d0-887aac2bb492","Total Dental","-80.27648967","39.29930025","dentist","general_dentistry","1219 Johnson Ave","Bridgeport","26330-1353","WV","US","+13048427591","totaldentalwv@gmail.com","http://totaldentalwv.com/","https://www.facebook.com/102776942526361","","0.9199122190475464","open","10","meta | Overture | Overture-signals","CDLA-Permissive-2.0","2026-04-27T00:00:00.000Z | 2026-06-11T11:57:15Z | 2026-05-12T00:29:08Z | 2026-05-18T13:23:54Z | 2026-05-25T13:08:59Z | 2026-06-01T13:20:32Z | 2026-06-08T13:20:12Z"
"WV","West Virginia","29fe68a9-6cbb-41d5-a0f7-79ed42b317e6","Lancaster Chad DDS","-80.7729612623193","38.6746478693758","dentist","","715 Elk St","Gassaway","26624","WV","US","(800) 834-4610","braxtondds@gmail.com","http://yourcollegedegreesfinder.com","https://www.facebook.com/230951750252436","","0.77","","5","Foursquare | Overture","Apache-2.0 | CDLA-Permissive-2.0","2025-05-31T00:00:00.000 | 2026-06-11T11:57:15Z"
"WV","West Virginia","2a07b2c0-240d-4e32-9bb1-a6707b43991e","Charles L Smith DDS","-81.647046172061","38.3572434184918","dentist","","100 Kanawha Blvd W","Charleston","25302","WV","US","(304) 356-5676","painlesswv@yahoo.com","https://www.charlessmithdds.com/contact/","https://www.facebook.com/482406875197923","","0.9199122190475464","open","4","Foursquare | Overture | Overture-signals","Apache-2.0 | CDLA-Permissive-2.0","2025-08-22T00:00:00.000 | 2026-06-11T11:57:15Z | 2026-05-12T00:29:08Z | 2026-05-18T13:23:54Z | 2026-05-25T13:08:59Z | 2026-06-01T13:20:32Z | 2026-06-08T13:20:12Z"
"WV","West Virginia","2a1fbdf5-a893-438a-b7ab-f55e01779b7b","Shabbir A. Doctor","-82.1312816857833","38.8559235884243","dentist","","1710 Jefferson Blvd","Point Pleasant","25550","WV","US","(304) 675-2990","","http://www.pvalley.org","https://www.facebook.com/117025201691343","","0.9199122190475464","open","4","Foursquare | Overture | Overture-signals","Apache-2.0 | CDLA-Permissive-2.0","2025-08-22T00:00:00.000 | 2026-06-11T11:57:15Z | 2026-05-12T00:29:08Z | 2026-05-18T13:23:54Z | 2026-05-25T13:08:59Z | 2026-06-01T13:20:32Z | 2026-06-08T13:20:12Z"
"WV","West Virginia","2a6ddfaf-a043-40d5-b4cd-60cf044a7eaa","Ghareeb Dental Group","-81.93908919","38.44746556","dentist","general_dentistry | health_and_medical","102 Scott Depot Rd","Scott Depot","25560-7102","WV","US","+13047577441","","http://www.ghareebdentalgroup.com","https://www.facebook.com/201089186900259","Ghareeb Dental Group","0.9199122190475464","open","8","meta | Overture | Overture-signals","CDLA-Permissive-2.0","2026-04-27T00:00:00.000Z | 2026-06-11T11:57:15Z | 2026-05-12T00:29:08Z | 2026-05-18T13:23:54Z | 2026-05-25T13:08:59Z | 2026-06-01T13:20:32Z | 2026-06-08T13:20:12Z"
"WV","West Virginia","2b76b691-3cce-4007-8931-85d2a21f9b54","Senator Sean C DDS","-81.82156017","38.06509238","dentist","pediatric_dentist | teeth_whitening","319 Main St","Madison","25130-1221","WV","US","+13043691117","","","https://www.facebook.com/1866414006922884","","0.9199122190475464","open","8","meta | Overture | Overture-signals","CDLA-Permissive-2.0","2026-04-27T00:00:00.000Z | 2026-06-11T11:57:15Z | 2026-05-12T00:29:08Z | 2026-05-18T13:23:54Z | 2026-05-25T13:08:59Z | 2026-06-01T13:20:32Z | 2026-06-08T13:20:12Z"
"WV","West Virginia","2f09dded-821e-4682-a947-da0c66f8ac40","Dr. Kurt Fleckenstein, DDS","-82.4058796143723","38.4261421840371","dentist","","2674 5th Ave","Huntington","25702","WV","US","(304) 525-2630","info@wvperio.com","http://www.wvperio.com","https://www.facebook.com/159498447428235","","0.77","","5","Foursquare | Overture","Apache-2.0 | CDLA-Permissive-2.0","2025-08-22T00:00:00.000 | 2026-06-11T11:57:15Z"
"WV","West Virginia","2f0d3cf5-5288-4766-a88d-ace7665169c5","Donaldson Debra W DDS","-79.954403","39.65928442","dentist","general_dentistry","1191 Pineview Dr","Morgantown","26505-0480","WV","US","+13045993233","","http://www.drdebradonaldson.com","https://www.facebook.com/126306530757248","","0.9199122190475464","open","8","meta | Overture | Overture-signals","CDLA-Permissive-2.0","2026-04-27T00:00:00.000Z | 2026-06-11T11:57:15Z | 2026-05-12T00:29:08Z | 2026-05-18T13:23:54Z | 2026-05-25T13:08:59Z | 2026-06-01T13:20:32Z | 2026-06-08T13:20:12Z"
"WV","West Virginia","2f50c4d2-6ca9-4941-bccd-c92ed9c30992","Conde Family Dental","-80.22825504","38.97450443","dentist","general_dentistry","266 Route 20 South Rd","Buckhannon","26201-3900","WV","US","+13044604003","contact@condefamilydental.com","","https://www.facebook.com/296118506917101","","0.9199122190475464","open","7","meta | Overture | Overture-signals","CDLA-Permissive-2.0","2026-04-27T00:00:00.000Z | 2026-06-11T11:57:15Z | 2026-05-12T00:29:08Z | 2026-05-18T13:23:54Z | 2026-05-25T13:08:59Z | 2026-06-01T13:20:32Z | 2026-06-08T13:20:12Z"
"WV","West Virginia","2f71cca1-b598-4655-bc3d-cbe92e9a8d9e","Charleston Dental Arts Studio","-81.70355825","38.34303015","dentist","cosmetic_dentist | general_dentistry","1205 Jefferson Rd","South Charleston","25309-9732","WV","US","+13047467272","charlestondental77@gmail.com","http://charlestondental.org/","https://www.facebook.com/293879994014012","Charleston Dental Associates","0.9199122190475464","open","9","meta | Overture | Overture-signals","CDLA-Permissive-2.0","2026-04-27T00:00:00.000Z | 2026-06-11T11:57:15Z | 2026-05-12T00:29:08Z | 2026-05-18T13:23:54Z | 2026-05-25T13:08:59Z | 2026-06-01T13:20:32Z | 2026-06-08T13:20:12Z"
"WV","West Virginia","2f94cc95-5b70-4d87-9a2e-26a9c8dfeb5b","Harris Family Dentistry","-81.54923423","39.29655859","dentist","general_dentistry","415 36th St","Parkersburg","26101-1005","WV","US","+13044856241","harrisfamilydental@gmail.com","http://www.harrisfamilydental.com/","https://www.facebook.com/107696582234641","","0.9437323212623596","open","4","meta | Overture | Overture-signals","CDLA-Permissive-2.0","2026-04-27T00:00:00.000Z | 2026-06-11T11:57:15Z | 2026-05-12T00:29:08Z"
"WV","West Virginia","2ff03d53-3752-42ba-9386-f1dd84ed181d","Thomas L Tyree, DDS","-82.581499","38.402094","dentist","doctor | medical_service_organizations","1702 Oak St","Kenova","25530-1120","WV","US","+13044536765","wv2thdoc@aol.com","http://thomasltyreedds.com/","https://www.facebook.com/481557338585447","","0.945758044719696","","2","meta | Overture","CDLA-Permissive-2.0","2026-04-27T00:00:00.000Z | 2026-06-11T11:57:15Z"
"WV","West Virginia","2ffd1cdd-718b-4ac5-a74e-8feacb751f54","Dr. Laura Withers-Boyles","-80.13677602","39.48091923","dentist","health_and_medical | family_practice","301 Market St","Fairmont","26554-4034","WV","US","+13043638530","","http://drlaurawithersboylesdds1.placeweb.site","https://www.facebook.com/244438145913724","","0.9199122190475464","open","6","meta | Overture | Overture-signals","CDLA-Permissive-2.0","2026-04-27T00:00:00.000Z | 2026-06-11T11:57:15Z | 2026-05-12T00:29:08Z | 2026-05-18T13:23:54Z | 2026-05-25T13:08:59Z | 2026-06-01T13:20:32Z | 2026-06-08T13:20:12Z"
"WV","West Virginia","2ffeeb37-8974-46bc-9335-56141d484e22","Dillon & Dillon Dentistry","-82.102893","38.27785009","dentist","endodontist","8106 Sycamore Ave","Hamlin","25523-1530","WV","US","+13048243035","dillondentistry2@yahoo.com","","https://www.facebook.com/439254972775450","","0.9199122190475464","open","7","meta | Overture | Overture-signals","CDLA-Permissive-2.0","2026-04-27T00:00:00.000Z | 2026-06-11T11:57:15Z | 2026-05-12T00:29:08Z | 2026-05-18T13:23:54Z | 2026-05-25T13:08:59Z | 2026-06-01T13:20:32Z | 2026-06-08T13:20:12Z"
"WV","West Virginia","30b6cdf6-abe4-4466-8507-1b6157efd210","Warnick & Semder Dentistry","-81.980032","38.444132","dentist","medical_service_organizations | health_and_medical","3568 Teays Valley Rd","Hurricane","25526-0320","WV","US","+13043974081","","https://www.warnickandsemder.com/","https://www.facebook.com/374264299683510","Warnick & Semder Dentistry","0.9199122190475464","open","8","meta | Overture | Overture-signals","CDLA-Permissive-2.0","2026-04-27T00:00:00.000Z | 2026-06-11T11:57:15Z | 2026-05-12T00:29:08Z | 2026-05-18T13:23:54Z | 2026-05-25T13:08:59Z | 2026-06-01T13:20:32Z | 2026-06-08T13:20:12Z"
"WV","West Virginia","31e6ae95-6d7b-49b2-aa9b-be36cc6c8a33","BridgeValley Dental Hygiene","-81.3279175439679","38.1801603932692","dentist","health_and_medical | education","619 2nd Ave","Montgomery","25136-2405","WV","US","+13047346651","","","https://www.facebook.com/118349781594508","","0.9856406450271606","open","10","meta | Overture | Overture-signals","CDLA-Permissive-2.0","2026-04-27T00:00:00.000Z | 2026-06-11T11:57:15Z | 2026-06-08T13:20:12Z"
"WV","West Virginia","32376664-09d0-48ad-91e7-d301f421b0d5","Morgantown Center for Mini Dental Implants","-79.96101359","39.62727601","dentist","general_dentistry","63 Wharf St","Morgantown","26501-5910","WV","US","+13043815050","info@mon-dental.com","https://www.mondentalassociates.com/","https://www.facebook.com/460976080430458","","0.9199122190475464","open","8","meta | Overture | Overture-signals","CDLA-Permissive-2.0","2026-04-27T00:00:00.000Z | 2026-06-11T11:57:15Z | 2026-05-12T00:29:08Z | 2026-05-18T13:23:54Z | 2026-05-25T13:08:59Z | 2026-06-01T13:20:32Z | 2026-06-08T13:20:12Z"
"WV","West Virginia","32c40aa2-6fcc-431b-acc3-9902865df955","Spiker Mark a DDS","-80.97065623","39.28492725","dentist","general_dentistry | medical_service_organizations","304 Masonic Ave","Pennsboro","26415-1324","WV","US","+13046592585","","","https://www.facebook.com/1603864136537309","","0.8664762377738953","","9","meta | Overture","CDLA-Permissive-2.0","2026-04-27T00:00:00.000Z | 2026-06-11T11:57:15Z"
"WV","West Virginia","33d74c25-dbd1-4608-b433-5451c32df107","Pipo Jr Michael J DDS","-80.59605805","40.3288742","dentist","doctor | medical_service_organizations","970 Main St","Follansbee","26037-1450","WV","US","+13045274444","","","https://www.facebook.com/103975886356651","","0.9711816906929016","","2","meta | Overture","CDLA-Permissive-2.0","2026-04-27T00:00:00.000Z | 2026-06-11T11:57:15Z"
"WV","West Virginia","340dfdcc-5008-492f-bf4f-d525ec216652","Taylor Family Dentistry - Heather A. Taylor DDS","-80.73281978","39.98775886","dentist","general_dentistry | medical_service_organizations","1001 W Baltimore St","McMechen","26040-1503","WV","US","+13048100735","taylorfamilydentistry@comcast.net","http://www.taylordentistryonline.com/","https://www.facebook.com/112054632170782","","0.9934957027435303","open","1","meta | Overture | Overture-signals","CDLA-Permissive-2.0","2026-04-27T00:00:00.000Z | 2026-06-11T11:57:15Z | 2026-05-12T00:29:08Z | 2026-06-08T13:20:12Z"
"WV","West Virginia","342ff464-66c4-4859-aa11-4ea1e9c5608b","Caleb Lee Sizemore DDS","-80.2960682945238","37.7975382981521","dentist","","304 E Main St","White Sulphur Springs","24986","WV","US","(304) 536-3304","","https://www.sizemorefamilydentistry.com","","","0.77","","5","Foursquare | Overture","Apache-2.0 | CDLA-Permissive-2.0","2025-08-19T00:00:00.000 | 2026-06-11T11:57:15Z"
"WV","West Virginia","343d262a-e469-4bab-b415-b87b136389d2","MCHD Dentistry","-79.96157211","39.65286776","dentist","general_dentistry | medical_service_organizations","453 Van Voorhis Rd","Morgantown","26505","WV","US","+13045985108","tiffany.d.summerlin@wv.gov","http://monchd.org/departments-programs/mchd-dentistry","https://www.facebook.com/729356893770875","Monongalia County Health Department, Morgantown, WV","0.9199122190475464","open","9","meta | Overture | Overture-signals","CDLA-Permissive-2.0","2026-04-27T00:00:00.000Z | 2026-06-11T11:57:15Z | 2026-05-12T00:29:08Z | 2026-05-18T13:23:54Z | 2026-05-25T13:08:59Z | 2026-06-01T13:20:32Z | 2026-06-08T13:20:12Z"
"WV","West Virginia","345e1d0b-d86d-469c-9f17-b9c542177574","TLC Dental","-79.92426107","39.62292765","dentist","general_dentistry","1801 Earl L Core Rd","Morgantown","26505-5893","WV","US","+13042924412","","https://www.smiledefenders.com/morgantown-wv.html","https://www.facebook.com/709172619488073","The Smile Defenders Dental Office","0.9199122190475464","open","8","meta | Overture | Overture-signals","CDLA-Permissive-2.0","2026-04-27T00:00:00.000Z | 2026-06-11T11:57:15Z | 2026-05-12T00:29:08Z | 2026-05-18T13:23:54Z | 2026-05-25T13:08:59Z | 2026-06-01T13:20:32Z | 2026-06-08T13:20:12Z"
"WV","West Virginia","34e54ac0-99d0-443a-af2d-7b56a824cda1","Capon Bridge Family Dentistry","-78.43000179","39.29785204","dentist","general_dentistry","2854 Northwestern Pike","Capon Bridge","26711-8800","WV","US","+13048563200","cbfdfrontdesk@gmail.com","http://www.caponbridgefamilydentistry.com/","https://www.facebook.com/616806675075097","Capon Bridge Family Dentistry","0.9199122190475464","open","9","meta | Overture | Overture-signals","CDLA-Permissive-2.0","2026-04-27T00:00:00.000Z | 2026-06-11T11:57:15Z | 2026-05-12T00:29:08Z | 2026-05-18T13:23:54Z | 2026-05-25T13:08:59Z | 2026-06-01T13:20:32Z | 2026-06-08T13:20:12Z"
"WV","West Virginia","34f74a35-d19a-4a0f-abca-a52ad8ac359a","Eleisha J Nickoles","-80.68151311","40.06973092","dentist","endodontist | cosmetic_dentist","1320 National Rd","Wheeling","26003-5706","WV","US","+13042428600","patientcare@ejndds.com","http://www.mywheelingdentist.com","https://www.facebook.com/230541560347496","","0.9992631403207779","","9","meta | Overture","CDLA-Permissive-2.0","2026-04-27T00:00:00.000Z | 2026-06-11T11:57:15Z"
"WV","West Virginia","35f3d7a3-b10b-4571-8dc3-2e66d55f9a2c","Alpenglow Dental, LLC","-79.84298","38.91806","dentist","","4733 Beverly Pike","Elkins","26253","WV","US","+13046365800","frontdesk@alpenglowdentalwv.com","http://www.alpenglowdentalwv.com/","https://www.facebook.com/100464152826568","","0.9315822124481201","","8","meta | Overture","CDLA-Permissive-2.0","2026-04-27T00:00:00.000Z | 2026-06-11T11:57:15Z"
"WV","West Virginia","360f3306-f384-48c8-9467-fb7321e9fa5a","Children's Dentistry","-81.6282066532182","38.3417733813907","dentist","","1400 Kanawha Blvd E","Charleston","25301","WV","US","(304) 345-0541","info@childrensdentistry-wv.com","http://childrensdentistry-wv.com","https://www.facebook.com/166579363361611","","0.77","","5","Foursquare | Overture","Apache-2.0 | CDLA-Permissive-2.0","2025-08-22T00:00:00.000 | 2026-06-11T11:57:15Z"
"WV","West Virginia","3804ba10-166f-4627-b712-6f731c311dfa","Minigh Family Dentistry","-80.82650001","38.94254992","dentist","general_dentistry","809 Mineral Rd","Glenville","26351","WV","US","+13044627343","glenville@minighfamilydentistry.com","http://www.minighfamilydentistry.com/","https://www.facebook.com/1949570335280672","","0.6977049112319946","","9","meta | Overture","CDLA-Permissive-2.0","2026-04-27T00:00:00.000Z | 2026-06-11T11:57:15Z"
"WV","West Virginia","38361c5a-9c0d-45bb-9879-9325095a3ded","HolliWood Dental","-80.461292","37.806189","dentist","cosmetic_dentist | doctor","142 Holliday Ln","Lewisburg","24901-9315","WV","US","+13046452300","holliwooddentalwv@gmail.com","http://www.holliwooddentalwv.com/","https://www.facebook.com/831697350220274","","0.9135408401489258","","3","meta | Overture","CDLA-Permissive-2.0","2026-04-27T00:00:00.000Z | 2026-06-11T11:57:15Z"
"WV","West Virginia","3943606f-b935-407c-8e69-c31e0b1cbb18","Kimble Family Dentistry","-79.11923117","38.9932076","dentist","medical_service_organizations | health_and_medical","211 Virginia Ave","Petersburg","26847-1715","WV","US","+13042571759","jskimble@hardynet.com","http://kimblefamilydentistry.com/","https://www.facebook.com/327190785196","","0.9199122190475464","open","7","meta | Overture | Overture-signals","CDLA-Permissive-2.0","2026-04-27T00:00:00.000Z | 2026-06-11T11:57:15Z | 2026-05-12T00:29:08Z | 2026-05-18T13:23:54Z | 2026-05-25T13:08:59Z | 2026-06-01T13:20:32Z | 2026-06-08T13:20:12Z"
"WV","West Virginia","3971c33b-511f-4963-832e-c38fe25b2680","Dr. Jennifer M. Strimer","-81.2076376907099","39.389621194706","dentist","","111 Lafayette St Ste 203","Saint Marys","26170","WV","US","(304) 684-7200","jenniferstrimerdds@gmail.com","http://www.strimerdental.com","https://www.facebook.com/634983803195361","","0.9199122190475464","open","4","Foursquare | Overture | Overture-signals","Apache-2.0 | CDLA-Permissive-2.0","2025-08-22T00:00:00.000 | 2026-06-11T11:57:15Z | 2026-05-12T00:29:08Z | 2026-05-18T13:23:54Z | 2026-05-25T13:08:59Z | 2026-06-01T13:20:32Z | 2026-06-08T13:20:12Z"
"WV","West Virginia","39724a18-d55c-4c2c-8dc9-01eedc24af2b","Dr Angela D Petros PLLC","-80.74213954","39.92375125","dentist","general_dentistry | doctor","912 2nd St","Moundsville","26041-3505","WV","US","+13048459665","office@angelapetrosdds.com","http://www.angelapetrosdds.com/","https://www.facebook.com/453749544785081","","0.9199122190475464","open","7","meta | Overture | Overture-signals","CDLA-Permissive-2.0","2026-04-27T00:00:00.000Z | 2026-06-11T11:57:15Z | 2026-05-12T00:29:08Z | 2026-05-18T13:23:54Z | 2026-05-25T13:08:59Z | 2026-06-01T13:20:32Z | 2026-06-08T13:20:12Z"
"WV","West Virginia","39bd67af-3c2c-4555-af73-2679581cf866","Charles W. Rhodes","-81.66344392","38.34315992","dentist","general_dentistry | doctor","871 Oakwood Rd","Charleston","25314-2057","WV","US","+13043444430","charlesrhodesdentistry@yahoo.com","","https://www.facebook.com/330422783970699","","0.9199122190475464","open","7","meta | Overture | Overture-signals","CDLA-Permissive-2.0","2026-04-27T00:00:00.000Z | 2026-06-11T11:57:15Z | 2026-05-12T00:29:08Z | 2026-05-18T13:23:54Z | 2026-05-25T13:08:59Z | 2026-06-01T13:20:32Z | 2026-06-08T13:20:12Z"
"WV","West Virginia","3a295867-8de8-4ac6-bce6-a0c405770bf8","Wilson Martino Dental Associates","-80.2695582823417","39.2820726566252","dentist","","930 W Main St","Bridgeport","26330","WV","US","(304) 808-1079","wendyboyce@wilmarmanagement.com","http://wilsonmartinodentalwv.com","","","0.77","","1","Foursquare | Overture","Apache-2.0 | CDLA-Permissive-2.0","2026-04-02T00:00:00.000 | 2026-06-11T11:57:15Z"
"WV","West Virginia","3cc98cca-a59d-47b6-abce-ec60731bc0cc","TLC Dental Care","-81.07887489","37.36279531","dentist","general_dentistry | medical_service_organizations","201 Locust St","Princeton","24740-3626","WV","US","+13044875605","","http://www.tlc-dentalcare.com","https://www.facebook.com/166659606693284","TLC Dental Care","0.9199122190475464","open","8","meta | Overture | Overture-signals","CDLA-Permissive-2.0","2026-04-27T00:00:00.000Z | 2026-06-11T11:57:15Z | 2026-05-12T00:29:08Z | 2026-05-18T13:23:54Z | 2026-05-25T13:08:59Z | 2026-06-01T13:20:32Z | 2026-06-08T13:20:12Z"
"WV","West Virginia","3cf40653-04d0-41ab-b592-d9d18aba29c5","B. Scott Eder DDS","-81.71221777","38.36399905","dentist","doctor | health_and_medical","71 Maccorkle Ave SW","South Charleston","25303-1411","WV","US","+13047448448","","http://www.ederdds.com/index.php","https://www.facebook.com/102793183113926","","0.9199122190475464","open","7","meta | Overture | Overture-signals","CDLA-Permissive-2.0","2026-04-27T00:00:00.000Z | 2026-06-11T11:57:15Z | 2026-05-12T00:29:08Z | 2026-05-18T13:23:54Z | 2026-05-25T13:08:59Z | 2026-06-01T13:20:32Z | 2026-06-08T13:20:12Z"
"WV","West Virginia","3e6d364b-8fc6-4526-86d7-bd4de24e42ff","Earnest L Trent DDS","-82.04026628","39.00569902","dentist","health_and_medical | cosmetic_dentist","21018 Ohio River Rd","Mason","25260-9623","WV","US","+13047735620","theman68teeth@yahoo.com","http://www.drtrentdds.com","https://www.facebook.com/551441571689472","","0.9859116077423096","","9","meta | Overture","CDLA-Permissive-2.0","2026-04-27T00:00:00.000Z | 2026-06-11T11:57:15Z"
"WV","West Virginia","3ffedeaa-709d-4064-9b40-448bae683f27","Andrada-Rose, Rachel J, DDS - Andrada & Rose Family Dntstry","-81.1801957410303","37.8071753282374","dentist","","220 Ragland Rd","Beckley","25801","WV","US","(304) 252-0472","","https://www.andradaandrosedentistry.com","","","0.77","","5","Foursquare | Overture","Apache-2.0 | CDLA-Permissive-2.0","2025-08-22T00:00:00.000 | 2026-06-11T11:57:15Z"
"WV","West Virginia","40ad5d7c-9a90-4ca8-b8ce-42d3438e7313","Howard & Howard Dental","-81.62878124","38.34334552","dentist","general_dentistry | cosmetic_dentist","1321 Virginia St E","Charleston","25301-3018","WV","US","+13043438805","howardandhowarddental@outlook.com","http://howardandhowarddental.com/","https://www.facebook.com/307118782648754","","0.9998123016059398","","8","meta | Overture","CDLA-Permissive-2.0","2026-04-27T00:00:00.000Z | 2026-06-11T11:57:15Z"
"WV","West Virginia","42255dca-0100-4d80-aca5-e41771d571fa","Jason Long Family Dentistry","-82.277465","37.672896","dentist","orthodontist | health_and_medical","215 Logan St","Williamson","25661-3600","WV","US","+13048992226","","","https://www.facebook.com/168231626522473","","0.9204260110855103","","8","meta | Overture","CDLA-Permissive-2.0","2026-04-27T00:00:00.000Z | 2026-06-11T11:57:15Z"
"WV","West Virginia","42414417-1b1d-4c32-bda8-61b2b765d4ad","Dr. Anthony J  Williams","-81.171621","37.796648","dentist","","200 Stanaford Rd","Beckley","25801","WV","US","(304) 252-4141","info@anthonywilliamsdds.com","http://www.anthonywilliamsdds.com","https://www.facebook.com/436956176422360","","0.9199122190475464","open","4","Foursquare | Overture | Overture-signals","Apache-2.0 | CDLA-Permissive-2.0","2025-08-22T00:00:00.000 | 2026-06-11T11:57:15Z | 2026-05-12T00:29:08Z | 2026-05-18T13:23:54Z | 2026-05-25T13:08:59Z | 2026-06-01T13:20:32Z | 2026-06-08T13:20:12Z"
"WV","West Virginia","4304c42b-453c-4b65-bbcb-0c0bd6b426a0","Dr. Teauna J. Villinger","-80.34073145","39.52912342","dentist","health_and_medical","330 E Main St","Mannington","26582-1102","WV","US","+13049862610","","","https://www.facebook.com/110406667338052","","0.7029759883880615","","2","meta | Overture","CDLA-Permissive-2.0","2026-04-27T00:00:00.000Z | 2026-06-11T11:57:15Z"
"WV","West Virginia","44c48ec3-0b21-4c98-a12d-90d8a91146fd","Dr. Stuart C. Deem","-81.53911412","39.28224663","dentist","doctor | health_and_medical","2625 Dudley Ave","Parkersburg","26101-2650","WV","US","+13044853870","","","https://www.facebook.com/168219193193464","","0.7661211490631104","","8","meta | Overture","CDLA-Permissive-2.0","2026-04-27T00:00:00.000Z | 2026-06-11T11:57:15Z"
"WV","West Virginia","46331a7d-434e-47ae-915d-d96d66c4ded0","Mountaineer Dental","-80.03598825","39.14659268","dentist","general_dentistry | doctor","6 Columbia St","Philippi","26416-1620","WV","US","+13044570590","info.mountaineerdental@gmail.com","https://mountaineerdentalwv.com/","https://www.facebook.com/474009183338042","","0.9199122190475464","open","7","meta | Overture | Overture-signals","CDLA-Permissive-2.0","2026-04-27T00:00:00.000Z | 2026-06-11T11:57:15Z | 2026-05-12T00:29:08Z | 2026-05-18T13:23:54Z | 2026-05-25T13:08:59Z | 2026-06-01T13:20:32Z | 2026-06-08T13:20:12Z"
"WV","West Virginia","46815bcd-ec34-4bef-8323-8f51f180bd7b","McCoy Dental","-82.04610285","37.86155207","dentist","general_dentistry | medical_service_organizations","127 Prosperity Ln","Logan","25601","WV","US","+13047524801","mccoydentalxray@gmail.com","https://www.mccoy-dental.com/","https://www.facebook.com/158839220802124","","0.9199122190475464","open","9","meta | Overture | Overture-signals","CDLA-Permissive-2.0","2026-04-27T00:00:00.000Z | 2026-06-11T11:57:15Z | 2026-05-12T00:29:08Z | 2026-05-18T13:23:54Z | 2026-05-25T13:08:59Z | 2026-06-01T13:20:32Z | 2026-06-08T13:20:12Z"
"WV","West Virginia","4681da06-9a32-4893-9ab1-361961946e26","Moore Dental Center","-81.55048105","39.24212395","dentist","general_dentistry | medical_center","1414 Blizzard Dr","Parkersburg","26101-6423","WV","US","+13044245355","mooredentalcenter@yahoo.com","https://www.parkersburgwvdentist.com/","https://www.facebook.com/596444417032434","Moore Dental Center","0.9199122190475464","open","9","meta | Overture | Overture-signals","CDLA-Permissive-2.0","2026-04-27T00:00:00.000Z | 2026-06-11T11:57:15Z | 2026-05-12T00:29:08Z | 2026-05-18T13:23:54Z | 2026-05-25T13:08:59Z | 2026-06-01T13:20:32Z | 2026-06-08T13:20:12Z"
"WV","West Virginia","4721eb61-8d7a-4614-88c8-c4417e57a3fd","All Smiles Dental","-80.3243854370483","39.2607074733214","dentist","","1205 Buckhannon Pike","Nutter Fort","26301","WV","US","(304) 623-9188","allsmilesdentalwv@gmail.com","http://allsmileswv.com","","","0.77","","2","Foursquare | Overture","Apache-2.0 | CDLA-Permissive-2.0","2026-01-19T00:00:00.000 | 2026-06-11T11:57:15Z"
"WV","West Virginia","47341429-9785-40a3-a02e-055b27aa3727","NDX Standard","-80.3521733","39.31468763","dentist","health_and_medical | business_to_business","1721 Shinnston Pike","Clarksburg","26301","WV","US","3046247649","","https://nationaldentex.com/ndxstandard","","","0.9199122190475464","open","6","Microsoft | Overture | Overture-signals","CDLA-Permissive-2.0","2025-04-24T10:28:02.977Z | 2026-06-11T11:57:15Z | 2026-05-12T00:29:08Z | 2026-05-18T13:23:54Z | 2026-05-25T13:08:59Z | 2026-06-01T13:20:32Z | 2026-06-08T13:20:12Z"
"WV","West Virginia","47a54a98-8e29-4d8b-90a9-09bb1c21a657","Hall James T DDS","-82.41096882","38.42756214","dentist","general_dentistry | doctor","2547 3rd Ave","Huntington","25703-1642","WV","US","+13045256441","","","https://www.facebook.com/906632026117374","","0.9378077983856201","open","1","meta | Overture | Overture-signals","CDLA-Permissive-2.0","2026-04-27T00:00:00.000Z | 2026-06-11T11:57:15Z | 2026-05-12T00:29:08Z"
"WV","West Virginia","4937e1a5-6513-4ff8-8f56-ac96d52f906e","Branham Erin H DDS","-81.530134119169","39.302967307194","dentist","general_dentistry | medical_service_organizations","225 College Pkwy","Parkersburg","26104-7615","WV","US","+13044857336","","https://wvumedicine.org/find-a-doctor/doctor-details/?id=25242","https://www.facebook.com/127899357306881","","0.8794548511505127","","2","meta | Overture","CDLA-Permissive-2.0","2026-04-27T00:00:00.000Z | 2026-06-11T11:57:15Z"
"WV","West Virginia","49ab3f21-d855-4002-9df9-6de29dcd645d","Bridget B. Stevens","-81.74108393","38.35976761","dentist","doctor | health_and_medical","1226 Ohio Ave","Dunbar","25064-3020","WV","US","+13047685616","","","https://www.facebook.com/118910681506498","","0.9199122190475464","open","6","meta | Overture | Overture-signals","CDLA-Permissive-2.0","2026-04-27T00:00:00.000Z | 2026-06-11T11:57:15Z | 2026-05-12T00:29:08Z | 2026-05-18T13:23:54Z | 2026-05-25T13:08:59Z | 2026-06-01T13:20:32Z | 2026-06-08T13:20:12Z"
"WV","West Virginia","49e6c678-354a-406e-9c5e-2652f25471e2","Steve Childress II, DDS, S-Corp","-81.199077","37.787875","dentist","health_and_medical | medical_service_organizations","402 Carriage Dr","Beckley","25801-2806","WV","US","+13042550439","office@beckleydentist.com","http://www.beckleydentist.com/","https://www.facebook.com/429302357108832","","0.988603949546814","","9","meta | Overture","CDLA-Permissive-2.0","2026-04-27T00:00:00.000Z | 2026-06-11T11:57:15Z"
"WV","West Virginia","4a81d49a-588e-4992-9805-43e7aa9cb8c0","Hilleary Family Dentistry","-79.96708068","39.63344863","dentist","general_dentistry","157 Holland Ave","Westover","26501-4315","WV","US","+13042961721","hillearydds@morgantownwvdental.com","http://www.hillearyfamilydentistry.com/","https://www.facebook.com/248849278930462","","0.9199122190475464","open","9","meta | Overture | Overture-signals","CDLA-Permissive-2.0","2026-04-27T00:00:00.000Z | 2026-06-11T11:57:15Z | 2026-05-12T00:29:08Z | 2026-05-18T13:23:54Z | 2026-05-25T13:08:59Z | 2026-06-01T13:20:32Z | 2026-06-08T13:20:12Z"
"WV","West Virginia","4a99abeb-ab3b-4486-9885-c063dcfa159b","Tim Nichols","-78.7053869","39.32901376","dentist","general_dentistry | health_and_medical","32 Stayman Dr","Romney","26757-6289","WV","US","+13048224447","timnicholsdds@frontier.com","http://www.timnicholsddsinc.com/","https://www.facebook.com/123358101035660","","0.9199122190475464","open","9","meta | Overture | Overture-signals","CDLA-Permissive-2.0","2026-04-27T00:00:00.000Z | 2026-06-11T11:57:15Z | 2026-05-12T00:29:08Z | 2026-05-18T13:23:54Z | 2026-05-25T13:08:59Z | 2026-06-01T13:20:32Z | 2026-06-08T13:20:12Z"
"WV","West Virginia","4b386c05-4f35-45e9-b3d8-b714281b39ce","Mason Dental |  Parkersburg | WV | Family & Cosmetic Dentistry","-81.525175","39.294388","dentist","pediatric_dentist | health_and_medical","99 Rosemar Rd","Parkersburg","26104-7657","WV","US","+13044243884","masondentistry@gmail.com","http://www.MasonDentalWV.com/","https://www.facebook.com/127170214024374","","0.9091348695755005","","6","meta | Overture","CDLA-Permissive-2.0","2026-04-27T00:00:00.000Z | 2026-06-11T11:57:15Z"
"WV","West Virginia","4e2091f1-9548-4e0d-97f7-f711f7b65498","Wilson Martino Dental of Bridgeport","-80.26934246","39.28203354","dentist","general_dentistry | medical_service_organizations","930 W Main St","Bridgeport","26330-1673","WV","US","+13048427568","wendyboyce@wilmarmanagement.com","http://www.WilsonMartinoDental.com/","https://www.facebook.com/2043790582589345","The Smile Defenders Dental Office","0.9942610263824463","open","2","meta | Overture | Overture-signals","CDLA-Permissive-2.0","2026-04-27T00:00:00.000Z | 2026-06-11T11:57:15Z | 2026-05-12T00:29:08Z | 2026-06-08T13:20:12Z"
"WV","West Virginia","4e28abc8-6cc0-4be0-a5fd-b0bee3d9591c","Dr. John Zegeer","-81.5784113","38.31796449","dentist","","504 50th St SE","Charleston","25304-2024","WV","US","+13049257400","","","https://www.facebook.com/145177982227934","","0.5871841311454773","","8","meta | Overture","CDLA-Permissive-2.0","2026-04-27T00:00:00.000Z | 2026-06-11T11:57:15Z"
"WV","West Virginia","4f1aedd9-f0bc-411b-95ce-4a0d9a02a01a","McBee Family Dentistry","-80.18296993","39.47199308","dentist","orthodontist | doctor","1912 Locust Ave","Fairmont","26554-1239","WV","US","+13043669241","mcbeefamilydentistry@gmail.com","http://mcbeefamilydentistry.com/","https://www.facebook.com/101708319991349","","0.9199122190475464","open","7","meta | Overture | Overture-signals","CDLA-Permissive-2.0","2026-04-27T00:00:00.000Z | 2026-06-11T11:57:15Z | 2026-05-12T00:29:08Z | 2026-05-18T13:23:54Z | 2026-05-25T13:08:59Z | 2026-06-01T13:20:32Z | 2026-06-08T13:20:12Z"
"WV","West Virginia","4f498555-2493-4f81-bd9e-7d1968734c91","Nelson Family Dentistry","-80.71990661","40.06763925","dentist","general_dentistry","89 12th St","Wheeling","26003-3266","WV","US","+13042326956","nnelsondds@gmail.com","","https://www.facebook.com/120861290921068","","0.9199122190475464","open","8","meta | Overture | Overture-signals","CDLA-Permissive-2.0","2026-04-27T00:00:00.000Z | 2026-06-11T11:57:15Z | 2026-05-12T00:29:08Z | 2026-05-18T13:23:54Z | 2026-05-25T13:08:59Z | 2026-06-01T13:20:32Z | 2026-06-08T13:20:12Z"
"WV","West Virginia","5002e888-4e62-4c16-a55c-8ed4bb2f804c","Wilson Martino Dental","-80.14689883","39.47893684","dentist","general_dentistry | health_and_medical","403 Virginia Ave","Fairmont","26554-2748","WV","US","+13043663910","wendyboyce@wilmarmanagement.co","http://www.WilsonMartinoDental.com/","https://www.facebook.com/308835343344602","Wilson Martino Dental","0.9199122190475464","open","8","meta | Overture | Overture-signals","CDLA-Permissive-2.0","2026-04-27T00:00:00.000Z | 2026-06-11T11:57:15Z | 2026-05-12T00:29:08Z | 2026-05-18T13:23:54Z | 2026-05-25T13:08:59Z | 2026-06-01T13:20:32Z | 2026-06-08T13:20:12Z"
"WV","West Virginia","513670d3-4257-4e0e-a5c0-2002c8687a76","Michael M. Palma","-80.5899457519677","40.4060117758966","dentist","","3143 West St","Weirton","26062","WV","US","(304) 748-5040","","https://www.palmerorthodontics.com","https://www.facebook.com/134637219920894","","0.9199122190475464","open","4","Foursquare | Overture | Overture-signals","Apache-2.0 | CDLA-Permissive-2.0","2025-10-20T00:00:00.000 | 2026-06-11T11:57:15Z | 2026-05-12T00:29:08Z | 2026-05-18T13:23:54Z | 2026-05-25T13:08:59Z | 2026-06-01T13:20:32Z | 2026-06-08T13:20:12Z"
"WV","West Virginia","51925e07-6ef1-478b-9de0-f8e92000140a","Dr. Kate Dentistry","-80.83072753","38.30150661","dentist","general_dentistry | doctor","702 Professional Park Dr","Summersville","26651-2018","WV","US","+13048727272","","","https://www.facebook.com/1514519095482692","","0.9199122190475464","open","7","meta | Overture | Overture-signals","CDLA-Permissive-2.0","2026-04-27T00:00:00.000Z | 2026-06-11T11:57:15Z | 2026-05-12T00:29:08Z | 2026-05-18T13:23:54Z | 2026-05-25T13:08:59Z | 2026-06-01T13:20:32Z | 2026-06-08T13:20:12Z"
"WV","West Virginia","521b169e-1231-494f-ac74-512342aece41","James Snyder","-77.9782472082352","39.4511720426343","dentist","","739 Winchester Ave","Martinsburg","25401","WV","US","(304) 262-9700","","http://www.drsnyder.today","","","0.9199122190475464","open","4","Foursquare | Overture | Overture-signals","Apache-2.0 | CDLA-Permissive-2.0","2025-08-22T00:00:00.000 | 2026-06-11T11:57:15Z | 2026-05-12T00:29:08Z | 2026-05-18T13:23:54Z | 2026-05-25T13:08:59Z | 2026-06-01T13:20:32Z | 2026-06-08T13:20:12Z"
"WV","West Virginia","5376e8fe-5044-4738-9968-34912502a42d","Palmer John a DDS","-80.72436819","40.06977163","dentist","general_dentistry","1025 Main St","Wheeling","26003-2700","WV","US","+13042326666","","","https://www.facebook.com/1028243153855403","","0.9199122190475464","open","8","meta | Overture | Overture-signals","CDLA-Permissive-2.0","2026-04-27T00:00:00.000Z | 2026-06-11T11:57:15Z | 2026-05-12T00:29:08Z | 2026-05-18T13:23:54Z | 2026-05-25T13:08:59Z | 2026-06-01T13:20:32Z | 2026-06-08T13:20:12Z"
"WV","West Virginia","53949f84-425a-4b3d-804f-d1af4dced78c","The Florence Dental Group","-81.54824983","39.29846764","dentist","health_and_medical | software_development","417 Grand Park Dr","Parkersburg","26105-0002","WV","US","+13044224455","florencedentalgroup@email.com","http://www.florencedentalgroup.net/","https://www.facebook.com/1410392459026757","","0.9199122190475464","open","7","meta | Overture | Overture-signals","CDLA-Permissive-2.0","2026-04-27T00:00:00.000Z | 2026-06-11T11:57:15Z | 2026-05-12T00:29:08Z | 2026-05-18T13:23:54Z | 2026-05-25T13:08:59Z | 2026-06-01T13:20:32Z | 2026-06-08T13:20:12Z"
"WV","West Virginia","541e0ddf-821a-4f59-a94d-10994f64f177","Mason Dental","-81.62999139","38.34468675","dentist","general_dentistry | cosmetic_dentist","1218 Virginia St E","Charleston","25301-2951","WV","US","+13044004835","smile@masondental.com","http://www.masondental.com/","https://www.facebook.com/188240397870184","Mason Dental","0.9199122190475464","open","2","meta | Overture | Overture-signals","CDLA-Permissive-2.0","2026-04-27T00:00:00.000Z | 2026-06-11T11:57:15Z | 2026-05-25T13:08:59Z | 2026-06-01T13:20:32Z | 2026-06-08T13:20:12Z"
"WV","West Virginia","5468c24a-39bf-4ebe-bca7-4e61c8e9d1a6","Bowen Dental Associates","-81.69956404","38.36731494","dentist","general_dentistry","139 7th Ave SW","South Charleston","25303-1453","WV","US","+13043420146","bowendentalassociates@yahoo.com","http://bowendentalassociates.com/","https://www.facebook.com/135601882978121","Bowen Dental Associates","0.9199122190475464","open","9","meta | Overture | Overture-signals","CDLA-Permissive-2.0","2026-04-27T00:00:00.000Z | 2026-06-11T11:57:15Z | 2026-05-12T00:29:08Z | 2026-05-18T13:23:54Z | 2026-05-25T13:08:59Z | 2026-06-01T13:20:32Z | 2026-06-08T13:20:12Z"
"WV","West Virginia","5520c0da-352f-4f0f-bb12-f08e6cea80a2","Mark B. Vecchio, DDS, Kara J. Tuttle DDS, & Mark Gray II DDS","-80.2529031467818","39.2827996154214","dentist","","200 Orchard Ave","Bridgeport","26330","WV","US","(304) 842-3577","vecchiotuttle@gmail.com","https://www.vecchioandtuttle.com","","","0.77","","5","Foursquare | Overture","Apache-2.0 | CDLA-Permissive-2.0","2025-09-24T00:00:00.000 | 2026-06-11T11:57:15Z"
"WV","West Virginia","56344bc3-a84a-4a84-bbe0-d196784cbacb","Advanced Dentistry","-80.65820079","40.0394","dentist","general_dentistry | cosmetic_dentist","160 Kruger St","Wheeling","26003-5160","WV","US","+13042422400","wvtoothdr@gmail.com","http://advanceddentistrywv.com/","https://www.facebook.com/1485571085063295","Advanced Dentistry","0.9199122190475464","open","10","meta | Overture | Overture-signals","CDLA-Permissive-2.0","2026-04-27T00:00:00.000Z | 2026-06-11T11:57:15Z | 2026-05-12T00:29:08Z | 2026-05-18T13:23:54Z | 2026-05-25T13:08:59Z | 2026-06-01T13:20:32Z | 2026-06-08T13:20:12Z"
"WV","West Virginia","5641b3bd-66c9-43c1-a763-3b933b6863f2","Dynamic Dental","-81.23558794","37.25342136","dentist","general_dentistry | cosmetic_dentist","1321 Stadium Dr","Bluefield","24701-3318","WV","US","+13043277135","","","https://www.facebook.com/187456167787195","","0.6651912927627563","open","1","meta | Overture | Overture-signals","CDLA-Permissive-2.0","2026-04-27T00:00:00.000Z | 2026-06-11T11:57:15Z | 2026-05-12T00:29:08Z | 2026-06-08T13:20:12Z"
"WV","West Virginia","569d4147-ff2f-4a6f-bcb8-673cf184af98","Frank Mams, Dds, Pllc","-79.8429035815166","38.9185284110943","dentist","","600 S Randolph Ave","Elkins","26241","WV","US","(304) 636-5800","","","https://www.facebook.com/1050486995045342","","0.77","","5","Foursquare | Overture","Apache-2.0 | CDLA-Permissive-2.0","2025-10-03T00:00:00.000 | 2026-06-11T11:57:15Z"
"WV","West Virginia","56ce7c14-bce5-4812-9716-b8d8323426a6","Lilly Tammy","-81.1690364","37.7813826","dentist","health_and_medical","1110 Johnstown Rd","Beckley","25801","WV","US","3042550717","","","","","0.9199122190475464","open","6","Microsoft | Overture | Overture-signals","CDLA-Permissive-2.0","2015-05-15T08:03:31.843Z | 2026-06-11T11:57:15Z | 2026-05-12T00:29:08Z | 2026-05-18T13:23:54Z | 2026-05-25T13:08:59Z | 2026-06-01T13:20:32Z | 2026-06-08T13:20:12Z"
"WV","West Virginia","56eef560-d48e-48f6-afff-241d1823dba3","RS Orthodontics","-77.84229","39.302359","dentist","orthodontist | health_and_medical","46 Trifecta Pl","Charles Town","25414-5652","WV","US","+13047250126","","http://www.rsorthodontist.com","https://www.facebook.com/1178068312223003","","0.9199122190475464","open","8","meta | Overture | Overture-signals","CDLA-Permissive-2.0","2026-04-27T00:00:00.000Z | 2026-06-11T11:57:15Z | 2026-05-12T00:29:08Z | 2026-05-18T13:23:54Z | 2026-05-25T13:08:59Z | 2026-06-01T13:20:32Z | 2026-06-08T13:20:12Z"
"WV","West Virginia","576cde78-dad1-4ab7-b516-eee863e03294","David Stahr","-80.12172192","39.48010918","dentist","","1030 Morgantown Ave","Fairmont","26554-4375","WV","US","+13043632020","","","https://www.facebook.com/233382080808239","","0.9363634097576141","","7","meta | Overture","CDLA-Permissive-2.0","2026-04-27T00:00:00.000Z | 2026-06-11T11:57:15Z"
"WV","West Virginia","57ea45a4-d44b-410b-9a50-ce8d52c96bee","Grace Dental Care","-81.4850311426936","38.1954130545848","dentist","","15081 MacCorkle Ave .,","chelyan","25035","WV","US","(304) 595-3551","","http://gracedental.biz/template.jsp?doc=gracedentalcare&c=Payment&wiz=0&page=Payment","","","0.9199122190475464","open","4","Foursquare | Overture | Overture-signals","Apache-2.0 | CDLA-Permissive-2.0","2025-08-22T00:00:00.000 | 2026-06-11T11:57:15Z | 2026-05-12T00:29:08Z | 2026-05-18T13:23:54Z | 2026-05-25T13:08:59Z | 2026-06-01T13:20:32Z | 2026-06-08T13:20:12Z"
"WV","West Virginia","59b13037-9f5a-4be1-8a60-3e79371bed60","Dental Services Group","-80.3393099","39.2837717","dentist","medical_service_organizations | laboratory_testing","431 Clark St","Clarksburg","26301-2065","WV","US","+13046247649","","http://www.dentalservices.net/","https://www.facebook.com/110334629653229","Dental Services Group","0.5955387949943542","","2","meta | Overture","CDLA-Permissive-2.0","2026-04-27T00:00:00.000Z | 2026-06-11T11:57:15Z"
"WV","West Virginia","5a0427b9-4e09-45a0-8fa4-7e8e36861feb","Antoine E Skaff DDS","-81.5786105070163","38.3200712652295","dentist","","4916 Maccorkle Ave SE","Charleston","25304","WV","US","(304) 925-0234","","http://www.healthgrades.com/dentist/dr-antoine-skaff-2hktn","https://www.facebook.com/160133594008731","","0.9199122190475464","open","4","Foursquare | Overture | Overture-signals","Apache-2.0 | CDLA-Permissive-2.0","2025-08-19T00:00:00.000 | 2026-06-11T11:57:15Z | 2026-05-12T00:29:08Z | 2026-05-18T13:23:54Z | 2026-05-25T13:08:59Z | 2026-06-01T13:20:32Z | 2026-06-08T13:20:12Z"
"WV","West Virginia","5ad8e85c-9a0b-4182-aff2-d7006a163f61","Zelenak Family Dentistry","-80.02100471","39.34120365","dentist","general_dentistry | doctor","72 W Main St","Grafton","26354-1351","WV","US","+13042655666","czelenakdds@yahoo.com","","https://www.facebook.com/666732613454340","","0.9199122190475464","open","6","meta | Overture | Overture-signals","CDLA-Permissive-2.0","2026-04-27T00:00:00.000Z | 2026-06-11T11:57:15Z | 2026-05-12T00:29:08Z | 2026-05-18T13:23:54Z | 2026-05-25T13:08:59Z | 2026-06-01T13:20:32Z | 2026-06-08T13:20:12Z"
"WV","West Virginia","5b6c135c-683a-4510-8191-e7538b175c50","Sami Ghareeb","-81.81392101","38.47703436","dentist","medical_service_organizations | family_practice","178 Main St","Poca","25159","WV","US","+13047553931","","","https://www.facebook.com/223375058042118","","0.8023005127906799","","9","meta | Overture","CDLA-Permissive-2.0","2026-04-27T00:00:00.000Z | 2026-06-11T11:57:15Z"
"WV","West Virginia","5bab5cf2-bf23-4d7f-ae7e-5ad2e83219c9","Kurt H. Reiber DMD","-81.1618270523775","37.7993675839343","dentist","","33 Eagles Rd","Beckley","25801","WV","US","(304) 253-5222","kurt.reiber@yahoo.com","https://www.workathomesuccess.com","","","0.77","","5","Foursquare | Overture","Apache-2.0 | CDLA-Permissive-2.0","2025-05-23T00:00:00.000 | 2026-06-11T11:57:15Z"
"WV","West Virginia","5d082d15-e408-4e64-949f-00bd3d008055","Motto Clear Aligners","-80.2828026","39.2757057","dentist","health_and_medical","250 Emily Dr","Clarksburg","26301","WV","US","3043983067","","https://www.aspendental.com/dentist/wv/clarksburg/250-emily-dr/motto-clear-aligners/","","","0.9199122190475464","open","4","Microsoft | Overture | Overture-signals","CDLA-Permissive-2.0","2025-10-03T21:14:21.617Z | 2026-06-11T11:57:15Z | 2026-05-12T00:29:08Z | 2026-05-18T13:23:54Z | 2026-05-25T13:08:59Z | 2026-06-01T13:20:32Z | 2026-06-08T13:20:12Z"
"WV","West Virginia","5d55b869-3c46-43e4-8d51-57a872b2f603","Edwards Linda DDS","-80.60820346","40.27896345","dentist","general_dentistry | health_and_medical","1512 Commerce St","Wellsburg","26070-1323","WV","US","+13047372533","","http://www.davidgedwardsdentistry.com/","https://www.facebook.com/106898316029955","","0.9199122190475464","open","6","meta | Overture | Overture-signals","CDLA-Permissive-2.0","2026-04-27T00:00:00.000Z | 2026-06-11T11:57:15Z | 2026-05-12T00:29:08Z | 2026-05-18T13:23:54Z | 2026-05-25T13:08:59Z | 2026-06-01T13:20:32Z | 2026-06-08T13:20:12Z"
"WV","West Virginia","5d7160f3-361b-47c6-9095-69fb3925ab3c","Kilcollin Dental","-80.43822134","37.80596653","dentist","general_dentistry","1393 Jefferson St N","Lewisburg","24901-2212","WV","US","+13046453883","","http://www.kilcollindental.com/","https://www.facebook.com/1439843009364564","Kilcollin Dental","0.9978021711111069","","8","meta | Overture","CDLA-Permissive-2.0","2026-04-27T00:00:00.000Z | 2026-06-11T11:57:15Z"
"WV","West Virginia","5d7d1ab3-697a-4f1d-b6b7-d40ac0d38fbf","Gibson Family Dentistry","-81.47865473","38.44331735","dentist","pediatric_dentist | health_and_medical","5089 Elk River Rd","Elkview","25071-9711","WV","US","+13049651200","info@gibsonfamilydentistry.net","http://www.gibsonfamilydentistry.net/","https://www.facebook.com/178023685543285","Gibson Family Dentistry Dr Gibson DDS","0.9199122190475464","open","10","meta | Overture | Overture-signals","CDLA-Permissive-2.0","2026-04-27T00:00:00.000Z | 2026-06-11T11:57:15Z | 2026-05-12T00:29:08Z | 2026-05-18T13:23:54Z | 2026-05-25T13:08:59Z | 2026-06-01T13:20:32Z | 2026-06-08T13:20:12Z"
"WV","West Virginia","5e62ecdd-96be-4146-8fb8-4869e67536ff","Romeo Michael DDS","-81.73194326","38.35472268","dentist","health_and_medical | family_practice","4910 Maccorkle Ave SW","South Charleston","25309-1216","WV","US","+13047666482","","","https://www.facebook.com/167419806606644","","0.9199122190475464","open","7","meta | Overture | Overture-signals","CDLA-Permissive-2.0","2026-04-27T00:00:00.000Z | 2026-06-11T11:57:15Z | 2026-05-12T00:29:08Z | 2026-05-18T13:23:54Z | 2026-05-25T13:08:59Z | 2026-06-01T13:20:32Z | 2026-06-08T13:20:12Z"
"WV","West Virginia","5e7a3f4f-34c5-40b2-a892-97c24853f980","The Landing Dental Spa","-79.85158313","39.67633243","dentist","general_dentistry | medical_service_organizations","119 Shannon Dr","Morgantown","26508","WV","US","+13045942200","info@thelandingdentalspa.com","http://www.thelandingdentalspa.com/","https://www.facebook.com/120788224664589","","0.9199122190475464","open","9","meta | Overture | Overture-signals","CDLA-Permissive-2.0","2026-04-27T00:00:00.000Z | 2026-06-11T11:57:15Z | 2026-05-12T00:29:08Z | 2026-05-18T13:23:54Z | 2026-05-25T13:08:59Z | 2026-06-01T13:20:32Z | 2026-06-08T13:20:12Z"
"WV","West Virginia","5f017beb-f023-49ab-9ad3-4a5fdc6b3852","Jeremy Michael Crow","-80.5900158097336","40.4042192253061","dentist","","3245 West St","Weirton","26062","WV","US","(304) 748-4210","","http://www.crowdentalassociates.com","","","0.9199122190475464","open","4","Foursquare | Overture | Overture-signals","Apache-2.0 | CDLA-Permissive-2.0","2025-08-22T00:00:00.000 | 2026-06-11T11:57:15Z | 2026-05-12T00:29:08Z | 2026-05-18T13:23:54Z | 2026-05-25T13:08:59Z | 2026-06-01T13:20:32Z | 2026-06-08T13:20:12Z"
"WV","West Virginia","5f5cbf88-15cd-4c49-a7da-5e115fc34388","Dr. Michael A. Hazey Jr","-80.320645","39.27891992","dentist","family_practice | hospital","720 E Pike St","Clarksburg","26301-2240","WV","US","+13046220595","","","https://www.facebook.com/110206962395293","","0.9199122190475464","open","6","meta | Overture | Overture-signals","CDLA-Permissive-2.0","2026-04-27T00:00:00.000Z | 2026-06-11T11:57:15Z | 2026-05-12T00:29:08Z | 2026-05-18T13:23:54Z | 2026-05-25T13:08:59Z | 2026-06-01T13:20:32Z | 2026-06-08T13:20:12Z"
"WV","West Virginia","5fad22c1-9ace-4775-95bb-3bd117a17f85","Sinclair Dental Clinic","-80.24949397","39.51379998","dentist","general_dentistry | health_and_medical","1021 Main St","Farmington","26571","WV","US","+13048256004","","","https://www.facebook.com/1581067608858066","","0.9630243182182312","","8","meta | Overture","CDLA-Permissive-2.0","2026-04-27T00:00:00.000Z | 2026-06-11T11:57:15Z"
"WV","West Virginia","6010da5a-3d5c-45ce-94f4-5c2b9fd137e7","Angela Beth Armstead DDS","-81.56553443","38.39610239","dentist","medical_service_organizations | health_and_medical","3414 Pennsylvania Ave","Charleston","25302-4633","WV","US","+13043432151","angela.armstead.dds@gmail.com","http://angelabetharmsteaddds.com/","https://www.facebook.com/121935891150870","","0.9199122190475464","open","8","meta | Overture | Overture-signals","CDLA-Permissive-2.0","2026-04-27T00:00:00.000Z | 2026-06-11T11:57:15Z | 2026-05-12T00:29:08Z | 2026-05-18T13:23:54Z | 2026-05-25T13:08:59Z | 2026-06-01T13:20:32Z | 2026-06-08T13:20:12Z"
"WV","West Virginia","603ee300-481e-4929-a727-c3a5efc2e365","Dean C. Paxton","-81.14827811","37.99969089","dentist","general_dentistry | health_and_medical","3257 Summerlee Rd","Oak Hill","25901-6173","WV","US","+13044658705","paxtondentalinc@gmail.com","","https://www.facebook.com/814725645245933","","0.9199122190475464","open","7","meta | Overture | Overture-signals","CDLA-Permissive-2.0","2026-04-27T00:00:00.000Z | 2026-06-11T11:57:15Z | 2026-05-12T00:29:08Z | 2026-05-18T13:23:54Z | 2026-05-25T13:08:59Z | 2026-06-01T13:20:32Z | 2026-06-08T13:20:12Z"
"WV","West Virginia","61573424-3351-4053-b4cd-3ef78244255d","Veneri E Lynn DDS","-81.11495487","37.3657433","dentist","general_dentistry | health_and_medical","100 Morrison Dr","Princeton","24740-2322","WV","US","+13044258886","","http://www.healthgrades.com/dentist/dr-edward-veneri-3x9ng","https://www.facebook.com/200376616764431","","0.9199122190475464","open","6","meta | Overture | Overture-signals","CDLA-Permissive-2.0","2026-04-27T00:00:00.000Z | 2026-06-11T11:57:15Z | 2026-05-12T00:29:08Z | 2026-05-18T13:23:54Z | 2026-05-25T13:08:59Z | 2026-06-01T13:20:32Z | 2026-06-08T13:20:12Z"
"WV","West Virginia","61ec5efd-a518-479d-a838-bbde7041ed6c","Mountaineer Oral & Maxillofacial Surgeons","-81.723765","38.818073","dentist","oral_surgeon | doctor","102 Memorial Dr","Ripley","25271-1164","WV","US","+13045145500","renee@byronblackoms.com","http://byronblackoms.com/","https://www.facebook.com/1507030752888292","","0.9199122190475464","open","7","meta | Overture | Overture-signals","CDLA-Permissive-2.0","2026-04-27T00:00:00.000Z | 2026-06-11T11:57:15Z | 2026-05-12T00:29:08Z | 2026-05-18T13:23:54Z | 2026-05-25T13:08:59Z | 2026-06-01T13:20:32Z | 2026-06-08T13:20:12Z"
"WV","West Virginia","624cac6a-70a5-446e-a602-0e3deb0554e5","Lewis D. Gilbert","-81.07883662","37.36236367","dentist","doctor | oral_surgeon","220 Locust St","Princeton","24740-3626","WV","US","+13044258220","","http://www.drgsmilesurgery.com","https://www.facebook.com/146573558708541","","0.7127711176872253","open","3","meta | Overture | Overture-signals","CDLA-Permissive-2.0","2026-04-27T00:00:00.000Z | 2026-06-11T11:57:15Z | 2026-06-08T13:20:12Z"
"WV","West Virginia","62820667-dbc7-4c88-9e75-461891e807e0","Stewart Barr and Thorne PLLC","-78.99243129","39.42703513","dentist","general_dentistry | health_and_medical","1035 Florida Ave","Keyser","26726-2804","WV","US","+13047886647","bwilliamson.sbt@hotmail.com","http://www.stewartbarrthornepllc.com/","https://www.facebook.com/1454672178170812","","0.9199122190475464","open","8","meta | Overture | Overture-signals","CDLA-Permissive-2.0","2026-04-27T00:00:00.000Z | 2026-06-11T11:57:15Z | 2026-05-12T00:29:08Z | 2026-05-18T13:23:54Z | 2026-05-25T13:08:59Z | 2026-06-01T13:20:32Z | 2026-06-08T13:20:12Z"
"WV","West Virginia","6371ec2f-87d5-4773-822d-d3a4f9c4c901","McClintock Family Dentistry","-77.97713507","39.44888491","dentist","health_and_medical | medical_service_organizations","911 Maryland Ave","Martinsburg","25401-1727","WV","US","+13042670809","frontdesk@martinsburgwvdental.com","http://www.martinsburgwvdental.com/","https://www.facebook.com/1586186684833211","McClintock Family Dentistry","0.9199122190475464","open","8","meta | Overture | Overture-signals","CDLA-Permissive-2.0","2026-04-27T00:00:00.000Z | 2026-06-11T11:57:15Z | 2026-05-12T00:29:08Z | 2026-05-18T13:23:54Z | 2026-05-25T13:08:59Z | 2026-06-01T13:20:32Z | 2026-06-08T13:20:12Z"
"WV","West Virginia","6465b6f8-5516-4804-b45a-6331e123cbe5","Morgantown Dental Group","-79.9567803","39.62821163","dentist","medical_service_organizations","142 High St","Morgantown","26505-5413","WV","US","+13042927307","mdentalgroup@comcast.net","http://www.morgantowndentalgroup.com/","https://www.facebook.com/153898961340550","Morgantown Dental Group","0.9199122190475464","open","8","meta | Overture | Overture-signals","CDLA-Permissive-2.0","2026-04-27T00:00:00.000Z | 2026-06-11T11:57:15Z | 2026-05-12T00:29:08Z | 2026-05-18T13:23:54Z | 2026-05-25T13:08:59Z | 2026-06-01T13:20:32Z | 2026-06-08T13:20:12Z"
"WV","West Virginia","64befb9b-fbf7-4f50-acd2-3da44ad556bf","Parks Cynthia D","-79.8977397554178","39.6486232718885","dentist","","601 Venture Dr Ste 200","Morgantown","26508","WV","US","(304) 777-4114","","https://www.totsandteensdentistry.com","https://www.facebook.com/117671934959357","","0.77","","5","Foursquare | Overture","Apache-2.0 | CDLA-Permissive-2.0","2025-08-22T00:00:00.000 | 2026-06-11T11:57:15Z"
"WV","West Virginia","656967c7-0797-4f6b-9078-0f05f36cef76","Bonasso & Kime","-80.15642956","39.49480118","dentist","general_dentistry | doctor","100 Greenbrier Plz","Fairmont","26554-1735","WV","US","+13043669833","drbonassokime@gmail.com","https://www.fairmontwvdentist.com/","https://www.facebook.com/152172245207430","","0.9199122190475464","open","8","meta | Overture | Overture-signals","CDLA-Permissive-2.0","2026-04-27T00:00:00.000Z | 2026-06-11T11:57:15Z | 2026-05-12T00:29:08Z | 2026-05-18T13:23:54Z | 2026-05-25T13:08:59Z | 2026-06-01T13:20:32Z | 2026-06-08T13:20:12Z"
"WV","West Virginia","65fb0415-6391-4a6c-ba5e-cd7ccfdd8cdf","Scott Edmonds DDS Inc","-82.34247929","38.41088494","dentist","general_dentistry | doctor","5187 US Route 60","Huntington","25705-0027","WV","US","+13047363422","","http://www.scottedmondsdds.com/","https://www.facebook.com/352645591866471","","0.9199122190475464","open","7","meta | Overture | Overture-signals","CDLA-Permissive-2.0","2026-04-27T00:00:00.000Z | 2026-06-11T11:57:15Z | 2026-05-12T00:29:08Z | 2026-05-18T13:23:54Z | 2026-05-25T13:08:59Z | 2026-06-01T13:20:32Z | 2026-06-08T13:20:12Z"
"WV","West Virginia","66656a3d-42ff-41ef-b56e-bc705d33cfaa","Kennedy Dental Office","-81.3247447","38.18152799","dentist","general_dentistry | medical_service_organizations","410 4th Ave","Montgomery","25136-2105","WV","US","+13044422488","kdowv6@gmail.com","http://kennedydentalwv.com/","https://www.facebook.com/395311444283263","Kennedy Dental Office","0.9199122190475464","open","8","meta | Overture | Overture-signals","CDLA-Permissive-2.0","2026-04-27T00:00:00.000Z | 2026-06-11T11:57:15Z | 2026-05-12T00:29:08Z | 2026-05-18T13:23:54Z | 2026-05-25T13:08:59Z | 2026-06-01T13:20:32Z | 2026-06-08T13:20:12Z"
"WV","West Virginia","67c4ce77-2f0c-44ad-8f63-c7beb5905c5b","Kayanna M Sayre-Poe DDS","-81.97483","38.98685","dentist","health_and_medical | doctor","220 5th St","New Haven","25265-7740","WV","US","+13048823136","","","https://www.facebook.com/1056754854397212","","0.9574974179267883","","10","meta | Overture","CDLA-Permissive-2.0","2026-04-27T00:00:00.000Z | 2026-06-11T11:57:15Z"
"WV","West Virginia","68755eb0-458f-4bf6-b18d-3b86fa442b26","Charles Edward Sammons DDS","-82.412124","37.845277","dentist","","180 Mingo Ave","Kermit","25674","WV","US","(304) 393-1030","","https://www.charlessammonsdds.com/locations","","","0.77","","5","Foursquare | Overture","Apache-2.0 | CDLA-Permissive-2.0","2025-08-19T00:00:00.000 | 2026-06-11T11:57:15Z"
"WV","West Virginia","68907445-4e92-4fd2-bae9-1cec0a8e550c","Paul A Gilley DDS INC","-81.06368692","37.36324674","dentist","health_and_medical | medical_service_organizations","104 Vine St","Princeton","24740-3931","WV","US","+13044252978","","http://paulgrilley.com","https://www.facebook.com/125884287466596","","0.9199122190475464","open","6","meta | Overture | Overture-signals","CDLA-Permissive-2.0","2026-04-27T00:00:00.000Z | 2026-06-11T11:57:15Z | 2026-05-12T00:29:08Z | 2026-05-18T13:23:54Z | 2026-05-25T13:08:59Z | 2026-06-01T13:20:32Z | 2026-06-08T13:20:12Z"
"WV","West Virginia","68f7a7dc-541b-46b9-8eaa-91836a6a0017","Mountaineer Fixed Dental Prosthetics","-81.63295202","38.3497041","dentist","prosthetics","40 Nel Ann Ln","Charleston","25312-8075","WV","US","+13049841119","","","https://www.facebook.com/466850753458674","","0.6485373973846436","","9","meta | Overture","CDLA-Permissive-2.0","2026-04-27T00:00:00.000Z | 2026-06-11T11:57:15Z"
"WV","West Virginia","69fcd7ed-6c2a-48e6-9f12-744a301ef642","W. Shane Holmes Orthodontics - Charleston","-81.6630476356952","38.3431812738908","dentist","","867 Oakwood Rd","Charleston","25314","WV","US","(304) 343-3672","","https://www.drshaneholmes.com","https://www.facebook.com/1024565377619838","","0.77","","5","Foursquare | Overture","Apache-2.0 | CDLA-Permissive-2.0","2021-05-14T00:00:00.000 | 2026-06-11T11:57:15Z"
"WV","West Virginia","6a1d387d-1e50-4466-8df6-a4828b05c78e","Hancock Dental Center","-77.97228802","39.47419387","dentist","general_dentistry | medical_service_organizations","311 Pendleton Dr","Martinsburg","25401-2920","WV","US","+13042649227","info@hancockdentalcenter.com","http://www.hancockdentalcenter.com/","https://www.facebook.com/104695776259585","","0.9199122190475464","open","9","meta | Overture | Overture-signals","CDLA-Permissive-2.0","2026-04-27T00:00:00.000Z | 2026-06-11T11:57:15Z | 2026-05-12T00:29:08Z | 2026-05-18T13:23:54Z | 2026-05-25T13:08:59Z | 2026-06-01T13:20:32Z | 2026-06-08T13:20:12Z"
"WV","West Virginia","6a62d14e-dcd3-4f78-ac9c-b3de7461f661","Marshall Dentistry and Oral Surgery","-82.42775395","38.4108824","dentist","oral_surgeon | general_dentistry","1616 13th Ave","Huntington","25701-3800","WV","US","+13046911247","socialmedia@marshallhealth.org","https://www.marshallhealth.org/locations/marshall-dentistry-oral-surgery","https://www.facebook.com/1792121747736294","","0.9902192950248718","open","8","meta | Overture | Overture-signals","CDLA-Permissive-2.0","2026-04-27T00:00:00.000Z | 2026-06-11T11:57:15Z | 2026-05-12T00:29:08Z | 2026-05-18T13:23:54Z | 2026-05-25T13:08:59Z | 2026-06-01T13:20:32Z | 2026-06-08T13:20:12Z"
"WV","West Virginia","6aa07296-a222-458a-85d2-edb7025e611b","Walter Donald E DDS","-80.6665054075282","40.0519332636931","dentist","","1 Park View Ln","Wheeling","26003","WV","US","(304) 242-9550","","http://www.wheelingfamilydental.com","","","0.9199122190475464","open","4","Foursquare | Overture | Overture-signals","Apache-2.0 | CDLA-Permissive-2.0","2025-08-19T00:00:00.000 | 2026-06-11T11:57:15Z | 2026-05-12T00:29:08Z | 2026-05-18T13:23:54Z | 2026-05-25T13:08:59Z | 2026-06-01T13:20:32Z | 2026-06-08T13:20:12Z"
"WV","West Virginia","6ac963ad-4c53-48fe-8635-1e3fc83ea510","Dr. Christa Bryan DDS & Dr. John W Byers DDS","-80.0265427","39.3389587","dentist","","122 Yates Ave","Grafton","26354-1611","WV","US","+13042652438","johnwbyersdds@gmail.com","","https://www.facebook.com/754716407971030","","0.8340533375740051","","9","meta | Overture","CDLA-Permissive-2.0","2026-04-27T00:00:00.000Z | 2026-06-11T11:57:15Z"
"WV","West Virginia","6d306c8a-6d1c-4307-87b8-47454bc60737","Brian J. Palank, D.D.S. Family Dentistry","-77.8186588479393","39.4348269955738","dentist","","630 Shepherd Ln","Shepherdstown","25443","WV","US","(304) 876-2562","","http://www.healthgrades.com/dentist/dr-brian-palank-x9hh2","https://www.facebook.com/155379311163974","","0.77","","5","Foursquare | Overture","Apache-2.0 | CDLA-Permissive-2.0","2025-10-30T00:00:00.000 | 2026-06-11T11:57:15Z"
"WV","West Virginia","6da66a3a-e4f4-4fa2-8e62-2a6dcacb446c","Jill E. Shumate, DDS","-81.1943563548457","37.7728541896638","dentist","","403 3rd Ave","Beckley","25801","WV","US","(681) 201-0502","shumatej@yahoo.com","https://www.jilleshumatedds.com","https://www.facebook.com/1416714215302530","","0.77","","5","Foursquare | Overture","Apache-2.0 | CDLA-Permissive-2.0","2025-08-22T00:00:00.000 | 2026-06-11T11:57:15Z"
"WV","West Virginia","6ddd394f-6469-4acc-95e6-5b977de29355","Ford, Eric D, DDS, PLLC","-82.456814","38.416441","dentist","medical_service_organizations | health_and_medical","516 1st St","Huntington","25701-1802","WV","US","+13045233296","forderic@frontier.com","http://ericforddds.com/","https://www.facebook.com/976966575671820","","0.9199122190475464","open","10","meta | Overture | Overture-signals","CDLA-Permissive-2.0","2026-04-27T00:00:00.000Z | 2026-06-11T11:57:15Z | 2026-05-12T00:29:08Z | 2026-05-18T13:23:54Z | 2026-05-25T13:08:59Z | 2026-06-01T13:20:32Z | 2026-06-08T13:20:12Z"
"WV","West Virginia","6deac86b-6d88-40d3-b352-047d0046bcba","ALL Smiles Modern Dentistry","-81.1715385457216","37.796766546637","dentist","","200 Stanaford Rd","Beckley","25801","WV","US","(304) 252-4141","","http://www.anthonywilliamsdds.com","","","0.9199122190475464","open","4","Foursquare | Overture | Overture-signals","Apache-2.0 | CDLA-Permissive-2.0","2025-08-22T00:00:00.000 | 2026-06-11T11:57:15Z | 2026-05-12T00:29:08Z | 2026-05-18T13:23:54Z | 2026-05-25T13:08:59Z | 2026-06-01T13:20:32Z | 2026-06-08T13:20:12Z"
"WV","West Virginia","6f477407-b154-42b0-aa5a-fadac1df05cc","Linda Lou Ray","-80.1531598975574","39.4466904941269","dentist","","2012 Pleasant Valley Rd","Fairmont","26554","WV","US","(304) 368-0342","","http://www.ehealthscores.com/providers/izd-llspllqqtw/LINDA-RAY.html","https://www.facebook.com/134204003298391","","0.77","","5","Foursquare | Overture","Apache-2.0 | CDLA-Permissive-2.0","2025-10-20T00:00:00.000 | 2026-06-11T11:57:15Z"
"WV","West Virginia","70b40ca9-a014-4d7c-9e3b-1822205b5b54","Pediatric And Teenage Dentistry","-79.9370216537719","39.6547340406222","dentist","","3000 Hampton Ctr Ste B","Morgantown","26505","WV","US","(304) 599-5000","dentist4kids@emailsafe.us","http://www.dentist4kids.org","https://www.facebook.com/204451776245867","","0.77","","5","Foursquare | Overture","Apache-2.0 | CDLA-Permissive-2.0","2022-02-21T00:00:00.000 | 2026-06-11T11:57:15Z"
"WV","West Virginia","71049524-8eb2-4446-86cf-0ac7aab367e7","Sizemore Family Dentistry","-80.28961","37.80042","dentist","health_and_medical | medical_service_organizations","1029 Main St E","White Sulphur Springs","24986-3019","WV","US","+13045363304","www.sizemorefamilydentistry@gmail.com","http://www.sizemorefamilydentistry.com/","https://www.facebook.com/882620881813729","Sizemore Family Dentistry","0.9857274889945984","","8","meta | Overture","CDLA-Permissive-2.0","2026-04-27T00:00:00.000Z | 2026-06-11T11:57:15Z"
"WV","West Virginia","7177b5c3-68c1-4899-bd12-c5e1b3b3e1ae","Willow Tree Dental","-79.93721906","39.65392506","dentist","orthodontist | health_and_medical","5000 Hampton Ctr","Morgantown","26505-0646","WV","US","+13045980400","smile@willowtreedentalwv.com","https://willowtreedentalwv.com/","https://www.facebook.com/408285475871278","","0.9199122190475464","open","9","meta | Overture | Overture-signals","CDLA-Permissive-2.0","2026-04-27T00:00:00.000Z | 2026-06-11T11:57:15Z | 2026-05-12T00:29:08Z | 2026-05-18T13:23:54Z | 2026-05-25T13:08:59Z | 2026-06-01T13:20:32Z | 2026-06-08T13:20:12Z"
"WV","West Virginia","719c7414-ff63-48e4-aa4d-85e905c48f09","The Smile Defenders","-80.32344829","39.25903769","dentist","cosmetic_dentist | orthodontist","1402 Buckhannon Pike","Nutter Fort","26301-4400","WV","US","+13043054376","","https://www.smiledefenders.com/clarksburg-wv.html","https://www.facebook.com/291051528515824","The Smile Defenders Dental Office","0.9199122190475464","open","8","meta | Overture | Overture-signals","CDLA-Permissive-2.0","2026-04-27T00:00:00.000Z | 2026-06-11T11:57:15Z | 2026-05-12T00:29:08Z | 2026-05-18T13:23:54Z | 2026-05-25T13:08:59Z | 2026-06-01T13:20:32Z | 2026-06-08T13:20:12Z"
"WV","West Virginia","71a7dde8-1ea7-4540-8187-d841a0c64b8e","Rymer Helen Dee DDS","-81.76694454","38.95654437","dentist","health_and_medical | family_practice","707 Washington St","Ravenswood","26164-1729","WV","US","+13042732313","","http://www.wellness.com/dir/2338621/dentist/wv/ravenswood","https://www.facebook.com/162170820474794","","0.9199122190475464","open","6","meta | Overture | Overture-signals","CDLA-Permissive-2.0","2026-04-27T00:00:00.000Z | 2026-06-11T11:57:15Z | 2026-05-12T00:29:08Z | 2026-05-18T13:23:54Z | 2026-05-25T13:08:59Z | 2026-06-01T13:20:32Z | 2026-06-08T13:20:12Z"
"WV","West Virginia","71d3efc4-8f06-44e2-ac51-597483485ece","James W. Vargo, DDS","-81.1572062128872","37.7691507303993","dentist","","92 Brookshire Ln","Beckley","25801","WV","US","(304) 255-0020","","http://www.vargoendo.com","","","0.77","","5","Foursquare | Overture","Apache-2.0 | CDLA-Permissive-2.0","2024-08-22T00:00:00.000 | 2026-06-11T11:57:15Z"
"WV","West Virginia","727f0a5f-5d92-4786-8275-273b3e217430","Weese A Lamarr DDS","-79.94237166","39.02604667","dentist","orthodontist | health_and_medical","271 Brown Ave","Belington","26250-9202","WV","US","+13048233186","","http://weesealamarrdds.placeweb.site","https://www.facebook.com/161671607184001","","0.9199122190475464","open","8","meta | Overture | Overture-signals","CDLA-Permissive-2.0","2026-04-27T00:00:00.000Z | 2026-06-11T11:57:15Z | 2026-05-12T00:29:08Z | 2026-05-18T13:23:54Z | 2026-05-25T13:08:59Z | 2026-06-01T13:20:32Z | 2026-06-08T13:20:12Z"
"WV","West Virginia","732c5f45-abb8-435d-8791-f37c152030b7","Roy Douglas H DDS","-81.06353478","37.3636177","dentist","general_dentistry | health_and_medical","102 Vine St","Princeton","24740-3931","WV","US","+13044873115","","","https://www.facebook.com/139087532806261","","0.9337447881698608","","8","meta | Overture","CDLA-Permissive-2.0","2026-04-27T00:00:00.000Z | 2026-06-11T11:57:15Z"
"WV","West Virginia","737046a9-5aa4-4377-ab03-71e043911e14","Simpson Dental","-81.6193354","38.36421229","dentist","general_dentistry | cosmetic_dentist","400 Allen Dr","Charleston","25302-0143","WV","US","+13043426162","contact@wvsmiles.com","https://www.wvsmiles.com/","https://www.facebook.com/147682641945109","Simpson Dental","0.9948784840106965","open","9","meta | Overture | Overture-signals","CDLA-Permissive-2.0","2026-04-27T00:00:00.000Z | 2026-06-11T11:57:15Z | 2026-06-08T13:20:12Z"
"WV","West Virginia","738dbf72-c6c4-4f53-aa95-1e334334dea4","John William Byers","-80.0265352494137","39.3389500034225","dentist","","122 Yates Ave","Grafton","26354","WV","US","(304) 265-2438","","http://www.healthgrades.com/dentist/dr-john-byers-x64ym","https://www.facebook.com/552872821518532","","0.9199122190475464","open","4","Foursquare | Overture | Overture-signals","Apache-2.0 | CDLA-Permissive-2.0","2025-08-22T00:00:00.000 | 2026-06-11T11:57:15Z | 2026-05-12T00:29:08Z | 2026-05-18T13:23:54Z | 2026-05-25T13:08:59Z | 2026-06-01T13:20:32Z | 2026-06-08T13:20:12Z"
"WV","West Virginia","75569fd9-85a0-4d6e-b241-33244e3d3e93","Dr. Mark A. Kirk","-80.2956634","37.79767754","dentist","orthodontist | doctor","308 Main St E","White Sulphur Springs","24986-2338","WV","US","+13045361721","","","https://www.facebook.com/344811065624103","","0.9199122190475464","open","7","meta | Overture | Overture-signals","CDLA-Permissive-2.0","2026-04-27T00:00:00.000Z | 2026-06-11T11:57:15Z | 2026-05-12T00:29:08Z | 2026-05-18T13:23:54Z | 2026-05-25T13:08:59Z | 2026-06-01T13:20:32Z | 2026-06-08T13:20:12Z"
"WV","West Virginia","783b4aa7-0947-442c-a1a6-ec9c3bc20ab1","Sokolosky & Weaver","-81.66342182","38.34311809","dentist","general_dentistry | health_and_medical","869 Oakwood Rd","Charleston","25314-2057","WV","US","+13043435161","","","https://www.facebook.com/160730477290910","","0.9199122190475464","open","6","meta | Overture | Overture-signals","CDLA-Permissive-2.0","2026-04-27T00:00:00.000Z | 2026-06-11T11:57:15Z | 2026-05-12T00:29:08Z | 2026-05-18T13:23:54Z | 2026-05-25T13:08:59Z | 2026-06-01T13:20:32Z | 2026-06-08T13:20:12Z"
"WV","West Virginia","785b6f2b-3f0d-4dcd-8ca4-ade9ed29a609","Affordable Dentures & Implants","-82.3420867","38.4120558648363","dentist","","3246 US Route 60","Huntington","25705","WV","US","(304) 736-8620","","https://www.affordabledentures.com/locations/wv/barboursville","","","0.77","","1","Foursquare | Overture","Apache-2.0 | CDLA-Permissive-2.0","2026-03-26T00:00:00.000 | 2026-06-11T11:57:15Z"
"WV","West Virginia","788b8204-09b4-46f9-be18-6751439518db","Fred D Kinsey DDS","-80.56750392","40.61021441","dentist","general_dentistry | health_and_medical","229 Carolina Ave","Chester","26034-1112","WV","US","+13043872822","info@fredkinseydentistry.com","http://Freddkinseydds.com/","https://www.facebook.com/106034101341710","Fred D. Kinsey DDS","0.9199122190475464","open","9","meta | Overture | Overture-signals","CDLA-Permissive-2.0","2026-04-27T00:00:00.000Z | 2026-06-11T11:57:15Z | 2026-05-12T00:29:08Z | 2026-05-18T13:23:54Z | 2026-05-25T13:08:59Z | 2026-06-01T13:20:32Z | 2026-06-08T13:20:12Z"
"WV","West Virginia","7892a5bb-e844-4267-90aa-7684d813d0e2","Allen A Zarrinfar DDS","-77.85732361","39.29742569","dentist","orthodontist | pediatric_dentist","215 E 5th Ave","Ranson","25438-1613","WV","US","+13047258660","","http://www.ransondental.com/","https://www.facebook.com/1687898188144118","","0.9199122190475464","open","7","meta | Overture | Overture-signals","CDLA-Permissive-2.0","2026-04-27T00:00:00.000Z | 2026-06-11T11:57:15Z | 2026-05-12T00:29:08Z | 2026-05-18T13:23:54Z | 2026-05-25T13:08:59Z | 2026-06-01T13:20:32Z | 2026-06-08T13:20:12Z"
"WV","West Virginia","7ac6959b-260c-4605-b112-d05ea4f05d40","Courtney James T DDS","-80.2727644","39.28399994","dentist","lawyer","170 Thompson Dr","Bridgeport","26330-2608","WV","US","+13048428025","drcourtneydds@hotmail.com","http://courtneyjamestdds1.placeweb.site","https://www.facebook.com/107808154838714","","0.9199122190475464","open","6","meta | Overture | Overture-signals","CDLA-Permissive-2.0","2026-04-27T00:00:00.000Z | 2026-06-11T11:57:15Z | 2026-05-12T00:29:08Z | 2026-05-18T13:23:54Z | 2026-05-25T13:08:59Z | 2026-06-01T13:20:32Z | 2026-06-08T13:20:12Z"
"WV","West Virginia","7c03a7f8-126e-4fe0-b839-da3e8a62cded","Eric Don Hinkle","-80.6823417861582","38.3404468796413","dentist","","16100 Webster Rd","Craigsville","26205","WV","US","(304) 742-6400","","http://hinklefamilydentistry.com","","","0.77","","5","Foursquare | Overture","Apache-2.0 | CDLA-Permissive-2.0","2025-08-19T00:00:00.000 | 2026-06-11T11:57:15Z"
"WV","West Virginia","7dcd4294-870e-42f9-a55b-9fcc1f2e904a","Douglas H Roy","-81.0636437952411","37.3634695926987","dentist","","102 Vine St","Princeton","24740","WV","US","(304) 487-3115","","http://roydouglashdds.placeweb.site","","","0.77","","5","Foursquare | Overture","Apache-2.0 | CDLA-Permissive-2.0","2025-08-22T00:00:00.000 | 2026-06-11T11:57:15Z"
"WV","West Virginia","7ed4bf4f-5d89-4dd7-8188-78f094d11d89","New River Health Mount Hope Dental","-81.16926156","37.8924292","dentist","general_dentistry | health_and_medical","729 Main St","Mt Hope","25880-1318","WV","US","+13048777904","","http://www.nrhawv.org","https://www.facebook.com/133032423413863","","0.9199122190475464","open","7","meta | Overture | Overture-signals","CDLA-Permissive-2.0","2026-04-27T00:00:00.000Z | 2026-06-11T11:57:15Z | 2026-05-12T00:29:08Z | 2026-05-18T13:23:54Z | 2026-05-25T13:08:59Z | 2026-06-01T13:20:32Z | 2026-06-08T13:20:12Z"
"WV","West Virginia","7f4450d7-bffc-4c64-830a-9ff349666687","Travis Mckenzie Wills","-81.145935","38.000772","dentist","","96 Lamplighter St","Oak Hill","25901","WV","US","(304) 469-4911","","http://www.drtraviswills.com","","","0.9199122190475464","open","4","Foursquare | Overture | Overture-signals","Apache-2.0 | CDLA-Permissive-2.0","2025-08-22T00:00:00.000 | 2026-06-11T11:57:15Z | 2026-05-12T00:29:08Z | 2026-05-18T13:23:54Z | 2026-05-25T13:08:59Z | 2026-06-01T13:20:32Z | 2026-06-08T13:20:12Z"
"WV","West Virginia","801c8d19-9e61-463b-b903-e04d462727bf","Riad A Hanna DDS","-82.127761","38.863372","dentist","health_and_medical | cosmetic_dentist","703 22nd St","Point Pleasant","25550-1902","WV","US","+13046755600","","www.healthgrades.com/dentist/dr-riad-hanna-y8wkp","https://www.facebook.com/161981150486527","","0.9234456419944763","","7","meta | Overture","CDLA-Permissive-2.0","2026-04-27T00:00:00.000Z | 2026-06-11T11:57:15Z"
"WV","West Virginia","80386a0d-0cb1-443e-b15f-371939824194","Rominger Dental","-80.23594562","39.33047679","dentist","general_dentistry | health_and_medical","20 Shaner Dr","Bridgeport","26330","WV","US","+13048422375","info@romingerdental.com","http://www.romingerdental.com/","https://www.facebook.com/129332661130530","","0.9902192950248718","open","8","meta | Overture | Overture-signals","CDLA-Permissive-2.0","2026-04-27T00:00:00.000Z | 2026-06-11T11:57:15Z | 2026-05-12T00:29:08Z | 2026-05-18T13:23:54Z | 2026-05-25T13:08:59Z | 2026-06-01T13:20:32Z | 2026-06-08T13:20:12Z"
"WV","West Virginia","80e90c67-d06b-48d4-8b41-0ff89f27cd98","Nicholson Les E DDS","-79.6870919594733","39.4715108546132","dentist","","112 E Court St","Kingwood","26537","WV","US","(304) 329-1691","","http://www.cheatareadentistry.com","","","0.9199122190475464","open","4","Foursquare | Overture | Overture-signals","Apache-2.0 | CDLA-Permissive-2.0","2025-08-19T00:00:00.000 | 2026-06-11T11:57:15Z | 2026-05-12T00:29:08Z | 2026-05-18T13:23:54Z | 2026-05-25T13:08:59Z | 2026-06-01T13:20:32Z | 2026-06-08T13:20:12Z"
"WV","West Virginia","81adb206-4091-403c-bcd1-cf5946333031","W. Shane Holmes Orthodontics - Huntington","-82.4240952952583","38.3943406114628","dentist","","451 Kinetic Dr Ste 200","Huntington","25701","WV","US","(304) 781-8600","","https://www.drshaneholmes.com","https://www.facebook.com/309043589248717","","0.9199122190475464","open","4","Foursquare | Overture | Overture-signals","Apache-2.0 | CDLA-Permissive-2.0","2025-08-22T00:00:00.000 | 2026-06-11T11:57:15Z | 2026-05-12T00:29:08Z | 2026-05-18T13:23:54Z | 2026-05-25T13:08:59Z | 2026-06-01T13:20:32Z | 2026-06-08T13:20:12Z"
"WV","West Virginia","81f37ec6-7cfd-41e8-a7eb-7f59f7635b22","Briarwood Dental Center","-77.97325961","39.47481602","dentist","general_dentistry | medical_service_organizations","1003 Sushruta Dr","Martinsburg","25401-8876","WV","US","+13042633367","dentist@briarwooddentalcenter.com","http://www.briarwooddentalcenter.com/","https://www.facebook.com/113536842035546","","0.9199122190475464","open","9","meta | Overture | Overture-signals","CDLA-Permissive-2.0","2026-04-27T00:00:00.000Z | 2026-06-11T11:57:15Z | 2026-05-12T00:29:08Z | 2026-05-18T13:23:54Z | 2026-05-25T13:08:59Z | 2026-06-01T13:20:32Z | 2026-06-08T13:20:12Z"
"WV","West Virginia","826dd9f9-f767-45dd-af8f-f38b47b78fd7","Hannah Douglas C DDS","-80.17882455","39.47319685","dentist","endodontist | health_and_medical","1520 Country Club Rd","Fairmont","26554-1353","WV","US","+13043639160","","http://hannahdouglascdds.placeweb.site","https://www.facebook.com/110100675719873","","0.9199122190475464","open","6","meta | Overture | Overture-signals","CDLA-Permissive-2.0","2026-04-27T00:00:00.000Z | 2026-06-11T11:57:15Z | 2026-05-12T00:29:08Z | 2026-05-18T13:23:54Z | 2026-05-25T13:08:59Z | 2026-06-01T13:20:32Z | 2026-06-08T13:20:12Z"
"WV","West Virginia","82e40c11-5606-49e2-b99c-3a1b34c3cd38","Ghareeb Dental Group","-81.797798","38.421244","dentist","health_and_medical | medical_service_organizations","814 Cross Lanes Dr","Charleston","25313-1339","WV","US","+13047764541","","http://www.ghareebdentalgroup.com","https://www.facebook.com/171433336205827","Ghareeb Dental Group","0.9199122190475464","open","7","meta | Overture | Overture-signals","CDLA-Permissive-2.0","2026-04-27T00:00:00.000Z | 2026-06-11T11:57:15Z | 2026-05-12T00:29:08Z | 2026-05-18T13:23:54Z | 2026-05-25T13:08:59Z | 2026-06-01T13:20:32Z | 2026-06-08T13:20:12Z"
"WV","West Virginia","834ea931-c308-401b-b52b-ef603a5e01ec","Rodia Michelle C DDS","-77.97245749","39.47373907","dentist","general_dentistry | medical_service_organizations","315 Pendleton Dr","Martinsburg","25401-2920","WV","US","+13042677815","","","https://www.facebook.com/166510590027776","","0.9199122190475464","open","7","meta | Overture | Overture-signals","CDLA-Permissive-2.0","2026-04-27T00:00:00.000Z | 2026-06-11T11:57:15Z | 2026-05-12T00:29:08Z | 2026-05-18T13:23:54Z | 2026-05-25T13:08:59Z | 2026-06-01T13:20:32Z | 2026-06-08T13:20:12Z"
"WV","West Virginia","84c47b46-0176-4a9b-bb05-b6e3106376dc","Affordable Dentures & Implants","-81.54686","39.29823","dentist","health_and_medical","3908 Murdoch Ave","Parkersburg","26105","WV","US","9292824831","","https://www.affordabledentures.com/locations/wv/parkersburg-vienna?utm_source=Bing&utm_medium=Organic_Listing&utm_campaign=","","","0.9902192950248718","open","8","Microsoft | Overture | Overture-signals","CDLA-Permissive-2.0","2025-10-04T20:28:45.137Z | 2026-06-11T11:57:15Z | 2026-05-12T00:29:08Z | 2026-05-18T13:23:54Z | 2026-05-25T13:08:59Z | 2026-06-01T13:20:32Z | 2026-06-08T13:20:12Z"
"WV","West Virginia","86abe907-d5ce-439c-8d5e-7b8f2119df54","Dr. Erin Branham","-81.530159067567","39.3029976145034","dentist","","225 College Pkwy","Parkersburg","26104","WV","US","(304) 485-7336","","https://wvumedicine.org/find-a-doctor/doctor-details/?id=25242","","","0.77","","5","Foursquare | Overture","Apache-2.0 | CDLA-Permissive-2.0","2024-04-18T00:00:00.000 | 2026-06-11T11:57:15Z"
"WV","West Virginia","871ba811-e439-48a8-b56a-e98756c7eaee","Trevor Gray","-81.2089841931437","37.7914482217357","dentist","","1840 Harper Rd","Beckley","25801","WV","US","(304) 255-0558","","http://raleighgeneral.com","","","0.9199122190475464","open","4","Foursquare | Overture | Overture-signals","Apache-2.0 | CDLA-Permissive-2.0","2025-08-22T00:00:00.000 | 2026-06-11T11:57:15Z | 2026-05-12T00:29:08Z | 2026-05-18T13:23:54Z | 2026-05-25T13:08:59Z | 2026-06-01T13:20:32Z | 2026-06-08T13:20:12Z"
"WV","West Virginia","8733bffc-3eb2-46f2-865c-5b142b8991b9","Meadows and Wilson Family Dentistry","-80.47432837","37.76717346","dentist","health_and_medical | oral_surgeon","3706 Davis Stuart Rd","Lewisburg","24901-9463","WV","US","+13046456124","","","https://www.facebook.com/211874228835353","","0.9199122190475464","open","7","meta | Overture | Overture-signals","CDLA-Permissive-2.0","2026-04-27T00:00:00.000Z | 2026-06-11T11:57:15Z | 2026-05-12T00:29:08Z | 2026-05-18T13:23:54Z | 2026-05-25T13:08:59Z | 2026-06-01T13:20:32Z | 2026-06-08T13:20:12Z"
"WV","West Virginia","8790798a-e581-49e9-aabf-f97f95793a2d","Ard Ronald DDS","-80.54672494","40.41157328","dentist","general_dentistry | health_and_medical","3064 Pennsylvania Ave","Weirton","26062-3721","WV","US","+13047235120","","","https://www.facebook.com/158220287543716","","0.9199122190475464","open","8","meta | Overture | Overture-signals","CDLA-Permissive-2.0","2026-04-27T00:00:00.000Z | 2026-06-11T11:57:15Z | 2026-05-12T00:29:08Z | 2026-05-18T13:23:54Z | 2026-05-25T13:08:59Z | 2026-06-01T13:20:32Z | 2026-06-08T13:20:12Z"
"WV","West Virginia","87cdf2d3-5ca1-4019-a4f5-6b762543b77a","Donovan Walter","-80.66602536","40.05206901","dentist","","1 Park View Ln","Wheeling","26003-5442","WV","US","+13042429550","dwalterfamilydental@gmail.com","http://www.wheelingfamilydental.com/","https://www.facebook.com/113298073389466","","0.9724317789077759","","7","meta | Overture","CDLA-Permissive-2.0","2026-04-27T00:00:00.000Z | 2026-06-11T11:57:15Z"
"WV","West Virginia","87f4166a-44f6-4892-925a-0956cff8933a","Chelyan Dental","-81.48512036","38.19530422","dentist","general_dentistry","15081 Maccorkle Ave SE","Cabin Creek","25035","WV","US","+16812217313","chelyandentalwv@gmail.com","","https://www.facebook.com/488496044352808","","0.9722161889076233","open","4","meta | Overture | Overture-signals","CDLA-Permissive-2.0","2026-04-27T00:00:00.000Z | 2026-06-11T11:57:15Z | 2026-05-12T00:29:08Z"
"WV","West Virginia","88bb43cb-c435-44f9-9911-3612e8a7f95a","John Moore","-80.27448409","39.29939973","dentist","endodontist | health_and_medical","1160 Johnson Ave","Bridgeport","26330-1487","WV","US","+13048422361","","http://moorejgregorydds1.placeweb.site","https://www.facebook.com/133626736689323","","0.7685555219650269","","7","meta | Overture","CDLA-Permissive-2.0","2026-04-27T00:00:00.000Z | 2026-06-11T11:57:15Z"
"WV","West Virginia","88e318a5-072c-4f46-b2c6-9de6808da1c2","Bruce Forbes Dds","-80.857407","39.681327","dentist","health_and_medical","661 3rd St","New Martinsville","26155","WV","US","3044552030","","","","","0.85","","7","Microsoft | Overture","CDLA-Permissive-2.0","2025-07-25T02:21:37.740Z | 2026-06-11T11:57:15Z"
"WV","West Virginia","89411652-5122-4a83-8664-d6017393ebde","Prince Dental","-81.625693","37.691912","dentist","","861 Cook Pkwy","Oceana","24870-0029","WV","US","+13046828287","","","https://www.facebook.com/110487548009981","","0.8328026533126831","","9","meta | Overture","CDLA-Permissive-2.0","2026-04-27T00:00:00.000Z | 2026-06-11T11:57:15Z"
"WV","West Virginia","89444cfc-edf9-4a69-9d97-13fbe5d0f813","Gerald A. Clark: Family Dentist","-81.6299322740399","38.3445639158164","dentist","","1218 Virginia St E","Charleston","25301","WV","US","(304) 342-4986","gclarkdds@aol.com","http://www.drgclark.com","","","0.9199122190475464","open","4","Foursquare | Overture | Overture-signals","Apache-2.0 | CDLA-Permissive-2.0","2024-07-15T00:00:00.000 | 2026-06-11T11:57:15Z | 2026-05-12T00:29:08Z | 2026-05-18T13:23:54Z | 2026-05-25T13:08:59Z | 2026-06-01T13:20:32Z | 2026-06-08T13:20:12Z"
"WV","West Virginia","89835d3c-71ec-4408-ba2e-d06dfa38388d","Bowen Dental Associates","-81.6417109","38.3596314","dentist","","112 Lee St W","Charleston","25302","WV","US","(304) 342-0146","bowendentalassociates@yahoo.com","http://bowendentalassociates.com","https://www.facebook.com/125628847484147","","0.9199122190475464","open","4","Foursquare | Overture | Overture-signals","Apache-2.0 | CDLA-Permissive-2.0","2025-10-18T00:00:00.000 | 2026-06-11T11:57:15Z | 2026-05-12T00:29:08Z | 2026-05-18T13:23:54Z | 2026-05-25T13:08:59Z | 2026-06-01T13:20:32Z | 2026-06-08T13:20:12Z"
"WV","West Virginia","8adae688-7727-49a5-94a0-bd0e956db068","Dr. Craig Meadows","-77.9671812662881","39.4722185603701","dentist","","111 Tavern Rd","Martinsburg","25401","WV","US","(304) 267-3928","","http://www.panhandleperio.com","","","0.77","","5","Foursquare | Overture","Apache-2.0 | CDLA-Permissive-2.0","2024-07-02T00:00:00.000 | 2026-06-11T11:57:15Z"
"WV","West Virginia","8b3875e8-25e5-4585-afc0-0cd288765e7b","Kanawha County Dental Health Council","-81.66209305","38.36441247","dentist","community_services_non_profits | public_and_government_association","100 Florida St","Charleston","25302-1131","WV","US","+13043486613","kdhc4kids@outlook.com","http://www.kanawhadental4kids.org","https://www.facebook.com/335357173231324","","0.9199122190475464","open","7","meta | Overture | Overture-signals","CDLA-Permissive-2.0","2026-04-27T00:00:00.000Z | 2026-06-11T11:57:15Z | 2026-05-12T00:29:08Z | 2026-05-18T13:23:54Z | 2026-05-25T13:08:59Z | 2026-06-01T13:20:32Z | 2026-06-08T13:20:12Z"
"WV","West Virginia","8c5da982-a8a0-4a61-853c-b20c72e0c27b","Dr. Theodore R. Motes","-81.70638956","38.82578272","dentist","health_and_medical | hospital","621 N Church St","Ripley","25271-8444","WV","US","+13043724011","","","https://www.facebook.com/103031189782924","","0.9199122190475464","open","8","meta | Overture | Overture-signals","CDLA-Permissive-2.0","2026-04-27T00:00:00.000Z | 2026-06-11T11:57:15Z | 2026-05-12T00:29:08Z | 2026-05-18T13:23:54Z | 2026-05-25T13:08:59Z | 2026-06-01T13:20:32Z | 2026-06-08T13:20:12Z"
"WV","West Virginia","8c77ec7c-cb2e-49e5-bf96-cea1e1e7d2ae","Shannon R Stevens Mclain","-81.447012","39.400908","dentist","lawyer | health_and_medical","447 Oakwood Ave","Williamstown","26187-1346","WV","US","+13043757742","","http://www.shannonstevensdds.com","https://www.facebook.com/1625159771086565","","0.5453334450721741","","7","meta | Overture","CDLA-Permissive-2.0","2026-04-27T00:00:00.000Z | 2026-06-11T11:57:15Z"
"WV","West Virginia","8d240a98-38b7-453b-99c8-5213f15e2b85","Gilkerson Family Dentistry","-79.95283302","39.66099669","dentist","general_dentistry | health_and_medical","1266 Pineview Dr","Morgantown","26505-2731","WV","US","+16812533421","drmgilkersonwv@gmail.com","https://www.gilkersondental.com/","https://www.facebook.com/219480267919501","","0.9199122190475464","open","8","meta | Overture | Overture-signals","CDLA-Permissive-2.0","2026-04-27T00:00:00.000Z | 2026-06-11T11:57:15Z | 2026-05-12T00:29:08Z | 2026-05-18T13:23:54Z | 2026-05-25T13:08:59Z | 2026-06-01T13:20:32Z | 2026-06-08T13:20:12Z"
"WV","West Virginia","8dded67d-74de-4037-8112-5f416d8f82b2","Robert Randall Stevens","-81.2209059721425","37.2595691115926","dentist","","116 North St 2324 Fairfield Ave","Bluefield","24701","WV","US","(304) 325-7186","","http://www.drrobertstevens.com","https://www.facebook.com/100991049971674","","0.77","","5","Foursquare | Overture","Apache-2.0 | CDLA-Permissive-2.0","2025-08-22T00:00:00.000 | 2026-06-11T11:57:15Z"
"WV","West Virginia","8f183796-1280-483b-8343-000f698e4275","Dr Mark Lamberts Dentist","-81.694202804801","38.364971495944","dentist","","213 D St","South Charleston","25303","WV","US","(304) 744-0771","","https://www.sharecare.com/doctor/dr-mark-s-lambert/office-locations","","","0.9199122190475464","open","4","Foursquare | Overture | Overture-signals","Apache-2.0 | CDLA-Permissive-2.0","2025-08-22T00:00:00.000 | 2026-06-11T11:57:15Z | 2026-05-12T00:29:08Z | 2026-05-18T13:23:54Z | 2026-05-25T13:08:59Z | 2026-06-01T13:20:32Z | 2026-06-08T13:20:12Z"
"WV","West Virginia","8f1b602e-ed9c-440b-9aff-a998c740e162","Russell Tritapoe","-78.77093324","39.50417762","dentist","general_dentistry | doctor","58 Presidents St","Fort Ashby","26719-0437","WV","US","+13042983501","dentist3501@gmail.com","http://www.tritapoefamilydentistry.com/","https://www.facebook.com/952930718062986","","0.9852538704872131","","9","meta | Overture","CDLA-Permissive-2.0","2026-04-27T00:00:00.000Z | 2026-06-11T11:57:15Z"
"WV","West Virginia","8f79a2d6-c572-42f3-b893-e304ebc9fbc9","Klenk, Lockhart and Hughes Family Dentistry","-81.002243","38.112028","dentist","health_and_medical | medical_service_organizations","26496 Midland Trl","Hico","25854","WV","US","+13046585282","info@newrivergorgedental.com","http://www.newrivergorgedental.com/","https://www.facebook.com/333182096762922","Klenk, Lockhart and Hughes Family Dentistry","0.9890971183776855","","2","meta | Overture","CDLA-Permissive-2.0","2026-04-27T00:00:00.000Z | 2026-06-11T11:57:15Z"
"WV","West Virginia","8fb9c7a9-2917-45a4-a936-a96c5a87f6d6","Glenville Family Dentistry","-80.82652102","38.94255527","dentist","orthodontist | health_and_medical","809 Mineral Rd","Glenville","26351-1385","WV","US","+13044627343","glenvillefamilydentistry@gmail.com","http://www.minighfamilydentistry.com/","https://www.facebook.com/117772132157414","","0.9949890971183777","","3","meta | Overture","CDLA-Permissive-2.0","2026-04-27T00:00:00.000Z | 2026-06-11T11:57:15Z"
"WV","West Virginia","8ff5bef1-eacd-442e-8150-346b411842e5","Crout and O'Dell Orthodontics","-81.9871325220915","38.4418041567095","dentist","","3518 Teays Valley Rd","Hurricane","25526","WV","US","(304) 562-1000","","http://www.braceplace.org","","","0.9199122190475464","open","4","Foursquare | Overture | Overture-signals","Apache-2.0 | CDLA-Permissive-2.0","2025-08-19T00:00:00.000 | 2026-06-11T11:57:15Z | 2026-05-12T00:29:08Z | 2026-05-18T13:23:54Z | 2026-05-25T13:08:59Z | 2026-06-01T13:20:32Z | 2026-06-08T13:20:12Z"
"WV","West Virginia","91f8a126-7d10-4697-a727-d2ca5411a7b4","Chase Preston, DDS","-82.372764","38.410538","dentist","general_dentistry","3377 US-60","Huntington","25705","WV","US","+13044863236","","https://wvsmiles.com/","https://www.facebook.com/210560815473401","Simpson Dental","0.8345822095870972","","1","meta | Overture","CDLA-Permissive-2.0","2026-04-27T00:00:00.000Z | 2026-06-11T11:57:15Z"
"WV","West Virginia","920aaf95-0911-47b1-a66a-94cda88ca94a","Cheat Lake Family Dentistry","-79.85459878","39.67355566","dentist","cosmetic_dentist | pediatric_dentist","230 Lakewood Ctr","Morgantown","26508-4457","WV","US","+13045949005","cheatlakefamilydentistry@gmail.com","http://cheatlakefamilydentistry.com","https://www.facebook.com/103968389678634","","0.9199122190475464","open","6","meta | Overture | Overture-signals","CDLA-Permissive-2.0","2026-04-27T00:00:00.000Z | 2026-06-11T11:57:15Z | 2026-05-12T00:29:08Z | 2026-05-18T13:23:54Z | 2026-05-25T13:08:59Z | 2026-06-01T13:20:32Z | 2026-06-08T13:20:12Z"
"WV","West Virginia","933e8a14-dde0-47c1-be73-67b5e0f836f6","Dr. David DiBiase DDS","-80.59663623","40.33519664","dentist","general_dentistry | doctor","1401 Main St","Follansbee","26037-1217","WV","US","+13045270250","","","https://www.facebook.com/105241651542039","","0.9199122190475464","open","9","meta | Overture | Overture-signals","CDLA-Permissive-2.0","2026-04-27T00:00:00.000Z | 2026-06-11T11:57:15Z | 2026-05-12T00:29:08Z | 2026-05-18T13:23:54Z | 2026-05-25T13:08:59Z | 2026-06-01T13:20:32Z | 2026-06-08T13:20:12Z"
"WV","West Virginia","93647521-b0ad-4827-bcf4-37bd2e09b120","Camele and Parker Inc","-80.3407283","39.52913172","dentist","medical_service_organizations | cosmetic_dentist","330 E Main St","Mannington","26582-1102","WV","US","+13049862610","","http://www.wellness.com/dir/2339125/dentist/wv/mannington","https://www.facebook.com/154478554588251","","0.9867989420890808","","8","meta | Overture","CDLA-Permissive-2.0","2026-04-27T00:00:00.000Z | 2026-06-11T11:57:15Z"
"WV","West Virginia","941da006-3d28-475d-98c9-60c38b8528f5","Simpson Mark W DDS","-81.7614707192406","38.9492837382336","dentist","","255 Washington St","Ravenswood","26164","WV","US","(304) 273-5301","","http://www.wvsmiles.com","https://www.facebook.com/103813766352066","","0.9199122190475464","open","4","Foursquare | Overture | Overture-signals","Apache-2.0 | CDLA-Permissive-2.0","2025-08-19T00:00:00.000 | 2026-06-11T11:57:15Z | 2026-05-12T00:29:08Z | 2026-05-18T13:23:54Z | 2026-05-25T13:08:59Z | 2026-06-01T13:20:32Z | 2026-06-08T13:20:12Z"
"WV","West Virginia","9447d736-d733-4378-871a-daab74e9f306","Kevin C Lucky LLC","-80.8524091","38.27516555","dentist","general_dentistry | health_and_medical","832 Broad St","Summersville","26651-1758","WV","US","+13048723919","drluckysoffice@yahoo.com","http://www.drkevinluckydds.net/","https://www.facebook.com/942035679216986","Kevin C. Lucky, DDS","0.9508992433547974","","8","meta | Overture","CDLA-Permissive-2.0","2026-04-27T00:00:00.000Z | 2026-06-11T11:57:15Z"
"WV","West Virginia","94ea2dab-bbf3-45ce-974c-f9db5fb71dff","Inwood Dentistry","-78.03377375","39.35499816","dentist","general_dentistry | cosmetic_dentist","372 Middleway Pike","Inwood","25428-3909","WV","US","+13042295851","inwooddentistry@gmail.com","https://www.inwooddentistrywv.com/","https://www.facebook.com/583711744824465","","0.9199122190475464","open","9","meta | Overture | Overture-signals","CDLA-Permissive-2.0","2026-04-27T00:00:00.000Z | 2026-06-11T11:57:15Z | 2026-05-12T00:29:08Z | 2026-05-18T13:23:54Z | 2026-05-25T13:08:59Z | 2026-06-01T13:20:32Z | 2026-06-08T13:20:12Z"
"WV","West Virginia","96774f67-d520-4e6e-a4de-c2e0a7e2bd23","Kenneth Barney DDS","-77.99479","39.55381","dentist","endodontist | teeth_whitening","101 N Mary St","Hedgesville","25427","WV","US","+13047548803","info@kenbarneydds.com","http://kenbarneydds.com/","https://www.facebook.com/394465564090612","","0.9199122190475464","open","8","meta | Overture | Overture-signals","CDLA-Permissive-2.0","2026-04-27T00:00:00.000Z | 2026-06-11T11:57:15Z | 2026-05-12T00:29:08Z | 2026-05-18T13:23:54Z | 2026-05-25T13:08:59Z | 2026-06-01T13:20:32Z | 2026-06-08T13:20:12Z"
"WV","West Virginia","9755d005-a745-4995-a02a-3432c38b4181","Stadium Denture Center","-81.53590444","39.28452748","dentist","general_dentistry | health_and_medical","3015 Dudley Ave","Parkersburg","26104-1817","WV","US","+13044286495","","https://www.chamberofcommerce.com/.../5059383-stadium-denture-center","https://www.facebook.com/877422755459083","","0.9199122190475464","open","8","meta | Overture | Overture-signals","CDLA-Permissive-2.0","2026-04-27T00:00:00.000Z | 2026-06-11T11:57:15Z | 2026-05-12T00:29:08Z | 2026-05-18T13:23:54Z | 2026-05-25T13:08:59Z | 2026-06-01T13:20:32Z | 2026-06-08T13:20:12Z"
"WV","West Virginia","97af5c2f-7b5c-4c0f-9602-6e849c3cf9e3","Williamstown Dental","-81.44712191","39.40090225","dentist","cosmetic_dentist | general_dentistry","447 Oakwood Ave","Williamstown","26187-1346","WV","US","+13043757742","williamstowndental@yahoo.com","","https://www.facebook.com/1909444755950255","","0.9199122190475464","open","8","meta | Overture | Overture-signals","CDLA-Permissive-2.0","2026-04-27T00:00:00.000Z | 2026-06-11T11:57:15Z | 2026-05-12T00:29:08Z | 2026-05-18T13:23:54Z | 2026-05-25T13:08:59Z | 2026-06-01T13:20:32Z | 2026-06-08T13:20:12Z"
"WV","West Virginia","97fee705-81ed-4d76-b68a-b2bfba236f23","Artrip & Buffington DDS","-81.8143168075283","38.2873039885411","dentist","","2150 Childress Rd # 2","Alum Creek","25003","WV","US","(304) 756-9464","","http://drartripbuffingtondds.youronlineservices.net","","","0.9199122190475464","open","4","Foursquare | Overture | Overture-signals","Apache-2.0 | CDLA-Permissive-2.0","2025-08-22T00:00:00.000 | 2026-06-11T11:57:15Z | 2026-05-12T00:29:08Z | 2026-05-18T13:23:54Z | 2026-05-25T13:08:59Z | 2026-06-01T13:20:32Z | 2026-06-08T13:20:12Z"
"WV","West Virginia","9866439e-8823-4850-b834-f0fc7e10ff69","Lawson Family Dentistry","-80.7991522740364","37.3968611675091","dentist","","102 Market Street","Peterstown","24963","WV","US","(304) 753-5400","","http://www.lawsonfamilydentistry.net","","","0.77","","5","Foursquare | Overture","Apache-2.0 | CDLA-Permissive-2.0","2025-08-22T00:00:00.000 | 2026-06-11T11:57:15Z"
"WV","West Virginia","98d51abb-37c1-4373-8844-7eb79af80250","Palank Brian DDS","-77.818659","39.434827","dentist","health_and_medical | hospital","37 Maddex Dr","Shepherdstown","25443-4322","WV","US","+13048762562","","http://www.healthgrades.com/dentist/dr-brian-palank-x9hh2","https://www.facebook.com/155379311163974","","0.9055153131484985","","7","meta | Overture","CDLA-Permissive-2.0","2026-04-27T00:00:00.000Z | 2026-06-11T11:57:15Z"
"WV","West Virginia","990254fb-7006-4a32-942e-64b72f9f6578","Nicholas Shalhoup","-81.743055","38.360281","dentist","","1334 Ohio Ave","Dunbar","25064","WV","US","(304) 768-1736","niks45@aol.com","http://www.nshalhoupdds.com","https://www.twitter.com/wvdentists","","0.9199122190475464","open","4","Foursquare | Overture | Overture-signals","Apache-2.0 | CDLA-Permissive-2.0","2025-08-22T00:00:00.000 | 2026-06-11T11:57:15Z | 2026-05-12T00:29:08Z | 2026-05-18T13:23:54Z | 2026-05-25T13:08:59Z | 2026-06-01T13:20:32Z | 2026-06-08T13:20:12Z"
"WV","West Virginia","9ad246a4-8c27-456d-892d-ec42a7e7e9de","Dr. Cynthia A Branson's Office","-81.11682317","37.35336021","dentist","general_dentistry","313 Courthouse Rd","Princeton","24740-2421","WV","US","+13044253050","","http://www.bransonbraces.com/","https://www.facebook.com/207794715930566","Dr. Cynthia A Branson's Office","0.9449970126152039","","2","meta | Overture","CDLA-Permissive-2.0","2026-04-27T00:00:00.000Z | 2026-06-11T11:57:15Z"
"WV","West Virginia","9af5c404-32c4-44be-a21f-58d3f9081ce3","Rainelle Dental Center","-80.7786885","37.96948569","dentist","general_dentistry","176 Medical Center Dr","Rainelle","25962-1064","WV","US","+13044381922","","","https://www.facebook.com/990668050997845","","0.8894597887992859","","8","meta | Overture","CDLA-Permissive-2.0","2026-04-27T00:00:00.000Z | 2026-06-11T11:57:15Z"
"WV","West Virginia","9b48423c-0ccc-4de9-a4f8-fee7ad230628","Patthoff General Dentistry","-77.98692484","39.46093948","dentist","general_dentistry | health_and_medical","300 Foxcroft Ave","Martinsburg","25401-5317","WV","US","+13042630411","scheduling@patthoffdental.com","http://patthoffdental.com/","https://www.facebook.com/1074467196035654","","0.9199122190475464","open","8","meta | Overture | Overture-signals","CDLA-Permissive-2.0","2026-04-27T00:00:00.000Z | 2026-06-11T11:57:15Z | 2026-05-12T00:29:08Z | 2026-05-18T13:23:54Z | 2026-05-25T13:08:59Z | 2026-06-01T13:20:32Z | 2026-06-08T13:20:12Z"
"WV","West Virginia","9b6c71ef-1397-4375-9e4b-d7e50e63df72","Dr. Nathan Walls","-81.71431147","38.81884897","dentist","medical_service_organizations | doctor","328 W Main St","Ripley","25271-1427","WV","US","+13043724009","nathanwalls@hotmail.com","http://nathanwallsdds.com/","https://www.facebook.com/262153324185123","","0.9199122190475464","open","9","meta | Overture | Overture-signals","CDLA-Permissive-2.0","2026-04-27T00:00:00.000Z | 2026-06-11T11:57:15Z | 2026-05-12T00:29:08Z | 2026-05-18T13:23:54Z | 2026-05-25T13:08:59Z | 2026-06-01T13:20:32Z | 2026-06-08T13:20:12Z"
"WV","West Virginia","9bbd4dfc-01ff-4fd7-b983-6d709d055dec","The Smile Studio","-81.99031","39.00968","dentist","cosmetic_dentist | teeth_whitening","1 Gold Street Suite Q","Hartford City","06103","WV","US","+18607285264","office@thesmilestudiodentistry.com","https://thesmilestudiodentistry.com/","https://www.facebook.com/100386881600089","","0.8983539342880249","","5","meta | Overture","CDLA-Permissive-2.0","2026-04-27T00:00:00.000Z | 2026-06-11T11:57:15Z"
"WV","West Virginia","9bff4cac-d42d-4dee-9e98-72a94417f6d8","Joseph G. Wrobleski DDS","-79.792597","39.508384","dentist","doctor | oral_surgeon","13150 Veterans Memorial Hwy","Reedsville","26547-4000","WV","US","+13048646915","","http://josephgwrobleski.placeweb.site","https://www.facebook.com/1659004597716660","","0.9199122190475464","open","7","meta | Overture | Overture-signals","CDLA-Permissive-2.0","2026-04-27T00:00:00.000Z | 2026-06-11T11:57:15Z | 2026-05-12T00:29:08Z | 2026-05-18T13:23:54Z | 2026-05-25T13:08:59Z | 2026-06-01T13:20:32Z | 2026-06-08T13:20:12Z"
"WV","West Virginia","9f0b9852-a310-45b9-aeab-f6ec0691cab2","Dr Jason R. Long, DDS","-82.2775459618624","37.6728688180008","dentist","","215 Logan St Ste 41","Williamson","25661","WV","US","(304) 236-2366","","https://www.drjasonlong.com","","","0.9199122190475464","open","4","Foursquare | Overture | Overture-signals","Apache-2.0 | CDLA-Permissive-2.0","2025-08-22T00:00:00.000 | 2026-06-11T11:57:15Z | 2026-05-12T00:29:08Z | 2026-05-18T13:23:54Z | 2026-05-25T13:08:59Z | 2026-06-01T13:20:32Z | 2026-06-08T13:20:12Z"
"WV","West Virginia","9f6524f6-f08b-4d38-8434-8499574e9195","Byron H. Black, DDS, PLLC","-81.7238120626377","38.8180435499634","dentist","","102 Memorial Dr","Ripley","25271","WV","US","(304) 514-5500","info@byronblackoms.com","http://www.byronblackoms.com","https://www.facebook.com/1507030752888292","","0.77","","3","Foursquare | Overture","Apache-2.0 | CDLA-Permissive-2.0","2025-09-28T00:00:00.000 | 2026-06-11T11:57:15Z"
"WV","West Virginia","9fde1105-e337-4f59-b7c5-9b3b01731cbc","Aaron S. Perkins, DDS","-81.53911018","39.28223434","dentist","","2625 Dudley Ave","Parkersburg","26101-2650","WV","US","+13044853870","","https://www.dentalinsurance.com/dir/dr-stuart-deem-dentist...","https://www.facebook.com/194839750569137","DentalInsurance.com","0.8307561874389648","","7","meta | Overture","CDLA-Permissive-2.0","2026-04-27T00:00:00.000Z | 2026-06-11T11:57:15Z"
"WV","West Virginia","9ff8fa62-94bb-43c2-885b-9b675954a31a","Dr. Jamie Day","-80.2709935592999","39.2854741955873","dentist","","106 Cambridge Pl","Bridgeport","26330","WV","US","(304) 842-6333","","http://www.jamiedayendo.com","https://www.facebook.com/159816517382427","","0.77","","5","Foursquare | Overture","Apache-2.0 | CDLA-Permissive-2.0","2025-08-22T00:00:00.000 | 2026-06-11T11:57:15Z"
"WV","West Virginia","a086f7c2-995c-461d-8945-87d3f6ae1e81","Hairston Family Dentistry","-81.76697728","38.9566027","dentist","general_dentistry","707 Washington St","Ravenswood","26164-1729","WV","US","+13042735301","hairstonfamilydentistry@yahoo.com","http://hairstonfamilydentistry.com/","https://www.facebook.com/101152698758143","","0.9199122190475464","open","7","meta | Overture | Overture-signals","CDLA-Permissive-2.0","2026-04-27T00:00:00.000Z | 2026-06-11T11:57:15Z | 2026-05-12T00:29:08Z | 2026-05-18T13:23:54Z | 2026-05-25T13:08:59Z | 2026-06-01T13:20:32Z | 2026-06-08T13:20:12Z"
"WV","West Virginia","a08ce1b7-68bf-4cc5-9f35-e9291ff431b3","Zegeer Dental","-81.5783603","38.31813516","dentist","cosmetic_dentist | general_dentistry","502 50th St SE","Charleston","25304-2024","WV","US","+13049257400","info@jzegeerdds.com","https://www.zegeerdentistry.com/","https://www.facebook.com/1678762432412124","","0.9902192950248718","open","7","meta | Overture | Overture-signals","CDLA-Permissive-2.0","2026-04-27T00:00:00.000Z | 2026-06-11T11:57:15Z | 2026-05-12T00:29:08Z | 2026-05-18T13:23:54Z | 2026-05-25T13:08:59Z | 2026-06-01T13:20:32Z | 2026-06-08T13:20:12Z"
"WV","West Virginia","a0c45783-2c68-4b87-a659-307dae8e98d2","MTG Dental","-81.62520572","38.34261279","dentist","general_dentistry | doctor","1422 Quarrier St","Charleston","25301-3015","WV","US","+13043433412","info@mtgdental.com","http://www.mtgdentalwv.com/","https://www.facebook.com/739334029474538","","0.9199122190475464","open","7","meta | Overture | Overture-signals","CDLA-Permissive-2.0","2026-04-27T00:00:00.000Z | 2026-06-11T11:57:15Z | 2026-05-12T00:29:08Z | 2026-05-18T13:23:54Z | 2026-05-25T13:08:59Z | 2026-06-01T13:20:32Z | 2026-06-08T13:20:12Z"
"WV","West Virginia","a0f08eda-7f74-4c6c-801a-522028732747","Asbury Keith G DDS","-81.83708155","38.38658611","dentist","general_dentistry | cosmetic_dentist","512 C St","St Albans","25177","WV","US","+13047272224","kasburydental@gmail.com","","https://www.facebook.com/498242620329146","","0.9199122190475464","open","7","meta | Overture | Overture-signals","CDLA-Permissive-2.0","2026-04-27T00:00:00.000Z | 2026-06-11T11:57:15Z | 2026-05-12T00:29:08Z | 2026-05-18T13:23:54Z | 2026-05-25T13:08:59Z | 2026-06-01T13:20:32Z | 2026-06-08T13:20:12Z"
"WV","West Virginia","a18c9544-9099-4371-9ba2-73b12f45f536","High Alex DDS","-80.69106899","40.06607052","dentist","health_and_medical | oral_surgeon","1203 Mt de Chantal Rd","Wheeling","26003-6458","WV","US","+13042435555","","http://highalexdds.placeweb.site","https://www.facebook.com/104462518632443","","0.9881770014762878","","7","meta | Overture","CDLA-Permissive-2.0","2026-04-27T00:00:00.000Z | 2026-06-11T11:57:15Z"
"WV","West Virginia","a1ccca54-21fd-4480-ab39-8f7e6b231af6","Basham Anne DDS","-77.93828406","39.46439463","dentist","doctor | health_and_medical","1226 Shepherdstown Rd","Martinsburg","25404-0501","WV","US","+13042672928","","http://bashamannedds.placeweb.site","https://www.facebook.com/127112424009360","","0.9722161889076233","","7","meta | Overture","CDLA-Permissive-2.0","2026-04-27T00:00:00.000Z | 2026-06-11T11:57:15Z"
"WV","West Virginia","a24b7c03-ad29-41cd-8de9-ab3b330dc745","Dr. C Keith Hieronimus DDS Inc","-80.67528014515","39.9876074531943","dentist","","3532 Fairmont Pike Rd","Wheeling","26003","WV","US","(304) 232-5101","hieronimus@comcast.net","http://www.drhieronimusdds.com","https://www.facebook.com/511163788968270","","0.9199122190475464","open","4","Foursquare | Overture | Overture-signals","Apache-2.0 | CDLA-Permissive-2.0","2025-08-22T00:00:00.000 | 2026-06-11T11:57:15Z | 2026-05-12T00:29:08Z | 2026-05-18T13:23:54Z | 2026-05-25T13:08:59Z | 2026-06-01T13:20:32Z | 2026-06-08T13:20:12Z"
"WV","West Virginia","a251d2c5-98e0-4dec-9f61-3019c7a43876","David A. McCormack, D.D.S.","-81.1410554","37.75028131","dentist","general_dentistry | medical_service_organizations","701 Ritter Dr","Beaver","25813-7709","WV","US","+13042552898","","https://www.carecredit.com/.../David-A-McCormack-DDS","https://www.facebook.com/123007144424753","","0.9199122190475464","open","7","meta | Overture | Overture-signals","CDLA-Permissive-2.0","2026-04-27T00:00:00.000Z | 2026-06-11T11:57:15Z | 2026-05-12T00:29:08Z | 2026-05-18T13:23:54Z | 2026-05-25T13:08:59Z | 2026-06-01T13:20:32Z | 2026-06-08T13:20:12Z"
"WV","West Virginia","a26334c9-68bf-4553-8e3b-71c1f8b14d26","Dr. Graziani, DDS","-80.144806802529","39.4822142567505","dentist","","315 1st St","Fairmont","26554","WV","US","(304) 366-7771","","http://www.fairmontdentists.com","","","0.9199122190475464","open","4","Foursquare | Overture | Overture-signals","Apache-2.0 | CDLA-Permissive-2.0","2025-08-22T00:00:00.000 | 2026-06-11T11:57:15Z | 2026-05-12T00:29:08Z | 2026-05-18T13:23:54Z | 2026-05-25T13:08:59Z | 2026-06-01T13:20:32Z | 2026-06-08T13:20:12Z"
"WV","West Virginia","a2cadd85-b99d-42ca-9491-5408baab08c8","Ernest Norman Pennington","-81.63112307","38.34607619","dentist","doctor | hospital","111 Brooks St","Charleston","25301-2904","WV","US","+13043440344","charlestondental77@gmail.com","http://www.charlestondental.org/","https://www.facebook.com/1146875952010184","Charleston Dental Associates","0.7795634865760803","","1","meta | Overture","CDLA-Permissive-2.0","2026-04-27T00:00:00.000Z | 2026-06-11T11:57:15Z"
"WV","West Virginia","a2db5148-f364-4e77-9f68-a038dcc3cbaa","Susan Dew Hoff Memorial Clinic","-80.39520565","39.20404856","dentist","community_services_non_profits | health_and_medical","899 Liberty St","West Milford","26451-9709","WV","US","+13047453700","","http://www.wvafc.org/clinics/susan-dew-hoff-memorial-clinic","https://www.facebook.com/193888437622978","","0.9199122190475464","open","8","meta | Overture | Overture-signals","CDLA-Permissive-2.0","2026-04-27T00:00:00.000Z | 2026-06-11T11:57:15Z | 2026-05-12T00:29:08Z | 2026-05-18T13:23:54Z | 2026-05-25T13:08:59Z | 2026-06-01T13:20:32Z | 2026-06-08T13:20:12Z"
"WV","West Virginia","a41c31ca-3d0d-407f-b462-6a3176a34e8a","Christopher Banks","-78.05317266","39.36115062","dentist","endodontist | orthodontist","4325 Gerrardstown Rd","Inwood","25428-3449","WV","US","+13042292181","brendasmiledesign@gmail.com","http://www.shenandoahvalleysmiles.com/","https://www.facebook.com/118143560781","Kenneth L Banks, DDS","0.9922475814819336","","7","meta | Overture","CDLA-Permissive-2.0","2026-04-27T00:00:00.000Z | 2026-06-11T11:57:15Z"
"WV","West Virginia","a4ac7b78-2a91-4545-b477-34836f466a69","Hill Dental","-81.99137508","38.43991562","dentist","general_dentistry | doctor","3465 Teays Valley Rd","Hurricane","25526-9279","WV","US","+13045620355","","","https://www.facebook.com/102327146508696","","0.9199122190475464","open","7","meta | Overture | Overture-signals","CDLA-Permissive-2.0","2026-04-27T00:00:00.000Z | 2026-06-11T11:57:15Z | 2026-05-12T00:29:08Z | 2026-05-18T13:23:54Z | 2026-05-25T13:08:59Z | 2026-06-01T13:20:32Z | 2026-06-08T13:20:12Z"
"WV","West Virginia","a4f5ad3e-8b0f-4ae7-9e2d-b9d27df0b5f1","Ford Lora B DDS","-81.6288555796237","38.3448234901763","dentist","","112 Morris St","Charleston","25301","WV","US","(304) 343-2799","","http://www.fordendo.com/contentpage.aspx?pageid=10","","","0.77","","5","Foursquare | Overture","Apache-2.0 | CDLA-Permissive-2.0","2025-08-22T00:00:00.000 | 2026-06-11T11:57:15Z"
"WV","West Virginia","a533a655-cd93-46c5-a357-6ff8f2898a8a","Rockey Brian R DDS","-80.75188147","39.94690219","dentist","general_dentistry","426 8th St","Glen Dale","26038-1412","WV","US","+13048457755","","","https://www.facebook.com/1576869619226892","","0.9199122190475464","open","7","meta | Overture | Overture-signals","CDLA-Permissive-2.0","2026-04-27T00:00:00.000Z | 2026-06-11T11:57:15Z | 2026-05-12T00:29:08Z | 2026-05-18T13:23:54Z | 2026-05-25T13:08:59Z | 2026-06-01T13:20:32Z | 2026-06-08T13:20:12Z"
"WV","West Virginia","a533c98a-bbba-472d-8812-d67b808268b8","Kurt H Reiber DMD General Family Dentistry","-81.16201133","37.79930933","dentist","","33 Eagles Rd","Beckley","25801-3643","WV","US","+16812386031","reiberkurt2021@gmail.com","https://www.workathomesuccess.com","https://www.facebook.com/144782084370293","","0.8226085901260376","","7","meta | Overture","CDLA-Permissive-2.0","2026-04-27T00:00:00.000Z | 2026-06-11T11:57:15Z"
"WV","West Virginia","a5dce78d-62d6-4b79-9247-25a7f28346e3","Sammons Adams Orthodontics","-82.29952643","38.41595767","dentist","orthodontist | doctor","6400 E Pea Ridge Rd","Huntington","25705-2569","WV","US","+13047367331","","http://Sammonsadams.com/","https://www.facebook.com/921027968072953","","0.9702789783477783","open","6","meta | Overture | Overture-signals","CDLA-Permissive-2.0","2026-04-27T00:00:00.000Z | 2026-06-11T11:57:15Z | 2026-05-12T00:29:08Z"
"WV","West Virginia","a757ee53-8739-4760-9ce1-aeb8af43d124","Bennett Robert DDS","-80.72886310659","39.9911992471953","dentist","","506 Marshall St # 704A","McMechen","26040","WV","US","(304) 233-8300","","https://continue-site.site/?lang=en-us","https://www.facebook.com/160491343972027","","0.77","","5","Foursquare | Overture","Apache-2.0 | CDLA-Permissive-2.0","2025-08-19T00:00:00.000 | 2026-06-11T11:57:15Z"
"WV","West Virginia","a7f9114d-06f4-4c4b-b747-d68bbc6ce2ef","Dillion & Dillion Dentistry Inc","-82.2555328","38.4174079","dentist","health_and_medical","3677 U S Route 60 E","Barboursville","25504","WV","US","8772109601","","","","","0.85","","7","Microsoft | Overture","CDLA-Permissive-2.0","2025-08-01T16:09:10.240Z | 2026-06-11T11:57:15Z"
"WV","West Virginia","a8851548-13c6-4240-a2e7-2710f4217150","Pediatric & Adolescent Dentistry","-80.2698587369563","39.2833277540676","dentist","","9 Chenoweth Dr","Bridgeport","26330","WV","US","(304) 842-1921","","http://www.pediatricandadolescentdentistry.com","https://www.facebook.com/156333897740483","","0.9199122190475464","open","5","Foursquare | Overture | Overture-signals","Apache-2.0 | CDLA-Permissive-2.0","2025-10-18T00:00:00.000 | 2026-06-11T11:57:15Z | 2026-05-12T00:29:08Z | 2026-05-18T13:23:54Z | 2026-05-25T13:08:59Z | 2026-06-01T13:20:32Z | 2026-06-08T13:20:12Z"
"WV","West Virginia","aa166e5d-5c1f-43e7-8f3f-8e090ca1e2aa","A. Charles Lilly D.D.S","-80.41858195","37.83058757","dentist","general_dentistry","3474 Jefferson St N","Lewisburg","24901","WV","US","+16813183427","drlillysoffice@yahoo.com","http://Countryroadsdental.com/","https://www.facebook.com/102111188480819","","0.9199122190475464","open","7","meta | Overture | Overture-signals","CDLA-Permissive-2.0","2026-04-27T00:00:00.000Z | 2026-06-11T11:57:15Z | 2026-05-12T00:29:08Z | 2026-05-18T13:23:54Z | 2026-05-25T13:08:59Z | 2026-06-01T13:20:32Z | 2026-06-08T13:20:12Z"
"WV","West Virginia","aa16c7f1-db9e-4cad-add4-ab5fbb8a49b1","Family Dentistry of Weston","-80.45926103","39.03747184","dentist","medical_service_organizations | health_and_medical","19 Garton Plz","Weston","26452","WV","US","+13042696151","familydentistryofweston@gmail.com","","https://www.facebook.com/1711255535822575","","0.9199122190475464","open","6","meta | Overture | Overture-signals","CDLA-Permissive-2.0","2026-04-27T00:00:00.000Z | 2026-06-11T11:57:15Z | 2026-05-12T00:29:08Z | 2026-05-18T13:23:54Z | 2026-05-25T13:08:59Z | 2026-06-01T13:20:32Z | 2026-06-08T13:20:12Z"
"WV","West Virginia","aa22cf4e-c12b-42f4-ba80-c10bae90fedc","Conklin Thomas L DDS","-81.585328","37.434514","dentist","","8 Wyoming St","Welch","24801","WV","US","(304) 436-6009","","http://www.tlc-dentalcare.com","https://www.facebook.com/111832385548229","","0.9199122190475464","open","4","Foursquare | Overture | Overture-signals","Apache-2.0 | CDLA-Permissive-2.0","2025-08-19T00:00:00.000 | 2026-06-11T11:57:15Z | 2026-05-12T00:29:08Z | 2026-05-18T13:23:54Z | 2026-05-25T13:08:59Z | 2026-06-01T13:20:32Z | 2026-06-08T13:20:12Z"
"WV","West Virginia","aabf8748-8e04-4162-897c-bebc97eea155","Motto Clear Aligners","-80.00231769","39.6498775","dentist","health_and_medical","3891 University Town Centre Dr","Morgantown","26501","WV","US","3042123070","","https://www.aspendental.com/dentist/wv/morgantown/3891-university-town-centre-dr/motto-clear-aligners/","","","0.9199122190475464","open","4","Microsoft | Overture | Overture-signals","CDLA-Permissive-2.0","2025-10-03T21:01:17.430Z | 2026-06-11T11:57:15Z | 2026-05-12T00:29:08Z | 2026-05-18T13:23:54Z | 2026-05-25T13:08:59Z | 2026-06-01T13:20:32Z | 2026-06-08T13:20:12Z"
"WV","West Virginia","ab51318c-1998-4a28-9f4a-2261aafa6d65","LYNN C Gilbert","-81.0917077196521","38.9238321361826","dentist","","186 Hospital Dr # 186","Grantsville","26147","WV","US","(304) 354-9244","","https://www.mhhs.healthcare","","","0.9199122190475464","open","4","Foursquare | Overture | Overture-signals","Apache-2.0 | CDLA-Permissive-2.0","2025-08-19T00:00:00.000 | 2026-06-11T11:57:15Z | 2026-05-12T00:29:08Z | 2026-05-18T13:23:54Z | 2026-05-25T13:08:59Z | 2026-06-01T13:20:32Z | 2026-06-08T13:20:12Z"
"WV","West Virginia","abca9f81-6fe4-4ffa-9aa1-0c76f442fdc3","Ghareeb Dental Group","-81.81334238","38.37786415","dentist","general_dentistry | medical_service_organizations","2035 Kanawha Ter","St Albans","25177-3187","WV","US","+13047272222","ghareebdentalgroup@gmail.com","http://www.ghareebdentalgroup.com/","https://www.facebook.com/119800681417254","Ghareeb Dental Group","0.9199122190475464","open","9","meta | Overture | Overture-signals","CDLA-Permissive-2.0","2026-04-27T00:00:00.000Z | 2026-06-11T11:57:15Z | 2026-05-12T00:29:08Z | 2026-05-18T13:23:54Z | 2026-05-25T13:08:59Z | 2026-06-01T13:20:32Z | 2026-06-08T13:20:12Z"
"WV","West Virginia","ac113ad6-62b5-4951-8c0f-c06dcffa6100","Revive Dental and Implant Center","-81.58024081","38.32032586","dentist","general_dentistry | cosmetic_dentist","4803 Maccorkle Ave SE","Charleston","25304-1948","WV","US","+13044675268","info@reviveimplant.com","https://www.revivedentalimplantcenter.com/","https://www.facebook.com/107704754109890","","0.9998263547718524","open","9","meta | Overture | Overture-signals","CDLA-Permissive-2.0","2026-04-27T00:00:00.000Z | 2026-06-11T11:57:15Z | 2026-06-08T13:20:12Z"
"WV","West Virginia","ad20eee7-3bd4-4e33-ba25-49e60fa8a9d1","Ray Family Dentistry","-80.15308927","39.44652112","dentist","orthodontist | medical_service_organizations","2012 Pleasant Valley Rd","Fairmont","26554-9456","WV","US","+13043680342","","","https://www.facebook.com/177898946261803","","0.9886669516563416","","3","meta | Overture","CDLA-Permissive-2.0","2026-04-27T00:00:00.000Z | 2026-06-11T11:57:15Z"
"WV","West Virginia","ad27e108-2dbf-4f84-9eb7-df8dc6afedc8","Ronald Haggerty DDS","-78.770735","39.50391","dentist","doctor | family_practice","Lincoln St","Fort Ashby","26719","WV","US","+13042983501","","","https://www.facebook.com/413588135339560","","0.5598994493484497","","8","meta | Overture","CDLA-Permissive-2.0","2026-04-27T00:00:00.000Z | 2026-06-11T11:57:15Z"
"WV","West Virginia","ada59ead-cb41-42be-a6ed-b1a8126d0b20","Drs. Kilcollin and Kicolllin","-80.5478466771379","37.5880274509156","dentist","","247 Health Center Drive","Union","24983","WV","US","(304) 772-3333","","http://www.kilcollindental.com","https://www.twitter.com/kilcollin_dds","","0.77","","5","Foursquare | Overture","Apache-2.0 | CDLA-Permissive-2.0","2025-08-22T00:00:00.000 | 2026-06-11T11:57:15Z"
"WV","West Virginia","ae5516c0-026b-4bfd-91e3-d05769dd31cb","Motto Clear Aligners","-81.1864453","37.8130127","dentist","health_and_medical","4259 Robert C Byrd Dr","Beckley","25801","WV","US","3042070999","","https://www.aspendental.com/dentist/wv/beckley/4259-robert-c-byrd-drive/motto-clear-aligners/","","","0.9199122190475464","open","8","Microsoft | Overture | Overture-signals","CDLA-Permissive-2.0","2025-10-04T06:30:29.870Z | 2026-06-11T11:57:15Z | 2026-05-12T00:29:08Z | 2026-05-18T13:23:54Z | 2026-05-25T13:08:59Z | 2026-06-01T13:20:32Z | 2026-06-08T13:20:12Z"
"WV","West Virginia","af800153-998b-485d-815e-7d48a0f6875f","Cynthia D. Parks, DDS","-79.89239108","39.65764624","dentist","general_dentistry | pediatric_dentist","7000 Coombs Farm Dr","Morgantown","26508","WV","US","+13047774114","","http://www.totsandteensdentistry.com/","https://www.facebook.com/271075106275105","","0.9199122190475464","open","7","meta | Overture | Overture-signals","CDLA-Permissive-2.0","2026-04-27T00:00:00.000Z | 2026-06-11T11:57:15Z | 2026-05-12T00:29:08Z | 2026-05-18T13:23:54Z | 2026-05-25T13:08:59Z | 2026-06-01T13:20:32Z | 2026-06-08T13:20:12Z"
"WV","West Virginia","af8092d1-b829-4b95-86db-e5c80aa3f3ab","Dianne Forbes Dds","-80.857407","39.681327","dentist","health_and_medical","661 3rd St","New Martinsville","26155","WV","US","3044552030","","","","","0.85","","7","Microsoft | Overture","CDLA-Permissive-2.0","2025-07-25T02:21:38.107Z | 2026-06-11T11:57:15Z"
"WV","West Virginia","b0b30afe-baef-42ed-a55a-d8512aec0b0c","Dental Office - Minnie Hamilton Health System","-81.092486","38.922919","dentist","hospital | family_practice","186 Hospital Dr","Grantsville","26147-7100","WV","US","+13043545999","administrator@mhhcc.com","http://www.mhhs.healthcare/","https://www.facebook.com/158863157481981","","0.9739026427268982","","9","meta | Overture","CDLA-Permissive-2.0","2026-04-27T00:00:00.000Z | 2026-06-11T11:57:15Z"
"WV","West Virginia","b0e82522-7c6a-4ad5-88f1-8cea715e19a0","Hobert L Mack Inc","-81.9887436","37.84643082","dentist","doctor | health_and_medical","505 Stratton St","Logan","25601-3806","WV","US","+13047523563","","https://www.ratemds.com/doctor-ratings/2658791/Dr-HOBERT","https://www.facebook.com/166263876771256","Dr. Patrick Daley","0.9199122190475464","open","7","meta | Overture | Overture-signals","CDLA-Permissive-2.0","2026-04-27T00:00:00.000Z | 2026-06-11T11:57:15Z | 2026-05-12T00:29:08Z | 2026-05-18T13:23:54Z | 2026-05-25T13:08:59Z | 2026-06-01T13:20:32Z | 2026-06-08T13:20:12Z"
"WV","West Virginia","b199427c-4ac8-499e-abaa-81588fb71ad4","Kurt Reiber","-81.18977923","37.77593752","dentist","medical_service_organizations","100 Earwood St","Beckley","25801-5402","WV","US","+13042535222","","","https://www.facebook.com/286488441418085","","0.5160108208656311","","7","meta | Overture","CDLA-Permissive-2.0","2026-04-27T00:00:00.000Z | 2026-06-11T11:57:15Z"
"WV","West Virginia","b2198a6f-d0eb-4753-af9f-a1e7c534f19d","Sissonville Dental Care","-81.67235727","38.47601657","dentist","health_and_medical | cosmetic_dentist","1086 Martins Branch Rd","Charleston","25312-6086","WV","US","+13049840052","sissonvilledental@gmail.com","https://www.sissonville.info/community/index.html","https://www.facebook.com/655319257669730","","0.9199122190475464","open","7","meta | Overture | Overture-signals","CDLA-Permissive-2.0","2026-04-27T00:00:00.000Z | 2026-06-11T11:57:15Z | 2026-05-12T00:29:08Z | 2026-05-18T13:23:54Z | 2026-05-25T13:08:59Z | 2026-06-01T13:20:32Z | 2026-06-08T13:20:12Z"
"WV","West Virginia","b3125880-b19a-4eaa-9037-3b6b498cf994","Dr. Kendra D. Burdette, DDS","-81.6330091","38.34786152","dentist","general_dentistry | doctor","1031 Quarrier St","Charleston","25301-2309","WV","US","+13046216118","mark@markburdette.com","https://www.markburdette.com/","https://www.facebook.com/121009467935470","","0.9199122190475464","open","6","meta | Overture | Overture-signals","CDLA-Permissive-2.0","2026-04-27T00:00:00.000Z | 2026-06-11T11:57:15Z | 2026-05-12T00:29:08Z | 2026-05-18T13:23:54Z | 2026-05-25T13:08:59Z | 2026-06-01T13:20:32Z | 2026-06-08T13:20:12Z"
"WV","West Virginia","b381564a-c479-4fae-b673-08f7483bd8f5","Dr. David Sanders DDS, MS","-79.946745","39.610665","dentist","orthodontist | health_and_medical","1321 Dorsey Ave","Morgantown","26501-7122","WV","US","+13042968095","","http://www.sandersortho.com","https://www.facebook.com/938536572862931","Dr. David Sanders, Orthodontist","0.9412206411361694","","8","meta | Overture","CDLA-Permissive-2.0","2026-04-27T00:00:00.000Z | 2026-06-11T11:57:15Z"
"WV","West Virginia","b3d6ff3a-e5e4-47eb-b5da-f63afc9dcea8","Timothy M. Spears, DDS","-81.65866979","38.34363561","dentist","cosmetic_dentist | general_dentistry","818 Oakwood Rd","Charleston","25314-2075","WV","US","+13046525722","spearsdental@yahoo.com","http://oakwoodfamilydentistry.com","https://www.facebook.com/767342436697668","Dr Tim Spears D.D.S.","0.9199122190475464","open","9","meta | Overture | Overture-signals","CDLA-Permissive-2.0","2026-04-27T00:00:00.000Z | 2026-06-11T11:57:15Z | 2026-05-12T00:29:08Z | 2026-05-18T13:23:54Z | 2026-05-25T13:08:59Z | 2026-06-01T13:20:32Z | 2026-06-08T13:20:12Z"
"WV","West Virginia","b4da77c2-9bd4-49c3-944e-f54844f00bc2","Creative Pediatric Dentistry","-81.9866308758619","38.4420114520995","dentist","","2778 Teays Valley Rd","Hurricane","25526","WV","US","(681) 233-4025","","http://www.creativekidsdental.com","https://www.twitter.com/creativepedo | https://www.facebook.com/461206187412914","","0.77","","5","Foursquare | Overture","Apache-2.0 | CDLA-Permissive-2.0","2025-11-13T00:00:00.000 | 2026-06-11T11:57:15Z"
"WV","West Virginia","b5b1feb5-e54b-4d45-980e-fdcc958abc4a","WVU Children's Dental Program","-77.980669","39.472767","dentist","community_services_non_profits | health_and_medical","2500 Foundation Way","Martinsburg","25401","WV","US","+13042634999","","http://www.hsc.wvu.edu/eastern/child-Dental-Care.aspx","https://www.facebook.com/436437493111757","","0.6648730635643005","","9","meta | Overture","CDLA-Permissive-2.0","2026-04-27T00:00:00.000Z | 2026-06-11T11:57:15Z"
"WV","West Virginia","b60d3c13-d117-486d-9c3c-f60146ef796a","Harvey Jeffrey R DDS","-81.18743049","37.77994569","dentist","health_and_medical | doctor","241 N Kanawha St","Beckley","25801-4716","WV","US","+13042534900","","","https://www.facebook.com/167707843240138","","0.9199122190475464","open","8","meta | Overture | Overture-signals","CDLA-Permissive-2.0","2026-04-27T00:00:00.000Z | 2026-06-11T11:57:15Z | 2026-05-12T00:29:08Z | 2026-05-18T13:23:54Z | 2026-05-25T13:08:59Z | 2026-06-01T13:20:32Z | 2026-06-08T13:20:12Z"
"WV","West Virginia","b67f0211-ec7b-45f1-9158-725377aed472","Bryant James G DMD","-80.1521335136559","39.4838123800264","dentist","","400 Locust Ave Ste 1","Fairmont","26554","WV","US","(304) 363-8000","drjamesbryant@gmail.com","http://bryantjamesgdds.placeweb.site","","","0.9199122190475464","open","8","Foursquare | Overture | Overture-signals","Apache-2.0 | CDLA-Permissive-2.0","2025-08-19T00:00:00.000 | 2026-06-11T11:57:15Z | 2026-05-12T00:29:08Z | 2026-05-18T13:23:54Z | 2026-05-25T13:08:59Z | 2026-06-01T13:20:32Z | 2026-06-08T13:20:12Z"
"WV","West Virginia","b7a00d7e-ed82-4a95-8488-d9c38329c7be","Hamilton Jennifer DR","-80.43653","37.79513","dentist","doctor | optometrist","260 Alderson St","Lewisburg","24901-1706","WV","US","+13046456089","","hamiltonorthodontics.com","https://www.facebook.com/162012350489669","","0.7855676412582397","","7","meta | Overture","CDLA-Permissive-2.0","2026-04-27T00:00:00.000Z | 2026-06-11T11:57:15Z"
"WV","West Virginia","b919d63f-cd3a-4492-b997-48db73c635b8","Beckley Dental Center","-81.19845925","37.7772649","dentist","general_dentistry | medical_service_organizations","1100 Neville St","Beckley","25801-4228","WV","US","+13042538854","tooth1@frontier.com","https://www.beckleydentalcenter.com/","https://www.facebook.com/111848211502786","Beckley Dental Center","0.9199122190475464","open","8","meta | Overture | Overture-signals","CDLA-Permissive-2.0","2026-04-27T00:00:00.000Z | 2026-06-11T11:57:15Z | 2026-05-12T00:29:08Z | 2026-05-18T13:23:54Z | 2026-05-25T13:08:59Z | 2026-06-01T13:20:32Z | 2026-06-08T13:20:12Z"
"WV","West Virginia","b93155f6-bccd-4f20-89e8-2597ec8f862e","Motto Clear Aligners","-81.7183431","38.3188715","dentist","health_and_medical","2809 Mountaineer Blvd","Charleston","25309","WV","US","3042023968","","https://www.aspendental.com/dentist/wv/charleston/2809-mountaineer-blvd/motto-clear-aligners/","","","0.9199122190475464","open","6","Microsoft | Overture | Overture-signals","CDLA-Permissive-2.0","2025-10-03T21:21:52.877Z | 2026-06-11T11:57:15Z | 2026-05-12T00:29:08Z | 2026-05-18T13:23:54Z | 2026-05-25T13:08:59Z | 2026-06-01T13:20:32Z | 2026-06-08T13:20:12Z"
"WV","West Virginia","ba08cfde-b36f-4651-bb76-05f21b70721c","Joseph H. Thompson, DDS, MS","-82.4428374198758","38.4138437349778","dentist","","828 9th Ave","Huntington","25701","WV","US","(304) 697-4110","info@yoursmilingfaces.com","https://www.yoursmilingfaces.com","","","0.77","","5","Foursquare | Overture","Apache-2.0 | CDLA-Permissive-2.0","2025-10-18T00:00:00.000 | 2026-06-11T11:57:15Z"
"WV","West Virginia","baffbbfd-1ee2-4e5c-9124-5b81d12603d9","Burbridge-Howell Jenifer","-79.6901666470838","39.4696180761597","dentist","","202 Tunnelton St Ste 214","Kingwood","26537","WV","US","(304) 329-1989","","http://www.howellandeverett.com","","","0.9199122190475464","open","4","Foursquare | Overture | Overture-signals","Apache-2.0 | CDLA-Permissive-2.0","2025-04-21T00:00:00.000 | 2026-06-11T11:57:15Z | 2026-05-12T00:29:08Z | 2026-05-18T13:23:54Z | 2026-05-25T13:08:59Z | 2026-06-01T13:20:32Z | 2026-06-08T13:20:12Z"
"WV","West Virginia","bb403318-050c-40c2-9096-815223e22238","Crow Dental Associates","-80.5324200866945","40.3965748581955","dentist","","389 American Way","Weirton","26062","WV","US","(304) 748-4210","crowdentalassociates@gmail.com","http://crowdentalassociates.com","https://www.facebook.com/209686779083747","","0.9199122190475464","open","4","Foursquare | Overture | Overture-signals","Apache-2.0 | CDLA-Permissive-2.0","2023-02-28T00:00:00.000 | 2026-06-11T11:57:15Z | 2026-05-12T00:29:08Z | 2026-05-18T13:23:54Z | 2026-05-25T13:08:59Z | 2026-06-01T13:20:32Z | 2026-06-08T13:20:12Z"
"WV","West Virginia","bcbf1f4d-73c9-4180-854d-8d019dbfe644","Lynch Jr Albert J DDS","-82.3897759","38.40850368","dentist","general_dentistry | doctor","2790 Saltwell Rd","Huntington","25705-1619","WV","US","+13046977381","","http://christopherlynchdds.com","https://www.facebook.com/169422719734492","","0.9199122190475464","open","7","meta | Overture | Overture-signals","CDLA-Permissive-2.0","2026-04-27T00:00:00.000Z | 2026-06-11T11:57:15Z | 2026-05-12T00:29:08Z | 2026-05-18T13:23:54Z | 2026-05-25T13:08:59Z | 2026-06-01T13:20:32Z | 2026-06-08T13:20:12Z"
"WV","West Virginia","bcff24aa-94f7-4d0e-83dd-68510b1b90eb","Motto Clear Aligners","-80.5999414","40.05971619","dentist","health_and_medical","219 Cabela Dr","Triadelphia","26059","WV","US","3049093019","","https://www.aspendental.com/dentist/wv/triadelphia/219-cabela-drive/motto-clear-aligners/","","","0.9199122190475464","open","7","Microsoft | Overture | Overture-signals","CDLA-Permissive-2.0","2025-10-04T07:45:02.460Z | 2026-06-11T11:57:15Z | 2026-05-12T00:29:08Z | 2026-05-18T13:23:54Z | 2026-05-25T13:08:59Z | 2026-06-01T13:20:32Z | 2026-06-08T13:20:12Z"
"WV","West Virginia","bd213139-0648-4dad-90b0-e6a454a4266f","Christopher L Hugh DDS","-82.4058796143723","38.4261421840371","dentist","","2674 5th Ave Frnt","Huntington","25702","WV","US","(304) 525-2627","","http://www.hughendodontics.com","","","0.77","","5","Foursquare | Overture","Apache-2.0 | CDLA-Permissive-2.0","2025-08-22T00:00:00.000 | 2026-06-11T11:57:15Z"
"WV","West Virginia","bd2b3838-d06a-4d48-8f0b-968894f5c53a","Wilson Dental","-81.55181861","39.24403558","dentist","general_dentistry | doctor","1401 Blizzard Dr","Parkersburg","26101-6422","WV","US","+13044200922","","","https://www.facebook.com/231525993569667","","0.9901503324508667","","2","meta | Overture","CDLA-Permissive-2.0","2026-04-27T00:00:00.000Z | 2026-06-11T11:57:15Z"
"WV","West Virginia","bd8460b4-8b00-46de-9680-c9746f9852b7","Prince Dental","-81.34078746","37.77817006","dentist","general_dentistry","7127 Harper Rd","Glen Daniel","25844","WV","US","+13046828287","","http://princedentalclinic.com/","https://www.facebook.com/105275978516393","","0.9199122190475464","open","7","meta | Overture | Overture-signals","CDLA-Permissive-2.0","2026-04-27T00:00:00.000Z | 2026-06-11T11:57:15Z | 2026-05-12T00:29:08Z | 2026-05-18T13:23:54Z | 2026-05-25T13:08:59Z | 2026-06-01T13:20:32Z | 2026-06-08T13:20:12Z"
"WV","West Virginia","bd90e247-7465-4761-a14d-e7f877bcb45c","Bowen Dental Group","-82.40589525","38.40679208","dentist","general_dentistry","366 Norway Ave","Huntington","25705-1319","WV","US","+13046972500","","","https://www.facebook.com/105946897792988","","0.9902192950248718","open","7","meta | Overture | Overture-signals","CDLA-Permissive-2.0","2026-04-27T00:00:00.000Z | 2026-06-11T11:57:15Z | 2026-05-12T00:29:08Z | 2026-05-18T13:23:54Z | 2026-05-25T13:08:59Z | 2026-06-01T13:20:32Z | 2026-06-08T13:20:12Z"
"WV","West Virginia","bd9a788e-c0ca-419e-8279-76cc4b901f04","Dr. Georgia L. Frye Gonzales","-82.42860075","38.41007553","dentist","general_dentistry","1319 Hal Greer Blvd","Huntington","25701-3803","WV","US","+13045296060","","http://www.woodruffdentalcare.com","https://www.facebook.com/2108949469418978","Dr. Woodruff Family Dentistry","0.9212043881416321","","2","meta | Overture","CDLA-Permissive-2.0","2026-04-27T00:00:00.000Z | 2026-06-11T11:57:15Z"
"WV","West Virginia","bdb251a1-2307-47a1-b662-4e987d06b1f1","The Smile Doctor, Johnathon J Hale","-81.143405","37.975676","dentist","doctor | health_and_medical","417 Main St E","Oak Hill","25901-2198","WV","US","+13044655361","drjohnhaledds@gmail.com","http://www.carecredit.com/","https://www.facebook.com/402736236456995","","0.9199122190475464","open","8","meta | Overture | Overture-signals","CDLA-Permissive-2.0","2026-04-27T00:00:00.000Z | 2026-06-11T11:57:15Z | 2026-05-12T00:29:08Z | 2026-05-18T13:23:54Z | 2026-05-25T13:08:59Z | 2026-06-01T13:20:32Z | 2026-06-08T13:20:12Z"
"WV","West Virginia","bdc4a772-8029-4f18-a479-c78917a59877","Meridian Dental Specialists","-79.9366889478504","39.6546119024296","dentist","health_and_medical","2000 Hampton Center, Suite A","Morgantown","26505","WV","US","3049064900","","https://meridiandentalspecialists.com/morgantown-hampton-wv?y_source=1_MTYxNzAzMzYtNDgzLWxvY2F0aW9uLndlYnNpdGU%3D","","","0.9199122190475464","open","6","Microsoft | Overture | Overture-signals","CDLA-Permissive-2.0","2025-10-02T07:36:29.817Z | 2026-06-11T11:57:15Z | 2026-05-12T00:29:08Z | 2026-05-18T13:23:54Z | 2026-05-25T13:08:59Z | 2026-06-01T13:20:32Z | 2026-06-08T13:20:12Z"
"WV","West Virginia","be939cf8-2328-4228-aefb-668d1492c707","Drs. Monday and Graziani","-81.63119772","38.34465568","dentist","general_dentistry | cosmetic_dentist","1213 Virginia St E","Charleston","25301-2941","WV","US","+13048339214","leighr@falbomondaydds.com","https://www.falbomondaydds.com/","https://www.facebook.com/217526648286472","Drs. Monday & Graziani,  PLLC","0.9199122190475464","open","9","meta | Overture | Overture-signals","CDLA-Permissive-2.0","2026-04-27T00:00:00.000Z | 2026-06-11T11:57:15Z | 2026-05-12T00:29:08Z | 2026-05-18T13:23:54Z | 2026-05-25T13:08:59Z | 2026-06-01T13:20:32Z | 2026-06-08T13:20:12Z"
"WV","West Virginia","be9ff195-ab79-476b-b0c7-de333b7e955e","Dr. Jack Bernardo","-81.32196453","38.18092776","dentist","general_dentistry","202 3rd Ave","Montgomery","25136-2222","WV","US","+13044425136","","http://www.bernardodentistrywv.com","https://www.facebook.com/149333475109276","","0.9832179546356201","","2","meta | Overture","CDLA-Permissive-2.0","2026-04-27T00:00:00.000Z | 2026-06-11T11:57:15Z"
"WV","West Virginia","becdf250-e3b3-475b-83bc-853d08b437e5","Bruce B. Horswell","-81.63736174","38.35915664","dentist","doctor | family_practice","830 Pennsylvania Ave","Charleston","25302-3302","WV","US","+13043882950","","","https://www.facebook.com/221266165303379","","0.9199122190475464","open","6","meta | Overture | Overture-signals","CDLA-Permissive-2.0","2026-04-27T00:00:00.000Z | 2026-06-11T11:57:15Z | 2026-05-12T00:29:08Z | 2026-05-18T13:23:54Z | 2026-05-25T13:08:59Z | 2026-06-01T13:20:32Z | 2026-06-08T13:20:12Z"
"WV","West Virginia","bfca2c40-a4e5-4567-8a3a-8c557886af71","R.A. Hanna, DDS","-82.1367554","38.8461141","dentist","doctor | health_and_medical","708 Viand St","Point Pleasant","25550","WV","US","3046755600","","","","","0.9199122190475464","open","6","Microsoft | Overture | Overture-signals","CDLA-Permissive-2.0","2025-10-02T23:38:22.660Z | 2026-06-11T11:57:15Z | 2026-05-12T00:29:08Z | 2026-05-18T13:23:54Z | 2026-05-25T13:08:59Z | 2026-06-01T13:20:32Z | 2026-06-08T13:20:12Z"
"WV","West Virginia","bfe96219-bd28-458c-bcd9-6b2508a410f6","The Basil Center for Complete Dental Care","-80.60862645","40.28137874","dentist","general_dentistry | medical_center","1703 Commerce St","Wellsburg","26070-1326","WV","US","+13047373050","info@basildentalcare.com","http://www.basildentalcare.com/","https://www.facebook.com/153440418133529","","0.9199122190475464","open","9","meta | Overture | Overture-signals","CDLA-Permissive-2.0","2026-04-27T00:00:00.000Z | 2026-06-11T11:57:15Z | 2026-05-12T00:29:08Z | 2026-05-18T13:23:54Z | 2026-05-25T13:08:59Z | 2026-06-01T13:20:32Z | 2026-06-08T13:20:12Z"
"WV","West Virginia","c0a1f96d-4366-40b7-ba66-8659841fbcad","ISmile Specialists WV","-80.26956","39.28207","dentist","orthodontist | health_and_medical","930 W Main St","Bridgeport","26330-1673","WV","US","+18444764531","","http://www.iSmileSpecialistsWV.com/","https://www.facebook.com/277354475800154","","0.9853428602218628","","7","meta | Overture","CDLA-Permissive-2.0","2026-04-27T00:00:00.000Z | 2026-06-11T11:57:15Z"
"WV","West Virginia","c139950c-63aa-4924-87b4-0bb68c671c8b","B. Wayne Given DDS","-80.7729612623193","38.6746478693758","dentist","","715 Elk St","Gassaway","26624","WV","US","(304) 364-8565","","http://lancasterchaddds1.placeweb.site","https://www.facebook.com/139284686118648","","0.9199122190475464","open","4","Foursquare | Overture | Overture-signals","Apache-2.0 | CDLA-Permissive-2.0","2025-08-19T00:00:00.000 | 2026-06-11T11:57:15Z | 2026-05-12T00:29:08Z | 2026-05-18T13:23:54Z | 2026-05-25T13:08:59Z | 2026-06-01T13:20:32Z | 2026-06-08T13:20:12Z"
"WV","West Virginia","c17b7436-fd2d-4412-805e-0f6907829dfc","Joseph Gatens Vaughan","-80.458085","37.777927","dentist","","294 Seneca Trl","Ronceverte","24970","WV","US","(304) 645-2333","","http://www.drjosephvaughan.com","","","0.77","","5","Foursquare | Overture","Apache-2.0 | CDLA-Permissive-2.0","2025-10-19T00:00:00.000 | 2026-06-11T11:57:15Z"
"WV","West Virginia","c261742c-9d45-498a-8bdb-d463a76e29e0","Sam Bever DDS","-81.5513495","39.32412586","dentist","family_practice | pediatric_dentist","417 27th St","Vienna","26105-1340","WV","US","+13042958541","","http://beversamdds.placeweb.site/","https://www.facebook.com/124402744302310","","0.9199122190475464","open","7","meta | Overture | Overture-signals","CDLA-Permissive-2.0","2026-04-27T00:00:00.000Z | 2026-06-11T11:57:15Z | 2026-05-12T00:29:08Z | 2026-05-18T13:23:54Z | 2026-05-25T13:08:59Z | 2026-06-01T13:20:32Z | 2026-06-08T13:20:12Z"
"WV","West Virginia","c267b840-6442-4226-8935-042049a87736","Berkeley Springs Dentistry","-78.24043879","39.60144686","dentist","general_dentistry | cosmetic_dentist","1911 Valley Rd","Berkeley Springs","25411-4815","WV","US","+13042587800","berkeleyspringsdentistry@yahoo.com","http://www.berkeleyspringsdentistry.com/","https://www.facebook.com/589177754782869","","0.9199122190475464","open","7","meta | Overture | Overture-signals","CDLA-Permissive-2.0","2026-04-27T00:00:00.000Z | 2026-06-11T11:57:15Z | 2026-05-12T00:29:08Z | 2026-05-18T13:23:54Z | 2026-05-25T13:08:59Z | 2026-06-01T13:20:32Z | 2026-06-08T13:20:12Z"
"WV","West Virginia","c4515c83-5c23-4b73-974c-cdd0d729c129","Charleston Dental Associates","-81.63103672","38.34600392","dentist","general_dentistry | doctor","111 Brooks St","Charleston","25301-2904","WV","US","+13043440344","charlestondental77@gmail.com","http://www.charlestondental.org/","https://www.facebook.com/1004917062973904","Charleston Dental Associates","0.9997812176644802","open","9","meta | Overture | Overture-signals","CDLA-Permissive-2.0","2026-04-27T00:00:00.000Z | 2026-06-11T11:57:15Z | 2026-05-12T00:29:08Z | 2026-06-08T13:20:12Z"
"WV","West Virginia","c477bc21-02a5-4f75-ac54-b8fad2fc363f","Aspen Dental - Martinsburg, WV","-77.98603098","39.44315265","dentist","general_dentistry","14701 Apple Harvest Dr","Martinsburg","25401-3744","WV","US","+13047079674","","https://www.aspendental.com/dentist/wv/martinsburg/14679-apple-harvest-dr-ste-100/","https://www.facebook.com/107454721624078","","0.9996048247277737","open","11","meta | Overture | Overture-signals","CDLA-Permissive-2.0","2026-04-27T00:00:00.000Z | 2026-06-11T11:57:15Z | 2026-06-08T13:20:12Z"
"WV","West Virginia","c47cd933-8dab-491e-8817-8550d714b87b","Lovern Jon M DDS Pllc","-81.09223354","37.36916815","dentist","general_dentistry | medical_service_organizations","120 S 7th St","Princeton","24740-3100","WV","US","+13044259519","jmlovern@suddenlinkmail.com","","https://www.facebook.com/161632823862089","","0.9199122190475464","open","7","meta | Overture | Overture-signals","CDLA-Permissive-2.0","2026-04-27T00:00:00.000Z | 2026-06-11T11:57:15Z | 2026-05-12T00:29:08Z | 2026-05-18T13:23:54Z | 2026-05-25T13:08:59Z | 2026-06-01T13:20:32Z | 2026-06-08T13:20:12Z"
"WV","West Virginia","c481edcf-1704-496b-88c8-8ee3ba904eaa","Terry L McWatters, DDS","-81.8412362","38.42333516","dentist","general_dentistry","2201 22nd St","Nitro","25143-1728","WV","US","+13047552161","","","https://www.facebook.com/158020517594613","","0.9199122190475464","open","7","meta | Overture | Overture-signals","CDLA-Permissive-2.0","2026-04-27T00:00:00.000Z | 2026-06-11T11:57:15Z | 2026-05-12T00:29:08Z | 2026-05-18T13:23:54Z | 2026-05-25T13:08:59Z | 2026-06-01T13:20:32Z | 2026-06-08T13:20:12Z"
"WV","West Virginia","c546d6c5-39f5-4ca7-b6ea-bf8abcae8fe0","Tracy L Wilkerson, DDS","-81.62823531","38.34191114","dentist","pediatric_dentist | doctor","1400 Kanawha Blvd E","Charleston","25301-3059","WV","US","+13043450541","info@childrensdentistry-wv.com","https://www.childrensdentistry-wv.com/","https://www.facebook.com/166579363361611","","0.9199122190475464","open","7","meta | Overture | Overture-signals","CDLA-Permissive-2.0","2026-04-27T00:00:00.000Z | 2026-06-11T11:57:15Z | 2026-05-12T00:29:08Z | 2026-05-18T13:23:54Z | 2026-05-25T13:08:59Z | 2026-06-01T13:20:32Z | 2026-06-08T13:20:12Z"
"WV","West Virginia","c556a06f-5b97-4f98-8ba8-205954157304","Dr. Bonner","-78.0338915321192","39.354872280789","dentist","","372 Middleway Pike","Inwood","25428","WV","US","(304) 229-5851","","http://www.healthgrades.com/dentist/dr-daniel-bonner-xr5t6","","","0.9199122190475464","open","4","Foursquare | Overture | Overture-signals","Apache-2.0 | CDLA-Permissive-2.0","2025-08-22T00:00:00.000 | 2026-06-11T11:57:15Z | 2026-05-12T00:29:08Z | 2026-05-18T13:23:54Z | 2026-05-25T13:08:59Z | 2026-06-01T13:20:32Z | 2026-06-08T13:20:12Z"
"WV","West Virginia","c58c2c5a-2355-4828-823b-8274336a083b","Veltri, Day and Veltri Dentistry","-80.33980098","39.27842224","dentist","general_dentistry | cosmetic_dentist","222 Court St","Clarksburg","26301-2906","WV","US","+13046228001","drveltri@live.com","http://www.veltridayveltri.com/","https://www.facebook.com/144339065631620","","0.9199122190475464","open","7","meta | Overture | Overture-signals","CDLA-Permissive-2.0","2026-04-27T00:00:00.000Z | 2026-06-11T11:57:15Z | 2026-05-12T00:29:08Z | 2026-05-18T13:23:54Z | 2026-05-25T13:08:59Z | 2026-06-01T13:20:32Z | 2026-06-08T13:20:12Z"
"WV","West Virginia","c58e8d96-2039-481f-8f91-118ae87f1a9e","William Craig Bowen","-82.5615746153503","38.3965783255834","dentist","","390 C St","Ceredo","25507","WV","US","(304) 453-3329","","http://wcbowendds.com","https://www.facebook.com/118864398166052","","0.9199122190475464","open","4","Foursquare | Overture | Overture-signals","Apache-2.0 | CDLA-Permissive-2.0","2025-08-22T00:00:00.000 | 2026-06-11T11:57:15Z | 2026-05-12T00:29:08Z | 2026-05-18T13:23:54Z | 2026-05-25T13:08:59Z | 2026-06-01T13:20:32Z | 2026-06-08T13:20:12Z"
"WV","West Virginia","c664aece-8b40-4195-bb30-61f6c2571ac9","W. Shane Holmes Orthodontics - Hurricane","-81.9732969","38.4448438","dentist","","3659 Teays Valley Rd","Hurricane","25526","WV","US","(304) 201-3672","","https://www.drshaneholmes.com","https://www.facebook.com/170969179613436","","0.77","","6","Foursquare | Overture","Apache-2.0 | CDLA-Permissive-2.0","2025-10-18T00:00:00.000 | 2026-06-11T11:57:15Z"
"WV","West Virginia","c72d60eb-02e5-4e29-90ee-7172735396bf","Dr. Todd M. Trimboli","-82.44594778","38.32188782","dentist","general_dentistry | medical_service_organizations","4751 WV-152","Lavalette","25535-9638","WV","US","+13045292036","","","https://www.facebook.com/117316788330289","","0.8451640605926514","","8","meta | Overture","CDLA-Permissive-2.0","2026-04-27T00:00:00.000Z | 2026-06-11T11:57:15Z"
"WV","West Virginia","c76523e5-8cf6-473a-a7b8-331be83ce150","Mohammad Ali Farid","-81.1607191167121","37.7663256383203","dentist","","2401 S Kanawha St Ste 103","Beckley","25801","WV","US","(304) 252-3232","mafariddds@aol.com","http://www.mafariddds.com/cgi-sys/suspendedpage.cgi","","","0.9199122190475464","open","4","Foursquare | Overture | Overture-signals","Apache-2.0 | CDLA-Permissive-2.0","2025-08-22T00:00:00.000 | 2026-06-11T11:57:15Z | 2026-05-12T00:29:08Z | 2026-05-18T13:23:54Z | 2026-05-25T13:08:59Z | 2026-06-01T13:20:32Z | 2026-06-08T13:20:12Z"
"WV","West Virginia","c9542409-df74-46ae-94d5-11a5caac4265","Wilson Martino Dental","-79.8683395444479","38.933258927469","dentist","","1510 Harrison Ave","Elkins","26241","WV","US","(304) 636-2009","","http://www.wilsonmartinodental.com","","","0.77","","5","Foursquare | Overture","Apache-2.0 | CDLA-Permissive-2.0","2025-08-22T00:00:00.000 | 2026-06-11T11:57:15Z"
"WV","West Virginia","c9a07771-e09a-4146-b26f-a5a963d8aaa8","Dr Harshbarger","-81.83498516","38.38714111","dentist","general_dentistry | doctor","215 5th Ave","St Albans","25177-2809","WV","US","+13047223553","office@smilestalbans.com","https://www.smilestalbans.com/","https://www.facebook.com/1074132559322310","","0.9199122190475464","open","9","meta | Overture | Overture-signals","CDLA-Permissive-2.0","2026-04-27T00:00:00.000Z | 2026-06-11T11:57:15Z | 2026-05-12T00:29:08Z | 2026-05-18T13:23:54Z | 2026-05-25T13:08:59Z | 2026-06-01T13:20:32Z | 2026-06-08T13:20:12Z"
"WV","West Virginia","ca262a2f-1795-4067-bbb4-9300ae6fcb04","Gerald A. Clark, DDS, Incorporated","-81.60767128","38.33646373","dentist","general_dentistry | doctor","2205 Washington St E","Charleston","25311-2218","WV","US","+13043424986","gclark2013@aol.com","http://www.drgclark.com/","https://www.facebook.com/1438890116338036","Gerald A. Clark, DDS, Incorporated","0.9199122190475464","open","8","meta | Overture | Overture-signals","CDLA-Permissive-2.0","2026-04-27T00:00:00.000Z | 2026-06-11T11:57:15Z | 2026-05-12T00:29:08Z | 2026-05-18T13:23:54Z | 2026-05-25T13:08:59Z | 2026-06-01T13:20:32Z | 2026-06-08T13:20:12Z"
"WV","West Virginia","cb048a33-ca7e-4dc0-bee1-1c28f7c6fd7f","Dr. Christopher J. Rodebaugh","-80.46818408","37.77150694","dentist","endodontist | doctor","1498 Maplewood Ave","Ronceverte","24970-8017","WV","US","+13046453110","dr_rodebaugh@yahoo.com","http://www.wvsmile.com/","https://www.facebook.com/523985020996899","Christopher J. Rodebaugh DDS Inc.","0.9199122190475464","open","7","meta | Overture | Overture-signals","CDLA-Permissive-2.0","2026-04-27T00:00:00.000Z | 2026-06-11T11:57:15Z | 2026-05-12T00:29:08Z | 2026-05-18T13:23:54Z | 2026-05-25T13:08:59Z | 2026-06-01T13:20:32Z | 2026-06-08T13:20:12Z"
"WV","West Virginia","cb8a1ed4-9a0b-4dc6-8eb1-4645b6f764bd","New Day Dental","-78.2343996","39.61150904","dentist","general_dentistry | medical_service_organizations","261 Berkmore Pl","Berkeley Springs","25411-6247","WV","US","+13042581623","newdaydental@peoplepc.com","http://www.newdaydental.net","https://www.facebook.com/448159581884109","New Day Dental","0.9790713798999786","","8","meta | Overture","CDLA-Permissive-2.0","2026-04-27T00:00:00.000Z | 2026-06-11T11:57:15Z"
"WV","West Virginia","cb9de228-03df-449d-a184-4b61d9e79a82","Kevin C. Lucky, DDS","-81.16885242","37.78133021","dentist","general_dentistry","1110 Johnstown Rd","Beckley","25801-4942","WV","US","+13042550717","drluckysoffice@yahoo.com","http://drkevinluckydds.net/","https://www.facebook.com/1496039607371913","Kevin C. Lucky, DDS","0.9984242290258407","","8","meta | Overture","CDLA-Permissive-2.0","2026-04-27T00:00:00.000Z | 2026-06-11T11:57:15Z"
"WV","West Virginia","cbc011d0-9c43-4caa-a4f2-d7d4913de07d","Goforth Jr Harold L DDS","-81.23562069","37.25343458","dentist","general_dentistry","1321 Stadium Dr","Bluefield","24701-3318","WV","US","+13043277135","","","https://www.facebook.com/161461523874733","","0.9417507648468018","","8","meta | Overture","CDLA-Permissive-2.0","2026-04-27T00:00:00.000Z | 2026-06-11T11:57:15Z"
"WV","West Virginia","cbd0b20a-6a0e-41c5-8320-2d5a1a5f6f50","Thomas Leslie, DDS","-78.2338080584687","39.6155066982993","dentist","","345 Concord Ave","Berkeley Springs","25411","WV","US","(304) 258-2291","","http://www.thomaslesliedds.com","","","0.77","","6","Foursquare | Overture","Apache-2.0 | CDLA-Permissive-2.0","2025-10-09T00:00:00.000 | 2026-06-11T11:57:15Z"
"WV","West Virginia","ccf2c33b-d8a1-4bd0-b728-e2afbc864369","Anne R Basham","-77.9383717126195","39.4641964979631","dentist","","1226 Shepherdstown Rd","Martinsburg","25404","WV","US","(304) 267-2928","","http://bashamannedds.placeweb.site","https://www.facebook.com/127112424009360","","0.77","","5","Foursquare | Overture","Apache-2.0 | CDLA-Permissive-2.0","2025-08-22T00:00:00.000 | 2026-06-11T11:57:15Z"
"WV","West Virginia","cfbce6f6-7fc9-4454-9524-d5ad661f062e","Cabin Creek Health Systems","-81.34590284","38.48990401","dentist","general_dentistry | medical_service_organizations","107 Koontz Ave","Clendenin","25045-9578","WV","US","+13045487272","","http://www.cabincreekhealth.com/clendenin.php","https://www.facebook.com/208753375808895","Cabin Creek Health Systems Pharmacy","0.9199122190475464","open","9","meta | Overture | Overture-signals","CDLA-Permissive-2.0","2026-04-27T00:00:00.000Z | 2026-06-11T11:57:15Z | 2026-05-12T00:29:08Z | 2026-05-18T13:23:54Z | 2026-05-25T13:08:59Z | 2026-06-01T13:20:32Z | 2026-06-08T13:20:12Z"
"WV","West Virginia","cffef243-2308-4444-935e-95ec2f19424f","Mark Kirk DDS","-80.28959","37.80043","dentist","orthodontist | cosmetic_dentist","1051 Main St E","White Sulphur Springs","24986-3019","WV","US","+13045361721","dockirk92@hotmail.com","","https://www.facebook.com/109045227656900","","0.862602710723877","","8","meta | Overture","CDLA-Permissive-2.0","2026-04-27T00:00:00.000Z | 2026-06-11T11:57:15Z"
"WV","West Virginia","d00823f3-2c1f-4732-bc0e-af0e3009c8f0","William Blondell Ludwick Ii","-78.99143465","39.4270445","dentist","orthodontist | cosmetic_dentist","55 Southern Dr","Keyser","26726-2818","WV","US","+13047889254","bludwickdds@gmail.com","","https://www.facebook.com/107543380949808","","0.9836525917053223","","9","meta | Overture","CDLA-Permissive-2.0","2026-04-27T00:00:00.000Z | 2026-06-11T11:57:15Z"
"WV","West Virginia","d0adcbee-6cd6-4c0c-9181-e43b13b13701","Mark S Lambert DDS","-81.69404187","38.36507129","dentist","general_dentistry | doctor","213 D St","South Charleston","25303-3103","WV","US","+13047440771","mslambertdds@hotmail.com","https://www.sharecare.com/doctor/dr-mark-s-lambert/office-locations","https://www.facebook.com/202902993054763","","0.9199122190475464","open","7","meta | Overture | Overture-signals","CDLA-Permissive-2.0","2026-04-27T00:00:00.000Z | 2026-06-11T11:57:15Z | 2026-05-12T00:29:08Z | 2026-05-18T13:23:54Z | 2026-05-25T13:08:59Z | 2026-06-01T13:20:32Z | 2026-06-08T13:20:12Z"
"WV","West Virginia","d0c331f9-c3ba-4a25-9ed1-a55a2cfccb3b","Dr Jim Butler and Dr Andrea Hoke","-82.3989473902276","38.4289559118369","dentist","","324 29th St","Huntington","25702","WV","US","(304) 523-2790","","http://dentists4theherd.com","","","0.9199122190475464","open","4","Foursquare | Overture | Overture-signals","Apache-2.0 | CDLA-Permissive-2.0","2025-08-19T00:00:00.000 | 2026-06-11T11:57:15Z | 2026-05-12T00:29:08Z | 2026-05-18T13:23:54Z | 2026-05-25T13:08:59Z | 2026-06-01T13:20:32Z | 2026-06-08T13:20:12Z"
"WV","West Virginia","d0f22f83-b807-42da-8a9b-25cef185b848","Shady Spring Dental Care - Bluefield, WV","-81.162486076355","37.3340642015417","dentist","","2010 Bland St","Bluefield","24701","WV","US","(304) 325-2155","","https://www.shadyspringdentalcare.com/our-location-Bluefield-wv","","","0.77","","2","Foursquare | Overture","Apache-2.0 | CDLA-Permissive-2.0","2026-03-11T00:00:00.000 | 2026-06-11T11:57:15Z"
"WV","West Virginia","d2ca9f84-53dd-45f9-b7d3-bc4d53553ef7","Dr. W. Shane Holmes","-82.4228929489597","38.3942773284183","dentist","orthodontist","451 Kinetic Dr","Huntington","25701","WV","US","+13047818600","","https://www.drshaneholmes.com","https://www.facebook.com/103808639995297","Dr. Holmes & Dr. Palmer","0.8879883885383606","","8","meta | Overture","CDLA-Permissive-2.0","2026-04-27T00:00:00.000Z | 2026-06-11T11:57:15Z"
"WV","West Virginia","d2e3c182-3c20-4a90-93f6-c99e9b129b57","Dennis King DDS","-81.93132369","38.4631223","dentist","general_dentistry | medical_service_organizations","400 Prestige Park Dr","Hurricane","25526-8420","WV","US","+13047572771","dpkingdds@aol.com","http://Www.teaysvalleycosmeticdentist.com/","https://www.facebook.com/157064591059652","","0.9199122190475464","open","7","meta | Overture | Overture-signals","CDLA-Permissive-2.0","2026-04-27T00:00:00.000Z | 2026-06-11T11:57:15Z | 2026-05-12T00:29:08Z | 2026-05-18T13:23:54Z | 2026-05-25T13:08:59Z | 2026-06-01T13:20:32Z | 2026-06-08T13:20:12Z"
"WV","West Virginia","d4cdec3b-4e62-4f4a-9a05-97f4fac1e126","Bluefield Dental Associates","-81.23188435","37.25281853","dentist","","1607 Maryland Ave","Bluefield","24701-3803","WV","US","+13043248703","","http://www.tlc-dentalcare.com","https://www.facebook.com/110354785739011","","0.8717241883277893","","9","meta | Overture","CDLA-Permissive-2.0","2026-04-27T00:00:00.000Z | 2026-06-11T11:57:15Z"
"WV","West Virginia","d5997929-271a-42f3-abfd-4991b430534d","Stephen Graziani","-81.63130214","38.34463355","dentist","cosmetic_dentist | professional_services","1213 Virginia St E","Charleston","25301-2941","WV","US","+13043431216","lauram@falbomondaydds.com","https://www.falbomondaydds.com/","https://www.facebook.com/293521331316333","Drs. Monday & Graziani,  PLLC","0.54486483335495","","1","meta | Overture","CDLA-Permissive-2.0","2026-04-27T00:00:00.000Z | 2026-06-11T11:57:15Z"
"WV","West Virginia","d5b7ac00-1a74-4e56-8529-9ab04f8a8651","Tots and Teens Dentistry","-80.323583","39.259066","dentist","hospital","1402 Buckhannon Pike","Clarksburg","26301-4400","WV","US","+13045138687","","http://www.totsandteensdental.com","https://www.facebook.com/227459117749924","","0.8833943009376526","","10","meta | Overture","CDLA-Permissive-2.0","2026-04-27T00:00:00.000Z | 2026-06-11T11:57:15Z"
"WV","West Virginia","d627529c-99c6-4edc-8a1c-41644a71202f","Lucky Kevin C DDS","-80.852405","38.275161","dentist","","832 Broad St","Summersville","26651","WV","US","(304) 872-3919","drluckysoffice@yahoo.com","http://drkevinluckydds.net","https://www.facebook.com/942035679216986","","0.77","","5","Foursquare | Overture","Apache-2.0 | CDLA-Permissive-2.0","2025-08-22T00:00:00.000 | 2026-06-11T11:57:15Z"
"WV","West Virginia","d6854d67-f5ce-4223-9949-a0c1744c1972","Palma Michael M DMD","-80.6582368204718","40.0399738272097","dentist","","156 Kruger St","Wheeling","26003","WV","US","(304) 242-2122","project-185850@mailprotected.com","http://www.palmaorthodontics.com","https://www.facebook.com/104040982996022","","0.9199122190475464","open","4","Foursquare | Overture | Overture-signals","Apache-2.0 | CDLA-Permissive-2.0","2025-08-19T00:00:00.000 | 2026-06-11T11:57:15Z | 2026-05-12T00:29:08Z | 2026-05-18T13:23:54Z | 2026-05-25T13:08:59Z | 2026-06-01T13:20:32Z | 2026-06-08T13:20:12Z"
"WV","West Virginia","d6bed79e-8ba4-4d7f-81b7-511ca6830224","Mace Dental","-79.89860653","39.6482277","dentist","general_dentistry | health_and_medical","250 Venture Dr","Morgantown","26508-7301","WV","US","+13042414992","info@macedental.com","http://www.MaceDental.com/","https://www.facebook.com/1483550155196018","","0.9902192950248718","open","8","meta | Overture | Overture-signals","CDLA-Permissive-2.0","2026-04-27T00:00:00.000Z | 2026-06-11T11:57:15Z | 2026-05-12T00:29:08Z | 2026-05-18T13:23:54Z | 2026-05-25T13:08:59Z | 2026-06-01T13:20:32Z | 2026-06-08T13:20:12Z"
"WV","West Virginia","d6c7026a-0ae1-4511-a307-4f22c2444b61","Dr. Don Skaff","-81.58367617","38.32287366","dentist","pediatric_dentist | bar","4502 Maccorkle Ave SE","Charleston","25304-1835","WV","US","+13049269260","","http://www.pediatricdentistcharleston.com","https://www.facebook.com/169427496404772","","0.9199122190475464","open","8","meta | Overture | Overture-signals","CDLA-Permissive-2.0","2026-04-27T00:00:00.000Z | 2026-06-11T11:57:15Z | 2026-05-12T00:29:08Z | 2026-05-18T13:23:54Z | 2026-05-25T13:08:59Z | 2026-06-01T13:20:32Z | 2026-06-08T13:20:12Z"
"WV","West Virginia","d6f808e2-91cb-47a0-ab6a-d28e7f587115","Smith Family Dentistry WV","-81.66062679","38.3703597","dentist","general_dentistry | health_and_medical","1501 7th Ave","Charleston","25387-2305","WV","US","+13042499886","info@smithfamilydentistrywv.com","http://Smithfamilydentistrywv.com/","https://www.facebook.com/763634720326426","Smith Family Dentistry WV: J. Christopher Smith DDS, PLLC","0.9199122190475464","open","8","meta | Overture | Overture-signals","CDLA-Permissive-2.0","2026-04-27T00:00:00.000Z | 2026-06-11T11:57:15Z | 2026-05-12T00:29:08Z | 2026-05-18T13:23:54Z | 2026-05-25T13:08:59Z | 2026-06-01T13:20:32Z | 2026-06-08T13:20:12Z"
"WV","West Virginia","d7cfe726-6f09-49d1-a57f-52fd0312a99d","Almost Heaven Family Dentistry","-80.6082003","40.27893467","dentist","general_dentistry","1512 Commerce St","Wellsburg","26070-1323","WV","US","+13047372533","","https://www.almostheavenfamilydentistry.com/","https://www.facebook.com/102924791398666","","0.9199122190475464","open","8","meta | Overture | Overture-signals","CDLA-Permissive-2.0","2026-04-27T00:00:00.000Z | 2026-06-11T11:57:15Z | 2026-05-12T00:29:08Z | 2026-05-18T13:23:54Z | 2026-05-25T13:08:59Z | 2026-06-01T13:20:32Z | 2026-06-08T13:20:12Z"
"WV","West Virginia","d81dbbac-97df-4b62-833c-1a4b279e5b91","Mountain State Oral and Facial Surgery","-81.1990695648708","37.7894697808443","dentist","","433 Carriage Dr","Beckley","25801","WV","US","(304) 256-3777","","https://mtstateoms.com","https://www.facebook.com/186674738035572","","0.9199122190475464","open","4","Foursquare | Overture | Overture-signals","Apache-2.0 | CDLA-Permissive-2.0","2020-09-02T00:00:00.000 | 2026-06-11T11:57:15Z | 2026-05-12T00:29:08Z | 2026-05-18T13:23:54Z | 2026-05-25T13:08:59Z | 2026-06-01T13:20:32Z | 2026-06-08T13:20:12Z"
"WV","West Virginia","d8a4178b-0c7c-49e1-90fc-2c93fddf4ea8","Nagy & Majestro","-82.01710795","37.97232924","dentist","general_dentistry | medical_service_organizations","526 Main St","Chapmanville","25508-5001","WV","US","+13048553939","","http://www.nagyandmajestro.com/","https://www.facebook.com/185241142385560","Nagy & Majestro","0.9199122190475464","open","8","meta | Overture | Overture-signals","CDLA-Permissive-2.0","2026-04-27T00:00:00.000Z | 2026-06-11T11:57:15Z | 2026-05-12T00:29:08Z | 2026-05-18T13:23:54Z | 2026-05-25T13:08:59Z | 2026-06-01T13:20:32Z | 2026-06-08T13:20:12Z"
"WV","West Virginia","d8b6f223-64c3-4cae-ac9f-486422cbdcdb","Grubler Michael J","-80.68979936","40.07816798","dentist","health_and_medical | doctor","969 National Rd","Wheeling","26003-6440","WV","US","+13042333020","michaelgrubler@yahoo.com","http://www.familydentalcarewv.com/","https://www.facebook.com/654617514550765","Grubler Michael J","0.9655828475952148","","1","meta | Overture","CDLA-Permissive-2.0","2026-04-27T00:00:00.000Z | 2026-06-11T11:57:15Z"
"WV","West Virginia","d8d22a06-b438-4a28-b0f9-e442d7c71156","Dr. Nika Hettlinger","-82.29547898","38.40852567","dentist","general_dentistry","677 Central Ave","Barboursville","25504-1315","WV","US","+13047332300","","","https://www.facebook.com/232749037397205","","0.9199122190475464","open","7","meta | Overture | Overture-signals","CDLA-Permissive-2.0","2026-04-27T00:00:00.000Z | 2026-06-11T11:57:15Z | 2026-05-12T00:29:08Z | 2026-05-18T13:23:54Z | 2026-05-25T13:08:59Z | 2026-06-01T13:20:32Z | 2026-06-08T13:20:12Z"
"WV","West Virginia","d9b42b9b-13e3-463e-8d82-d590204f40bd","Pineview Dental Care","-79.95469411","39.65919545","dentist","general_dentistry | medical_service_organizations","1189 Pineview Dr","Morgantown","26505-0479","WV","US","+13045982030","pineviewdentalcare@gmail.com","http://www.pineviewdentalcare.com/","https://www.facebook.com/228322923844837","","0.9199122190475464","open","9","meta | Overture | Overture-signals","CDLA-Permissive-2.0","2026-04-27T00:00:00.000Z | 2026-06-11T11:57:15Z | 2026-05-12T00:29:08Z | 2026-05-18T13:23:54Z | 2026-05-25T13:08:59Z | 2026-06-01T13:20:32Z | 2026-06-08T13:20:12Z"
"WV","West Virginia","d9eb5f6a-a9aa-4dcb-8607-b3e300dae772","Dr. Riley F. Dobbins III","-77.82857611","39.43519587","dentist","lawyer | family_practice","7512 Martinsburg Pike","Shepherdstown","25443-4401","WV","US","+13048762527","","","https://www.facebook.com/403057769707278","","0.9199122190475464","open","7","meta | Overture | Overture-signals","CDLA-Permissive-2.0","2026-04-27T00:00:00.000Z | 2026-06-11T11:57:15Z | 2026-05-12T00:29:08Z | 2026-05-18T13:23:54Z | 2026-05-25T13:08:59Z | 2026-06-01T13:20:32Z | 2026-06-08T13:20:12Z"
"WV","West Virginia","dacb4db2-2d0f-4e87-9624-0931140e2ef8","Mountain State Oral Surgeons","-81.9316647249197","38.4629322206202","dentist","","100 Prestige Park Drive","Hurricane","25526","WV","US","(304) 757-0272","info@mtstateoms.com","https://mtstateoms.com","https://www.twitter.com/mountainstateos","","0.77","","5","Foursquare | Overture","Apache-2.0 | CDLA-Permissive-2.0","2024-10-22T00:00:00.000 | 2026-06-11T11:57:15Z"
"WV","West Virginia","db3497f4-ff2f-4fc4-a0e3-c7c45abe1949","MMS Endodontics","-79.893088","39.658043","dentist","endodontist | medical_service_organizations","9000 Coombs Farm Dr","Morgantown","26508","WV","US","+13045941670","","www.mmsendo.com","https://www.facebook.com/172153960118931","","0.9199122190475464","open","6","meta | Overture | Overture-signals","CDLA-Permissive-2.0","2026-04-27T00:00:00.000Z | 2026-06-11T11:57:15Z | 2026-05-12T00:29:08Z | 2026-05-18T13:23:54Z | 2026-05-25T13:08:59Z | 2026-06-01T13:20:32Z | 2026-06-08T13:20:12Z"
"WV","West Virginia","dbcf63cf-1cfc-4eb0-856d-b99bf292b78f","Drs. Ortiz and Heal-Ortiz","-80.34176764","39.28008543","dentist","","432 W Main St","Clarksburg","26301-2817","WV","US","+13046229837","drsortizandhealortiz@gmail.com","","https://www.facebook.com/106904091646209","","0.9199122190475464","open","6","meta | Overture | Overture-signals","CDLA-Permissive-2.0","2026-04-27T00:00:00.000Z | 2026-06-11T11:57:15Z | 2026-05-12T00:29:08Z | 2026-05-18T13:23:54Z | 2026-05-25T13:08:59Z | 2026-06-01T13:20:32Z | 2026-06-08T13:20:12Z"
"WV","West Virginia","dbf8be61-b2bf-4105-895a-cec3db57eb0d","Dr Beth Armstead, Dentist","-81.5656728346339","38.396014226088","dentist","","3414 pennsylvania ave","Charleston","25303","WV","US","(304) 343-2151","angela.armstead.dds@gmail.com","http://angelabetharmsteaddds.com","https://www.facebook.com/121935891150870","","0.9199122190475464","open","4","Foursquare | Overture | Overture-signals","Apache-2.0 | CDLA-Permissive-2.0","2026-04-09T00:00:00.000 | 2026-06-11T11:57:15Z | 2026-05-12T00:29:08Z | 2026-05-18T13:23:54Z | 2026-05-25T13:08:59Z | 2026-06-01T13:20:32Z | 2026-06-08T13:20:12Z"
"WV","West Virginia","dc52c837-c4c1-432c-8ad6-bad2515a75d7","Dr. Kirit Pujara","-81.5636464454426","38.2425031505954","dentist","","10009 Maccorkle Ave","Marmet","25315","WV","US","(304) 949-1051","","http://kiritpujaradds.com","","","0.9199122190475464","open","4","Foursquare | Overture | Overture-signals","Apache-2.0 | CDLA-Permissive-2.0","2025-08-22T00:00:00.000 | 2026-06-11T11:57:15Z | 2026-05-12T00:29:08Z | 2026-05-18T13:23:54Z | 2026-05-25T13:08:59Z | 2026-06-01T13:20:32Z | 2026-06-08T13:20:12Z"
"WV","West Virginia","dcace078-a4db-4677-af74-836a3a01b53e","Mark B. Vecchio DDS & Kara J. Tuttle DDS","-80.25291033","39.2829522","dentist","general_dentistry | health_and_medical","200 Orchard Ave","Bridgeport","26330-2034","WV","US","+13048423577","markvecchiodds@gmail.com","https://www.vecchioandtuttle.com/","https://www.facebook.com/217539621596397","","0.9625158905982971","","9","meta | Overture","CDLA-Permissive-2.0","2026-04-27T00:00:00.000Z | 2026-06-11T11:57:15Z"
"WV","West Virginia","dd56c0c3-2717-4a09-a03f-74760dc95575","Branson Family Dentistry & Orthodontics","-81.1147566","37.35468182","dentist","orthodontist","313 Courthouse Rd","Princeton","24740-2421","WV","US","+13044253050","bransonfamilydentistrywv@gmail.com","https://www.bransonfamilydentistrywv.com/","https://www.facebook.com/104854618015360","","0.9199122190475464","open","1","meta | Overture | Overture-signals","CDLA-Permissive-2.0","2026-04-27T00:00:00.000Z | 2026-06-11T11:57:15Z | 2026-05-12T00:29:08Z | 2026-05-18T13:23:54Z | 2026-05-25T13:08:59Z | 2026-06-01T13:20:32Z | 2026-06-08T13:20:12Z"
"WV","West Virginia","dd9f408c-935e-4401-a657-126854c958f9","Basil John A, DDS","-80.6087242981099","40.2814009848304","dentist","","1703 Commerce St","Wellsburg","26070","WV","US","(304) 737-3050","info@basildentalcare.com","http://www.basildentalcare.com","https://www.facebook.com/149318138445485","","0.9199122190475464","open","4","Foursquare | Overture | Overture-signals","Apache-2.0 | CDLA-Permissive-2.0","2025-08-22T00:00:00.000 | 2026-06-11T11:57:15Z | 2026-05-12T00:29:08Z | 2026-05-18T13:23:54Z | 2026-05-25T13:08:59Z | 2026-06-01T13:20:32Z | 2026-06-08T13:20:12Z"
"WV","West Virginia","de1f9222-fb5f-4148-a442-7500ef240730","Byron Hubert DMD PA","-81.584925","37.432054","dentist","","19 Bank St","Welch","24801","WV","US","(304) 436-8093","","http://hubertbyronpa1.placeweb.site","https://www.facebook.com/161846353839286","","0.9199122190475464","open","4","Foursquare | Overture | Overture-signals","Apache-2.0 | CDLA-Permissive-2.0","2025-08-19T00:00:00.000 | 2026-06-11T11:57:15Z | 2026-05-12T00:29:08Z | 2026-05-18T13:23:54Z | 2026-05-25T13:08:59Z | 2026-06-01T13:20:32Z | 2026-06-08T13:20:12Z"
"WV","West Virginia","dee0aa7d-59aa-4f94-812b-4e03563e0e58","Lloyd K. Adkins, DDS.","-80.5330391768705","38.2253735801893","dentist","doctor | medical_service_organizations","7 E Main St","Richwood","26261-1105","WV","US","+13048466341","","","https://www.facebook.com/101019091551754","","0.953934907913208","","8","meta | Overture","CDLA-Permissive-2.0","2026-04-27T00:00:00.000Z | 2026-06-11T11:57:15Z"
"WV","West Virginia","dee0e64b-451c-4978-978b-2043517251c5","Dr. Stephen G. Sinclair","-80.24953853","39.51401106","dentist","health_and_medical | automotive","1021 Main St","Farmington","26571","WV","US","+13048256004","","","https://www.facebook.com/176991255653538","","0.7828009724617004","","10","meta | Overture","CDLA-Permissive-2.0","2026-04-27T00:00:00.000Z | 2026-06-11T11:57:15Z"
"WV","West Virginia","df13b84e-5960-4a27-92b7-a8b2204f5421","Eller & Opimo DDS","-82.34252794","38.411013","dentist","general_dentistry | medical_service_organizations","5187 US Route 60","Huntington","25705-0027","WV","US","+13043023300","jbartlett64@lumous.net","https://www.ellerandopimo.com/","https://www.facebook.com/157790801013979","Eller & Opimo DDS","0.999272971779108","open","9","meta | Overture | Overture-signals","CDLA-Permissive-2.0","2026-04-27T00:00:00.000Z | 2026-06-11T11:57:15Z | 2026-06-08T13:20:12Z"
"WV","West Virginia","dfaeeea5-8dc8-4811-b968-f4413ddf2c3e","Aspen Dental","-82.2941936","38.415724","dentist","","29 Tanyard Station Dr","Barboursville","25504","WV","US","","","https://www.aspendental.com/dentist/wv/barboursville/29-tanyard-station-dr/","","Aspen Dental","0.8","","3","AllThePlaces | Overture","CC0-1.0 | CDLA-Permissive-2.0","2026-06-02T15:18:54.000Z | 2026-06-11T11:57:15Z"
"WV","West Virginia","e04058df-5b1d-4c6f-8c5b-f0b2c43282bc","Jennifer Strimer DDS","-81.18487635","39.41977168","dentist","health_and_medical","1861 N Pleasants Hwy","St Marys","26170-8511","WV","US","+13046847200","jenniferstrimerdds@gmail.com","","https://www.facebook.com/108883958963806","","0.9199122190475464","open","2","meta | Overture | Overture-signals","CDLA-Permissive-2.0","2026-04-27T00:00:00.000Z | 2026-06-11T11:57:15Z | 2026-05-25T13:08:59Z | 2026-06-01T13:20:32Z | 2026-06-08T13:20:12Z"
"WV","West Virginia","e10f6e46-1bdb-48ca-9568-b73dceae054a","Millard Eugene Minor","-80.039709","39.152","dentist","","27 N Main St Ofc 2","Philippi","26416","WV","US","(304) 457-2015","","http://minormillardedds.placeweb.site","https://www.facebook.com/167593279924247","","0.9199122190475464","open","4","Foursquare | Overture | Overture-signals","Apache-2.0 | CDLA-Permissive-2.0","2025-08-22T00:00:00.000 | 2026-06-11T11:57:15Z | 2026-05-12T00:29:08Z | 2026-05-18T13:23:54Z | 2026-05-25T13:08:59Z | 2026-06-01T13:20:32Z | 2026-06-08T13:20:12Z"
"WV","West Virginia","e127f10e-0af5-474e-b04f-c9f40fbde193","Dental Arts","-79.97180369","39.63569669","dentist","general_dentistry","406 Holland Ave","Morgantown","26501-4209","WV","US","+13042963786","","http://www.dentalartswv.com/","https://www.facebook.com/175119053204804","Dental Arts WV","0.960479736328125","","10","meta | Overture","CDLA-Permissive-2.0","2026-04-27T00:00:00.000Z | 2026-06-11T11:57:15Z"
"WV","West Virginia","e1e6d07d-fe16-4cc0-a9ec-ca813d41fc7c","Associated Oral & Maxillofacial Surgeons","-77.9733750179129","39.4743391649039","dentist","","1007 Sushruta Dr","Martinsburg","25401","WV","US","(304) 263-0091","1144wisdom@gmail.com","http://www.omaxdocs.com","https://www.facebook.com/161134080576674","","0.77","","5","Foursquare | Overture","Apache-2.0 | CDLA-Permissive-2.0","2025-08-22T00:00:00.000 | 2026-06-11T11:57:15Z"
"WV","West Virginia","e287f4db-83be-4351-8531-55d0abf39dfd","Gentle Dental Care","-80.68573","40.07126","dentist","doctor | pediatric_dentist","98 Washington Ave","Wheeling","26003-6241","WV","US","+13042439010","gentleden1@gmail.com","http://wheelingdds.com/","https://www.facebook.com/105306290858191","Gentle Dental Care","0.9199122190475464","open","9","meta | Overture | Overture-signals","CDLA-Permissive-2.0","2026-04-27T00:00:00.000Z | 2026-06-11T11:57:15Z | 2026-05-12T00:29:08Z | 2026-05-18T13:23:54Z | 2026-05-25T13:08:59Z | 2026-06-01T13:20:32Z | 2026-06-08T13:20:12Z"
"WV","West Virginia","e2e4788d-cf0a-4681-9e10-bf5987d15e6b","Wilfong Dental","-81.5301984","39.28966427","dentist","endodontist | orthodontist","3903 Emerson Ave","Parkersburg","26104-1114","WV","US","+13044247343","info@drwilfong.com","http://www.drwilfong.com/","https://www.facebook.com/337900512929000","","0.9930281043052673","","2","meta | Overture","CDLA-Permissive-2.0","2026-04-27T00:00:00.000Z | 2026-06-11T11:57:15Z"
"WV","West Virginia","e2e91583-c133-4061-9f64-7ad244f17b37","Bailey Kevin H DDS","-81.1996571","37.78870343","dentist","health_and_medical | medical_service_organizations","411 Carriage Dr","Beckley","25801-2805","WV","US","+13042524897","","","https://www.facebook.com/134627549920996","","0.7646222710609436","open","8","meta | Overture | Overture-signals","CDLA-Permissive-2.0","2026-04-27T00:00:00.000Z | 2026-06-11T11:57:15Z | 2026-06-08T13:20:12Z"
"WV","West Virginia","e2fba4c3-0910-4063-aea7-f4716d0b22b9","Joy Dental Laboratory","-81.73931604","38.35926556","dentist","","304 12th St","Dunbar","25064-3014","WV","US","+13047666080","sales@customsmilesinc.com","http://www.joydentallab.com/","https://www.facebook.com/165435256652582","Joy Dental Laboratory","0.9199122190475464","open","2","meta | Overture | Overture-signals","CDLA-Permissive-2.0","2026-04-27T00:00:00.000Z | 2026-06-11T11:57:15Z | 2026-05-25T13:08:59Z | 2026-06-01T13:20:32Z | 2026-06-08T13:20:12Z"
"WV","West Virginia","e315a152-f940-47e8-be75-2dd12957e898","Dr. Zambitos","-80.6918108556997","40.0661023973994","dentist","","1201 Mount De Chantal Rd","Wheeling","26003","WV","US","(304) 243-1500","","https://www.zambitodentistry.com","","","0.9199122190475464","open","4","Foursquare | Overture | Overture-signals","Apache-2.0 | CDLA-Permissive-2.0","2025-10-16T00:00:00.000 | 2026-06-11T11:57:15Z | 2026-05-12T00:29:08Z | 2026-05-18T13:23:54Z | 2026-05-25T13:08:59Z | 2026-06-01T13:20:32Z | 2026-06-08T13:20:12Z"
"WV","West Virginia","e32aad6c-9678-4eca-9457-31c73b270a76","Azadi Dental","-79.95294346","39.66100231","dentist","general_dentistry | doctor","1266 Pineview Dr","Morgantown","26505-2731","WV","US","+13042840444","drazadiwv@gmail.com","http://www.azadidentalwv.com/","https://www.facebook.com/681905558573094","","0.9199122190475464","open","7","meta | Overture | Overture-signals","CDLA-Permissive-2.0","2026-04-27T00:00:00.000Z | 2026-06-11T11:57:15Z | 2026-05-12T00:29:08Z | 2026-05-18T13:23:54Z | 2026-05-25T13:08:59Z | 2026-06-01T13:20:32Z | 2026-06-08T13:20:12Z"
"WV","West Virginia","e390aed4-685b-47cd-ab96-52054e5315be","Ritchie Co Dental Center","-81.040123993685","39.2146859216764","dentist","","1600 E Main St","Harrisville","26362","WV","US","(304) 643-5050","","http://www.viennadentalassociates.com","","","0.9199122190475464","open","4","Foursquare | Overture | Overture-signals","Apache-2.0 | CDLA-Permissive-2.0","2025-08-19T00:00:00.000 | 2026-06-11T11:57:15Z | 2026-05-12T00:29:08Z | 2026-05-18T13:23:54Z | 2026-05-25T13:08:59Z | 2026-06-01T13:20:32Z | 2026-06-08T13:20:12Z"
"WV","West Virginia","e442d4f4-dbd5-4cd6-9983-8be4d052e9e4","Misaghi Azita DDS","-81.8139429643798","38.4768550462226","dentist","","178 Main St","Poca","25159","WV","US","(304) 755-3931","","http://www.ghareebdentalgroup.com","https://www.facebook.com/156023711103306","","0.9199122190475464","open","4","Foursquare | Overture | Overture-signals","Apache-2.0 | CDLA-Permissive-2.0","2025-08-19T00:00:00.000 | 2026-06-11T11:57:15Z | 2026-05-12T00:29:08Z | 2026-05-18T13:23:54Z | 2026-05-25T13:08:59Z | 2026-06-01T13:20:32Z | 2026-06-08T13:20:12Z"
"WV","West Virginia","e4af448d-31d7-4d9f-9767-a69aa4086b09","Meals Family Dentistry","-77.96795603","39.50347426","dentist","general_dentistry | health_and_medical","143 Crimson Cir","Martinsburg","25403-6609","WV","US","+13042635053","","http://www.mealsdentistry.com/","https://www.facebook.com/333930743285920","","0.9199122190475464","open","7","meta | Overture | Overture-signals","CDLA-Permissive-2.0","2026-04-27T00:00:00.000Z | 2026-06-11T11:57:15Z | 2026-05-12T00:29:08Z | 2026-05-18T13:23:54Z | 2026-05-25T13:08:59Z | 2026-06-01T13:20:32Z | 2026-06-08T13:20:12Z"
"WV","West Virginia","e4e838e8-c107-4d20-82ec-7e9956291744","McGinnis Family Dentistry","-81.25105315","37.71830243","dentist","health_and_medical | cosmetic_dentist","460 Robert C Byrd Dr","Crab Orchard","25827","WV","US","+13046833274","drmcginnisdds@gmail.com","www.vitals.com/dentists/Dr_Matthew_Mcginnis","https://www.facebook.com/1008540522336365","","0.9199122190475464","open","6","meta | Overture | Overture-signals","CDLA-Permissive-2.0","2026-04-27T00:00:00.000Z | 2026-06-11T11:57:15Z | 2026-05-12T00:29:08Z | 2026-05-18T13:23:54Z | 2026-05-25T13:08:59Z | 2026-06-01T13:20:32Z | 2026-06-08T13:20:12Z"
"WV","West Virginia","e5c86cf4-4792-4826-90d4-d53857152b55","Lance L Shears","-81.53591845","39.28448012","dentist","health_and_medical | bar","3015 Dudley Ave","Parkersburg","26104-1817","WV","US","+13044286495","","","https://www.facebook.com/151477531560680","","0.9199122190475464","open","6","meta | Overture | Overture-signals","CDLA-Permissive-2.0","2026-04-27T00:00:00.000Z | 2026-06-11T11:57:15Z | 2026-05-12T00:29:08Z | 2026-05-18T13:23:54Z | 2026-05-25T13:08:59Z | 2026-06-01T13:20:32Z | 2026-06-08T13:20:12Z"
"WV","West Virginia","e5d49eee-0cfc-47ec-bb14-658cb43db223","Dr. Howell DDS","-81.8222340862165","38.0627015076236","dentist","","407 State St","Madison","25130","WV","US","(304) 369-2034","","http://www.haroldhowelldentistry.com","","","0.77","","5","Foursquare | Overture","Apache-2.0 | CDLA-Permissive-2.0","2025-12-09T00:00:00.000 | 2026-06-11T11:57:15Z"
"WV","West Virginia","e6fd7ecb-eba9-43ef-9bdd-7486c34cf599","Fisher Family Dentistry","-78.96261445","39.06936727","dentist","general_dentistry | medical_service_organizations","310 Jackson Ave","Moorefield","26836-1010","WV","US","+13045306290","","https://www.fisherfamilydentistrypc.com","https://www.facebook.com/169404176409203","","0.9199122190475464","open","7","meta | Overture | Overture-signals","CDLA-Permissive-2.0","2026-04-27T00:00:00.000Z | 2026-06-11T11:57:15Z | 2026-05-12T00:29:08Z | 2026-05-18T13:23:54Z | 2026-05-25T13:08:59Z | 2026-06-01T13:20:32Z | 2026-06-08T13:20:12Z"
"WV","West Virginia","e73387f8-9957-4295-bd50-7af1ae2dc8fe","Elm Grove Dental","-80.6594825003233","40.045903538854","dentist","","1994 Lumber Ave","Wheeling","26003","WV","US","(304) 242-8959","drmichaelwilcox@gmail.com","http://www.71cvk7fmttthvhu.ddsmobile.com","https://www.facebook.com/111625138900848","","0.77","","6","Foursquare | Overture","Apache-2.0 | CDLA-Permissive-2.0","2023-06-05T00:00:00.000 | 2026-06-11T11:57:15Z"
"WV","West Virginia","e7cd77cf-63b0-4dc4-9425-cd7ef989f91c","Jason M Roush Inc","-81.55180573","39.24403549","dentist","general_dentistry | doctor","1401 Blizzard Dr","Parkersburg","26101-6422","WV","US","+13044200922","","http://www.jasonmroushddsinc.com/","https://www.facebook.com/519045638138389","","0.9199122190475464","open","7","meta | Overture | Overture-signals","CDLA-Permissive-2.0","2026-04-27T00:00:00.000Z | 2026-06-11T11:57:15Z | 2026-05-12T00:29:08Z | 2026-05-18T13:23:54Z | 2026-05-25T13:08:59Z | 2026-06-01T13:20:32Z | 2026-06-08T13:20:12Z"
"WV","West Virginia","e7df93ec-86e7-4808-bc22-b6ad210bea6c","Dr Lilly...dentist","-80.295782","37.797806","dentist","doctor | cosmetic_dentist","308 Main St E","White Sulphur Springs","24986-2338","WV","US","","","http://www.healthgrades.com/dentist/dr-abraham-lilly-x8l4f","https://www.facebook.com/104389426315349","","0.9284038543701172","","10","meta | Overture","CDLA-Permissive-2.0","2026-04-27T00:00:00.000Z | 2026-06-11T11:57:15Z"
"WV","West Virginia","e7e390fa-c80f-458e-8928-8f47104b7fdf","Allison Jarrett DDS","-81.64709989","38.35718463","dentist","general_dentistry | cosmetic_dentist","100 Kanawha Blvd W","Charleston","25302-2300","WV","US","+13043427272","allisonjarrettdds@gmail.com","https://allisonjarrettdds.com/","https://www.facebook.com/482406875197923","","0.9199122190475464","open","7","meta | Overture | Overture-signals","CDLA-Permissive-2.0","2026-04-27T00:00:00.000Z | 2026-06-11T11:57:15Z | 2026-05-12T00:29:08Z | 2026-05-18T13:23:54Z | 2026-05-25T13:08:59Z | 2026-06-01T13:20:32Z | 2026-06-08T13:20:12Z"
"WV","West Virginia","e7e3bc09-e038-4a57-93a9-490193b9368a","Mark Alan Kirk","-80.2958735217255","37.7976066170348","dentist","","308 E Main St","White Sulphur Springs","24986","WV","US","(304) 536-1721","","https://white-sulphur-springs-wv.getbeauty-gethealth.com/colkirk-llc","","","0.77","","5","Foursquare | Overture","Apache-2.0 | CDLA-Permissive-2.0","2025-08-19T00:00:00.000 | 2026-06-11T11:57:15Z"
"WV","West Virginia","e85c88ea-d8fc-4a20-98ea-db6465dfd54c","Bowen Dental Group","-82.56076912","38.39701619","dentist","general_dentistry | medical_service_organizations","390 C St","Ceredo","25507-1289","WV","US","+13044533329","bowendentalgroup@yahoo.com","http://www.wcbowendds.com","https://www.facebook.com/101958558196808","Bowen W Craig","0.9199122190475464","open","8","meta | Overture | Overture-signals","CDLA-Permissive-2.0","2026-04-27T00:00:00.000Z | 2026-06-11T11:57:15Z | 2026-05-12T00:29:08Z | 2026-05-18T13:23:54Z | 2026-05-25T13:08:59Z | 2026-06-01T13:20:32Z | 2026-06-08T13:20:12Z"
"WV","West Virginia","e8dec96e-dba0-4571-a01c-e10fdb070a3f","Frank W. Angotti, DDS","-80.380097","39.271331","dentist","oral_surgeon","2307 Davisson Run Rd","Clarksburg","26301-7364","WV","US","+13046224949","frank.w.angotti@gmail.com","http://Frankangottidds.com/","https://www.facebook.com/204581297080432","","0.9817196726799011","","10","meta | Overture","CDLA-Permissive-2.0","2026-04-27T00:00:00.000Z | 2026-06-11T11:57:15Z"
"WV","West Virginia","e904e433-3d2a-4b6b-9cd9-7418a02732d6","Drs Monday & Graziani","-82.0187927","38.4349253","dentist","general_dentistry | cosmetic_dentist","2939 Virginia Ave","Hurricane","25526-1254","WV","US","+13048339217","leighr@falbomondaydds.com","https://www.mondaygrazianidds.com/","https://www.facebook.com/132508806807947","","0.9726598858833313","","9","meta | Overture","CDLA-Permissive-2.0","2026-04-27T00:00:00.000Z | 2026-06-11T11:57:15Z"
"WV","West Virginia","e98b5592-6076-47a1-bf1e-58d7e058c784","Ghareeb Dental Group","-81.5922195","38.3274195","dentist","health_and_medical","3814 Maccorkle Ave SE","Charleston","25304","WV","US","3049250322","","https://www.ghareebdentalgroup.com/","","","0.9199122190475464","open","8","Microsoft | Overture | Overture-signals","CDLA-Permissive-2.0","2025-07-23T20:29:49.300Z | 2026-06-11T11:57:15Z | 2026-05-12T00:29:08Z | 2026-05-18T13:23:54Z | 2026-05-25T13:08:59Z | 2026-06-01T13:20:32Z | 2026-06-08T13:20:12Z"
"WV","West Virginia","ea9d7e0b-99d5-4ad4-b5fa-7afcc5f63bff","Clay Battelle Community Health Center","-80.2072204925901","39.7195431994397","dentist","","5861 Mason Dixon Hwy","Blacksville","26521","WV","US","(304) 432-8211","","http://cbhealthwv.org","","","0.77","","5","Foursquare | Overture","Apache-2.0 | CDLA-Permissive-2.0","2025-08-22T00:00:00.000 | 2026-06-11T11:57:15Z"
"WV","West Virginia","eadb69b4-99ab-4504-ad2e-add84a1b7dae","Faces First Appalachian","-81.63679582","38.35917708","dentist","plastic_surgeon | doctor","830 Pennsylvania Ave","Charleston","25302-3302","WV","US","+13043882950","","","https://www.facebook.com/118651078186093","","0.9199122190475464","open","7","meta | Overture | Overture-signals","CDLA-Permissive-2.0","2026-04-27T00:00:00.000Z | 2026-06-11T11:57:15Z | 2026-05-12T00:29:08Z | 2026-05-18T13:23:54Z | 2026-05-25T13:08:59Z | 2026-06-01T13:20:32Z | 2026-06-08T13:20:12Z"
"WV","West Virginia","ebad0c21-3a4f-40fa-810f-21bb6a8c3e6a","Christopher Louis LYNCH","-82.3896109701098","38.4085474284562","dentist","","2790 Saltwell Rd","Huntington","25705","WV","US","(304) 697-7381","","http://christopherlynchdds.com","","","0.9199122190475464","open","4","Foursquare | Overture | Overture-signals","Apache-2.0 | CDLA-Permissive-2.0","2025-08-22T00:00:00.000 | 2026-06-11T11:57:15Z | 2026-05-12T00:29:08Z | 2026-05-18T13:23:54Z | 2026-05-25T13:08:59Z | 2026-06-01T13:20:32Z | 2026-06-08T13:20:12Z"
"WV","West Virginia","ebf331cc-6040-4a6e-82c3-82abb5a83f70","Stumbo Orthodontics","-81.541084364438","39.2815709562742","dentist","","2601 Dudley Ave","Parkersburg","26101","WV","US","(304) 422-7152","","http://www.drstumbo.com","","","0.9199122190475464","open","4","Foursquare | Overture | Overture-signals","Apache-2.0 | CDLA-Permissive-2.0","2025-08-19T00:00:00.000 | 2026-06-11T11:57:15Z | 2026-05-12T00:29:08Z | 2026-05-18T13:23:54Z | 2026-05-25T13:08:59Z | 2026-06-01T13:20:32Z | 2026-06-08T13:20:12Z"
"WV","West Virginia","ec66da23-3590-413b-85da-b64ab9b4b41c","Howell Family Dentistry","-81.8221261","38.06273101","dentist","","407 State St","Madison","25130-1422","WV","US","+13043692034","drhowell@email.com","http://www.haroldhowelldentistry.com/","https://www.facebook.com/103098728664918","","0.9199122190475464","open","9","meta | Overture | Overture-signals","CDLA-Permissive-2.0","2026-04-27T00:00:00.000Z | 2026-06-11T11:57:15Z | 2026-05-12T00:29:08Z | 2026-05-18T13:23:54Z | 2026-05-25T13:08:59Z | 2026-06-01T13:20:32Z | 2026-06-08T13:20:12Z"
"WV","West Virginia","ec6defdc-56e8-4279-bb68-6b6d397b2a0b","John E Starcher DDS","-81.7888417","38.42229139","dentist","doctor | lawyer","5509 Big Tyler Rd","Charleston","25313-1347","WV","US","+13047762500","","","https://www.facebook.com/121182781295071","","0.9199122190475464","open","7","meta | Overture | Overture-signals","CDLA-Permissive-2.0","2026-04-27T00:00:00.000Z | 2026-06-11T11:57:15Z | 2026-05-12T00:29:08Z | 2026-05-18T13:23:54Z | 2026-05-25T13:08:59Z | 2026-06-01T13:20:32Z | 2026-06-08T13:20:12Z"
"WV","West Virginia","ed551e8e-316e-4089-bec4-a103192c017c","Helms Shane K DDS","-80.74591929","39.90868675","dentist","pediatric_dentist | medical_service_organizations","200 Teletech Dr","Moundsville","26041-2336","WV","US","+13048450809","","http://www.healthgrades.com/dentist/dr-shane-helms-ydmj9","https://www.facebook.com/294276594245618","","0.9199122190475464","open","6","meta | Overture | Overture-signals","CDLA-Permissive-2.0","2026-04-27T00:00:00.000Z | 2026-06-11T11:57:15Z | 2026-05-12T00:29:08Z | 2026-05-18T13:23:54Z | 2026-05-25T13:08:59Z | 2026-06-01T13:20:32Z | 2026-06-08T13:20:12Z"
"WV","West Virginia","ed8e0a51-af82-4313-b65c-ccdefa03f590","Upper Tract Dental","-79.287481","38.7563245","dentist","health_and_medical","9030 Petersburg Pike","Upper Tract","26866","WV","US","3043587200","","","","","0.9199122190475464","open","6","Microsoft | Overture | Overture-signals","CDLA-Permissive-2.0","2025-06-03T06:13:24.633Z | 2026-06-11T11:57:15Z | 2026-05-12T00:29:08Z | 2026-05-18T13:23:54Z | 2026-05-25T13:08:59Z | 2026-06-01T13:20:32Z | 2026-06-08T13:20:12Z"
"WV","West Virginia","eea39811-547e-473b-be64-72bab43021db","Earnest L Trent","-82.0396374451741","39.0074996744666","dentist","","21278 Ohio River Rd","Mason","25260","WV","US","(304) 773-5620","","http://www.drtrentdds.com","https://www.facebook.com/143682705671425","","0.77","","5","Foursquare | Overture","Apache-2.0 | CDLA-Permissive-2.0","2025-08-22T00:00:00.000 | 2026-06-11T11:57:15Z"
"WV","West Virginia","ef2895a8-be74-484d-83ac-f85ba831d433","Fletcher & Phillips Dentistry","-80.83639492","38.29467578","dentist","","402 Red Oak St","Summersville","26651-1000","WV","US","+13048725600","smilewv402@gmail.com","","https://www.facebook.com/736875812831689","","0.9199122190475464","open","7","meta | Overture | Overture-signals","CDLA-Permissive-2.0","2026-04-27T00:00:00.000Z | 2026-06-11T11:57:15Z | 2026-05-12T00:29:08Z | 2026-05-18T13:23:54Z | 2026-05-25T13:08:59Z | 2026-06-01T13:20:32Z | 2026-06-08T13:20:12Z"
"WV","West Virginia","ef38c610-a367-43af-a8ec-0e18939a79a8","Dr. Kevin Bailey DDS","-81.1997843025272","37.7888823196041","dentist","","411 Carriage Dr","Beckley","25801","WV","US","(304) 252-4897","","","https://www.facebook.com/134627549920996","","0.77","","5","Foursquare | Overture","Apache-2.0 | CDLA-Permissive-2.0","2025-12-01T00:00:00.000 | 2026-06-11T11:57:15Z"
"WV","West Virginia","f018f7c8-832a-4eae-aab3-35df2d750e45","Dolan & Kalaskey Orthodontics","-82.0220471684367","37.9613638462197","dentist","","","Chapmanville","25508","WV","US","(304) 855-7092","","http://www.aperfectsmile.com","https://www.facebook.com/126877677387847","","0.77","","5","Foursquare | Overture","Apache-2.0 | CDLA-Permissive-2.0","2025-02-26T00:00:00.000 | 2026-06-11T11:57:15Z"
"WV","West Virginia","f0232c87-da93-431f-989b-375f9bc9178f","Greenbrier Valley Pediatric Dentistry","-80.43425629","37.81008561","dentist","pediatric_dentist | health_and_medical","1749 Jefferson St N","Lewisburg","24901-1373","WV","US","+13046450251","info@drbecca.com","http://www.drbecca.com/","https://www.facebook.com/156651894437","","0.9199122190475464","open","6","meta | Overture | Overture-signals","CDLA-Permissive-2.0","2026-04-27T00:00:00.000Z | 2026-06-11T11:57:15Z | 2026-05-12T00:29:08Z | 2026-05-18T13:23:54Z | 2026-05-25T13:08:59Z | 2026-06-01T13:20:32Z | 2026-06-08T13:20:12Z"
"WV","West Virginia","f09459d5-83eb-4706-bae3-79226ca2582a","Bluestone dental","-81.140511","37.40118352","dentist","general_dentistry","3997 Beckley Rd","Princeton","24740-7660","WV","US","+13044254585","","","https://www.facebook.com/499636203726679","","0.9199122190475464","open","8","meta | Overture | Overture-signals","CDLA-Permissive-2.0","2026-04-27T00:00:00.000Z | 2026-06-11T11:57:15Z | 2026-05-12T00:29:08Z | 2026-05-18T13:23:54Z | 2026-05-25T13:08:59Z | 2026-06-01T13:20:32Z | 2026-06-08T13:20:12Z"
"WV","West Virginia","f0ba23fa-d947-40ec-a12b-ca8a6b4210b2","Wilkinson Thomas F DDS","-82.29537743","38.4079343","dentist","general_dentistry | medical_service_organizations","715 Central Ave","Barboursville","25504-1303","WV","US","+13047369441","","https://www.dentalinsurance.com/dir/dr-thomas-wilkinson-dentist...","https://www.facebook.com/167788826599082","DentalInsurance.com","0.9199122190475464","open","8","meta | Overture | Overture-signals","CDLA-Permissive-2.0","2026-04-27T00:00:00.000Z | 2026-06-11T11:57:15Z | 2026-05-12T00:29:08Z | 2026-05-18T13:23:54Z | 2026-05-25T13:08:59Z | 2026-06-01T13:20:32Z | 2026-06-08T13:20:12Z"
"WV","West Virginia","f10e7807-ab4a-4153-96de-c64f564885f2","Donald Edward Patthoff","-77.9868532262535","39.4607621095115","dentist","","300 Foxcroft Ave Ste 302","Martinsburg","25401","WV","US","(304) 263-0411","","http://dentistreg.com","https://www.facebook.com/104967839569163","","0.9199122190475464","open","4","Foursquare | Overture | Overture-signals","Apache-2.0 | CDLA-Permissive-2.0","2025-08-22T00:00:00.000 | 2026-06-11T11:57:15Z | 2026-05-12T00:29:08Z | 2026-05-18T13:23:54Z | 2026-05-25T13:08:59Z | 2026-06-01T13:20:32Z | 2026-06-08T13:20:12Z"
"WV","West Virginia","f223b3ef-4829-4d65-b94f-0ef4005ff8db","Dr Charles Andrew Kennedy, DDS","-81.7138417953358","38.3160165971045","dentist","","1000 Parkway Rd","South Charleston","25309","WV","US","(304) 744-9717","","https://www.kennedydentalwv.com","","","0.9199122190475464","open","4","Foursquare | Overture | Overture-signals","Apache-2.0 | CDLA-Permissive-2.0","2025-08-22T00:00:00.000 | 2026-06-11T11:57:15Z | 2026-05-12T00:29:08Z | 2026-05-18T13:23:54Z | 2026-05-25T13:08:59Z | 2026-06-01T13:20:32Z | 2026-06-08T13:20:12Z"
"WV","West Virginia","f2469539-55b7-48ca-9ae9-e7f42c052444","Barr Perry a DDS","-78.9650856","39.07110647","dentist","general_dentistry","201 Spring Ave","Moorefield","26836-1032","WV","US","+13045302775","","http://drsbarrandthornedds.com","https://www.facebook.com/149328328443565","","0.9750774502754211","","10","meta | Overture","CDLA-Permissive-2.0","2026-04-27T00:00:00.000Z | 2026-06-11T11:57:15Z"
"WV","West Virginia","f24be221-61d7-4283-8391-0080fdad5aaf","Chad Lancaster DDS","-80.77310293","38.67473806","dentist","general_dentistry","715 Elk St","Gassaway","26624-1113","WV","US","+13043648565","braxtondds@gmail.com","https://chadlancasterdds.localsearch.com/","https://www.facebook.com/230951750252436","","0.997345757484436","","10","meta | Overture","CDLA-Permissive-2.0","2026-04-27T00:00:00.000Z | 2026-06-11T11:57:15Z"
"WV","West Virginia","f25dbe6a-12c5-4d81-9932-d12c2fafe28b","Daniel Dental","-82.301003006741","38.4162826241542","dentist","","6353 E Pea Ridge Rd","Huntington","25705","WV","US","(304) 736-4794","","http://www.danieldental.net","","","0.77","","5","Foursquare | Overture","Apache-2.0 | CDLA-Permissive-2.0","2025-08-19T00:00:00.000 | 2026-06-11T11:57:15Z"
"WV","West Virginia","f2749fed-0d35-42c9-bff1-f7793b6ad29c","Dental Associates","-81.63010645","38.34643017","dentist","general_dentistry | health_and_medical","1200 Quarrier St","Charleston","25301-1822","WV","US","+13043439855","","http://skaffandpaternodental.com/","https://www.facebook.com/798498023538786","Dental Associates of CT","0.9199122190475464","open","11","meta | Overture | Overture-signals","CDLA-Permissive-2.0","2026-04-27T00:00:00.000Z | 2026-06-11T11:57:15Z | 2026-05-12T00:29:08Z | 2026-05-18T13:23:54Z | 2026-05-25T13:08:59Z | 2026-06-01T13:20:32Z | 2026-06-08T13:20:12Z"
"WV","West Virginia","f331d39f-6598-45ed-b056-537cf6e4c031","Mason Dental","-81.5911903658545","38.3272732708768","dentist","","3906 Maccorkle Ave SE","Charleston","25304","WV","US","(304) 400-4835","grant@masondental.com","http://www.masondental.com","https://www.facebook.com/188240397870184","","0.9199122190475464","open","4","Foursquare | Overture | Overture-signals","Apache-2.0 | CDLA-Permissive-2.0","2023-01-21T00:00:00.000 | 2026-06-11T11:57:15Z | 2026-05-12T00:29:08Z | 2026-05-18T13:23:54Z | 2026-05-25T13:08:59Z | 2026-06-01T13:20:32Z | 2026-06-08T13:20:12Z"
"WV","West Virginia","f335c6e8-5767-405b-ba76-67f20346b998","Howell and Everett","-79.97162129","39.65723081","dentist","general_dentistry | health_and_medical","503 Burroughs St","Morgantown","26505-3379","WV","US","+13045991234","","http://amyeverettdds.com","https://www.facebook.com/169520676433420","","0.9199122190475464","open","7","meta | Overture | Overture-signals","CDLA-Permissive-2.0","2026-04-27T00:00:00.000Z | 2026-06-11T11:57:15Z | 2026-05-12T00:29:08Z | 2026-05-18T13:23:54Z | 2026-05-25T13:08:59Z | 2026-06-01T13:20:32Z | 2026-06-08T13:20:12Z"
"WV","West Virginia","f357088c-c08f-4702-a5a1-beba4235ef62","Dent Express","-80.127764","39.478953","dentist","general_dentistry","705 Morgantown Ave","Fairmont","26554-4331","WV","US","+13043660088","fairmontdds@gmail.com","","https://www.facebook.com/103618961799667","","0.9207199811935425","","8","meta | Overture","CDLA-Permissive-2.0","2026-04-27T00:00:00.000Z | 2026-06-11T11:57:15Z"
"WV","West Virginia","f36e4e37-0962-4bae-aa1a-62dcc7c0b0eb","Ghareeb Dental Group","-81.70374183","38.34327444","dentist","general_dentistry | family_practice","1203 Jefferson Rd","South Charleston","25309-9732","WV","US","+13047443333","drsteven@ghareeb.com","http://www.ghareebdentalgroup.com","https://www.facebook.com/136135036435865","Ghareeb Dental Group","0.9722161889076233","open","9","meta | Overture | Overture-signals","CDLA-Permissive-2.0","2026-04-27T00:00:00.000Z | 2026-06-11T11:57:15Z | 2026-05-12T00:29:08Z"
"WV","West Virginia","f3eb77a7-e37b-4f62-af47-695ece9669b2","Williams Family Dentistry","-81.06362953","37.36349491","dentist","general_dentistry","102 Vine St","Princeton","24740-3931","WV","US","+13044873115","","","https://www.facebook.com/103579748379710","","0.9199122190475464","open","7","meta | Overture | Overture-signals","CDLA-Permissive-2.0","2026-04-27T00:00:00.000Z | 2026-06-11T11:57:15Z | 2026-05-12T00:29:08Z | 2026-05-18T13:23:54Z | 2026-05-25T13:08:59Z | 2026-06-01T13:20:32Z | 2026-06-08T13:20:12Z"
"WV","West Virginia","f4345e88-b4a7-49e8-9b4c-9225df68eaab","Nagy & Majestro DDS","-81.66026113","38.34328365","dentist","general_dentistry | medical_service_organizations","830 Oakwood Rd","Charleston","25314-2078","WV","US","+13043444003","nagymajestro@aol.com","http://www.nagyandmajestro.com/","https://www.facebook.com/448240902402023","Nagy & Majestro","0.9199122190475464","open","9","meta | Overture | Overture-signals","CDLA-Permissive-2.0","2026-04-27T00:00:00.000Z | 2026-06-11T11:57:15Z | 2026-05-12T00:29:08Z | 2026-05-18T13:23:54Z | 2026-05-25T13:08:59Z | 2026-06-01T13:20:32Z | 2026-06-08T13:20:12Z"
"WV","West Virginia","f47dc2f8-6dfa-426d-942d-c903810240ee","Dr. Mark Delli-Gatti","-81.53746435","39.28343234","dentist","cosmetic_dentist","2905 Dudley Ave","Parkersburg","26101-2107","WV","US","+13044245002","","","https://www.facebook.com/163696473695814","","0.9199122190475464","open","8","meta | Overture | Overture-signals","CDLA-Permissive-2.0","2026-04-27T00:00:00.000Z | 2026-06-11T11:57:15Z | 2026-05-12T00:29:08Z | 2026-05-18T13:23:54Z | 2026-05-25T13:08:59Z | 2026-06-01T13:20:32Z | 2026-06-08T13:20:12Z"
"WV","West Virginia","f4ad8afc-d0b2-4ce4-8ded-f2288197d169","Robert R Stevens DDS","-81.220757","37.25946526","dentist","general_dentistry | doctor","116 North St","Bluefield","24701-4034","WV","US","+13043257186","","","https://www.facebook.com/100991049971674","","0.9427599310874939","","2","meta | Overture","CDLA-Permissive-2.0","2026-04-27T00:00:00.000Z | 2026-06-11T11:57:15Z"
"WV","West Virginia","f4e5c311-1c53-4496-a6ce-3f41ca2a32fd","Perrine John","-80.55675243","38.40960988","dentist","general_dentistry | cosmetic_dentist","7028 Webster Rd","Cowen","26206-8720","WV","US","+13042265114","","","https://www.facebook.com/615253398627654","","0.9199122190475464","open","7","meta | Overture | Overture-signals","CDLA-Permissive-2.0","2026-04-27T00:00:00.000Z | 2026-06-11T11:57:15Z | 2026-05-12T00:29:08Z | 2026-05-18T13:23:54Z | 2026-05-25T13:08:59Z | 2026-06-01T13:20:32Z | 2026-06-08T13:20:12Z"
"WV","West Virginia","f55417eb-e6c3-4ff7-9fe7-84799a433928","New Martinsville Dental","-80.8481458947791","39.6818232404224","dentist","","700 Kevin Dr","New Martinsville","26155","WV","US","(304) 455-2030","info@newmartinsvilledental.com","https://www.newmartinsvilledental.com","https://www.twitter.com/wetzeldentist | https://www.facebook.com/138068880196809 | https://www.instagram.com/newmartinsvilledental","","0.77","","5","Foursquare | Overture","Apache-2.0 | CDLA-Permissive-2.0","2020-09-29T00:00:00.000 | 2026-06-11T11:57:15Z"
"WV","West Virginia","f57cdbb1-ec27-41d7-8f4c-b92bac636438","H E Henry DDS","-80.55165083","40.39796119","dentist","general_dentistry","200 Saint Thomas Dr","Weirton","26062-3844","WV","US","+13047237200","hehddsoffice@comcast.net","https://beyondthesmiledental.com","https://www.facebook.com/304275779594269","","0.9987905784547328","","8","meta | Overture","CDLA-Permissive-2.0","2026-04-27T00:00:00.000Z | 2026-06-11T11:57:15Z"
"WV","West Virginia","f5bd7598-bb13-4c94-9ed0-394f7953cb28","Beaver David E","-81.7406799786243","38.3586607327526","dentist","","1223 Myers Ave","Dunbar","25064","WV","US","(304) 768-1991","","http://www.davidebeaverdds.com","","","0.77","","5","Foursquare | Overture","Apache-2.0 | CDLA-Permissive-2.0","2025-08-22T00:00:00.000 | 2026-06-11T11:57:15Z"
"WV","West Virginia","f5e0fc41-700d-4a10-9a98-67d429c33ffc","Canestraro Victor R DDS","-80.68298757","40.04131736","dentist","general_dentistry | cosmetic_dentist","1052 E Bethlehem Blvd","Wheeling","26003","WV","US","+13042331244","drvicsmiles@aol.com","http://canestrarodental.com","https://www.facebook.com/148243528552026","","0.9899094671010971","","11","meta | Overture","CDLA-Permissive-2.0","2026-04-27T00:00:00.000Z | 2026-06-11T11:57:15Z"
"WV","West Virginia","f63580ac-e9ec-4765-a77f-fb9ca45d7c1e","Godwin James M III DDS","-81.21388837","37.25058444","dentist","general_dentistry","2400 Washington St","Bluefield","24701-4825","WV","US","+13043276082","","","https://www.facebook.com/135507856498425","","0.9199122190475464","open","7","meta | Overture | Overture-signals","CDLA-Permissive-2.0","2026-04-27T00:00:00.000Z | 2026-06-11T11:57:15Z | 2026-05-12T00:29:08Z | 2026-05-18T13:23:54Z | 2026-05-25T13:08:59Z | 2026-06-01T13:20:32Z | 2026-06-08T13:20:12Z"
"WV","West Virginia","f7cb16c7-0309-42d7-9cce-64479daaa0b1","Affordable Dentures & Implants","-81.71185146","38.33389012","dentist","general_dentistry | cosmetic_dentist","75 RHL Blvd","South Charleston","25309-8276","WV","US","+16815050953","fda05315@affordabledentures.com","https://www.affordabledentures.com/locations/wv/south-charleston?utm_source=Facebook&utm_medium=Organic_Listing&utm_campaign=5315","https://www.facebook.com/806522045872773","Affordable Dentures & Implants","0.9199122190475464","open","9","meta | Overture | Overture-signals","CDLA-Permissive-2.0","2026-04-27T00:00:00.000Z | 2026-06-11T11:57:15Z | 2026-05-12T00:29:08Z | 2026-05-18T13:23:54Z | 2026-05-25T13:08:59Z | 2026-06-01T13:20:32Z | 2026-06-08T13:20:12Z"
"WV","West Virginia","f7eaf051-9faa-486f-a926-703b0ed410eb","Carr Gene R DDS","-80.7595903","37.97307709","dentist","general_dentistry | doctor","1102 Main St","Rainelle","25962-1253","WV","US","+13044383787","","","https://www.facebook.com/159732807390676","","0.9199122190475464","open","8","meta | Overture | Overture-signals","CDLA-Permissive-2.0","2026-04-27T00:00:00.000Z | 2026-06-11T11:57:15Z | 2026-05-12T00:29:08Z | 2026-05-18T13:23:54Z | 2026-05-25T13:08:59Z | 2026-06-01T13:20:32Z | 2026-06-08T13:20:12Z"
"WV","West Virginia","f7f6619a-a7be-4aa7-bbad-7f3543c75e32","Mandel and Tatich","-80.74591795","39.90868552","dentist","general_dentistry","200 Teletech Dr","Moundsville","26041-2336","WV","US","+13048454848","","","https://www.facebook.com/214494168574697","","0.9199122190475464","open","7","meta | Overture | Overture-signals","CDLA-Permissive-2.0","2026-04-27T00:00:00.000Z | 2026-06-11T11:57:15Z | 2026-05-12T00:29:08Z | 2026-05-18T13:23:54Z | 2026-05-25T13:08:59Z | 2026-06-01T13:20:32Z | 2026-06-08T13:20:12Z"
"WV","West Virginia","fa33d684-d613-4274-98ce-fa50a0a24125","Smith Family Dentistry","-77.98733574","39.45889841","dentist","doctor","500 Foxcroft Ave","Martinsburg","25401-5318","WV","US","+13043501703","smithfamdentistry@gmail.com","http://www.martinsburgfamilydentist.com/","https://www.facebook.com/1797747657172448","","0.9199122190475464","open","7","meta | Overture | Overture-signals","CDLA-Permissive-2.0","2026-04-27T00:00:00.000Z | 2026-06-11T11:57:15Z | 2026-05-12T00:29:08Z | 2026-05-18T13:23:54Z | 2026-05-25T13:08:59Z | 2026-06-01T13:20:32Z | 2026-06-08T13:20:12Z"
"WV","West Virginia","fa81661a-0b4b-49e7-9456-8d752cbeb8d2","Buckhannon Family Dental","-80.22950822","38.99484547","dentist","general_dentistry | doctor","14 N Spring St","Buckhannon","26201-2720","WV","US","+13044721122","","","https://www.facebook.com/164116690281942","","0.9199122190475464","open","7","meta | Overture | Overture-signals","CDLA-Permissive-2.0","2026-04-27T00:00:00.000Z | 2026-06-11T11:57:15Z | 2026-05-12T00:29:08Z | 2026-05-18T13:23:54Z | 2026-05-25T13:08:59Z | 2026-06-01T13:20:32Z | 2026-06-08T13:20:12Z"
"WV","West Virginia","fafa8388-84de-42f7-aedd-1f3b6b0efd7c","Moore Family Dental","-81.5504652014005","39.2421384195677","dentist","","1414 Blizzard Drive","Parkersburg","26101","WV","US","(304) 699-0359","moore_familydental@yahoo.com","http://mooresmileswv.com","https://www.facebook.com/596444417032434","","0.77","","6","Foursquare | Overture","Apache-2.0 | CDLA-Permissive-2.0","2025-08-22T00:00:00.000 | 2026-06-11T11:57:15Z"
"WV","West Virginia","faffd501-756b-4c98-881e-79932c91b2cc","Williams Larry E OD","-80.2369346985414","38.9906694772508","dentist","optometrist | doctor","10 Amalia Dr","Buckhannon","26201-2270","WV","US","+13044729160","","http://www.drlarrywilliams.com","https://www.facebook.com/123752384348004","","0.8259666562080383","","11","meta | Overture","CDLA-Permissive-2.0","2026-04-27T00:00:00.000Z | 2026-06-11T11:57:15Z"
"WV","West Virginia","fb44e810-9b89-4a85-b77a-228a46c329c4","Kilcollin Dental","-80.5461","37.589321","dentist","","247 Health Center Dr","Union","24983","WV","US","(304) 772-3333","info@kilcollindental.com","http://www.kilcollindental.com","","","0.77","","5","Foursquare | Overture","Apache-2.0 | CDLA-Permissive-2.0","2025-08-19T00:00:00.000 | 2026-06-11T11:57:15Z"
"WV","West Virginia","fb6c7d7f-86d2-426e-9c33-8da239e1afb5","Bowen II Gary DDS","-81.6417337","38.35956377","dentist","general_dentistry","112 Lee St W","Charleston","25302-2342","WV","US","+13043420146","bowendentalassociates@yahoo.com","https://www.bowendentalassociates.com","https://www.facebook.com/125628847484147","Bowen Dental Associates","0.9199122190475464","open","8","meta | Overture | Overture-signals","CDLA-Permissive-2.0","2026-04-27T00:00:00.000Z | 2026-06-11T11:57:15Z | 2026-05-12T00:29:08Z | 2026-05-18T13:23:54Z | 2026-05-25T13:08:59Z | 2026-06-01T13:20:32Z | 2026-06-08T13:20:12Z"
"WV","West Virginia","fd3de206-3149-4f0e-872b-40dec0ea9c09","Robert Lewis Campbell","-81.53549628","38.23130877","dentist","cosmetic_dentist | medical_service_organizations","424 Midland Ave","Belle","25015-1610","WV","US","+13049492672","","https://www.dentalinsurance.com/dir/dr-robert-campbell-jr-dentist...","https://www.facebook.com/131376456925526","DentalInsurance.com","0.9199122190475464","open","7","meta | Overture | Overture-signals","CDLA-Permissive-2.0","2026-04-27T00:00:00.000Z | 2026-06-11T11:57:15Z | 2026-05-12T00:29:08Z | 2026-05-18T13:23:54Z | 2026-05-25T13:08:59Z | 2026-06-01T13:20:32Z | 2026-06-08T13:20:12Z"
"WV","West Virginia","fd954272-d2a5-488d-8549-18f77e616e95","Premier Dental Group","-81.53754599","39.28331703","dentist","general_dentistry","2905 Dudley Ave","Parkersburg","26101-2107","WV","US","+13044245002","appointments@premierdentalwv.com","https://premierdentalwv.com/","https://www.facebook.com/100360781404527","","0.9199122190475464","open","7","meta | Overture | Overture-signals","CDLA-Permissive-2.0","2026-04-27T00:00:00.000Z | 2026-06-11T11:57:15Z | 2026-05-12T00:29:08Z | 2026-05-18T13:23:54Z | 2026-05-25T13:08:59Z | 2026-06-01T13:20:32Z | 2026-06-08T13:20:12Z"
"WV","West Virginia","fdbd7fbf-7c84-4fa1-914d-c81d4f0fa5ed","Deborah McClintock, DDS","-77.977234456149","39.4488370692936","dentist","","911 Maryland Ave","Martinsburg","25401","WV","US","(304) 267-0809","dmcclintockdds@yahoo.com","http://www.martinsburgwvdental.com","https://www.facebook.com/189333131090352","","0.9199122190475464","open","4","Foursquare | Overture | Overture-signals","Apache-2.0 | CDLA-Permissive-2.0","2025-08-22T00:00:00.000 | 2026-06-11T11:57:15Z | 2026-05-12T00:29:08Z | 2026-05-18T13:23:54Z | 2026-05-25T13:08:59Z | 2026-06-01T13:20:32Z | 2026-06-08T13:20:12Z"
"WV","West Virginia","fe88952c-5d2b-4af0-abf1-ea5a22927749","Jeremiah Shelton, D.D.S.","-79.84551677","38.89535353","dentist","cosmetic_dentist | health_and_medical","84 Plantation Way","Elkins","26241","WV","US","+13046379000","","","https://www.facebook.com/789465834505086","","0.8787269592285156","","8","meta | Overture","CDLA-Permissive-2.0","2026-04-27T00:00:00.000Z | 2026-06-11T11:57:15Z"
"WV","West Virginia","fea8d04a-fb05-440b-afbc-002cdd0bd679","Powers Rodney DDS","-81.52346585","39.29447937","dentist","general_dentistry | doctor","3 Rosemar Ctr","Parkersburg","26104-1263","WV","US","+13044282058","","http://www.rodneypowersdds.com","https://www.facebook.com/150028945046847","","0.9199122190475464","open","7","meta | Overture | Overture-signals","CDLA-Permissive-2.0","2026-04-27T00:00:00.000Z | 2026-06-11T11:57:15Z | 2026-05-12T00:29:08Z | 2026-05-18T13:23:54Z | 2026-05-25T13:08:59Z | 2026-06-01T13:20:32Z | 2026-06-08T13:20:12Z"
"WV","West Virginia","feac379b-79dc-40e5-988e-61b656cad8e1","Motto Clear Aligners","-82.2941936","38.41572398","dentist","health_and_medical","29 Tanyard Station Dr","Barboursville","25504","WV","US","3049482006","","https://www.aspendental.com/dentist/wv/barboursville/29-tanyard-station-dr","","","0.85","","7","Microsoft | Overture","CDLA-Permissive-2.0","2024-09-12T21:05:17.783Z | 2026-06-11T11:57:15Z"
"WV","West Virginia","fee62f5a-a9ac-4563-89b6-e6e0955fea1b","Hillman H May","-80.572074","40.61092","dentist","","128 1st St","Chester","26034","WV","US","(304) 387-2432","","http://www.brianmay.com","https://www.facebook.com/104809119585512","","0.77","","5","Foursquare | Overture","Apache-2.0 | CDLA-Permissive-2.0","2025-08-22T00:00:00.000 | 2026-06-11T11:57:15Z"
